  0
SECTION
  2
HEADER
  9
$ACADVER
  1
AC1032
  9
$ACADMAINTVER
 90
4
  9
$DWGCODEPAGE
  3
ANSI_1252
  9
$LASTSAVEDBY
  1
ezdxf
  9
$REQUIREDVERSIONS
160
0
  9
$INSBASE
 10
0.0
 20
0.0
 30
0.0
  9
$EXTMIN
 10
1e+20
 20
1e+20
 30
1e+20
  9
$EXTMAX
 10
-1e+20
 20
-1e+20
 30
-1e+20
  9
$LIMMIN
 10
0.0
 20
0.0
  9
$LIMMAX
 10
420.0
 20
297.0
  9
$ORTHOMODE
 70
0
  9
$REGENMODE
 70
1
  9
$FILLMODE
 70
1
  9
$QTEXTMODE
 70
0
  9
$MIRRTEXT
 70
1
  9
$LTSCALE
 40
1.0
  9
$ATTMODE
 70
1
  9
$TEXTSIZE
 40
2.5
  9
$TRACEWID
 40
1.0
  9
$TEXTSTYLE
  7
Standard
  9
$CLAYER
  8
0
  9
$CELTYPE
  6
ByLayer
  9
$CECOLOR
 62
256
  9
$CELTSCALE
 40
1.0
  9
$DISPSILH
 70
0
  9
$DIMSCALE
 40
1.0
  9
$DIMASZ
 40
2.5
  9
$DIMEXO
 40
0.625
  9
$DIMDLI
 40
3.75
  9
$DIMRND
 40
0.0
  9
$DIMDLE
 40
0.0
  9
$DIMEXE
 40
1.25
  9
$DIMTP
 40
0.0
  9
$DIMTM
 40
0.0
  9
$DIMTXT
 40
2.5
  9
$DIMCEN
 40
2.5
  9
$DIMTSZ
 40
0.0
  9
$DIMTOL
 70
0
  9
$DIMLIM
 70
0
  9
$DIMTIH
 70
0
  9
$DIMTOH
 70
0
  9
$DIMSE1
 70
0
  9
$DIMSE2
 70
0
  9
$DIMTAD
 70
1
  9
$DIMZIN
 70
8
  9
$DIMBLK
  1

  9
$DIMASO
 70
1
  9
$DIMSHO
 70
1
  9
$DIMPOST
  1

  9
$DIMAPOST
  1

  9
$DIMALT
 70
0
  9
$DIMALTD
 70
3
  9
$DIMALTF
 40
0.03937007874
  9
$DIMLFAC
 40
1.0
  9
$DIMTOFL
 70
1
  9
$DIMTVP
 40
0.0
  9
$DIMTIX
 70
0
  9
$DIMSOXD
 70
0
  9
$DIMSAH
 70
0
  9
$DIMBLK1
  1

  9
$DIMBLK2
  1

  9
$DIMSTYLE
  2
ISO-25
  9
$DIMCLRD
 70
0
  9
$DIMCLRE
 70
0
  9
$DIMCLRT
 70
0
  9
$DIMTFAC
 40
1.0
  9
$DIMGAP
 40
0.625
  9
$DIMJUST
 70
0
  9
$DIMSD1
 70
0
  9
$DIMSD2
 70
0
  9
$DIMTOLJ
 70
0
  9
$DIMTZIN
 70
8
  9
$DIMALTZ
 70
0
  9
$DIMALTTZ
 70
0
  9
$DIMUPT
 70
0
  9
$DIMDEC
 70
2
  9
$DIMTDEC
 70
2
  9
$DIMALTU
 70
2
  9
$DIMALTTD
 70
3
  9
$DIMTXSTY
  7
Standard
  9
$DIMAUNIT
 70
0
  9
$DIMADEC
 70
0
  9
$DIMALTRND
 40
0.0
  9
$DIMAZIN
 70
0
  9
$DIMDSEP
 70
44
  9
$DIMATFIT
 70
3
  9
$DIMFRAC
 70
0
  9
$DIMLDRBLK
  1

  9
$DIMLUNIT
 70
2
  9
$DIMLWD
 70
-2
  9
$DIMLWE
 70
-2
  9
$DIMTMOVE
 70
0
  9
$DIMFXL
 40
1.0
  9
$DIMFXLON
 70
0
  9
$DIMJOGANG
 40
0.785398163397
  9
$DIMTFILL
 70
0
  9
$DIMTFILLCLR
 70
0
  9
$DIMARCSYM
 70
0
  9
$DIMLTYPE
  6

  9
$DIMLTEX1
  6

  9
$DIMLTEX2
  6

  9
$DIMTXTDIRECTION
 70
0
  9
$LUNITS
 70
2
  9
$LUPREC
 70
4
  9
$SKETCHINC
 40
1.0
  9
$FILLETRAD
 40
10.0
  9
$AUNITS
 70
0
  9
$AUPREC
 70
2
  9
$MENU
  1
.
  9
$ELEVATION
 40
0.0
  9
$PELEVATION
 40
0.0
  9
$THICKNESS
 40
0.0
  9
$LIMCHECK
 70
0
  9
$CHAMFERA
 40
0.0
  9
$CHAMFERB
 40
0.0
  9
$CHAMFERC
 40
0.0
  9
$CHAMFERD
 40
0.0
  9
$SKPOLY
 70
0
  9
$TDCREATE
 40
2461312.9935300928
  9
$TDUCREATE
 40
2458532.153996898
  9
$TDUPDATE
 40
2461312.993599537
  9
$TDUUPDATE
 40
2458532.1544311
  9
$TDINDWG
 40
0.0
  9
$TDUSRTIMER
 40
0.0
  9
$USRTIMER
 70
1
  9
$ANGBASE
 50
0.0
  9
$ANGDIR
 70
0
  9
$PDMODE
 70
0
  9
$PDSIZE
 40
0.0
  9
$PLINEWID
 40
0.0
  9
$SPLFRAME
 70
0
  9
$SPLINETYPE
 70
6
  9
$SPLINESEGS
 70
8
  9
$HANDSEED
  5
2D4
  9
$SURFTAB1
 70
6
  9
$SURFTAB2
 70
6
  9
$SURFTYPE
 70
6
  9
$SURFU
 70
6
  9
$SURFV
 70
6
  9
$UCSBASE
  2

  9
$UCSNAME
  2

  9
$UCSORG
 10
0.0
 20
0.0
 30
0.0
  9
$UCSXDIR
 10
1.0
 20
0.0
 30
0.0
  9
$UCSYDIR
 10
0.0
 20
1.0
 30
0.0
  9
$UCSORTHOREF
  2

  9
$UCSORTHOVIEW
 70
0
  9
$UCSORGTOP
 10
0.0
 20
0.0
 30
0.0
  9
$UCSORGBOTTOM
 10
0.0
 20
0.0
 30
0.0
  9
$UCSORGLEFT
 10
0.0
 20
0.0
 30
0.0
  9
$UCSORGRIGHT
 10
0.0
 20
0.0
 30
0.0
  9
$UCSORGFRONT
 10
0.0
 20
0.0
 30
0.0
  9
$UCSORGBACK
 10
0.0
 20
0.0
 30
0.0
  9
$PUCSBASE
  2

  9
$PUCSNAME
  2

  9
$PUCSORG
 10
0.0
 20
0.0
 30
0.0
  9
$PUCSXDIR
 10
1.0
 20
0.0
 30
0.0
  9
$PUCSYDIR
 10
0.0
 20
1.0
 30
0.0
  9
$PUCSORTHOREF
  2

  9
$PUCSORTHOVIEW
 70
0
  9
$PUCSORGTOP
 10
0.0
 20
0.0
 30
0.0
  9
$PUCSORGBOTTOM
 10
0.0
 20
0.0
 30
0.0
  9
$PUCSORGLEFT
 10
0.0
 20
0.0
 30
0.0
  9
$PUCSORGRIGHT
 10
0.0
 20
0.0
 30
0.0
  9
$PUCSORGFRONT
 10
0.0
 20
0.0
 30
0.0
  9
$PUCSORGBACK
 10
0.0
 20
0.0
 30
0.0
  9
$USERI1
 70
0
  9
$USERI2
 70
0
  9
$USERI3
 70
0
  9
$USERI4
 70
0
  9
$USERI5
 70
0
  9
$USERR1
 40
0.0
  9
$USERR2
 40
0.0
  9
$USERR3
 40
0.0
  9
$USERR4
 40
0.0
  9
$USERR5
 40
0.0
  9
$WORLDVIEW
 70
1
  9
$SHADEDGE
 70
3
  9
$SHADEDIF
 70
70
  9
$TILEMODE
 70
1
  9
$MAXACTVP
 70
64
  9
$PINSBASE
 10
0.0
 20
0.0
 30
0.0
  9
$PLIMCHECK
 70
0
  9
$PEXTMIN
 10
1e+20
 20
1e+20
 30
1e+20
  9
$PEXTMAX
 10
-1e+20
 20
-1e+20
 30
-1e+20
  9
$PLIMMIN
 10
-0.0
 20
-0.0
  9
$PLIMMAX
 10
594.0
 20
420.0
  9
$UNITMODE
 70
0
  9
$VISRETAIN
 70
1
  9
$PLINEGEN
 70
0
  9
$PSLTSCALE
 70
0
  9
$TREEDEPTH
 70
3020
  9
$CMLSTYLE
  2
Standard
  9
$CMLJUST
 70
0
  9
$CMLSCALE
 40
20.0
  9
$PROXYGRAPHICS
 70
1
  9
$MEASUREMENT
 70
1
  9
$CELWEIGHT
370
-1
  9
$ENDCAPS
280
0
  9
$JOINSTYLE
280
0
  9
$LWDISPLAY
290
1
  9
$INSUNITS
 70
4
  9
$HYPERLINKBASE
  1

  9
$STYLESHEET
  1

  9
$XEDIT
290
1
  9
$CEPSNTYPE
380
0
  9
$PSTYLEMODE
290
1
  9
$FINGERPRINTGUID
  2
{1B432798-7894-434F-B6B9-657F14C23450}
  9
$VERSIONGUID
  2
{ECCA3B6E-991F-4B1A-A64E-97CDA6E04CC2}
  9
$EXTNAMES
290
1
  9
$PSVPSCALE
 40
0.0
  9
$OLESTARTUP
290
0
  9
$SORTENTS
280
127
  9
$INDEXCTL
280
0
  9
$HIDETEXT
280
1
  9
$XCLIPFRAME
280
1
  9
$HALOGAP
280
0
  9
$OBSCOLOR
 70
257
  9
$OBSLTYPE
280
0
  9
$INTERSECTIONDISPLAY
280
0
  9
$INTERSECTIONCOLOR
 70
257
  9
$DIMASSOC
280
2
  9
$PROJECTNAME
  1

  9
$CAMERADISPLAY
290
0
  9
$LENSLENGTH
 40
50.0
  9
$CAMERAHEIGHT
 40
0.0
  9
$STEPSPERSEC
 40
24.0
  9
$STEPSIZE
 40
100.0
  9
$3DDWFPREC
 40
2.0
  9
$PSOLWIDTH
 40
0.005
  9
$PSOLHEIGHT
 40
0.08
  9
$LOFTANG1
 40
1.570796326795
  9
$LOFTANG2
 40
1.570796326795
  9
$LOFTMAG1
 40
0.0
  9
$LOFTMAG2
 40
0.0
  9
$LOFTPARAM
 70
7
  9
$LOFTNORMALS
280
1
  9
$LATITUDE
 40
37.795
  9
$LONGITUDE
 40
-122.394
  9
$NORTHDIRECTION
 40
0.0
  9
$TIMEZONE
 70
-8000
  9
$LIGHTGLYPHDISPLAY
280
1
  9
$TILEMODELIGHTSYNCH
280
1
  9
$CMATERIAL
347
20
  9
$SOLIDHIST
280
0
  9
$SHOWHIST
280
1
  9
$DWFFRAME
280
2
  9
$DGNFRAME
280
2
  9
$REALWORLDSCALE
290
1
  9
$INTERFERECOLOR
 62
256
  9
$CSHADOW
280
0
  9
$SHADOWPLANELOCATION
 40
0.0
  0
ENDSEC
  0
SECTION
  2
CLASSES
  0
CLASS
  1
ACDBDICTIONARYWDFLT
  2
AcDbDictionaryWithDefault
  3
ObjectDBX Classes
 90
0
 91
0
280
0
281
0
  0
CLASS
  1
SUN
  2
AcDbSun
  3
SCENEOE
 90
1153
 91
0
280
0
281
0
  0
CLASS
  1
VISUALSTYLE
  2
AcDbVisualStyle
  3
ObjectDBX Classes
 90
4095
 91
0
280
0
281
0
  0
CLASS
  1
MATERIAL
  2
AcDbMaterial
  3
ObjectDBX Classes
 90
1153
 91
0
280
0
281
0
  0
CLASS
  1
SCALE
  2
AcDbScale
  3
ObjectDBX Classes
 90
1153
 91
0
280
0
281
0
  0
CLASS
  1
TABLESTYLE
  2
AcDbTableStyle
  3
ObjectDBX Classes
 90
4095
 91
0
280
0
281
0
  0
CLASS
  1
MLEADERSTYLE
  2
AcDbMLeaderStyle
  3
ACDB_MLEADERSTYLE_CLASS
 90
4095
 91
0
280
0
281
0
  0
CLASS
  1
DICTIONARYVAR
  2
AcDbDictionaryVar
  3
ObjectDBX Classes
 90
0
 91
0
280
0
281
0
  0
CLASS
  1
CELLSTYLEMAP
  2
AcDbCellStyleMap
  3
ObjectDBX Classes
 90
1152
 91
0
280
0
281
0
  0
CLASS
  1
MENTALRAYRENDERSETTINGS
  2
AcDbMentalRayRenderSettings
  3
SCENEOE
 90
1024
 91
0
280
0
281
0
  0
CLASS
  1
ACDBDETAILVIEWSTYLE
  2
AcDbDetailViewStyle
  3
ObjectDBX Classes
 90
1025
 91
0
280
0
281
0
  0
CLASS
  1
ACDBSECTIONVIEWSTYLE
  2
AcDbSectionViewStyle
  3
ObjectDBX Classes
 90
1025
 91
0
280
0
281
0
  0
CLASS
  1
RASTERVARIABLES
  2
AcDbRasterVariables
  3
ISM
 90
0
 91
0
280
0
281
0
  0
CLASS
  1
ACDBPLACEHOLDER
  2
AcDbPlaceHolder
  3
ObjectDBX Classes
 90
0
 91
0
280
0
281
0
  0
CLASS
  1
LAYOUT
  2
AcDbLayout
  3
ObjectDBX Classes
 90
0
 91
0
280
0
281
0
  0
ENDSEC
  0
SECTION
  2
TABLES
  0
TABLE
  2
VPORT
  5
8
330
0
100
AcDbSymbolTable
 70
1
  0
VPORT
  5
23
330
8
100
AcDbSymbolTableRecord
100
AcDbViewportTableRecord
  2
*Active
 70
0
 10
0.0
 20
0.0
 11
1.0
 21
1.0
 12
0.0
 22
0.0
 13
0.0
 23
0.0
 14
0.5
 24
0.5
 15
0.5
 25
0.5
 16
0.0
 26
0.0
 36
1.0
 17
0.0
 27
0.0
 37
0.0
 40
1000.0
 41
1.34
 42
50.0
 43
0.0
 44
0.0
 50
0.0
 51
0.0
 71
0
 72
1000
 73
1
 74
3
 75
0
 76
0
 77
0
 78
0
281
0
 65
0
146
0.0
  0
ENDTAB
  0
TABLE
  2
LTYPE
  5
2
330
0
100
AcDbSymbolTable
 70
5
  0
LTYPE
  5
24
330
2
100
AcDbSymbolTableRecord
100
AcDbLinetypeTableRecord
  2
ByBlock
 70
0
  3

 72
65
 73
0
 40
0.0
  0
LTYPE
  5
25
330
2
100
AcDbSymbolTableRecord
100
AcDbLinetypeTableRecord
  2
ByLayer
 70
0
  3

 72
65
 73
0
 40
0.0
  0
LTYPE
  5
26
330
2
100
AcDbSymbolTableRecord
100
AcDbLinetypeTableRecord
  2
Continuous
 70
0
  3

 72
65
 73
0
 40
0.0
  0
LTYPE
  5
2F
330
2
100
AcDbSymbolTableRecord
100
AcDbLinetypeTableRecord
  2
ISO02-TRAZOS
 70
0
  3
ISO 128 tipo 02 - trazos (d=0,25) __ __ __
 72
65
 73
2
 40
3.75
 49
3.0
 74
0
 49
-0.75
 74
0
  0
LTYPE
  5
30
330
2
100
AcDbSymbolTableRecord
100
AcDbLinetypeTableRecord
  2
ISO04-TRAZO-PUNTO
 70
0
  3
ISO 128 tipo 04 - trazo largo y punto (d=0,25) ____ . ____
 72
65
 73
4
 40
7.625
 49
6.0
 74
0
 49
-0.75
 74
0
 49
0.125
 74
0
 49
-0.75
 74
0
  0
ENDTAB
  0
TABLE
  2
LAYER
  5
1
330
0
100
AcDbSymbolTable
 70
14
  0
LAYER
  5
27
330
1
100
AcDbSymbolTableRecord
100
AcDbLayerTableRecord
  2
0
 70
0
 62
7
  6
Continuous
370
-3
390
13
347
21
  0
LAYER
  5
28
330
1
100
AcDbSymbolTableRecord
100
AcDbLayerTableRecord
  2
Defpoints
 70
0
 62
7
  6
Continuous
290
0
370
-3
390
13
347
21
  0
LAYER
  5
31
330
1
100
AcDbSymbolTableRecord
100
AcDbLayerTableRecord
  2
01-VISIBLE
 70
0
 62
7
  6
CONTINUOUS
370
50
390
13
347
21
  0
LAYER
  5
32
330
1
100
AcDbSymbolTableRecord
100
AcDbLayerTableRecord
  2
02-OCULTA
 70
0
 62
4
  6
ISO02-TRAZOS
370
25
390
13
347
21
  0
LAYER
  5
33
330
1
100
AcDbSymbolTableRecord
100
AcDbLayerTableRecord
  2
03-EJE
 70
0
 62
1
  6
ISO04-TRAZO-PUNTO
370
25
390
13
347
21
  0
LAYER
  5
34
330
1
100
AcDbSymbolTableRecord
100
AcDbLayerTableRecord
  2
04-COTA
 70
0
 62
3
  6
CONTINUOUS
370
25
390
13
347
21
  0
LAYER
  5
35
330
1
100
AcDbSymbolTableRecord
100
AcDbLayerTableRecord
  2
05-RAYADO
 70
0
 62
8
  6
CONTINUOUS
370
25
390
13
347
21
  0
LAYER
  5
36
330
1
100
AcDbSymbolTableRecord
100
AcDbLayerTableRecord
  2
06-TEXTO
 70
0
 62
7
  6
CONTINUOUS
370
25
390
13
347
21
  0
LAYER
  5
37
330
1
100
AcDbSymbolTableRecord
100
AcDbLayerTableRecord
  2
07-RECUADRO
 70
0
 62
7
  6
CONTINUOUS
370
70
390
13
347
21
  0
LAYER
  5
38
330
1
100
AcDbSymbolTableRecord
100
AcDbLayerTableRecord
  2
08-FINA
 70
0
 62
5
  6
CONTINUOUS
370
25
390
13
347
21
  0
LAYER
  5
39
330
1
100
AcDbSymbolTableRecord
100
AcDbLayerTableRecord
  2
09-PLANO-CORTE
 70
0
 62
1
  6
ISO04-TRAZO-PUNTO
370
50
390
13
347
21
  0
LAYER
  5
3A
330
1
100
AcDbSymbolTableRecord
100
AcDbLayerTableRecord
  2
10-ROTULO
 70
0
 62
7
  6
CONTINUOUS
370
35
390
13
347
21
  0
LAYER
  5
3B
330
1
100
AcDbSymbolTableRecord
100
AcDbLayerTableRecord
  2
11-TEXTO-ROTULO
 70
0
 62
7
  6
CONTINUOUS
370
25
390
13
347
21
  0
LAYER
  5
3C
330
1
100
AcDbSymbolTableRecord
100
AcDbLayerTableRecord
  2
12-SOLDADURA
 70
0
 62
6
  6
CONTINUOUS
370
25
390
13
347
21
  0
ENDTAB
  0
TABLE
  2
STYLE
  5
5
330
0
100
AcDbSymbolTable
 70
2
  0
STYLE
  5
29
330
5
100
AcDbSymbolTableRecord
100
AcDbTextStyleTableRecord
  2
Standard
 70
0
 40
0.0
 41
1.0
 50
0.0
 71
0
 42
2.5
  3
txt
  4

  0
STYLE
  5
3D
330
5
100
AcDbSymbolTableRecord
100
AcDbTextStyleTableRecord
  2
ISO3098
 70
0
 40
0.0
 41
1.0
 50
0.0
 71
0
 42
2.5
  3
isocpeur.ttf
  4

  0
ENDTAB
  0
TABLE
  2
VIEW
  5
7
330
0
100
AcDbSymbolTable
 70
0
  0
ENDTAB
  0
TABLE
  2
UCS
  5
6
330
0
100
AcDbSymbolTable
 70
0
  0
ENDTAB
  0
TABLE
  2
APPID
  5
3
330
0
100
AcDbSymbolTable
 70
3
  0
APPID
  5
2A
330
3
100
AcDbSymbolTableRecord
100
AcDbRegAppTableRecord
  2
ACAD
 70
0
  0
APPID
  5
2D1
330
3
100
AcDbSymbolTableRecord
100
AcDbRegAppTableRecord
  2
HATCHBACKGROUNDCOLOR
 70
0
  0
APPID
  5
2D2
330
3
100
AcDbSymbolTableRecord
100
AcDbRegAppTableRecord
  2
EZDXF
 70
0
  0
ENDTAB
  0
TABLE
  2
DIMSTYLE
  5
4
330
0
100
AcDbSymbolTable
 70
2
100
AcDbDimStyleTable
  0
DIMSTYLE
105
2B
330
4
100
AcDbSymbolTableRecord
100
AcDbDimStyleTableRecord
  2
Standard
 70
0
 40
1.0
 41
2.5
 42
0.625
 43
3.75
 44
1.25
 45
0.0
 46
0.0
 47
0.0
 48
0.0
 49
2.5
140
2.5
141
2.5
142
0.0
143
0.03937007874
144
1.0
145
0.0
146
1.0
147
0.625
148
0.0
 69
0
 70
0
 71
0
 72
0
 73
0
 74
0
 75
0
 76
0
 77
1
 78
8
 79
3
170
0
171
3
172
1
173
0
174
0
175
0
176
0
177
0
178
0
179
2
271
2
272
2
273
2
274
3
275
0
276
0
277
2
278
44
279
0
280
0
281
0
282
0
283
0
284
8
285
0
286
0
288
0
289
3
290
0
371
-2
372
-2
  0
DIMSTYLE
105
3E
330
4
100
AcDbSymbolTableRecord
100
AcDbDimStyleTableRecord
  2
FLAMA-ISO
 70
0
 40
1.0
 41
3.0
 42
1.0
 43
3.75
 44
2.0
 45
0.0
 46
0.0
 47
0.0
 48
0.0
 49
2.5
140
3.5
141
2.5
142
0.0
143
0.03937007874
144
1.0
145
0.0
146
1.0
147
1.0
148
0.0
 69
0
 70
0
 71
0
 72
0
 73
0
 74
0
 75
0
 76
0
 77
1
 78
8
 79
3
170
0
171
3
172
1
173
0
174
0
175
0
176
3
177
3
178
3
179
2
271
1
272
2
273
2
274
3
275
0
276
0
277
2
278
44
279
0
280
0
281
0
282
0
283
0
284
8
285
0
286
0
288
0
289
3
290
0
340
3D
371
25
372
25
  0
ENDTAB
  0
TABLE
  2
BLOCK_RECORD
  5
9
330
0
100
AcDbSymbolTable
 70
8
  0
BLOCK_RECORD
  5
17
330
9
100
AcDbSymbolTableRecord
100
AcDbBlockTableRecord
  2
*Model_Space
340
1A
 70
0
280
1
281
0
  0
BLOCK_RECORD
  5
125
330
9
100
AcDbSymbolTableRecord
100
AcDbBlockTableRecord
  2
*D1
340
0
 70
0
280
1
281
0
  0
BLOCK_RECORD
  5
12A
330
9
100
AcDbSymbolTableRecord
100
AcDbBlockTableRecord
  2
_CLOSEDFILLED
340
0
 70
0
280
1
281
0
  0
BLOCK_RECORD
  5
138
330
9
100
AcDbSymbolTableRecord
100
AcDbBlockTableRecord
  2
*D2
340
0
 70
0
280
1
281
0
  0
BLOCK_RECORD
  5
147
330
9
100
AcDbSymbolTableRecord
100
AcDbBlockTableRecord
  2
*D3
340
0
 70
0
280
1
281
0
  0
BLOCK_RECORD
  5
156
330
9
100
AcDbSymbolTableRecord
100
AcDbBlockTableRecord
  2
*D4
340
0
 70
0
280
1
281
0
  0
BLOCK_RECORD
  5
165
330
9
100
AcDbSymbolTableRecord
100
AcDbBlockTableRecord
  2
*D5
340
0
 70
0
280
1
281
0
  0
BLOCK_RECORD
  5
2CB
330
9
100
AcDbSymbolTableRecord
100
AcDbBlockTableRecord
  2
*Paper_Space
340
2CE
 70
0
280
1
281
0
  0
ENDTAB
  0
ENDSEC
  0
SECTION
  2
BLOCKS
  0
BLOCK
  5
18
330
17
100
AcDbEntity
  8
0
100
AcDbBlockBegin
  2
*Model_Space
 70
0
 10
0.0
 20
0.0
 30
0.0
  3
*Model_Space
  1

  0
ENDBLK
  5
19
330
17
100
AcDbEntity
  8
0
100
AcDbBlockEnd
  0
BLOCK
  5
126
330
125
100
AcDbEntity
  8
0
100
AcDbBlockBegin
  2
*D1
 70
1
 10
0.0
 20
0.0
 30
0.0
  3
*D1
  1

  0
LINE
  5
128
330
125
100
AcDbEntity
  8
0
 62
3
370
25
100
AcDbLine
 10
50.3
 20
65.375
 30
0.0
 11
50.3
 21
55.375
 31
0.0
  0
LINE
  5
129
330
125
100
AcDbEntity
  8
0
 62
3
370
25
100
AcDbLine
 10
141.05
 20
65.375
 30
0.0
 11
141.05
 21
55.375
 31
0.0
  0
INSERT
  5
12E
330
125
100
AcDbEntity
  8
04-COTA
 62
3
100
AcDbBlockReference
  2
_CLOSEDFILLED
 10
50.3
 20
57.375
 30
0.0
 41
3.0
 42
3.0
 50
180.0
  0
INSERT
  5
130
330
125
100
AcDbEntity
  8
04-COTA
 62
3
100
AcDbBlockReference
  2
_CLOSEDFILLED
 10
141.05
 20
57.375
 30
0.0
 41
3.0
 42
3.0
  0
LINE
  5
132
330
125
100
AcDbEntity
  8
0
 62
3
370
25
100
AcDbLine
 10
53.3
 20
57.375
 30
0.0
 11
138.05
 21
57.375
 31
0.0
  0
MTEXT
  5
133
330
125
100
AcDbEntity
  8
04-COTA
 62
3
100
AcDbMText
 10
95.67500000000001
 20
60.125
 30
0.0
 40
3.5
 71
5
  1
%%c181,5
  7
ISO3098
  0
POINT
  5
134
330
125
100
AcDbEntity
  8
Defpoints
100
AcDbPoint
 10
50.3
 20
57.375
 30
0.0
  0
POINT
  5
135
330
125
100
AcDbEntity
  8
Defpoints
100
AcDbPoint
 10
50.3
 20
66.375
 30
0.0
  0
POINT
  5
136
330
125
100
AcDbEntity
  8
Defpoints
100
AcDbPoint
 10
141.05
 20
66.375
 30
0.0
  0
ENDBLK
  5
127
330
125
100
AcDbEntity
  8
0
100
AcDbBlockEnd
  0
BLOCK
  5
12B
330
12A
100
AcDbEntity
  8
0
100
AcDbBlockBegin
  2
_CLOSEDFILLED
 70
0
 10
0.0
 20
0.0
 30
0.0
  3
_CLOSEDFILLED
  1

  0
SOLID
  5
12D
330
12A
100
AcDbEntity
  8
0
  6
BYBLOCK
 62
0
100
AcDbTrace
 10
-1.0
 20
0.16439898372402537
 30
0.0
 11
0.0
 21
0.0
 31
0.0
 12
-1.0
 22
-0.16439898372402537
 32
0.0
 13
-1.0
 23
-0.16439898372402537
 33
0.0
  0
ENDBLK
  5
12C
330
12A
100
AcDbEntity
  8
0
100
AcDbBlockEnd
  0
BLOCK
  5
139
330
138
100
AcDbEntity
  8
0
100
AcDbBlockBegin
  2
*D2
 70
1
 10
0.0
 20
0.0
 30
0.0
  3
*D2
  1

  0
LINE
  5
13B
330
138
100
AcDbEntity
  8
0
 62
3
370
25
100
AcDbLine
 10
142.05
 20
66.375
 30
0.0
 11
165.05
 21
66.375
 31
0.0
  0
LINE
  5
13C
330
138
100
AcDbEntity
  8
0
 62
3
370
25
100
AcDbLine
 10
105.875
 20
347.625
 30
0.0
 11
165.05
 21
347.625
 31
0.0
  0
INSERT
  5
13D
330
138
100
AcDbEntity
  8
04-COTA
 62
3
100
AcDbBlockReference
  2
_CLOSEDFILLED
 10
163.05
 20
66.375
 30
0.0
 41
3.0
 42
3.0
 50
270.0
  0
INSERT
  5
13F
330
138
100
AcDbEntity
  8
04-COTA
 62
3
100
AcDbBlockReference
  2
_CLOSEDFILLED
 10
163.05
 20
347.625
 30
0.0
 41
3.0
 42
3.0
 50
90.0
  0
LINE
  5
141
330
138
100
AcDbEntity
  8
0
 62
3
370
25
100
AcDbLine
 10
163.05
 20
69.375
 30
0.0
 11
163.05
 21
344.625
 31
0.0
  0
MTEXT
  5
142
330
138
100
AcDbEntity
  8
04-COTA
 62
3
100
AcDbMText
 10
160.3
 20
207.0
 30
0.0
 40
3.5
 71
5
  1
562,5
  7
ISO3098
 50
90.0
  0
POINT
  5
143
330
138
100
AcDbEntity
  8
Defpoints
100
AcDbPoint
 10
163.05
 20
66.375
 30
0.0
  0
POINT
  5
144
330
138
100
AcDbEntity
  8
Defpoints
100
AcDbPoint
 10
141.05
 20
66.375
 30
0.0
  0
POINT
  5
145
330
138
100
AcDbEntity
  8
Defpoints
100
AcDbPoint
 10
104.875
 20
347.625
 30
0.0
  0
ENDBLK
  5
13A
330
138
100
AcDbEntity
  8
0
100
AcDbBlockEnd
  0
BLOCK
  5
148
330
147
100
AcDbEntity
  8
0
100
AcDbBlockBegin
  2
*D3
 70
1
 10
0.0
 20
0.0
 30
0.0
  3
*D3
  1

  0
LINE
  5
14A
330
147
100
AcDbEntity
  8
0
 62
3
370
25
100
AcDbLine
 10
142.05
 20
309.96154022288897
 30
0.0
 11
154.05
 21
309.96154022288897
 31
0.0
  0
LINE
  5
14B
330
147
100
AcDbEntity
  8
0
 62
3
370
25
100
AcDbLine
 10
105.875
 20
347.625
 30
0.0
 11
154.05
 21
347.625
 31
0.0
  0
INSERT
  5
14C
330
147
100
AcDbEntity
  8
04-COTA
 62
3
100
AcDbBlockReference
  2
_CLOSEDFILLED
 10
152.05
 20
309.96154022288897
 30
0.0
 41
3.0
 42
3.0
 50
270.0
  0
INSERT
  5
14E
330
147
100
AcDbEntity
  8
04-COTA
 62
3
100
AcDbBlockReference
  2
_CLOSEDFILLED
 10
152.05
 20
347.625
 30
0.0
 41
3.0
 42
3.0
 50
90.0
  0
LINE
  5
150
330
147
100
AcDbEntity
  8
0
 62
3
370
25
100
AcDbLine
 10
152.05
 20
312.96154022288897
 30
0.0
 11
152.05
 21
344.625
 31
0.0
  0
MTEXT
  5
151
330
147
100
AcDbEntity
  8
04-COTA
 62
3
100
AcDbMText
 10
149.3
 20
328.7932701114445
 30
0.0
 40
3.5
 71
5
  1
75,3
  7
ISO3098
 50
90.0
  0
POINT
  5
152
330
147
100
AcDbEntity
  8
Defpoints
100
AcDbPoint
 10
152.05
 20
309.96154022288897
 30
0.0
  0
POINT
  5
153
330
147
100
AcDbEntity
  8
Defpoints
100
AcDbPoint
 10
141.05
 20
309.96154022288897
 30
0.0
  0
POINT
  5
154
330
147
100
AcDbEntity
  8
Defpoints
100
AcDbPoint
 10
104.875
 20
347.625
 30
0.0
  0
ENDBLK
  5
149
330
147
100
AcDbEntity
  8
0
100
AcDbBlockEnd
  0
BLOCK
  5
157
330
156
100
AcDbEntity
  8
0
100
AcDbBlockBegin
  2
*D4
 70
1
 10
0.0
 20
0.0
 30
0.0
  3
*D4
  1

  0
LINE
  5
159
330
156
100
AcDbEntity
  8
0
 62
3
370
25
100
AcDbLine
 10
49.3
 20
66.375
 30
0.0
 11
39.3
 21
66.375
 31
0.0
  0
LINE
  5
15A
330
156
100
AcDbEntity
  8
0
 62
3
370
25
100
AcDbLine
 10
50.3
 20
75.625
 30
0.0
 11
39.3
 21
75.625
 31
0.0
  0
INSERT
  5
15B
330
156
100
AcDbEntity
  8
04-COTA
 62
3
100
AcDbBlockReference
  2
_CLOSEDFILLED
 10
41.3
 20
66.375
 30
0.0
 41
3.0
 42
3.0
 50
270.0
  0
INSERT
  5
15D
330
156
100
AcDbEntity
  8
04-COTA
 62
3
100
AcDbBlockReference
  2
_CLOSEDFILLED
 10
41.3
 20
75.625
 30
0.0
 41
3.0
 42
3.0
 50
90.0
  0
LINE
  5
15F
330
156
100
AcDbEntity
  8
0
 62
3
370
25
100
AcDbLine
 10
41.3
 20
69.375
 30
0.0
 11
41.3
 21
72.625
 31
0.0
  0
MTEXT
  5
160
330
156
100
AcDbEntity
  8
04-COTA
 62
3
100
AcDbMText
 10
36.55
 20
71.0
 30
0.0
 40
3.5
 71
5
  1
18,5
  7
ISO3098
 50
90.0
  0
POINT
  5
161
330
156
100
AcDbEntity
  8
Defpoints
100
AcDbPoint
 10
41.3
 20
66.375
 30
0.0
  0
POINT
  5
162
330
156
100
AcDbEntity
  8
Defpoints
100
AcDbPoint
 10
50.3
 20
66.375
 30
0.0
  0
POINT
  5
163
330
156
100
AcDbEntity
  8
Defpoints
100
AcDbPoint
 10
51.3
 20
75.625
 30
0.0
  0
ENDBLK
  5
158
330
156
100
AcDbEntity
  8
0
100
AcDbBlockEnd
  0
BLOCK
  5
166
330
165
100
AcDbEntity
  8
0
100
AcDbBlockBegin
  2
*D5
 70
1
 10
0.0
 20
0.0
 30
0.0
  3
*D5
  1

  0
LINE
  5
168
330
165
100
AcDbEntity
  8
0
 62
3
370
25
100
AcDbLine
 10
86.475
 20
348.625
 30
0.0
 11
86.475
 21
354.625
 31
0.0
  0
LINE
  5
169
330
165
100
AcDbEntity
  8
0
 62
3
370
25
100
AcDbLine
 10
104.875
 20
348.625
 30
0.0
 11
104.875
 21
354.625
 31
0.0
  0
INSERT
  5
16A
330
165
100
AcDbEntity
  8
04-COTA
 62
3
100
AcDbBlockReference
  2
_CLOSEDFILLED
 10
86.475
 20
352.625
 30
0.0
 41
3.0
 42
3.0
 50
180.0
  0
INSERT
  5
16C
330
165
100
AcDbEntity
  8
04-COTA
 62
3
100
AcDbBlockReference
  2
_CLOSEDFILLED
 10
104.875
 20
352.625
 30
0.0
 41
3.0
 42
3.0
  0
LINE
  5
16E
330
165
100
AcDbEntity
  8
0
 62
3
370
25
100
AcDbLine
 10
89.475
 20
352.625
 30
0.0
 11
101.875
 21
352.625
 31
0.0
  0
MTEXT
  5
16F
330
165
100
AcDbEntity
  8
04-COTA
 62
3
100
AcDbMText
 10
95.675
 20
357.375
 30
0.0
 40
3.5
 71
5
  1
%%c36,8
  7
ISO3098
  0
POINT
  5
170
330
165
100
AcDbEntity
  8
Defpoints
100
AcDbPoint
 10
86.475
 20
352.625
 30
0.0
  0
POINT
  5
171
330
165
100
AcDbEntity
  8
Defpoints
100
AcDbPoint
 10
86.475
 20
347.625
 30
0.0
  0
POINT
  5
172
330
165
100
AcDbEntity
  8
Defpoints
100
AcDbPoint
 10
104.875
 20
347.625
 30
0.0
  0
ENDBLK
  5
167
330
165
100
AcDbEntity
  8
0
100
AcDbBlockEnd
  0
BLOCK
  5
2CC
330
2CB
100
AcDbEntity
  8
0
100
AcDbBlockBegin
  2
*Paper_Space
 70
0
 10
0.0
 20
0.0
 30
0.0
  3
*Paper_Space
  1

  0
ENDBLK
  5
2CD
330
2CB
100
AcDbEntity
  8
0
100
AcDbBlockEnd
  0
ENDSEC
  0
SECTION
  2
ENTITIES
  0
LWPOLYLINE
  5
3F
330
17
100
AcDbEntity
  8
08-FINA
100
AcDbPolyline
 90
4
 70
1
 10
0.0
 20
0.0
 10
594.0
 20
0.0
 10
594.0
 20
420.0
 10
0.0
 20
420.0
  0
LWPOLYLINE
  5
40
330
17
100
AcDbEntity
  8
07-RECUADRO
100
AcDbPolyline
 90
4
 70
1
 10
20.0
 20
10.0
 10
584.0
 20
10.0
 10
584.0
 20
410.0
 10
20.0
 20
410.0
  0
LINE
  5
41
330
17
100
AcDbEntity
  8
07-RECUADRO
100
AcDbLine
 10
297.0
 20
0.0
 30
0.0
 11
297.0
 21
15.0
 31
0.0
  0
LINE
  5
42
330
17
100
AcDbEntity
  8
07-RECUADRO
100
AcDbLine
 10
297.0
 20
420.0
 30
0.0
 11
297.0
 21
405.0
 31
0.0
  0
LINE
  5
43
330
17
100
AcDbEntity
  8
07-RECUADRO
100
AcDbLine
 10
0.0
 20
210.0
 30
0.0
 11
25.0
 21
210.0
 31
0.0
  0
LINE
  5
44
330
17
100
AcDbEntity
  8
07-RECUADRO
100
AcDbLine
 10
594.0
 20
210.0
 30
0.0
 11
579.0
 21
210.0
 31
0.0
  0
LINE
  5
45
330
17
100
AcDbEntity
  8
08-FINA
100
AcDbLine
 10
47.0
 20
10.0
 30
0.0
 11
47.0
 21
5.0
 31
0.0
  0
LINE
  5
46
330
17
100
AcDbEntity
  8
08-FINA
100
AcDbLine
 10
47.0
 20
410.0
 30
0.0
 11
47.0
 21
415.0
 31
0.0
  0
LINE
  5
47
330
17
100
AcDbEntity
  8
08-FINA
100
AcDbLine
 10
97.0
 20
10.0
 30
0.0
 11
97.0
 21
5.0
 31
0.0
  0
LINE
  5
48
330
17
100
AcDbEntity
  8
08-FINA
100
AcDbLine
 10
97.0
 20
410.0
 30
0.0
 11
97.0
 21
415.0
 31
0.0
  0
LINE
  5
49
330
17
100
AcDbEntity
  8
08-FINA
100
AcDbLine
 10
147.0
 20
10.0
 30
0.0
 11
147.0
 21
5.0
 31
0.0
  0
LINE
  5
4A
330
17
100
AcDbEntity
  8
08-FINA
100
AcDbLine
 10
147.0
 20
410.0
 30
0.0
 11
147.0
 21
415.0
 31
0.0
  0
LINE
  5
4B
330
17
100
AcDbEntity
  8
08-FINA
100
AcDbLine
 10
197.0
 20
10.0
 30
0.0
 11
197.0
 21
5.0
 31
0.0
  0
LINE
  5
4C
330
17
100
AcDbEntity
  8
08-FINA
100
AcDbLine
 10
197.0
 20
410.0
 30
0.0
 11
197.0
 21
415.0
 31
0.0
  0
LINE
  5
4D
330
17
100
AcDbEntity
  8
08-FINA
100
AcDbLine
 10
247.0
 20
10.0
 30
0.0
 11
247.0
 21
5.0
 31
0.0
  0
LINE
  5
4E
330
17
100
AcDbEntity
  8
08-FINA
100
AcDbLine
 10
247.0
 20
410.0
 30
0.0
 11
247.0
 21
415.0
 31
0.0
  0
LINE
  5
4F
330
17
100
AcDbEntity
  8
08-FINA
100
AcDbLine
 10
347.0
 20
10.0
 30
0.0
 11
347.0
 21
5.0
 31
0.0
  0
LINE
  5
50
330
17
100
AcDbEntity
  8
08-FINA
100
AcDbLine
 10
347.0
 20
410.0
 30
0.0
 11
347.0
 21
415.0
 31
0.0
  0
LINE
  5
51
330
17
100
AcDbEntity
  8
08-FINA
100
AcDbLine
 10
397.0
 20
10.0
 30
0.0
 11
397.0
 21
5.0
 31
0.0
  0
LINE
  5
52
330
17
100
AcDbEntity
  8
08-FINA
100
AcDbLine
 10
397.0
 20
410.0
 30
0.0
 11
397.0
 21
415.0
 31
0.0
  0
LINE
  5
53
330
17
100
AcDbEntity
  8
08-FINA
100
AcDbLine
 10
447.0
 20
10.0
 30
0.0
 11
447.0
 21
5.0
 31
0.0
  0
LINE
  5
54
330
17
100
AcDbEntity
  8
08-FINA
100
AcDbLine
 10
447.0
 20
410.0
 30
0.0
 11
447.0
 21
415.0
 31
0.0
  0
LINE
  5
55
330
17
100
AcDbEntity
  8
08-FINA
100
AcDbLine
 10
497.0
 20
10.0
 30
0.0
 11
497.0
 21
5.0
 31
0.0
  0
LINE
  5
56
330
17
100
AcDbEntity
  8
08-FINA
100
AcDbLine
 10
497.0
 20
410.0
 30
0.0
 11
497.0
 21
415.0
 31
0.0
  0
LINE
  5
57
330
17
100
AcDbEntity
  8
08-FINA
100
AcDbLine
 10
547.0
 20
10.0
 30
0.0
 11
547.0
 21
5.0
 31
0.0
  0
LINE
  5
58
330
17
100
AcDbEntity
  8
08-FINA
100
AcDbLine
 10
547.0
 20
410.0
 30
0.0
 11
547.0
 21
415.0
 31
0.0
  0
LINE
  5
59
330
17
100
AcDbEntity
  8
08-FINA
100
AcDbLine
 10
20.0
 20
60.0
 30
0.0
 11
15.0
 21
60.0
 31
0.0
  0
LINE
  5
5A
330
17
100
AcDbEntity
  8
08-FINA
100
AcDbLine
 10
584.0
 20
60.0
 30
0.0
 11
589.0
 21
60.0
 31
0.0
  0
LINE
  5
5B
330
17
100
AcDbEntity
  8
08-FINA
100
AcDbLine
 10
20.0
 20
110.0
 30
0.0
 11
15.0
 21
110.0
 31
0.0
  0
LINE
  5
5C
330
17
100
AcDbEntity
  8
08-FINA
100
AcDbLine
 10
584.0
 20
110.0
 30
0.0
 11
589.0
 21
110.0
 31
0.0
  0
LINE
  5
5D
330
17
100
AcDbEntity
  8
08-FINA
100
AcDbLine
 10
20.0
 20
160.0
 30
0.0
 11
15.0
 21
160.0
 31
0.0
  0
LINE
  5
5E
330
17
100
AcDbEntity
  8
08-FINA
100
AcDbLine
 10
584.0
 20
160.0
 30
0.0
 11
589.0
 21
160.0
 31
0.0
  0
LINE
  5
5F
330
17
100
AcDbEntity
  8
08-FINA
100
AcDbLine
 10
20.0
 20
260.0
 30
0.0
 11
15.0
 21
260.0
 31
0.0
  0
LINE
  5
60
330
17
100
AcDbEntity
  8
08-FINA
100
AcDbLine
 10
584.0
 20
260.0
 30
0.0
 11
589.0
 21
260.0
 31
0.0
  0
LINE
  5
61
330
17
100
AcDbEntity
  8
08-FINA
100
AcDbLine
 10
20.0
 20
310.0
 30
0.0
 11
15.0
 21
310.0
 31
0.0
  0
LINE
  5
62
330
17
100
AcDbEntity
  8
08-FINA
100
AcDbLine
 10
584.0
 20
310.0
 30
0.0
 11
589.0
 21
310.0
 31
0.0
  0
LINE
  5
63
330
17
100
AcDbEntity
  8
08-FINA
100
AcDbLine
 10
20.0
 20
360.0
 30
0.0
 11
15.0
 21
360.0
 31
0.0
  0
LINE
  5
64
330
17
100
AcDbEntity
  8
08-FINA
100
AcDbLine
 10
584.0
 20
360.0
 30
0.0
 11
589.0
 21
360.0
 31
0.0
  0
TEXT
  5
65
330
17
100
AcDbEntity
  8
06-TEXTO
100
AcDbText
 10
33.5
 20
5.0
 30
0.0
 40
3.5
  1
1
  7
ISO3098
 72
1
 11
33.5
 21
5.0
 31
0.0
100
AcDbText
 73
2
  0
TEXT
  5
66
330
17
100
AcDbEntity
  8
06-TEXTO
100
AcDbText
 10
33.5
 20
415.0
 30
0.0
 40
3.5
  1
1
  7
ISO3098
 72
1
 11
33.5
 21
415.0
 31
0.0
100
AcDbText
 73
2
  0
TEXT
  5
67
330
17
100
AcDbEntity
  8
06-TEXTO
100
AcDbText
 10
72.0
 20
5.0
 30
0.0
 40
3.5
  1
2
  7
ISO3098
 72
1
 11
72.0
 21
5.0
 31
0.0
100
AcDbText
 73
2
  0
TEXT
  5
68
330
17
100
AcDbEntity
  8
06-TEXTO
100
AcDbText
 10
72.0
 20
415.0
 30
0.0
 40
3.5
  1
2
  7
ISO3098
 72
1
 11
72.0
 21
415.0
 31
0.0
100
AcDbText
 73
2
  0
TEXT
  5
69
330
17
100
AcDbEntity
  8
06-TEXTO
100
AcDbText
 10
122.0
 20
5.0
 30
0.0
 40
3.5
  1
3
  7
ISO3098
 72
1
 11
122.0
 21
5.0
 31
0.0
100
AcDbText
 73
2
  0
TEXT
  5
6A
330
17
100
AcDbEntity
  8
06-TEXTO
100
AcDbText
 10
122.0
 20
415.0
 30
0.0
 40
3.5
  1
3
  7
ISO3098
 72
1
 11
122.0
 21
415.0
 31
0.0
100
AcDbText
 73
2
  0
TEXT
  5
6B
330
17
100
AcDbEntity
  8
06-TEXTO
100
AcDbText
 10
172.0
 20
5.0
 30
0.0
 40
3.5
  1
4
  7
ISO3098
 72
1
 11
172.0
 21
5.0
 31
0.0
100
AcDbText
 73
2
  0
TEXT
  5
6C
330
17
100
AcDbEntity
  8
06-TEXTO
100
AcDbText
 10
172.0
 20
415.0
 30
0.0
 40
3.5
  1
4
  7
ISO3098
 72
1
 11
172.0
 21
415.0
 31
0.0
100
AcDbText
 73
2
  0
TEXT
  5
6D
330
17
100
AcDbEntity
  8
06-TEXTO
100
AcDbText
 10
222.0
 20
5.0
 30
0.0
 40
3.5
  1
5
  7
ISO3098
 72
1
 11
222.0
 21
5.0
 31
0.0
100
AcDbText
 73
2
  0
TEXT
  5
6E
330
17
100
AcDbEntity
  8
06-TEXTO
100
AcDbText
 10
222.0
 20
415.0
 30
0.0
 40
3.5
  1
5
  7
ISO3098
 72
1
 11
222.0
 21
415.0
 31
0.0
100
AcDbText
 73
2
  0
TEXT
  5
6F
330
17
100
AcDbEntity
  8
06-TEXTO
100
AcDbText
 10
272.0
 20
5.0
 30
0.0
 40
3.5
  1
6
  7
ISO3098
 72
1
 11
272.0
 21
5.0
 31
0.0
100
AcDbText
 73
2
  0
TEXT
  5
70
330
17
100
AcDbEntity
  8
06-TEXTO
100
AcDbText
 10
272.0
 20
415.0
 30
0.0
 40
3.5
  1
6
  7
ISO3098
 72
1
 11
272.0
 21
415.0
 31
0.0
100
AcDbText
 73
2
  0
TEXT
  5
71
330
17
100
AcDbEntity
  8
06-TEXTO
100
AcDbText
 10
322.0
 20
5.0
 30
0.0
 40
3.5
  1
7
  7
ISO3098
 72
1
 11
322.0
 21
5.0
 31
0.0
100
AcDbText
 73
2
  0
TEXT
  5
72
330
17
100
AcDbEntity
  8
06-TEXTO
100
AcDbText
 10
322.0
 20
415.0
 30
0.0
 40
3.5
  1
7
  7
ISO3098
 72
1
 11
322.0
 21
415.0
 31
0.0
100
AcDbText
 73
2
  0
TEXT
  5
73
330
17
100
AcDbEntity
  8
06-TEXTO
100
AcDbText
 10
372.0
 20
5.0
 30
0.0
 40
3.5
  1
8
  7
ISO3098
 72
1
 11
372.0
 21
5.0
 31
0.0
100
AcDbText
 73
2
  0
TEXT
  5
74
330
17
100
AcDbEntity
  8
06-TEXTO
100
AcDbText
 10
372.0
 20
415.0
 30
0.0
 40
3.5
  1
8
  7
ISO3098
 72
1
 11
372.0
 21
415.0
 31
0.0
100
AcDbText
 73
2
  0
TEXT
  5
75
330
17
100
AcDbEntity
  8
06-TEXTO
100
AcDbText
 10
422.0
 20
5.0
 30
0.0
 40
3.5
  1
9
  7
ISO3098
 72
1
 11
422.0
 21
5.0
 31
0.0
100
AcDbText
 73
2
  0
TEXT
  5
76
330
17
100
AcDbEntity
  8
06-TEXTO
100
AcDbText
 10
422.0
 20
415.0
 30
0.0
 40
3.5
  1
9
  7
ISO3098
 72
1
 11
422.0
 21
415.0
 31
0.0
100
AcDbText
 73
2
  0
TEXT
  5
77
330
17
100
AcDbEntity
  8
06-TEXTO
100
AcDbText
 10
472.0
 20
5.0
 30
0.0
 40
3.5
  1
10
  7
ISO3098
 72
1
 11
472.0
 21
5.0
 31
0.0
100
AcDbText
 73
2
  0
TEXT
  5
78
330
17
100
AcDbEntity
  8
06-TEXTO
100
AcDbText
 10
472.0
 20
415.0
 30
0.0
 40
3.5
  1
10
  7
ISO3098
 72
1
 11
472.0
 21
415.0
 31
0.0
100
AcDbText
 73
2
  0
TEXT
  5
79
330
17
100
AcDbEntity
  8
06-TEXTO
100
AcDbText
 10
522.0
 20
5.0
 30
0.0
 40
3.5
  1
11
  7
ISO3098
 72
1
 11
522.0
 21
5.0
 31
0.0
100
AcDbText
 73
2
  0
TEXT
  5
7A
330
17
100
AcDbEntity
  8
06-TEXTO
100
AcDbText
 10
522.0
 20
415.0
 30
0.0
 40
3.5
  1
11
  7
ISO3098
 72
1
 11
522.0
 21
415.0
 31
0.0
100
AcDbText
 73
2
  0
TEXT
  5
7B
330
17
100
AcDbEntity
  8
06-TEXTO
100
AcDbText
 10
565.5
 20
5.0
 30
0.0
 40
3.5
  1
12
  7
ISO3098
 72
1
 11
565.5
 21
5.0
 31
0.0
100
AcDbText
 73
2
  0
TEXT
  5
7C
330
17
100
AcDbEntity
  8
06-TEXTO
100
AcDbText
 10
565.5
 20
415.0
 30
0.0
 40
3.5
  1
12
  7
ISO3098
 72
1
 11
565.5
 21
415.0
 31
0.0
100
AcDbText
 73
2
  0
TEXT
  5
7D
330
17
100
AcDbEntity
  8
06-TEXTO
100
AcDbText
 10
10.0
 20
35.0
 30
0.0
 40
3.5
  1
H
  7
ISO3098
 72
1
 11
10.0
 21
35.0
 31
0.0
100
AcDbText
 73
2
  0
TEXT
  5
7E
330
17
100
AcDbEntity
  8
06-TEXTO
100
AcDbText
 10
589.0
 20
35.0
 30
0.0
 40
3.5
  1
H
  7
ISO3098
 72
1
 11
589.0
 21
35.0
 31
0.0
100
AcDbText
 73
2
  0
TEXT
  5
7F
330
17
100
AcDbEntity
  8
06-TEXTO
100
AcDbText
 10
10.0
 20
85.0
 30
0.0
 40
3.5
  1
G
  7
ISO3098
 72
1
 11
10.0
 21
85.0
 31
0.0
100
AcDbText
 73
2
  0
TEXT
  5
80
330
17
100
AcDbEntity
  8
06-TEXTO
100
AcDbText
 10
589.0
 20
85.0
 30
0.0
 40
3.5
  1
G
  7
ISO3098
 72
1
 11
589.0
 21
85.0
 31
0.0
100
AcDbText
 73
2
  0
TEXT
  5
81
330
17
100
AcDbEntity
  8
06-TEXTO
100
AcDbText
 10
10.0
 20
135.0
 30
0.0
 40
3.5
  1
F
  7
ISO3098
 72
1
 11
10.0
 21
135.0
 31
0.0
100
AcDbText
 73
2
  0
TEXT
  5
82
330
17
100
AcDbEntity
  8
06-TEXTO
100
AcDbText
 10
589.0
 20
135.0
 30
0.0
 40
3.5
  1
F
  7
ISO3098
 72
1
 11
589.0
 21
135.0
 31
0.0
100
AcDbText
 73
2
  0
TEXT
  5
83
330
17
100
AcDbEntity
  8
06-TEXTO
100
AcDbText
 10
10.0
 20
185.0
 30
0.0
 40
3.5
  1
E
  7
ISO3098
 72
1
 11
10.0
 21
185.0
 31
0.0
100
AcDbText
 73
2
  0
TEXT
  5
84
330
17
100
AcDbEntity
  8
06-TEXTO
100
AcDbText
 10
589.0
 20
185.0
 30
0.0
 40
3.5
  1
E
  7
ISO3098
 72
1
 11
589.0
 21
185.0
 31
0.0
100
AcDbText
 73
2
  0
TEXT
  5
85
330
17
100
AcDbEntity
  8
06-TEXTO
100
AcDbText
 10
10.0
 20
235.0
 30
0.0
 40
3.5
  1
D
  7
ISO3098
 72
1
 11
10.0
 21
235.0
 31
0.0
100
AcDbText
 73
2
  0
TEXT
  5
86
330
17
100
AcDbEntity
  8
06-TEXTO
100
AcDbText
 10
589.0
 20
235.0
 30
0.0
 40
3.5
  1
D
  7
ISO3098
 72
1
 11
589.0
 21
235.0
 31
0.0
100
AcDbText
 73
2
  0
TEXT
  5
87
330
17
100
AcDbEntity
  8
06-TEXTO
100
AcDbText
 10
10.0
 20
285.0
 30
0.0
 40
3.5
  1
C
  7
ISO3098
 72
1
 11
10.0
 21
285.0
 31
0.0
100
AcDbText
 73
2
  0
TEXT
  5
88
330
17
100
AcDbEntity
  8
06-TEXTO
100
AcDbText
 10
589.0
 20
285.0
 30
0.0
 40
3.5
  1
C
  7
ISO3098
 72
1
 11
589.0
 21
285.0
 31
0.0
100
AcDbText
 73
2
  0
TEXT
  5
89
330
17
100
AcDbEntity
  8
06-TEXTO
100
AcDbText
 10
10.0
 20
335.0
 30
0.0
 40
3.5
  1
B
  7
ISO3098
 72
1
 11
10.0
 21
335.0
 31
0.0
100
AcDbText
 73
2
  0
TEXT
  5
8A
330
17
100
AcDbEntity
  8
06-TEXTO
100
AcDbText
 10
589.0
 20
335.0
 30
0.0
 40
3.5
  1
B
  7
ISO3098
 72
1
 11
589.0
 21
335.0
 31
0.0
100
AcDbText
 73
2
  0
TEXT
  5
8B
330
17
100
AcDbEntity
  8
06-TEXTO
100
AcDbText
 10
10.0
 20
385.0
 30
0.0
 40
3.5
  1
A
  7
ISO3098
 72
1
 11
10.0
 21
385.0
 31
0.0
100
AcDbText
 73
2
  0
TEXT
  5
8C
330
17
100
AcDbEntity
  8
06-TEXTO
100
AcDbText
 10
589.0
 20
385.0
 30
0.0
 40
3.5
  1
A
  7
ISO3098
 72
1
 11
589.0
 21
385.0
 31
0.0
100
AcDbText
 73
2
  0
LWPOLYLINE
  5
8D
330
17
100
AcDbEntity
  8
10-ROTULO
100
AcDbPolyline
 90
4
 70
1
 10
404.0
 20
60.0
 10
418.0
 20
60.0
 10
418.0
 20
66.0
 10
404.0
 20
66.0
  0
LWPOLYLINE
  5
8E
330
17
100
AcDbEntity
  8
10-ROTULO
100
AcDbPolyline
 90
4
 70
1
 10
418.0
 20
60.0
 10
437.0
 20
60.0
 10
437.0
 20
66.0
 10
418.0
 20
66.0
  0
TEXT
  5
8F
330
17
100
AcDbEntity
  8
11-TEXTO-ROTULO
100
AcDbText
 10
427.5
 20
63.0
 30
0.0
 40
2.2
  1
Fecha
  7
ISO3098
 72
1
 11
427.5
 21
63.0
 31
0.0
100
AcDbText
 73
2
  0
LWPOLYLINE
  5
90
330
17
100
AcDbEntity
  8
10-ROTULO
100
AcDbPolyline
 90
4
 70
1
 10
437.0
 20
60.0
 10
460.0
 20
60.0
 10
460.0
 20
66.0
 10
437.0
 20
66.0
  0
TEXT
  5
91
330
17
100
AcDbEntity
  8
11-TEXTO-ROTULO
100
AcDbText
 10
448.5
 20
63.0
 30
0.0
 40
2.2
  1
Nombre
  7
ISO3098
 72
1
 11
448.5
 21
63.0
 31
0.0
100
AcDbText
 73
2
  0
LWPOLYLINE
  5
92
330
17
100
AcDbEntity
  8
10-ROTULO
100
AcDbPolyline
 90
4
 70
1
 10
404.0
 20
54.0
 10
418.0
 20
54.0
 10
418.0
 20
60.0
 10
404.0
 20
60.0
  0
TEXT
  5
93
330
17
100
AcDbEntity
  8
11-TEXTO-ROTULO
100
AcDbText
 10
405.5
 20
57.0
 30
0.0
 40
2.2
  1
Dibujó
  7
ISO3098
 11
405.5
 21
57.0
 31
0.0
100
AcDbText
 73
2
  0
LWPOLYLINE
  5
94
330
17
100
AcDbEntity
  8
10-ROTULO
100
AcDbPolyline
 90
4
 70
1
 10
418.0
 20
54.0
 10
437.0
 20
54.0
 10
437.0
 20
60.0
 10
418.0
 20
60.0
  0
TEXT
  5
95
330
17
100
AcDbEntity
  8
11-TEXTO-ROTULO
100
AcDbText
 10
427.5
 20
57.0
 30
0.0
 40
2.2
  1
28/09/2026
  7
ISO3098
 72
1
 11
427.5
 21
57.0
 31
0.0
100
AcDbText
 73
2
  0
LWPOLYLINE
  5
96
330
17
100
AcDbEntity
  8
10-ROTULO
100
AcDbPolyline
 90
4
 70
1
 10
437.0
 20
54.0
 10
460.0
 20
54.0
 10
460.0
 20
60.0
 10
437.0
 20
60.0
  0
TEXT
  5
97
330
17
100
AcDbEntity
  8
11-TEXTO-ROTULO
100
AcDbText
 10
448.5
 20
57.0
 30
0.0
 40
2.2
  1
T. Sinay
  7
ISO3098
 72
1
 11
448.5
 21
57.0
 31
0.0
100
AcDbText
 73
2
  0
LWPOLYLINE
  5
98
330
17
100
AcDbEntity
  8
10-ROTULO
100
AcDbPolyline
 90
4
 70
1
 10
404.0
 20
48.0
 10
418.0
 20
48.0
 10
418.0
 20
54.0
 10
404.0
 20
54.0
  0
TEXT
  5
99
330
17
100
AcDbEntity
  8
11-TEXTO-ROTULO
100
AcDbText
 10
405.5
 20
51.0
 30
0.0
 40
2.2
  1
Revisó
  7
ISO3098
 11
405.5
 21
51.0
 31
0.0
100
AcDbText
 73
2
  0
LWPOLYLINE
  5
9A
330
17
100
AcDbEntity
  8
10-ROTULO
100
AcDbPolyline
 90
4
 70
1
 10
418.0
 20
48.0
 10
437.0
 20
48.0
 10
437.0
 20
54.0
 10
418.0
 20
54.0
  0
LWPOLYLINE
  5
9B
330
17
100
AcDbEntity
  8
10-ROTULO
100
AcDbPolyline
 90
4
 70
1
 10
437.0
 20
48.0
 10
460.0
 20
48.0
 10
460.0
 20
54.0
 10
437.0
 20
54.0
  0
LWPOLYLINE
  5
9C
330
17
100
AcDbEntity
  8
10-ROTULO
100
AcDbPolyline
 90
4
 70
1
 10
404.0
 20
42.0
 10
418.0
 20
42.0
 10
418.0
 20
48.0
 10
404.0
 20
48.0
  0
TEXT
  5
9D
330
17
100
AcDbEntity
  8
11-TEXTO-ROTULO
100
AcDbText
 10
405.5
 20
45.0
 30
0.0
 40
2.2
  1
Aprobó
  7
ISO3098
 11
405.5
 21
45.0
 31
0.0
100
AcDbText
 73
2
  0
LWPOLYLINE
  5
9E
330
17
100
AcDbEntity
  8
10-ROTULO
100
AcDbPolyline
 90
4
 70
1
 10
418.0
 20
42.0
 10
437.0
 20
42.0
 10
437.0
 20
48.0
 10
418.0
 20
48.0
  0
LWPOLYLINE
  5
9F
330
17
100
AcDbEntity
  8
10-ROTULO
100
AcDbPolyline
 90
4
 70
1
 10
437.0
 20
42.0
 10
460.0
 20
42.0
 10
460.0
 20
48.0
 10
437.0
 20
48.0
  0
LWPOLYLINE
  5
A0
330
17
100
AcDbEntity
  8
10-ROTULO
100
AcDbPolyline
 90
4
 70
1
 10
404.0
 20
28.0
 10
426.0
 20
28.0
 10
426.0
 20
42.0
 10
404.0
 20
42.0
  0
TEXT
  5
A1
330
17
100
AcDbEntity
  8
11-TEXTO-ROTULO
100
AcDbText
 10
405.0
 20
41.0
 30
0.0
 40
1.8
  1
Escala
  7
ISO3098
 11
405.0
 21
41.0
 31
0.0
100
AcDbText
 73
3
  0
TEXT
  5
A2
330
17
100
AcDbEntity
  8
11-TEXTO-ROTULO
100
AcDbText
 10
415.0
 20
33.6
 30
0.0
 40
5.0
  1
1:2
  7
ISO3098
 72
1
 11
415.0
 21
33.6
 31
0.0
100
AcDbText
 73
2
  0
LWPOLYLINE
  5
A3
330
17
100
AcDbEntity
  8
10-ROTULO
100
AcDbPolyline
 90
4
 70
1
 10
426.0
 20
28.0
 10
460.0
 20
28.0
 10
460.0
 20
42.0
 10
426.0
 20
42.0
  0
TEXT
  5
A4
330
17
100
AcDbEntity
  8
11-TEXTO-ROTULO
100
AcDbText
 10
427.0
 20
41.0
 30
0.0
 40
1.8
  1
Método de proyección
  7
ISO3098
 11
427.0
 21
41.0
 31
0.0
100
AcDbText
 73
3
  0
CIRCLE
  5
A5
330
17
100
AcDbEntity
  8
01-VISIBLE
100
AcDbCircle
 10
438.0
 20
33.5
 30
0.0
 40
3.5
  0
CIRCLE
  5
A6
330
17
100
AcDbEntity
  8
01-VISIBLE
100
AcDbCircle
 10
438.0
 20
33.5
 30
0.0
 40
1.75
  0
LWPOLYLINE
  5
A7
330
17
100
AcDbEntity
  8
01-VISIBLE
100
AcDbPolyline
 90
4
 70
1
 10
445.0
 20
30.0
 10
452.0
 20
31.75
 10
452.0
 20
35.25
 10
445.0
 20
37.0
  0
LINE
  5
A8
330
17
100
AcDbEntity
  8
03-EJE
100
AcDbLine
 10
433.0
 20
33.5
 30
0.0
 11
453.5
 21
33.5
 31
0.0
  0
LINE
  5
A9
330
17
100
AcDbEntity
  8
03-EJE
100
AcDbLine
 10
438.0
 20
28.5
 30
0.0
 11
438.0
 21
38.5
 31
0.0
  0
LWPOLYLINE
  5
AA
330
17
100
AcDbEntity
  8
10-ROTULO
100
AcDbPolyline
 90
4
 70
1
 10
404.0
 20
18.0
 10
460.0
 20
18.0
 10
460.0
 20
28.0
 10
404.0
 20
28.0
  0
TEXT
  5
AB
330
17
100
AcDbEntity
  8
11-TEXTO-ROTULO
100
AcDbText
 10
405.0
 20
27.0
 30
0.0
 40
1.8
  1
Tolerancias generales
  7
ISO3098
 11
405.0
 21
27.0
 31
0.0
100
AcDbText
 73
3
  0
TEXT
  5
AC
330
17
100
AcDbEntity
  8
11-TEXTO-ROTULO
100
AcDbText
 10
432.0
 20
21.6
 30
0.0
 40
3.5
  1
ISO 2768-m
  7
ISO3098
 72
1
 11
432.0
 21
21.6
 31
0.0
100
AcDbText
 73
2
  0
LWPOLYLINE
  5
AD
330
17
100
AcDbEntity
  8
10-ROTULO
100
AcDbPolyline
 90
4
 70
1
 10
404.0
 20
10.0
 10
460.0
 20
10.0
 10
460.0
 20
18.0
 10
404.0
 20
18.0
  0
TEXT
  5
AE
330
17
100
AcDbEntity
  8
11-TEXTO-ROTULO
100
AcDbText
 10
405.0
 20
17.0
 30
0.0
 40
1.8
  1
Formato
  7
ISO3098
 11
405.0
 21
17.0
 31
0.0
100
AcDbText
 73
3
  0
TEXT
  5
AF
330
17
100
AcDbEntity
  8
11-TEXTO-ROTULO
100
AcDbText
 10
432.0
 20
12.6
 30
0.0
 40
3.5
  1
A2
  7
ISO3098
 72
1
 11
432.0
 21
12.6
 31
0.0
100
AcDbText
 73
2
  0
LWPOLYLINE
  5
B0
330
17
100
AcDbEntity
  8
10-ROTULO
100
AcDbPolyline
 90
4
 70
1
 10
460.0
 20
54.0
 10
532.0
 20
54.0
 10
532.0
 20
66.0
 10
460.0
 20
66.0
  0
TEXT
  5
B1
330
17
100
AcDbEntity
  8
11-TEXTO-ROTULO
100
AcDbText
 10
461.0
 20
65.0
 30
0.0
 40
1.8
  1
Propietario
  7
ISO3098
 11
461.0
 21
65.0
 31
0.0
100
AcDbText
 73
3
  0
TEXT
  5
B2
330
17
100
AcDbEntity
  8
11-TEXTO-ROTULO
100
AcDbText
 10
496.0
 20
58.6
 30
0.0
 40
5.0
  1
FLAMA S.A.
  7
ISO3098
 72
1
 11
496.0
 21
58.6
 31
0.0
100
AcDbText
 73
2
  0
LWPOLYLINE
  5
B3
330
17
100
AcDbEntity
  8
10-ROTULO
100
AcDbPolyline
 90
4
 70
1
 10
460.0
 20
22.0
 10
532.0
 20
22.0
 10
532.0
 20
54.0
 10
460.0
 20
54.0
  0
TEXT
  5
B4
330
17
100
AcDbEntity
  8
11-TEXTO-ROTULO
100
AcDbText
 10
461.0
 20
53.0
 30
0.0
 40
1.8
  1
Denominación
  7
ISO3098
 11
461.0
 21
53.0
 31
0.0
100
AcDbText
 73
3
  0
TEXT
  5
B5
330
17
100
AcDbEntity
  8
11-TEXTO-ROTULO
100
AcDbText
 10
496.0
 20
35.0
 30
0.0
 40
5.0
  1
Extintor Clase D 9 l
  7
ISO3098
 72
1
 11
496.0
 21
35.0
 31
0.0
100
AcDbText
 73
2
  0
TEXT
  5
B6
330
17
100
AcDbEntity
  8
11-TEXTO-ROTULO
100
AcDbText
 10
496.0
 20
25.5
 30
0.0
 40
2.2
  1
Corte A-A del recipiente y detalles
  7
ISO3098
 72
1
 11
496.0
 21
25.5
 31
0.0
100
AcDbText
 73
2
  0
LWPOLYLINE
  5
B7
330
17
100
AcDbEntity
  8
10-ROTULO
100
AcDbPolyline
 90
4
 70
1
 10
460.0
 20
10.0
 10
532.0
 20
10.0
 10
532.0
 20
22.0
 10
460.0
 20
22.0
  0
TEXT
  5
B8
330
17
100
AcDbEntity
  8
11-TEXTO-ROTULO
100
AcDbText
 10
461.0
 20
21.0
 30
0.0
 40
1.8
  1
Tipo de documento
  7
ISO3098
 11
461.0
 21
21.0
 31
0.0
100
AcDbText
 73
3
  0
TEXT
  5
B9
330
17
100
AcDbEntity
  8
11-TEXTO-ROTULO
100
AcDbText
 10
496.0
 20
14.6
 30
0.0
 40
3.5
  1
Corte y detalles
  7
ISO3098
 72
1
 11
496.0
 21
14.6
 31
0.0
100
AcDbText
 73
2
  0
LWPOLYLINE
  5
BA
330
17
100
AcDbEntity
  8
10-ROTULO
100
AcDbPolyline
 90
4
 70
1
 10
532.0
 20
10.0
 10
584.0
 20
10.0
 10
584.0
 20
24.0
 10
532.0
 20
24.0
  0
TEXT
  5
BB
330
17
100
AcDbEntity
  8
11-TEXTO-ROTULO
100
AcDbText
 10
533.0
 20
23.0
 30
0.0
 40
1.8
  1
N° de plano
  7
ISO3098
 11
533.0
 21
23.0
 31
0.0
100
AcDbText
 73
3
  0
TEXT
  5
BC
330
17
100
AcDbEntity
  8
11-TEXTO-ROTULO
100
AcDbText
 10
558.0
 20
15.6
 30
0.0
 40
5.0
  1
FL-D-001
  7
ISO3098
 72
1
 11
558.0
 21
15.6
 31
0.0
100
AcDbText
 73
2
  0
LWPOLYLINE
  5
BD
330
17
100
AcDbEntity
  8
10-ROTULO
100
AcDbPolyline
 90
4
 70
1
 10
532.0
 20
24.0
 10
556.0
 20
24.0
 10
556.0
 20
34.0
 10
532.0
 20
34.0
  0
TEXT
  5
BE
330
17
100
AcDbEntity
  8
11-TEXTO-ROTULO
100
AcDbText
 10
533.0
 20
33.0
 30
0.0
 40
1.8
  1
Hoja
  7
ISO3098
 11
533.0
 21
33.0
 31
0.0
100
AcDbText
 73
3
  0
TEXT
  5
BF
330
17
100
AcDbEntity
  8
11-TEXTO-ROTULO
100
AcDbText
 10
544.0
 20
27.6
 30
0.0
 40
3.5
  1
2 / 3
  7
ISO3098
 72
1
 11
544.0
 21
27.6
 31
0.0
100
AcDbText
 73
2
  0
LWPOLYLINE
  5
C0
330
17
100
AcDbEntity
  8
10-ROTULO
100
AcDbPolyline
 90
4
 70
1
 10
556.0
 20
24.0
 10
584.0
 20
24.0
 10
584.0
 20
34.0
 10
556.0
 20
34.0
  0
TEXT
  5
C1
330
17
100
AcDbEntity
  8
11-TEXTO-ROTULO
100
AcDbText
 10
557.0
 20
33.0
 30
0.0
 40
1.8
  1
Idioma
  7
ISO3098
 11
557.0
 21
33.0
 31
0.0
100
AcDbText
 73
3
  0
TEXT
  5
C2
330
17
100
AcDbEntity
  8
11-TEXTO-ROTULO
100
AcDbText
 10
570.0
 20
27.6
 30
0.0
 40
3.5
  1
es
  7
ISO3098
 72
1
 11
570.0
 21
27.6
 31
0.0
100
AcDbText
 73
2
  0
LWPOLYLINE
  5
C3
330
17
100
AcDbEntity
  8
10-ROTULO
100
AcDbPolyline
 90
4
 70
1
 10
532.0
 20
34.0
 10
556.0
 20
34.0
 10
556.0
 20
44.0
 10
532.0
 20
44.0
  0
TEXT
  5
C4
330
17
100
AcDbEntity
  8
11-TEXTO-ROTULO
100
AcDbText
 10
533.0
 20
43.0
 30
0.0
 40
1.8
  1
Edición
  7
ISO3098
 11
533.0
 21
43.0
 31
0.0
100
AcDbText
 73
3
  0
TEXT
  5
C5
330
17
100
AcDbEntity
  8
11-TEXTO-ROTULO
100
AcDbText
 10
544.0
 20
37.6
 30
0.0
 40
3.5
  1
0
  7
ISO3098
 72
1
 11
544.0
 21
37.6
 31
0.0
100
AcDbText
 73
2
  0
LWPOLYLINE
  5
C6
330
17
100
AcDbEntity
  8
10-ROTULO
100
AcDbPolyline
 90
4
 70
1
 10
556.0
 20
34.0
 10
584.0
 20
34.0
 10
584.0
 20
44.0
 10
556.0
 20
44.0
  0
TEXT
  5
C7
330
17
100
AcDbEntity
  8
11-TEXTO-ROTULO
100
AcDbText
 10
557.0
 20
43.0
 30
0.0
 40
1.8
  1
Fecha de emisión
  7
ISO3098
 11
557.0
 21
43.0
 31
0.0
100
AcDbText
 73
3
  0
TEXT
  5
C8
330
17
100
AcDbEntity
  8
11-TEXTO-ROTULO
100
AcDbText
 10
570.0
 20
37.6
 30
0.0
 40
2.5
  1
28/09/2026
  7
ISO3098
 72
1
 11
570.0
 21
37.6
 31
0.0
100
AcDbText
 73
2
  0
LWPOLYLINE
  5
C9
330
17
100
AcDbEntity
  8
10-ROTULO
100
AcDbPolyline
 90
4
 70
1
 10
532.0
 20
44.0
 10
584.0
 20
44.0
 10
584.0
 20
55.0
 10
532.0
 20
55.0
  0
TEXT
  5
CA
330
17
100
AcDbEntity
  8
11-TEXTO-ROTULO
100
AcDbText
 10
533.0
 20
54.0
 30
0.0
 40
1.8
  1
Material
  7
ISO3098
 11
533.0
 21
54.0
 31
0.0
100
AcDbText
 73
3
  0
TEXT
  5
CB
330
17
100
AcDbEntity
  8
11-TEXTO-ROTULO
100
AcDbText
 10
558.0
 20
48.1
 30
0.0
 40
2.5
  1
Ver lista de piezas
  7
ISO3098
 72
1
 11
558.0
 21
48.1
 31
0.0
100
AcDbText
 73
2
  0
LWPOLYLINE
  5
CC
330
17
100
AcDbEntity
  8
10-ROTULO
100
AcDbPolyline
 90
4
 70
1
 10
532.0
 20
55.0
 10
584.0
 20
55.0
 10
584.0
 20
66.0
 10
532.0
 20
66.0
  0
TEXT
  5
CD
330
17
100
AcDbEntity
  8
11-TEXTO-ROTULO
100
AcDbText
 10
533.0
 20
65.0
 30
0.0
 40
1.8
  1
Reemplaza a / Reemplazado por
  7
ISO3098
 11
533.0
 21
65.0
 31
0.0
100
AcDbText
 73
3
  0
TEXT
  5
CE
330
17
100
AcDbEntity
  8
11-TEXTO-ROTULO
100
AcDbText
 10
558.0
 20
59.1
 30
0.0
 40
2.5
  1
-
  7
ISO3098
 72
1
 11
558.0
 21
59.1
 31
0.0
100
AcDbText
 73
2
  0
LWPOLYLINE
  5
CF
330
17
100
AcDbEntity
  8
07-RECUADRO
100
AcDbPolyline
 90
4
 70
1
 10
404.0
 20
10.0
 10
584.0
 20
10.0
 10
584.0
 20
66.0
 10
404.0
 20
66.0
  0
LINE
  5
D0
330
17
100
AcDbEntity
  8
01-VISIBLE
100
AcDbLine
 10
50.3
 20
66.375
 30
0.0
 11
50.3
 21
309.96154022288897
 31
0.0
  0
LINE
  5
D1
330
17
100
AcDbEntity
  8
01-VISIBLE
100
AcDbLine
 10
141.05
 20
66.375
 30
0.0
 11
141.05
 21
309.96154022288897
 31
0.0
  0
LINE
  5
D2
330
17
100
AcDbEntity
  8
01-VISIBLE
100
AcDbLine
 10
141.05
 20
309.96154022288886
 30
0.0
 11
140.05
 21
309.96154022288886
 31
0.0
  0
LINE
  5
D3
330
17
100
AcDbEntity
  8
01-VISIBLE
100
AcDbLine
 10
51.3
 20
309.96154022288886
 30
0.0
 11
50.3
 21
309.96154022288886
 31
0.0
  0
LINE
  5
D4
330
17
100
AcDbEntity
  8
01-VISIBLE
100
AcDbLine
 10
51.3
 20
66.375
 30
0.0
 11
50.3
 21
66.375
 31
0.0
  0
LINE
  5
D5
330
17
100
AcDbEntity
  8
01-VISIBLE
100
AcDbLine
 10
51.3
 20
66.375
 30
0.0
 11
51.3
 21
309.96154022288897
 31
0.0
  0
LINE
  5
D6
330
17
100
AcDbEntity
  8
01-VISIBLE
100
AcDbLine
 10
141.05
 20
66.375
 30
0.0
 11
140.05
 21
66.375
 31
0.0
  0
LWPOLYLINE
  5
D7
330
17
100
AcDbEntity
  8
01-VISIBLE
100
AcDbPolyline
 90
401
 70
0
 10
140.05
 20
66.375
 10
139.828125
 20
66.375
 10
139.60625
 20
66.375
 10
139.384375
 20
66.375
 10
139.1625
 20
66.375
 10
138.940625
 20
66.375
 10
138.71875
 20
66.375
 10
138.496875
 20
66.375
 10
138.275
 20
66.375
 10
138.053125
 20
66.375
 10
137.83125
 20
66.375
 10
137.609375
 20
66.375
 10
137.3875
 20
66.375
 10
137.165625
 20
66.375
 10
136.94375
 20
66.375
 10
136.721875
 20
66.375
 10
136.5
 20
66.375
 10
136.278125
 20
66.375
 10
136.05625
 20
66.375
 10
135.834375
 20
66.375
 10
135.6125
 20
66.375
 10
135.390625
 20
66.375
 10
135.16875
 20
66.375
 10
134.946875
 20
66.375
 10
134.725
 20
66.375
 10
134.503125
 20
66.375
 10
134.28125
 20
66.375
 10
134.059375
 20
66.375
 10
133.8375
 20
66.375
 10
133.615625
 20
66.375
 10
133.39375
 20
66.375
 10
133.171875
 20
66.375
 10
132.95
 20
66.375
 10
132.72812499999998
 20
66.375
 10
132.50625
 20
66.375
 10
132.284375
 20
66.375
 10
132.0625
 20
66.375
 10
131.840625
 20
66.375
 10
131.61875
 20
66.375
 10
131.396875
 20
66.375
 10
131.175
 20
66.375
 10
130.953125
 20
66.375
 10
130.73125
 20
66.375
 10
130.509375
 20
66.375
 10
130.2875
 20
66.375
 10
130.065625
 20
66.375
 10
129.84375
 20
66.375
 10
129.621875
 20
66.375
 10
129.4
 20
66.375
 10
129.178125
 20
66.375
 10
128.95625
 20
66.375
 10
128.734375
 20
66.375
 10
128.5125
 20
66.375
 10
128.29062499999998
 20
66.375
 10
128.06875
 20
66.375
 10
127.846875
 20
66.375
 10
127.625
 20
66.375
 10
127.40312499999999
 20
66.375
 10
127.18124999999999
 20
66.375
 10
126.959375
 20
66.375
 10
126.7375
 20
66.375
 10
126.515625
 20
66.375
 10
126.29374999999999
 20
66.375
 10
126.07187499999999
 20
66.375
 10
125.85
 20
66.375
 10
125.628125
 20
66.375
 10
125.40625
 20
66.375
 10
125.18437499999999
 20
66.375
 10
124.96249999999999
 20
66.375
 10
124.740625
 20
66.375
 10
124.51874999999998
 20
66.375
 10
124.296875
 20
66.375
 10
124.07499999999999
 20
66.375
 10
123.85312499999999
 20
66.375
 10
123.63125
 20
66.375
 10
123.409375
 20
66.375
 10
123.1875
 20
66.375
 10
122.96562499999999
 20
66.375
 10
122.74374999999999
 20
66.375
 10
122.521875
 20
66.375
 10
122.29999999999998
 20
66.375
 10
122.07812499999999
 20
66.375
 10
121.85624999999999
 20
66.375
 10
121.63437499999999
 20
66.375
 10
121.4125
 20
66.375
 10
121.19062499999998
 20
66.375
 10
120.96875
 20
66.375
 10
120.74687499999999
 20
66.375
 10
120.52499999999999
 20
66.375
 10
120.303125
 20
66.375
 10
120.08125
 20
66.375
 10
119.85937499999999
 20
66.375
 10
119.63749999999999
 20
66.375
 10
119.41562499999999
 20
66.375
 10
119.19375
 20
66.375
 10
118.971875
 20
66.375
 10
118.75
 20
66.375
 10
118.52812499999999
 20
66.375
 10
118.30624999999999
 20
66.375
 10
118.084375
 20
66.375
 10
117.8625
 20
66.375
 10
117.640625
 20
66.375
 10
117.41874999999999
 20
66.375
 10
117.19687499999999
 20
66.375
 10
116.975
 20
66.375
 10
116.753125
 20
66.375
 10
116.53125
 20
66.375
 10
116.30937499999999
 20
66.375
 10
116.08749999999999
 20
66.375
 10
115.865625
 20
66.375
 10
115.64374999999998
 20
66.375
 10
115.42187499999999
 20
66.375
 10
115.19999999999999
 20
66.375
 10
114.97812499999999
 20
66.375
 10
114.75625
 20
66.375
 10
114.53437499999998
 20
66.375
 10
114.3125
 20
66.375
 10
114.09062499999999
 20
66.375
 10
113.86874999999999
 20
66.375
 10
113.646875
 20
66.375
 10
113.42499999999998
 20
66.375
 10
113.20312499999999
 20
66.375
 10
112.98124999999999
 20
66.375
 10
112.75937499999999
 20
66.375
 10
112.5375
 20
66.375
 10
112.315625
 20
66.375
 10
112.09375
 20
66.375
 10
111.87187499999999
 20
66.375
 10
111.64999999999999
 20
66.375
 10
111.428125
 20
66.375
 10
111.20625
 20
66.375
 10
110.984375
 20
66.375
 10
110.76249999999999
 20
66.375
 10
110.54062499999999
 20
66.375
 10
110.31875
 20
66.375
 10
110.09687499999998
 20
66.375
 10
109.87499999999999
 20
66.375
 10
109.65312499999999
 20
66.375
 10
109.43124999999999
 20
66.375
 10
109.209375
 20
66.375
 10
108.98749999999998
 20
66.375
 10
108.765625
 20
66.375
 10
108.54374999999999
 20
66.375
 10
108.32187499999999
 20
66.375
 10
108.1
 20
66.375
 10
107.87812499999998
 20
66.375
 10
107.65624999999999
 20
66.375
 10
107.43437499999999
 20
66.375
 10
107.21249999999999
 20
66.375
 10
106.990625
 20
66.375
 10
106.76874999999998
 20
66.375
 10
106.546875
 20
66.375
 10
106.32499999999999
 20
66.375
 10
106.10312499999999
 20
66.375
 10
105.88125
 20
66.375
 10
105.65937499999998
 20
66.375
 10
105.4375
 20
66.375
 10
105.21562499999999
 20
66.375
 10
104.99374999999998
 20
66.375
 10
104.771875
 20
66.375
 10
104.54999999999998
 20
66.375
 10
104.328125
 20
66.375
 10
104.10624999999999
 20
66.375
 10
103.88437499999998
 20
66.375
 10
103.66249999999998
 20
66.375
 10
103.44062499999998
 20
66.375
 10
103.21874999999999
 20
66.375
 10
102.99687499999999
 20
66.375
 10
102.77499999999999
 20
66.375
 10
102.553125
 20
66.375
 10
102.33124999999998
 20
66.375
 10
102.109375
 20
66.375
 10
101.88749999999999
 20
66.375
 10
101.66562499999999
 20
66.375
 10
101.44375
 20
66.375
 10
101.22187499999998
 20
66.375
 10
100.99999999999999
 20
66.375
 10
100.77812499999999
 20
66.375
 10
100.55624999999999
 20
66.375
 10
100.33437499999998
 20
66.375
 10
100.11249999999998
 20
66.375
 10
99.89062499999999
 20
66.375
 10
99.66874999999999
 20
66.375
 10
99.44687499999999
 20
66.375
 10
99.225
 20
66.375
 10
99.00312499999998
 20
66.375
 10
98.78124999999999
 20
66.375
 10
98.55937499999999
 20
66.375
 10
98.33749999999999
 20
66.375
 10
98.115625
 20
66.375
 10
97.89374999999998
 20
66.375
 10
97.67187499999999
 20
66.375
 10
97.45
 20
66.375
 10
97.22812499999999
 20
66.375
 10
97.00625
 20
66.375
 10
96.78437499999998
 20
66.375
 10
96.56249999999999
 20
66.375
 10
96.34062499999999
 20
66.375
 10
96.11874999999999
 20
66.375
 10
95.896875
 20
66.375
 10
95.675
 20
66.375
 10
95.45312499999999
 20
66.375
 10
95.23124999999999
 20
66.375
 10
95.00937499999998
 20
66.375
 10
94.7875
 20
66.375
 10
94.565625
 20
66.375
 10
94.34374999999999
 20
66.375
 10
94.121875
 20
66.375
 10
93.89999999999998
 20
66.375
 10
93.678125
 20
66.375
 10
93.45625
 20
66.375
 10
93.23437499999999
 20
66.375
 10
93.01249999999999
 20
66.375
 10
92.79062499999999
 20
66.375
 10
92.56875
 20
66.375
 10
92.346875
 20
66.375
 10
92.12499999999999
 20
66.375
 10
91.90312499999999
 20
66.375
 10
91.68124999999998
 20
66.375
 10
91.459375
 20
66.375
 10
91.23749999999998
 20
66.375
 10
91.01562499999999
 20
66.375
 10
90.79374999999999
 20
66.375
 10
90.57187499999999
 20
66.375
 10
90.34999999999998
 20
66.375
 10
90.128125
 20
66.375
 10
89.90625
 20
66.375
 10
89.68437499999999
 20
66.375
 10
89.46249999999999
 20
66.375
 10
89.240625
 20
66.375
 10
89.01874999999998
 20
66.375
 10
88.79687499999999
 20
66.375
 10
88.57499999999999
 20
66.375
 10
88.35312499999998
 20
66.375
 10
88.13125000000001
 20
66.375
 10
87.90937499999998
 20
66.375
 10
87.6875
 20
66.375
 10
87.46562499999999
 20
66.375
 10
87.24374999999999
 20
66.375
 10
87.021875
 20
66.375
 10
86.8
 20
66.375
 10
86.578125
 20
66.375
 10
86.35624999999999
 20
66.375
 10
86.13437499999998
 20
66.375
 10
85.9125
 20
66.375
 10
85.69062499999998
 20
66.375
 10
85.46875
 20
66.375
 10
85.24687499999999
 20
66.375
 10
85.02499999999999
 20
66.375
 10
84.803125
 20
66.375
 10
84.58125
 20
66.375
 10
84.35937499999999
 20
66.375
 10
84.13749999999999
 20
66.375
 10
83.91562499999998
 20
66.375
 10
83.69375
 20
66.375
 10
83.47187499999998
 20
66.375
 10
83.25
 20
66.375
 10
83.02812499999999
 20
66.375
 10
82.80624999999999
 20
66.375
 10
82.584375
 20
66.375
 10
82.36249999999998
 20
66.375
 10
82.14062499999999
 20
66.375
 10
81.91874999999999
 20
66.375
 10
81.69687499999999
 20
66.375
 10
81.47499999999998
 20
66.375
 10
81.253125
 20
66.375
 10
81.03124999999999
 20
66.375
 10
80.809375
 20
66.375
 10
80.58749999999999
 20
66.375
 10
80.365625
 20
66.375
 10
80.14375
 20
66.375
 10
79.921875
 20
66.375
 10
79.69999999999999
 20
66.375
 10
79.47812499999999
 20
66.375
 10
79.25625
 20
66.375
 10
79.03437499999998
 20
66.375
 10
78.81249999999999
 20
66.375
 10
78.59062499999999
 20
66.375
 10
78.36874999999998
 20
66.375
 10
78.146875
 20
66.375
 10
77.92499999999998
 20
66.375
 10
77.703125
 20
66.375
 10
77.48124999999999
 20
66.375
 10
77.25937499999999
 20
66.375
 10
77.0375
 20
66.375
 10
76.81562499999998
 20
66.375
 10
76.59374999999999
 20
66.375
 10
76.37187499999999
 20
66.375
 10
76.14999999999999
 20
66.375
 10
75.928125
 20
66.375
 10
75.70625
 20
66.375
 10
75.48437499999999
 20
66.375
 10
75.26249999999999
 20
66.375
 10
75.04062499999999
 20
66.375
 10
74.81875
 20
66.375
 10
74.59687499999998
 20
66.375
 10
74.375
 20
66.375
 10
74.15312499999999
 20
66.375
 10
73.93124999999999
 20
66.375
 10
73.70937499999998
 20
66.375
 10
73.48749999999998
 20
66.375
 10
73.265625
 20
66.375
 10
73.04374999999999
 20
66.375
 10
72.82187499999998
 20
66.375
 10
72.6
 20
66.375
 10
72.37812499999998
 20
66.375
 10
72.15625
 20
66.375
 10
71.93437499999999
 20
66.375
 10
71.71249999999999
 20
66.375
 10
71.490625
 20
66.375
 10
71.26874999999998
 20
66.375
 10
71.046875
 20
66.375
 10
70.82499999999999
 20
66.375
 10
70.60312499999999
 20
66.375
 10
70.38124999999998
 20
66.375
 10
70.15937500000001
 20
66.375
 10
69.9375
 20
66.375
 10
69.71562499999999
 20
66.375
 10
69.49374999999999
 20
66.375
 10
69.271875
 20
66.375
 10
69.04999999999998
 20
66.375
 10
68.82812499999997
 20
66.375
 10
68.60624999999999
 20
66.375
 10
68.38437499999999
 20
66.375
 10
68.16249999999998
 20
66.375
 10
67.94062499999998
 20
66.375
 10
67.71874999999999
 20
66.375
 10
67.49687499999999
 20
66.375
 10
67.27499999999998
 20
66.375
 10
67.05312499999998
 20
66.375
 10
66.83124999999998
 20
66.375
 10
66.60937499999999
 20
66.375
 10
66.38749999999997
 20
66.375
 10
66.165625
 20
66.375
 10
65.94375
 20
66.375
 10
65.721875
 20
66.375
 10
65.5
 20
66.375
 10
65.27812499999999
 20
66.375
 10
65.05625
 20
66.375
 10
64.834375
 20
66.375
 10
64.61249999999998
 20
66.375
 10
64.390625
 20
66.375
 10
64.16875
 20
66.375
 10
63.946874999999984
 20
66.375
 10
63.72500000000001
 20
66.375
 10
63.503125
 20
66.375
 10
63.28124999999999
 20
66.375
 10
63.059374999999996
 20
66.375
 10
62.837500000000006
 20
66.375
 10
62.615624999999994
 20
66.375
 10
62.39374999999999
 20
66.375
 10
62.171875
 20
66.375
 10
61.95
 20
66.375
 10
61.728124999999984
 20
66.375
 10
61.506249999999994
 20
66.375
 10
61.284375
 20
66.375
 10
61.06249999999999
 20
66.375
 10
60.84062499999999
 20
66.375
 10
60.61874999999999
 20
66.375
 10
60.396875
 20
66.375
 10
60.175
 20
66.375
 10
59.953125
 20
66.375
 10
59.731249999999996
 20
66.375
 10
59.509375
 20
66.375
 10
59.287499999999994
 20
66.375
 10
59.065625
 20
66.375
 10
58.84375
 20
66.375
 10
58.621874999999996
 20
66.375
 10
58.39999999999999
 20
66.375
 10
58.178124999999994
 20
66.375
 10
57.95624999999999
 20
66.375
 10
57.73437499999999
 20
66.375
 10
57.51249999999999
 20
66.375
 10
57.290625
 20
66.375
 10
57.068749999999994
 20
66.375
 10
56.84687499999999
 20
66.375
 10
56.62499999999999
 20
66.375
 10
56.403124999999996
 20
66.375
 10
56.18124999999999
 20
66.375
 10
55.95937499999999
 20
66.375
 10
55.73749999999999
 20
66.375
 10
55.515625
 20
66.375
 10
55.29374999999999
 20
66.375
 10
55.07187499999999
 20
66.375
 10
54.85
 20
66.375
 10
54.62812499999999
 20
66.375
 10
54.40625
 20
66.375
 10
54.18437499999999
 20
66.375
 10
53.962500000000006
 20
66.375
 10
53.740624999999994
 20
66.375
 10
53.51874999999999
 20
66.375
 10
53.296875
 20
66.375
 10
53.075
 20
66.375
 10
52.85312499999999
 20
66.375
 10
52.631249999999994
 20
66.375
 10
52.409375
 20
66.375
 10
52.1875
 20
66.375
 10
51.96562499999999
 20
66.375
 10
51.74374999999999
 20
66.375
 10
51.521874999999994
 20
66.375
 10
51.3
 20
66.375
  0
LINE
  5
D8
330
17
100
AcDbEntity
  8
01-VISIBLE
100
AcDbLine
 10
140.05
 20
66.375
 30
0.0
 11
140.05
 21
309.96154022288897
 31
0.0
  0
LWPOLYLINE
  5
D9
330
17
100
AcDbEntity
  8
01-VISIBLE
100
AcDbPolyline
 90
347
 70
0
 10
141.05
 20
309.96154022288897
 10
141.04948121615513
 20
310.11159662987313
 10
141.04792332250202
 20
310.26164584508786
 10
141.04532426217435
 20
310.41168063625327
 10
141.04168232350938
 20
310.56169373456066
 10
141.03699614387813
 20
310.7116778432508
 10
141.03126471291534
 20
310.8616256463316
 10
141.02448737513413
 20
311.01152981740677
 10
141.01666383191287
 20
311.1613830285886
 10
141.00779414284466
 20
311.31117795946585
 10
140.9978787264422
 20
311.4609073060975
 10
140.98691836019378
 20
311.6105637900043
 10
140.97491417996926
 20
311.76014016712656
 10
140.96186767877683
 20
311.9096292367217
 10
140.94778070487553
 20
312.0590238501693
 10
140.93265545925
 20
312.20831691965833
 10
140.91649449245736
 20
312.3575014267258
 10
140.89930070085921
 20
312.5065704306212
 10
140.88107732225788
 20
312.6555170764715
 10
140.86182794395214
 20
312.80433460491395
 10
140.84155637409907
 20
312.953016343165
 10
140.82026636199151
 20
313.1015556702457
 10
140.79796155838142
 20
313.24994600850033
 10
140.77464551525304
 20
313.3981808198828
 10
140.75032168565446
 20
313.5462536022668
 10
140.72499342358418
 20
313.6941578857805
 10
140.698663983931
 20
313.8418872291629
 10
140.67133652246397
 20
313.9894352161417
 10
140.64301409587074
 20
314.13679545183123
 10
140.6136996618423
 20
314.28396155914857
 10
140.58339607920175
 20
314.43092717524723
 10
140.55210610807592
 20
314.57768594796585
 10
140.51983241010805
 20
314.7242315322916
 10
140.48657754871016
 20
314.87055758683584
 10
140.45234398935406
 20
315.01665777032076
 10
140.41713409989964
 20
315.1625257380753
 10
140.3809501509599
 20
315.30815513853884
 10
140.34379473551343
 20
315.4535397176795
 10
140.30567223812605
 20
315.5986737126525
 10
140.26658756340015
 20
315.74355155794785
 10
140.22654563390012
 20
315.88816776135036
 10
140.18555138771993
 20
316.0325169031213
 10
140.14360977612802
 20
316.17659363513746
 10
140.1007257612734
 20
316.3203926799843
 10
140.05690431395334
 20
316.4639088300057
 10
140.01215041144286
 20
316.60713694631374
 10
139.96646903538647
 20
316.750071957759
 10
139.91986516975123
 20
316.8927088598653
 10
139.8723437988424
 20
317.03504271372964
 10
139.82390990538005
 20
317.17706864489037
 10
139.77456846863763
 20
317.31878184216527
 10
139.72432446264145
 20
317.4601775564611
 10
139.67318285443082
 20
317.6012510995574
 10
139.62114860237847
 20
317.74199784286577
 10
139.5682266545707
 20
317.88241321616664
 10
139.51442197561528
 20
318.0224927172932
 10
139.45973994823342
 20
318.1622320696281
 10
139.4041862742591
 20
318.30162719369594
 10
139.347766644641
 20
318.4406740825104
 10
139.29048672874913
 20
318.5793687965863
 10
139.23235217264212
 20
318.7177074623237
 10
139.1733685974063
 20
318.8556862703745
 10
139.1135415975647
 20
318.9933014739968
 10
139.05287673955542
 20
319.1305493873953
 10
138.99137956027715
 20
319.26742638405267
 10
138.92905556570193
 20
319.40392889505114
 10
138.86591022955207
 20
319.54005340738695
 10
138.8019489920415
 20
319.6757964622793
 10
138.73717725867888
 20
319.8111546534742
 10
138.67160039913188
 20
319.9461246255454
 10
138.60522374615076
 20
320.0807030721933
 10
138.53805259454998
 20
320.21488673454235
 10
138.47009220024634
 20
320.3486723994396
 10
138.4013477793522
 20
320.48205689775307
 10
138.33182457892963
 20
320.6150371402674
 10
138.26152830953095
 20
320.74761034791834
 10
138.190464871797
 20
320.8797739180639
 10
138.11864014640778
 20
321.0115253159763
 10
138.04605999166535
 20
321.1428620729579
 10
137.97273024191773
 20
321.27378178484764
 10
137.89865670604698
 20
321.40428211051744
 10
137.82384516601996
 20
321.53436077036025
 10
137.74830137550117
 20
321.66401554477085
 10
137.67203105852627
 20
321.7932442726212
 10
137.59503990823544
 20
321.922044849732
 10
137.51733358566517
 20
322.0504152273417
 10
137.43891771859774
 20
322.1783534105743
 10
137.35979790046656
 20
322.3058574569069
 10
137.27997968931686
 20
322.4329254746389
 10
137.19946860681978
 20
322.55955562136336
 10
137.11827013733932
 20
322.6857461024413
 10
137.03638972705033
 20
322.8114951694812
 10
136.9538327831063
 20
322.9368011188227
 10
136.87060467867082
 20
323.06166229391965
 10
136.78671086478417
 20
323.1860771600396
 10
136.70215687076967
 20
323.3100443069811
 10
136.61694820456927
 20
323.43356238310537
 10
136.5310903476642
 20
323.5566300914169
 10
136.44458875395202
 20
323.67924618823383
 10
136.3574488486733
 20
323.80140948185755
 10
136.26967602738682
 20
323.9231188312416
 10
136.18127565499253
 20
324.04437314466253
 10
136.09225306480167
 20
324.1651713783922
 10
136.00261355765238
 20
324.28551253537375
 10
135.91236240107057
 20
324.4053956639014
 10
135.82150482847456
 20
324.52481985630527
 10
135.73004603842293
 20
324.6437842476419
 10
135.63799119390399
 20
324.76228801439163
 10
135.54534542166664
 20
324.88033037316256
 10
135.45211381159083
 20
324.99791057940325
 10
135.3583014160972
 20
325.1150279261235
 10
135.26391324959425
 20
325.2316817426242
 10
135.1689542879629
 20
325.34787139323697
 10
135.07342947027533
 20
325.46359627789536
 10
134.97734372575786
 20
325.57885585383355
 10
134.88070197344473
 20
325.693649635344
 10
134.78350910670497
 20
325.8079771807307
 10
134.68576999216194
 20
325.9218380909677
 10
134.58748946895057
 20
326.03523200860934
 10
134.4886723480099
 20
326.1481586167036
 10
134.3893234114101
 20
326.2606176377095
 10
134.28944741171344
 20
326.37260883242004
 10
134.18904907136857
 20
326.4841319988904
 10
134.08813308213738
 20
326.59518697137236
 10
133.98670410455347
 20
326.7057736192555
 10
133.88476676741192
 20
326.8158918460158
 10
133.78232566728934
 20
326.9255415881719
 10
133.67938536809368
 20
327.0347228142496
 10
133.57595040064268
 20
327.1434355237553
 10
133.47202526227093
 20
327.25167974615783
 10
133.3676144164639
 20
327.35945553988074
 10
133.2627222925191
 20
327.4667629913033
 10
133.15735328523294
 20
327.57360221377235
 10
133.05151175456683
 20
327.67997334657787
 10
132.94520199389297
 20
327.78587652231175
 10
132.83842817979962
 20
327.891311814296
 10
132.73119445084666
 20
327.9962793134154
 10
132.62350492258798
 20
328.10077914270977
 10
132.51536368708997
 20
328.2048114565575
 10
132.40677481247275
 20
328.308376439863
 10
132.29774234247432
 20
328.41147430724953
 10
132.18827029603673
 20
328.5141053022557
 10
132.0783626669142
 20
328.616269696538
 10
131.96802342330244
 20
328.71796778907856
 10
131.8572565074889
 20
328.8191999053991
 10
131.74606583552358
 20
328.9199663967807
 10
131.6344552969096
 20
329.0202676394905
 10
131.52242875431367
 20
329.120104034015
 10
131.40999004329518
 20
329.2194760043004
 10
131.2971429720544
 20
329.3183839970004
 10
131.18389132119853
 20
329.4168284807311
 10
131.07023884352574
 20
329.5148099453343
 10
130.95618926382605
 20
329.6123289011479
 10
130.84174627869956
 20
329.7093858782851
 10
130.72691355639068
 20
329.8059814259212
 10
130.61169473051822
 20
329.90211610423773
 10
130.49609337613387
 20
329.99779045473406
 10
130.38011303418548
 20
330.09300502833435
 10
130.26375722196144
 20
330.1877603974171
 10
130.14702943286778
 20
330.2820571551747
 10
130.02993313621565
 20
330.37589591497334
 10
129.91247177702317
 20
330.4692773097192
 10
129.79464877583217
 20
330.56220199123135
 10
129.67646752853864
 20
330.6546706296206
 10
129.55793140623715
 20
330.74668391267613
 10
129.43904375507842
 20
330.83824254525786
 10
129.31980789614005
 20
330.9293472486968
 10
129.20022712530994
 20
331.0199987602019
 10
129.08030471318202
 20
331.11019783227425
 10
128.9600439049641
 20
331.19994523212887
 10
128.83944792039705
 20
331.28924174112336
 10
128.71851995368593
 20
331.3780881541942
 10
128.59726317344152
 20
331.46648527930085
 10
128.47568072263286
 20
331.55443393687676
 10
128.35377571855025
 20
331.64193495928845
 10
128.231551252778
 20
331.7289891903017
 10
128.10901039117704
 20
331.81559748455595
 10
127.9861561039057
 20
331.90176060708814
 10
127.86299107049084
 20
331.9874789498586
 10
127.73951789562781
 20
332.0727528320891
 10
127.61573917597012
 20
332.15758259466907
 10
127.49165749983347
 20
332.24196859981583
 10
127.36727544690783
 20
332.3259112307344
 10
127.24259558797708
 20
332.40941089127546
 10
127.11762048464645
 20
332.49246800559337
 10
126.99235268907763
 20
332.57508301780274
 10
126.86679474373153
 20
332.6572563916355
 10
126.74094918111858
 20
332.73898861009667
 10
126.61481852355666
 20
332.82028017512107
 10
126.4884052829365
 20
332.9011316072292
 10
126.36171196049449
 20
332.981543445184
 10
126.23474104659293
 20
333.06151624564774
 10
126.10749502050751
 20
333.1410505828393
 10
125.97997635022216
 20
333.22014704819236
 10
125.85218749223091
 20
333.2988062500144
 10
125.72413089134704
 20
333.37702881314664
 10
125.59580898051922
 20
333.45481537862463
 10
125.4672241806544
 20
333.53216660334107
 10
125.3383789004479
 20
333.6090831597089
 10
125.20927554327963
 20
333.6855657472793
 10
125.07991674277932
 20
333.7616154941542
 10
124.95030540393307
 20
333.83723403917406
 10
124.82044440940487
 20
333.91242304000434
 10
124.690336600984
 20
333.98718414062796
 10
124.55998478014304
 20
334.0615189710266
 10
124.42939170859079
 20
334.1354291468726
 10
124.29856010882008
 20
334.2089162692296
 10
124.1674926646506
 20
334.28198192426237
 10
124.03619202176597
 20
334.35462768295537
 10
123.90466078824583
 20
334.4268551008388
 10
123.77290153509222
 20
334.49866571772276
 10
123.64091679675032
 20
334.5700610574387
 10
123.50870907162366
 20
334.64104262758724
 10
123.37628082258362
 20
334.71161191929315
 10
123.24363447747305
 20
334.7817704069657
 10
123.11077242960427
 20
334.8515195480648
 10
122.97769703825101
 20
334.9208607828732
 10
122.84441062913473
 20
334.98979553427245
 10
122.71091549490484
 20
335.05832520752426
 10
122.57721389561318
 20
335.1264511900556
 10
122.44330805918244
 20
335.194174851248
 10
122.30920018186882
 20
335.2614975422301
 10
122.17489242718652
 20
335.32842059258775
 10
122.04038642642021
 20
335.39494429768115
 10
121.90568259697555
 20
335.4610665008858
 10
121.77078123454461
 20
335.52678476081076
 10
121.63568270078109
 20
335.5920967298934
 10
121.50038742288648
 20
335.6570001564208
 10
121.3648958931059
 20
335.7214928864483
 10
121.22920866813443
 20
335.78557286561164
 10
121.09332636843524
 20
335.8492381408269
 10
120.9572496774712
 20
335.9124868618761
 10
120.82097934085151
 20
335.97531728287305
 10
120.6845161653959
 20
336.03772776360745
 10
120.54786101811821
 20
336.0997167707636
 10
120.41101482513231
 20
336.16128287901114
 10
120.27397857048305
 20
336.2224247719656
 10
120.13675329490516
 20
336.28314124301716
 10
119.99934009451349
 20
336.3434311960251
 10
119.86174011942792
 20
336.4032936458784
 10
119.72395457233654
 20
336.46272771892006
 10
119.58598470700075
 20
336.52173265323586
 10
119.44783182670642
 20
336.5803077988072
 10
119.30949728266475
 20
336.6384526175287
 10
119.17098247236717
 20
336.6961666830904
 10
119.03228883789849
 20
336.75344968072767
 10
118.89341788325729
 20
336.8103014535346
 10
118.75437257655614
 20
336.8667254686909
 10
118.6151581711164
 20
336.9227309768424
 10
118.4757798958953
 20
336.97832742270043
 10
118.33624273150478
 20
337.03352387975366
 10
118.19655142553268
 20
337.08832906956246
 10
118.05671050671103
 20
337.1427513798091
 10
117.91672429803421
 20
337.1967988812006
 10
117.77659692891892
 20
337.2504793433127
 10
117.63633234648943
 20
337.3038002494571
 10
117.49593432606301
 20
337.35676881064575
 10
117.35540648090337
 20
337.4093919787214
 10
117.21475227130352
 20
337.4616764587174
 10
117.07397501305397
 20
337.51362872050515
 10
116.93307788534663
 20
337.5652550097829
 10
116.79206393816105
 20
337.6165613584564
 10
116.65093609917457
 20
337.6675535944582
 10
116.50969718023536
 20
337.7182373510489
 10
116.36834988343361
 20
337.76861807564205
 10
116.22689680680318
 20
337.8187010381909
 10
116.08534044968417
 20
337.86849133917485
 10
115.94368321777394
 20
337.9179939172204
 10
115.80192742789248
 20
337.96721355639147
 10
115.66007531248673
 20
338.0161548931825
 10
115.51812902389645
 20
338.06482242324773
 10
115.37608933720443
 20
338.11321668221
 10
115.23394957227619
 20
338.1613161888073
 10
115.09170067089309
 20
338.209091953094
 10
114.94933400742438
 20
338.2565156278542
 10
114.80684149752517
 20
338.3035598045038
 10
114.66421569477663
 20
338.3501982912197
 10
114.52144987549336
 20
338.39640637531596
 10
114.37853810906311
 20
338.442161062577
 10
114.23547531180161
 20
338.48744128705744
 10
114.09225728303456
 20
338.5322280860029
 10
113.94888072290617
 20
338.5765047359543
 10
113.80534323219761
 20
338.6202568476774
 10
113.66164329516452
 20
338.66347241918845
 10
113.51778024702273
 20
338.70614184772626
 10
113.37375422819076
 20
338.7482579029464
 10
113.22956612771831
 20
338.7898156648077
 10
113.08521751848834
 20
338.83081243053897
 10
112.94071058678782
 20
338.87124759568445
 10
112.79604805872032
 20
338.91112251453563
 10
112.65123312570844
 20
338.9504403452935
 10
112.50626937104033
 20
338.98920588509833
 10
112.36116069907813
 20
339.0274253996792
 10
112.21591126839805
 20
339.065106451848
 10
112.07052542979223
 20
339.102257732464
 10
111.92500766974807
 20
339.1388888968509
 10
111.77936417807652
 20
339.17501695793237
 10
111.63360756729162
 20
339.21068596263177
 10
111.48775046166828
 20
339.2459418185323
 10
111.3418037350965
 20
339.28082485378883
 10
111.1957768756391
 20
339.3153709315507
 10
111.04967826898435
 20
339.3496123386791
 10
110.90351542393054
 20
339.38357851193837
 10
110.7572951564265
 20
339.41729664829575
 10
110.61102374438454
 20
339.4507922351557
 10
110.46470706275846
 20
339.48408952974967
 10
110.31835070678855
 20
339.5172120135029
 10
110.17196011063415
 20
339.5501828466153
 10
110.02554066879097
 20
339.58302535045925
 10
109.87909786885588
 20
339.6157635514482
 10
109.73263744672477
 20
339.64842283142315
 10
109.5861655799575
 20
339.6810307495402
 10
109.43968914333385
 20
339.71361813526147
 10
109.29321606558824
 20
339.74622061344826
 10
109.14675585428786
 20
339.7788808356021
 10
109.00032041086298
 20
339.8116519103427
 10
108.85392537349568
 20
339.84460297896754
 10
108.70759249012018
 20
339.8778288973057
 10
108.56135419820845
 20
339.91146851429886
 10
108.41526357825353
 20
339.9457432889126
 10
108.26942009499855
 20
339.98105339989195
 10
108.12403272256725
 20
340.01819266653933
 10
107.97920665669636
 20
340.05746658536475
 10
107.83441583951617
 20
340.0968696115407
 10
107.68873744039408
 20
340.1328307309406
 10
107.54203382057051
 20
340.16435782956995
 10
107.39466200763397
 20
340.1926109232309
 10
107.24689591185523
 20
340.2187301508106
 10
107.09888642535522
 20
340.2434356364037
 10
106.95071655403422
 20
340.2671614771483
 10
106.80243475808463
 20
340.2901780271325
 10
106.65407115868862
 20
340.3126615346411
 10
106.50564552547542
 20
340.3347319720727
 10
106.35717143566481
 20
340.3564741313856
 10
106.20865857033412
 20
340.37794988723346
 10
106.06011405163952
 20
340.39920563329395
 10
105.9115432586896
 20
340.4202769702811
 10
105.76295034579293
 20
340.44119176546366
 10
105.61433858331735
 20
340.46197221130456
 10
105.46571058875996
 20
340.4826362484217
 10
105.31706848758157
 20
340.50319857281033
 10
105.16841402778195
 20
340.5236713639724
 10
105.0197486632133
 20
340.54406482126046
 10
104.87107361527757
 20
340.56438756564364
 10
104.7223899193682
 20
340.5846469452466
 10
104.57369846034601
 20
340.6048492709003
 10
104.425
 20
340.625
  0
LWPOLYLINE
  5
DA
330
17
100
AcDbEntity
  8
01-VISIBLE
100
AcDbPolyline
 90
347
 70
0
 10
50.3
 20
309.96154022288874
 10
50.30051878346307
 20
310.1115966298746
 10
50.30207667668894
 20
310.26164584509354
 10
50.30467573703531
 20
310.41168063625844
 10
50.3083176761361
 20
310.5616937345551
 10
50.31300385634535
 20
310.7116778432272
 10
50.31873528771733
 20
310.8616256462926
 10
50.32551262553596
 20
311.0115298173664
 10
50.33333616840407
 20
311.1613830285669
 10
50.34220585690133
 20
311.31117795947796
 10
50.3521212728169
 20
311.4609073061418
 10
50.36308163896074
 20
311.61056379005595
 10
50.37508581955511
 20
311.7601401671484
 10
50.388132321205376
 20
311.9096292367037
 10
50.40221929547418
 20
312.059023850118
 10
50.41734454046818
 20
312.2083169196691
 10
50.43350550790213
 20
312.35750142666836
 10
50.450699298675694
 20
312.50657043065803
 10
50.46892267812575
 20
312.6555170764062
 10
50.488172056040455
 20
312.8043346048961
 10
50.508443627054326
 20
312.9530163429878
 10
50.52973364104782
 20
313.10155566979836
 10
50.55203844553588
 20
313.24994600792195
 10
50.57535448792816
 20
313.3981808194211
 10
50.59967831544312
 20
313.546253602148
 10
50.6250065749174
 20
313.6941578861063
 10
50.65133601252046
 20
313.8418872298535
 10
50.67866347337749
 20
313.98943521694434
 10
50.7069859011029
 20
314.1367954524153
 10
50.736300337246924
 20
314.28396155931125
 10
50.76660392079752
 20
314.4309271752237
 10
50.79789389196154
 20
314.5776859479342
 10
50.830167589899155
 20
314.7242315322667
 10
50.86342245124259
 20
314.87055758682334
 10
50.89765601061643
 20
315.01665777030405
 10
50.93286588434916
 20
315.1625257418913
 10
50.969049868113274
 20
315.3081551336302
 10
51.00620525170643
 20
315.45353972093255
 10
51.04432776976216
 20
315.5986737104488
 10
51.08341243756148
 20
315.74355155764715
 10
51.12345436743414
 20
315.88816776094177
 10
51.16444861539882
 20
316.0325169022068
 10
51.20639022675869
 20
316.1765936342919
 10
51.24927423944178
 20
316.3203926797872
 10
51.293095684131956
 20
316.4639088306114
 10
51.337849585301896
 20
316.60713694733715
 10
51.38353096221134
 20
316.75007195850856
 10
51.43013482987119
 20
316.8927088599535
 10
51.47765620018328
 20
317.03504271402005
 10
51.52609009005482
 20
317.1770686464056
 10
51.57543152501839
 20
317.31878184429763
 10
51.625675533970686
 20
317.46017755753985
 10
51.676817149661154
 20
317.6012510979227
 10
51.728851409447174
 20
317.741997838374
 10
51.7817733560161
 20
317.88241321215105
 10
51.835578025224045
 20
318.0224927170073
 10
51.890260061825806
 20
318.1622320657304
 10
51.94581374675095
 20
318.3016271854355
 10
52.00223338239133
 20
318.44067407181046
 10
52.05951329677786
 20
318.5793687865129
 10
52.11764784430848
 20
318.717707455858
 10
52.17663140642678
 20
318.8556862695181
 10
52.236458392252835
 20
318.99330147923297
 10
52.297123239167746
 20
319.1305493975325
 10
52.35862041335331
 20
319.2674263964737
 10
52.42094441028831
 20
319.4039289063902
 10
52.48408975520278
 20
319.54005341465734
 10
52.54805100349176
 20
319.6757964644719
 10
52.61282273910343
 20
319.8111546546045
 10
52.67839958876065
 20
319.9461246314472
 10
52.74477626658248
 20
320.08070306585
 10
52.8119474049942
 20
320.2148867348276
 10
52.8799077841733
 20
320.34867240738186
 10
52.94865223728629
 20
320.482056889077
 10
53.01817541965438
 20
320.61503714106806
 10
53.08847168134263
 20
320.74761035277805
 10
53.15953513460684
 20
320.8797739145778
 10
53.231359855700724
 20
321.0115253148424
 10
53.303940008375825
 20
321.1428620729612
 10
53.377269758266515
 20
321.27378178477073
 10
53.451343294229055
 20
321.4042821103885
 10
53.526154834229075
 20
321.534360770247
 10
53.60169862462432
 20
321.66401554472964
 10
53.67796894144213
 20
321.7932442726727
 10
53.75496009160981
 20
321.9220448498572
 10
53.83266641413827
 20
322.0504152274922
 10
53.91108228125941
 20
322.1783534106918
 10
53.99020209951775
 20
322.30585745694555
 10
54.070020310816865
 20
322.4329254745837
 10
54.15053139342112
 20
322.5595556212401
 10
54.23172986291341
 20
322.6857461023106
 10
54.313610273109404
 20
322.8114951694111
 10
54.39616721692895
 20
322.93680111883464
 10
54.47939532161915
 20
323.06166229376134
 10
54.56328913576443
 20
323.1860771597071
 10
54.64784312977367
 20
323.31004430665246
 10
54.73305179578221
 20
323.43356238290914
 10
54.81890965241827
 20
323.5566300914084
 10
54.9054112458899
 20
323.67924618839504
 10
54.9925511510337
 20
323.80140948211493
 10
55.08032397232548
 20
323.9231188314952
 10
55.16872434485324
 20
324.04437314481873
 10
55.25774693525288
 20
324.1651713783946
 10
55.34738644260697
 20
324.28551253522363
 10
55.43763759930701
 20
324.4053956636624
 10
55.528495171879705
 20
324.5248198560841
 10
55.619953961777576
 20
324.6437842475391
 10
55.71200880613451
 20
324.7622880144146
 10
55.8046545793106
 20
324.88033037244713
 10
55.89788618978359
 20
324.99791057837496
 10
55.99169858326507
 20
325.11502792670774
 10
56.08608674898082
 20
325.23168174384307
 10
56.18104571320259
 20
325.3478713923375
 10
56.27657053066093
 20
325.46359627718914
 10
56.37265627423726
 20
325.57885585390994
 10
56.46929802864765
 20
325.6936496336514
 10
56.56649090054559
 20
325.8079771746525
 10
56.66423001928663
 20
325.92183808128755
 10
56.762510543638726
 20
326.0352319979431
 10
56.86132766221892
 20
326.1481586081052
 10
56.9606765936966
 20
326.26061763363765
 10
57.06055258697808
 20
326.37260883406975
 10
57.16095092137324
 20
326.4841320058954
 10
57.26186690674461
 20
326.5951869818829
 10
57.363295883639644
 20
326.70577363039547
 10
57.4652332234067
 20
326.8158918547232
 10
57.56767432829521
 20
326.92554159242593
 10
57.67061463154066
 20
327.03472281468737
 10
57.77404960009508
 20
327.1434355231437
 10
57.87797473639015
 20
327.25167974754174
 10
57.98238558301275
 20
327.3594555404701
 10
58.08727771062058
 20
327.46676298831375
 10
58.19264671447755
 20
327.573602214172
 10
58.29848824045361
 20
327.67997335163494
 10
58.40479800947149
 20
327.78587651899284
 10
58.51157182299924
 20
327.8913118115588
 10
58.6188055460054
 20
327.99627931675167
 10
58.72649507596026
 20
328.1007791442906
 10
58.83463631704604
 20
328.20481145233333
 10
58.94322518779024
 20
328.30837643970517
 10
59.05225765819161
 20
328.4114743066638
 10
59.16172970565686
 20
328.5141053005741
 10
59.271637335136695
 20
328.61626969447275
 10
59.38197657817057
 20
328.71796778764104
 10
59.49274349276347
 20
328.8191999052975
 10
59.60393416344126
 20
328.9199663980997
 10
59.71554470129555
 20
329.0202676416543
 10
59.82757124401876
 20
329.1201040360353
 10
59.9400099559294
 20
329.2194760053109
 10
60.052857027988125
 20
329.31838399707834
 10
60.16610867766316
 20
329.41682848216834
 10
60.27976115737208
 20
329.51480994440647
 10
60.39381073954179
 20
329.6123288973343
 10
60.50825372149048
 20
329.7093858782236
 10
60.62308643852153
 20
329.8059814321308
 10
60.738305267876434
 20
329.90211610626744
 10
60.85390662706137
 20
329.9977904509661
 10
60.96988696936721
 20
330.0930050241348
 10
61.08624277866542
 20
330.1877603968118
 10
61.202970564900944
 20
330.2820571581061
 10
61.32006686111419
 20
330.3758959184501
 10
61.43752822230471
 20
330.4692773106813
 10
61.555351225996205
 20
330.56220198902366
 10
61.67353247397336
 20
330.6546706265415
 10
61.7920685943324
 20
330.7466839121013
 10
61.9109562427165
 20
330.8382425482852
 10
62.03019210139157
 20
330.9293472520655
 10
62.149772874654104
 20
331.01999876036206
 10
62.269695286942124
 20
331.11019783222196
 10
62.389956095219205
 20
331.1999452319975
 10
62.51055207971355
 20
331.2892417410903
 10
62.631480046296204
 20
331.37808815433607
 10
62.75273682648869
 20
331.46648527951385
 10
62.874319277371775
 20
331.55443393698687
 10
62.99622428287699
 20
331.6419349574109
 10
63.118448752317676
 20
331.7289891832905
 10
63.24098960099786
 20
331.8155974958205
 10
63.363843901427366
 20
331.9017605995879
 10
63.48700892921002
 20
331.98747895047165
 10
63.61048209958945
 20
332.07275283917284
 10
63.734260824165816
 20
332.15758259458886
 10
63.858342500822744
 20
332.24196859897046
 10
63.982724554160455
 20
332.3259112292788
 10
64.10740441306794
 20
332.40941088985517
 10
64.23237951594415
 20
332.49246800485724
 10
64.35764731083725
 20
332.57508301809133
 10
64.48320525558078
 20
332.6572563928446
 10
64.60905081792636
 20
332.7389886117171
 10
64.73518147567327
 20
332.8202801764541
 10
64.86159471679485
 20
332.90113160777815
 10
64.98828803956265
 20
332.98154344522027
 10
65.11525895359182
 20
333.0615162454813
 10
65.24250497978731
 20
333.141050582497
 10
65.37002365001264
 20
333.220147047947
 10
65.49781250781788
 20
333.29880625007144
 10
65.62586910852576
 20
333.3770288134917
 10
65.75419101931487
 20
333.45481537903345
 10
65.88277581930004
 20
333.5321666035498
 10
66.01162109984779
 20
333.6090831593448
 10
66.14072446423975
 20
333.685565734754
 10
66.27008325338429
 20
333.7616155009352
 10
66.39969459409804
 20
333.83723404274235
 10
66.5295555934409
 20
333.91242303526144
 10
66.6596634008706
 20
333.98718413761645
 10
66.7900152181559
 20
334.06151897424917
 10
66.92060828954041
 20
334.13542915038624
 10
67.05143989241876
 20
334.20891626720964
 10
67.18250733748937
 20
334.28198192063155
 10
67.31380797693441
 20
334.35462768554396
 10
67.44533920960464
 20
334.426855104967
 10
67.57709846497264
 20
334.49866571779415
 10
67.70908320314402
 20
334.5700610578255
 10
67.84129092808705
 20
334.6410426283161
 10
67.97371917705547
 20
334.7116119201563
 10
68.10636552223875
 20
334.7817704076912
 10
68.23922757029432
 20
334.8515195484345
 10
68.37230296188292
 20
334.92086078279135
 10
68.50558937120681
 20
334.9897955337893
 10
68.6390845055515
 20
335.0583252068177
 10
68.77278610483047
 20
335.12645118937417
 10
68.90669194113363
 20
335.194174850819
 10
69.04079981827908
 20
335.2614975421361
 10
69.17510757259389
 20
335.328420593233
 10
69.3096135712413
 20
335.39494430261146
 10
69.44431739851248
 20
335.4610665102435
 10
69.57921875949384
 20
335.5267847731428
 10
69.71431729286715
 20
335.5920967430313
 10
69.84961257144319
 20
335.6570001681369
 10
69.98510410277149
 20
335.72149289491193
 10
70.12079132982527
 20
335.7855728696656
 10
70.2566736317599
 20
335.84923814010983
 10
70.39275032474387
 20
335.91248685681387
 10
70.52902066286032
 20
335.97531727456555
 10
70.66548383907731
 20
336.03772775363643
 10
70.80213898628497
 20
336.0997167609483
 10
70.93898517839706
 20
336.1612828711393
 10
71.07602143151485
 20
336.22242476752723
 10
71.21324670515057
 20
336.2831412429687
 10
71.35065990350796
 20
336.3434312006132
 10
71.48825987681693
 20
336.4032936545496
 10
71.6260454227195
 20
336.46272773034616
 10
71.76401528770413
 20
336.52173266548164
 10
71.90216816858475
 20
336.5803078096687
 10
72.04050271402228
 20
336.6384526250681
 10
72.17901752608402
 20
336.6961666863958
 10
72.31771116183879
 20
336.7534496809212
 10
72.45658214175359
 20
336.810301391987
 10
72.59562740603377
 20
336.8667255115802
 10
72.73484182875437
 20
336.9227309768183
 10
72.87422010388826
 20
336.978327422895
 10
73.01375726830439
 20
337.0335238798833
 10
73.15344857437934
 20
337.0883290694301
 10
73.29328949324884
 20
337.142751379554
 10
73.43327570186601
 20
337.1967988811002
 10
73.57340307088543
 20
337.2504793434627
 10
73.71366765330602
 20
337.30380024963034
 10
73.85406567381176
 20
337.35676881060886
 10
73.99459351874835
 20
337.4093919792811
 10
74.1352477279918
 20
337.4616764602357
 10
74.2760249861847
 20
337.51362872217646
 10
74.41692211415868
 20
337.56525501072616
 10
74.55793606175928
 20
337.61656135825905
 10
74.69906390109225
 20
337.6675535933023
 10
74.84030282015154
 20
337.7182373495588
 10
74.98165011680045
 20
337.7686180745813
 10
75.123103193079
 20
337.8187010381243
 10
75.26465954981269
 20
337.86849134020366
 10
75.40631678149923
 20
337.91799391888907
 10
75.54807257145134
 20
337.9672135578562
 10
75.68992468717488
 20
338.0161548937261
 10
75.83187097324141
 20
338.06482243117574
 10
75.97391066333492
 20
338.1132166801658
 10
76.11605042946569
 20
338.1613161831615
 10
76.25829932728047
 20
338.20909195807184
 10
76.40066599246104
 20
338.25651562773555
 10
76.5431585031788
 20
338.3035598019056
 10
76.68578430597654
 20
338.3501982884742
 10
76.82855012447055
 20
338.3964063750101
 10
76.97146189021898
 20
338.4421610643993
 10
77.11452468746452
 20
338.4874412889281
 10
77.25774271675574
 20
338.5322280861965
 10
77.40111927742593
 20
338.57650473439446
 10
77.54465676822967
 20
338.62025684580743
 10
77.68835670483784
 20
338.663472418733
 10
77.83221975240323
 20
338.7061418492139
 10
77.97624577104915
 20
338.74825790506793
 10
78.1204338719113
 20
338.7898156655754
 10
78.26478248119726
 20
338.8308124311162
 10
78.40928941208797
 20
338.8712475991521
 10
78.55395194066045
 20
338.9111225161658
 10
78.69876687464776
 20
338.95044034333256
 10
78.84373062946324
 20
338.98920588259176
 10
78.98883930064646
 20
339.0274254001329
 10
79.13408873064292
 20
339.0651064549337
 10
79.27947456958992
 20
339.1022577342093
 10
79.42499235958958
 20
339.13888877889065
 10
79.57063580749352
 20
339.1750170173632
 10
79.71639243096213
 20
339.21068596971656
 10
79.86224953422591
 20
339.24594183544303
 10
80.00819625986409
 20
339.28082487457505
 10
80.15422312436804
 20
339.315370930996
 10
80.3003217348893
 20
339.3496123216411
 10
80.44648457842831
 20
339.38357850143467
 10
80.59270484120607
 20
339.4172966582894
 10
80.73897625104895
 20
339.4507922547402
 10
80.88529293571175
 20
339.4840895359821
 10
81.03164929299854
 20
339.5172120139272
 10
81.17803988917883
 20
339.5501828469237
 10
81.32445933122618
 20
339.583025349858
 10
81.47090213098727
 20
339.61576355162566
 10
81.61736255307204
 20
339.6484228318082
 10
81.7638344201014
 20
339.6810307487481
 10
81.91031085655666
 20
339.7136181352265
 10
82.05678393462838
 20
339.7462206119479
 10
82.20324414533668
 20
339.7788808367571
 10
82.34967958905868
 20
339.81165191017175
 10
82.49607462662003
 20
339.8446029779318
 10
82.6424075094437
 20
339.8778288987014
 10
82.78864580202551
 20
339.91146851278904
 10
82.93473646332157
 20
339.9457431132475
 10
83.08058000477975
 20
339.981052994004
 10
83.22596719694135
 20
340.0181929691789
 10
83.37079334386569
 20
340.05746658350625
 10
83.51558416048864
 20
340.09686961153506
 10
83.66126255962243
 20
340.1328307308838
 10
83.80796617941961
 20
340.1643578296369
 10
83.95533799233895
 20
340.1926109234016
 10
84.10310408807003
 20
340.21873015125453
 10
84.25111357467839
 20
340.243435636211
 10
84.39928344593382
 20
340.26716147736056
 10
84.54756524195325
 20
340.2901780268964
 10
84.69592884128423
 20
340.3126615348348
 10
84.84435447454544
 20
340.33473197194223
 10
84.99282856433916
 20
340.35647413137235
 10
85.14134142949183
 20
340.37794988845246
 10
85.28988594824057
 20
340.39920563413267
 10
85.4384567414151
 20
340.42027696953664
 10
85.58704965435507
 20
340.4411917644129
 10
85.73566141667241
 20
340.4619722113861
 10
85.88428941108741
 20
340.48263624952733
 10
86.03293151230827
 20
340.5031985736086
 10
86.18158597228867
 20
340.52367136345805
 10
86.33025133696633
 20
340.544064819952
 10
86.47892638478118
 20
340.5643875652205
 10
86.62761008044679
 20
340.5846469466125
 10
86.77630153944493
 20
340.6048492724427
 10
86.925
 20
340.625
  0
LINE
  5
DB
330
17
100
AcDbEntity
  8
01-VISIBLE
100
AcDbLine
 10
104.425
 20
340.625
 30
0.0
 11
104.425
 21
339.81911142959063
 31
0.0
  0
LWPOLYLINE
  5
DC
330
17
100
AcDbEntity
  8
01-VISIBLE
100
AcDbPolyline
 90
338
 70
0
 10
104.425
 20
339.81911142959063
 10
104.57395266116764
 20
339.7985612300182
 10
104.72285608428514
 20
339.77765724660946
 10
104.87170935122643
 20
339.7563990522672
 10
105.02051154097398
 20
339.73478622737827
 10
105.16926172967547
 20
339.71281835987935
 10
105.31795899070093
 20
339.6904950453231
 10
105.4666023947011
 20
339.6678158869427
 10
105.61519100966629
 20
339.6447804957167
 10
105.76372390098629
 20
339.6213884904325
 10
105.91220013151089
 20
339.5976394977494
 10
106.06061876161138
 20
339.57353315226135
 10
106.2089788492427
 20
339.5490690965581
 10
106.35727945000646
 20
339.5242469812867
 10
106.5055196172147
 20
339.4990664652112
 10
106.65369840195441
 20
339.4735272152724
 10
106.80181485315282
 20
339.44762890664657
 10
106.94986801764342
 20
339.421371222803
 10
107.09785694023279
 20
339.3947538555611
 10
107.24578066376803
 20
339.3677765051467
 10
107.39363822920502
 20
339.3404388802474
 10
107.54142867567731
 20
339.3127406980668
 10
107.68915104056579
 20
339.2846816843781
 10
107.83680435956889
 20
339.2562615735767
 10
107.98438766677367
 20
339.22748010873204
 10
108.13189999472735
 20
339.1983370416381
 10
108.27934036871832
 20
339.1688321040202
 10
108.42670778448823
 20
339.13896489864277
 10
108.57400122521139
 20
339.1087349884765
 10
108.7212196689768
 20
339.07814193494113
 10
108.86836208875056
 20
339.0471852979678
 10
109.01542745233749
 20
339.0158646360575
 10
109.16241472234331
 20
338.98417950634
 10
109.30932285613716
 20
338.95212946463414
 10
109.45615080581437
 20
338.9197140655078
 10
109.60289751815989
 20
338.8869328623395
 10
109.74956193461185
 20
338.8537854073804
 10
109.89614299122569
 20
338.8202712518168
 10
110.0426396186387
 20
338.7863899458333
 10
110.18905074203501
 20
338.75214103867745
 10
110.33537528111088
 20
338.7175240787242
 10
110.48161215004076
 20
338.6825386135415
 10
110.62776025744344
 20
338.64718418995693
 10
110.77381850634903
 20
338.6114603541245
 10
110.9197857941662
 20
338.57536665159256
 10
111.06566101265004
 20
338.5389026273727
 10
111.21144304787039
 20
338.5020678260087
 10
111.3571307801808
 20
338.46486179164725
 10
111.50272308418786
 20
338.4272840681085
 10
111.6482188287213
 20
338.3893341989581
 10
111.79361687674877
 20
338.3510117273693
 10
111.9389160757043
 20
338.31231616006954
 10
112.08411524622491
 20
338.27324692703303
 10
112.22921319982981
 20
338.233803449835
 10
112.37420874153293
 20
338.1939851517348
 10
112.51910066983129
 20
338.15379145776876
 10
112.6638877766944
 20
338.1132217948437
 10
112.80856884755453
 20
338.0722755918316
 10
112.95314266129809
 20
338.03095227966526
 10
113.09760799025787
 20
337.9892512914345
 10
113.24196360020646
 20
337.9471720624836
 10
113.38620825035053
 20
337.9047140305095
 10
113.53034069332642
 20
337.86187663566113
 10
113.67435967519653
 20
337.8186593206392
 10
113.81826393544708
 20
337.7750615307972
 10
113.9620522069868
 20
337.7310827142435
 10
114.1057232161469
 20
337.68672232194376
 10
114.2492756826821
 20
337.64197980782484
 10
114.39270831977292
 20
337.59685462887893
 10
114.53601983402918
 20
337.5513462452693
 10
114.6792089254946
 20
337.5054541204364
 10
114.82227428765293
 20
337.4591777212049
 10
114.96521460743497
 20
337.41251651789156
 10
115.10802856522724
 20
337.36546998441435
 10
115.25071483488168
 20
337.31803759840176
 10
115.39327207611456
 20
337.27021881866597
 10
115.53569889896748
 20
337.22201298106137
 10
115.67799389001826
 20
337.17341937971014
 10
115.82015562677039
 20
337.1244373105743
 10
115.96218267764684
 20
337.07506607163054
 10
116.10407360197092
 20
337.0253049630037
 10
116.24582694994868
 20
336.9751532871022
 10
116.38744126265277
 20
336.9246103487545
 10
116.5289150720079
 20
336.87367545534767
 10
116.6702469007779
 20
336.82234791696686
 10
116.81143526255423
 20
336.770627046537
 10
116.95247866174644
 20
336.7185121599657
 10
117.09337559357405
 20
336.66600257628744
 10
117.23412454406031
 20
336.61309761780984
 10
117.37472399002768
 20
336.5597966102611
 10
117.51517239909518
 20
336.5060988829392
 10
117.65546822967747
 20
336.4520037688625
 10
117.79560993098596
 20
336.3975106049215
 10
117.93559594303176
 20
336.34261873203303
 10
118.07542469663053
 20
336.2873274952952
 10
118.21509461340958
 20
336.23163624414394
 10
118.3546041058167
 20
336.1755443325113
 10
118.49395157713137
 20
336.11905111898506
 10
118.63313542147634
 20
336.06215596696615
 10
118.77215400828332
 20
336.0048582071772
 10
118.91100564299256
 20
335.9471570443611
 10
119.04968860766489
 20
335.8890516585705
 10
119.1882011724194
 20
335.8305412334394
 10
119.3265415954193
 20
335.77162495637515
 10
119.46470812286022
 20
335.71230201875267
 10
119.6026989889609
 20
335.6525716161116
 10
119.74051241595669
 20
335.5924329483551
 10
119.87814661409551
 20
335.5318852199518
 10
120.01559978163674
 20
335.4709276401391
 10
120.15287010485261
 20
335.40955942312996
 10
120.2899557580327
 20
335.3477797883209
 10
120.42685490349128
 20
335.28558796050334
 10
120.56356569157751
 20
335.2229831700764
 10
120.70008626068888
 20
335.1599646532628
 10
120.83641473728765
 20
335.0965316523261
 10
120.97254923592057
 20
335.0326834157912
 10
121.10848785924165
 20
334.9684191986665
 10
121.24422869803858
 20
334.9037382626681
 10
121.37976983126228
 20
334.8386398764471
 10
121.51510932605999
 20
334.77312331581794
 10
121.65024523781193
 20
334.70718786398976
 10
121.78517561017158
 20
334.6408328117996
 10
121.91989846686423
 20
334.5740574413526
 10
122.05441174962976
 20
334.5068609024844
 10
122.18871335036135
 20
334.439242280949
 10
122.32280114497036
 20
334.37120066769313
 10
122.45667299363792
 20
334.30273515965433
 10
122.5903267408136
 20
334.233844860042
 10
122.72376021521814
 20
334.1645288786222
 10
122.85697122985063
 20
334.0947863320061
 10
122.98995758200012
 20
334.02461634394166
 10
123.12271705326175
 20
333.95401804560953
 10
123.25524740955768
 20
333.882990575922
 10
123.38754640116275
 20
333.8115330818257
 10
123.51961176273511
 20
333.73964471860785
 10
123.6514412133518
 20
333.667324650206
 10
123.78303245654973
 20
333.5945720495213
 10
123.91438318037164
 20
333.52138609873475
 10
124.04549105741772
 20
333.447765989628
 10
124.1763537449026
 20
333.37371092390595
 10
124.30696888471809
 20
333.29922011352375
 10
124.43733410350163
 20
333.224292781017
 10
124.5674470127107
 20
333.14892815983444
 10
124.69730520870316
 20
333.07312549467457
 10
124.82690627281099
 20
332.99688404180324
 10
124.95624774278629
 20
332.9202030211627
 10
125.08532704995636
 20
332.84308151275195
 10
125.21414158825722
 20
332.7655185761322
 10
125.3426887313208
 20
332.6875132799075
 10
125.47096583249467
 20
332.60906470212547
 10
125.59897022486867
 20
332.53017193068393
 10
125.72669922130869
 20
332.45083406374215
 10
125.85415011449797
 20
332.37105021013804
 10
125.98132017698566
 20
332.2908194898105
 10
126.10820666124343
 20
332.2101410342265
 10
126.23480679972981
 20
332.12901398681447
 10
126.36111780496279
 20
332.04743750340145
 10
126.48713686960086
 20
331.96541075265645
 10
126.61286116653243
 20
331.8829329165383
 10
126.73828784897421
 20
331.80000319074855
 10
126.86341405057851
 20
331.716620785189
 10
126.98823688554972
 20
331.6327849244244
 10
127.11275344877018
 20
331.5484948481497
 10
127.23696081593577
 20
331.4637498116616
 10
127.36085604370118
 20
331.3785490863349
 10
127.48443616983525
 20
331.2928919601028
 10
127.60769821338002
 20
331.20677773793244
 10
127.73063913826027
 20
331.1202056904826
 10
127.85325576505804
 20
331.0331749315582
 10
127.97554486338333
 20
330.94568455293916
 10
128.0975031768713
 20
330.8577336607151
 10
128.21912742326032
 20
330.76932137586925
 10
128.3404142944818
 20
330.680446834869
 10
128.46136045676252
 20
330.59110919026455
 10
128.58196255073932
 20
330.50130761129543
 10
128.70221719158715
 20
330.4110412845038
 10
128.82212096915998
 20
330.3203094143563
 10
128.94167044814586
 20
330.2291112238717
 10
129.0608621682357
 20
330.13744595525714
 10
129.17969264430656
 20
330.04531287055016
 10
129.29815836661965
 20
329.9527112522687
 10
129.41625580103357
 20
329.8596404040665
 10
129.53398138923282
 20
329.76609965139613
 10
129.6513315489721
 20
329.6720883421774
 10
129.76830267433712
 20
329.5776058474723
 10
129.88489113602145
 20
329.48265156216553
 10
130.00109328162054
 20
329.3872249056509
 10
130.1169054359429
 20
329.29132532252237
 10
130.23232389591885
 20
329.19495227679715
 10
130.34734488182727
 20
329.0981051945187
 10
130.4619645542132
 20
329.0007834860283
 10
130.57617904125632
 20
328.9029865797186
 10
130.6899844392132
 20
328.80471392319663
 10
130.80337681256412
 20
328.70596498408133
 10
130.91635219417813
 20
328.6067392508106
 10
131.02890658549669
 20
328.50703623345856
 10
131.14103595673677
 20
328.40685546456234
 10
131.2527362471139
 20
328.30619649995884
 10
131.36400336508518
 20
328.2050589196303
 10
131.4748331886139
 20
328.10344232855925
 10
131.58522156545519
 20
328.00134635759264
 10
131.69516431346395
 20
327.8987706643142
 10
131.8046572209255
 20
327.7957149339255
 10
131.91369604690945
 20
327.69217888013475
 10
132.0222765216473
 20
327.5881622460535
 10
132.1303943469345
 20
327.48366480510106
 10
132.2380451965572
 20
327.3786863619149
 10
132.3452247167449
 20
327.273226753269
 10
132.45192852662527
 20
327.1672858489736
 10
132.5581521288683
 20
327.06086346330227
 10
132.66389070241775
 20
326.95395915340663
 10
132.76913932962003
 20
326.84657245291044
 10
132.8738930555695
 20
326.73870293252645
 10
132.97814688862692
 20
326.6303502012563
 10
133.08189580097422
 20
326.5215139076026
 10
133.18513472920662
 20
326.41219374079105
 10
133.28785857496257
 20
326.3023894320038
 10
133.39006220559295
 20
326.19210075562137
 10
133.4917404548699
 20
326.0813275304739
 10
133.59288812373666
 20
325.97006962110044
 10
133.69349998109885
 20
325.8583269390148
 10
133.79357076465826
 20
325.74609944397827
 10
133.89309518179007
 20
325.6333871452775
 10
133.99206791046396
 20
325.5201901030063
 10
134.09048360021012
 20
325.40650842935105
 10
134.18833687313105
 20
325.2923422898782
 10
134.28562232495938
 20
325.1776919048227
 10
134.38233452616288
 20
325.0625575503761
 10
134.4784680232782
 20
324.94693956012327
 10
134.57401760786288
 20
324.8308385461649
 10
134.66897884282454
 20
324.71425581972625
 10
134.76334738962444
 20
324.5971928225474
 10
134.85711885518845
 20
324.47965100081865
 10
134.95028879165687
 20
324.3616318065538
 10
135.04285269615275
 20
324.243136698978
 10
135.13480601056978
 20
324.12416714593013
 10
135.22614412138074
 20
324.00472462528023
 10
135.3168623594676
 20
323.88481062636265
 10
135.40695599997395
 20
323.7644266514252
 10
135.49642026218163
 20
323.6435742170945
 10
135.58525030941203
 20
323.52225485585825
 10
135.6734412489534
 20
323.4004701175644
 10
135.76098813201574
 20
323.27822157093766
 10
135.84788595371418
 20
323.15551080511347
 10
135.93412965308227
 20
323.03233943119017
 10
136.0197141131166
 20
322.90870908379867
 10
136.10463416085432
 20
322.7846214226904
 10
136.1888845674843
 20
322.6600781343438
 10
136.2724597276545
 20
322.53508071984373
 10
136.35535137004106
 20
322.4096289940879
 10
136.4375499480363
 20
322.28372207416066
 10
136.51904593482655
 20
322.1573592565003
 10
136.5998298388035
 20
322.0305400258917
 10
136.67989221030905
 20
321.9032640583569
 10
136.75922364853722
 20
321.7755312238654
 10
136.83781480858283
 20
321.647341588853
 10
136.91565640862672
 20
321.5186954185367
 10
136.99273923724581
 20
321.3895931790152
 10
137.06905416083598
 20
321.2600355391414
 10
137.14459213113437
 20
321.1300233721588
 10
137.2193441928273
 20
320.9995577570882
 10
137.29330149122893
 20
320.86863997985745
 10
137.36645528001537
 20
320.7372715341621
 10
137.43879692899762
 20
320.6054541220499
 10
137.51031793191672
 20
320.4731896542196
 10
137.58100991424365
 20
320.340480250028
 10
137.6508646410218
 20
320.20732823722557
 10
137.71987690278578
 20
320.07373763257675
 10
137.7880520050031
 20
319.9397178610415
 10
137.8553972174335
 20
319.8052791472967
 10
137.9219192870537
 20
319.6704312285803
 10
137.98762444209763
 20
319.5351833785218
 10
138.05251839504436
 20
319.3995444294137
 10
138.11660634451437
 20
319.2635227930304
 10
138.17989297603162
 20
319.12712648009443
 10
138.2423824616043
 20
318.99036311848164
 10
138.30407845807133
 20
318.85323997024983
 10
138.36498410415572
 20
318.71576394757005
 10
138.42510201615804
 20
318.5779416276342
 10
138.4844342822149
 20
318.439779266606
 10
138.54298245503796
 20
318.3012828126807
 10
138.60074754303716
 20
318.16245791831204
 10
138.65772999971958
 20
318.0233099516631
 10
138.7139297112417
 20
317.8838440073347
 10
138.76934598197508
 20
317.7440649164213
 10
138.8239732878709
 20
317.6039756146848
 10
138.87777421884385
 20
317.4635669004073
 10
138.93069817310092
 20
317.3228253134281
 10
138.98269637526562
 20
317.1817391049177
 10
139.033722356293
 20
317.04029840117977
 10
139.083732340655
 20
316.89849530777406
 10
139.13268560469703
 20
316.7563239794514
 10
139.1805447977235
 20
316.6137806539424
 10
139.227276218345
 20
316.4708636489538
 10
139.27285003994245
 20
316.3275733230769
 10
139.31724048070853
 20
316.18391200260544
 10
139.36042591551794
 20
316.039883877429
 10
139.40238892875905
 20
315.8954948701298
 10
139.4431163091162
 20
315.75075248313357
 10
139.48259898902566
 20
315.6056656292053
 10
139.5208319330488
 20
315.46024445074556
 10
139.5578139806469
 20
315.31450013323865
 10
139.5935476497597
 20
315.16844471787516
 10
139.62805452075563
 20
315.0220945630191
 10
139.66142367563634
 20
314.8754807421841
 10
139.6937511581939
 20
314.7286336670303
 10
139.7251209941201
 20
314.5815789955582
 10
139.755607370603
 20
314.43433859764605
 10
139.78527638913062
 20
314.28693129701156
 10
139.81418750443618
 20
314.1393734511289
 10
139.84239473623336
 20
313.9916794129542
 10
139.86994772323575
 20
313.8438619065403
 10
139.89689267982743
 20
313.69593234102723
 10
139.92327331404468
 20
313.547901082954
 10
139.9491317723456
 20
313.399777704877
 10
139.97450969557468
 20
313.2515712290465
 10
139.99944950972386
 20
313.10329038940654
 10
140.0239961522025
 20
312.95494394609284
 10
140.0481995889073
 20
312.80654111020533
 10
140.07211880393697
 20
312.6580921884705
 10
140.0958203014743
 20
312.5096083442791
 10
140.11907854907597
 20
312.3610545778006
 10
140.14121237561255
 20
312.21232960603413
 10
140.1614902006332
 20
312.06334094733177
 10
140.17935058075972
 20
311.9140437609425
 10
140.1945442620242
 20
311.76445177825326
 10
140.2071299717357
 20
311.61461756879066
 10
140.21736455727242
 20
311.46460400773196
 10
140.22558234308323
 20
311.31446607205476
 10
140.23211568117372
 20
311.1642451121369
 10
140.23725835722672
 20
311.0139699075193
 10
140.24125566062068
 20
310.86365973396477
 10
140.2443069180581
 20
310.71332728637765
 10
140.2465723408071
 20
310.56298088088784
 10
140.24818043721103
 20
310.41262596597704
 10
140.24923458354232
 20
310.2622661183897
 10
140.24981840127623
 20
310.11190368937844
 10
140.25
 20
309.96154022288897
  0
LINE
  5
DD
330
17
100
AcDbEntity
  8
01-VISIBLE
100
AcDbLine
 10
140.25000000000006
 20
309.96154022288886
 30
0.0
 11
141.05
 21
309.96154022288886
 31
0.0
  0
LINE
  5
DE
330
17
100
AcDbEntity
  8
01-VISIBLE
100
AcDbLine
 10
86.925
 20
340.6250003
 30
0.0
 11
86.925
 21
339.81911142959063
 31
0.0
  0
LINE
  5
DF
330
17
100
AcDbEntity
  8
01-VISIBLE
100
AcDbLine
 10
50.3
 20
309.96154022288886
 30
0.0
 11
51.09999999999995
 21
309.96154022288886
 31
0.0
  0
LWPOLYLINE
  5
E0
330
17
100
AcDbEntity
  8
01-VISIBLE
100
AcDbPolyline
 90
338
 70
0
 10
86.925
 20
339.819111429591
 10
86.77604733858988
 20
339.79856123180434
 10
86.6271439148866
 20
339.77765725259826
 10
86.47829064721242
 20
339.7563990634194
 10
86.32948845674225
 20
339.73478624353766
 10
86.18073826744872
 20
339.71281838008036
 10
86.03204100604653
 20
339.6904950680662
 10
85.8833976019366
 20
339.66781591043764
 10
85.7348089871497
 20
339.6447805180934
 10
85.58627609628965
 20
339.6213885099198
 10
85.43779986647617
 20
339.5976395128213
 10
85.28938123728726
 20
339.57353316175016
 10
85.14102115070125
 20
339.549069099736
 10
84.99272055103849
 20
339.5242469779139
 10
84.84448038490261
 20
339.4990664555516
 10
84.69630160112146
 20
339.47352720007666
 10
84.54818515068774
 20
339.447628887102
 10
84.40013198669922
 20
339.4213712004513
 10
84.25214306429868
 20
339.3947538321829
 10
84.10421934061353
 20
339.3677764826135
 10
83.95636177469521
 20
339.3404388603405
 10
83.80857132745811
 20
339.3127406822638
 10
83.66084896161838
 20
339.28468167360666
 10
83.51319564163245
 20
339.2562615679358
 10
83.3656123336352
 20
339.22748010718016
 10
83.21810000536706
 20
339.1983370417044
 10
83.07065963103565
 20
339.1688321058103
 10
82.92329221489425
 20
339.1389649022887
 10
82.77599877386513
 20
339.1087349936362
 10
82.62878032992074
 20
339.07814194098495
 10
82.4816379101259
 20
339.04718530413453
 10
82.33457254668014
 20
339.0158646415838
 10
82.18758527695984
 20
338.98417951056376
 10
82.04067714356052
 20
338.9521294670711
 10
81.89384919433884
 20
338.9197140659024
 10
81.74710248245472
 20
338.88693286068917
 10
81.6004380664133
 20
338.8537854039338
 10
81.4538570101068
 20
338.8202712470456
 10
81.30736038285633
 20
338.7863899403786
 10
81.1609492594536
 20
338.7521410332694
 10
81.01462472020248
 20
338.7175240740758
 10
80.86838785096047
 20
338.6825386102168
 10
80.72223974318008
 20
338.64718418821275
 10
80.57618149394996
 20
338.61146035372667
 10
80.43021420605905
 20
338.57536665151343
 10
80.284338988941
 20
338.53890262185547
 10
80.1385569561096
 20
338.502067811054
 10
79.99286922429529
 20
338.4648617747565
 10
79.8472769167757
 20
338.4272840648308
 10
79.70178116614349
 20
338.3893342190796
 10
79.55638311639282
 20
338.3510117540785
 10
79.41108392428416
 20
338.3123161610995
 10
79.26588475994811
 20
338.2732469050815
 10
79.12078680668908
 20
338.233803426608
 10
78.97579125995046
 20
338.1939851468499
 10
78.83089932540275
 20
338.15379147543325
 10
78.68611221611762
 20
338.1132218211861
 10
78.5414311487904
 20
338.072275605722
 10
78.39685733899282
 20
338.03095227974944
 10
78.25239200999172
 20
337.9892512916779
 10
78.10803639998643
 20
337.9471720629377
 10
77.96379174982715
 20
337.9047140310314
 10
77.81965930689205
 20
337.86187663606177
 10
77.67564032510302
 20
337.8186593207854
 10
77.53173606494096
 20
337.77506153066685
 10
77.38794779346071
 20
337.73108271393403
 10
77.24427678430546
 20
337.6867223216338
 10
77.10072431772079
 20
337.6419798076886
 10
76.95729168056832
 20
337.59685462895374
 10
76.81398016456075
 20
337.5513462508609
 10
76.67079107205605
 20
337.5054541293019
 10
76.52772571474638
 20
337.45917771510227
 10
76.38478539799746
 20
337.41251650249694
 10
76.24197143509703
 20
337.36546998452167
 10
76.09928515767965
 20
337.31803762188804
 10
75.95672792117813
 20
337.2702188280883
 10
75.81430110614777
 20
337.22201296737654
 10
75.67200611638859
 20
337.1734193622404
 10
75.52984437487045
 20
337.12443730694287
 10
75.38781731854745
 20
337.0750660836861
 10
75.24592639322984
 20
337.0253049779184
 10
75.1041730497666
 20
336.975153289279
 10
74.96255874287694
 20
336.9246103346491
 10
74.82108493405661
 20
336.8736754397545
 10
74.67975310007341
 20
336.8223479157398
 10
74.53856473655479
 20
336.77062705007825
 10
74.39752133613479
 20
336.7185121668475
 10
74.2566244056176
 20
336.66600257967
 10
74.11587545739347
 20
336.6130976151865
 10
73.97527601252
 20
336.5597966047615
 10
73.83482760256321
 20
336.5060988797748
 10
73.6945317699158
 20
336.4520037710658
 10
73.55439006708563
 20
336.3975106110531
 10
73.41440405548485
 20
336.34261873704634
 10
73.27457530428669
 20
336.28732749425205
 10
73.13490538995534
 20
336.2316362369719
 10
72.99539589709224
 20
336.1755443264782
 10
72.85604842128139
 20
336.11905112404935
 10
72.71686457465582
 20
336.06215597763736
 10
72.57784599494731
 20
336.00485820063705
 10
72.43899435882244
 20
335.94715704122154
 10
72.30031139268263
 20
335.8890516589541
 10
72.16179882759134
 20
335.8305412346317
 10
72.0234584042878
 20
335.7716249582921
 10
71.88529187675636
 20
335.7123020208923
 10
71.74730101082625
 20
335.6525716178689
 10
71.6094875842113
 20
335.59243294925125
 10
71.47185338654857
 20
335.5318852197769
 10
71.33440021943595
 20
335.4709276390087
 10
71.19712989646845
 20
335.4095594214547
 10
71.06004424327357
 20
335.34777978668905
 10
70.92314509754516
 20
335.285587959476
 10
70.78643430907627
 20
335.2229831698956
 10
70.64991373985211
 20
335.1599646533382
 10
70.51358526507815
 20
335.0965316484899
 10
70.3774507656594
 20
335.03268341363645
 10
70.24151213990821
 20
334.96841920166315
 10
70.1057713006989
 20
334.9037382665452
 10
69.9702301699167
 20
334.83863987525365
 10
69.8348906771276
 20
334.77312331048165
 10
69.69975476270555
 20
334.7071878641287
 10
69.56482438565801
 20
334.6408328214869
 10
69.43010153639344
 20
334.57405743607785
 10
69.29558825467899
 20
334.5068608950935
 10
69.16128664990497
 20
334.43924228160967
 10
69.02719885291748
 20
334.37120067304835
 10
68.8933270006341
 20
334.30273517208894
 10
68.75967324997643
 20
334.2338448792428
 10
68.6262397731459
 20
334.1645289025045
 10
68.49302875766793
 20
334.09478635751515
 10
68.36004240643408
 20
334.0246163677273
 10
68.22728293774233
 20
333.954018064574
 10
68.09475258533544
 20
333.88299058764073
 10
67.9624535984371
 20
333.8115330848403
 10
67.83038824178605
 20
333.73964471259086
 10
67.69855879566805
 20
333.667324635997
 10
67.56696755594528
 20
333.5945720290343
 10
67.43561683408375
 20
333.5213860747367
 10
67.30450895717786
 20
333.4477659653873
 10
67.1736462679728
 20
333.3737109027121
 10
67.04303112488398
 20
333.29922009807717
 10
66.91266590201407
 20
333.224292772689
 10
66.78255298916696
 20
333.14892815779774
 10
66.65269479153727
 20
333.0731254954535
 10
66.5230937189609
 20
332.9968840569876
 10
66.39375225445295
 20
332.92020302714565
 10
66.264672954155
 20
332.84308150723604
 10
66.13585841641344
 20
332.76551856968956
 10
66.00731126976902
 20
332.6875132793725
 10
65.87903416530618
 20
332.60906470697955
 10
65.7510297726232
 20
332.5301719360515
 10
65.62330077862768
 20
332.4508340651846
 10
65.49584988830337
 20
332.37105020701136
 10
65.36867982653474
 20
332.2908194855493
 10
65.24179334001428
 20
332.2101410335298
 10
65.11519319819509
 20
332.1290139913278
 10
64.98888219218715
 20
332.0474375091272
 10
64.86286313043078
 20
331.965410753965
 10
64.73713883654075
 20
331.8829329132234
 10
64.61171215661997
 20
331.80000318362204
 10
64.48658595077659
 20
331.7166207844272
 10
64.36176311093968
 20
331.63278493091866
 10
64.2372465485793
 20
331.5484948533882
 10
64.11303918722646
 20
331.4637498083904
 10
63.98914396243856
 20
331.37854907873464
 10
63.86556382963553
 20
331.2928919621229
 10
63.74230178024076
 20
331.20677774834974
 10
63.61936086656806
 20
331.1202056849892
 10
63.49674423590471
 20
331.03317493150723
 10
63.374455135361785
 20
330.9456845559933
 10
63.252496817167504
 20
330.85773367030185
 10
63.1308725660285
 20
330.769321391999
 10
63.0095856918127
 20
330.68044685509483
 10
62.88863952918727
 20
330.59110921096726
 10
62.768037437656766
 20
330.5013076287227
 10
62.64778280159507
 20
330.41104129556425
 10
62.527879030271166
 20
330.32030941716687
 10
62.40832955786829
 20
330.22911121806
 10
62.28913784349628
 20
330.13744594201665
 10
62.17030737119689
 20
330.04531285245065
 10
62.051841649941906
 20
329.9527112328202
 10
61.93374421362358
 20
329.85964038703935
 10
61.81601862103733
 20
329.7660996398958
 10
61.69866845585643
 20
329.67208833747685
 10
61.581697326598245
 20
329.5776058476015
 10
61.46510886665392
 20
329.4826515601715
 10
61.348906721981855
 20
329.3872249025284
 10
61.233094561386686
 20
329.2913253269801
 10
61.11767610333836
 20
329.19495227896465
 10
61.002655122061526
 20
329.09810519118747
 10
60.88803544708616
 20
329.0007834857486
 10
60.773820956099634
 20
328.9029865840545
 10
60.6600155604004
 20
328.80471392492973
 10
60.54662318789703
 20
328.70596498484406
 10
60.43364780576728
 20
328.6067392521675
 10
60.32109341431848
 20
328.5070362349697
 10
60.208964043495946
 20
328.4068554656133
 10
60.097263753811376
 20
328.3061965002481
 10
59.98599663636073
 20
328.2050589193531
 10
59.875166812831374
 20
328.10344232828896
 10
59.76477843549786
 20
328.00134635786094
 10
59.654835687706594
 20
327.8987706643588
 10
59.54534278621176
 20
327.79571492763233
 10
59.436303954446004
 20
327.6921788799292
 10
59.327723473023454
 20
327.5881622528389
 10
59.219605652762766
 20
327.48366480670137
 10
59.11195481163828
 20
327.3786863548018
 10
59.00477528369264
 20
327.2732267540301
 10
58.89807146122629
 20
327.16728586243755
 10
58.79184787174972
 20
327.0608634640162
 10
58.686109293328585
 20
326.9539591589406
 10
58.58086065813826
 20
326.84657246627967
 10
58.47610692603047
 20
326.73870295188505
 10
58.371853091245235
 20
326.63035022228746
 10
58.2681041822768
 20
326.52151392542265
 10
58.164865261720834
 20
326.41219375137047
 10
58.06214142610263
 20
326.3023894331063
 10
57.95993780568551
 20
326.1921007472646
 10
57.8582595642588
 20
326.081327514915
 10
57.7571118989047
 20
325.97006960235046
 10
57.65650003974344
 20
325.8583269218868
 10
57.55642924965601
 20
325.7460994326745
 10
57.45690482398379
 20
325.63338714152104
 10
57.357932090204294
 20
325.52019010372504
 10
57.259516397269145
 20
325.4065084328332
 10
57.16166312290674
 20
325.29234229460667
 10
57.06437767696328
 20
325.17769190456806
 10
56.967665483148295
 20
325.06255754391753
 10
56.87153197854975
 20
324.9469395598747
 10
56.77598239276648
 20
324.83083854691324
 10
56.6810211578269
 20
324.7142558204625
 10
56.586652611047136
 20
324.5971928232732
 10
56.49288114549059
 20
324.4796510015442
 10
56.39971120901234
 20
324.36163180729284
 10
56.3071473044907
 20
324.24313669974293
 10
56.21519399003816
 20
324.1241671467282
 10
56.12385587919106
 20
324.00472462611157
 10
56.03313764107731
 20
323.88481062722
 10
55.94304400056137
 20
323.7644266522954
 10
55.85357973836568
 20
323.64357421796143
 10
55.76474969116783
 20
323.522254856707
 10
55.67655875167245
 20
323.4004701183854
 10
55.58901186865713
 20
323.2782215717305
 10
55.502114046991316
 20
323.15551080588875
 10
55.4158703476273
 20
323.0323394319681
 10
55.3302858875623
 20
322.9087090846033
 10
55.245365839770685
 20
322.7846214235374
 10
55.16111543308226
 20
322.6600781352356
 10
55.07754025921013
 20
322.53508072996203
 10
54.99464863735274
 20
322.409628990635
 10
54.91245005629368
 20
322.2837220727008
 10
54.83095406087239
 20
322.1573592606167
 10
54.75017015899266
 20
322.030540028685
 10
54.67010779428682
 20
321.9032640568763
 10
54.59077635468712
 20
321.7755312232345
 10
54.51218518723663
 20
321.6473415927684
 10
54.4343435897003
 20
321.5186954209495
 10
54.35726076030124
 20
321.38959318188546
 10
54.28094582618095
 20
321.26003554821955
 10
54.20540785063099
 20
321.13002338429953
 10
54.13065579369203
 20
320.9995577665169
 10
54.05669850755293
 20
320.86863998236714
 10
53.98354473211351
 20
320.7372715292428
 10
53.91120309057994
 20
320.6054541130419
 10
53.83968208510259
 20
320.47318964659314
 10
53.76899009246579
 20
320.34048024789604
 10
53.69913536655216
 20
320.20732823467904
 10
53.63012311031111
 20
320.07373762712905
 10
53.56194799028278
 20
319.9397178646681
 10
53.49460277771731
 20
319.8052791510062
 10
53.42808071555445
 20
319.6704312286157
 10
53.36237556303351
 20
319.5351833773318
 10
53.29748160627704
 20
319.399544430049
 10
53.23339365264697
 20
319.2635227956325
 10
53.1701070216336
 20
319.12712648247094
 10
53.10761754020886
 20
318.9903631189685
 10
53.04592154591889
 20
318.85323996975933
 10
52.98501589646857
 20
318.7157639485729
 10
52.924897980126275
 20
318.5779416305372
 10
52.86556571691382
 20
318.4397792682967
 10
52.80701754543343
 20
318.3012828138055
 10
52.74925245743022
 20
318.16245791944345
 10
52.69227000074323
 20
318.02330995280124
 10
52.63607035000368
 20
317.8838439839334
 10
52.58065389990535
 20
317.7440649641823
 10
52.52602671386269
 20
317.6039756154995
 10
52.472225785257116
 20
317.46356690031814
 10
52.41930183004854
 20
317.3228253136996
 10
52.36730362494592
 20
317.1817391062765
 10
52.31627764169016
 20
317.04029840334846
 10
52.266267657275556
 20
316.89849530996764
 10
52.2173143950465
 20
316.7563239810264
 10
52.16945520424464
 20
316.6137806547749
 10
52.1227237847208
 20
316.4708636494309
 10
52.07714996237442
 20
316.3275733237955
 10
52.03275951949481
 20
316.1839120039813
 10
51.98957408262216
 20
316.03988387942894
 10
51.94761106890543
 20
315.89549487227436
 10
51.906883690294066
 20
315.7507524847931
 10
51.86740101334845
 20
315.6056656300631
 10
51.82916807106364
 20
315.460244451149
 10
51.79218602193479
 20
315.31450013403264
 10
51.75645236766738
 20
315.16844471511746
 10
51.721945465338884
 20
315.02209456728735
 10
51.68857633285843
 20
314.8754807415008
 10
51.656248847338375
 20
314.72863366689705
 10
51.624879006380745
 20
314.5815789965185
 10
51.594392629749834
 20
314.4343385986413
 10
51.56472361085345
 20
314.28693129808573
 10
51.53581249565082
 20
314.1393734521877
 10
51.50760526415867
 20
313.99167941395933
 10
51.48005227708514
 20
313.8438619075631
 10
51.45310732015961
 20
313.6959323421155
 10
51.42672668604707
 20
313.54790108402835
 10
51.40086822815852
 20
313.3997777058839
 10
51.37549030460661
 20
313.2515712301131
 10
51.350550490422506
 20
313.10329039048383
 10
51.326003847984616
 20
312.9549439471678
 10
51.301800411290884
 20
312.80654111128325
 10
51.27788119932702
 20
312.6580921890612
 10
51.254180812624554
 20
312.5096081687783
 10
51.23092145091224
 20
312.36105457772055
 10
51.20878762437652
 20
312.2123296059585
 10
51.18850979950107
 20
312.06334094723763
 10
51.17064941939499
 20
311.9140437608571
 10
51.155455737736965
 20
311.7644517782078
 10
51.142870028555286
 20
311.61461756870915
 10
51.1326354421893
 20
311.46460400770775
 10
51.12441765551245
 20
311.31446607207647
 10
51.11788431916087
 20
311.1642451120942
 10
51.11274164338501
 20
311.0139699074674
 10
51.10874433838639
 20
310.8636597339614
 10
51.10569308213089
 20
310.71332728635565
 10
51.10342765996282
 20
310.56298088086066
 10
51.10181956224574
 20
310.41262596596823
 10
51.10076541602512
 20
310.26226611838536
 10
51.100181599734675
 20
310.11190368937275
 10
51.10000000000018
 20
309.96154022288874
  0
LWPOLYLINE
  5
E1
330
17
100
AcDbEntity
  8
01-VISIBLE
100
AcDbPolyline
 90
300
 70
0
 10
95.675
 20
68.775
 10
95.82511338768937
 20
68.77506439505066
 10
95.975226657799
 20
68.77526300959194
 10
96.12533969036423
 20
68.7755958237378
 10
96.27545236547316
 20
68.77606281759502
 10
96.42556456326643
 20
68.77666397126343
 10
96.5756761639369
 20
68.7773992648361
 10
96.72578704772945
 20
68.77826867839966
 10
96.8758970949406
 20
68.77927219203438
 10
97.02600618591836
 20
68.78040978581461
 10
97.17611420106185
 20
68.78168143980884
 10
97.32622102082111
 20
68.78308713407998
 10
97.47632652569676
 20
68.78462684868565
 10
97.62643059623979
 20
68.7863005636783
 10
97.77653311305117
 20
68.7881082591055
 10
97.92663395678176
 20
68.79004991501014
 10
98.07673300813185
 20
68.79212551143067
 10
98.22683014785096
 20
68.79433502840128
 10
98.3769252567376
 20
68.79667844595217
 10
98.5270182156389
 20
68.79915574410968
 10
98.67710890545044
 20
68.80176690289665
 10
98.82719720711586
 20
68.80451190233244
 10
98.97728300162665
 20
68.8073907224333
 10
99.12736617002184
 20
68.81040334321251
 10
99.27744659338777
 20
68.81354974468059
 10
99.4275241528577
 20
68.81682990684551
 10
99.57759872961167
 20
68.8202438097129
 10
99.72767020487606
 20
68.82379143328625
 10
99.87773845992346
 20
68.8274727575671
 10
100.02780337607228
 20
68.83128776255525
 10
100.17786483468474
 20
68.8352364283157
 10
100.32792271711011
 20
68.83931873703466
 10
100.47797690466652
 20
68.8435346734097
 10
100.62802727869996
 20
68.84788422228435
 10
100.77807372058791
 20
68.85236736850312
 10
100.92811611173892
 20
68.85698409691159
 10
101.07815433359238
 20
68.86173439235655
 10
101.22818826761824
 20
68.86661823968616
 10
101.37821779531669
 20
68.87163562375
 10
101.52824279821789
 20
68.87678652939927
 10
101.67826315788166
 20
68.88207094148689
 10
101.8282787558972
 20
68.88748884486759
 10
101.97828947388278
 20
68.89304022439809
 10
102.1282951934855
 20
68.89872506493714
 10
102.2782957963809
 20
68.90454335134572
 10
102.42829116427278
 20
68.9104950684871
 10
102.57828117889281
 20
68.91658020122694
 10
102.72826572200032
 20
68.92279873443348
 10
102.87824467538194
 20
68.92915065297757
 10
103.02821792085132
 20
68.93563594173283
 10
103.17818534024887
 20
68.9422545855757
 10
103.32814681544144
 20
68.94900656938562
 10
103.478102228322
 20
68.9558918780451
 10
103.6280514608094
 20
68.96291049643978
 10
103.77799439484804
 20
68.97006240945859
 10
103.92793091240756
 20
68.97734760199384
 10
104.07786089548259
 20
68.98476605894132
 10
104.2277842260924
 20
68.99231776520034
 10
104.37770078628067
 20
69.00000270567391
 10
104.52761045811512
 20
69.00782086526877
 10
104.67751312378003
 20
69.01577222715537
 10
104.82740866607922
 20
69.02385676354896
 10
104.97729696810629
 20
69.03207444241093
 10
105.12717791302376
 20
69.04042523169402
 10
105.27705138406228
 20
69.04890909935199
 10
105.4269172645203
 20
69.05752601333997
 10
105.5767754377638
 20
69.06627594161465
 10
105.72662578722601
 20
69.07515885213465
 10
105.87646819640705
 20
69.08417471286074
 10
106.02630254887363
 20
69.0933234917562
 10
106.17612872825885
 20
69.10260515678698
 10
106.32594661826172
 20
69.11201967592208
 10
106.47575610264704
 20
69.12156701713378
 10
106.62555706524495
 20
69.1312471483979
 10
106.77534938995069
 20
69.14106003769412
 10
106.92513296072431
 20
69.15100565300618
 10
107.07490766159032
 20
69.16108396232222
 10
107.22467337663736
 20
69.17129493363498
 10
107.37442999001797
 20
69.18163853494214
 10
107.52417738594824
 20
69.19211473424647
 10
107.67391544870749
 20
69.20272349955621
 10
107.82364406263795
 20
69.21346479888528
 10
107.97336311214448
 20
69.22433860025352
 10
108.12307248169425
 20
69.2353448716869
 10
108.2727720558164
 20
69.24648358121796
 10
108.42246171910179
 20
69.2577546968858
 10
108.57214135620256
 20
69.26915818673655
 10
108.721810851832
 20
69.28069401882351
 10
108.87147009076408
 20
69.2923621612074
 10
109.02111895783477
 20
69.3041625819364
 10
109.17075733819591
 20
69.31609524586737
 10
109.32038511760486
 20
69.32816011119944
 10
109.47000218197284
 20
69.34035713530271
 10
109.61960841729925
 20
69.35268627555092
 10
109.76920370967133
 20
69.36514748932176
 10
109.91878794526387
 20
69.37774073399727
 10
110.06836101033885
 20
69.39046596696414
 10
110.21792279124517
 20
69.40332314561418
 10
110.36747317441831
 20
69.41631222734455
 10
110.51701204637999
 20
69.4294331695582
 10
110.66653929373791
 20
69.44268592966422
 10
110.81605480318537
 20
69.45607046507816
 10
110.96555846150095
 20
69.46958673322239
 10
111.11505015554823
 20
69.48323469152649
 10
111.26452977227545
 20
69.49701429742755
 10
111.41399719871515
 20
69.51092550837052
 10
111.5634523219839
 20
69.52496828180858
 10
111.71289502928194
 20
69.53914257520346
 10
111.86232520789284
 20
69.55344834602577
 10
112.0117427451832
 20
69.56788555175541
 10
112.16114752860236
 20
69.58245414988177
 10
112.31053944568195
 20
69.5971540979042
 10
112.4599183840357
 20
69.61198535333229
 10
112.60928423135901
 20
69.62694787368615
 10
112.75863687542866
 20
69.64204161649685
 10
112.9079762041025
 20
69.65726653930663
 10
113.05730210531902
 20
69.67262259966931
 10
113.20661446709715
 20
69.68810975515055
 10
113.35591317753584
 20
69.70372796332823
 10
113.50519812484607
 20
69.719477181487
 10
113.65446919795171
 20
69.73535736098339
 10
113.80372628645028
 20
69.75136844779206
 10
113.95296928007085
 20
69.76751038769923
 10
114.10219806865297
 20
69.7837831264985
 10
114.25141254214643
 20
69.8001866099913
 10
114.40061259061095
 20
69.81672078398738
 10
114.54979810421575
 20
69.83338559430521
 10
114.69896897323932
 20
69.8501809867725
 10
114.84812508806893
 20
69.86710690722656
 10
114.99726633920042
 20
69.88416330151479
 10
115.14639261723786
 20
69.90135011549515
 10
115.29550381289306
 20
69.91866729503653
 10
115.44459981698539
 20
69.93611478601925
 10
115.59368052044134
 20
69.95369253433546
 10
115.7427458142942
 20
69.97140048588957
 10
115.89179558968371
 20
69.98923858659873
 10
116.04082973785572
 20
70.00720678239318
 10
116.18984815016181
 20
70.02530501921676
 10
116.33885071805896
 20
70.04353324302727
 10
116.48783733310924
 20
70.0618913997969
 10
116.63680788697934
 20
70.08037943551273
 10
116.78576227144035
 20
70.09899729617702
 10
116.9347003783673
 20
70.11774492780772
 10
117.08362209973888
 20
70.13662227643886
 10
117.23252732763704
 20
70.15562928812096
 10
117.38141595424663
 20
70.17476590892144
 10
117.53028787185508
 20
70.19403208492501
 10
117.67914297285199
 20
70.21342776223412
 10
117.82798114972881
 20
70.2329528869693
 10
117.97680229518592
 20
70.2526074044575
 10
118.12560630291279
 20
70.27239125338463
 10
118.27439306715632
 20
70.29230436918729
 10
118.42316248229643
 20
70.31234668729154
 10
118.57191444284261
 20
70.3325181431357
 10
118.72064884343364
 20
70.35281867217094
 10
118.86936557883723
 20
70.37324820986171
 10
119.01806454394965
 20
70.39380669168638
 10
119.16674563379532
 20
70.41449405313764
 10
119.31540874352648
 20
70.43531022972314
 10
119.46405376842286
 20
70.45625515696588
 10
119.61268060389122
 20
70.47732877040478
 10
119.76128914546507
 20
70.49853100559524
 10
119.90987928880422
 20
70.51986179810953
 10
120.05845092969447
 20
70.54132108353737
 10
120.2070039640472
 20
70.56290879748646
 10
120.35553828789901
 20
70.58462487558288
 10
120.50405379741133
 20
70.60646925347169
 10
120.65255038887008
 20
70.62844186681734
 10
120.80102795868522
 20
70.65054265130424
 10
120.94948640339047
 20
70.67277154263716
 10
121.09792561964282
 20
70.69512847654183
 10
121.24634550422225
 20
70.7176133887653
 10
121.39474595403128
 20
70.74022621507656
 10
121.54312686609461
 20
70.76296689126687
 10
121.69148813755872
 20
70.78583535315035
 10
121.83982966569155
 20
70.80883153656444
 10
121.988151347882
 20
70.83195537737032
 10
122.13645308163964
 20
70.85520681145344
 10
122.28473476459428
 20
70.87858577472394
 10
122.43299629469516
 20
70.90209220186026
 10
122.58123757110864
 20
70.92572602070351
 10
122.72945849351586
 20
70.94948715678336
 10
122.87765896174619
 20
70.9733755356443
 10
123.02583887577649
 20
70.99739108284815
 10
123.17399813573076
 20
71.02153372397466
 10
123.32213664187972
 20
71.04580338462206
 10
123.47025429464048
 20
71.0701999904077
 10
123.61835099457606
 20
71.09472346696859
 10
123.76642664239506
 20
71.11937373996199
 10
123.91448113895123
 20
71.14415073506596
 10
124.0625143852431
 20
71.16905437798
 10
124.2105262824136
 20
71.19408459442555
 10
124.35851673174956
 20
71.21924131014657
 10
124.50648563468147
 20
71.24452445091018
 10
124.6544328927829
 20
71.26993394250708
 10
124.80235840777028
 20
71.29546971075226
 10
124.95026208150236
 20
71.32113168148544
 10
125.09814381597985
 20
71.34691978057174
 10
125.24600351334504
 20
71.37283393390207
 10
125.39384107588135
 20
71.39887406739388
 10
125.54165640601296
 20
71.42504010699152
 10
125.68944940630436
 20
71.45133197866691
 10
125.83721997946
 20
71.47774960842004
 10
125.9849680283238
 20
71.50429292227948
 10
126.13269345587884
 20
71.53096184630294
 10
126.2803961652468
 20
71.55775630657787
 10
126.42807605968773
 20
71.58467622922187
 10
126.57573304259947
 20
71.61172154038329
 10
126.72336701751733
 20
71.63889216624175
 10
126.87097788831115
 20
71.66618803194199
 10
127.01856556004887
 20
71.69360905696341
 10
127.16612993830691
 20
71.7211551589173
 10
127.3136709288222
 20
71.74882625543788
 10
127.4611884374915
 20
71.77662226418433
 10
127.60868237037103
 20
71.80454310284132
 10
127.75615263367592
 20
71.83258868911966
 10
127.90359913378002
 20
71.86075894075694
 10
128.05102177721525
 20
71.8890537755181
 10
128.1984204706713
 20
71.91747311119607
 10
128.34579512099512
 20
71.9460168656124
 10
128.49314563519064
 20
71.97468495661784
 10
128.64047192041824
 20
72.00347730209289
 10
128.7877738839942
 20
72.03239381994852
 10
128.93505143339056
 20
72.06143442812667
 10
129.0823044762344
 20
72.0905990446009
 10
129.22953292030772
 20
72.11988758737695
 10
129.3767366735466
 20
72.14929997449332
 10
129.52391564404115
 20
72.17883612402191
 10
129.67106974003485
 20
72.20849595406855
 10
129.81819886992417
 20
72.23827938277363
 10
129.96530294225818
 20
72.26818632831261
 10
130.1123818657381
 20
72.29821670889666
 10
130.25943554921668
 20
72.32837044277319
 10
130.4064639016981
 20
72.35864744822646
 10
130.55346683233722
 20
72.38904764357812
 10
130.70044425043926
 20
72.41957094718776
 10
130.84739606545946
 20
72.45021727745352
 10
130.99432218700238
 20
72.48098655281258
 10
131.1412225248217
 20
72.5118786917418
 10
131.28809698900614
 20
72.54289361187593
 10
131.43494549131995
 20
72.57403122370012
 10
131.581767944444
 20
72.6052914342252
 10
131.72856426124542
 20
72.63667415046356
 10
131.87533435477204
 20
72.66817927945343
 10
132.022078138252
 20
72.69980672825945
 10
132.16879552509334
 20
72.7315564039735
 10
132.3154864288836
 20
72.76342821371531
 10
132.46215076338916
 20
72.79542206463319
 10
132.60878844255512
 20
72.82753786390467
 10
132.75539938050457
 20
72.85977551873725
 10
132.90198349153832
 20
72.89213493636905
 10
133.04854069013436
 20
72.92461602406948
 10
133.19507089094742
 20
72.95721868913992
 10
133.3415740088086
 20
72.9899428389144
 10
133.4880499587248
 20
73.02278838076028
 10
133.6344986558783
 20
73.05575522207884
 10
133.7809200156264
 20
73.08884327030609
 10
133.92731395350083
 20
73.12205243291328
 10
134.07368038520735
 20
73.15538261740761
 10
134.22001922662534
 20
73.18883373133295
 10
134.36633039380726
 20
73.22240568227036
 10
134.51261380297822
 20
73.25609837783888
 10
134.65886937053554
 20
73.28991172569602
 10
134.80509701304825
 20
73.32384563353854
 10
134.95129664725664
 20
73.357900009103
 10
135.0974681900718
 20
73.39207476016644
 10
135.24361155857514
 20
73.42636979454696
 10
135.389726670018
 20
73.46078502010442
 10
135.535813441821
 20
73.49532034474102
 10
135.68187179155973
 20
73.52997567646109
 10
135.82790163661195
 20
73.56475092484892
 10
135.97390289412692
 20
73.59964600117546
 10
136.11987548139282
 20
73.63466081684045
 10
136.2658193158553
 20
73.66979528329321
 10
136.41173431511686
 20
73.70504931203311
 10
136.55762039693653
 20
73.74042281461018
 10
136.70347747922926
 20
73.7759157026256
 10
136.84930548006554
 20
73.81152788773235
 10
136.99510431767087
 20
73.84725928163569
 10
137.14087391042528
 20
73.88310979609369
 10
137.28661417686288
 20
73.91907934291791
 10
137.43232503567137
 20
73.95516783397375
 10
137.5780064056915
 20
73.99137518118113
 10
137.72365820591668
 20
74.02770129651498
 10
137.8692803554924
 20
74.06414609200577
 10
138.01487277371587
 20
74.10070947974008
 10
138.16043538003532
 20
74.13739137186103
 10
138.30596809404986
 20
74.17419168056892
 10
138.45147083550856
 20
74.21111031812173
 10
138.59694352431035
 20
74.24814719683556
 10
138.74238608050325
 20
74.28530222908523
 10
138.88779842428414
 20
74.32257532730476
 10
139.03318047599797
 20
74.3599664039879
 10
139.1785321561375
 20
74.39747537168861
 10
139.32385338534277
 20
74.43510214302161
 10
139.4691440844005
 20
74.47284663066281
 10
139.61440417424373
 20
74.51070874734994
 10
139.75963357595123
 20
74.54868840588287
 10
139.90483221074703
 20
74.58678551912428
 10
140.05
 20
74.625
  0
LWPOLYLINE
  5
E2
330
17
100
AcDbEntity
  8
01-VISIBLE
100
AcDbPolyline
 90
300
 70
0
 10
51.3
 20
74.625
 10
51.44516778894902
 20
74.5867855179668
 10
51.59036642300869
 20
74.54868840191713
 10
51.73559582377499
 20
74.51070873978277
 10
51.880855912651924
 20
74.47284661938617
 10
52.026146610855214
 20
74.43510212845376
 10
52.17146783941592
 20
74.39747535462934
 10
52.31681951918404
 20
74.3599663854873
 10
52.462201570832
 20
74.32257530854609
 10
52.607613914858156
 20
74.2853022112815
 10
52.75305647159014
 20
74.24814718113994
 10
52.89852916118825
 20
74.21111030555184
 10
53.0440319036487
 20
74.1741916719449
 10
53.189564618806855
 20
74.13739136775746
 10
53.33512722634039
 20
74.10070948045181
 10
53.480719645772396
 20
74.06414609752748
 10
53.626341796474435
 20
74.02770130653454
 10
53.7719935976695
 20
73.99137519508692
 10
53.91767496843495
 20
73.95516785087565
 10
54.0633858277054
 20
73.91907936168226
 10
54.209126094275476
 20
73.88310981539193
 10
54.3548956868026
 20
73.84725930000685
 10
54.50069452380966
 20
73.81152790365948
 10
54.64652252368764
 20
73.77591571462574
 10
54.792379604698176
 20
73.74042282133834
 10
54.93826568497606
 20
73.70504931240004
 10
55.0841806825317
 20
73.66979527659676
 10
55.230124515253486
 20
73.63466080291099
 10
55.37609710091011
 20
73.59964598053482
 10
55.522098357152835
 20
73.5647508988833
 10
55.66812820151771
 20
73.52997564760757
 10
55.814186551427696
 20
73.49532031660803
 10
55.96027332419473
 20
73.46078499604758
 10
56.10638843702177
 20
73.42636977636471
 10
56.25253180700475
 20
73.39207474828676
 10
56.39870335113445
 20
73.35790000284297
 10
56.544902986298375
 20
73.32384563137761
 10
56.691130629282476
 20
73.28991172556319
 10
56.837386196604704
 20
73.25609837668512
 10
56.98366960476045
 20
73.22240567670588
 10
57.12998077099333
 20
73.1888337216303
 10
57.27631961198676
 20
73.15538260584589
 10
57.42268604391244
 20
73.12205242231221
 10
57.56907998255166
 20
73.08884326307447
 10
57.71550134339304
 20
73.0557552196829
 10
57.86195004170889
 20
73.02278838352504
 10
58.00842599261201
 20
72.98994284607741
 10
58.15492911109506
 20
72.95721869908368
 10
58.30145931205414
 20
72.92461603466606
 10
58.44801651029878
 20
72.89213494537668
 10
58.5946006205498
 20
72.85977552419597
 10
58.74121155742715
 20
72.82753786448461
 10
58.887849235429194
 20
72.79542205989613
 10
59.034513568905325
 20
72.76342820425675
 10
59.18120447202344
 20
72.73155639141952
 10
59.32792185873399
 20
72.69980671509921
 10
59.47466564273204
 20
72.6681792686953
 10
59.621435737419
 20
72.63667414510923
 10
59.76823205586541
 20
72.60529143656332
 10
59.915054510776315
 20
72.57403123442768
 10
60.06190301446046
 20
72.54289362906219
 10
60.208777478804926
 20
72.51187870968025
 10
60.3556778152562
 20
72.48098656424101
 10
60.502603934809244
 20
72.45021727937693
 10
60.64955574800557
 20
72.41957094036353
 10
60.79653316494163
 20
72.3890476311378
 10
60.94353609528864
 20
72.3586474343723
 10
61.09056444832487
 20
72.3283704316117
 10
61.2376181329815
 20
72.29821670347813
 10
61.38469705790317
 20
72.26818632995264
 10
61.53180113152387
 20
72.23827939073898
 10
61.678930262159554
 20
72.2084959657167
 10
61.82608435811788
 20
72.17883613549016
 10
61.97326332782631
 20
72.14929998204028
 10
62.1204670799791
 20
72.1198875894854
 10
62.267695523699444
 20
72.09059904493488
 10
62.41494856759695
 20
72.06143443377917
 10
62.562226118412504
 20
72.03239383279518
 10
62.70952808298358
 20
72.0034773200044
 10
62.85685436842747
 20
71.97468497563159
 10
63.004204882020986
 20
71.94601688152738
 10
63.151579531096324
 20
71.91747312066083
 10
63.29897822295187
 20
71.88905377667835
 10
63.44640086477694
 20
71.86075893352516
 10
63.59384736358945
 20
71.83258867512538
 10
63.741317626185385
 20
71.80454308511734
 10
63.888811559099224
 20
71.77662224664017
 10
64.03632906857416
 20
71.74882624216774
 10
64.18387006054137
 20
71.72115515338665
 10
64.33143444060717
 20
71.6936090611141
 10
64.47902211404741
 20
71.66618804525217
 10
64.626632985808
 20
71.63889218477452
 10
64.77426696051079
 20
71.61172155774196
 10
64.921923942464
 20
71.58467624134316
 10
65.06960383567646
 20
71.55775631195644
 10
65.21730654387446
 20
71.5309618452293
 10
65.36503197052113
 20
71.50429291617165
 10
65.51278001883688
 20
71.47774959925916
 10
65.66055059182075
 20
71.45133196854279
 10
65.80834359227161
 20
71.42504009776106
 10
65.95615892280865
 20
71.39887406045094
 10
66.10399648589065
 20
71.372833930054
 10
66.25185618383306
 20
71.3469197800137
 10
66.39973791882265
 20
71.32113168386041
 10
66.54764159292894
 20
71.29546971528025
 10
66.69556710811186
 20
71.26993394816395
 10
66.84351436622518
 20
71.24452445663228
 10
66.99148326901508
 20
71.21924131503393
 10
67.1394737181136
 20
71.1940845979125
 10
67.2874856150262
 20
71.16905437993849
 10
67.43551886111315
 20
71.14415073580301
 10
67.58357335756443
 20
71.11937374006905
 10
67.73164900536756
 20
71.09472346697684
 10
67.8797457046627
 20
71.0701999865409
 10
68.02786335588868
 20
71.04580337143287
 10
68.17600186060848
 20
71.02153370205971
 10
68.3241611198641
 20
70.99739105664466
 10
68.4723410342018
 20
70.97337551133687
 10
68.62054150371168
 20
70.94948714041288
 10
68.76876242806473
 20
70.9257260164687
 10
68.91700370654772
 20
70.90209221060202
 10
69.06526523809553
 20
70.87858579258507
 10
69.21354692132135
 20
70.85520683102771
 10
69.36184865454462
 20
70.83195539353085
 10
69.51017033581678
 20
70.80883154683039
 10
69.65851186294489
 20
70.78583535693147
 10
69.80687313351321
 20
70.76296688923308
 10
69.9552540449027
 20
70.74022620864305
 10
70.10365449430864
 20
70.71761337968344
 10
70.25207437875618
 20
70.69512846658637
 10
70.40051359511419
 20
70.67277153338003
 10
70.54897204010717
 20
70.65054264396537
 10
70.6974496103254
 20
70.62844186218285
 10
70.84594620223346
 20
70.60646925186985
 10
70.99446171217696
 20
70.58462487690834
 10
71.14299603638774
 20
70.56290880126286
 10
71.29154907098749
 20
70.54132108900916
 10
71.44012071198983
 20
70.51986180435289
 10
71.588710855301
 20
70.49853101163899
 10
71.73731939671896
 20
70.47732877535137
 10
71.88594623193137
 20
70.45625516010296
 10
72.03459125651217
 20
70.4353102306162
 10
72.18325436591674
 20
70.41449405169406
 10
72.33193545547613
 20
70.39380668818134
 10
72.48063442038995
 20
70.37324820491645
 10
72.62935115571824
 20
70.35281866667371
 10
72.77808555637222
 20
70.33251813809598
 10
72.92683751710416
 20
70.31234668361782
 10
73.07560693249617
 20
70.29230436737913
 10
73.22439369694817
 20
70.27239125312919
 10
73.37319770475251
 20
70.25260740478046
 10
73.52201885022488
 20
70.23295288740175
 10
73.6708570266817
 20
70.21342775945908
 10
73.81971212707921
 20
70.19403207754513
 10
73.9685840441483
 20
70.17476589737002
 10
74.11747267041822
 20
70.15562927392324
 10
74.26637789823783
 20
70.13662226162246
 10
74.41529961979468
 20
70.11774491444936
 10
74.56423772713168
 20
70.09899728607246
 10
74.71319211216175
 20
70.08037942995693
 10
74.86216266668028
 20
70.0618913994614
 10
75.01114928237558
 20
70.04353324792167
 10
75.1601518508374
 20
70.0253050287215
 10
75.30917026356346
 20
70.00720679535031
 10
75.45820441196429
 20
69.98923860144787
 10
75.60725418736617
 20
69.97140050083594
 10
75.75631948101245
 20
69.95369254753693
 10
75.90540018406335
 20
69.93611479577945
 10
76.05449618759397
 20
69.91866729999093
 10
76.20360738259102
 20
69.90135011477706
 10
76.35273365994809
 20
69.88416329488841
 10
76.50187491045955
 20
69.8671068951738
 10
76.65103102481314
 20
69.85018097052084
 10
76.80020189358149
 20
69.83338557578324
 10
76.94938740721237
 20
69.81672076569537
 10
77.09858745601794
 20
69.80018659477349
 10
77.24780193016298
 20
69.78378311720427
 10
77.39703071965225
 20
69.76751038672005
 10
77.5462737143169
 20
69.75136845646125
 10
77.69553080380021
 20
69.73535737882575
 10
77.84480187754254
 20
69.71947720530528
 10
77.9940868247656
 20
69.70372798630875
 10
78.14338553445631
 20
69.68810977097272
 10
78.29269789534993
 20
69.67262260695883
 10
78.44202379591297
 20
69.65726654023831
 10
78.5913631243256
 20
69.64204161486346
 10
78.74071576846373
 20
69.62694787272626
 10
78.89008161587958
 20
69.61198535328876
 10
79.03946055394721
 20
69.59715409497053
 10
79.18885247061232
 20
69.58245414273001
 10
79.33825725375478
 20
69.56788554176183
 10
79.48767479100943
 20
69.5534483356584
 10
79.63710496982095
 20
69.53914256692744
 10
79.78654767748817
 20
69.52496827741983
 10
79.93600280119836
 20
69.51092550867395
 10
80.08547022805305
 20
69.49701430218298
 10
80.23494984508602
 20
69.48323469959121
 10
80.38444153927452
 20
69.46958674282585
 10
80.53394519754463
 20
69.45607047417045
 10
80.68346070677165
 20
69.44268593628621
 10
80.83298795377638
 20
69.42943317218761
 10
80.98252682531792
 20
69.41631222517857
 10
81.13207720808398
 20
69.40332313875518
 10
81.28163898867929
 20
69.39046595648186
 10
81.43121205361273
 20
69.37774072184648
 10
81.58079628928398
 20
69.36514747810143
 10
81.73039158197014
 20
69.3526862680965
 10
81.87999781781299
 20
69.34035713410987
 10
82.02961488280737
 20
69.32816011768371
 10
82.17924266279104
 20
69.31609525947056
 10
82.32888104343682
 20
69.30416259909661
 10
82.47852991024689
 20
69.29236217504851
 10
82.62818914855016
 20
69.28069402458952
 10
82.77785864350257
 20
69.26915818371185
 10
82.92753828009096
 20
69.25775468713083
 10
83.07722794314054
 20
69.2464835683277
 10
83.22692751732626
 20
69.235344859647
 10
83.37663688718821
 20
69.22433859245487
 10
83.52635593715121
 20
69.21346479736465
 10
83.67608455154861
 20
69.20272350453573
 10
83.82582261465056
 20
69.1921147440523
 10
83.97557001069643
 20
69.18163854638792
 10
84.12532662393157
 20
69.17129494296225
 10
84.27509233864842
 20
69.16108396679624
 10
84.42486703923157
 20
69.15100565327192
 10
84.57465061012188
 20
69.14106003971628
 10
84.72444293522172
 20
69.13124715642874
 10
84.8742438981881
 20
69.12156703085553
 10
85.02405338274049
 20
69.11201969225178
 10
85.17387127264438
 20
69.102605171527
 10
85.32369745168788
 20
69.09332350096683
 10
85.47353180365562
 20
69.0841747138897
 10
85.62337421230157
 20
69.07515884426124
 10
85.77322456132234
 20
69.06627592628794
 10
85.92308273433228
 20
69.05752599400859
 10
86.07294861484107
 20
69.0489090809002
 10
86.22282208623476
 20
69.04042521951321
 10
86.3727030317608
 20
69.03207444114774
 10
86.52259133451736
 20
69.0238567755815
 10
86.6724868774468
 20
69.01577225085678
 10
86.82238954333388
 20
69.00782089313262
 10
86.97229921480803
 20
69.00000272660532
 10
87.12221577434951
 20
68.99231777349894
 10
87.27213910429919
 20
68.98476605412452
 10
87.42206908687118
 20
68.97734758700523
 10
87.57200560416814
 20
68.97006238906214
 10
87.72194853819789
 20
68.96291047585296
 10
87.87189777089134
 20
68.9558918618544
 10
88.0218531841204
 20
68.94900656077594
 10
88.17181465971538
 20
68.94225458589139
 10
88.32178207948097
 20
68.93563595037169
 10
88.47175532520994
 20
68.92915066760072
 10
88.62173427869395
 20
68.92279875145354
 10
88.7717188217305
 20
68.91658021651426
 10
88.92170883612556
 20
68.91049507820861
 10
89.07170420369108
 20
68.9045433528241
 10
89.2217048062369
 20
68.89872505738857
 10
89.37171052555674
 20
68.89304020937558
 10
89.52172124340777
 20
68.88748882620298
 10
89.67173684148366
 20
68.8820709244891
 10
89.82175720138116
 20
68.8767865190283
 10
89.97178220456003
 20
68.87163562144613
 10
90.12181173234609
 20
68.86661823996985
 10
90.27184566645127
 20
68.86173439506233
 10
90.4218838883904
 20
68.856984102303
 10
90.57192627957751
 20
68.8523673750442
 10
90.72197272143131
 20
68.84788422765756
 10
90.87202309536836
 20
68.84353467543244
 10
91.02207728279676
 20
68.8393187344792
 10
91.17213516511043
 20
68.8352364216376
 10
91.32219662368408
 20
68.83128775438985
 10
91.47226153986834
 20
68.82747275077901
 10
91.62232979498577
 20
68.82379142933198
 10
91.7724012703271
 20
68.82024380898771
 10
91.92247584714787
 20
68.81682990903022
 10
92.07255340666569
 20
68.81354974902659
 10
92.22263383005766
 20
68.81040334877
 10
92.37271699845826
 20
68.80739072822756
 10
92.52280279295753
 20
68.80451190749334
 10
92.67289109459959
 20
68.80176690674605
 10
92.82298178438133
 20
68.799155746212
 10
92.97307474325152
 20
68.79667844613273
 10
93.12316985210992
 20
68.7943350267378
 10
93.27326699180686
 20
68.79212550822241
 10
93.42336604314266
 20
68.79004991073003
 10
93.57346688686751
 20
68.78810825434
 10
93.7235694036812
 20
68.78630055905998
 10
93.87367347423319
 20
68.78462684482346
 10
94.02377897912245
 20
68.78308713149218
 10
94.17388579889766
 20
68.78168143886346
 10
94.32399381405709
 20
68.78040978668247
 10
94.47410290504875
 20
68.77927219465951
 10
94.62421295227033
 20
68.77826868249218
 10
94.77432383606907
 20
68.77739926989243
 10
94.92443543674165
 20
68.77666397661862
 10
95.0745476345338
 20
68.77606282251249
 10
95.2246603096399
 20
68.77559582754101
 10
95.37477334220229
 20
68.77526301184321
 10
95.52488661231045
 20
68.77506439578185
 10
95.675
 20
68.77500000000009
  0
LINE
  5
E3
330
17
100
AcDbEntity
  8
01-VISIBLE
100
AcDbLine
 10
140.05
 20
74.625
 30
0.0
 11
140.05
 21
75.625
 31
0.0
  0
LWPOLYLINE
  5
E4
330
17
100
AcDbEntity
  8
01-VISIBLE
100
AcDbPolyline
 90
300
 70
0
 10
140.05
 20
75.625
 10
139.90483221074703
 20
75.58678551912426
 10
139.75963357595123
 20
75.54868840588287
 10
139.6144041742437
 20
75.51070874734994
 10
139.46914408440048
 20
75.47284663066281
 10
139.32385338534277
 20
75.43510214302161
 10
139.1785321561375
 20
75.39747537168861
 10
139.03318047599794
 20
75.3599664039879
 10
138.88779842428414
 20
75.32257532730476
 10
138.74238608050325
 20
75.28530222908523
 10
138.59694352431035
 20
75.24814719683556
 10
138.45147083550856
 20
75.21111031812174
 10
138.30596809404983
 20
75.17419168056892
 10
138.16043538003532
 20
75.13739137186103
 10
138.01487277371587
 20
75.10070947974008
 10
137.8692803554924
 20
75.06414609200577
 10
137.72365820591668
 20
75.02770129651498
 10
137.5780064056915
 20
74.99137518118113
 10
137.43232503567137
 20
74.95516783397375
 10
137.28661417686288
 20
74.91907934291791
 10
137.14087391042528
 20
74.8831097960937
 10
136.99510431767087
 20
74.84725928163569
 10
136.84930548006554
 20
74.81152788773235
 10
136.70347747922926
 20
74.77591570262561
 10
136.55762039693653
 20
74.74042281461018
 10
136.41173431511686
 20
74.70504931203313
 10
136.2658193158553
 20
74.66979528329321
 10
136.11987548139282
 20
74.63466081684045
 10
135.97390289412692
 20
74.59964600117546
 10
135.82790163661195
 20
74.56475092484894
 10
135.68187179155973
 20
74.52997567646109
 10
135.535813441821
 20
74.49532034474102
 10
135.389726670018
 20
74.46078502010442
 10
135.24361155857514
 20
74.42636979454696
 10
135.0974681900718
 20
74.39207476016644
 10
134.95129664725664
 20
74.357900009103
 10
134.80509701304825
 20
74.32384563353854
 10
134.65886937053554
 20
74.28991172569602
 10
134.51261380297822
 20
74.25609837783888
 10
134.36633039380726
 20
74.22240568227038
 10
134.22001922662534
 20
74.18883373133295
 10
134.07368038520735
 20
74.15538261740761
 10
133.92731395350083
 20
74.12205243291328
 10
133.7809200156264
 20
74.08884327030609
 10
133.6344986558783
 20
74.05575522207884
 10
133.4880499587248
 20
74.02278838076028
 10
133.3415740088086
 20
73.9899428389144
 10
133.19507089094745
 20
73.95721868913992
 10
133.04854069013436
 20
73.92461602406948
 10
132.90198349153832
 20
73.89213493636905
 10
132.75539938050457
 20
73.85977551873725
 10
132.60878844255512
 20
73.82753786390467
 10
132.46215076338916
 20
73.79542206463319
 10
132.3154864288836
 20
73.76342821371531
 10
132.16879552509334
 20
73.7315564039735
 10
132.022078138252
 20
73.69980672825945
 10
131.87533435477204
 20
73.66817927945343
 10
131.72856426124542
 20
73.63667415046356
 10
131.581767944444
 20
73.6052914342252
 10
131.43494549131995
 20
73.57403122370012
 10
131.28809698900614
 20
73.54289361187593
 10
131.14122252482167
 20
73.5118786917418
 10
130.99432218700238
 20
73.48098655281258
 10
130.84739606545946
 20
73.45021727745352
 10
130.70044425043926
 20
73.41957094718776
 10
130.5534668323372
 20
73.38904764357812
 10
130.4064639016981
 20
73.35864744822646
 10
130.25943554921668
 20
73.32837044277319
 10
130.1123818657381
 20
73.29821670889666
 10
129.96530294225818
 20
73.26818632831261
 10
129.81819886992417
 20
73.23827938277363
 10
129.67106974003485
 20
73.20849595406855
 10
129.52391564404115
 20
73.17883612402191
 10
129.3767366735466
 20
73.14929997449332
 10
129.22953292030772
 20
73.11988758737695
 10
129.0823044762344
 20
73.0905990446009
 10
128.93505143339056
 20
73.06143442812667
 10
128.7877738839942
 20
73.03239381994852
 10
128.64047192041824
 20
73.00347730209289
 10
128.49314563519067
 20
72.97468495661784
 10
128.34579512099512
 20
72.9460168656124
 10
128.1984204706713
 20
72.91747311119607
 10
128.05102177721525
 20
72.8890537755181
 10
127.90359913378003
 20
72.86075894075694
 10
127.75615263367592
 20
72.83258868911966
 10
127.60868237037101
 20
72.80454310284132
 10
127.46118843749151
 20
72.77662226418433
 10
127.3136709288222
 20
72.74882625543788
 10
127.16612993830691
 20
72.7211551589173
 10
127.01856556004887
 20
72.69360905696341
 10
126.87097788831115
 20
72.66618803194199
 10
126.72336701751733
 20
72.63889216624175
 10
126.57573304259947
 20
72.61172154038329
 10
126.42807605968773
 20
72.58467622922187
 10
126.2803961652468
 20
72.55775630657787
 10
126.13269345587884
 20
72.53096184630294
 10
125.9849680283238
 20
72.50429292227948
 10
125.83721997946
 20
72.47774960842004
 10
125.68944940630436
 20
72.45133197866691
 10
125.54165640601296
 20
72.42504010699152
 10
125.39384107588135
 20
72.39887406739388
 10
125.24600351334504
 20
72.37283393390207
 10
125.09814381597985
 20
72.34691978057174
 10
124.95026208150236
 20
72.32113168148544
 10
124.80235840777028
 20
72.29546971075226
 10
124.65443289278289
 20
72.26993394250708
 10
124.50648563468145
 20
72.24452445091018
 10
124.35851673174956
 20
72.21924131014657
 10
124.2105262824136
 20
72.19408459442555
 10
124.0625143852431
 20
72.16905437798
 10
123.91448113895123
 20
72.14415073506596
 10
123.76642664239506
 20
72.11937373996199
 10
123.61835099457606
 20
72.09472346696859
 10
123.47025429464048
 20
72.0701999904077
 10
123.32213664187972
 20
72.04580338462206
 10
123.17399813573076
 20
72.02153372397466
 10
123.02583887577649
 20
71.99739108284815
 10
122.87765896174619
 20
71.9733755356443
 10
122.72945849351586
 20
71.94948715678336
 10
122.58123757110864
 20
71.92572602070351
 10
122.43299629469516
 20
71.90209220186026
 10
122.28473476459428
 20
71.87858577472394
 10
122.13645308163964
 20
71.85520681145344
 10
121.988151347882
 20
71.83195537737032
 10
121.83982966569155
 20
71.80883153656444
 10
121.69148813755874
 20
71.78583535315035
 10
121.54312686609461
 20
71.76296689126687
 10
121.39474595403128
 20
71.74022621507656
 10
121.24634550422225
 20
71.7176133887653
 10
121.09792561964282
 20
71.69512847654183
 10
120.94948640339047
 20
71.67277154263716
 10
120.80102795868522
 20
71.65054265130424
 10
120.65255038887008
 20
71.62844186681734
 10
120.50405379741133
 20
71.60646925347169
 10
120.35553828789901
 20
71.58462487558288
 10
120.2070039640472
 20
71.56290879748646
 10
120.05845092969447
 20
71.54132108353737
 10
119.90987928880423
 20
71.51986179810953
 10
119.76128914546507
 20
71.49853100559524
 10
119.61268060389122
 20
71.47732877040478
 10
119.46405376842286
 20
71.45625515696588
 10
119.31540874352649
 20
71.43531022972314
 10
119.16674563379532
 20
71.41449405313764
 10
119.01806454394965
 20
71.39380669168638
 10
118.86936557883723
 20
71.37324820986171
 10
118.72064884343365
 20
71.35281867217094
 10
118.57191444284261
 20
71.3325181431357
 10
118.42316248229643
 20
71.31234668729154
 10
118.27439306715632
 20
71.29230436918729
 10
118.12560630291279
 20
71.27239125338463
 10
117.97680229518592
 20
71.2526074044575
 10
117.82798114972881
 20
71.2329528869693
 10
117.67914297285199
 20
71.21342776223412
 10
117.5302878718551
 20
71.19403208492501
 10
117.38141595424663
 20
71.17476590892144
 10
117.23252732763704
 20
71.15562928812096
 10
117.08362209973888
 20
71.13662227643886
 10
116.9347003783673
 20
71.11774492780772
 10
116.78576227144035
 20
71.09899729617702
 10
116.63680788697934
 20
71.08037943551273
 10
116.48783733310924
 20
71.0618913997969
 10
116.33885071805898
 20
71.04353324302727
 10
116.18984815016181
 20
71.02530501921676
 10
116.04082973785572
 20
71.00720678239318
 10
115.89179558968371
 20
70.98923858659873
 10
115.74274581429421
 20
70.97140048588957
 10
115.59368052044134
 20
70.95369253433546
 10
115.4445998169854
 20
70.93611478601925
 10
115.29550381289306
 20
70.91866729503653
 10
115.14639261723786
 20
70.90135011549515
 10
114.99726633920044
 20
70.88416330151479
 10
114.84812508806893
 20
70.86710690722656
 10
114.69896897323932
 20
70.8501809867725
 10
114.54979810421577
 20
70.83338559430521
 10
114.40061259061095
 20
70.81672078398738
 10
114.25141254214643
 20
70.8001866099913
 10
114.10219806865297
 20
70.7837831264985
 10
113.95296928007085
 20
70.76751038769925
 10
113.80372628645028
 20
70.75136844779206
 10
113.65446919795171
 20
70.73535736098339
 10
113.50519812484607
 20
70.719477181487
 10
113.35591317753584
 20
70.70372796332823
 10
113.20661446709715
 20
70.68810975515055
 10
113.05730210531902
 20
70.67262259966931
 10
112.9079762041025
 20
70.65726653930663
 10
112.75863687542868
 20
70.64204161649685
 10
112.60928423135901
 20
70.62694787368615
 10
112.4599183840357
 20
70.61198535333229
 10
112.31053944568195
 20
70.5971540979042
 10
112.16114752860236
 20
70.58245414988177
 10
112.0117427451832
 20
70.56788555175541
 10
111.86232520789282
 20
70.55344834602577
 10
111.71289502928194
 20
70.53914257520346
 10
111.5634523219839
 20
70.52496828180858
 10
111.41399719871515
 20
70.51092550837052
 10
111.26452977227545
 20
70.49701429742755
 10
111.11505015554823
 20
70.48323469152649
 10
110.96555846150095
 20
70.46958673322239
 10
110.81605480318537
 20
70.45607046507816
 10
110.66653929373791
 20
70.44268592966422
 10
110.51701204637999
 20
70.4294331695582
 10
110.36747317441831
 20
70.41631222734455
 10
110.21792279124517
 20
70.40332314561418
 10
110.06836101033885
 20
70.39046596696414
 10
109.91878794526387
 20
70.37774073399727
 10
109.76920370967133
 20
70.36514748932176
 10
109.61960841729925
 20
70.35268627555092
 10
109.47000218197284
 20
70.34035713530271
 10
109.32038511760486
 20
70.32816011119944
 10
109.17075733819591
 20
70.31609524586737
 10
109.02111895783477
 20
70.3041625819364
 10
108.87147009076408
 20
70.2923621612074
 10
108.72181085183202
 20
70.28069401882351
 10
108.57214135620256
 20
70.26915818673655
 10
108.42246171910178
 20
70.2577546968858
 10
108.27277205581642
 20
70.24648358121796
 10
108.12307248169427
 20
70.2353448716869
 10
107.97336311214448
 20
70.22433860025352
 10
107.82364406263795
 20
70.21346479888528
 10
107.67391544870749
 20
70.20272349955621
 10
107.52417738594824
 20
70.19211473424647
 10
107.37442999001797
 20
70.18163853494214
 10
107.22467337663736
 20
70.17129493363498
 10
107.07490766159032
 20
70.16108396232222
 10
106.92513296072431
 20
70.15100565300618
 10
106.7753493899507
 20
70.14106003769412
 10
106.62555706524495
 20
70.1312471483979
 10
106.47575610264704
 20
70.12156701713378
 10
106.32594661826172
 20
70.11201967592208
 10
106.17612872825885
 20
70.10260515678698
 10
106.02630254887364
 20
70.0933234917562
 10
105.87646819640705
 20
70.08417471286074
 10
105.72662578722601
 20
70.07515885213465
 10
105.5767754377638
 20
70.06627594161465
 10
105.42691726452028
 20
70.05752601333997
 10
105.27705138406228
 20
70.04890909935199
 10
105.12717791302376
 20
70.04042523169402
 10
104.97729696810629
 20
70.03207444241093
 10
104.82740866607922
 20
70.02385676354895
 10
104.67751312378003
 20
70.01577222715537
 10
104.52761045811512
 20
70.00782086526877
 10
104.37770078628067
 20
70.00000270567391
 10
104.2277842260924
 20
69.99231776520034
 10
104.07786089548259
 20
69.98476605894132
 10
103.92793091240755
 20
69.97734760199384
 10
103.77799439484804
 20
69.97006240945859
 10
103.6280514608094
 20
69.96291049643978
 10
103.478102228322
 20
69.9558918780451
 10
103.32814681544144
 20
69.94900656938562
 10
103.17818534024887
 20
69.9422545855757
 10
103.02821792085132
 20
69.93563594173283
 10
102.87824467538194
 20
69.92915065297757
 10
102.72826572200032
 20
69.92279873443348
 10
102.57828117889281
 20
69.91658020122694
 10
102.42829116427278
 20
69.9104950684871
 10
102.2782957963809
 20
69.90454335134572
 10
102.1282951934855
 20
69.89872506493714
 10
101.97828947388278
 20
69.89304022439809
 10
101.8282787558972
 20
69.88748884486759
 10
101.67826315788166
 20
69.88207094148689
 10
101.52824279821789
 20
69.87678652939927
 10
101.37821779531669
 20
69.87163562375
 10
101.22818826761824
 20
69.86661823968616
 10
101.07815433359238
 20
69.86173439235655
 10
100.92811611173892
 20
69.85698409691159
 10
100.77807372058791
 20
69.85236736850312
 10
100.62802727869996
 20
69.84788422228435
 10
100.47797690466652
 20
69.8435346734097
 10
100.32792271711011
 20
69.83931873703466
 10
100.17786483468474
 20
69.8352364283157
 10
100.0278033760723
 20
69.83128776255525
 10
99.87773845992346
 20
69.8274727575671
 10
99.72767020487606
 20
69.82379143328625
 10
99.57759872961167
 20
69.8202438097129
 10
99.4275241528577
 20
69.81682990684551
 10
99.27744659338777
 20
69.81354974468059
 10
99.12736617002184
 20
69.81040334321251
 10
98.97728300162666
 20
69.8073907224333
 10
98.82719720711586
 20
69.80451190233244
 10
98.67710890545045
 20
69.80176690289665
 10
98.52701821563892
 20
69.79915574410968
 10
98.37692525673761
 20
69.79667844595217
 10
98.22683014785096
 20
69.79433502840128
 10
98.07673300813185
 20
69.79212551143067
 10
97.92663395678176
 20
69.79004991501014
 10
97.77653311305117
 20
69.7881082591055
 10
97.62643059623979
 20
69.7863005636783
 10
97.47632652569676
 20
69.78462684868565
 10
97.32622102082111
 20
69.78308713407998
 10
97.17611420106185
 20
69.78168143980884
 10
97.02600618591836
 20
69.78040978581461
 10
96.87589709494061
 20
69.77927219203438
 10
96.72578704772945
 20
69.77826867839966
 10
96.57567616393692
 20
69.7773992648361
 10
96.42556456326642
 20
69.77666397126343
 10
96.27545236547317
 20
69.77606281759502
 10
96.12533969036423
 20
69.7755958237378
 10
95.97522665779901
 20
69.77526300959194
 10
95.82511338768936
 20
69.77506439505066
 10
95.675
 20
69.775
  0
LWPOLYLINE
  5
E5
330
17
100
AcDbEntity
  8
01-VISIBLE
100
AcDbPolyline
 90
300
 70
0
 10
51.3
 20
75.625
 10
51.44516778894902
 20
75.5867855179668
 10
51.59036642300869
 20
75.54868840191712
 10
51.73559582377499
 20
75.51070873978277
 10
51.880855912651924
 20
75.47284661938616
 10
52.02614661085521
 20
75.43510212845376
 10
52.17146783941591
 20
75.39747535462931
 10
52.31681951918402
 20
75.35996638548725
 10
52.462201570831986
 20
75.32257530854604
 10
52.607613914858135
 20
75.28530221128142
 10
52.753056471590114
 20
75.24814718113983
 10
52.898529161188215
 20
75.21111030555168
 10
53.04403190364865
 20
75.1741916719447
 10
53.18956461880679
 20
75.13739136775723
 10
53.33512722634032
 20
75.10070948045154
 10
53.48071964577232
 20
75.06414609752716
 10
53.62634179647434
 20
75.02770130653418
 10
53.77199359766939
 20
74.9913751950865
 10
53.91767496843484
 20
74.95516785087521
 10
54.06338582770528
 20
74.91907936168178
 10
54.20912609427535
 20
74.88310981539144
 10
54.35489568680247
 20
74.84725930000636
 10
54.50069452380953
 20
74.81152790365897
 10
54.646522523687516
 20
74.77591571462523
 10
54.79237960469805
 20
74.74042282133786
 10
54.938265684975946
 20
74.70504931239957
 10
55.084180682531596
 20
74.66979527659633
 10
55.23012451525339
 20
74.63466080291059
 10
55.37609710091002
 20
74.59964598053449
 10
55.522098357152764
 20
74.56475089888303
 10
55.66812820151766
 20
74.52997564760736
 10
55.81418655142766
 20
74.4953203166079
 10
55.96027332419471
 20
74.46078499604752
 10
56.10638843702177
 20
74.42636977636474
 10
56.252531807004765
 20
74.39207474828686
 10
56.398703351134486
 20
74.35790000284312
 10
56.54490298629842
 20
74.32384563137782
 10
56.69113062928253
 20
74.28991172556346
 10
56.83738619660477
 20
74.25609837668543
 10
56.98366960476052
 20
74.22240567670619
 10
57.1299807709934
 20
74.1888337216306
 10
57.27631961198683
 20
74.1553826058462
 10
57.42268604391251
 20
74.12205242231252
 10
57.569079982551735
 20
74.08884326307478
 10
57.715501343393115
 20
74.05575521968322
 10
57.861950041708965
 20
74.02278838352537
 10
58.00842599261209
 20
73.98994284607775
 10
58.15492911109513
 20
73.95721869908402
 10
58.30145931205421
 20
73.92461603466637
 10
58.44801651029884
 20
73.89213494537698
 10
58.59460062054986
 20
73.85977552419624
 10
58.7412115574272
 20
73.82753786448484
 10
58.887849235429236
 20
73.79542205989631
 10
59.03451356890535
 20
73.7634282042569
 10
59.18120447202346
 20
73.7315563914196
 10
59.327921858734
 20
73.69980671509926
 10
59.47466564273204
 20
73.6681792686953
 10
59.62143573741899
 20
73.6366741451092
 10
59.768232055865404
 20
73.60529143656328
 10
59.9150545107763
 20
73.57403123442762
 10
60.061903014460455
 20
73.54289362906215
 10
60.208777478804926
 20
73.51187870968023
 10
60.35567781525621
 20
73.48098656424102
 10
60.50260393480926
 20
73.450217279377
 10
60.64955574800559
 20
73.41957094036366
 10
60.796533164941664
 20
73.38904763113797
 10
60.94353609528869
 20
73.35864743437251
 10
61.09056444832492
 20
73.32837043161194
 10
61.23761813298156
 20
73.29821670347839
 10
61.38469705790322
 20
73.26818632995288
 10
61.53180113152391
 20
73.23827939073918
 10
61.67893026215958
 20
73.20849596571682
 10
61.82608435811789
 20
73.1788361354902
 10
61.973263327826295
 20
73.14929998204019
 10
62.120467079979065
 20
73.11988758948519
 10
62.26769552369938
 20
73.09059904493454
 10
62.41494856759687
 20
73.06143443377877
 10
62.562226118412426
 20
73.0323938327948
 10
62.70952808298351
 20
73.00347732000405
 10
62.856854368427406
 20
72.97468497563128
 10
63.00420488202093
 20
72.9460168815271
 10
63.151579531096274
 20
72.91747312066057
 10
63.298978222951824
 20
72.88905377667813
 10
63.44640086477689
 20
72.86075893352492
 10
63.5938473635894
 20
72.83258867512514
 10
63.741317626185335
 20
72.8045430851171
 10
63.88881155909917
 20
72.7766222466399
 10
64.0363290685741
 20
72.74882624216745
 10
64.18387006054131
 20
72.72115515338635
 10
64.33143444060711
 20
72.6936090611138
 10
64.47902211404735
 20
72.66618804525186
 10
64.62663298580794
 20
72.6388921847742
 10
64.77426696051072
 20
72.61172155774166
 10
64.92192394246395
 20
72.58467624134286
 10
65.0696038356764
 20
72.55775631195614
 10
65.21730654387441
 20
72.53096184522902
 10
65.36503197052107
 20
72.50429291617137
 10
65.51278001883682
 20
72.47774959925886
 10
65.6605505918207
 20
72.45133196854249
 10
65.80834359227154
 20
72.42504009776073
 10
65.95615892280858
 20
72.39887406045061
 10
66.10399648589058
 20
72.37283393005364
 10
66.25185618383298
 20
72.34691978001332
 10
66.39973791882257
 20
72.32113168386002
 10
66.54764159292887
 20
72.29546971527984
 10
66.69556710811179
 20
72.26993394816355
 10
66.84351436622511
 20
72.24452445663191
 10
66.99148326901502
 20
72.21924131503361
 10
67.13947371811356
 20
72.19408459791224
 10
67.28748561502617
 20
72.16905437993833
 10
67.43551886111314
 20
72.14415073580295
 10
67.58357335756443
 20
72.11937374006908
 10
67.73164900536756
 20
72.09472346697692
 10
67.8797457046627
 20
72.07019998654097
 10
68.02786335588868
 20
72.04580337143292
 10
68.17600186060848
 20
72.02153370205973
 10
68.32416111986409
 20
71.99739105664466
 10
68.47234103420179
 20
71.97337551133683
 10
68.62054150371165
 20
71.94948714041281
 10
68.76876242806472
 20
71.92572601646859
 10
68.91700370654769
 20
71.90209221060188
 10
69.06526523809549
 20
71.87858579258491
 10
69.21354692132132
 20
71.85520683102754
 10
69.36184865454459
 20
71.83195539353066
 10
69.51017033581675
 20
71.8088315468302
 10
69.65851186294486
 20
71.7858353569313
 10
69.80687313351316
 20
71.76296688923291
 10
69.95525404490266
 20
71.7402262086429
 10
70.10365449430861
 20
71.7176133796833
 10
70.25207437875615
 20
71.69512846658624
 10
70.40051359511418
 20
71.67277153337993
 10
70.54897204010715
 20
71.65054264396527
 10
70.69744961032539
 20
71.62844186218277
 10
70.84594620223345
 20
71.6064692518698
 10
70.99446171217694
 20
71.5846248769083
 10
71.14299603638773
 20
71.56290880126284
 10
71.29154907098747
 20
71.54132108900913
 10
71.44012071198983
 20
71.51986180435286
 10
71.58871085530097
 20
71.49853101163897
 10
71.73731939671895
 20
71.47732877535137
 10
71.88594623193137
 20
71.45625516010294
 10
72.03459125651216
 20
71.4353102306162
 10
72.18325436591672
 20
71.41449405169408
 10
72.33193545547613
 20
71.39380668818136
 10
72.48063442038995
 20
71.37324820491648
 10
72.62935115571823
 20
71.35281866667374
 10
72.77808555637222
 20
71.33251813809602
 10
72.92683751710416
 20
71.31234668361787
 10
73.07560693249617
 20
71.2923043673792
 10
73.22439369694818
 20
71.27239125312927
 10
73.37319770475253
 20
71.25260740478055
 10
73.52201885022488
 20
71.23295288740181
 10
73.67085702668169
 20
71.2134277594591
 10
73.8197121270792
 20
71.19403207754509
 10
73.96858404414829
 20
71.17476589736992
 10
74.11747267041821
 20
71.1556292739231
 10
74.2663778982378
 20
71.13662226162226
 10
74.41529961979465
 20
71.11774491444915
 10
74.56423772713164
 20
71.09899728607223
 10
74.7131921121617
 20
71.08037942995672
 10
74.86216266668023
 20
71.0618913994612
 10
75.01114928237556
 20
71.0435332479215
 10
75.16015185083738
 20
71.02530502872138
 10
75.30917026356346
 20
71.00720679535023
 10
75.45820441196429
 20
70.98923860144784
 10
75.60725418736615
 20
70.97140050083595
 10
75.75631948101245
 20
70.953692547537
 10
75.90540018406335
 20
70.93611479577957
 10
76.05449618759398
 20
70.91866729999109
 10
76.20360738259103
 20
70.90135011477724
 10
76.3527336599481
 20
70.88416329488861
 10
76.50187491045955
 20
70.86710689517402
 10
76.65103102481315
 20
70.85018097052104
 10
76.8002018935815
 20
70.83338557578344
 10
76.94938740721238
 20
70.81672076569555
 10
77.09858745601795
 20
70.80018659477365
 10
77.24780193016299
 20
70.78378311720441
 10
77.39703071965225
 20
70.76751038672015
 10
77.5462737143169
 20
70.75136845646134
 10
77.69553080380021
 20
70.73535737882582
 10
77.84480187754254
 20
70.71947720530534
 10
77.9940868247656
 20
70.70372798630879
 10
78.14338553445631
 20
70.68810977097277
 10
78.29269789534993
 20
70.67262260695891
 10
78.44202379591299
 20
70.65726654023841
 10
78.5913631243256
 20
70.64204161486359
 10
78.74071576846374
 20
70.62694787272642
 10
78.8900816158796
 20
70.61198535328892
 10
79.03946055394722
 20
70.59715409497068
 10
79.18885247061232
 20
70.58245414273013
 10
79.33825725375479
 20
70.5678855417619
 10
79.48767479100943
 20
70.55344833565843
 10
79.63710496982095
 20
70.53914256692744
 10
79.78654767748816
 20
70.52496827741979
 10
79.93600280119834
 20
70.51092550867389
 10
80.08547022805304
 20
70.4970143021829
 10
80.23494984508602
 20
70.48323469959112
 10
80.3844415392745
 20
70.46958674282577
 10
80.53394519754461
 20
70.45607047417036
 10
80.68346070677164
 20
70.44268593628613
 10
80.83298795377637
 20
70.42943317218754
 10
80.9825268253179
 20
70.41631222517849
 10
81.13207720808398
 20
70.40332313875511
 10
81.28163898867929
 20
70.39046595648178
 10
81.43121205361273
 20
70.3777407218464
 10
81.58079628928397
 20
70.36514747810135
 10
81.73039158197012
 20
70.35268626809642
 10
81.87999781781298
 20
70.34035713410977
 10
82.02961488280735
 20
70.32816011768361
 10
82.17924266279103
 20
70.31609525947046
 10
82.32888104343681
 20
70.30416259909651
 10
82.47852991024689
 20
70.2923621750484
 10
82.62818914855015
 20
70.28069402458942
 10
82.77785864350255
 20
70.26915818371177
 10
82.92753828009094
 20
70.25775468713076
 10
83.07722794314053
 20
70.24648356832763
 10
83.22692751732626
 20
70.23534485964696
 10
83.37663688718821
 20
70.22433859245486
 10
83.5263559371512
 20
70.21346479736465
 10
83.6760845515486
 20
70.20272350453575
 10
83.82582261465056
 20
70.19211474405235
 10
83.97557001069642
 20
70.18163854638797
 10
84.12532662393157
 20
70.17129494296229
 10
84.2750923386484
 20
70.16108396679627
 10
84.42486703923157
 20
70.15100565327194
 10
84.57465061012186
 20
70.14106003971627
 10
84.7244429352217
 20
70.1312471564287
 10
84.87424389818808
 20
70.12156703085545
 10
85.02405338274048
 20
70.11201969225168
 10
85.17387127264436
 20
70.10260517152689
 10
85.32369745168788
 20
70.09332350096675
 10
85.47353180365562
 20
70.08417471388962
 10
85.62337421230156
 20
70.0751588442612
 10
85.77322456132234
 20
70.06627592628794
 10
85.92308273433228
 20
70.05752599400861
 10
86.07294861484107
 20
70.04890908090026
 10
86.22282208623474
 20
70.0404252195133
 10
86.3727030317608
 20
70.03207444114784
 10
86.52259133451736
 20
70.0238567755816
 10
86.6724868774468
 20
70.0157722508569
 10
86.82238954333388
 20
70.00782089313273
 10
86.97229921480805
 20
70.00000272660543
 10
87.12221577434951
 20
69.99231777349905
 10
87.27213910429919
 20
69.98476605412462
 10
87.42206908687118
 20
69.97734758700533
 10
87.57200560416813
 20
69.97006238906224
 10
87.72194853819789
 20
69.96291047585305
 10
87.87189777089134
 20
69.95589186185448
 10
88.02185318412039
 20
69.94900656077601
 10
88.17181465971538
 20
69.94225458589145
 10
88.32178207948097
 20
69.93563595037173
 10
88.47175532520994
 20
69.92915066760075
 10
88.62173427869395
 20
69.92279875145357
 10
88.7717188217305
 20
69.91658021651428
 10
88.92170883612556
 20
69.9104950782086
 10
89.07170420369107
 20
69.90454335282406
 10
89.2217048062369
 20
69.89872505738855
 10
89.37171052555674
 20
69.89304020937554
 10
89.52172124340777
 20
69.88748882620295
 10
89.67173684148366
 20
69.88207092448907
 10
89.82175720138115
 20
69.87678651902829
 10
89.97178220456003
 20
69.87163562144613
 10
90.12181173234609
 20
69.86661823996987
 10
90.27184566645126
 20
69.86173439506234
 10
90.4218838883904
 20
69.85698410230302
 10
90.57192627957751
 20
69.8523673750442
 10
90.72197272143131
 20
69.84788422765756
 10
90.87202309536836
 20
69.84353467543244
 10
91.02207728279674
 20
69.83931873447922
 10
91.17213516511043
 20
69.8352364216376
 10
91.32219662368408
 20
69.83128775438986
 10
91.47226153986833
 20
69.82747275077901
 10
91.62232979498577
 20
69.82379142933198
 10
91.77240127032708
 20
69.82024380898771
 10
91.92247584714787
 20
69.81682990903022
 10
92.07255340666569
 20
69.81354974902659
 10
92.22263383005766
 20
69.81040334877
 10
92.37271699845826
 20
69.80739072822756
 10
92.52280279295753
 20
69.80451190749334
 10
92.67289109459959
 20
69.80176690674605
 10
92.82298178438133
 20
69.799155746212
 10
92.9730747432515
 20
69.79667844613273
 10
93.12316985210992
 20
69.7943350267378
 10
93.27326699180685
 20
69.79212550822241
 10
93.42336604314265
 20
69.79004991073003
 10
93.5734668868675
 20
69.78810825434
 10
93.7235694036812
 20
69.78630055905998
 10
93.87367347423317
 20
69.78462684482346
 10
94.02377897912245
 20
69.78308713149218
 10
94.17388579889764
 20
69.78168143886346
 10
94.32399381405709
 20
69.78040978668247
 10
94.47410290504875
 20
69.77927219465951
 10
94.62421295227033
 20
69.77826868249218
 10
94.77432383606907
 20
69.77739926989243
 10
94.92443543674165
 20
69.77666397661862
 10
95.07454763453379
 20
69.77606282251249
 10
95.22466030963989
 20
69.77559582754101
 10
95.37477334220227
 20
69.77526301184321
 10
95.52488661231045
 20
69.77506439578185
 10
95.675
 20
69.77500000000009
  0
LINE
  5
E6
330
17
100
AcDbEntity
  8
01-VISIBLE
100
AcDbLine
 10
51.3
 20
74.6249997
 30
0.0
 11
51.3
 21
75.625
 31
0.0
  0
LINE
  5
E7
330
17
100
AcDbEntity
  8
01-VISIBLE
100
AcDbLine
 10
86.92
 20
339.31911142959063
 30
0.0
 11
86.92
 21
340.625
 31
0.0
  0
LINE
  5
E8
330
17
100
AcDbEntity
  8
01-VISIBLE
100
AcDbLine
 10
104.42999999999999
 20
339.31911142959063
 30
0.0
 11
104.42999999999999
 21
340.625
 31
0.0
  0
LINE
  5
E9
330
17
100
AcDbEntity
  8
01-VISIBLE
100
AcDbLine
 10
104.87500000000004
 20
340.625
 30
0.0
 11
104.4300000000001
 21
340.625
 31
0.0
  0
LINE
  5
EA
330
17
100
AcDbEntity
  8
01-VISIBLE
100
AcDbLine
 10
86.91999999999989
 20
340.625
 30
0.0
 11
86.47499999999995
 21
340.625
 31
0.0
  0
LINE
  5
EB
330
17
100
AcDbEntity
  8
01-VISIBLE
100
AcDbLine
 10
88.58099999999995
 20
339.3191114295906
 30
0.0
 11
86.91999999999989
 21
339.3191114295906
 31
0.0
  0
LINE
  5
EC
330
17
100
AcDbEntity
  8
01-VISIBLE
100
AcDbLine
 10
88.581
 20
339.31911142959063
 30
0.0
 11
88.581
 21
347.625
 31
0.0
  0
LINE
  5
ED
330
17
100
AcDbEntity
  8
01-VISIBLE
100
AcDbLine
 10
88.58099999999995
 20
347.625
 30
0.0
 11
86.47499999999995
 21
347.625
 31
0.0
  0
LINE
  5
EE
330
17
100
AcDbEntity
  8
01-VISIBLE
100
AcDbLine
 10
86.475
 20
340.625
 30
0.0
 11
86.475
 21
347.625
 31
0.0
  0
LINE
  5
EF
330
17
100
AcDbEntity
  8
01-VISIBLE
100
AcDbLine
 10
104.4300000000001
 20
339.3191114295906
 30
0.0
 11
102.76900000000005
 21
339.3191114295906
 31
0.0
  0
LWPOLYLINE
  5
F0
330
17
100
AcDbEntity
  8
01-VISIBLE
100
AcDbPolyline
 90
28
 70
0
 10
102.76899999999999
 20
339.31911142959063
 10
102.61737037037037
 20
339.31911142959063
 10
102.46574074074074
 20
339.31911142959063
 10
102.3141111111111
 20
339.31911142959063
 10
102.16248148148148
 20
339.31911142959063
 10
102.01085185185185
 20
339.31911142959063
 10
101.85922222222221
 20
339.31911142959063
 10
101.70759259259259
 20
339.31911142959063
 10
101.55596296296297
 20
339.31911142959063
 10
101.40433333333333
 20
339.31911142959063
 10
101.2527037037037
 20
339.31911142959063
 10
101.10107407407408
 20
339.31911142959063
 10
100.94944444444444
 20
339.31911142959063
 10
100.79781481481481
 20
339.31911142959063
 10
100.64618518518519
 20
339.31911142959063
 10
100.49455555555555
 20
339.31911142959063
 10
100.34292592592593
 20
339.31911142959063
 10
100.1912962962963
 20
339.31911142959063
 10
100.03966666666666
 20
339.31911142959063
 10
99.88803703703704
 20
339.31911142959063
 10
99.7364074074074
 20
339.31911142959063
 10
99.58477777777777
 20
339.31911142959063
 10
99.43314814814815
 20
339.31911142959063
 10
99.28151851851851
 20
339.31911142959063
 10
99.12988888888889
 20
339.31911142959063
 10
98.97825925925926
 20
339.31911142959063
 10
98.82662962962962
 20
339.31911142959063
 10
98.675
 20
339.31911142959063
  0
LWPOLYLINE
  5
F1
330
17
100
AcDbEntity
  8
01-VISIBLE
100
AcDbPolyline
 90
28
 70
0
 10
92.675
 20
339.31911142959063
 10
92.52337037037037
 20
339.31911142959063
 10
92.37174074074073
 20
339.31911142959063
 10
92.22011111111111
 20
339.31911142959063
 10
92.06848148148148
 20
339.31911142959063
 10
91.91685185185185
 20
339.31911142959063
 10
91.76522222222222
 20
339.31911142959063
 10
91.61359259259258
 20
339.31911142959063
 10
91.46196296296296
 20
339.31911142959063
 10
91.31033333333333
 20
339.31911142959063
 10
91.15870370370371
 20
339.31911142959063
 10
91.00707407407407
 20
339.31911142959063
 10
90.85544444444444
 20
339.31911142959063
 10
90.7038148148148
 20
339.31911142959063
 10
90.55218518518518
 20
339.31911142959063
 10
90.40055555555556
 20
339.31911142959063
 10
90.24892592592592
 20
339.31911142959063
 10
90.09729629629629
 20
339.31911142959063
 10
89.94566666666667
 20
339.31911142959063
 10
89.79403703703703
 20
339.31911142959063
 10
89.6424074074074
 20
339.31911142959063
 10
89.49077777777778
 20
339.31911142959063
 10
89.33914814814814
 20
339.31911142959063
 10
89.18751851851852
 20
339.31911142959063
 10
89.03588888888889
 20
339.31911142959063
 10
88.88425925925925
 20
339.31911142959063
 10
88.73262962962963
 20
339.31911142959063
 10
88.581
 20
339.31911142959063
  0
LINE
  5
F2
330
17
100
AcDbEntity
  8
01-VISIBLE
100
AcDbLine
 10
104.875
 20
340.625
 30
0.0
 11
104.875
 21
347.625
 31
0.0
  0
LINE
  5
F3
330
17
100
AcDbEntity
  8
01-VISIBLE
100
AcDbLine
 10
104.87500000000004
 20
347.625
 30
0.0
 11
102.76900000000005
 21
347.625
 31
0.0
  0
LINE
  5
F4
330
17
100
AcDbEntity
  8
01-VISIBLE
100
AcDbLine
 10
102.76899999999999
 20
347.625
 30
0.0
 11
102.76899999999999
 21
339.31911142959063
 31
0.0
  0
LWPOLYLINE
  5
F5
330
17
100
AcDbEntity
  8
01-VISIBLE
100
AcDbPolyline
 90
95
 70
0
 10
102.76899999999999
 20
347.625
 10
102.61806382978723
 20
347.625
 10
102.46712765957446
 20
347.625
 10
102.3161914893617
 20
347.625
 10
102.16525531914894
 20
347.625
 10
102.01431914893617
 20
347.625
 10
101.86338297872341
 20
347.625
 10
101.71244680851063
 20
347.625
 10
101.56151063829788
 20
347.625
 10
101.4105744680851
 20
347.625
 10
101.25963829787234
 20
347.625
 10
101.10870212765957
 20
347.625
 10
100.95776595744681
 20
347.625
 10
100.80682978723404
 20
347.625
 10
100.65589361702128
 20
347.625
 10
100.5049574468085
 20
347.625
 10
100.35402127659574
 20
347.625
 10
100.20308510638297
 20
347.625
 10
100.05214893617021
 20
347.625
 10
99.90121276595744
 20
347.625
 10
99.75027659574468
 20
347.625
 10
99.5993404255319
 20
347.625
 10
99.44840425531915
 20
347.625
 10
99.29746808510637
 20
347.625
 10
99.14653191489361
 20
347.625
 10
98.99559574468084
 20
347.625
 10
98.84465957446808
 20
347.625
 10
98.69372340425532
 20
347.625
 10
98.54278723404255
 20
347.625
 10
98.39185106382979
 20
347.625
 10
98.24091489361702
 20
347.625
 10
98.08997872340426
 20
347.625
 10
97.93904255319148
 20
347.625
 10
97.78810638297873
 20
347.625
 10
97.63717021276595
 20
347.625
 10
97.48623404255319
 20
347.625
 10
97.33529787234042
 20
347.625
 10
97.18436170212766
 20
347.625
 10
97.03342553191489
 20
347.625
 10
96.88248936170213
 20
347.625
 10
96.73155319148935
 20
347.625
 10
96.5806170212766
 20
347.625
 10
96.42968085106382
 20
347.625
 10
96.27874468085106
 20
347.625
 10
96.12780851063829
 20
347.625
 10
95.97687234042553
 20
347.625
 10
95.82593617021276
 20
347.625
 10
95.675
 20
347.625
 10
95.52406382978722
 20
347.625
 10
95.37312765957446
 20
347.625
 10
95.22219148936169
 20
347.625
 10
95.07125531914893
 20
347.625
 10
94.92031914893616
 20
347.625
 10
94.7693829787234
 20
347.625
 10
94.61844680851064
 20
347.625
 10
94.46751063829787
 20
347.625
 10
94.31657446808511
 20
347.625
 10
94.16563829787233
 20
347.625
 10
94.01470212765958
 20
347.625
 10
93.8637659574468
 20
347.625
 10
93.71282978723404
 20
347.625
 10
93.56189361702127
 20
347.625
 10
93.41095744680851
 20
347.625
 10
93.26002127659574
 20
347.625
 10
93.10908510638298
 20
347.625
 10
92.9581489361702
 20
347.625
 10
92.80721276595744
 20
347.625
 10
92.65627659574467
 20
347.625
 10
92.50534042553191
 20
347.625
 10
92.35440425531914
 20
347.625
 10
92.20346808510638
 20
347.625
 10
92.0525319148936
 20
347.625
 10
91.90159574468085
 20
347.625
 10
91.75065957446809
 20
347.625
 10
91.59972340425531
 20
347.625
 10
91.44878723404256
 20
347.625
 10
91.29785106382978
 20
347.625
 10
91.14691489361702
 20
347.625
 10
90.99597872340425
 20
347.625
 10
90.84504255319149
 20
347.625
 10
90.69410638297872
 20
347.625
 10
90.54317021276596
 20
347.625
 10
90.39223404255318
 20
347.625
 10
90.24129787234043
 20
347.625
 10
90.09036170212765
 20
347.625
 10
89.93942553191489
 20
347.625
 10
89.78848936170212
 20
347.625
 10
89.63755319148936
 20
347.625
 10
89.48661702127659
 20
347.625
 10
89.33568085106383
 20
347.625
 10
89.18474468085105
 20
347.625
 10
89.0338085106383
 20
347.625
 10
88.88287234042552
 20
347.625
 10
88.73193617021276
 20
347.625
 10
88.581
 20
347.625
  0
ARC
  5
F6
330
17
100
AcDbEntity
  8
01-VISIBLE
100
AcDbCircle
 10
50.8
 20
309.96154022288897
 30
0.0
 40
0.8
100
AcDbArc
 50
90.0
 51
180.0
  0
ARC
  5
F7
330
17
100
AcDbEntity
  8
01-VISIBLE
100
AcDbCircle
 10
50.8
 20
309.96154022288897
 30
0.0
 40
0.8
100
AcDbArc
 50
-90.0
 51
90.0
  0
ARC
  5
F8
330
17
100
AcDbEntity
  8
01-VISIBLE
100
AcDbCircle
 10
50.8
 20
309.96154022288897
 30
0.0
 40
0.8
100
AcDbArc
 50
180.0
 51
-90.0
  0
ARC
  5
F9
330
17
100
AcDbEntity
  8
01-VISIBLE
100
AcDbCircle
 10
140.55
 20
309.96154022288897
 30
0.0
 40
0.8
100
AcDbArc
 50
0.0
 51
90.0
  0
ARC
  5
FA
330
17
100
AcDbEntity
  8
01-VISIBLE
100
AcDbCircle
 10
140.55
 20
309.96154022288897
 30
0.0
 40
0.8
100
AcDbArc
 50
90.0
 51
-90.0
  0
ARC
  5
FB
330
17
100
AcDbEntity
  8
01-VISIBLE
100
AcDbCircle
 10
140.55
 20
309.96154022288897
 30
0.0
 40
0.8
100
AcDbArc
 50
-90.0
 51
0.0
  0
ARC
  5
FC
330
17
100
AcDbEntity
  8
01-VISIBLE
100
AcDbCircle
 10
51.3
 20
75.625
 30
0.0
 40
0.8
100
AcDbArc
 50
90.0
 51
180.0
  0
ARC
  5
FD
330
17
100
AcDbEntity
  8
01-VISIBLE
100
AcDbCircle
 10
51.3
 20
75.625
 30
0.0
 40
0.8
100
AcDbArc
 50
-90.0
 51
90.0
  0
ARC
  5
FE
330
17
100
AcDbEntity
  8
01-VISIBLE
100
AcDbCircle
 10
51.3
 20
75.625
 30
0.0
 40
0.8
100
AcDbArc
 50
180.0
 51
-90.0
  0
ARC
  5
FF
330
17
100
AcDbEntity
  8
01-VISIBLE
100
AcDbCircle
 10
140.05
 20
75.625
 30
0.0
 40
0.8
100
AcDbArc
 50
0.0
 51
90.0
  0
ARC
  5
100
330
17
100
AcDbEntity
  8
01-VISIBLE
100
AcDbCircle
 10
140.05
 20
75.625
 30
0.0
 40
0.8
100
AcDbArc
 50
90.0
 51
-90.0
  0
ARC
  5
101
330
17
100
AcDbEntity
  8
01-VISIBLE
100
AcDbCircle
 10
140.05
 20
75.625
 30
0.0
 40
0.8
100
AcDbArc
 50
-90.0
 51
0.0
  0
ARC
  5
102
330
17
100
AcDbEntity
  8
01-VISIBLE
100
AcDbCircle
 10
104.875
 20
340.625
 30
0.0
 40
0.6400000000000001
100
AcDbArc
 50
0.0
 51
90.0
  0
ARC
  5
103
330
17
100
AcDbEntity
  8
01-VISIBLE
100
AcDbCircle
 10
104.875
 20
340.625
 30
0.0
 40
0.6400000000000001
100
AcDbArc
 50
90.0
 51
-90.0
  0
ARC
  5
104
330
17
100
AcDbEntity
  8
01-VISIBLE
100
AcDbCircle
 10
104.875
 20
340.625
 30
0.0
 40
0.6400000000000001
100
AcDbArc
 50
-90.0
 51
0.0
  0
ARC
  5
105
330
17
100
AcDbEntity
  8
01-VISIBLE
100
AcDbCircle
 10
86.475
 20
340.625
 30
0.0
 40
0.6400000000000001
100
AcDbArc
 50
90.0
 51
180.0
  0
ARC
  5
106
330
17
100
AcDbEntity
  8
01-VISIBLE
100
AcDbCircle
 10
86.475
 20
340.625
 30
0.0
 40
0.6400000000000001
100
AcDbArc
 50
-90.0
 51
90.0
  0
ARC
  5
107
330
17
100
AcDbEntity
  8
01-VISIBLE
100
AcDbCircle
 10
86.475
 20
340.625
 30
0.0
 40
0.6400000000000001
100
AcDbArc
 50
180.0
 51
-90.0
  0
LINE
  5
108
330
17
100
AcDbEntity
  8
01-VISIBLE
100
AcDbLine
 10
92.675
 20
78.775
 30
0.0
 11
92.675
 21
341.625
 31
0.0
  0
LINE
  5
109
330
17
100
AcDbEntity
  8
01-VISIBLE
100
AcDbLine
 10
98.675
 20
78.775
 30
0.0
 11
98.675
 21
341.625
 31
0.0
  0
LINE
  5
10A
330
17
100
AcDbEntity
  8
01-VISIBLE
100
AcDbLine
 10
98.675
 20
341.625
 30
0.0
 11
97.925
 21
341.625
 31
0.0
  0
LWPOLYLINE
  5
10B
330
17
100
AcDbEntity
  8
01-VISIBLE
100
AcDbPolyline
 90
31
 70
0
 10
97.925
 20
341.625
 10
97.77499999999999
 20
341.625
 10
97.625
 20
341.625
 10
97.475
 20
341.625
 10
97.325
 20
341.625
 10
97.175
 20
341.625
 10
97.02499999999999
 20
341.625
 10
96.875
 20
341.625
 10
96.725
 20
341.625
 10
96.575
 20
341.625
 10
96.425
 20
341.625
 10
96.27499999999999
 20
341.625
 10
96.125
 20
341.625
 10
95.975
 20
341.625
 10
95.825
 20
341.625
 10
95.675
 20
341.625
 10
95.52499999999999
 20
341.625
 10
95.375
 20
341.625
 10
95.225
 20
341.625
 10
95.075
 20
341.625
 10
94.925
 20
341.625
 10
94.77499999999999
 20
341.625
 10
94.625
 20
341.625
 10
94.475
 20
341.625
 10
94.325
 20
341.625
 10
94.175
 20
341.625
 10
94.02499999999999
 20
341.625
 10
93.875
 20
341.625
 10
93.725
 20
341.625
 10
93.575
 20
341.625
 10
93.425
 20
341.625
  0
LINE
  5
10C
330
17
100
AcDbEntity
  8
01-VISIBLE
100
AcDbLine
 10
93.425
 20
341.625
 30
0.0
 11
92.675
 21
341.625
 31
0.0
  0
LINE
  5
10D
330
17
100
AcDbEntity
  8
01-VISIBLE
100
AcDbLine
 10
93.425
 20
78.77500000000005
 30
0.0
 11
92.675
 21
78.77500000000005
 31
0.0
  0
LINE
  5
10E
330
17
100
AcDbEntity
  8
01-VISIBLE
100
AcDbLine
 10
93.425
 20
78.775
 30
0.0
 11
93.425
 21
341.625
 31
0.0
  0
LINE
  5
10F
330
17
100
AcDbEntity
  8
01-VISIBLE
100
AcDbLine
 10
98.675
 20
78.77500000000005
 30
0.0
 11
97.925
 21
78.77500000000005
 31
0.0
  0
LWPOLYLINE
  5
110
330
17
100
AcDbEntity
  8
01-VISIBLE
100
AcDbPolyline
 90
31
 70
0
 10
97.925
 20
78.775
 10
97.77499999999999
 20
78.775
 10
97.625
 20
78.775
 10
97.475
 20
78.775
 10
97.325
 20
78.775
 10
97.175
 20
78.775
 10
97.02499999999999
 20
78.775
 10
96.875
 20
78.775
 10
96.725
 20
78.775
 10
96.575
 20
78.775
 10
96.425
 20
78.775
 10
96.27499999999999
 20
78.775
 10
96.125
 20
78.775
 10
95.975
 20
78.775
 10
95.825
 20
78.775
 10
95.675
 20
78.775
 10
95.52499999999999
 20
78.775
 10
95.375
 20
78.775
 10
95.225
 20
78.775
 10
95.075
 20
78.775
 10
94.925
 20
78.775
 10
94.77499999999999
 20
78.775
 10
94.625
 20
78.775
 10
94.475
 20
78.775
 10
94.325
 20
78.775
 10
94.175
 20
78.775
 10
94.02499999999999
 20
78.775
 10
93.875
 20
78.775
 10
93.725
 20
78.775
 10
93.575
 20
78.775
 10
93.425
 20
78.775
  0
LINE
  5
111
330
17
100
AcDbEntity
  8
01-VISIBLE
100
AcDbLine
 10
97.925
 20
78.775
 30
0.0
 11
97.925
 21
341.625
 31
0.0
  0
LWPOLYLINE
  5
112
330
17
100
AcDbEntity
  8
01-VISIBLE
100
AcDbPolyline
 90
401
 70
0
 10
140.05
 20
76.425
 10
139.82826122299895
 20
76.425
 10
139.60639116982486
 20
76.425
 10
139.38453514163518
 20
76.425
 10
139.16267261339283
 20
76.425
 10
138.9408059163875
 20
76.425
 10
138.7189362467003
 20
76.425
 10
138.49706431508454
 20
76.425
 10
138.27519058476065
 20
76.425
 10
138.0533153775559
 20
76.425
 10
137.8314389278343
 20
76.425
 10
137.60956141254698
 20
76.425
 10
137.3876829691809
 20
76.425
 10
137.16580370707845
 20
76.425
 10
136.94392371489397
 20
76.425
 10
136.72204306568858
 20
76.425
 10
136.50016182051544
 20
76.425
 10
136.27828003101024
 20
76.425
 10
136.05639774130537
 20
76.425
 10
135.8345149894664
 20
76.425
 10
135.61263180860087
 20
76.425
 10
135.390748227712
 20
76.425
 10
135.16886427237597
 20
76.425
 10
134.94697996528043
 20
76.425
 10
134.7250953266596
 20
76.425
 10
134.5032103746478
 20
76.425
 10
134.28132512557045
 20
76.425
 10
134.05943959418488
 20
76.425
 10
133.8375537938816
 20
76.425
 10
133.61566773685325
 20
76.425
 10
133.39378143423784
 20
76.425
 10
133.17189489624076
 20
76.425
 10
132.95000813223646
 20
76.425
 10
132.728125
 20
76.425
 10
132.50625
 20
76.425
 10
132.284375
 20
76.425
 10
132.0625
 20
76.425
 10
131.840625
 20
76.425
 10
131.61874999999998
 20
76.425
 10
131.396875
 20
76.425
 10
131.175
 20
76.425
 10
130.953125
 20
76.425
 10
130.73125
 20
76.425
 10
130.509375
 20
76.425
 10
130.2875
 20
76.425
 10
130.065625
 20
76.425
 10
129.84375
 20
76.425
 10
129.621875
 20
76.425
 10
129.4
 20
76.425
 10
129.178125
 20
76.425
 10
128.95625
 20
76.425
 10
128.734375
 20
76.425
 10
128.5125
 20
76.425
 10
128.290625
 20
76.425
 10
128.06875
 20
76.425
 10
127.846875
 20
76.425
 10
127.625
 20
76.425
 10
127.40312499999999
 20
76.425
 10
127.18124999999999
 20
76.425
 10
126.959375
 20
76.425
 10
126.7375
 20
76.425
 10
126.515625
 20
76.425
 10
126.29374999999999
 20
76.425
 10
126.071875
 20
76.425
 10
125.85
 20
76.425
 10
125.628125
 20
76.425
 10
125.40625
 20
76.425
 10
125.18437499999999
 20
76.425
 10
124.96249999999999
 20
76.425
 10
124.740625
 20
76.425
 10
124.51875
 20
76.425
 10
124.296875
 20
76.425
 10
124.07499999999999
 20
76.425
 10
123.853125
 20
76.425
 10
123.63125
 20
76.425
 10
123.409375
 20
76.425
 10
123.1875
 20
76.425
 10
122.96562499999999
 20
76.425
 10
122.74374999999999
 20
76.425
 10
122.521875
 20
76.425
 10
122.3
 20
76.425
 10
122.078125
 20
76.425
 10
121.85624999999999
 20
76.425
 10
121.63437499999999
 20
76.425
 10
121.4125
 20
76.425
 10
121.190625
 20
76.425
 10
120.96875
 20
76.425
 10
120.746875
 20
76.425
 10
120.52499999999999
 20
76.425
 10
120.303125
 20
76.425
 10
120.08125
 20
76.425
 10
119.859375
 20
76.425
 10
119.63749999999999
 20
76.425
 10
119.415625
 20
76.425
 10
119.19375
 20
76.425
 10
118.97187500000001
 20
76.425
 10
118.75
 20
76.425
 10
118.528125
 20
76.425
 10
118.30625
 20
76.425
 10
118.084375
 20
76.425
 10
117.8625
 20
76.425
 10
117.640625
 20
76.425
 10
117.41875
 20
76.425
 10
117.196875
 20
76.425
 10
116.975
 20
76.425
 10
116.753125
 20
76.425
 10
116.53125
 20
76.425
 10
116.309375
 20
76.425
 10
116.08749999999999
 20
76.425
 10
115.865625
 20
76.425
 10
115.64374999999998
 20
76.425
 10
115.421875
 20
76.425
 10
115.19999999999999
 20
76.425
 10
114.97812499999999
 20
76.425
 10
114.75625
 20
76.425
 10
114.53437499999998
 20
76.425
 10
114.3125
 20
76.425
 10
114.090625
 20
76.425
 10
113.86875
 20
76.425
 10
113.646875
 20
76.425
 10
113.425
 20
76.425
 10
113.203125
 20
76.425
 10
112.98124999999999
 20
76.425
 10
112.759375
 20
76.425
 10
112.5375
 20
76.425
 10
112.31562499999998
 20
76.425
 10
112.09375
 20
76.425
 10
111.87187499999999
 20
76.425
 10
111.64999999999999
 20
76.425
 10
111.428125
 20
76.425
 10
111.20625
 20
76.425
 10
110.984375
 20
76.425
 10
110.76249999999999
 20
76.425
 10
110.54062499999999
 20
76.425
 10
110.31875
 20
76.425
 10
110.09687499999998
 20
76.425
 10
109.875
 20
76.425
 10
109.65312499999999
 20
76.425
 10
109.43124999999999
 20
76.425
 10
109.209375
 20
76.425
 10
108.9875
 20
76.425
 10
108.765625
 20
76.425
 10
108.54375
 20
76.425
 10
108.321875
 20
76.425
 10
108.1
 20
76.425
 10
107.878125
 20
76.425
 10
107.65625
 20
76.425
 10
107.434375
 20
76.425
 10
107.21249999999999
 20
76.425
 10
106.99062500000001
 20
76.425
 10
106.76875
 20
76.425
 10
106.546875
 20
76.425
 10
106.32499999999999
 20
76.425
 10
106.10312499999999
 20
76.425
 10
105.88125
 20
76.425
 10
105.65937499999998
 20
76.425
 10
105.4375
 20
76.425
 10
105.215625
 20
76.425
 10
104.99375
 20
76.425
 10
104.771875
 20
76.425
 10
104.55
 20
76.425
 10
104.328125
 20
76.425
 10
104.10624999999999
 20
76.425
 10
103.88437499999999
 20
76.425
 10
103.6625
 20
76.425
 10
103.440625
 20
76.425
 10
103.21874999999997
 20
76.425
 10
102.99687499999999
 20
76.425
 10
102.77499999999999
 20
76.425
 10
102.553125
 20
76.425
 10
102.33125
 20
76.425
 10
102.109375
 20
76.425
 10
101.88749999999999
 20
76.425
 10
101.66562499999999
 20
76.425
 10
101.44375
 20
76.425
 10
101.22187499999998
 20
76.425
 10
101.0
 20
76.425
 10
100.77812499999999
 20
76.425
 10
100.55625
 20
76.425
 10
100.334375
 20
76.425
 10
100.11250000000001
 20
76.425
 10
99.890625
 20
76.425
 10
99.66874999999999
 20
76.425
 10
99.446875
 20
76.425
 10
99.225
 20
76.425
 10
99.003125
 20
76.425
 10
98.78125
 20
76.425
 10
98.55937499999999
 20
76.425
 10
98.3375
 20
76.425
 10
98.115625
 20
76.425
 10
97.89374999999998
 20
76.425
 10
97.671875
 20
76.425
 10
97.44999999999999
 20
76.425
 10
97.228125
 20
76.425
 10
97.00625000000001
 20
76.425
 10
96.784375
 20
76.425
 10
96.5625
 20
76.425
 10
96.34062499999999
 20
76.425
 10
96.11875
 20
76.425
 10
95.896875
 20
76.425
 10
95.675
 20
76.425
 10
95.45312499999999
 20
76.425
 10
95.23125
 20
76.425
 10
95.00937499999999
 20
76.425
 10
94.7875
 20
76.425
 10
94.56562500000001
 20
76.425
 10
94.34375
 20
76.425
 10
94.121875
 20
76.425
 10
93.9
 20
76.425
 10
93.67812500000001
 20
76.425
 10
93.45625
 20
76.425
 10
93.234375
 20
76.425
 10
93.0125
 20
76.425
 10
92.790625
 20
76.425
 10
92.56875
 20
76.425
 10
92.346875
 20
76.425
 10
92.12499999999999
 20
76.425
 10
91.90312499999999
 20
76.425
 10
91.68125
 20
76.425
 10
91.45937500000001
 20
76.425
 10
91.2375
 20
76.425
 10
91.015625
 20
76.425
 10
90.79374999999999
 20
76.425
 10
90.571875
 20
76.425
 10
90.35
 20
76.425
 10
90.128125
 20
76.425
 10
89.90625
 20
76.425
 10
89.68437499999999
 20
76.425
 10
89.46249999999999
 20
76.425
 10
89.240625
 20
76.425
 10
89.01875
 20
76.425
 10
88.796875
 20
76.425
 10
88.575
 20
76.425
 10
88.35312499999999
 20
76.425
 10
88.13125000000001
 20
76.425
 10
87.909375
 20
76.425
 10
87.6875
 20
76.425
 10
87.46562499999999
 20
76.425
 10
87.24375
 20
76.425
 10
87.021875
 20
76.425
 10
86.8
 20
76.425
 10
86.57812499999999
 20
76.425
 10
86.35624999999999
 20
76.425
 10
86.13437499999999
 20
76.425
 10
85.91250000000001
 20
76.425
 10
85.690625
 20
76.425
 10
85.46874999999999
 20
76.425
 10
85.24687499999999
 20
76.425
 10
85.02499999999999
 20
76.425
 10
84.803125
 20
76.425
 10
84.58125
 20
76.425
 10
84.35937499999999
 20
76.425
 10
84.13749999999999
 20
76.425
 10
83.91562499999999
 20
76.425
 10
83.69375
 20
76.425
 10
83.471875
 20
76.425
 10
83.25
 20
76.425
 10
83.028125
 20
76.425
 10
82.80625
 20
76.425
 10
82.58437500000001
 20
76.425
 10
82.3625
 20
76.425
 10
82.140625
 20
76.425
 10
81.91874999999999
 20
76.425
 10
81.69687499999999
 20
76.425
 10
81.475
 20
76.425
 10
81.253125
 20
76.425
 10
81.03125
 20
76.425
 10
80.809375
 20
76.425
 10
80.58749999999999
 20
76.425
 10
80.365625
 20
76.425
 10
80.14374999999998
 20
76.425
 10
79.921875
 20
76.425
 10
79.7
 20
76.425
 10
79.478125
 20
76.425
 10
79.25625
 20
76.425
 10
79.034375
 20
76.425
 10
78.8125
 20
76.425
 10
78.59062499999999
 20
76.425
 10
78.36874999999999
 20
76.425
 10
78.146875
 20
76.425
 10
77.92499999999998
 20
76.425
 10
77.70312499999999
 20
76.425
 10
77.48125
 20
76.425
 10
77.259375
 20
76.425
 10
77.03750000000001
 20
76.425
 10
76.815625
 20
76.425
 10
76.59375
 20
76.425
 10
76.37187499999999
 20
76.425
 10
76.15
 20
76.425
 10
75.928125
 20
76.425
 10
75.70625
 20
76.425
 10
75.484375
 20
76.425
 10
75.2625
 20
76.425
 10
75.04062499999999
 20
76.425
 10
74.81875
 20
76.425
 10
74.59687500000001
 20
76.425
 10
74.375
 20
76.425
 10
74.15312499999999
 20
76.425
 10
73.93124999999999
 20
76.425
 10
73.709375
 20
76.425
 10
73.48749999999998
 20
76.425
 10
73.26562499999997
 20
76.425
 10
73.04375
 20
76.425
 10
72.82187499999999
 20
76.425
 10
72.6
 20
76.425
 10
72.378125
 20
76.425
 10
72.15625000000001
 20
76.425
 10
71.93437499999999
 20
76.425
 10
71.71249999999999
 20
76.425
 10
71.490625
 20
76.425
 10
71.26874999999998
 20
76.425
 10
71.046875
 20
76.425
 10
70.82499999999999
 20
76.425
 10
70.603125
 20
76.425
 10
70.38125
 20
76.425
 10
70.159375
 20
76.425
 10
69.9375
 20
76.425
 10
69.715625
 20
76.425
 10
69.49374999999999
 20
76.425
 10
69.271875
 20
76.425
 10
69.04999999999998
 20
76.425
 10
68.828125
 20
76.425
 10
68.60624999999999
 20
76.425
 10
68.38437499999999
 20
76.425
 10
68.1625
 20
76.425
 10
67.940625
 20
76.425
 10
67.71874999999999
 20
76.425
 10
67.496875
 20
76.425
 10
67.27499999999999
 20
76.425
 10
67.053125
 20
76.425
 10
66.83125
 20
76.425
 10
66.609375
 20
76.425
 10
66.38749999999999
 20
76.425
 10
66.16562499999999
 20
76.425
 10
65.94375
 20
76.425
 10
65.721875
 20
76.425
 10
65.5
 20
76.425
 10
65.27812499999999
 20
76.425
 10
65.05625
 20
76.425
 10
64.834375
 20
76.425
 10
64.61249999999998
 20
76.425
 10
64.390625
 20
76.425
 10
64.16875
 20
76.425
 10
63.94687499999999
 20
76.425
 10
63.724999999999994
 20
76.425
 10
63.503125
 20
76.425
 10
63.28124999999999
 20
76.425
 10
63.059374999999996
 20
76.425
 10
62.8375
 20
76.425
 10
62.61562499999999
 20
76.425
 10
62.39374999999999
 20
76.425
 10
62.171874999999986
 20
76.425
 10
61.949999999999996
 20
76.425
 10
61.728124999999984
 20
76.425
 10
61.50624999999999
 20
76.425
 10
61.284375
 20
76.425
 10
61.06249999999999
 20
76.425
 10
60.84062499999999
 20
76.425
 10
60.61874999999999
 20
76.425
 10
60.396875
 20
76.425
 10
60.17499999999999
 20
76.425
 10
59.95312500000001
 20
76.425
 10
59.73124999999999
 20
76.425
 10
59.509375000000006
 20
76.425
 10
59.28749999999999
 20
76.425
 10
59.065625000000004
 20
76.425
 10
58.84375
 20
76.425
 10
58.621874999999996
 20
76.425
 10
58.4
 20
76.425
 10
58.178124999999994
 20
76.425
 10
57.95625
 20
76.425
 10
57.734375
 20
76.425
 10
57.512499999999974
 20
76.425
 10
57.29062499999999
 20
76.425
 10
57.068749999999994
 20
76.425
 10
56.84687499999999
 20
76.425
 10
56.624999999999986
 20
76.425
 10
56.403125
 20
76.425
 10
56.18124999999999
 20
76.425
 10
55.95937499999999
 20
76.425
 10
55.7375
 20
76.425
 10
55.51562500000001
 20
76.425
 10
55.29374999999999
 20
76.425
 10
55.07187499999999
 20
76.425
 10
54.849999999999994
 20
76.425
 10
54.62812499999999
 20
76.425
 10
54.40625
 20
76.425
 10
54.18437499999998
 20
76.425
 10
53.962500000000006
 20
76.425
 10
53.74062499999999
 20
76.425
 10
53.518750000000004
 20
76.425
 10
53.29687499999999
 20
76.425
 10
53.07500000000001
 20
76.425
 10
52.85312499999999
 20
76.425
 10
52.63124999999999
 20
76.425
 10
52.409375000000004
 20
76.425
 10
52.18750000000001
 20
76.425
 10
51.965624999999996
 20
76.425
 10
51.743749999999984
 20
76.425
 10
51.521874999999994
 20
76.425
 10
51.3
 20
76.425
  0
HATCH
  5
113
330
17
100
AcDbEntity
  8
05-RAYADO
 62
7
100
AcDbHatch
 10
0.0
 20
0.0
 30
0.0
210
0.0
220
0.0
230
1.0
  2
SOLID
 70
1
 71
0
 91
1
 92
3
 72
0
 73
1
 93
4
 10
51.3
 20
66.375
 10
50.3
 20
66.375
 10
50.3
 20
309.96154
 10
51.3
 20
309.96154
 97
0
 75
1
 76
1
 98
0
  0
HATCH
  5
114
330
17
100
AcDbEntity
  8
05-RAYADO
 62
7
100
AcDbHatch
 10
0.0
 20
0.0
 30
0.0
210
0.0
220
0.0
230
1.0
  2
SOLID
 70
1
 71
0
 91
1
 92
3
 72
0
 73
1
 93
4
 10
140.05
 20
309.96154
 10
141.05
 20
309.96154
 10
141.05
 20
66.375
 10
140.05
 20
66.375
 97
0
 75
1
 76
1
 98
0
  0
HATCH
  5
115
330
17
100
AcDbEntity
  8
05-RAYADO
 62
7
100
AcDbHatch
 10
0.0
 20
0.0
 30
0.0
210
0.0
220
0.0
230
1.0
  2
SOLID
 70
1
 71
0
 91
1
 92
3
 72
0
 73
1
 93
802
 10
104.425
 20
340.625
 10
104.5536245
 20
340.6075725
 10
104.682244
 20
340.590107
 10
104.8108575
 20
340.5726
 10
104.9394655
 20
340.5550475
 10
105.068066
 20
340.537445
 10
105.1966595
 20
340.519788
 10
105.325244
 20
340.50207
 10
105.4538195
 20
340.484285
 10
105.582385
 20
340.4664245
 10
105.710938
 20
340.448479
 10
105.839478
 20
340.4304385
 10
105.968003
 20
340.4122895
 10
106.09651
 20
340.394016
 10
106.2249965
 20
340.375599
 10
106.353459
 20
340.357014
 10
106.4818925
 20
340.338231
 10
106.6102915
 20
340.319211
 10
106.738647
 20
340.2999035
 10
106.86694899999999
 20
340.28024
 10
106.995181
 20
340.260128
 10
107.12332049999999
 20
340.239436
 10
107.251333
 20
340.21797
 10
107.3791615
 20
340.195438
 10
107.50671249999999
 20
340.171387
 10
107.6338255
 20
340.145125
 10
107.760263
 20
340.1157895
 10
107.88587749999999
 20
340.0831075
 10
108.011034
 20
340.048699
 10
108.13636699999999
 20
340.014945
 10
108.2621375
 20
339.982858
 10
108.3882595
 20
339.952181
 10
108.5145855
 20
339.922353
 10
108.64104
 20
339.893073
 10
108.7675795
 20
339.8641655
 10
108.894179
 20
339.8355185
 10
109.0208195
 20
339.807055
 10
109.147488
 20
339.7787175
 10
109.2741755
 20
339.750462
 10
109.40087299999999
 20
339.7222545
 10
109.527575
 20
339.6940665
 10
109.654276
 20
339.6658725
 10
109.780971
 20
339.6376525
 10
109.907656
 20
339.6093865
 10
110.03432649999999
 20
339.581058
 10
110.1609795
 20
339.55265
 10
110.2876115
 20
339.5241475
 10
110.4142185
 20
339.4955355
 10
110.540797
 20
339.466798
 10
110.667344
 20
339.437921
 10
110.79385549999999
 20
339.408889
 10
110.920327
 20
339.3796855
 10
111.0467555
 20
339.3502945
 10
111.173136
 20
339.3206975
 10
111.299464
 20
339.2908765
 10
111.42573349999999
 20
339.2608105
 10
111.551939
 20
339.2304775
 10
111.6780745
 20
339.1998525
 10
111.804132
 20
339.168909
 10
111.930103
 20
339.1376155
 10
112.05597949999999
 20
339.105944
 10
112.1817575
 20
339.0738845
 10
112.3074345
 20
339.0414295
 10
112.4330075
 20
339.0085745
 10
112.55847299999999
 20
338.9753135
 10
112.6838295
 20
338.941642
 10
112.809074
 20
338.9075565
 10
112.934204
 20
338.873054
 10
113.059218
 20
338.838132
 10
113.1841135
 20
338.80279
 10
113.30888949999999
 20
338.767028
 10
113.433545
 20
338.7308475
 10
113.5580785
 20
338.69425
 10
113.68249
 20
338.65724
 10
113.8067795
 20
338.619822
 10
113.9309475
 20
338.5820025
 10
114.05499449999999
 20
338.5437895
 10
114.178923
 20
338.505192
 10
114.302734
 20
338.46622
 10
114.42643
 20
338.426885
 10
114.5500145
 20
338.3872005
 10
114.6734905
 20
338.3471795
 10
114.796862
 20
338.306838
 10
114.92013349999999
 20
338.2661915
 10
115.04330949999999
 20
338.225257
 10
115.1663955
 20
338.184052
 10
115.2893965
 20
338.1425945
 10
115.4123185
 20
338.100903
 10
115.5351675
 20
338.0589965
 10
115.657947
 20
338.016887
 10
115.7806555
 20
337.9745725
 10
115.90329299999999
 20
337.93205
 10
116.0258565
 20
337.889317
 10
116.1483455
 20
337.8463705
 10
116.2707585
 20
337.803207
 10
116.39309349999999
 20
337.759823
 10
116.515349
 20
337.716216
 10
116.637523
 20
337.6723815
 10
116.7596145
 20
337.628317
 10
116.881621
 20
337.5840185
 10
117.003541
 20
337.539482
 10
117.125373
 20
337.494704
 10
117.247114
 20
337.4496805
 10
117.368762
 20
337.4044075
 10
117.4903155
 20
337.3588805
 10
117.611772
 20
337.313095
 10
117.73312949999999
 20
337.267047
 10
117.854385
 20
337.2207315
 10
117.975536
 20
337.174144
 10
118.09657999999999
 20
337.1272795
 10
118.21751499999999
 20
337.080133
 10
118.338337
 20
337.032699
 10
118.45904349999999
 20
336.984972
 10
118.579632
 20
336.9369465
 10
118.700099
 20
336.888617
 10
118.82044049999999
 20
336.839977
 10
118.940654
 20
336.79102
 10
119.06073549999999
 20
336.741742
 10
119.1806845
 20
336.6921405
 10
119.3004995
 20
336.642217
 10
119.42017949999999
 20
336.591971
 10
119.53972399999999
 20
336.541403
 10
119.6591315
 20
336.4905135
 10
119.778402
 20
336.4393025
 10
119.897534
 20
336.3877705
 10
120.016527
 20
336.3359185
 10
120.13538
 20
336.2837465
 10
120.2540925
 20
336.231255
 10
120.372664
 20
336.1784455
 10
120.49109299999999
 20
336.125318
 10
120.60937949999999
 20
336.071874
 10
120.72752299999999
 20
336.018114
 10
120.8455225
 20
335.964039
 10
120.96337749999999
 20
335.9096495
 10
121.0810875
 20
335.8549475
 10
121.198652
 20
335.799934
 10
121.316071
 20
335.7446095
 10
121.43334349999999
 20
335.6889755
 10
121.55046949999999
 20
335.6330335
 10
121.66744849999999
 20
335.576785
 10
121.78428
 20
335.520231
 10
121.9009645
 20
335.4633735
 10
122.0175005
 20
335.4062135
 10
122.133889
 20
335.3487525
 10
122.2501295
 20
335.290993
 10
122.3662205
 20
335.2329345
 10
122.48216149999999
 20
335.1745765
 10
122.597951
 20
335.115918
 10
122.71358749999999
 20
335.0569585
 10
122.8290695
 20
334.997697
 10
122.944395
 20
334.9381325
 10
123.0595635
 20
334.878264
 10
123.174573
 20
334.818091
 10
123.289422
 20
334.757612
 10
123.404109
 20
334.6968265
 10
123.5186325
 20
334.6357335
 10
123.6329905
 20
334.5743315
 10
123.747182
 20
334.5126205
 10
123.8612055
 20
334.4505985
 10
123.97505849999999
 20
334.3882655
 10
124.08874
 20
334.3256195
 10
124.2022485
 20
334.2626605
 10
124.3155815
 20
334.199387
 10
124.428738
 20
334.1357975
 10
124.541716
 20
334.071892
 10
124.654514
 20
334.0076685
 10
124.76713
 20
333.943127
 10
124.87956199999999
 20
333.878265
 10
124.99180849999999
 20
333.813083
 10
125.103867
 20
333.747579
 10
125.21573699999999
 20
333.681752
 10
125.327415
 20
333.615601
 10
125.43890049999999
 20
333.5491255
 10
125.5501915
 20
333.482325
 10
125.66128599999999
 20
333.4151985
 10
125.7721835
 20
333.3477465
 10
125.8828815
 20
333.279968
 10
125.9933785
 20
333.2118625
 10
126.1036735
 20
333.14343
 10
126.2137645
 20
333.0746695
 10
126.3236495
 20
333.0055815
 10
126.43332799999999
 20
332.9361645
 10
126.5427975
 20
332.8664195
 10
126.6520565
 20
332.796345
 10
126.76110349999999
 20
332.725941
 10
126.869937
 20
332.6552075
 10
126.9785555
 20
332.5841435
 10
127.086957
 20
332.5127495
 10
127.1951395
 20
332.4410245
 10
127.3031025
 20
332.368969
 10
127.410843
 20
332.2965815
 10
127.5183605
 20
332.223863
 10
127.6256525
 20
332.1508125
 10
127.732718
 20
332.07743
 10
127.83955499999999
 20
332.003715
 10
127.94616149999999
 20
331.929668
 10
128.052536
 20
331.855288
 10
128.1586775
 20
331.780575
 10
128.264583
 20
331.7055285
 10
128.3702515
 20
331.6301485
 10
128.4756805
 20
331.554434
 10
128.5808685
 20
331.4783845
 10
128.685813
 20
331.4019995
 10
128.790512
 20
331.3252785
 10
128.8949635
 20
331.2482215
 10
128.9991655
 20
331.170827
 10
129.103116
 20
331.093095
 10
129.206813
 20
331.0150245
 10
129.310254
 20
330.936616
 10
129.4134375
 20
330.8578685
 10
129.5163605
 20
330.778781
 10
129.6190215
 20
330.699354
 10
129.7214185
 20
330.619586
 10
129.8235485
 20
330.5394775
 10
129.9254105
 20
330.4590275
 10
130.02700099999998
 20
330.378236
 10
130.1283185
 20
330.297102
 10
130.22936099999998
 20
330.2156255
 10
130.330126
 20
330.133806
 10
130.430611
 20
330.051643
 10
130.5308135
 20
329.9691365
 10
130.6307325
 20
329.8862855
 10
130.730364
 20
329.8030905
 10
130.82970699999998
 20
329.71955
 10
130.92875850000001
 20
329.6356645
 10
131.0275165
 20
329.5514335
 10
131.1259785
 20
329.466857
 10
131.2241415
 20
329.3819335
 10
131.322004
 20
329.296664
 10
131.41956349999998
 20
329.2110475
 10
131.5168165
 20
329.1250835
 10
131.6137615
 20
329.0387725
 10
131.710396
 20
328.9521135
 10
131.806717
 20
328.8651065
 10
131.90272249999998
 20
328.777751
 10
131.99840949999998
 20
328.6900475
 10
132.093776
 20
328.601995
 10
132.1888185
 20
328.5135935
 10
132.2835355
 20
328.4248425
 10
132.377924
 20
328.335743
 10
132.4719815
 20
328.2462935
 10
132.5657055
 20
328.1564945
 10
132.65909249999999
 20
328.066346
 10
132.752141
 20
327.9758475
 10
132.84484750000001
 20
327.884999
 10
132.93721
 20
327.7938005
 10
133.0292255
 20
327.702252
 10
133.120891
 20
327.610353
 10
133.21220449999998
 20
327.518104
 10
133.30316249999998
 20
327.425505
 10
133.39376249999998
 20
327.3325555
 10
133.4840015
 20
327.2392555
 10
133.57387649999998
 20
327.145605
 10
133.663385
 20
327.051604
 10
133.752524
 20
326.9572525
 10
133.8412905
 20
326.86255
 10
133.9296815
 20
326.7674975
 10
134.017694
 20
326.6720945
 10
134.105325
 20
326.5763405
 10
134.19257199999998
 20
326.4802365
 10
134.279431
 20
326.383782
 10
134.3659
 20
326.2869775
 10
134.451975
 20
326.189823
 10
134.5376535
 20
326.0923185
 10
134.6229325
 20
325.994464
 10
134.7078085
 20
325.89626
 10
134.792279
 20
325.797707
 10
134.87634
 20
325.6988045
 10
134.959989
 20
325.599553
 10
135.0432225
 20
325.4999535
 10
135.126038
 20
325.400005
 10
135.208431
 20
325.299709
 10
135.2903995
 20
325.1990655
 10
135.37194
 20
325.0980745
 10
135.453049
 20
324.996737
 10
135.5337235
 20
324.895053
 10
135.61396
 20
324.7930235
 10
135.6937555
 20
324.6906485
 10
135.77310599999998
 20
324.5879285
 10
135.8520095
 20
324.484864
 10
135.9304615
 20
324.3814555
 10
136.008459
 20
324.2777045
 10
136.0859985
 20
324.17361
 10
136.1630765
 20
324.069174
 10
136.23969
 20
323.9643965
 10
136.3158355
 20
323.859278
 10
136.39150899999999
 20
323.7538195
 10
136.46670749999998
 20
323.648022
 10
136.5414275
 20
323.541886
 10
136.615665
 20
323.4354115
 10
136.689417
 20
323.3286005
 10
136.76268
 20
323.2214535
 10
136.83544999999998
 20
323.113971
 10
136.9077235
 20
323.006154
 10
136.97949749999998
 20
322.898004
 10
137.050768
 20
322.789521
 10
137.121531
 20
322.680707
 10
137.19178399999998
 20
322.5715625
 10
137.2615235
 20
322.462089
 10
137.330745
 20
322.352288
 10
137.3994455
 20
322.24216
 10
137.4676215
 20
322.131706
 10
137.535269
 20
322.020928
 10
137.602385
 20
321.9098275
 10
137.66896500000001
 20
321.7984045
 10
137.7350065
 20
321.6866615
 10
137.8005045
 20
321.57459900000003
 10
137.8654565
 20
321.4622195
 10
137.929858
 20
321.349523
 10
137.9937055
 20
321.2365125
 10
138.056995
 20
321.123188
 10
138.119723
 20
321.009552
 10
138.181886
 20
320.895606
 10
138.24348
 20
320.781351
 10
138.3045005
 20
320.6667895
 10
138.364945
 20
320.551922
 10
138.42480849999998
 20
320.4367515
 10
138.48408799999999
 20
320.321279
 10
138.5427805
 20
320.205507
 10
138.6008815
 20
320.089437
 10
138.658389
 20
319.9730715
 10
138.7152985
 20
319.856413
 10
138.771607
 20
319.739463
 10
138.827311
 20
319.62222399999996
 10
138.8824065
 20
319.5046975
 10
138.936891
 20
319.3868865
 10
138.9907605
 20
319.2687935
 10
139.044011
 20
319.1504195
 10
139.09663949999998
 20
319.031768
 10
139.1486425
 20
318.91284099999996
 10
139.200016
 20
318.79364050000004
 10
139.2507565
 20
318.6741695
 10
139.3008605
 20
318.55443
 10
139.350324
 20
318.4344245
 10
139.399144
 20
318.31415549999997
 10
139.447316
 20
318.193626
 10
139.494837
 20
318.0728385
 10
139.54170349999998
 20
317.951795
 10
139.587911
 20
317.8304985
 10
139.6334565
 20
317.708952
 10
139.6783375
 20
317.5871585
 10
139.7225495
 20
317.4651205
 10
139.7660905
 20
317.34284149999996
 10
139.8089565
 20
317.2203245
 10
139.851145
 20
317.0975725
 10
139.892652
 20
316.97458800000004
 10
139.933475
 20
316.85137499999996
 10
139.97361
 20
316.7279365
 10
140.0130545
 20
316.60427500000003
 10
140.051805
 20
316.480395
 10
140.089858
 20
316.3562985
 10
140.1272105
 20
316.2319895
 10
140.1638595
 20
316.10747100000003
 10
140.1998015
 20
315.982747
 10
140.2350335
 20
315.8578205
 10
140.269552
 20
315.7326945
 10
140.303354
 20
315.6073735
 10
140.3364365
 20
315.48186050000004
 10
140.368796
 20
315.3561595
 10
140.4004295
 20
315.2302735
 10
140.431335
 20
315.104207
 10
140.461511
 20
314.9779635
 10
140.49095599999998
 20
314.851548
 10
140.5196685
 20
314.7249635
 10
140.54764699999998
 20
314.59821550000004
 10
140.57488949999998
 20
314.47130649999997
 10
140.6013945
 20
314.344242
 10
140.6271605
 20
314.2170255
 10
140.6521855
 20
314.089661
 10
140.676467
 20
313.962153
 10
140.700004
 20
313.83450500000004
 10
140.7227945
 20
313.706722
 10
140.7448355
 20
313.578807
 10
140.76612599999999
 20
313.4507655
 10
140.786663
 20
313.32260099999996
 10
140.8064445
 20
313.1943175
 10
140.8254685
 20
313.0659195
 10
140.843733
 20
312.9374115
 10
140.8612345
 20
312.808797
 10
140.877972
 20
312.680081
 10
140.89394149999998
 20
312.5512675
 10
140.909142
 20
312.422361
 10
140.92357049999998
 20
312.293366
 10
140.937225
 20
312.1642865
 10
140.9501045
 20
312.0351275
 10
140.9622065
 20
311.905893
 10
140.97352999999998
 20
311.7765885
 10
140.984074
 20
311.6472175
 10
140.99383699999998
 20
311.5177855
 10
141.0028185
 20
311.38829699999997
 10
141.01101749999998
 20
311.258757
 10
141.018434
 20
311.1291695
 10
141.025068
 20
310.99953949999997
 10
141.03091899999998
 20
310.8698715
 10
141.0359875
 20
310.74017100000003
 10
141.040274
 20
310.61044200000003
 10
141.0437785
 20
310.48069
 10
141.0465025
 20
310.35091850000003
 10
141.0484465
 20
310.2211335
 10
141.049612
 20
310.0913395
 10
141.05
 20
309.96154
 10
140.25
 20
309.96154
 10
140.24987199999998
 20
310.08822150000003
 10
140.24946549999999
 20
310.214902
 10
140.248742
 20
310.34158149999996
 10
140.247655
 20
310.468258
 10
140.24615
 20
310.59493050000003
 10
140.244161
 20
310.721596
 10
140.24160899999998
 20
310.8482515
 10
140.238399
 20
310.974892
 10
140.2344165
 20
311.1015105
 10
140.229525
 20
311.228097
 10
140.2235625
 20
311.35463749999997
 10
140.2163435
 20
311.4811125
 10
140.207667
 20
311.6074955
 10
140.1973305
 20
311.73375350000003
 10
140.185169
 20
311.8598485
 10
140.171103
 20
311.9857455
 10
140.155193
 20
312.1114225
 10
140.1376695
 20
312.23688549999997
 10
140.1189075
 20
312.362169
 10
140.0993515
 20
312.48733200000004
 10
140.079428
 20
312.6124365
 10
140.0593535
 20
312.73751749999997
 10
140.0390995
 20
312.862569
 10
140.01862699999998
 20
312.9875855
 10
139.997903
 20
313.11256000000003
 10
139.976897
 20
313.2374875
 10
139.9555835
 20
313.36236299999996
 10
139.933936
 20
313.48718099999996
 10
139.91192999999998
 20
313.6119365
 10
139.889541
 20
313.7366235
 10
139.8667425
 20
313.8612365
 10
139.84350899999998
 20
313.985769
 10
139.8198125
 20
314.11021400000004
 10
139.7956235
 20
314.23456450000003
 10
139.770911
 20
314.358812
 10
139.7456405
 20
314.48294699999997
 10
139.7197745
 20
314.6069595
 10
139.6932735
 20
314.730838
 10
139.666092
 20
314.8545685
 10
139.63818
 20
314.9781365
 10
139.6094825
 20
315.1015245
 10
139.5799375
 20
315.224712
 10
139.5495105
 20
315.3476845
 10
139.5181965
 20
315.4704345
 10
139.4859945
 20
315.5929545
 10
139.452905
 20
315.7152375
 10
139.418931
 20
315.83727799999997
 10
139.3840765
 20
315.95907
 10
139.34834899999998
 20
316.08060850000004
 10
139.311757
 20
316.20189
 10
139.2743115
 20
316.32291
 10
139.23602499999998
 20
316.443667
 10
139.1969135
 20
316.56415949999996
 10
139.1569935
 20
316.684386
 10
139.1162845
 20
316.804348
 10
139.0748075
 20
316.924047
 10
139.03258549999998
 20
317.04348500000003
 10
138.9896425
 20
317.1626655
 10
138.9460055
 20
317.2815935
 10
138.9017015
 20
317.40027499999997
 10
138.856759
 20
317.5187165
 10
138.8112085
 20
317.636925
 10
138.7650795
 20
317.754909
 10
138.718392
 20
317.87267299999996
 10
138.6711485
 20
317.9902155
 10
138.623349
 20
318.107533
 10
138.5749945
 20
318.2246225
 10
138.526084
 20
318.341481
 10
138.476618
 20
318.458105
 10
138.426595
 20
318.5744915
 10
138.3760145
 20
318.69063700000004
 10
138.324875
 20
318.8065375
 10
138.27317499999998
 20
318.922189
 10
138.2209135
 20
319.0375875
 10
138.1680875
 20
319.152729
 10
138.11469549999998
 20
319.267609
 10
138.0607345
 20
319.382223
 10
138.0062015
 20
319.49656600000003
 10
137.951094
 20
319.610633
 10
137.895409
 20
319.724419
 10
137.83914199999998
 20
319.8379185
 10
137.7822895
 20
319.951126
 10
137.7248475
 20
320.0640355
 10
137.666812
 20
320.176641
 10
137.6081785
 20
320.28893600000004
 10
137.5489485
 20
320.400918
 10
137.4891265
 20
320.512585
 10
137.4287185
 20
320.6239355
 10
137.3677285
 20
320.73496850000004
 10
137.3061615
 20
320.845683
 10
137.2440235
 20
320.9560775
 10
137.1813195
 20
321.066152
 10
137.118054
 20
321.1759045
 10
137.0542335
 20
321.28533500000003
 10
136.9898625
 20
321.39444249999997
 10
136.9249465
 20
321.50322700000004
 10
136.8594915
 20
321.61168799999996
 10
136.7935025
 20
321.719825
 10
136.726985
 20
321.82763750000004
 10
136.659945
 20
321.93512599999997
 10
136.5923875
 20
322.04229
 10
136.5243185
 20
322.14913
 10
136.45574399999998
 20
322.255646
 10
136.38666899999998
 20
322.36183800000003
 10
136.31709949999998
 20
322.467707
 10
136.2470415
 20
322.573253
 10
136.1765
 20
322.678477
 10
136.10548
 20
322.783378
 10
136.0339845
 20
322.887956
 10
135.962017
 20
322.99221
 10
135.8895805
 20
323.096138
 10
135.816678
 20
323.19974
 10
135.743312
 20
323.3030145
 10
135.6694865
 20
323.4059605
 10
135.595204
 20
323.5085775
 10
135.520467
 20
323.610864
 10
135.4452795
 20
323.7128195
 10
135.3696435
 20
323.814443
 10
135.293562
 20
323.9157335
 10
135.217038
 20
324.01669
 10
135.1400745
 20
324.117312
 10
135.0626745
 20
324.217598
 10
134.98484
 20
324.317548
 10
134.906574
 20
324.41716
 10
134.8278795
 20
324.516434
 10
134.7487595
 20
324.615369
 10
134.6692155
 20
324.713964
 10
134.589251
 20
324.8122175
 10
134.5088685
 20
324.91013
 10
134.4280705
 20
325.0076995
 10
134.34686
 20
325.1049255
 10
134.2652395
 20
325.2018085
 10
134.1832135
 20
325.298348
 10
134.1007845
 20
325.3945435
 10
134.017956
 20
325.4903955
 10
133.934731
 20
325.5859035
 10
133.851113
 20
325.681067
 10
133.767105
 20
325.775887
 10
133.68271
 20
325.8703625
 10
133.5979315
 20
325.964494
 10
133.51277249999998
 20
326.0582815
 10
133.427236
 20
326.1517245
 10
133.34132499999998
 20
326.244824
 10
133.2550435
 20
326.3375795
 10
133.1683935
 20
326.429991
 10
133.0813785
 20
326.5220595
 10
132.9940015
 20
326.613784
 10
132.9062655
 20
326.7051655
 10
132.8181735
 20
326.7962035
 10
132.729729
 20
326.886899
 10
132.640934
 20
326.977252
 10
132.5517925
 20
327.0672625
 10
132.4623065
 20
327.156931
 10
132.3724795
 20
327.2462575
 10
132.28231399999999
 20
327.3352425
 10
132.191813
 20
327.423886
 10
132.1009785
 20
327.512188
 10
132.009813
 20
327.6001485
 10
131.91832
 20
327.687768
 10
131.8265015
 20
327.775046
 10
131.73435999999998
 20
327.8619835
 10
131.641898
 20
327.94858
 10
131.549118
 20
328.0348355
 10
131.456023
 20
328.120751
 10
131.362615
 20
328.206326
 10
131.26889699999998
 20
328.291561
 10
131.1748705
 20
328.3764565
 10
131.080539
 20
328.4610125
 10
130.9859045
 20
328.545229
 10
130.89096949999998
 20
328.6291065
 10
130.795736
 20
328.7126455
 10
130.7002065
 20
328.795846
 10
130.60438399999998
 20
328.8787085
 10
130.50827049999998
 20
328.961233
 10
130.411868
 20
329.04342
 10
130.3151795
 20
329.12527
 10
130.2182065
 20
329.2067835
 10
130.120952
 20
329.2879605
 10
130.0234175
 20
329.368801
 10
129.925606
 20
329.449306
 10
129.8275195
 20
329.5294755
 10
129.72916
 20
329.60931
 10
129.6305295
 20
329.6888095
 10
129.5316305
 20
329.767975
 10
129.432465
 20
329.8468065
 10
129.3330355
 20
329.925304
 10
129.233344
 20
330.0034685
 10
129.13339200000001
 20
330.0813005
 10
129.033182
 20
330.1588
 10
128.9327165
 20
330.2359675
 10
128.8319975
 20
330.312803
 10
128.73102599999999
 20
330.389308
 10
128.6298055
 20
330.4654825
 10
128.5283375
 20
330.5413265
 10
128.4266235
 20
330.616841
 10
128.324666
 20
330.6920265
 10
128.2224675
 20
330.7668835
 10
128.120029
 20
330.841412
 10
128.017353
 20
330.9156135
 10
127.9144415
 20
330.9894875
 10
127.8112965
 20
331.0630345
 10
127.7079195
 20
331.136256
 10
127.60431299999999
 20
331.209152
 10
127.5004785
 20
331.281723
 10
127.3964175
 20
331.3539695
 10
127.29213299999999
 20
331.425892
 10
127.1876255
 20
331.4974905
 10
127.0828975
 20
331.568766
 10
126.97795049999999
 20
331.6397185
 10
126.87278649999999
 20
331.710349
 10
126.76740649999999
 20
331.780657
 10
126.661813
 20
331.850644
 10
126.55600749999999
 20
331.92031
 10
126.449992
 20
331.9896555
 10
126.3437675
 20
332.058681
 10
126.237336
 20
332.127387
 10
126.13069899999999
 20
332.195774
 10
126.023859
 20
332.263842
 10
125.9168165
 20
332.3315925
 10
125.809574
 20
332.3990255
 10
125.702133
 20
332.466141
 10
125.5944945
 20
332.5329405
 10
125.486661
 20
332.599424
 10
125.37863349999999
 20
332.6655925
 10
125.270414
 20
332.7314455
 10
125.162004
 20
332.796985
 10
125.0534045
 20
332.86221
 10
124.94461749999999
 20
332.9271225
 10
124.835645
 20
332.991722
 10
124.72648799999999
 20
333.0560095
 10
124.617148
 20
333.1199855
 10
124.5076265
 20
333.18365
 10
124.397925
 20
333.2470045
 10
124.288045
 20
333.3100485
 10
124.177988
 20
333.3727825
 10
124.067755
 20
333.4352075
 10
123.957348
 20
333.4973235
 10
123.8467675
 20
333.559131
 10
123.73601599999999
 20
333.620631
 10
123.62509449999999
 20
333.681823
 10
123.514004
 20
333.742709
 10
123.402746
 20
333.803288
 10
123.291322
 20
333.863561
 10
123.1797335
 20
333.923529
 10
123.0679815
 20
333.983192
 10
122.95606749999999
 20
334.0425505
 10
122.843993
 20
334.101605
 10
122.731759
 20
334.1603565
 10
122.6193675
 20
334.218805
 10
122.506819
 20
334.276951
 10
122.394115
 20
334.3347955
 10
122.281257
 20
334.392339
 10
122.168246
 20
334.4495815
 10
122.055084
 20
334.506524
 10
121.94177099999999
 20
334.5631665
 10
121.82830949999999
 20
334.6195105
 10
121.71470049999999
 20
334.6755555
 10
121.6009445
 20
334.731303
 10
121.487043
 20
334.7867525
 10
121.3729975
 20
334.8419045
 10
121.258809
 20
334.89676
 10
121.14447849999999
 20
334.9513195
 10
121.0300075
 20
335.0055825
 10
120.9153965
 20
335.0595505
 10
120.800647
 20
335.113223
 10
120.6857605
 20
335.166601
 10
120.570738
 20
335.219685
 10
120.45558
 20
335.272475
 10
120.340288
 20
335.324972
 10
120.224863
 20
335.3771765
 10
120.1093065
 20
335.4290885
 10
119.9936195
 20
335.4807085
 10
119.877803
 20
335.532037
 10
119.76185749999999
 20
335.583075
 10
119.64578499999999
 20
335.633822
 10
119.529586
 20
335.6842795
 10
119.4132615
 20
335.7344475
 10
119.296813
 20
335.784326
 10
119.1802415
 20
335.8339165
 10
119.0635475
 20
335.883219
 10
118.9467325
 20
335.9322335
 10
118.829798
 20
335.980961
 10
118.712744
 20
336.0294025
 10
118.595572
 20
336.0775575
 10
118.478283
 20
336.1254265
 10
118.360878
 20
336.173011
 10
118.2433585
 20
336.22031
 10
118.12572399999999
 20
336.267325
 10
118.007977
 20
336.3140555
 10
117.8901175
 20
336.3605025
 10
117.77214699999999
 20
336.406666
 10
117.654066
 20
336.4525465
 10
117.5358755
 20
336.498145
 10
117.417577
 20
336.543461
 10
117.2991705
 20
336.588495
 10
117.1806575
 20
336.633248
 10
117.062039
 20
336.67772
 10
116.9433155
 20
336.7219115
 10
116.824488
 20
336.765823
 10
116.7055575
 20
336.8094545
 10
116.586525
 20
336.852807
 10
116.46739149999999
 20
336.8958805
 10
116.3481575
 20
336.9386755
 10
116.228824
 20
336.981192
 10
116.109392
 20
337.0234315
 10
115.989862
 20
337.0653935
 10
115.87023549999999
 20
337.1070785
 10
115.750513
 20
337.148487
 10
115.6306955
 20
337.18962
 10
115.5107835
 20
337.230477
 10
115.3907785
 20
337.271059
 10
115.2706805
 20
337.311366
 10
115.150491
 20
337.351399
 10
115.0302105
 20
337.391158
 10
114.90984
 20
337.4306435
 10
114.7893805
 20
337.4698555
 10
114.668832
 20
337.508794
 10
114.54819549999999
 20
337.5474605
 10
114.4274725
 20
337.585854
 10
114.306663
 20
337.6239755
 10
114.1857685
 20
337.6618255
 10
114.06478899999999
 20
337.699404
 10
113.9437255
 20
337.736711
 10
113.82257949999999
 20
337.7737475
 10
113.70135049999999
 20
337.8105135
 10
113.58004
 20
337.8470095
 10
113.458649
 20
337.8832355
 10
113.3371775
 20
337.9191925
 10
113.215627
 20
337.95488
 10
113.0939975
 20
337.9902985
 10
112.9722905
 20
338.0254485
 10
112.8505065
 20
338.0603305
 10
112.7286455
 20
338.094945
 10
112.6067095
 20
338.129292
 10
112.4846985
 20
338.1633715
 10
112.362613
 20
338.1971845
 10
112.240454
 20
338.230731
 10
112.1182225
 20
338.2640115
 10
111.9959185
 20
338.297026
 10
111.8735435
 20
338.3297755
 10
111.751098
 20
338.3622595
 10
111.6285825
 20
338.394479
 10
111.50599799999999
 20
338.4264345
 10
111.38334449999999
 20
338.458125
 10
111.2606235
 20
338.4895525
 10
111.137835
 20
338.520716
 10
111.01498
 20
338.551616
 10
110.892059
 20
338.582253
 10
110.76907299999999
 20
338.612627
 10
110.6460225
 20
338.642739
 10
110.522908
 20
338.6725885
 10
110.3997305
 20
338.702176
 10
110.27649
 20
338.7315015
 10
110.153188
 20
338.760566
 10
110.02982449999999
 20
338.789369
 10
109.90640049999999
 20
338.8179115
 10
109.7829165
 20
338.846193
 10
109.659373
 20
338.8742145
 10
109.535771
 20
338.9019755
 10
109.412111
 20
338.929477
 10
109.2883935
 20
338.956719
 10
109.164619
 20
338.9837015
 10
109.04078849999999
 20
339.010425
 10
108.916902
 20
339.0368895
 10
108.79296099999999
 20
339.063096
 10
108.668966
 20
339.089044
 10
108.5449165
 20
339.114734
 10
108.42081449999999
 20
339.1401665
 10
108.29666
 20
339.1653415
 10
108.1724535
 20
339.1902595
 10
108.04819549999999
 20
339.21492
 10
107.923887
 20
339.239324
 10
107.7995285
 20
339.2634715
 10
107.67512049999999
 20
339.287363
 10
107.5506635
 20
339.3109975
 10
107.426158
 20
339.334376
 10
107.3016045
 20
339.357499
 10
107.1770045
 20
339.380366
 10
107.052357
 20
339.402977
 10
106.927664
 20
339.425333
 10
106.8029255
 20
339.4474335
 10
106.678142
 20
339.4692785
 10
106.553314
 20
339.4908695
 10
106.4284425
 20
339.512205
 10
106.3035275
 20
339.5332865
 10
106.17857
 20
339.5541135
 10
106.05357
 20
339.5746865
 10
105.928529
 20
339.5950055
 10
105.80344699999999
 20
339.6150705
 10
105.6783245
 20
339.6348825
 10
105.553162
 20
339.654441
 10
105.4279605
 20
339.6737465
 10
105.30272
 20
339.6927995
 10
105.1774415
 20
339.7116
 10
105.0521255
 20
339.730148
 10
104.926772
 20
339.7484435
 10
104.8013825
 20
339.7664875
 10
104.675957
 20
339.78428
 10
104.550496
 20
339.8018215
 10
104.425
 20
339.8191115
 97
0
 75
1
 76
1
 98
0
  0
HATCH
  5
116
330
17
100
AcDbEntity
  8
05-RAYADO
 62
7
100
AcDbHatch
 10
0.0
 20
0.0
 30
0.0
210
0.0
220
0.0
230
1.0
  2
SOLID
 70
1
 71
0
 91
1
 92
3
 72
0
 73
1
 93
802
 10
51.099999999999994
 20
309.96154
 10
50.3
 20
309.96154
 10
50.300388
 20
310.0913395
 10
50.3015535
 20
310.2211335
 10
50.3034975
 20
310.35091850000003
 10
50.3062215
 20
310.48069
 10
50.309726
 20
310.61044200000003
 10
50.3140125
 20
310.74017100000003
 10
50.319081
 20
310.8698715
 10
50.324932
 20
310.99953949999997
 10
50.331565999999995
 20
311.1291695
 10
50.3389825
 20
311.258757
 10
50.3471815
 20
311.38829699999997
 10
50.356162999999995
 20
311.5177855
 10
50.365925999999995
 20
311.6472175
 10
50.37647
 20
311.7765885
 10
50.387793499999994
 20
311.905893
 10
50.3998955
 20
312.0351275
 10
50.412774999999996
 20
312.1642865
 10
50.4264295
 20
312.293366
 10
50.440858
 20
312.422361
 10
50.4560585
 20
312.5512675
 10
50.472027999999995
 20
312.680081
 10
50.4887655
 20
312.808797
 10
50.506266999999994
 20
312.9374115
 10
50.524531499999995
 20
313.0659195
 10
50.5435555
 20
313.1943175
 10
50.563337
 20
313.32260099999996
 10
50.583873999999994
 20
313.4507655
 10
50.605164499999994
 20
313.578807
 10
50.627205499999995
 20
313.706722
 10
50.649995999999994
 20
313.83450500000004
 10
50.673533
 20
313.962153
 10
50.6978145
 20
314.089661
 10
50.7228395
 20
314.2170255
 10
50.7486055
 20
314.344242
 10
50.7751105
 20
314.47130649999997
 10
50.802353
 20
314.59821550000004
 10
50.8303315
 20
314.7249635
 10
50.859044
 20
314.851548
 10
50.888489
 20
314.9779635
 10
50.918665
 20
315.104207
 10
50.9495705
 20
315.2302735
 10
50.981204
 20
315.3561595
 10
51.0135635
 20
315.48186050000004
 10
51.046645999999996
 20
315.6073735
 10
51.080448
 20
315.7326945
 10
51.114966499999994
 20
315.8578205
 10
51.150198499999995
 20
315.982747
 10
51.1861405
 20
316.10747100000003
 10
51.2227895
 20
316.2319895
 10
51.260141999999995
 20
316.3562985
 10
51.298195
 20
316.480395
 10
51.3369455
 20
316.60427500000003
 10
51.37639
 20
316.7279365
 10
51.416525
 20
316.85137499999996
 10
51.457347999999996
 20
316.97458800000004
 10
51.498855
 20
317.0975725
 10
51.5410435
 20
317.2203245
 10
51.5839095
 20
317.34284149999996
 10
51.627450499999995
 20
317.4651205
 10
51.6716625
 20
317.5871585
 10
51.7165435
 20
317.708952
 10
51.762088999999996
 20
317.8304985
 10
51.8082965
 20
317.951795
 10
51.855163
 20
318.0728385
 10
51.902684
 20
318.193626
 10
51.950855999999995
 20
318.31415549999997
 10
51.999675999999994
 20
318.4344245
 10
52.049139499999995
 20
318.55443
 10
52.0992435
 20
318.6741695
 10
52.149983999999996
 20
318.79364050000004
 10
52.2013575
 20
318.91284099999996
 10
52.2533605
 20
319.031768
 10
52.305989
 20
319.1504195
 10
52.359239499999994
 20
319.2687935
 10
52.413109
 20
319.3868865
 10
52.4675935
 20
319.5046975
 10
52.522689
 20
319.62222399999996
 10
52.578393
 20
319.739463
 10
52.6347015
 20
319.856413
 10
52.691610999999995
 20
319.9730715
 10
52.749118499999994
 20
320.089437
 10
52.807219499999995
 20
320.205507
 10
52.865911999999994
 20
320.321279
 10
52.9251915
 20
320.4367515
 10
52.985054999999996
 20
320.551922
 10
53.0454995
 20
320.6667895
 10
53.106519999999996
 20
320.781351
 10
53.168113999999996
 20
320.895606
 10
53.230276999999994
 20
321.009552
 10
53.293004999999994
 20
321.123188
 10
53.3562945
 20
321.2365125
 10
53.420142
 20
321.349523
 10
53.484543499999994
 20
321.4622195
 10
53.5494955
 20
321.57459900000003
 10
53.6149935
 20
321.6866615
 10
53.681034999999994
 20
321.7984045
 10
53.747614999999996
 20
321.9098275
 10
53.814730999999995
 20
322.020928
 10
53.882378499999994
 20
322.131706
 10
53.950554499999996
 20
322.24216
 10
54.019254999999994
 20
322.352288
 10
54.0884765
 20
322.462089
 10
54.158215999999996
 20
322.5715625
 10
54.228469
 20
322.680707
 10
54.299231999999996
 20
322.789521
 10
54.3705025
 20
322.898004
 10
54.4422765
 20
323.006154
 10
54.51455
 20
323.113971
 10
54.58732
 20
323.2214535
 10
54.660582999999995
 20
323.3286005
 10
54.734334999999994
 20
323.4354115
 10
54.8085725
 20
323.541886
 10
54.883292499999996
 20
323.648022
 10
54.958490999999995
 20
323.7538195
 10
55.034164499999996
 20
323.859278
 10
55.11031
 20
323.9643965
 10
55.1869235
 20
324.069174
 10
55.2640015
 20
324.17361
 10
55.341541
 20
324.2777045
 10
55.419538499999994
 20
324.3814555
 10
55.4979905
 20
324.484864
 10
55.576893999999996
 20
324.5879285
 10
55.6562445
 20
324.6906485
 10
55.736039999999996
 20
324.7930235
 10
55.816276499999994
 20
324.895053
 10
55.896950999999994
 20
324.996737
 10
55.97806
 20
325.0980745
 10
56.059600499999995
 20
325.1990655
 10
56.141569
 20
325.299709
 10
56.223962
 20
325.400005
 10
56.306777499999995
 20
325.4999535
 10
56.390010999999994
 20
325.599553
 10
56.473659999999995
 20
325.6988045
 10
56.557720999999994
 20
325.797707
 10
56.642191499999996
 20
325.89626
 10
56.7270675
 20
325.994464
 10
56.8123465
 20
326.0923185
 10
56.898025
 20
326.189823
 10
56.9841005
 20
326.2869775
 10
57.070569
 20
326.383782
 10
57.157427999999996
 20
326.4802365
 10
57.244674999999994
 20
326.5763405
 10
57.332305999999996
 20
326.6720945
 10
57.4203185
 20
326.7674975
 10
57.508709499999995
 20
326.86255
 10
57.597476
 20
326.9572525
 10
57.686614999999996
 20
327.051604
 10
57.7761235
 20
327.145605
 10
57.865998499999996
 20
327.2392555
 10
57.9562375
 20
327.3325555
 10
58.046837499999995
 20
327.425505
 10
58.137795499999996
 20
327.518104
 10
58.229108999999994
 20
327.610353
 10
58.3207745
 20
327.702252
 10
58.412789999999994
 20
327.7938005
 10
58.505152499999994
 20
327.884999
 10
58.597859
 20
327.9758475
 10
58.690907499999994
 20
328.066346
 10
58.784294499999994
 20
328.1564945
 10
58.878018499999996
 20
328.2462935
 10
58.972075999999994
 20
328.335743
 10
59.066464499999995
 20
328.4248425
 10
59.1611815
 20
328.5135935
 10
59.256223999999996
 20
328.601995
 10
59.3515905
 20
328.6900475
 10
59.4472775
 20
328.777751
 10
59.543282999999995
 20
328.8651065
 10
59.639604
 20
328.9521135
 10
59.7362385
 20
329.0387725
 10
59.8331835
 20
329.1250835
 10
59.9304365
 20
329.2110475
 10
60.027995999999995
 20
329.296664
 10
60.1258585
 20
329.3819335
 10
60.2240215
 20
329.466857
 10
60.3224835
 20
329.5514335
 10
60.421241499999994
 20
329.6356645
 10
60.520292999999995
 20
329.71955
 10
60.619636
 20
329.8030905
 10
60.719267499999994
 20
329.8862855
 10
60.8191865
 20
329.9691365
 10
60.919388999999995
 20
330.051643
 10
61.019873999999994
 20
330.133806
 10
61.120639
 20
330.2156255
 10
61.221681499999995
 20
330.297102
 10
61.322998999999996
 20
330.378236
 10
61.424589499999996
 20
330.4590275
 10
61.5264515
 20
330.5394775
 10
61.628581499999996
 20
330.619586
 10
61.7309785
 20
330.699354
 10
61.8336395
 20
330.778781
 10
61.936562499999994
 20
330.8578685
 10
62.039745999999994
 20
330.936616
 10
62.143187
 20
331.0150245
 10
62.246883999999994
 20
331.093095
 10
62.3508345
 20
331.170827
 10
62.4550365
 20
331.2482215
 10
62.559487999999995
 20
331.3252785
 10
62.664187
 20
331.4019995
 10
62.7691315
 20
331.4783845
 10
62.8743195
 20
331.554434
 10
62.9797485
 20
331.6301485
 10
63.085417
 20
331.7055285
 10
63.1913225
 20
331.780575
 10
63.297464
 20
331.855288
 10
63.4038385
 20
331.929668
 10
63.510445
 20
332.003715
 10
63.617281999999996
 20
332.07743
 10
63.72434749999999
 20
332.1508125
 10
63.831639499999994
 20
332.223863
 10
63.939156999999994
 20
332.2965815
 10
64.0468975
 20
332.368969
 10
64.1548605
 20
332.4410245
 10
64.263043
 20
332.5127495
 10
64.3714445
 20
332.5841435
 10
64.480063
 20
332.6552075
 10
64.5888965
 20
332.725941
 10
64.6979435
 20
332.796345
 10
64.80720249999999
 20
332.8664195
 10
64.916672
 20
332.9361645
 10
65.02635049999999
 20
333.0055815
 10
65.1362355
 20
333.0746695
 10
65.2463265
 20
333.14343
 10
65.35662149999999
 20
333.2118625
 10
65.4671185
 20
333.279968
 10
65.5778165
 20
333.3477465
 10
65.688714
 20
333.4151985
 10
65.7998085
 20
333.482325
 10
65.9110995
 20
333.5491255
 10
66.02258499999999
 20
333.615601
 10
66.134263
 20
333.681752
 10
66.246133
 20
333.747579
 10
66.3581915
 20
333.813083
 10
66.470438
 20
333.878265
 10
66.58287
 20
333.9431265
 10
66.69548599999999
 20
334.0076685
 10
66.808284
 20
334.071892
 10
66.921262
 20
334.1357975
 10
67.0344185
 20
334.199387
 10
67.1477515
 20
334.2626605
 10
67.26126
 20
334.3256195
 10
67.3749415
 20
334.3882655
 10
67.4887945
 20
334.4505985
 10
67.602818
 20
334.5126205
 10
67.71700949999999
 20
334.5743315
 10
67.8313675
 20
334.6357335
 10
67.94589099999999
 20
334.6968265
 10
68.06057799999999
 20
334.757612
 10
68.175427
 20
334.818091
 10
68.2904365
 20
334.878264
 10
68.405605
 20
334.9381325
 10
68.52093049999999
 20
334.997697
 10
68.6364125
 20
335.0569585
 10
68.752049
 20
335.115918
 10
68.8678385
 20
335.1745765
 10
68.9837795
 20
335.2329345
 10
69.0998705
 20
335.290993
 10
69.216111
 20
335.3487525
 10
69.3324995
 20
335.4062135
 10
69.4490355
 20
335.4633735
 10
69.5657195
 20
335.520231
 10
69.6825515
 20
335.576785
 10
69.7995305
 20
335.6330335
 10
69.9166565
 20
335.6889755
 10
70.033929
 20
335.7446095
 10
70.151348
 20
335.799934
 10
70.2689125
 20
335.8549475
 10
70.3866225
 20
335.9096495
 10
70.5044775
 20
335.9640385
 10
70.622477
 20
336.018114
 10
70.7406205
 20
336.071874
 10
70.858907
 20
336.125318
 10
70.977336
 20
336.1784455
 10
71.0959075
 20
336.231255
 10
71.21462
 20
336.2837465
 10
71.333473
 20
336.3359185
 10
71.452466
 20
336.3877705
 10
71.571598
 20
336.4393025
 10
71.6908685
 20
336.4905135
 10
71.810276
 20
336.541403
 10
71.9298205
 20
336.591971
 10
72.0495005
 20
336.642217
 10
72.1693155
 20
336.6921405
 10
72.2892645
 20
336.741742
 10
72.409346
 20
336.79102
 10
72.5295595
 20
336.839977
 10
72.649901
 20
336.888617
 10
72.77036799999999
 20
336.9369465
 10
72.8909565
 20
336.984972
 10
73.011663
 20
337.032699
 10
73.132485
 20
337.080133
 10
73.25342
 20
337.1272795
 10
73.37446399999999
 20
337.174144
 10
73.495615
 20
337.2207315
 10
73.6168705
 20
337.267047
 10
73.73822799999999
 20
337.313095
 10
73.8596845
 20
337.3588805
 10
73.98123799999999
 20
337.4044075
 10
74.102886
 20
337.4496805
 10
74.224627
 20
337.494704
 10
74.346459
 20
337.539482
 10
74.468379
 20
337.5840185
 10
74.5903855
 20
337.628317
 10
74.71247699999999
 20
337.6723815
 10
74.834651
 20
337.716216
 10
74.9569065
 20
337.759823
 10
75.0792415
 20
337.803207
 10
75.20165449999999
 20
337.8463705
 10
75.32414349999999
 20
337.889317
 10
75.446707
 20
337.93205
 10
75.5693445
 20
337.9745725
 10
75.692053
 20
338.016887
 10
75.8148325
 20
338.0589965
 10
75.9376815
 20
338.100903
 10
76.0606035
 20
338.1425945
 10
76.1836045
 20
338.184052
 10
76.3066905
 20
338.225257
 10
76.4298665
 20
338.2661915
 10
76.55313799999999
 20
338.306838
 10
76.6765095
 20
338.3471795
 10
76.79998549999999
 20
338.3872005
 10
76.92357
 20
338.426885
 10
77.047266
 20
338.46622
 10
77.171077
 20
338.505192
 10
77.2950055
 20
338.5437895
 10
77.41905249999999
 20
338.5820025
 10
77.54322049999999
 20
338.619822
 10
77.66751
 20
338.65724
 10
77.7919215
 20
338.69425
 10
77.916455
 20
338.7308475
 10
78.0411105
 20
338.767028
 10
78.1658865
 20
338.80279
 10
78.290782
 20
338.838132
 10
78.415796
 20
338.873054
 10
78.540926
 20
338.9075565
 10
78.66617049999999
 20
338.941642
 10
78.791527
 20
338.9753135
 10
78.91699249999999
 20
339.0085745
 10
79.0425655
 20
339.0414295
 10
79.16824249999999
 20
339.0738845
 10
79.2940205
 20
339.105944
 10
79.41989699999999
 20
339.1376155
 10
79.545868
 20
339.168909
 10
79.6719255
 20
339.199853
 10
79.79806099999999
 20
339.2304775
 10
79.9242665
 20
339.2608105
 10
80.050536
 20
339.2908765
 10
80.176864
 20
339.3206975
 10
80.30324449999999
 20
339.350294
 10
80.429673
 20
339.3796855
 10
80.5561445
 20
339.408889
 10
80.682656
 20
339.437921
 10
80.809203
 20
339.466798
 10
80.93578149999999
 20
339.4955355
 10
81.0623885
 20
339.5241475
 10
81.1890205
 20
339.55265
 10
81.3156735
 20
339.581058
 10
81.44234399999999
 20
339.6093865
 10
81.569029
 20
339.6376525
 10
81.695724
 20
339.6658725
 10
81.822425
 20
339.6940665
 10
81.949127
 20
339.7222545
 10
82.0758245
 20
339.750462
 10
82.202512
 20
339.7787175
 10
82.32918049999999
 20
339.807055
 10
82.455821
 20
339.8355185
 10
82.5824205
 20
339.8641655
 10
82.70895999999999
 20
339.893073
 10
82.8354145
 20
339.922353
 10
82.96174049999999
 20
339.9521805
 10
83.0878625
 20
339.982858
 10
83.213633
 20
340.014945
 10
83.338966
 20
340.048699
 10
83.4641225
 20
340.0831075
 10
83.589737
 20
340.1157895
 10
83.7161745
 20
340.145125
 10
83.8432875
 20
340.171387
 10
83.9708385
 20
340.195438
 10
84.09866699999999
 20
340.21797
 10
84.2266795
 20
340.239436
 10
84.35481899999999
 20
340.260128
 10
84.483051
 20
340.28024
 10
84.611353
 20
340.2999035
 10
84.73970849999999
 20
340.319211
 10
84.8681075
 20
340.338231
 10
84.996541
 20
340.357014
 10
85.12500349999999
 20
340.375599
 10
85.25349
 20
340.394016
 10
85.381997
 20
340.4122895
 10
85.510522
 20
340.4304385
 10
85.639062
 20
340.448479
 10
85.76761499999999
 20
340.4664245
 10
85.8961805
 20
340.484285
 10
86.024756
 20
340.50207
 10
86.1533405
 20
340.519788
 10
86.28193399999999
 20
340.537445
 10
86.4105345
 20
340.5550475
 10
86.5391425
 20
340.5726
 10
86.667756
 20
340.590107
 10
86.7963755
 20
340.6075725
 10
86.925
 20
340.625
 10
86.925
 20
339.8191115
 10
86.799504
 20
339.8018215
 10
86.674043
 20
339.78428
 10
86.54861749999999
 20
339.7664875
 10
86.423228
 20
339.7484435
 10
86.29787449999999
 20
339.730148
 10
86.1725585
 20
339.7116
 10
86.04728
 20
339.6927995
 10
85.9220395
 20
339.6737465
 10
85.796838
 20
339.654441
 10
85.67167549999999
 20
339.6348825
 10
85.546553
 20
339.6150705
 10
85.421471
 20
339.5950055
 10
85.29643
 20
339.5746865
 10
85.17143
 20
339.5541135
 10
85.0464725
 20
339.5332865
 10
84.92155749999999
 20
339.512205
 10
84.796686
 20
339.4908695
 10
84.671858
 20
339.4692785
 10
84.5470745
 20
339.4474335
 10
84.422336
 20
339.425333
 10
84.297643
 20
339.402977
 10
84.1729955
 20
339.3803655
 10
84.0483955
 20
339.357499
 10
83.923842
 20
339.334376
 10
83.7993365
 20
339.3109975
 10
83.6748795
 20
339.287363
 10
83.5504715
 20
339.2634715
 10
83.426113
 20
339.239324
 10
83.3018045
 20
339.21492
 10
83.17754649999999
 20
339.1902595
 10
83.05333999999999
 20
339.1653415
 10
82.9291855
 20
339.1401665
 10
82.8050835
 20
339.114734
 10
82.681034
 20
339.089044
 10
82.557039
 20
339.063096
 10
82.433098
 20
339.03689
 10
82.3092115
 20
339.010425
 10
82.18538099999999
 20
338.9837015
 10
82.0616065
 20
338.956719
 10
81.937889
 20
338.929477
 10
81.814229
 20
338.9019755
 10
81.69062699999999
 20
338.8742145
 10
81.5670835
 20
338.846193
 10
81.4435995
 20
338.8179115
 10
81.3201755
 20
338.789369
 10
81.196812
 20
338.760566
 10
81.07351
 20
338.7315015
 10
80.95026949999999
 20
338.702176
 10
80.827092
 20
338.6725885
 10
80.7039775
 20
338.642739
 10
80.580927
 20
338.612627
 10
80.45794099999999
 20
338.582253
 10
80.33502
 20
338.551616
 10
80.212165
 20
338.520716
 10
80.0893765
 20
338.4895525
 10
79.9666555
 20
338.458125
 10
79.844002
 20
338.4264345
 10
79.7214175
 20
338.394479
 10
79.598902
 20
338.3622595
 10
79.4764565
 20
338.3297755
 10
79.35408149999999
 20
338.297026
 10
79.23177749999999
 20
338.2640115
 10
79.109546
 20
338.230731
 10
78.987387
 20
338.1971845
 10
78.8653015
 20
338.1633715
 10
78.7432905
 20
338.129292
 10
78.6213545
 20
338.094945
 10
78.4994935
 20
338.0603305
 10
78.3777095
 20
338.0254485
 10
78.2560025
 20
337.9902985
 10
78.134373
 20
337.95488
 10
78.0128225
 20
337.9191925
 10
77.891351
 20
337.8832355
 10
77.76996
 20
337.8470095
 10
77.6486495
 20
337.8105135
 10
77.5274205
 20
337.7737475
 10
77.4062745
 20
337.736711
 10
77.285211
 20
337.699404
 10
77.1642315
 20
337.6618255
 10
77.043337
 20
337.6239755
 10
76.9225275
 20
337.585854
 10
76.8018045
 20
337.5474605
 10
76.681168
 20
337.508794
 10
76.5606195
 20
337.4698555
 10
76.44015999999999
 20
337.4306435
 10
76.3197895
 20
337.391158
 10
76.19950899999999
 20
337.351399
 10
76.0793195
 20
337.3113665
 10
75.9592215
 20
337.271059
 10
75.83921649999999
 20
337.230477
 10
75.71930449999999
 20
337.18962
 10
75.599487
 20
337.148487
 10
75.4797645
 20
337.1070785
 10
75.36013799999999
 20
337.0653935
 10
75.240608
 20
337.0234315
 10
75.12117599999999
 20
336.981192
 10
75.0018425
 20
336.9386755
 10
74.8826085
 20
336.8958805
 10
74.763475
 20
336.852807
 10
74.6444425
 20
336.8094545
 10
74.52551199999999
 20
336.765823
 10
74.4066845
 20
336.7219115
 10
74.287961
 20
336.67772
 10
74.1693425
 20
336.633248
 10
74.05082949999999
 20
336.588495
 10
73.932423
 20
336.543461
 10
73.81412449999999
 20
336.498145
 10
73.695934
 20
336.4525465
 10
73.577853
 20
336.406666
 10
73.45988249999999
 20
336.3605025
 10
73.342023
 20
336.3140555
 10
73.224276
 20
336.267325
 10
73.1066415
 20
336.22031
 10
72.989122
 20
336.173011
 10
72.87171699999999
 20
336.1254265
 10
72.75442799999999
 20
336.0775575
 10
72.637256
 20
336.0294025
 10
72.520202
 20
335.980961
 10
72.4032675
 20
335.9322335
 10
72.2864525
 20
335.883219
 10
72.1697585
 20
335.8339165
 10
72.053187
 20
335.784326
 10
71.93673849999999
 20
335.7344475
 10
71.820414
 20
335.6842795
 10
71.704215
 20
335.633822
 10
71.5881425
 20
335.583075
 10
71.472197
 20
335.532037
 10
71.3563805
 20
335.4807085
 10
71.24069349999999
 20
335.4290885
 10
71.125137
 20
335.3771765
 10
71.009712
 20
335.324972
 10
70.89442
 20
335.272475
 10
70.77926199999999
 20
335.219685
 10
70.6642395
 20
335.166601
 10
70.549353
 20
335.113223
 10
70.4346035
 20
335.0595505
 10
70.3199925
 20
335.0055825
 10
70.2055215
 20
334.9513195
 10
70.091191
 20
334.89676
 10
69.9770025
 20
334.8419045
 10
69.862957
 20
334.7867525
 10
69.7490555
 20
334.731303
 10
69.6352995
 20
334.6755555
 10
69.5216905
 20
334.6195105
 10
69.408229
 20
334.5631665
 10
69.294916
 20
334.506524
 10
69.181754
 20
334.4495815
 10
69.068743
 20
334.392339
 10
68.955885
 20
334.3347955
 10
68.843181
 20
334.276951
 10
68.7306325
 20
334.218805
 10
68.618241
 20
334.1603565
 10
68.506007
 20
334.101605
 10
68.3939325
 20
334.0425505
 10
68.28201849999999
 20
333.983192
 10
68.1702665
 20
333.923529
 10
68.058678
 20
333.863561
 10
67.947254
 20
333.803288
 10
67.835996
 20
333.7427085
 10
67.7249055
 20
333.681823
 10
67.613984
 20
333.620631
 10
67.5032325
 20
333.559131
 10
67.392652
 20
333.4973235
 10
67.28224499999999
 20
333.4352075
 10
67.172012
 20
333.3727825
 10
67.061955
 20
333.3100485
 10
66.952075
 20
333.2470045
 10
66.8423735
 20
333.18365
 10
66.732852
 20
333.1199855
 10
66.623512
 20
333.0560095
 10
66.514355
 20
332.991722
 10
66.4053825
 20
332.9271225
 10
66.2965955
 20
332.86221
 10
66.187996
 20
332.796985
 10
66.07958599999999
 20
332.7314455
 10
65.9713665
 20
332.6655925
 10
65.863339
 20
332.599424
 10
65.7555055
 20
332.5329405
 10
65.64786699999999
 20
332.466141
 10
65.540426
 20
332.3990255
 10
65.4331835
 20
332.3315925
 10
65.32614099999999
 20
332.263842
 10
65.219301
 20
332.195774
 10
65.112664
 20
332.127387
 10
65.0062325
 20
332.058681
 10
64.900008
 20
331.9896555
 10
64.7939925
 20
331.92031
 10
64.688187
 20
331.850644
 10
64.5825935
 20
331.780657
 10
64.4772135
 20
331.710349
 10
64.3720495
 20
331.6397185
 10
64.2671025
 20
331.568766
 10
64.1623745
 20
331.4974905
 10
64.057867
 20
331.425892
 10
63.953582499999996
 20
331.3539695
 10
63.849521499999994
 20
331.281723
 10
63.745687
 20
331.209152
 10
63.6420805
 20
331.136256
 10
63.5387035
 20
331.0630345
 10
63.4355585
 20
330.9894875
 10
63.332646999999994
 20
330.9156135
 10
63.229971
 20
330.841412
 10
63.127532499999994
 20
330.7668835
 10
63.025333999999994
 20
330.6920265
 10
62.923376499999996
 20
330.6168415
 10
62.821662499999995
 20
330.5413265
 10
62.7201945
 20
330.4654825
 10
62.618973999999994
 20
330.389308
 10
62.518002499999994
 20
330.312803
 10
62.417283499999996
 20
330.2359675
 10
62.316818
 20
330.1588
 10
62.216607999999994
 20
330.0813005
 10
62.116656
 20
330.0034685
 10
62.0169645
 20
329.925304
 10
61.917534999999994
 20
329.8468065
 10
61.818369499999996
 20
329.767975
 10
61.7194705
 20
329.6888095
 10
61.620839999999994
 20
329.60931
 10
61.5224805
 20
329.5294755
 10
61.424394
 20
329.449306
 10
61.3265825
 20
329.368801
 10
61.229048
 20
329.2879605
 10
61.1317935
 20
329.2067835
 10
61.034820499999995
 20
329.12527
 10
60.938131999999996
 20
329.04342
 10
60.8417295
 20
328.961233
 10
60.745616
 20
328.8787085
 10
60.649793499999994
 20
328.795846
 10
60.554263999999996
 20
328.7126455
 10
60.4590305
 20
328.6291065
 10
60.3640955
 20
328.545229
 10
60.269461
 20
328.4610125
 10
60.1751295
 20
328.3764565
 10
60.081103
 20
328.291561
 10
59.987384999999996
 20
328.206326
 10
59.893977
 20
328.120751
 10
59.800881999999994
 20
328.0348355
 10
59.708102
 20
327.94858
 10
59.61564
 20
327.8619835
 10
59.523498499999995
 20
327.775046
 10
59.43168
 20
327.687768
 10
59.340187
 20
327.6001485
 10
59.2490215
 20
327.512188
 10
59.158187
 20
327.423886
 10
59.067685999999995
 20
327.3352425
 10
58.9775205
 20
327.2462575
 10
58.8876935
 20
327.156931
 10
58.7982075
 20
327.0672625
 10
58.709066
 20
326.977252
 10
58.620270999999995
 20
326.886899
 10
58.531826499999994
 20
326.7962035
 10
58.4437345
 20
326.7051655
 10
58.3559985
 20
326.613784
 10
58.268621499999995
 20
326.5220595
 10
58.181606499999994
 20
326.429991
 10
58.094956499999995
 20
326.3375795
 10
58.008675
 20
326.244824
 10
57.922763999999994
 20
326.1517245
 10
57.8372275
 20
326.0582815
 10
57.7520685
 20
325.964494
 10
57.667289999999994
 20
325.8703625
 10
57.582895
 20
325.775887
 10
57.498886999999996
 20
325.681067
 10
57.415268999999995
 20
325.5859035
 10
57.332043999999996
 20
325.4903955
 10
57.2492155
 20
325.3945435
 10
57.1667865
 20
325.298348
 10
57.084760499999994
 20
325.2018085
 10
57.003139999999995
 20
325.1049255
 10
56.9219295
 20
325.0076995
 10
56.841131499999996
 20
324.91013
 10
56.760749
 20
324.8122175
 10
56.680784499999994
 20
324.713964
 10
56.601240499999996
 20
324.615369
 10
56.5221205
 20
324.516434
 10
56.443425999999995
 20
324.41716
 10
56.365159999999996
 20
324.317548
 10
56.287325499999994
 20
324.217598
 10
56.2099255
 20
324.117312
 10
56.132962
 20
324.01669
 10
56.056438
 20
323.9157335
 10
55.9803565
 20
323.814443
 10
55.904720499999996
 20
323.7128195
 10
55.829533
 20
323.610864
 10
55.754796
 20
323.5085775
 10
55.680513499999996
 20
323.4059605
 10
55.606688
 20
323.3030145
 10
55.533322
 20
323.19974
 10
55.4604195
 20
323.096138
 10
55.387983
 20
322.99221
 10
55.3160155
 20
322.887956
 10
55.244519999999994
 20
322.783378
 10
55.1735
 20
322.678477
 10
55.1029585
 20
322.573253
 10
55.0329005
 20
322.467707
 10
54.963331
 20
322.36183800000003
 10
54.894256
 20
322.255646
 10
54.825681499999995
 20
322.14913
 10
54.7576125
 20
322.04229
 10
54.690054999999994
 20
321.93512599999997
 10
54.623014999999995
 20
321.82763750000004
 10
54.5564975
 20
321.719825
 10
54.4905085
 20
321.61168799999996
 10
54.4250535
 20
321.50322700000004
 10
54.3601375
 20
321.39444249999997
 10
54.2957665
 20
321.28533500000003
 10
54.231946
 20
321.1759045
 10
54.1686805
 20
321.066152
 10
54.1059765
 20
320.9560775
 10
54.0438385
 20
320.845683
 10
53.982271499999996
 20
320.73496850000004
 10
53.9212815
 20
320.6239355
 10
53.8608735
 20
320.512585
 10
53.8010515
 20
320.400918
 10
53.7418215
 20
320.28893600000004
 10
53.683187999999994
 20
320.176641
 10
53.6251525
 20
320.0640355
 10
53.5677105
 20
319.951126
 10
53.510858
 20
319.8379185
 10
53.454591
 20
319.724419
 10
53.398906
 20
319.610633
 10
53.3437985
 20
319.49656600000003
 10
53.2892655
 20
319.382223
 10
53.2353045
 20
319.267609
 10
53.181912499999996
 20
319.152729
 10
53.1290865
 20
319.0375875
 10
53.076825
 20
318.922189
 10
53.025124999999996
 20
318.8065375
 10
52.9739855
 20
318.69063700000004
 10
52.923404999999995
 20
318.5744915
 10
52.873382
 20
318.458105
 10
52.823916
 20
318.341481
 10
52.7750055
 20
318.2246225
 10
52.726651
 20
318.107533
 10
52.6788515
 20
317.9902155
 10
52.631608
 20
317.87267299999996
 10
52.584920499999996
 20
317.754909
 10
52.538791499999995
 20
317.636925
 10
52.493241
 20
317.5187165
 10
52.4482985
 20
317.40027499999997
 10
52.403994499999996
 20
317.2815935
 10
52.3603575
 20
317.1626655
 10
52.3174145
 20
317.04348500000003
 10
52.275192499999996
 20
316.924047
 10
52.233715499999995
 20
316.804348
 10
52.193006499999996
 20
316.68438649999996
 10
52.1530865
 20
316.56415949999996
 10
52.113974999999996
 20
316.443667
 10
52.0756885
 20
316.32291
 10
52.038242999999994
 20
316.20189
 10
52.001650999999995
 20
316.08060850000004
 10
51.965923
 20
315.95907
 10
51.931068999999994
 20
315.83727799999997
 10
51.897095
 20
315.7152375
 10
51.8640055
 20
315.5929545
 10
51.8318035
 20
315.4704345
 10
51.8004895
 20
315.3476845
 10
51.770062499999995
 20
315.224712
 10
51.740517499999996
 20
315.1015245
 10
51.711819999999996
 20
314.9781365
 10
51.683907999999995
 20
314.8545685
 10
51.6567265
 20
314.730838
 10
51.630225499999995
 20
314.60695999999996
 10
51.604359499999994
 20
314.48294699999997
 10
51.579088999999996
 20
314.358812
 10
51.5543765
 20
314.23456450000003
 10
51.5301875
 20
314.11021400000004
 10
51.506491
 20
313.985769
 10
51.4832575
 20
313.8612365
 10
51.460459
 20
313.7366235
 10
51.438069999999996
 20
313.6119365
 10
51.416064
 20
313.48718099999996
 10
51.3944165
 20
313.36236299999996
 10
51.373103
 20
313.2374875
 10
51.352097
 20
313.11256000000003
 10
51.331373
 20
312.9875855
 10
51.310900499999995
 20
312.862569
 10
51.290646499999994
 20
312.73751749999997
 10
51.270571499999996
 20
312.612437
 10
51.250649499999994
 20
312.48733200000004
 10
51.231092499999995
 20
312.362169
 10
51.2123305
 20
312.23688549999997
 10
51.194807
 20
312.1114225
 10
51.178897
 20
311.9857455
 10
51.164831
 20
311.8598485
 10
51.152669499999995
 20
311.73375350000003
 10
51.142333
 20
311.6074955
 10
51.133656499999994
 20
311.4811125
 10
51.126437499999994
 20
311.35463749999997
 10
51.120475
 20
311.228097
 10
51.1155835
 20
311.1015105
 10
51.111601
 20
310.974892
 10
51.108391
 20
310.8482515
 10
51.105838999999996
 20
310.721596
 10
51.103849999999994
 20
310.59493050000003
 10
51.102345
 20
310.468258
 10
51.101257999999994
 20
310.34158149999996
 10
51.100534499999995
 20
310.214902
 10
51.100128
 20
310.08822150000003
 97
0
 75
1
 76
1
 98
0
  0
HATCH
  5
117
330
17
100
AcDbEntity
  8
05-RAYADO
 62
7
100
AcDbHatch
 10
0.0
 20
0.0
 30
0.0
210
0.0
220
0.0
230
1.0
  2
SOLID
 70
1
 71
0
 91
1
 92
3
 72
0
 73
1
 93
1602
 10
140.05
 20
74.625
 10
139.94149
 20
74.5964235
 10
139.8329625
 20
74.567913
 10
139.7244185
 20
74.5394675
 10
139.6158565
 20
74.511088
 10
139.50727799999999
 20
74.482774
 10
139.398682
 20
74.454526
 10
139.290069
 20
74.4263435
 10
139.181439
 20
74.398227
 10
139.072792
 20
74.370176
 10
138.964128
 20
74.342191
 10
138.855447
 20
74.314272
 10
138.746749
 20
74.2864185
 10
138.638034
 20
74.2586315
 10
138.5293025
 20
74.2309105
 10
138.42055399999998
 20
74.203255
 10
138.311789
 20
74.175666
 10
138.203007
 20
74.148143
 10
138.09420799999998
 20
74.1206865
 10
137.9853925
 20
74.093296
 10
137.87656049999998
 20
74.0659715
 10
137.767712
 20
74.0387135
 10
137.65884699999998
 20
74.0115215
 10
137.549965
 20
73.984396
 10
137.441067
 20
73.957337
 10
137.332152
 20
73.930344
 10
137.223221
 20
73.903418
 10
137.114273
 20
73.876558
 10
137.005309
 20
73.849765
 10
136.89632899999998
 20
73.823038
 10
136.787332
 20
73.796378
 10
136.678319
 20
73.7697845
 10
136.56929
 20
73.743258
 10
136.4602445
 20
73.7167975
 10
136.351183
 20
73.6904045
 10
136.24210549999998
 20
73.664078
 10
136.1330115
 20
73.637818
 10
136.0239015
 20
73.611625
 10
135.914776
 20
73.585499
 10
135.805634
 20
73.55944
 10
135.696476
 20
73.53344799999999
 10
135.5873025
 20
73.5075225
 10
135.4781125
 20
73.4816645
 10
135.368907
 20
73.4558735
 10
135.2596855
 20
73.4301495
 10
135.15044849999998
 20
73.404493
 10
135.04119550000001
 20
73.378903
 10
134.931927
 20
73.353381
 10
134.8226425
 20
73.327926
 10
134.7133425
 20
73.302538
 10
134.604027
 20
73.2772175
 10
134.4946955
 20
73.2519645
 10
134.385349
 20
73.226779
 10
134.2759865
 20
73.2016605
 10
134.166609
 20
73.17661
 10
134.05721549999998
 20
73.151627
 10
133.947807
 20
73.1267115
 10
133.838383
 20
73.10186350000001
 10
133.7289435
 20
73.077083
 10
133.619489
 20
73.0523705
 10
133.510019
 20
73.0277255
 10
133.400534
 20
73.0031485
 10
133.2910335
 20
72.9786395
 10
133.18151799999998
 20
72.954198
 10
133.0719875
 20
72.9298245
 10
132.9624415
 20
72.9055185
 10
132.852881
 20
72.881281
 10
132.743305
 20
72.8571115
 10
132.633714
 20
72.8330095
 10
132.5241085
 20
72.808976
 10
132.414488
 20
72.7850105
 10
132.30485199999998
 20
72.7611135
 10
132.195202
 20
72.7372845
 10
132.0855365
 20
72.7135235
 10
131.9758565
 20
72.689831
 10
131.866162
 20
72.6662065
 10
131.7564525
 20
72.6426505
 10
131.6467285
 20
72.619163
 10
131.53699
 20
72.595744
 10
131.4272365
 20
72.5723935
 10
131.317469
 20
72.5491115
 10
131.2076865
 20
72.5258975
 10
131.0978895
 20
72.5027525
 10
130.9880785
 20
72.4796765
 10
130.8782525
 20
72.4566685
 10
130.7684125
 20
72.4337295
 10
130.6585585
 20
72.4108595
 10
130.5486895
 20
72.3880575
 10
130.4388065
 20
72.365325
 10
130.3289095
 20
72.34266099999999
 10
130.2189985
 20
72.320066
 10
130.109073
 20
72.2975395
 10
129.9991335
 20
72.2750825
 10
129.8891795
 20
72.252694
 10
129.779212
 20
72.2303745
 10
129.6692305
 20
72.2081245
 10
129.559235
 20
72.185943
 10
129.4492255
 20
72.163831
 10
129.339202
 20
72.141788
 10
129.229165
 20
72.119814
 10
129.119114
 20
72.0979095
 10
129.009049
 20
72.076074
 10
128.8989705
 20
72.054308
 10
128.7888785
 20
72.032611
 10
128.678773
 20
72.0109835
 10
128.56865349999998
 20
71.9894255
 10
128.4585205
 20
71.967937
 10
128.348374
 20
71.9465175
 10
128.238214
 20
71.9251675
 10
128.1280405
 20
71.9038875
 10
128.017854
 20
71.8826765
 10
127.9076535
 20
71.8615355
 10
127.79744
 20
71.840464
 10
127.687213
 20
71.819462
 10
127.576973
 20
71.7985295
 10
127.46672
 20
71.777667
 10
127.3564535
 20
71.756874
 10
127.246174
 20
71.736151
 10
127.135881
 20
71.715498
 10
127.0255755
 20
71.6949145
 10
126.9152565
 20
71.674401
 10
126.804925
 20
71.6539575
 10
126.69458
 20
71.633584
 10
126.5842225
 20
71.6132805
 10
126.473852
 20
71.593047
 10
126.363469
 20
71.5728835
 10
126.253073
 20
71.55279
 10
126.142664
 20
71.5327665
 10
126.0322425
 20
71.5128135
 10
125.9218085
 20
71.4929305
 10
125.811362
 20
71.4731175
 10
125.7009025
 20
71.453375
 10
125.5904305
 20
71.4337025
 10
125.479946
 20
71.4141005
 10
125.3694495
 20
71.394569
 10
125.25894
 20
71.3751075
 10
125.14841849999999
 20
71.3557165
 10
125.03788449999999
 20
71.336396
 10
124.92733849999999
 20
71.317146
 10
124.81678
 20
71.297966
 10
124.7062095
 20
71.278857
 10
124.5956265
 20
71.2598185
 10
124.48503149999999
 20
71.2408505
 10
124.3744245
 20
71.221953
 10
124.26380549999999
 20
71.2031265
 10
124.15317399999999
 20
71.1843705
 10
124.042531
 20
71.165685
 10
123.93187599999999
 20
71.1470705
 10
123.8212095
 20
71.1285265
 10
123.7105305
 20
71.1100535
 10
123.59984
 20
71.091651
 10
123.489138
 20
71.0733195
 10
123.378424
 20
71.055059
 10
123.267698
 20
71.0368695
 10
123.156961
 20
71.018751
 10
123.046212
 20
71.000703
 10
122.9354515
 20
70.9827265
 10
122.8246795
 20
70.964821
 10
122.7138965
 20
70.9469865
 10
122.6031015
 20
70.92922300000001
 10
122.492295
 20
70.9115305
 10
122.38147749999999
 20
70.8939095
 10
122.27064899999999
 20
70.8763595
 10
122.159809
 20
70.8588805
 10
122.0489575
 20
70.841473
 10
121.938095
 20
70.82413700000001
 10
121.8272215
 20
70.806872
 10
121.7163365
 20
70.7896785
 10
121.605441
 20
70.772556
 10
121.4945345
 20
70.755505
 10
121.3836165
 20
70.73852600000001
 10
121.272688
 20
70.721618
 10
121.1617485
 20
70.7047815
 10
121.0507985
 20
70.6880165
 10
120.939837
 20
70.671323
 10
120.82886549999999
 20
70.654701
 10
120.717883
 20
70.6381505
 10
120.6068895
 20
70.6216715
 10
120.495886
 20
70.6052645
 10
120.3848715
 20
70.58892900000001
 10
120.27384649999999
 20
70.572665
 10
120.1628115
 20
70.556473
 10
120.0517655
 20
70.5403525
 10
119.9407095
 20
70.524304
 10
119.829643
 20
70.508327
 10
119.718566
 20
70.492422
 10
119.607479
 20
70.476589
 10
119.4963815
 20
70.4608275
 10
119.385274
 20
70.4451385
 10
119.2741565
 20
70.429521
 10
119.163029
 20
70.4139755
 10
119.051891
 20
70.3985015
 10
118.9407435
 20
70.3831
 10
118.8295855
 20
70.3677705
 10
118.718418
 20
70.352513
 10
118.60724049999999
 20
70.337328
 10
118.49605299999999
 20
70.3222145
 10
118.384856
 20
70.3071735
 10
118.273649
 20
70.2922045
 10
118.1624325
 20
70.2773075
 10
118.05120649999999
 20
70.262483
 10
117.9399705
 20
70.247731
 10
117.82872549999999
 20
70.233051
 10
117.71747049999999
 20
70.218443
 10
117.606206
 20
70.2039075
 10
117.4949325
 20
70.1894445
 10
117.38364899999999
 20
70.175054
 10
117.2723565
 20
70.1607355
 10
117.161055
 20
70.1464895
 10
117.049744
 20
70.1323165
 10
116.9384235
 20
70.1182155
 10
116.827094
 20
70.104187
 10
116.7157555
 20
70.0902305
 10
116.60440799999999
 20
70.076347
 10
116.49305149999999
 20
70.0625365
 10
116.381686
 20
70.048798
 10
116.27031149999999
 20
70.035132
 10
116.158928
 20
70.021539
 10
116.047536
 20
70.0080185
 10
115.936135
 20
69.9945705
 10
115.824725
 20
69.9811955
 10
115.7133065
 20
69.967893
 10
115.6018795
 20
69.954663
 10
115.490444
 20
69.941506
 10
115.37899949999999
 20
69.928422
 10
115.2675465
 20
69.91541050000001
 10
115.15608549999999
 20
69.902472
 10
115.04461549999999
 20
69.889606
 10
114.9331375
 20
69.876813
 10
114.821651
 20
69.864093
 10
114.710156
 20
69.851446
 10
114.598653
 20
69.8388715
 10
114.487142
 20
69.8263705
 10
114.37562249999999
 20
69.813942
 10
114.264095
 20
69.801587
 10
114.1525595
 20
69.7893045
 10
114.041016
 20
69.7770955
 10
113.9294645
 20
69.7649595
 10
113.817905
 20
69.7528965
 10
113.70633749999999
 20
69.7409065
 10
113.5947625
 20
69.7289895
 10
113.4831795
 20
69.717146
 10
113.3715885
 20
69.7053755
 10
113.2599905
 20
69.693678
 10
113.14838449999999
 20
69.682054
 10
113.03677049999999
 20
69.6705035
 10
112.9251495
 20
69.659026
 10
112.8135205
 20
69.6476215
 10
112.7018845
 20
69.6362905
 10
112.59024099999999
 20
69.625033
 10
112.47859
 20
69.6138485
 10
112.36693149999999
 20
69.6027375
 10
112.255266
 20
69.5917
 10
112.143593
 20
69.5807355
 10
112.031913
 20
69.5698445
 10
111.920226
 20
69.559027
 10
111.808532
 20
69.548283
 10
111.6968305
 20
69.5376125
 10
111.5851225
 20
69.5270155
 10
111.473407
 20
69.516492
 10
111.361685
 20
69.5060415
 10
111.249956
 20
69.495665
 10
111.1382205
 20
69.485362
 10
111.026478
 20
69.4751325
 10
110.9147285
 20
69.4649765
 10
110.8029725
 20
69.454894
 10
110.69121
 20
69.4448855
 10
110.579441
 20
69.43495
 10
110.4676655
 20
69.4250885
 10
110.3558835
 20
69.415301
 10
110.244095
 20
69.4055865
 10
110.1323
 20
69.3959465
 10
110.020499
 20
69.3863795
 10
109.9086915
 20
69.3768865
 10
109.7968775
 20
69.3674675
 10
109.6850575
 20
69.358122
 10
109.57323149999999
 20
69.34885
 10
109.4613995
 20
69.339652
 10
109.3495615
 20
69.330528
 10
109.237717
 20
69.321478
 10
109.125867
 20
69.3125015
 10
109.014011
 20
69.303599
 10
108.902149
 20
69.2947705
 10
108.790281
 20
69.286016
 10
108.67840749999999
 20
69.277335
 10
108.5665285
 20
69.268728
 10
108.4546435
 20
69.2601955
 10
108.342753
 20
69.25173649999999
 10
108.230857
 20
69.2433515
 10
108.1189555
 20
69.2350405
 10
108.0070485
 20
69.2268035
 10
107.895136
 20
69.2186405
 10
107.7832185
 20
69.2105515
 10
107.671295
 20
69.2025365
 10
107.5593665
 20
69.194596
 10
107.44743299999999
 20
69.186729
 10
107.335494
 20
69.1789365
 10
107.22355
 20
69.171218
 10
107.111601
 20
69.1635735
 10
106.999647
 20
69.156003
 10
106.887688
 20
69.148507
 10
106.775724
 20
69.1410845
 10
106.663755
 20
69.133737
 10
106.55178099999999
 20
69.126463
 10
106.4398025
 20
69.1192635
 10
106.3278195
 20
69.112138
 10
106.2158315
 20
69.105087
 10
106.1038385
 20
69.09811
 10
105.99184149999999
 20
69.0912075
 10
105.8798395
 20
69.084379
 10
105.767833
 20
69.077625
 10
105.6558225
 20
69.070945
 10
105.5438075
 20
69.0643395
 10
105.431788
 20
69.0578085
 10
105.31976399999999
 20
69.0513515
 10
105.207736
 20
69.044969
 10
105.0957035
 20
69.0386605
 10
104.983667
 20
69.0324265
 10
104.87162649999999
 20
69.026267
 10
104.759582
 20
69.020182
 10
104.647533
 20
69.0141715
 10
104.53548049999999
 20
69.008235
 10
104.423424
 20
69.002373
 10
104.3113635
 20
68.9965855
 10
104.1992995
 20
68.9908725
 10
104.0872315
 20
68.985234
 10
103.97515949999999
 20
68.97967
 10
103.863084
 20
68.9741805
 10
103.75100499999999
 20
68.968765
 10
103.63892249999999
 20
68.9634245
 10
103.5268365
 20
68.9581585
 10
103.41474699999999
 20
68.9529665
 10
103.30265399999999
 20
68.9478495
 10
103.1905575
 20
68.9428065
 10
103.0784575
 20
68.9378385
 10
102.9663545
 20
68.9329445
 10
102.8542485
 20
68.9281255
 10
102.742139
 20
68.9233805
 10
102.6300265
 20
68.9187105
 10
102.517911
 20
68.914115
 10
102.40579199999999
 20
68.909594
 10
102.29367049999999
 20
68.9051475
 10
102.181546
 20
68.9007755
 10
102.0694185
 20
68.896478
 10
101.9572885
 20
68.892255
 10
101.84515499999999
 20
68.8881065
 10
101.7330195
 20
68.884033
 10
101.620881
 20
68.880034
 10
101.50874
 20
68.8761095
 10
101.396596
 20
68.8722595
 10
101.28444999999999
 20
68.868484
 10
101.172301
 20
68.8647835
 10
101.06015
 20
68.8611575
 10
100.9479965
 20
68.857606
 10
100.8358405
 20
68.854129
 10
100.7236825
 20
68.850727
 10
100.611522
 20
68.847399
 10
100.4993595
 20
68.8441465
 10
100.38719449999999
 20
68.840968
 10
100.2750275
 20
68.8378645
 10
100.162859
 20
68.8348355
 10
100.050688
 20
68.8318815
 10
99.938515
 20
68.8290015
 10
99.8263405
 20
68.826197
 10
99.714164
 20
68.8234665
 10
99.6019855
 20
68.820811
 10
99.4898055
 20
68.8182305
 10
99.3776235
 20
68.8157245
 10
99.2654405
 20
68.813293
 10
99.153255
 20
68.8109365
 10
99.0410685
 20
68.8086545
 10
98.92888049999999
 20
68.8064475
 10
98.81669099999999
 20
68.8043155
 10
98.7045
 20
68.802258
 10
98.592308
 20
68.800275
 10
98.4801145
 20
68.798367
 10
98.3679195
 20
68.796534
 10
98.2557235
 20
68.7947755
 10
98.1435265
 20
68.793092
 10
98.031328
 20
68.7914835
 10
97.919129
 20
68.7899495
 10
97.8069285
 20
68.7884905
 10
97.6947275
 20
68.7871065
 10
97.5825255
 20
68.785797
 10
97.4703225
 20
68.78456249999999
 10
97.3581185
 20
68.78340299999999
 10
97.245914
 20
68.7823185
 10
97.133709
 20
68.7813085
 10
97.021503
 20
68.7803735
 10
96.9092965
 20
68.77951350000001
 10
96.7970895
 20
68.7787285
 10
96.684882
 20
68.7780185
 10
96.57267399999999
 20
68.777383
 10
96.4604655
 20
68.776823
 10
96.348257
 20
68.7763375
 10
96.236048
 20
68.775927
 10
96.12383849999999
 20
68.775592
 10
96.011629
 20
68.7753315
 10
95.8994195
 20
68.775146
 10
95.78721
 20
68.7750355
 10
95.675
 20
68.775
 10
95.56278999999999
 20
68.7750355
 10
95.4505805
 20
68.775146
 10
95.338371
 20
68.7753315
 10
95.2261615
 20
68.775592
 10
95.113952
 20
68.775927
 10
95.00174299999999
 20
68.7763375
 10
94.8895345
 20
68.776823
 10
94.777326
 20
68.777383
 10
94.66511799999999
 20
68.7780185
 10
94.5529105
 20
68.7787285
 10
94.4407035
 20
68.77951350000001
 10
94.328497
 20
68.7803735
 10
94.216291
 20
68.7813085
 10
94.104086
 20
68.7823185
 10
93.99188149999999
 20
68.78340299999999
 10
93.8796775
 20
68.78456249999999
 10
93.76747449999999
 20
68.785797
 10
93.6552725
 20
68.7871065
 10
93.5430715
 20
68.7884905
 10
93.430871
 20
68.7899495
 10
93.31867199999999
 20
68.7914835
 10
93.2064735
 20
68.793092
 10
93.09427649999999
 20
68.7947755
 10
92.9820805
 20
68.796534
 10
92.8698855
 20
68.798367
 10
92.75769199999999
 20
68.800275
 10
92.6455
 20
68.802258
 10
92.533309
 20
68.8043155
 10
92.4211195
 20
68.8064475
 10
92.3089315
 20
68.8086545
 10
92.19674499999999
 20
68.8109365
 10
92.0845595
 20
68.813293
 10
91.9723765
 20
68.8157245
 10
91.86019449999999
 20
68.8182305
 10
91.7480145
 20
68.820811
 10
91.635836
 20
68.8234665
 10
91.5236595
 20
68.826197
 10
91.411485
 20
68.8290015
 10
91.299312
 20
68.8318815
 10
91.187141
 20
68.8348355
 10
91.0749725
 20
68.8378645
 10
90.9628055
 20
68.840968
 10
90.8506405
 20
68.8441465
 10
90.738478
 20
68.847399
 10
90.6263175
 20
68.850727
 10
90.51415949999999
 20
68.854129
 10
90.40200349999999
 20
68.857606
 10
90.28985
 20
68.8611575
 10
90.17769899999999
 20
68.8647835
 10
90.06555
 20
68.868484
 10
89.95340399999999
 20
68.8722595
 10
89.84125999999999
 20
68.8761095
 10
89.729119
 20
68.880034
 10
89.6169805
 20
68.884033
 10
89.504845
 20
68.8881065
 10
89.39271149999999
 20
68.892255
 10
89.2805815
 20
68.896478
 10
89.168454
 20
68.9007755
 10
89.0563295
 20
68.9051475
 10
88.944208
 20
68.909594
 10
88.832089
 20
68.914115
 10
88.7199735
 20
68.9187105
 10
88.607861
 20
68.9233805
 10
88.4957515
 20
68.9281255
 10
88.3836455
 20
68.9329445
 10
88.2715425
 20
68.9378385
 10
88.1594425
 20
68.9428065
 10
88.047346
 20
68.9478495
 10
87.935253
 20
68.9529665
 10
87.82316349999999
 20
68.9581585
 10
87.7110775
 20
68.9634245
 10
87.598995
 20
68.968765
 10
87.486916
 20
68.9741805
 10
87.3748405
 20
68.97967
 10
87.26276849999999
 20
68.985234
 10
87.1507005
 20
68.9908725
 10
87.0386365
 20
68.9965855
 10
86.926576
 20
69.002373
 10
86.8145195
 20
69.008235
 10
86.702467
 20
69.0141715
 10
86.590418
 20
69.020182
 10
86.4783735
 20
69.026267
 10
86.366333
 20
69.0324265
 10
86.2542965
 20
69.0386605
 10
86.142264
 20
69.044969
 10
86.030236
 20
69.0513515
 10
85.918212
 20
69.0578085
 10
85.8061925
 20
69.0643395
 10
85.6941775
 20
69.070945
 10
85.582167
 20
69.077625
 10
85.47016049999999
 20
69.084379
 10
85.3581585
 20
69.0912075
 10
85.2461615
 20
69.09811
 10
85.1341685
 20
69.105087
 10
85.02218049999999
 20
69.112138
 10
84.9101975
 20
69.1192635
 10
84.798219
 20
69.126463
 10
84.686245
 20
69.133737
 10
84.574276
 20
69.1410845
 10
84.462312
 20
69.148507
 10
84.350353
 20
69.156003
 10
84.238399
 20
69.1635735
 10
84.12644999999999
 20
69.171218
 10
84.014506
 20
69.1789365
 10
83.902567
 20
69.186729
 10
83.7906335
 20
69.194596
 10
83.678705
 20
69.2025365
 10
83.56678149999999
 20
69.2105515
 10
83.454864
 20
69.2186405
 10
83.3429515
 20
69.2268035
 10
83.2310445
 20
69.2350405
 10
83.119143
 20
69.2433515
 10
83.00724699999999
 20
69.25173649999999
 10
82.89535649999999
 20
69.2601955
 10
82.78347149999999
 20
69.268728
 10
82.6715925
 20
69.277335
 10
82.559719
 20
69.286016
 10
82.447851
 20
69.2947705
 10
82.335989
 20
69.303599
 10
82.224133
 20
69.3125015
 10
82.11228299999999
 20
69.321478
 10
82.0004385
 20
69.330528
 10
81.8886005
 20
69.339652
 10
81.7767685
 20
69.34885
 10
81.6649425
 20
69.358122
 10
81.5531225
 20
69.3674675
 10
81.44130849999999
 20
69.3768865
 10
81.329501
 20
69.3863795
 10
81.2177
 20
69.3959465
 10
81.10590499999999
 20
69.4055865
 10
80.99411649999999
 20
69.415301
 10
80.8823345
 20
69.4250885
 10
80.77055899999999
 20
69.43495
 10
80.65879
 20
69.4448855
 10
80.5470275
 20
69.454894
 10
80.4352715
 20
69.4649765
 10
80.323522
 20
69.4751325
 10
80.21177949999999
 20
69.485362
 10
80.100044
 20
69.495665
 10
79.988315
 20
69.5060415
 10
79.876593
 20
69.516492
 10
79.7648775
 20
69.5270155
 10
79.65316949999999
 20
69.5376125
 10
79.541468
 20
69.548283
 10
79.429774
 20
69.559027
 10
79.31808699999999
 20
69.5698445
 10
79.206407
 20
69.5807355
 10
79.09473399999999
 20
69.5917
 10
78.9830685
 20
69.6027375
 10
78.87141
 20
69.6138485
 10
78.759759
 20
69.625033
 10
78.64811549999999
 20
69.6362905
 10
78.5364795
 20
69.6476215
 10
78.42485049999999
 20
69.659026
 10
78.3132295
 20
69.6705035
 10
78.2016155
 20
69.682054
 10
78.0900095
 20
69.693678
 10
77.97841149999999
 20
69.7053755
 10
77.86682049999999
 20
69.717146
 10
77.75523749999999
 20
69.7289895
 10
77.6436625
 20
69.7409065
 10
77.532095
 20
69.7528965
 10
77.4205355
 20
69.7649595
 10
77.308984
 20
69.7770955
 10
77.1974405
 20
69.7893045
 10
77.085905
 20
69.801587
 10
76.9743775
 20
69.813942
 10
76.86285799999999
 20
69.8263705
 10
76.751347
 20
69.8388715
 10
76.639844
 20
69.851446
 10
76.52834899999999
 20
69.864093
 10
76.4168625
 20
69.876813
 10
76.3053845
 20
69.889606
 10
76.1939145
 20
69.902472
 10
76.0824535
 20
69.91541050000001
 10
75.9710005
 20
69.928422
 10
75.859556
 20
69.941506
 10
75.7481205
 20
69.954663
 10
75.63669349999999
 20
69.967893
 10
75.525275
 20
69.9811955
 10
75.413865
 20
69.9945705
 10
75.302464
 20
70.0080185
 10
75.19107199999999
 20
70.021539
 10
75.0796885
 20
70.035132
 10
74.96831399999999
 20
70.048798
 10
74.8569485
 20
70.0625365
 10
74.745592
 20
70.076347
 10
74.6342445
 20
70.0902305
 10
74.52290599999999
 20
70.1041865
 10
74.4115765
 20
70.1182155
 10
74.30025599999999
 20
70.1323165
 10
74.18894499999999
 20
70.1464895
 10
74.0776435
 20
70.1607355
 10
73.966351
 20
70.175054
 10
73.85506749999999
 20
70.1894445
 10
73.743794
 20
70.2039075
 10
73.6325295
 20
70.218443
 10
73.5212745
 20
70.233051
 10
73.4100295
 20
70.247731
 10
73.2987935
 20
70.262483
 10
73.1875675
 20
70.2773075
 10
73.07635099999999
 20
70.2922045
 10
72.965144
 20
70.3071735
 10
72.853947
 20
70.3222145
 10
72.7427595
 20
70.337328
 10
72.631582
 20
70.352513
 10
72.5204145
 20
70.3677705
 10
72.4092565
 20
70.3831
 10
72.298109
 20
70.3985015
 10
72.186971
 20
70.4139755
 10
72.07584349999999
 20
70.429521
 10
71.964726
 20
70.4451385
 10
71.8536185
 20
70.4608275
 10
71.742521
 20
70.476589
 10
71.631434
 20
70.492422
 10
71.52035699999999
 20
70.508327
 10
71.4092905
 20
70.524304
 10
71.29823449999999
 20
70.5403525
 10
71.18718849999999
 20
70.556473
 10
71.0761535
 20
70.572665
 10
70.96512849999999
 20
70.58892900000001
 10
70.854114
 20
70.6052645
 10
70.7431105
 20
70.6216715
 10
70.632117
 20
70.6381505
 10
70.5211345
 20
70.654701
 10
70.410163
 20
70.671323
 10
70.2992015
 20
70.6880165
 10
70.18825149999999
 20
70.7047815
 10
70.07731199999999
 20
70.721618
 10
69.96638349999999
 20
70.73852600000001
 10
69.8554655
 20
70.755505
 10
69.744559
 20
70.772556
 10
69.6336635
 20
70.7896785
 10
69.5227785
 20
70.806872
 10
69.41190499999999
 20
70.82413700000001
 10
69.3010425
 20
70.841473
 10
69.190191
 20
70.8588805
 10
69.079351
 20
70.8763595
 10
68.9685225
 20
70.8939095
 10
68.857705
 20
70.9115305
 10
68.7468985
 20
70.92922300000001
 10
68.63610349999999
 20
70.946986
 10
68.52532049999999
 20
70.964821
 10
68.4145485
 20
70.9827265
 10
68.303788
 20
71.000703
 10
68.193039
 20
71.018751
 10
68.082302
 20
71.0368695
 10
67.971576
 20
71.055059
 10
67.860862
 20
71.0733195
 10
67.75016
 20
71.091651
 10
67.63946949999999
 20
71.1100535
 10
67.5287905
 20
71.1285265
 10
67.418124
 20
71.1470705
 10
67.307469
 20
71.165685
 10
67.196826
 20
71.1843705
 10
67.0861945
 20
71.2031265
 10
66.97557549999999
 20
71.221953
 10
66.8649685
 20
71.2408505
 10
66.7543735
 20
71.2598185
 10
66.6437905
 20
71.278857
 10
66.53322
 20
71.297966
 10
66.4226615
 20
71.317146
 10
66.3121155
 20
71.336396
 10
66.2015815
 20
71.3557165
 10
66.09106
 20
71.3751075
 10
65.98055049999999
 20
71.394569
 10
65.870054
 20
71.4141005
 10
65.7595695
 20
71.4337025
 10
65.6490975
 20
71.453375
 10
65.53863799999999
 20
71.4731175
 10
65.4281915
 20
71.4929305
 10
65.3177575
 20
71.5128135
 10
65.207336
 20
71.5327665
 10
65.096927
 20
71.55279
 10
64.986531
 20
71.5728835
 10
64.876148
 20
71.593047
 10
64.7657775
 20
71.6132805
 10
64.65541999999999
 20
71.633584
 10
64.545075
 20
71.6539575
 10
64.4347435
 20
71.674401
 10
64.32442449999999
 20
71.6949145
 10
64.214119
 20
71.715498
 10
64.103826
 20
71.736151
 10
63.993546499999994
 20
71.756874
 10
63.88328
 20
71.777667
 10
63.773027
 20
71.7985295
 10
63.662786999999994
 20
71.819462
 10
63.55256
 20
71.840464
 10
63.4423465
 20
71.8615355
 10
63.332145999999995
 20
71.8826765
 10
63.2219595
 20
71.9038875
 10
63.111785999999995
 20
71.9251675
 10
63.001625999999995
 20
71.9465175
 10
62.891479499999996
 20
71.967937
 10
62.7813465
 20
71.9894255
 10
62.671226999999995
 20
72.0109835
 10
62.5611215
 20
72.032611
 10
62.4510295
 20
72.054308
 10
62.340951
 20
72.076074
 10
62.230886
 20
72.0979095
 10
62.120835
 20
72.119814
 10
62.010797999999994
 20
72.141788
 10
61.9007745
 20
72.163831
 10
61.790765
 20
72.185943
 10
61.6807695
 20
72.2081245
 10
61.570788
 20
72.230375
 10
61.4608205
 20
72.252694
 10
61.350866499999995
 20
72.2750825
 10
61.240927
 20
72.2975395
 10
61.131001499999996
 20
72.320066
 10
61.0210905
 20
72.34266099999999
 10
60.911193499999996
 20
72.365325
 10
60.8013105
 20
72.3880575
 10
60.691441499999996
 20
72.4108595
 10
60.5815875
 20
72.4337295
 10
60.4717475
 20
72.4566685
 10
60.361921499999994
 20
72.4796765
 10
60.2521105
 20
72.502753
 10
60.1423135
 20
72.525898
 10
60.032531
 20
72.5491115
 10
59.922763499999995
 20
72.5723935
 10
59.81301
 20
72.595744
 10
59.7032715
 20
72.619163
 10
59.5935475
 20
72.6426505
 10
59.483838
 20
72.6662065
 10
59.374143499999995
 20
72.689831
 10
59.2644635
 20
72.7135235
 10
59.154798
 20
72.7372845
 10
59.045148
 20
72.7611135
 10
58.935511999999996
 20
72.7850105
 10
58.8258915
 20
72.808976
 10
58.716286
 20
72.8330095
 10
58.606694999999995
 20
72.8571115
 10
58.497119
 20
72.881281
 10
58.3875585
 20
72.9055185
 10
58.278012499999996
 20
72.9298245
 10
58.168482
 20
72.954198
 10
58.0589665
 20
72.9786395
 10
57.949465999999994
 20
73.0031485
 10
57.839980999999995
 20
73.0277255
 10
57.730511
 20
73.0523705
 10
57.621056499999995
 20
73.077083
 10
57.511616999999994
 20
73.10186350000001
 10
57.402193
 20
73.1267115
 10
57.292784499999996
 20
73.151627
 10
57.183391
 20
73.17661
 10
57.0740135
 20
73.2016605
 10
56.964650999999996
 20
73.226779
 10
56.855304499999995
 20
73.2519645
 10
56.745973
 20
73.2772175
 10
56.6366575
 20
73.302538
 10
56.527357499999994
 20
73.327926
 10
56.418073
 20
73.353381
 10
56.308804499999994
 20
73.378903
 10
56.1995515
 20
73.404493
 10
56.0903145
 20
73.4301495
 10
55.981092999999994
 20
73.4558735
 10
55.8718875
 20
73.4816645
 10
55.762697499999994
 20
73.5075225
 10
55.653524
 20
73.53344799999999
 10
55.544366
 20
73.55944
 10
55.435224
 20
73.585499
 10
55.3260985
 20
73.611625
 10
55.2169885
 20
73.637818
 10
55.1078945
 20
73.664078
 10
54.998816999999995
 20
73.6904045
 10
54.8897555
 20
73.716798
 10
54.78071
 20
73.743258
 10
54.671681
 20
73.7697845
 10
54.562667999999995
 20
73.796378
 10
54.453671
 20
73.8230385
 10
54.344691
 20
73.849765
 10
54.235727
 20
73.876558
 10
54.126779
 20
73.903418
 10
54.017847999999994
 20
73.930344
 10
53.908933499999996
 20
73.957337
 10
53.800034999999994
 20
73.984396
 10
53.691153
 20
74.0115215
 10
53.582288
 20
74.0387135
 10
53.4734395
 20
74.0659715
 10
53.3646075
 20
74.093296
 10
53.255792
 20
74.1206865
 10
53.146992999999995
 20
74.148143
 10
53.038211
 20
74.175666
 10
52.929446
 20
74.203255
 10
52.820697499999994
 20
74.2309105
 10
52.711966
 20
74.2586315
 10
52.603251
 20
74.2864185
 10
52.494552999999996
 20
74.314272
 10
52.385872
 20
74.342191
 10
52.277207999999995
 20
74.370176
 10
52.168561
 20
74.39822649999999
 10
52.059931
 20
74.4263435
 10
51.951318
 20
74.454526
 10
51.842721999999995
 20
74.482774
 10
51.734143499999995
 20
74.511088
 10
51.625581499999996
 20
74.5394675
 10
51.5170375
 20
74.567913
 10
51.40851
 20
74.5964235
 10
51.3
 20
74.625
 10
51.3
 20
75.625
 10
51.40851
 20
75.5964235
 10
51.5170375
 20
75.567913
 10
51.625581499999996
 20
75.5394675
 10
51.734143499999995
 20
75.511088
 10
51.842721999999995
 20
75.482774
 10
51.951318
 20
75.454526
 10
52.059931
 20
75.4263435
 10
52.168561
 20
75.39822649999999
 10
52.277207999999995
 20
75.370176
 10
52.385872
 20
75.342191
 10
52.494552999999996
 20
75.314272
 10
52.603251
 20
75.2864185
 10
52.711966
 20
75.2586315
 10
52.820697499999994
 20
75.2309105
 10
52.929446
 20
75.203255
 10
53.038211
 20
75.175666
 10
53.146992999999995
 20
75.148143
 10
53.255792
 20
75.1206865
 10
53.3646075
 20
75.093296
 10
53.4734395
 20
75.0659715
 10
53.582288
 20
75.0387135
 10
53.691153
 20
75.0115215
 10
53.800034999999994
 20
74.984396
 10
53.908933499999996
 20
74.957337
 10
54.017847999999994
 20
74.930344
 10
54.126779
 20
74.903418
 10
54.235727
 20
74.876558
 10
54.344691
 20
74.849765
 10
54.453671
 20
74.8230385
 10
54.562667999999995
 20
74.796378
 10
54.671681
 20
74.7697845
 10
54.78071
 20
74.743258
 10
54.8897555
 20
74.716798
 10
54.998816999999995
 20
74.6904045
 10
55.1078945
 20
74.664078
 10
55.2169885
 20
74.637818
 10
55.3260985
 20
74.611625
 10
55.435224
 20
74.585499
 10
55.544366
 20
74.55944
 10
55.653524
 20
74.53344799999999
 10
55.762697499999994
 20
74.5075225
 10
55.8718875
 20
74.4816645
 10
55.981092999999994
 20
74.4558735
 10
56.0903145
 20
74.4301495
 10
56.1995515
 20
74.404493
 10
56.308804499999994
 20
74.378903
 10
56.418073
 20
74.353381
 10
56.527357499999994
 20
74.327926
 10
56.6366575
 20
74.302538
 10
56.745973
 20
74.2772175
 10
56.855304499999995
 20
74.2519645
 10
56.964650999999996
 20
74.226779
 10
57.0740135
 20
74.2016605
 10
57.183391
 20
74.17661
 10
57.292784499999996
 20
74.151627
 10
57.402193
 20
74.1267115
 10
57.511616999999994
 20
74.10186350000001
 10
57.621056499999995
 20
74.077083
 10
57.730511
 20
74.0523705
 10
57.839980999999995
 20
74.0277255
 10
57.949465999999994
 20
74.0031485
 10
58.0589665
 20
73.9786395
 10
58.168482
 20
73.954198
 10
58.278012499999996
 20
73.9298245
 10
58.3875585
 20
73.9055185
 10
58.497119
 20
73.881281
 10
58.606694999999995
 20
73.8571115
 10
58.716286
 20
73.8330095
 10
58.8258915
 20
73.808976
 10
58.935511999999996
 20
73.7850105
 10
59.045148
 20
73.7611135
 10
59.154798
 20
73.7372845
 10
59.2644635
 20
73.7135235
 10
59.374143499999995
 20
73.689831
 10
59.483838
 20
73.6662065
 10
59.5935475
 20
73.6426505
 10
59.7032715
 20
73.619163
 10
59.81301
 20
73.595744
 10
59.922763499999995
 20
73.5723935
 10
60.032531
 20
73.5491115
 10
60.1423135
 20
73.525898
 10
60.2521105
 20
73.502753
 10
60.361921499999994
 20
73.4796765
 10
60.4717475
 20
73.4566685
 10
60.5815875
 20
73.4337295
 10
60.691441499999996
 20
73.4108595
 10
60.8013105
 20
73.3880575
 10
60.911193499999996
 20
73.365325
 10
61.0210905
 20
73.34266099999999
 10
61.131001499999996
 20
73.320066
 10
61.240927
 20
73.2975395
 10
61.350866499999995
 20
73.2750825
 10
61.4608205
 20
73.252694
 10
61.570788
 20
73.230375
 10
61.6807695
 20
73.2081245
 10
61.790765
 20
73.185943
 10
61.9007745
 20
73.163831
 10
62.010797999999994
 20
73.141788
 10
62.120835
 20
73.119814
 10
62.230886
 20
73.0979095
 10
62.340951
 20
73.076074
 10
62.4510295
 20
73.054308
 10
62.5611215
 20
73.032611
 10
62.671226999999995
 20
73.0109835
 10
62.7813465
 20
72.9894255
 10
62.891479499999996
 20
72.967937
 10
63.001625999999995
 20
72.9465175
 10
63.111785999999995
 20
72.9251675
 10
63.2219595
 20
72.9038875
 10
63.332145999999995
 20
72.8826765
 10
63.4423465
 20
72.8615355
 10
63.55256
 20
72.840464
 10
63.662786999999994
 20
72.819462
 10
63.773027
 20
72.7985295
 10
63.88328
 20
72.777667
 10
63.993546499999994
 20
72.756874
 10
64.103826
 20
72.736151
 10
64.214119
 20
72.715498
 10
64.32442449999999
 20
72.6949145
 10
64.4347435
 20
72.674401
 10
64.545075
 20
72.6539575
 10
64.65541999999999
 20
72.633584
 10
64.7657775
 20
72.6132805
 10
64.876148
 20
72.593047
 10
64.986531
 20
72.5728835
 10
65.096927
 20
72.55279
 10
65.207336
 20
72.5327665
 10
65.3177575
 20
72.5128135
 10
65.4281915
 20
72.4929305
 10
65.53863799999999
 20
72.4731175
 10
65.6490975
 20
72.453375
 10
65.7595695
 20
72.4337025
 10
65.870054
 20
72.4141005
 10
65.98055049999999
 20
72.394569
 10
66.09106
 20
72.3751075
 10
66.2015815
 20
72.3557165
 10
66.3121155
 20
72.336396
 10
66.4226615
 20
72.317146
 10
66.53322
 20
72.297966
 10
66.6437905
 20
72.278857
 10
66.7543735
 20
72.2598185
 10
66.8649685
 20
72.2408505
 10
66.97557549999999
 20
72.221953
 10
67.0861945
 20
72.2031265
 10
67.196826
 20
72.1843705
 10
67.307469
 20
72.165685
 10
67.418124
 20
72.1470705
 10
67.5287905
 20
72.1285265
 10
67.63946949999999
 20
72.1100535
 10
67.75016
 20
72.091651
 10
67.860862
 20
72.0733195
 10
67.971576
 20
72.055059
 10
68.082302
 20
72.0368695
 10
68.193039
 20
72.018751
 10
68.303788
 20
72.000703
 10
68.4145485
 20
71.9827265
 10
68.52532049999999
 20
71.964821
 10
68.63610349999999
 20
71.946986
 10
68.7468985
 20
71.92922300000001
 10
68.857705
 20
71.9115305
 10
68.9685225
 20
71.8939095
 10
69.079351
 20
71.8763595
 10
69.190191
 20
71.8588805
 10
69.3010425
 20
71.841473
 10
69.41190499999999
 20
71.82413700000001
 10
69.5227785
 20
71.806872
 10
69.6336635
 20
71.7896785
 10
69.744559
 20
71.772556
 10
69.8554655
 20
71.755505
 10
69.96638349999999
 20
71.73852600000001
 10
70.07731199999999
 20
71.721618
 10
70.18825149999999
 20
71.7047815
 10
70.2992015
 20
71.6880165
 10
70.410163
 20
71.671323
 10
70.5211345
 20
71.654701
 10
70.632117
 20
71.6381505
 10
70.7431105
 20
71.6216715
 10
70.854114
 20
71.6052645
 10
70.96512849999999
 20
71.58892900000001
 10
71.0761535
 20
71.572665
 10
71.18718849999999
 20
71.556473
 10
71.29823449999999
 20
71.5403525
 10
71.4092905
 20
71.524304
 10
71.52035699999999
 20
71.508327
 10
71.631434
 20
71.492422
 10
71.742521
 20
71.476589
 10
71.8536185
 20
71.4608275
 10
71.964726
 20
71.4451385
 10
72.07584349999999
 20
71.429521
 10
72.186971
 20
71.4139755
 10
72.298109
 20
71.3985015
 10
72.4092565
 20
71.3831
 10
72.5204145
 20
71.3677705
 10
72.631582
 20
71.352513
 10
72.7427595
 20
71.337328
 10
72.853947
 20
71.3222145
 10
72.965144
 20
71.3071735
 10
73.07635099999999
 20
71.2922045
 10
73.1875675
 20
71.2773075
 10
73.2987935
 20
71.262483
 10
73.4100295
 20
71.247731
 10
73.5212745
 20
71.233051
 10
73.6325295
 20
71.218443
 10
73.743794
 20
71.2039075
 10
73.85506749999999
 20
71.1894445
 10
73.966351
 20
71.175054
 10
74.0776435
 20
71.1607355
 10
74.18894499999999
 20
71.1464895
 10
74.30025599999999
 20
71.1323165
 10
74.4115765
 20
71.1182155
 10
74.52290599999999
 20
71.1041865
 10
74.6342445
 20
71.0902305
 10
74.745592
 20
71.076347
 10
74.8569485
 20
71.0625365
 10
74.96831399999999
 20
71.048798
 10
75.0796885
 20
71.035132
 10
75.19107199999999
 20
71.021539
 10
75.302464
 20
71.0080185
 10
75.413865
 20
70.9945705
 10
75.525275
 20
70.9811955
 10
75.63669349999999
 20
70.967893
 10
75.7481205
 20
70.954663
 10
75.859556
 20
70.941506
 10
75.9710005
 20
70.928422
 10
76.0824535
 20
70.91541050000001
 10
76.1939145
 20
70.902472
 10
76.3053845
 20
70.889606
 10
76.4168625
 20
70.876813
 10
76.52834899999999
 20
70.864093
 10
76.639844
 20
70.851446
 10
76.751347
 20
70.8388715
 10
76.86285799999999
 20
70.8263705
 10
76.9743775
 20
70.813942
 10
77.085905
 20
70.801587
 10
77.1974405
 20
70.7893045
 10
77.308984
 20
70.7770955
 10
77.4205355
 20
70.7649595
 10
77.532095
 20
70.7528965
 10
77.6436625
 20
70.7409065
 10
77.75523749999999
 20
70.7289895
 10
77.86682049999999
 20
70.717146
 10
77.97841149999999
 20
70.7053755
 10
78.0900095
 20
70.693678
 10
78.2016155
 20
70.682054
 10
78.3132295
 20
70.6705035
 10
78.42485049999999
 20
70.659026
 10
78.5364795
 20
70.6476215
 10
78.64811549999999
 20
70.6362905
 10
78.759759
 20
70.625033
 10
78.87141
 20
70.6138485
 10
78.9830685
 20
70.6027375
 10
79.09473399999999
 20
70.5917
 10
79.206407
 20
70.5807355
 10
79.31808699999999
 20
70.5698445
 10
79.429774
 20
70.559027
 10
79.541468
 20
70.548283
 10
79.65316949999999
 20
70.5376125
 10
79.7648775
 20
70.5270155
 10
79.876593
 20
70.516492
 10
79.988315
 20
70.5060415
 10
80.100044
 20
70.495665
 10
80.21177949999999
 20
70.485362
 10
80.323522
 20
70.4751325
 10
80.4352715
 20
70.4649765
 10
80.5470275
 20
70.454894
 10
80.65879
 20
70.4448855
 10
80.77055899999999
 20
70.43495
 10
80.8823345
 20
70.4250885
 10
80.99411649999999
 20
70.415301
 10
81.10590499999999
 20
70.4055865
 10
81.2177
 20
70.3959465
 10
81.329501
 20
70.3863795
 10
81.44130849999999
 20
70.3768865
 10
81.5531225
 20
70.3674675
 10
81.6649425
 20
70.358122
 10
81.7767685
 20
70.34885
 10
81.8886005
 20
70.339652
 10
82.0004385
 20
70.330528
 10
82.11228299999999
 20
70.321478
 10
82.224133
 20
70.3125015
 10
82.335989
 20
70.303599
 10
82.447851
 20
70.2947705
 10
82.559719
 20
70.286016
 10
82.6715925
 20
70.277335
 10
82.78347149999999
 20
70.268728
 10
82.89535649999999
 20
70.2601955
 10
83.00724699999999
 20
70.25173649999999
 10
83.119143
 20
70.2433515
 10
83.2310445
 20
70.2350405
 10
83.3429515
 20
70.2268035
 10
83.454864
 20
70.2186405
 10
83.56678149999999
 20
70.2105515
 10
83.678705
 20
70.2025365
 10
83.7906335
 20
70.194596
 10
83.902567
 20
70.186729
 10
84.014506
 20
70.1789365
 10
84.12644999999999
 20
70.171218
 10
84.238399
 20
70.1635735
 10
84.350353
 20
70.156003
 10
84.462312
 20
70.148507
 10
84.574276
 20
70.1410845
 10
84.686245
 20
70.133737
 10
84.798219
 20
70.126463
 10
84.9101975
 20
70.1192635
 10
85.02218049999999
 20
70.112138
 10
85.1341685
 20
70.105087
 10
85.2461615
 20
70.09811
 10
85.3581585
 20
70.0912075
 10
85.47016049999999
 20
70.084379
 10
85.582167
 20
70.077625
 10
85.6941775
 20
70.070945
 10
85.8061925
 20
70.0643395
 10
85.918212
 20
70.0578085
 10
86.030236
 20
70.0513515
 10
86.142264
 20
70.044969
 10
86.2542965
 20
70.0386605
 10
86.366333
 20
70.0324265
 10
86.4783735
 20
70.026267
 10
86.590418
 20
70.020182
 10
86.702467
 20
70.0141715
 10
86.8145195
 20
70.008235
 10
86.926576
 20
70.002373
 10
87.0386365
 20
69.9965855
 10
87.1507005
 20
69.9908725
 10
87.26276849999999
 20
69.985234
 10
87.3748405
 20
69.97967
 10
87.486916
 20
69.9741805
 10
87.598995
 20
69.968765
 10
87.7110775
 20
69.9634245
 10
87.82316349999999
 20
69.9581585
 10
87.935253
 20
69.9529665
 10
88.047346
 20
69.9478495
 10
88.1594425
 20
69.9428065
 10
88.2715425
 20
69.9378385
 10
88.3836455
 20
69.9329445
 10
88.4957515
 20
69.9281255
 10
88.607861
 20
69.9233805
 10
88.7199735
 20
69.9187105
 10
88.832089
 20
69.914115
 10
88.944208
 20
69.909594
 10
89.0563295
 20
69.9051475
 10
89.168454
 20
69.9007755
 10
89.2805815
 20
69.896478
 10
89.39271149999999
 20
69.892255
 10
89.504845
 20
69.8881065
 10
89.6169805
 20
69.884033
 10
89.729119
 20
69.880034
 10
89.84125999999999
 20
69.8761095
 10
89.95340399999999
 20
69.8722595
 10
90.06555
 20
69.868484
 10
90.17769899999999
 20
69.8647835
 10
90.28985
 20
69.8611575
 10
90.40200349999999
 20
69.857606
 10
90.51415949999999
 20
69.854129
 10
90.6263175
 20
69.850727
 10
90.738478
 20
69.847399
 10
90.8506405
 20
69.8441465
 10
90.9628055
 20
69.840968
 10
91.0749725
 20
69.8378645
 10
91.187141
 20
69.8348355
 10
91.299312
 20
69.8318815
 10
91.411485
 20
69.8290015
 10
91.5236595
 20
69.826197
 10
91.635836
 20
69.8234665
 10
91.7480145
 20
69.820811
 10
91.86019449999999
 20
69.8182305
 10
91.9723765
 20
69.8157245
 10
92.0845595
 20
69.813293
 10
92.19674499999999
 20
69.8109365
 10
92.3089315
 20
69.8086545
 10
92.4211195
 20
69.8064475
 10
92.533309
 20
69.8043155
 10
92.6455
 20
69.802258
 10
92.75769199999999
 20
69.800275
 10
92.8698855
 20
69.798367
 10
92.9820805
 20
69.796534
 10
93.09427649999999
 20
69.7947755
 10
93.2064735
 20
69.793092
 10
93.31867199999999
 20
69.7914835
 10
93.430871
 20
69.7899495
 10
93.5430715
 20
69.7884905
 10
93.6552725
 20
69.7871065
 10
93.76747449999999
 20
69.785797
 10
93.8796775
 20
69.78456249999999
 10
93.99188149999999
 20
69.78340299999999
 10
94.104086
 20
69.7823185
 10
94.216291
 20
69.7813085
 10
94.328497
 20
69.7803735
 10
94.4407035
 20
69.77951350000001
 10
94.5529105
 20
69.7787285
 10
94.66511799999999
 20
69.7780185
 10
94.777326
 20
69.777383
 10
94.8895345
 20
69.776823
 10
95.00174299999999
 20
69.7763375
 10
95.113952
 20
69.775927
 10
95.2261615
 20
69.775592
 10
95.338371
 20
69.7753315
 10
95.4505805
 20
69.775146
 10
95.56278999999999
 20
69.7750355
 10
95.675
 20
69.775
 10
95.78721
 20
69.7750355
 10
95.8994195
 20
69.775146
 10
96.011629
 20
69.7753315
 10
96.12383849999999
 20
69.775592
 10
96.236048
 20
69.775927
 10
96.348257
 20
69.7763375
 10
96.4604655
 20
69.776823
 10
96.57267399999999
 20
69.777383
 10
96.684882
 20
69.7780185
 10
96.7970895
 20
69.7787285
 10
96.9092965
 20
69.77951350000001
 10
97.021503
 20
69.7803735
 10
97.133709
 20
69.7813085
 10
97.245914
 20
69.7823185
 10
97.3581185
 20
69.78340299999999
 10
97.4703225
 20
69.78456249999999
 10
97.5825255
 20
69.785797
 10
97.6947275
 20
69.7871065
 10
97.8069285
 20
69.7884905
 10
97.919129
 20
69.7899495
 10
98.031328
 20
69.7914835
 10
98.1435265
 20
69.793092
 10
98.2557235
 20
69.7947755
 10
98.3679195
 20
69.796534
 10
98.4801145
 20
69.798367
 10
98.592308
 20
69.800275
 10
98.7045
 20
69.802258
 10
98.81669099999999
 20
69.8043155
 10
98.92888049999999
 20
69.8064475
 10
99.0410685
 20
69.8086545
 10
99.153255
 20
69.8109365
 10
99.2654405
 20
69.813293
 10
99.3776235
 20
69.8157245
 10
99.4898055
 20
69.8182305
 10
99.6019855
 20
69.820811
 10
99.714164
 20
69.8234665
 10
99.8263405
 20
69.826197
 10
99.938515
 20
69.8290015
 10
100.050688
 20
69.8318815
 10
100.162859
 20
69.8348355
 10
100.2750275
 20
69.8378645
 10
100.38719449999999
 20
69.840968
 10
100.4993595
 20
69.8441465
 10
100.611522
 20
69.847399
 10
100.7236825
 20
69.850727
 10
100.8358405
 20
69.854129
 10
100.9479965
 20
69.857606
 10
101.06015
 20
69.8611575
 10
101.172301
 20
69.8647835
 10
101.28444999999999
 20
69.868484
 10
101.396596
 20
69.8722595
 10
101.50874
 20
69.8761095
 10
101.620881
 20
69.880034
 10
101.7330195
 20
69.884033
 10
101.84515499999999
 20
69.8881065
 10
101.9572885
 20
69.892255
 10
102.0694185
 20
69.896478
 10
102.181546
 20
69.9007755
 10
102.29367049999999
 20
69.9051475
 10
102.40579199999999
 20
69.909594
 10
102.517911
 20
69.914115
 10
102.6300265
 20
69.9187105
 10
102.742139
 20
69.9233805
 10
102.8542485
 20
69.9281255
 10
102.9663545
 20
69.9329445
 10
103.0784575
 20
69.9378385
 10
103.1905575
 20
69.9428065
 10
103.30265399999999
 20
69.9478495
 10
103.41474699999999
 20
69.9529665
 10
103.5268365
 20
69.9581585
 10
103.63892249999999
 20
69.9634245
 10
103.75100499999999
 20
69.968765
 10
103.863084
 20
69.9741805
 10
103.97515949999999
 20
69.97967
 10
104.0872315
 20
69.985234
 10
104.1992995
 20
69.9908725
 10
104.3113635
 20
69.9965855
 10
104.423424
 20
70.002373
 10
104.53548049999999
 20
70.008235
 10
104.647533
 20
70.0141715
 10
104.759582
 20
70.020182
 10
104.87162649999999
 20
70.026267
 10
104.983667
 20
70.0324265
 10
105.0957035
 20
70.0386605
 10
105.207736
 20
70.044969
 10
105.31976399999999
 20
70.0513515
 10
105.431788
 20
70.0578085
 10
105.5438075
 20
70.0643395
 10
105.6558225
 20
70.070945
 10
105.767833
 20
70.077625
 10
105.8798395
 20
70.084379
 10
105.99184149999999
 20
70.0912075
 10
106.1038385
 20
70.09811
 10
106.2158315
 20
70.105087
 10
106.3278195
 20
70.112138
 10
106.4398025
 20
70.1192635
 10
106.55178099999999
 20
70.126463
 10
106.663755
 20
70.133737
 10
106.775724
 20
70.1410845
 10
106.887688
 20
70.148507
 10
106.999647
 20
70.156003
 10
107.111601
 20
70.1635735
 10
107.22355
 20
70.171218
 10
107.335494
 20
70.1789365
 10
107.44743299999999
 20
70.186729
 10
107.5593665
 20
70.194596
 10
107.671295
 20
70.2025365
 10
107.7832185
 20
70.2105515
 10
107.895136
 20
70.2186405
 10
108.0070485
 20
70.2268035
 10
108.1189555
 20
70.2350405
 10
108.230857
 20
70.2433515
 10
108.342753
 20
70.25173649999999
 10
108.4546435
 20
70.2601955
 10
108.5665285
 20
70.268728
 10
108.67840749999999
 20
70.277335
 10
108.790281
 20
70.286016
 10
108.902149
 20
70.2947705
 10
109.014011
 20
70.303599
 10
109.125867
 20
70.3125015
 10
109.237717
 20
70.321478
 10
109.3495615
 20
70.330528
 10
109.4613995
 20
70.339652
 10
109.57323149999999
 20
70.34885
 10
109.6850575
 20
70.358122
 10
109.7968775
 20
70.3674675
 10
109.9086915
 20
70.3768865
 10
110.020499
 20
70.3863795
 10
110.1323
 20
70.3959465
 10
110.244095
 20
70.4055865
 10
110.3558835
 20
70.415301
 10
110.4676655
 20
70.4250885
 10
110.579441
 20
70.43495
 10
110.69121
 20
70.4448855
 10
110.8029725
 20
70.454894
 10
110.9147285
 20
70.4649765
 10
111.026478
 20
70.4751325
 10
111.1382205
 20
70.485362
 10
111.249956
 20
70.495665
 10
111.361685
 20
70.5060415
 10
111.473407
 20
70.516492
 10
111.5851225
 20
70.5270155
 10
111.6968305
 20
70.5376125
 10
111.808532
 20
70.548283
 10
111.920226
 20
70.559027
 10
112.031913
 20
70.5698445
 10
112.143593
 20
70.5807355
 10
112.255266
 20
70.5917
 10
112.36693149999999
 20
70.6027375
 10
112.47859
 20
70.6138485
 10
112.59024099999999
 20
70.625033
 10
112.7018845
 20
70.6362905
 10
112.8135205
 20
70.6476215
 10
112.9251495
 20
70.659026
 10
113.03677049999999
 20
70.6705035
 10
113.14838449999999
 20
70.682054
 10
113.2599905
 20
70.693678
 10
113.3715885
 20
70.7053755
 10
113.4831795
 20
70.717146
 10
113.5947625
 20
70.7289895
 10
113.70633749999999
 20
70.7409065
 10
113.817905
 20
70.7528965
 10
113.9294645
 20
70.7649595
 10
114.041016
 20
70.7770955
 10
114.1525595
 20
70.7893045
 10
114.264095
 20
70.801587
 10
114.37562249999999
 20
70.813942
 10
114.487142
 20
70.8263705
 10
114.598653
 20
70.8388715
 10
114.710156
 20
70.851446
 10
114.821651
 20
70.864093
 10
114.9331375
 20
70.876813
 10
115.04461549999999
 20
70.889606
 10
115.15608549999999
 20
70.902472
 10
115.2675465
 20
70.91541050000001
 10
115.37899949999999
 20
70.928422
 10
115.490444
 20
70.941506
 10
115.6018795
 20
70.954663
 10
115.7133065
 20
70.967893
 10
115.824725
 20
70.9811955
 10
115.936135
 20
70.9945705
 10
116.047536
 20
71.0080185
 10
116.158928
 20
71.021539
 10
116.27031149999999
 20
71.035132
 10
116.381686
 20
71.048798
 10
116.49305149999999
 20
71.0625365
 10
116.60440799999999
 20
71.076347
 10
116.7157555
 20
71.0902305
 10
116.827094
 20
71.104187
 10
116.9384235
 20
71.1182155
 10
117.049744
 20
71.1323165
 10
117.161055
 20
71.1464895
 10
117.2723565
 20
71.1607355
 10
117.38364899999999
 20
71.175054
 10
117.4949325
 20
71.1894445
 10
117.606206
 20
71.2039075
 10
117.71747049999999
 20
71.218443
 10
117.82872549999999
 20
71.233051
 10
117.9399705
 20
71.247731
 10
118.05120649999999
 20
71.262483
 10
118.1624325
 20
71.2773075
 10
118.273649
 20
71.2922045
 10
118.384856
 20
71.3071735
 10
118.49605299999999
 20
71.3222145
 10
118.60724049999999
 20
71.337328
 10
118.718418
 20
71.352513
 10
118.8295855
 20
71.3677705
 10
118.9407435
 20
71.3831
 10
119.051891
 20
71.3985015
 10
119.163029
 20
71.4139755
 10
119.2741565
 20
71.429521
 10
119.385274
 20
71.4451385
 10
119.4963815
 20
71.4608275
 10
119.607479
 20
71.476589
 10
119.718566
 20
71.492422
 10
119.829643
 20
71.508327
 10
119.9407095
 20
71.524304
 10
120.0517655
 20
71.5403525
 10
120.1628115
 20
71.556473
 10
120.27384649999999
 20
71.572665
 10
120.3848715
 20
71.58892900000001
 10
120.495886
 20
71.6052645
 10
120.6068895
 20
71.6216715
 10
120.717883
 20
71.6381505
 10
120.82886549999999
 20
71.654701
 10
120.939837
 20
71.671323
 10
121.0507985
 20
71.6880165
 10
121.1617485
 20
71.7047815
 10
121.272688
 20
71.721618
 10
121.3836165
 20
71.73852600000001
 10
121.4945345
 20
71.755505
 10
121.605441
 20
71.772556
 10
121.7163365
 20
71.7896785
 10
121.8272215
 20
71.806872
 10
121.938095
 20
71.82413700000001
 10
122.0489575
 20
71.841473
 10
122.159809
 20
71.8588805
 10
122.27064899999999
 20
71.8763595
 10
122.38147749999999
 20
71.8939095
 10
122.492295
 20
71.9115305
 10
122.6031015
 20
71.92922300000001
 10
122.7138965
 20
71.9469865
 10
122.8246795
 20
71.964821
 10
122.9354515
 20
71.9827265
 10
123.046212
 20
72.000703
 10
123.156961
 20
72.018751
 10
123.267698
 20
72.0368695
 10
123.378424
 20
72.055059
 10
123.489138
 20
72.0733195
 10
123.59984
 20
72.091651
 10
123.7105305
 20
72.1100535
 10
123.8212095
 20
72.1285265
 10
123.93187599999999
 20
72.1470705
 10
124.042531
 20
72.165685
 10
124.15317399999999
 20
72.1843705
 10
124.26380549999999
 20
72.2031265
 10
124.3744245
 20
72.221953
 10
124.48503149999999
 20
72.2408505
 10
124.5956265
 20
72.2598185
 10
124.7062095
 20
72.278857
 10
124.81678
 20
72.297966
 10
124.92733849999999
 20
72.317146
 10
125.03788449999999
 20
72.336396
 10
125.14841849999999
 20
72.3557165
 10
125.25894
 20
72.3751075
 10
125.3694495
 20
72.394569
 10
125.479946
 20
72.4141005
 10
125.5904305
 20
72.4337025
 10
125.7009025
 20
72.453375
 10
125.811362
 20
72.4731175
 10
125.9218085
 20
72.4929305
 10
126.0322425
 20
72.5128135
 10
126.142664
 20
72.5327665
 10
126.253073
 20
72.55279
 10
126.363469
 20
72.5728835
 10
126.473852
 20
72.593047
 10
126.5842225
 20
72.6132805
 10
126.69458
 20
72.633584
 10
126.804925
 20
72.6539575
 10
126.9152565
 20
72.674401
 10
127.0255755
 20
72.6949145
 10
127.135881
 20
72.715498
 10
127.246174
 20
72.736151
 10
127.3564535
 20
72.756874
 10
127.46672
 20
72.777667
 10
127.576973
 20
72.7985295
 10
127.687213
 20
72.819462
 10
127.79744
 20
72.840464
 10
127.9076535
 20
72.8615355
 10
128.017854
 20
72.8826765
 10
128.1280405
 20
72.9038875
 10
128.238214
 20
72.9251675
 10
128.348374
 20
72.9465175
 10
128.4585205
 20
72.967937
 10
128.56865349999998
 20
72.9894255
 10
128.678773
 20
73.0109835
 10
128.7888785
 20
73.032611
 10
128.8989705
 20
73.054308
 10
129.009049
 20
73.076074
 10
129.119114
 20
73.0979095
 10
129.229165
 20
73.119814
 10
129.339202
 20
73.141788
 10
129.4492255
 20
73.163831
 10
129.559235
 20
73.185943
 10
129.6692305
 20
73.2081245
 10
129.779212
 20
73.2303745
 10
129.8891795
 20
73.252694
 10
129.9991335
 20
73.2750825
 10
130.109073
 20
73.2975395
 10
130.2189985
 20
73.320066
 10
130.3289095
 20
73.34266099999999
 10
130.4388065
 20
73.365325
 10
130.5486895
 20
73.3880575
 10
130.6585585
 20
73.4108595
 10
130.7684125
 20
73.4337295
 10
130.8782525
 20
73.4566685
 10
130.9880785
 20
73.4796765
 10
131.0978895
 20
73.5027525
 10
131.2076865
 20
73.5258975
 10
131.317469
 20
73.5491115
 10
131.4272365
 20
73.5723935
 10
131.53699
 20
73.595744
 10
131.6467285
 20
73.619163
 10
131.7564525
 20
73.6426505
 10
131.866162
 20
73.6662065
 10
131.9758565
 20
73.689831
 10
132.0855365
 20
73.7135235
 10
132.195202
 20
73.7372845
 10
132.30485199999998
 20
73.7611135
 10
132.414488
 20
73.7850105
 10
132.5241085
 20
73.808976
 10
132.633714
 20
73.8330095
 10
132.743305
 20
73.8571115
 10
132.852881
 20
73.881281
 10
132.9624415
 20
73.9055185
 10
133.0719875
 20
73.9298245
 10
133.18151799999998
 20
73.954198
 10
133.2910335
 20
73.9786395
 10
133.400534
 20
74.0031485
 10
133.510019
 20
74.0277255
 10
133.619489
 20
74.0523705
 10
133.7289435
 20
74.077083
 10
133.838383
 20
74.10186350000001
 10
133.947807
 20
74.1267115
 10
134.05721549999998
 20
74.151627
 10
134.166609
 20
74.17661
 10
134.2759865
 20
74.2016605
 10
134.385349
 20
74.226779
 10
134.4946955
 20
74.2519645
 10
134.604027
 20
74.2772175
 10
134.7133425
 20
74.302538
 10
134.8226425
 20
74.327926
 10
134.931927
 20
74.353381
 10
135.04119550000001
 20
74.378903
 10
135.15044849999998
 20
74.404493
 10
135.2596855
 20
74.4301495
 10
135.368907
 20
74.4558735
 10
135.4781125
 20
74.4816645
 10
135.5873025
 20
74.5075225
 10
135.696476
 20
74.53344799999999
 10
135.805634
 20
74.55944
 10
135.914776
 20
74.585499
 10
136.0239015
 20
74.611625
 10
136.1330115
 20
74.637818
 10
136.24210549999998
 20
74.664078
 10
136.351183
 20
74.6904045
 10
136.4602445
 20
74.7167975
 10
136.56929
 20
74.743258
 10
136.678319
 20
74.7697845
 10
136.787332
 20
74.796378
 10
136.89632899999998
 20
74.823038
 10
137.005309
 20
74.849765
 10
137.114273
 20
74.876558
 10
137.223221
 20
74.903418
 10
137.332152
 20
74.930344
 10
137.441067
 20
74.957337
 10
137.549965
 20
74.984396
 10
137.65884699999998
 20
75.0115215
 10
137.767712
 20
75.0387135
 10
137.87656049999998
 20
75.0659715
 10
137.9853925
 20
75.093296
 10
138.09420799999998
 20
75.1206865
 10
138.203007
 20
75.148143
 10
138.311789
 20
75.175666
 10
138.42055399999998
 20
75.203255
 10
138.5293025
 20
75.2309105
 10
138.638034
 20
75.2586315
 10
138.746749
 20
75.2864185
 10
138.855447
 20
75.314272
 10
138.964128
 20
75.342191
 10
139.072792
 20
75.370176
 10
139.181439
 20
75.398227
 10
139.290069
 20
75.4263435
 10
139.398682
 20
75.454526
 10
139.50727799999999
 20
75.482774
 10
139.6158565
 20
75.511088
 10
139.7244185
 20
75.5394675
 10
139.8329625
 20
75.567913
 10
139.94149
 20
75.5964235
 10
140.05
 20
75.625
 97
0
 75
1
 76
1
 98
0
  0
HATCH
  5
118
330
17
100
AcDbEntity
  8
05-RAYADO
 62
7
100
AcDbHatch
 10
0.0
 20
0.0
 30
0.0
210
0.0
220
0.0
230
1.0
  2
ANSI31
 70
0
 71
0
 91
1
 92
3
 72
0
 73
1
 93
6
 10
88.581
 20
339.3191115
 10
86.92
 20
339.3191115
 10
86.92
 20
340.625
 10
86.475
 20
340.625
 10
86.475
 20
347.625
 10
88.581
 20
347.625
 97
0
 75
1
 76
1
 52
0.0
 41
0.6299212598425197
 77
0
 78
1
 53
45.0
 43
0.0
 44
0.0
 45
-1.4142135624
 46
1.4142135624
 79
0
 98
0
  0
HATCH
  5
119
330
17
100
AcDbEntity
  8
05-RAYADO
 62
7
100
AcDbHatch
 10
0.0
 20
0.0
 30
0.0
210
0.0
220
0.0
230
1.0
  2
ANSI31
 70
0
 71
0
 91
1
 92
3
 72
0
 73
1
 93
6
 10
104.875
 20
340.625
 10
104.42999999999999
 20
340.625
 10
104.42999999999999
 20
339.3191115
 10
102.76899999999999
 20
339.3191115
 10
102.76899999999999
 20
347.625
 10
104.875
 20
347.625
 97
0
 75
1
 76
1
 52
0.0
 41
0.6299212598425197
 77
0
 78
1
 53
45.0
 43
0.0
 44
0.0
 45
-1.4142135624
 46
1.4142135624
 79
0
 98
0
  0
HATCH
  5
11A
330
17
100
AcDbEntity
  8
05-RAYADO
 62
7
100
AcDbHatch
 10
0.0
 20
0.0
 30
0.0
210
0.0
220
0.0
230
1.0
  2
SOLID
 70
1
 71
0
 91
1
 92
3
 72
0
 73
1
 93
50
 10
50.0
 20
309.96154
 10
50.006308
 20
310.061807
 10
50.025133499999995
 20
310.160492
 10
50.056179
 20
310.25604
 10
50.0989545
 20
310.346943
 10
50.1527865
 20
310.4317685
 10
50.216825
 20
310.509178
 10
50.290060999999994
 20
310.577951
 10
50.3713385
 20
310.6370025
 10
50.4593765
 20
310.685402
 10
50.552786499999996
 20
310.7223855
 10
50.650095
 20
310.74737
 10
50.7497675
 20
310.75996150000003
 10
50.8502325
 20
310.75996150000003
 10
50.949904999999994
 20
310.74737
 10
51.0472135
 20
310.7223855
 10
51.1406235
 20
310.685402
 10
51.228661499999994
 20
310.6370025
 10
51.309939
 20
310.577951
 10
51.383174999999994
 20
310.509178
 10
51.4472135
 20
310.4317685
 10
51.5010455
 20
310.346943
 10
51.543820999999994
 20
310.25604
 10
51.5748665
 20
310.160492
 10
51.593692
 20
310.061807
 10
51.599999999999994
 20
309.96154
 10
51.593692
 20
309.86127350000004
 10
51.5748665
 20
309.7625885
 10
51.543820999999994
 20
309.6670405
 10
51.5010455
 20
309.57613749999996
 10
51.4472135
 20
309.491312
 10
51.383174999999994
 20
309.4139025
 10
51.309939
 20
309.3451295
 10
51.228661499999994
 20
309.286078
 10
51.1406235
 20
309.2376785
 10
51.0472135
 20
309.200695
 10
50.949904999999994
 20
309.17571050000004
 10
50.8502325
 20
309.163119
 10
50.7497675
 20
309.163119
 10
50.650095
 20
309.17571050000004
 10
50.552786499999996
 20
309.200695
 10
50.4593765
 20
309.2376785
 10
50.3713385
 20
309.286078
 10
50.290060999999994
 20
309.3451295
 10
50.216825
 20
309.4139025
 10
50.1527865
 20
309.491312
 10
50.0989545
 20
309.57613749999996
 10
50.056179
 20
309.6670405
 10
50.025133499999995
 20
309.7625885
 10
50.006308
 20
309.86127350000004
 97
0
 75
1
 76
1
 98
0
  0
HATCH
  5
11B
330
17
100
AcDbEntity
  8
05-RAYADO
 62
7
100
AcDbHatch
 10
0.0
 20
0.0
 30
0.0
210
0.0
220
0.0
230
1.0
  2
SOLID
 70
1
 71
0
 91
1
 92
3
 72
0
 73
1
 93
50
 10
141.35
 20
309.96154
 10
141.343692
 20
309.86127350000004
 10
141.32486649999998
 20
309.7625885
 10
141.29382099999998
 20
309.6670405
 10
141.2510455
 20
309.57613749999996
 10
141.1972135
 20
309.491312
 10
141.133175
 20
309.4139025
 10
141.05993899999999
 20
309.3451295
 10
140.9786615
 20
309.286078
 10
140.8906235
 20
309.2376785
 10
140.7972135
 20
309.200695
 10
140.699905
 20
309.17571050000004
 10
140.6002325
 20
309.163119
 10
140.4997675
 20
309.163119
 10
140.400095
 20
309.17571050000004
 10
140.3027865
 20
309.200695
 10
140.2093765
 20
309.2376785
 10
140.1213385
 20
309.286078
 10
140.04006099999998
 20
309.3451295
 10
139.966825
 20
309.4139025
 10
139.9027865
 20
309.491312
 10
139.8489545
 20
309.57613749999996
 10
139.806179
 20
309.6670405
 10
139.77513349999998
 20
309.7625885
 10
139.756308
 20
309.86127350000004
 10
139.75
 20
309.96154
 10
139.756308
 20
310.061807
 10
139.77513349999998
 20
310.160492
 10
139.806179
 20
310.25604
 10
139.8489545
 20
310.346943
 10
139.9027865
 20
310.4317685
 10
139.966825
 20
310.509178
 10
140.04006099999998
 20
310.577951
 10
140.1213385
 20
310.6370025
 10
140.2093765
 20
310.685402
 10
140.3027865
 20
310.7223855
 10
140.400095
 20
310.74737
 10
140.4997675
 20
310.75996150000003
 10
140.6002325
 20
310.75996150000003
 10
140.699905
 20
310.74737
 10
140.7972135
 20
310.7223855
 10
140.8906235
 20
310.685402
 10
140.9786615
 20
310.6370025
 10
141.05993899999999
 20
310.577951
 10
141.133175
 20
310.509178
 10
141.1972135
 20
310.4317685
 10
141.2510455
 20
310.346943
 10
141.29382099999998
 20
310.25604
 10
141.32486649999998
 20
310.160492
 10
141.343692
 20
310.061807
 97
0
 75
1
 76
1
 98
0
  0
HATCH
  5
11C
330
17
100
AcDbEntity
  8
05-RAYADO
 62
7
100
AcDbHatch
 10
0.0
 20
0.0
 30
0.0
210
0.0
220
0.0
230
1.0
  2
SOLID
 70
1
 71
0
 91
1
 92
3
 72
0
 73
1
 93
50
 10
50.5
 20
75.625
 10
50.506308
 20
75.7252665
 10
50.525133499999995
 20
75.823952
 10
50.556179
 20
75.9194995
 10
50.5989545
 20
76.010403
 10
50.6527865
 20
76.095228
 10
50.716825
 20
76.17263750000001
 10
50.790060999999994
 20
76.2414105
 10
50.8713385
 20
76.3004625
 10
50.9593765
 20
76.3488615
 10
51.052786499999996
 20
76.385845
 10
51.150095
 20
76.41083
 10
51.2497675
 20
76.4234215
 10
51.3502325
 20
76.4234215
 10
51.449904999999994
 20
76.41083
 10
51.5472135
 20
76.385845
 10
51.6406235
 20
76.3488615
 10
51.728661499999994
 20
76.3004625
 10
51.809939
 20
76.2414105
 10
51.883174999999994
 20
76.17263750000001
 10
51.9472135
 20
76.095228
 10
52.0010455
 20
76.010403
 10
52.043820999999994
 20
75.9194995
 10
52.0748665
 20
75.823952
 10
52.093692
 20
75.7252665
 10
52.099999999999994
 20
75.625
 10
52.093692
 20
75.5247335
 10
52.0748665
 20
75.426048
 10
52.043820999999994
 20
75.3305005
 10
52.0010455
 20
75.239597
 10
51.9472135
 20
75.154772
 10
51.883174999999994
 20
75.07736249999999
 10
51.809939
 20
75.0085895
 10
51.728661499999994
 20
74.9495375
 10
51.6406235
 20
74.9011385
 10
51.5472135
 20
74.864155
 10
51.449904999999994
 20
74.83917
 10
51.3502325
 20
74.8265785
 10
51.2497675
 20
74.8265785
 10
51.150095
 20
74.83917
 10
51.052786499999996
 20
74.864155
 10
50.9593765
 20
74.9011385
 10
50.8713385
 20
74.9495375
 10
50.790060999999994
 20
75.0085895
 10
50.716825
 20
75.07736249999999
 10
50.6527865
 20
75.154772
 10
50.5989545
 20
75.239597
 10
50.556179
 20
75.3305005
 10
50.525133499999995
 20
75.426048
 10
50.506308
 20
75.5247335
 97
0
 75
1
 76
1
 98
0
  0
HATCH
  5
11D
330
17
100
AcDbEntity
  8
05-RAYADO
 62
7
100
AcDbHatch
 10
0.0
 20
0.0
 30
0.0
210
0.0
220
0.0
230
1.0
  2
SOLID
 70
1
 71
0
 91
1
 92
3
 72
0
 73
1
 93
50
 10
140.85
 20
75.625
 10
140.843692
 20
75.5247335
 10
140.82486649999998
 20
75.426048
 10
140.79382099999998
 20
75.3305005
 10
140.7510455
 20
75.239597
 10
140.6972135
 20
75.154772
 10
140.633175
 20
75.07736249999999
 10
140.55993899999999
 20
75.0085895
 10
140.4786615
 20
74.9495375
 10
140.3906235
 20
74.9011385
 10
140.2972135
 20
74.864155
 10
140.199905
 20
74.83917
 10
140.1002325
 20
74.8265785
 10
139.9997675
 20
74.8265785
 10
139.900095
 20
74.83917
 10
139.8027865
 20
74.864155
 10
139.7093765
 20
74.9011385
 10
139.6213385
 20
74.9495375
 10
139.54006099999998
 20
75.0085895
 10
139.466825
 20
75.07736249999999
 10
139.4027865
 20
75.154772
 10
139.3489545
 20
75.239597
 10
139.306179
 20
75.3305005
 10
139.27513349999998
 20
75.426048
 10
139.256308
 20
75.5247335
 10
139.25
 20
75.625
 10
139.256308
 20
75.7252665
 10
139.27513349999998
 20
75.823952
 10
139.306179
 20
75.9194995
 10
139.3489545
 20
76.010403
 10
139.4027865
 20
76.095228
 10
139.466825
 20
76.17263750000001
 10
139.54006099999998
 20
76.2414105
 10
139.6213385
 20
76.3004625
 10
139.7093765
 20
76.3488615
 10
139.8027865
 20
76.385845
 10
139.900095
 20
76.41083
 10
139.9997675
 20
76.4234215
 10
140.1002325
 20
76.4234215
 10
140.199905
 20
76.41083
 10
140.2972135
 20
76.385845
 10
140.3906235
 20
76.3488615
 10
140.4786615
 20
76.3004625
 10
140.55993899999999
 20
76.2414105
 10
140.633175
 20
76.17263750000001
 10
140.6972135
 20
76.095228
 10
140.7510455
 20
76.010403
 10
140.79382099999998
 20
75.9194995
 10
140.82486649999998
 20
75.823952
 10
140.843692
 20
75.7252665
 97
0
 75
1
 76
1
 98
0
  0
HATCH
  5
11E
330
17
100
AcDbEntity
  8
05-RAYADO
 62
7
100
AcDbHatch
 10
0.0
 20
0.0
 30
0.0
210
0.0
220
0.0
230
1.0
  2
SOLID
 70
1
 71
0
 91
1
 92
3
 72
0
 73
1
 93
40
 10
105.515
 20
340.625
 10
105.5071205
 20
340.524882
 10
105.483676
 20
340.427229
 10
105.445244
 20
340.334446
 10
105.392771
 20
340.2488175
 10
105.32754849999999
 20
340.1724515
 10
105.2511825
 20
340.107229
 10
105.165554
 20
340.054756
 10
105.072771
 20
340.016324
 10
104.975118
 20
339.9928795
 10
104.875
 20
339.985
 10
104.77488199999999
 20
339.9928795
 10
104.677229
 20
340.016324
 10
104.584446
 20
340.054756
 10
104.4988175
 20
340.107229
 10
104.4224515
 20
340.1724515
 10
104.35722899999999
 20
340.2488175
 10
104.304756
 20
340.334446
 10
104.266324
 20
340.427229
 10
104.2428795
 20
340.524882
 10
104.235
 20
340.625
 10
104.2428795
 20
340.725118
 10
104.266324
 20
340.822771
 10
104.304756
 20
340.915554
 10
104.35722899999999
 20
341.0011825
 10
104.4224515
 20
341.0775485
 10
104.4988175
 20
341.142771
 10
104.584446
 20
341.195244
 10
104.677229
 20
341.233676
 10
104.77488199999999
 20
341.2571205
 10
104.875
 20
341.265
 10
104.975118
 20
341.2571205
 10
105.072771
 20
341.233676
 10
105.165554
 20
341.195244
 10
105.2511825
 20
341.142771
 10
105.32754849999999
 20
341.0775485
 10
105.392771
 20
341.0011825
 10
105.445244
 20
340.915554
 10
105.483676
 20
340.822771
 10
105.5071205
 20
340.725118
 97
0
 75
1
 76
1
 98
0
  0
HATCH
  5
11F
330
17
100
AcDbEntity
  8
05-RAYADO
 62
7
100
AcDbHatch
 10
0.0
 20
0.0
 30
0.0
210
0.0
220
0.0
230
1.0
  2
SOLID
 70
1
 71
0
 91
1
 92
3
 72
0
 73
1
 93
40
 10
85.835
 20
340.625
 10
85.8428795
 20
340.725118
 10
85.86632399999999
 20
340.822771
 10
85.90475599999999
 20
340.915554
 10
85.957229
 20
341.0011825
 10
86.0224515
 20
341.0775485
 10
86.0988175
 20
341.142771
 10
86.184446
 20
341.195244
 10
86.27722899999999
 20
341.233676
 10
86.374882
 20
341.2571205
 10
86.475
 20
341.265
 10
86.575118
 20
341.2571205
 10
86.672771
 20
341.233676
 10
86.765554
 20
341.195244
 10
86.8511825
 20
341.142771
 10
86.9275485
 20
341.0775485
 10
86.992771
 20
341.0011825
 10
87.045244
 20
340.915554
 10
87.083676
 20
340.822771
 10
87.1071205
 20
340.725118
 10
87.115
 20
340.625
 10
87.1071205
 20
340.524882
 10
87.083676
 20
340.427229
 10
87.045244
 20
340.334446
 10
86.992771
 20
340.2488175
 10
86.9275485
 20
340.1724515
 10
86.8511825
 20
340.107229
 10
86.765554
 20
340.054756
 10
86.672771
 20
340.016324
 10
86.575118
 20
339.9928795
 10
86.475
 20
339.985
 10
86.374882
 20
339.9928795
 10
86.27722899999999
 20
340.016324
 10
86.184446
 20
340.054756
 10
86.0988175
 20
340.107229
 10
86.0224515
 20
340.1724515
 10
85.957229
 20
340.2488175
 10
85.90475599999999
 20
340.334446
 10
85.86632399999999
 20
340.427229
 10
85.8428795
 20
340.524882
 97
0
 75
1
 76
1
 98
0
  0
HATCH
  5
120
330
17
100
AcDbEntity
  8
05-RAYADO
 62
7
100
AcDbHatch
 10
0.0
 20
0.0
 30
0.0
210
0.0
220
0.0
230
1.0
  2
SOLID
 70
1
 71
0
 91
1
 92
3
 72
0
 73
1
 93
4
 10
93.425
 20
78.775
 10
92.675
 20
78.775
 10
92.675
 20
341.625
 10
93.425
 20
341.625
 97
0
 75
1
 76
1
 98
0
  0
HATCH
  5
121
330
17
100
AcDbEntity
  8
05-RAYADO
 62
7
100
AcDbHatch
 10
0.0
 20
0.0
 30
0.0
210
0.0
220
0.0
230
1.0
  2
SOLID
 70
1
 71
0
 91
1
 92
3
 72
0
 73
1
 93
4
 10
97.925
 20
341.625
 10
98.675
 20
341.625
 10
98.675
 20
78.775
 10
97.925
 20
78.775
 97
0
 75
1
 76
1
 98
0
  0
LINE
  5
122
330
17
100
AcDbEntity
  8
03-EJE
100
AcDbLine
 10
95.675
 20
61.375
 30
0.0
 11
95.675
 21
352.625
 31
0.0
  0
TEXT
  5
123
330
17
100
AcDbEntity
  8
06-TEXTO
100
AcDbText
 10
95.675
 20
367.625
 30
0.0
 40
7.0
  1
A-A (1:2)
  7
ISO3098
 72
1
 11
95.675
 21
367.625
 31
0.0
100
AcDbText
 73
2
  0
DIMENSION
  5
124
330
17
100
AcDbEntity
  8
04-COTA
100
AcDbDimension
280
0
  2
*D1
  3
FLAMA-ISO
 10
50.3
 20
57.375
 30
0.0
 11
95.67500000000001
 21
60.125
 31
0.0
 70
32
 71
5
  1
<>
100
AcDbAlignedDimension
 13
50.3
 23
66.375
 33
0.0
 14
141.05
 24
66.375
 34
0.0
 50
0.0
100
AcDbRotatedDimension
1001
ACAD
1000
DSTYLE
1002
{
1070
144
1040
2.0
1070
3
1000
%%c<>
1002
}
  0
DIMENSION
  5
137
330
17
100
AcDbEntity
  8
04-COTA
100
AcDbDimension
280
0
  2
*D2
  3
FLAMA-ISO
 10
163.05
 20
66.375
 30
0.0
 11
160.3
 21
207.0
 31
0.0
 70
32
 71
5
  1
<>
100
AcDbAlignedDimension
 13
141.05
 23
66.375
 33
0.0
 14
104.875
 24
347.625
 34
0.0
 50
90.0
100
AcDbRotatedDimension
1001
ACAD
1000
DSTYLE
1002
{
1070
144
1040
2.0
1002
}
  0
DIMENSION
  5
146
330
17
100
AcDbEntity
  8
04-COTA
100
AcDbDimension
280
0
  2
*D3
  3
FLAMA-ISO
 10
152.05
 20
309.96154022288897
 30
0.0
 11
149.3
 21
328.7932701114445
 31
0.0
 70
32
 71
5
  1
<>
100
AcDbAlignedDimension
 13
141.05
 23
309.96154022288897
 33
0.0
 14
104.875
 24
347.625
 34
0.0
 50
90.0
100
AcDbRotatedDimension
1001
ACAD
1000
DSTYLE
1002
{
1070
144
1040
2.0
1002
}
  0
DIMENSION
  5
155
330
17
100
AcDbEntity
  8
04-COTA
100
AcDbDimension
280
0
  2
*D4
  3
FLAMA-ISO
 10
41.3
 20
66.375
 30
0.0
 11
36.55
 21
71.0
 31
0.0
 70
32
 71
5
  1
<>
100
AcDbAlignedDimension
 13
50.3
 23
66.375
 33
0.0
 14
51.3
 24
75.625
 34
0.0
 50
90.0
100
AcDbRotatedDimension
1001
ACAD
1000
DSTYLE
1002
{
1070
144
1040
2.0
1002
}
  0
DIMENSION
  5
164
330
17
100
AcDbEntity
  8
04-COTA
100
AcDbDimension
280
0
  2
*D5
  3
FLAMA-ISO
 10
86.475
 20
352.625
 30
0.0
 11
95.675
 21
357.375
 31
0.0
 70
32
 71
5
  1
<>
100
AcDbAlignedDimension
 13
86.475
 23
347.625
 33
0.0
 14
104.875
 24
347.625
 34
0.0
 50
0.0
100
AcDbRotatedDimension
1001
ACAD
1000
DSTYLE
1002
{
1070
144
1040
2.0
1070
3
1000
%%c<>
1002
}
  0
LWPOLYLINE
  5
173
330
17
100
AcDbEntity
  8
02-OCULTA
100
AcDbPolyline
 90
39
 70
0
 10
339.6666666666667
 20
267.17411593749466
 10
339.1666666666667
 20
267.17411593749466
 10
338.6666666666667
 20
267.17411593749466
 10
338.1666666666667
 20
267.17411593749466
 10
337.6666666666667
 20
267.17411593749466
 10
337.1666666666667
 20
267.17411593749466
 10
336.6666666666667
 20
267.17411593749466
 10
336.1666666666667
 20
267.17411593749466
 10
335.6666666666667
 20
267.17411593749466
 10
335.1666666666667
 20
267.17411593749466
 10
334.6666666666667
 20
267.17411593749466
 10
334.1666666666667
 20
267.17411593749466
 10
333.6666666666667
 20
267.17411593749466
 10
333.1666666666667
 20
267.17411593749466
 10
332.6666666666667
 20
267.17411593749466
 10
332.1666666666667
 20
267.17411593749466
 10
331.6666666666667
 20
267.17411593749466
 10
331.1666666666667
 20
267.17411593749466
 10
330.6666666666667
 20
267.17411593749466
 10
330.1666666666667
 20
267.17411593749466
 10
329.6666666666667
 20
267.17411593749466
 10
329.1666666666667
 20
267.17411593749466
 10
328.6666666666667
 20
267.17411593749466
 10
328.1666666666667
 20
267.17411593749466
 10
327.6666666666667
 20
267.17411593749466
 10
327.1666666666667
 20
267.17411593749466
 10
326.6666666666667
 20
267.17411593749466
 10
326.1666666666667
 20
267.17411593749466
 10
325.6666666666667
 20
267.17411593749466
 10
325.1666666666667
 20
267.17411593749466
 10
324.6666666666667
 20
267.17411593749466
 10
324.1666666666667
 20
267.17411593749466
 10
323.6666666666667
 20
267.17411593749466
 10
323.1666666666667
 20
267.17411593749466
 10
322.6666666666667
 20
267.17411593749466
 10
322.1666666666667
 20
267.17411593749466
 10
321.6666666666667
 20
267.17411593749466
 10
321.1666666666667
 20
267.17411593749466
 10
321.00450575484547
 20
267.17411593749466
  0
LWPOLYLINE
  5
174
330
17
100
AcDbEntity
  8
02-OCULTA
100
AcDbPolyline
 90
39
 70
0
 10
321.00450575484547
 20
267.17411593749466
 10
321.1666666666667
 20
267.17411593749466
 10
321.6666666666667
 20
267.17411593749466
 10
322.1666666666667
 20
267.17411593749466
 10
322.6666666666667
 20
267.17411593749466
 10
323.1666666666667
 20
267.17411593749466
 10
323.6666666666667
 20
267.17411593749466
 10
324.1666666666667
 20
267.17411593749466
 10
324.6666666666667
 20
267.17411593749466
 10
325.1666666666667
 20
267.17411593749466
 10
325.6666666666667
 20
267.17411593749466
 10
326.1666666666667
 20
267.17411593749466
 10
326.6666666666667
 20
267.17411593749466
 10
327.1666666666667
 20
267.17411593749466
 10
327.6666666666667
 20
267.17411593749466
 10
328.1666666666667
 20
267.17411593749466
 10
328.6666666666667
 20
267.17411593749466
 10
329.1666666666667
 20
267.17411593749466
 10
329.6666666666667
 20
267.17411593749466
 10
330.1666666666667
 20
267.17411593749466
 10
330.6666666666667
 20
267.17411593749466
 10
331.1666666666667
 20
267.17411593749466
 10
331.6666666666667
 20
267.17411593749466
 10
332.1666666666667
 20
267.17411593749466
 10
332.6666666666667
 20
267.17411593749466
 10
333.1666666666667
 20
267.17411593749466
 10
333.6666666666667
 20
267.17411593749466
 10
334.1666666666667
 20
267.17411593749466
 10
334.6666666666667
 20
267.17411593749466
 10
335.1666666666667
 20
267.17411593749466
 10
335.6666666666667
 20
267.17411593749466
 10
336.1666666666667
 20
267.17411593749466
 10
336.6666666666667
 20
267.17411593749466
 10
337.1666666666667
 20
267.17411593749466
 10
337.6666666666667
 20
267.17411593749466
 10
338.1666666666667
 20
267.17411593749466
 10
338.6666666666667
 20
267.17411593749466
 10
339.1666666666667
 20
267.17411593749466
 10
339.6666666666667
 20
267.17411593749466
  0
LWPOLYLINE
  5
175
330
17
100
AcDbEntity
  8
02-OCULTA
100
AcDbPolyline
 90
7
 70
0
 10
339.6766666666667
 20
267.1727623978778
 10
339.67500000099665
 20
267.17298799517687
 10
339.67333333492763
 20
267.1732135895287
 10
339.6716666684599
 20
267.1734391809348
 10
339.67000000159373
 20
267.17366476939685
 10
339.66833333432925
 20
267.17389035491624
 10
339.6666666666667
 20
267.17411593749466
  0
LWPOLYLINE
  5
176
330
17
100
AcDbEntity
  8
02-OCULTA
100
AcDbPolyline
 90
27
 70
0
 10
339.6666666666667
 20
265.56233879667593
 10
339.1666666666667
 20
265.56233879667593
 10
338.6666666666667
 20
265.56233879667593
 10
338.1666666666667
 20
265.56233879667593
 10
337.6666666666667
 20
265.56233879667593
 10
337.1666666666667
 20
265.56233879667593
 10
336.6666666666667
 20
265.56233879667593
 10
336.1666666666667
 20
265.56233879667593
 10
335.6666666666667
 20
265.56233879667593
 10
335.1666666666667
 20
265.56233879667593
 10
334.6666666666667
 20
265.56233879667593
 10
334.1666666666667
 20
265.56233879667593
 10
333.6666666666667
 20
265.56233879667593
 10
333.1666666666667
 20
265.56233879667593
 10
332.6666666666667
 20
265.56233879667593
 10
332.1666666666667
 20
265.56233879667593
 10
331.6666666666667
 20
265.56233879667593
 10
331.1666666666667
 20
265.56233879667593
 10
330.6666666666667
 20
265.56233879667593
 10
330.1666666666667
 20
265.56233879667593
 10
329.6666666666667
 20
265.56233879667593
 10
329.1666666666667
 20
265.56233879667593
 10
328.6666666666667
 20
265.56233879667593
 10
328.1666666666667
 20
265.56233879667593
 10
327.6666666666667
 20
265.56233879667593
 10
327.1666666666667
 20
265.56233879667593
 10
326.7887347900211
 20
265.56233879667593
  0
LWPOLYLINE
  5
177
330
17
100
AcDbEntity
  8
02-OCULTA
100
AcDbPolyline
 90
27
 70
0
 10
326.7887347900211
 20
265.56233879667593
 10
327.1666666666667
 20
265.56233879667593
 10
327.6666666666667
 20
265.56233879667593
 10
328.1666666666667
 20
265.56233879667593
 10
328.6666666666667
 20
265.56233879667593
 10
329.1666666666667
 20
265.56233879667593
 10
329.6666666666667
 20
265.56233879667593
 10
330.1666666666667
 20
265.56233879667593
 10
330.6666666666667
 20
265.56233879667593
 10
331.1666666666667
 20
265.56233879667593
 10
331.6666666666667
 20
265.56233879667593
 10
332.1666666666667
 20
265.56233879667593
 10
332.6666666666667
 20
265.56233879667593
 10
333.1666666666667
 20
265.56233879667593
 10
333.6666666666667
 20
265.56233879667593
 10
334.1666666666667
 20
265.56233879667593
 10
334.6666666666667
 20
265.56233879667593
 10
335.1666666666667
 20
265.56233879667593
 10
335.6666666666667
 20
265.56233879667593
 10
336.1666666666667
 20
265.56233879667593
 10
336.6666666666667
 20
265.56233879667593
 10
337.1666666666667
 20
265.56233879667593
 10
337.6666666666667
 20
265.56233879667593
 10
338.1666666666667
 20
265.56233879667593
 10
338.6666666666667
 20
265.56233879667593
 10
339.1666666666667
 20
265.56233879667593
 10
339.6666666666667
 20
265.56233879667593
  0
LWPOLYLINE
  5
178
330
17
100
AcDbEntity
  8
02-OCULTA
100
AcDbPolyline
 90
2
 70
0
 10
339.6666666666667
 20
267.17411593749466
 10
339.6666666666667
 20
265.56233879667593
  0
LWPOLYLINE
  5
179
330
17
100
AcDbEntity
  8
02-OCULTA
100
AcDbPolyline
 90
16
 70
0
 10
339.6666666666667
 20
265.56233879667593
 10
340.16361234456167
 20
265.4933759056297
 10
340.6602805195472
 20
265.422442067563
 10
341.1566626383792
 20
265.34953338592584
 10
341.65275010419316
 20
265.27464608148455
 10
342.14853427800085
 20
265.1977764940077
 10
342.64400648022223
 20
265.11892108392556
 10
343.1391579922524
 20
265.03807643396
 10
343.6339800580626
 20
264.9552392507244
 10
344.12846388583546
 20
264.8704063662931
 10
344.62260064963283
 20
264.7835747397363
 10
345.1163814910967
 20
264.6947414586225
 10
345.60979752118135
 20
264.6039037404838
 10
346.102839821917
 20
264.5110589342456
 10
346.5954994482033
 20
264.41620452161703
 10
347.0411770947587
 20
264.32850596671256
  0
LWPOLYLINE
  5
17A
330
17
100
AcDbEntity
  8
02-OCULTA
100
AcDbPolyline
 90
39
 70
0
 10
339.6766666666667
 20
267.17411593749466
 10
339.17638095238095
 20
267.17411593749466
 10
338.6760952380953
 20
267.17411593749466
 10
338.17580952380956
 20
267.17411593749466
 10
337.67552380952384
 20
267.17411593749466
 10
337.1752380952381
 20
267.17411593749466
 10
336.6749523809524
 20
267.17411593749466
 10
336.17466666666667
 20
267.17411593749466
 10
335.67438095238094
 20
267.17411593749466
 10
335.1740952380953
 20
267.17411593749466
 10
334.67380952380955
 20
267.17411593749466
 10
334.17352380952383
 20
267.17411593749466
 10
333.6732380952381
 20
267.17411593749466
 10
333.1729523809524
 20
267.17411593749466
 10
332.6726666666667
 20
267.17411593749466
 10
332.172380952381
 20
267.17411593749466
 10
331.67209523809527
 20
267.17411593749466
 10
331.17180952380954
 20
267.17411593749466
 10
330.6715238095238
 20
267.17411593749466
 10
330.1712380952381
 20
267.17411593749466
 10
329.6709523809524
 20
267.17411593749466
 10
329.1706666666667
 20
267.17411593749466
 10
328.670380952381
 20
267.17411593749466
 10
328.17009523809526
 20
267.17411593749466
 10
327.66980952380953
 20
267.17411593749466
 10
327.1695238095238
 20
267.17411593749466
 10
326.6692380952381
 20
267.17411593749466
 10
326.1689523809524
 20
267.17411593749466
 10
325.6686666666667
 20
267.17411593749466
 10
325.16838095238097
 20
267.17411593749466
 10
324.66809523809525
 20
267.17411593749466
 10
324.1678095238095
 20
267.17411593749466
 10
323.6675238095238
 20
267.17411593749466
 10
323.16723809523813
 20
267.17411593749466
 10
322.6669523809524
 20
267.17411593749466
 10
322.1666666666667
 20
267.17411593749466
 10
321.66638095238096
 20
267.17411593749466
 10
321.16609523809524
 20
267.17411593749466
 10
321.00450575484547
 20
267.17411593749466
  0
LWPOLYLINE
  5
17B
330
17
100
AcDbEntity
  8
02-OCULTA
100
AcDbPolyline
 90
39
 70
0
 10
321.00450575484547
 20
267.17411593749466
 10
321.16609523809524
 20
267.17411593749466
 10
321.66638095238096
 20
267.17411593749466
 10
322.1666666666667
 20
267.17411593749466
 10
322.6669523809524
 20
267.17411593749466
 10
323.16723809523813
 20
267.17411593749466
 10
323.6675238095238
 20
267.17411593749466
 10
324.1678095238095
 20
267.17411593749466
 10
324.66809523809525
 20
267.17411593749466
 10
325.16838095238097
 20
267.17411593749466
 10
325.6686666666667
 20
267.17411593749466
 10
326.1689523809524
 20
267.17411593749466
 10
326.66923809523814
 20
267.17411593749466
 10
327.1695238095238
 20
267.17411593749466
 10
327.66980952380953
 20
267.17411593749466
 10
328.17009523809526
 20
267.17411593749466
 10
328.670380952381
 20
267.17411593749466
 10
329.1706666666667
 20
267.17411593749466
 10
329.67095238095243
 20
267.17411593749466
 10
330.1712380952381
 20
267.17411593749466
 10
330.6715238095238
 20
267.17411593749466
 10
331.17180952380954
 20
267.17411593749466
 10
331.67209523809527
 20
267.17411593749466
 10
332.172380952381
 20
267.17411593749466
 10
332.6726666666667
 20
267.17411593749466
 10
333.1729523809524
 20
267.17411593749466
 10
333.6732380952381
 20
267.17411593749466
 10
334.17352380952383
 20
267.17411593749466
 10
334.67380952380955
 20
267.17411593749466
 10
335.1740952380953
 20
267.17411593749466
 10
335.67438095238094
 20
267.17411593749466
 10
336.17466666666667
 20
267.17411593749466
 10
336.6749523809524
 20
267.17411593749466
 10
337.1752380952381
 20
267.17411593749466
 10
337.67552380952384
 20
267.17411593749466
 10
338.17580952380956
 20
267.17411593749466
 10
338.6760952380953
 20
267.17411593749466
 10
339.17638095238095
 20
267.17411593749466
 10
339.6766666666667
 20
267.17411593749466
  0
LWPOLYLINE
  5
17C
330
17
100
AcDbEntity
  8
02-OCULTA
100
AcDbPolyline
 90
2
 70
0
 10
339.6766666666667
 20
264.56233879667593
 10
339.6766666666667
 20
267.17411593749466
  0
LWPOLYLINE
  5
17D
330
17
100
AcDbEntity
  8
02-OCULTA
100
AcDbPolyline
 90
16
 70
0
 10
339.6766666666667
 20
264.56233879667593
 10
339.17638095238095
 20
264.56233879667593
 10
338.6760952380953
 20
264.56233879667593
 10
338.17580952380956
 20
264.56233879667593
 10
337.67552380952384
 20
264.56233879667593
 10
337.1752380952381
 20
264.56233879667593
 10
336.6749523809524
 20
264.56233879667593
 10
336.17466666666667
 20
264.56233879667593
 10
335.67438095238094
 20
264.56233879667593
 10
335.1740952380953
 20
264.56233879667593
 10
334.67380952380955
 20
264.56233879667593
 10
334.17352380952383
 20
264.56233879667593
 10
333.6732380952381
 20
264.56233879667593
 10
333.1729523809524
 20
264.56233879667593
 10
332.6726666666667
 20
264.56233879667593
 10
332.33633345044353
 20
264.56233879667593
  0
LWPOLYLINE
  5
17E
330
17
100
AcDbEntity
  8
02-OCULTA
100
AcDbPolyline
 90
16
 70
0
 10
332.33633345044353
 20
264.56233879667593
 10
332.6726666666667
 20
264.56233879667593
 10
333.1729523809524
 20
264.56233879667593
 10
333.6732380952381
 20
264.56233879667593
 10
334.17352380952383
 20
264.56233879667593
 10
334.67380952380955
 20
264.56233879667593
 10
335.1740952380953
 20
264.56233879667593
 10
335.67438095238094
 20
264.56233879667593
 10
336.17466666666667
 20
264.56233879667593
 10
336.6749523809524
 20
264.56233879667593
 10
337.1752380952381
 20
264.56233879667593
 10
337.67552380952384
 20
264.56233879667593
 10
338.17580952380956
 20
264.56233879667593
 10
338.6760952380953
 20
264.56233879667593
 10
339.17638095238095
 20
264.56233879667593
 10
339.6766666666667
 20
264.56233879667593
  0
LWPOLYLINE
  5
17F
330
17
100
AcDbEntity
  8
02-OCULTA
100
AcDbPolyline
 90
9
 70
0
 10
336.3546666666667
 20
264.56233879667593
 10
335.8479523809524
 20
264.56233879667593
 10
335.3412380952381
 20
264.56233879667593
 10
334.83452380952383
 20
264.56233879667593
 10
334.32780952380955
 20
264.56233879667593
 10
333.82109523809527
 20
264.56233879667593
 10
333.314380952381
 20
264.56233879667593
 10
332.8076666666667
 20
264.56233879667593
 10
332.33633345044353
 20
264.56233879667593
  0
LWPOLYLINE
  5
180
330
17
100
AcDbEntity
  8
02-OCULTA
100
AcDbPolyline
 90
9
 70
0
 10
332.33633345044353
 20
264.56233879667593
 10
332.8076666666667
 20
264.56233879667593
 10
333.314380952381
 20
264.56233879667593
 10
333.82109523809527
 20
264.56233879667593
 10
334.32780952380955
 20
264.56233879667593
 10
334.83452380952383
 20
264.56233879667593
 10
335.3412380952381
 20
264.56233879667593
 10
335.8479523809524
 20
264.56233879667593
 10
336.3546666666667
 20
264.56233879667593
  0
LWPOLYLINE
  5
181
330
17
100
AcDbEntity
  8
02-OCULTA
100
AcDbPolyline
 90
2
 70
0
 10
336.3546666666667
 20
281.17411593749466
 10
336.3546666666667
 20
264.56233879667593
  0
LWPOLYLINE
  5
182
330
17
100
AcDbEntity
  8
02-OCULTA
100
AcDbPolyline
 90
57
 70
0
 10
336.3546666666667
 20
281.17411593749466
 10
335.8479523809524
 20
281.17411593749466
 10
335.3412380952381
 20
281.17411593749466
 10
334.83452380952383
 20
281.17411593749466
 10
334.32780952380955
 20
281.17411593749466
 10
333.82109523809527
 20
281.17411593749466
 10
333.314380952381
 20
281.17411593749466
 10
332.8076666666667
 20
281.17411593749466
 10
332.3009523809524
 20
281.17411593749466
 10
331.79423809523814
 20
281.17411593749466
 10
331.2875238095238
 20
281.17411593749466
 10
330.7808095238095
 20
281.17411593749466
 10
330.27409523809524
 20
281.17411593749466
 10
329.76738095238096
 20
281.17411593749466
 10
329.2606666666667
 20
281.17411593749466
 10
328.7539523809524
 20
281.17411593749466
 10
328.2472380952381
 20
281.17411593749466
 10
327.74052380952384
 20
281.17411593749466
 10
327.23380952380955
 20
281.17411593749466
 10
326.7270952380953
 20
281.17411593749466
 10
326.220380952381
 20
281.17411593749466
 10
325.71366666666665
 20
281.17411593749466
 10
325.2069523809524
 20
281.17411593749466
 10
324.7002380952381
 20
281.17411593749466
 10
324.1935238095238
 20
281.17411593749466
 10
323.68680952380953
 20
281.17411593749466
 10
323.18009523809525
 20
281.17411593749466
 10
322.67338095238097
 20
281.17411593749466
 10
322.1666666666667
 20
281.17411593749466
 10
321.6599523809524
 20
281.17411593749466
 10
321.1532380952381
 20
281.17411593749466
 10
320.64652380952384
 20
281.17411593749466
 10
320.13980952380956
 20
281.17411593749466
 10
319.6330952380953
 20
281.17411593749466
 10
319.12638095238094
 20
281.17411593749466
 10
318.61966666666666
 20
281.17411593749466
 10
318.1129523809524
 20
281.17411593749466
 10
317.6062380952381
 20
281.17411593749466
 10
317.0995238095238
 20
281.17411593749466
 10
316.59280952380954
 20
281.17411593749466
 10
316.08609523809525
 20
281.17411593749466
 10
315.579380952381
 20
281.17411593749466
 10
315.0726666666667
 20
281.17411593749466
 10
314.5659523809524
 20
281.17411593749466
 10
314.05923809523813
 20
281.17411593749466
 10
313.55252380952385
 20
281.17411593749466
 10
313.04580952380957
 20
281.17411593749466
 10
312.5390952380953
 20
281.17411593749466
 10
312.03238095238095
 20
281.17411593749466
 10
311.52566666666667
 20
281.17411593749466
 10
311.0189523809524
 20
281.17411593749466
 10
310.5122380952381
 20
281.17411593749466
 10
310.0055238095238
 20
281.17411593749466
 10
309.49880952380954
 20
281.17411593749466
 10
308.99209523809526
 20
281.17411593749466
 10
308.485380952381
 20
281.17411593749466
 10
307.9786666666667
 20
281.17411593749466
  0
LWPOLYLINE
  5
183
330
17
100
AcDbEntity
  8
02-OCULTA
100
AcDbPolyline
 90
57
 70
0
 10
307.9786666666667
 20
281.17411593749466
 10
308.485380952381
 20
281.17411593749466
 10
308.99209523809526
 20
281.17411593749466
 10
309.49880952380954
 20
281.17411593749466
 10
310.0055238095238
 20
281.17411593749466
 10
310.5122380952381
 20
281.17411593749466
 10
311.0189523809524
 20
281.17411593749466
 10
311.52566666666667
 20
281.17411593749466
 10
312.03238095238095
 20
281.17411593749466
 10
312.53909523809523
 20
281.17411593749466
 10
313.04580952380957
 20
281.17411593749466
 10
313.55252380952385
 20
281.17411593749466
 10
314.05923809523813
 20
281.17411593749466
 10
314.5659523809524
 20
281.17411593749466
 10
315.0726666666667
 20
281.17411593749466
 10
315.579380952381
 20
281.17411593749466
 10
316.08609523809525
 20
281.17411593749466
 10
316.59280952380954
 20
281.17411593749466
 10
317.0995238095238
 20
281.17411593749466
 10
317.6062380952381
 20
281.17411593749466
 10
318.1129523809524
 20
281.17411593749466
 10
318.6196666666667
 20
281.17411593749466
 10
319.12638095238094
 20
281.17411593749466
 10
319.6330952380953
 20
281.17411593749466
 10
320.13980952380956
 20
281.17411593749466
 10
320.64652380952384
 20
281.17411593749466
 10
321.1532380952381
 20
281.17411593749466
 10
321.6599523809524
 20
281.17411593749466
 10
322.1666666666667
 20
281.17411593749466
 10
322.67338095238097
 20
281.17411593749466
 10
323.18009523809525
 20
281.17411593749466
 10
323.68680952380953
 20
281.17411593749466
 10
324.1935238095238
 20
281.17411593749466
 10
324.7002380952381
 20
281.17411593749466
 10
325.2069523809524
 20
281.17411593749466
 10
325.7136666666667
 20
281.17411593749466
 10
326.220380952381
 20
281.17411593749466
 10
326.7270952380953
 20
281.17411593749466
 10
327.23380952380955
 20
281.17411593749466
 10
327.74052380952384
 20
281.17411593749466
 10
328.2472380952381
 20
281.17411593749466
 10
328.7539523809524
 20
281.17411593749466
 10
329.2606666666667
 20
281.17411593749466
 10
329.76738095238096
 20
281.17411593749466
 10
330.27409523809524
 20
281.17411593749466
 10
330.7808095238095
 20
281.17411593749466
 10
331.2875238095238
 20
281.17411593749466
 10
331.7942380952381
 20
281.17411593749466
 10
332.30095238095237
 20
281.17411593749466
 10
332.8076666666667
 20
281.17411593749466
 10
333.314380952381
 20
281.17411593749466
 10
333.82109523809527
 20
281.17411593749466
 10
334.32780952380955
 20
281.17411593749466
 10
334.83452380952383
 20
281.17411593749466
 10
335.3412380952381
 20
281.17411593749466
 10
335.8479523809524
 20
281.17411593749466
 10
336.3546666666667
 20
281.17411593749466
  0
LWPOLYLINE
  5
184
330
17
100
AcDbEntity
  8
02-OCULTA
100
AcDbPolyline
 90
74
 70
0
 10
340.56666666666666
 20
281.17411593749466
 10
340.06255707762557
 20
281.17411593749466
 10
339.5584474885845
 20
281.17411593749466
 10
339.0543378995434
 20
281.17411593749466
 10
338.5502283105023
 20
281.17411593749466
 10
338.0461187214612
 20
281.17411593749466
 10
337.5420091324201
 20
281.17411593749466
 10
337.037899543379
 20
281.17411593749466
 10
336.5337899543379
 20
281.17411593749466
 10
336.0296803652968
 20
281.17411593749466
 10
335.52557077625573
 20
281.17411593749466
 10
335.02146118721464
 20
281.17411593749466
 10
334.51735159817355
 20
281.17411593749466
 10
334.01324200913245
 20
281.17411593749466
 10
333.50913242009136
 20
281.17411593749466
 10
333.00502283105027
 20
281.17411593749466
 10
332.5009132420092
 20
281.17411593749466
 10
331.9968036529681
 20
281.17411593749466
 10
331.49269406392693
 20
281.17411593749466
 10
330.98858447488584
 20
281.17411593749466
 10
330.48447488584475
 20
281.17411593749466
 10
329.98036529680365
 20
281.17411593749466
 10
329.47625570776256
 20
281.17411593749466
 10
328.97214611872147
 20
281.17411593749466
 10
328.4680365296804
 20
281.17411593749466
 10
327.9639269406393
 20
281.17411593749466
 10
327.4598173515982
 20
281.17411593749466
 10
326.9557077625571
 20
281.17411593749466
 10
326.451598173516
 20
281.17411593749466
 10
325.9474885844749
 20
281.17411593749466
 10
325.4433789954338
 20
281.17411593749466
 10
324.9392694063927
 20
281.17411593749466
 10
324.43515981735163
 20
281.17411593749466
 10
323.93105022831054
 20
281.17411593749466
 10
323.42694063926945
 20
281.17411593749466
 10
322.92283105022835
 20
281.17411593749466
 10
322.41872146118726
 20
281.17411593749466
 10
321.9146118721461
 20
281.17411593749466
 10
321.410502283105
 20
281.17411593749466
 10
320.9063926940639
 20
281.17411593749466
 10
320.40228310502283
 20
281.17411593749466
 10
319.89817351598174
 20
281.17411593749466
 10
319.39406392694065
 20
281.17411593749466
 10
318.88995433789955
 20
281.17411593749466
 10
318.38584474885846
 20
281.17411593749466
 10
317.88173515981737
 20
281.17411593749466
 10
317.3776255707763
 20
281.17411593749466
 10
316.8735159817352
 20
281.17411593749466
 10
316.3694063926941
 20
281.17411593749466
 10
315.865296803653
 20
281.17411593749466
 10
315.3611872146119
 20
281.17411593749466
 10
314.8570776255708
 20
281.17411593749466
 10
314.3529680365297
 20
281.17411593749466
 10
313.8488584474886
 20
281.17411593749466
 10
313.34474885844753
 20
281.17411593749466
 10
312.84063926940644
 20
281.17411593749466
 10
312.3365296803653
 20
281.17411593749466
 10
311.8324200913242
 20
281.17411593749466
 10
311.3283105022831
 20
281.17411593749466
 10
310.824200913242
 20
281.17411593749466
 10
310.3200913242009
 20
281.17411593749466
 10
309.8159817351598
 20
281.17411593749466
 10
309.31187214611873
 20
281.17411593749466
 10
308.80776255707764
 20
281.17411593749466
 10
308.30365296803654
 20
281.17411593749466
 10
307.79954337899545
 20
281.17411593749466
 10
307.29543378995436
 20
281.17411593749466
 10
306.79132420091327
 20
281.17411593749466
 10
306.2872146118722
 20
281.17411593749466
 10
305.7831050228311
 20
281.17411593749466
 10
305.27899543379
 20
281.17411593749466
 10
304.7748858447489
 20
281.17411593749466
 10
304.2707762557078
 20
281.17411593749466
 10
303.7666666666667
 20
281.17411593749466
  0
LWPOLYLINE
  5
185
330
17
100
AcDbEntity
  8
02-OCULTA
100
AcDbPolyline
 90
74
 70
0
 10
303.7666666666667
 20
281.17411593749466
 10
304.2707762557078
 20
281.17411593749466
 10
304.7748858447489
 20
281.17411593749466
 10
305.27899543379
 20
281.17411593749466
 10
305.7831050228311
 20
281.17411593749466
 10
306.2872146118722
 20
281.17411593749466
 10
306.79132420091327
 20
281.17411593749466
 10
307.29543378995436
 20
281.17411593749466
 10
307.79954337899545
 20
281.17411593749466
 10
308.30365296803654
 20
281.17411593749466
 10
308.80776255707764
 20
281.17411593749466
 10
309.31187214611873
 20
281.17411593749466
 10
309.8159817351598
 20
281.17411593749466
 10
310.3200913242009
 20
281.17411593749466
 10
310.824200913242
 20
281.17411593749466
 10
311.3283105022831
 20
281.17411593749466
 10
311.8324200913242
 20
281.17411593749466
 10
312.33652968036535
 20
281.17411593749466
 10
312.8406392694064
 20
281.17411593749466
 10
313.34474885844753
 20
281.17411593749466
 10
313.8488584474886
 20
281.17411593749466
 10
314.3529680365297
 20
281.17411593749466
 10
314.8570776255708
 20
281.17411593749466
 10
315.3611872146119
 20
281.17411593749466
 10
315.865296803653
 20
281.17411593749466
 10
316.3694063926941
 20
281.17411593749466
 10
316.8735159817352
 20
281.17411593749466
 10
317.3776255707763
 20
281.17411593749466
 10
317.88173515981737
 20
281.17411593749466
 10
318.38584474885846
 20
281.17411593749466
 10
318.88995433789955
 20
281.17411593749466
 10
319.39406392694065
 20
281.17411593749466
 10
319.89817351598174
 20
281.17411593749466
 10
320.40228310502283
 20
281.17411593749466
 10
320.9063926940639
 20
281.17411593749466
 10
321.410502283105
 20
281.17411593749466
 10
321.9146118721461
 20
281.17411593749466
 10
322.4187214611872
 20
281.17411593749466
 10
322.92283105022835
 20
281.17411593749466
 10
323.42694063926945
 20
281.17411593749466
 10
323.93105022831054
 20
281.17411593749466
 10
324.43515981735163
 20
281.17411593749466
 10
324.9392694063927
 20
281.17411593749466
 10
325.4433789954338
 20
281.17411593749466
 10
325.9474885844749
 20
281.17411593749466
 10
326.451598173516
 20
281.17411593749466
 10
326.9557077625571
 20
281.17411593749466
 10
327.4598173515982
 20
281.17411593749466
 10
327.9639269406393
 20
281.17411593749466
 10
328.4680365296804
 20
281.17411593749466
 10
328.97214611872147
 20
281.17411593749466
 10
329.47625570776256
 20
281.17411593749466
 10
329.98036529680365
 20
281.17411593749466
 10
330.48447488584475
 20
281.17411593749466
 10
330.98858447488584
 20
281.17411593749466
 10
331.49269406392693
 20
281.17411593749466
 10
331.9968036529681
 20
281.17411593749466
 10
332.5009132420092
 20
281.17411593749466
 10
333.00502283105027
 20
281.17411593749466
 10
333.50913242009136
 20
281.17411593749466
 10
334.01324200913245
 20
281.17411593749466
 10
334.51735159817355
 20
281.17411593749466
 10
335.02146118721464
 20
281.17411593749466
 10
335.52557077625573
 20
281.17411593749466
 10
336.0296803652968
 20
281.17411593749466
 10
336.5337899543379
 20
281.17411593749466
 10
337.037899543379
 20
281.17411593749466
 10
337.5420091324201
 20
281.17411593749466
 10
338.0461187214612
 20
281.17411593749466
 10
338.5502283105023
 20
281.17411593749466
 10
339.0543378995434
 20
281.17411593749466
 10
339.5584474885845
 20
281.17411593749466
 10
340.06255707762557
 20
281.17411593749466
 10
340.56666666666666
 20
281.17411593749466
  0
LWPOLYLINE
  5
186
330
17
100
AcDbEntity
  8
02-OCULTA
100
AcDbPolyline
 90
2
 70
0
 10
340.56666666666666
 20
267.17411593749466
 10
340.56666666666666
 20
268.45411593749463
  0
LWPOLYLINE
  5
187
330
17
100
AcDbEntity
  8
02-OCULTA
100
AcDbPolyline
 90
40
 70
0
 10
340.56666666666666
 20
267.17411593749466
 10
340.06255707762557
 20
267.17411593749466
 10
339.5584474885845
 20
267.17411593749466
 10
339.0543378995434
 20
267.17411593749466
 10
338.5502283105023
 20
267.17411593749466
 10
338.0461187214612
 20
267.17411593749466
 10
337.5420091324201
 20
267.17411593749466
 10
337.037899543379
 20
267.17411593749466
 10
336.5337899543379
 20
267.17411593749466
 10
336.0296803652968
 20
267.17411593749466
 10
335.52557077625573
 20
267.17411593749466
 10
335.02146118721464
 20
267.17411593749466
 10
334.51735159817355
 20
267.17411593749466
 10
334.01324200913245
 20
267.17411593749466
 10
333.50913242009136
 20
267.17411593749466
 10
333.00502283105027
 20
267.17411593749466
 10
332.5009132420092
 20
267.17411593749466
 10
331.9968036529681
 20
267.17411593749466
 10
331.49269406392693
 20
267.17411593749466
 10
330.98858447488584
 20
267.17411593749466
 10
330.48447488584475
 20
267.17411593749466
 10
329.98036529680365
 20
267.17411593749466
 10
329.47625570776256
 20
267.17411593749466
 10
328.97214611872147
 20
267.17411593749466
 10
328.4680365296804
 20
267.17411593749466
 10
327.9639269406393
 20
267.17411593749466
 10
327.4598173515982
 20
267.17411593749466
 10
326.9557077625571
 20
267.17411593749466
 10
326.451598173516
 20
267.17411593749466
 10
325.9474885844749
 20
267.17411593749466
 10
325.4433789954338
 20
267.17411593749466
 10
324.9392694063927
 20
267.17411593749466
 10
324.43515981735163
 20
267.17411593749466
 10
323.93105022831054
 20
267.17411593749466
 10
323.42694063926945
 20
267.17411593749466
 10
322.92283105022835
 20
267.17411593749466
 10
322.41872146118726
 20
267.17411593749466
 10
321.9146118721461
 20
267.17411593749466
 10
321.410502283105
 20
267.17411593749466
 10
321.00450575484547
 20
267.17411593749466
  0
LWPOLYLINE
  5
188
330
17
100
AcDbEntity
  8
02-OCULTA
100
AcDbPolyline
 90
40
 70
0
 10
321.00450575484547
 20
267.17411593749466
 10
321.410502283105
 20
267.17411593749466
 10
321.9146118721461
 20
267.17411593749466
 10
322.4187214611872
 20
267.17411593749466
 10
322.92283105022835
 20
267.17411593749466
 10
323.42694063926945
 20
267.17411593749466
 10
323.93105022831054
 20
267.17411593749466
 10
324.43515981735163
 20
267.17411593749466
 10
324.9392694063927
 20
267.17411593749466
 10
325.4433789954338
 20
267.17411593749466
 10
325.9474885844749
 20
267.17411593749466
 10
326.451598173516
 20
267.17411593749466
 10
326.9557077625571
 20
267.17411593749466
 10
327.4598173515982
 20
267.17411593749466
 10
327.9639269406393
 20
267.17411593749466
 10
328.4680365296804
 20
267.17411593749466
 10
328.97214611872147
 20
267.17411593749466
 10
329.47625570776256
 20
267.17411593749466
 10
329.98036529680365
 20
267.17411593749466
 10
330.48447488584475
 20
267.17411593749466
 10
330.98858447488584
 20
267.17411593749466
 10
331.49269406392693
 20
267.17411593749466
 10
331.9968036529681
 20
267.17411593749466
 10
332.5009132420092
 20
267.17411593749466
 10
333.00502283105027
 20
267.17411593749466
 10
333.50913242009136
 20
267.17411593749466
 10
334.01324200913245
 20
267.17411593749466
 10
334.51735159817355
 20
267.17411593749466
 10
335.02146118721464
 20
267.17411593749466
 10
335.52557077625573
 20
267.17411593749466
 10
336.0296803652968
 20
267.17411593749466
 10
336.5337899543379
 20
267.17411593749466
 10
337.037899543379
 20
267.17411593749466
 10
337.5420091324201
 20
267.17411593749466
 10
338.0461187214612
 20
267.17411593749466
 10
338.5502283105023
 20
267.17411593749466
 10
339.0543378995434
 20
267.17411593749466
 10
339.5584474885845
 20
267.17411593749466
 10
340.06255707762557
 20
267.17411593749466
 10
340.56666666666666
 20
267.17411593749466
  0
LWPOLYLINE
  5
189
330
17
100
AcDbEntity
  8
02-OCULTA
100
AcDbPolyline
 90
29
 70
0
 10
340.56666666666666
 20
268.45411593749463
 10
340.36269877990827
 20
268.4377603103984
 10
340.1639434286115
 20
268.3891114080749
 10
339.9754799384157
 20
268.3094124856881
 10
339.8021246195816
 20
268.2007003023858
 10
339.6483076829687
 20
268.06575307056016
 10
339.51796002303996
 20
267.9080194567757
 10
339.4144127612307
 20
267.7315304487945
 10
339.34031211691763
 20
267.5407963409931
 10
339.29755178151623
 20
267.3406914707806
 10
339.2872245239333
 20
267.1363296516529
 10
339.3095942641281
 20
266.93293348627594
 10
339.36408932846183
 20
266.73570089939017
 10
339.44931705919885
 20
266.54967230137413
 10
339.5630994048044
 20
266.379601777194
 10
339.7025285815053
 20
266.2298355925898
 10
339.8640413836446
 20
266.10420112235374
 10
340.04351024378
 20
266.0059090392132
 10
340.23634871542436
 20
265.93747126294704
 10
340.43762868274644
 20
265.9006367665987
 10
340.6422063018595
 20
265.89634688030355
 10
340.84485345518476
 20
265.92471123496864
 10
341.04039135948483
 20
265.98500496058193
 10
341.22382291312556
 20
266.07568721074904
 10
341.3904604003427
 20
266.1944405400511
 10
341.53604528894704
 20
266.33823012790947
 10
341.6568570599559
 20
266.50338133545006
 10
341.7498082879389
 20
266.6856736133525
 10
341.812523542235
 20
266.8804483608044
  0
LWPOLYLINE
  5
18A
330
17
100
AcDbEntity
  8
02-OCULTA
100
AcDbPolyline
 90
86
 70
0
 10
343.56666666666666
 20
291.17411593749466
 10
343.06313725490196
 20
291.17411593749466
 10
342.55960784313726
 20
291.17411593749466
 10
342.05607843137255
 20
291.17411593749466
 10
341.55254901960785
 20
291.17411593749466
 10
341.04901960784315
 20
291.17411593749466
 10
340.54549019607845
 20
291.17411593749466
 10
340.04196078431374
 20
291.17411593749466
 10
339.53843137254904
 20
291.17411593749466
 10
339.03490196078434
 20
291.17411593749466
 10
338.53137254901964
 20
291.17411593749466
 10
338.02784313725493
 20
291.17411593749466
 10
337.52431372549023
 20
291.17411593749466
 10
337.0207843137255
 20
291.17411593749466
 10
336.5172549019608
 20
291.17411593749466
 10
336.0137254901961
 20
291.17411593749466
 10
335.51019607843136
 20
291.17411593749466
 10
335.00666666666666
 20
291.17411593749466
 10
334.50313725490196
 20
291.17411593749466
 10
333.99960784313726
 20
291.17411593749466
 10
333.49607843137255
 20
291.17411593749466
 10
332.99254901960785
 20
291.17411593749466
 10
332.48901960784315
 20
291.17411593749466
 10
331.98549019607844
 20
291.17411593749466
 10
331.48196078431374
 20
291.17411593749466
 10
330.97843137254904
 20
291.17411593749466
 10
330.47490196078434
 20
291.17411593749466
 10
329.97137254901963
 20
291.17411593749466
 10
329.46784313725493
 20
291.17411593749466
 10
328.96431372549023
 20
291.17411593749466
 10
328.4607843137255
 20
291.17411593749466
 10
327.9572549019608
 20
291.17411593749466
 10
327.4537254901961
 20
291.17411593749466
 10
326.9501960784314
 20
291.17411593749466
 10
326.44666666666666
 20
291.17411593749466
 10
325.94313725490196
 20
291.17411593749466
 10
325.43960784313725
 20
291.17411593749466
 10
324.93607843137255
 20
291.17411593749466
 10
324.43254901960785
 20
291.17411593749466
 10
323.92901960784314
 20
291.17411593749466
 10
323.42549019607844
 20
291.17411593749466
 10
322.92196078431374
 20
291.17411593749466
 10
322.41843137254904
 20
291.17411593749466
 10
321.91490196078433
 20
291.17411593749466
 10
321.41137254901963
 20
291.17411593749466
 10
320.90784313725493
 20
291.17411593749466
 10
320.4043137254902
 20
291.17411593749466
 10
319.9007843137255
 20
291.17411593749466
 10
319.3972549019608
 20
291.17411593749466
 10
318.8937254901961
 20
291.17411593749466
 10
318.3901960784314
 20
291.17411593749466
 10
317.8866666666667
 20
291.17411593749466
 10
317.38313725490195
 20
291.17411593749466
 10
316.87960784313725
 20
291.17411593749466
 10
316.37607843137255
 20
291.17411593749466
 10
315.87254901960785
 20
291.17411593749466
 10
315.36901960784314
 20
291.17411593749466
 10
314.86549019607844
 20
291.17411593749466
 10
314.36196078431374
 20
291.17411593749466
 10
313.85843137254903
 20
291.17411593749466
 10
313.35490196078433
 20
291.17411593749466
 10
312.85137254901963
 20
291.17411593749466
 10
312.3478431372549
 20
291.17411593749466
 10
311.8443137254902
 20
291.17411593749466
 10
311.3407843137255
 20
291.17411593749466
 10
310.8372549019608
 20
291.17411593749466
 10
310.3337254901961
 20
291.17411593749466
 10
309.8301960784314
 20
291.17411593749466
 10
309.3266666666667
 20
291.17411593749466
 10
308.823137254902
 20
291.17411593749466
 10
308.3196078431373
 20
291.17411593749466
 10
307.8160784313726
 20
291.17411593749466
 10
307.3125490196079
 20
291.17411593749466
 10
306.8090196078432
 20
291.17411593749466
 10
306.30549019607844
 20
291.17411593749466
 10
305.80196078431374
 20
291.17411593749466
 10
305.29843137254903
 20
291.17411593749466
 10
304.79490196078433
 20
291.17411593749466
 10
304.2913725490196
 20
291.17411593749466
 10
303.7878431372549
 20
291.17411593749466
 10
303.2843137254902
 20
291.17411593749466
 10
302.7807843137255
 20
291.17411593749466
 10
302.2772549019608
 20
291.17411593749466
 10
301.7737254901961
 20
291.17411593749466
 10
301.2701960784314
 20
291.17411593749466
 10
300.7666666666667
 20
291.17411593749466
  0
LWPOLYLINE
  5
18B
330
17
100
AcDbEntity
  8
02-OCULTA
100
AcDbPolyline
 90
86
 70
0
 10
343.56666666666666
 20
281.17411593749466
 10
343.06313725490196
 20
281.17411593749466
 10
342.55960784313726
 20
281.17411593749466
 10
342.05607843137255
 20
281.17411593749466
 10
341.55254901960785
 20
281.17411593749466
 10
341.04901960784315
 20
281.17411593749466
 10
340.54549019607845
 20
281.17411593749466
 10
340.04196078431374
 20
281.17411593749466
 10
339.53843137254904
 20
281.17411593749466
 10
339.03490196078434
 20
281.17411593749466
 10
338.53137254901964
 20
281.17411593749466
 10
338.02784313725493
 20
281.17411593749466
 10
337.52431372549023
 20
281.17411593749466
 10
337.0207843137255
 20
281.17411593749466
 10
336.5172549019608
 20
281.17411593749466
 10
336.0137254901961
 20
281.17411593749466
 10
335.51019607843136
 20
281.17411593749466
 10
335.00666666666666
 20
281.17411593749466
 10
334.50313725490196
 20
281.17411593749466
 10
333.99960784313726
 20
281.17411593749466
 10
333.49607843137255
 20
281.17411593749466
 10
332.99254901960785
 20
281.17411593749466
 10
332.48901960784315
 20
281.17411593749466
 10
331.98549019607844
 20
281.17411593749466
 10
331.48196078431374
 20
281.17411593749466
 10
330.97843137254904
 20
281.17411593749466
 10
330.47490196078434
 20
281.17411593749466
 10
329.97137254901963
 20
281.17411593749466
 10
329.46784313725493
 20
281.17411593749466
 10
328.96431372549023
 20
281.17411593749466
 10
328.4607843137255
 20
281.17411593749466
 10
327.9572549019608
 20
281.17411593749466
 10
327.4537254901961
 20
281.17411593749466
 10
326.9501960784314
 20
281.17411593749466
 10
326.44666666666666
 20
281.17411593749466
 10
325.94313725490196
 20
281.17411593749466
 10
325.43960784313725
 20
281.17411593749466
 10
324.93607843137255
 20
281.17411593749466
 10
324.43254901960785
 20
281.17411593749466
 10
323.92901960784314
 20
281.17411593749466
 10
323.42549019607844
 20
281.17411593749466
 10
322.92196078431374
 20
281.17411593749466
 10
322.41843137254904
 20
281.17411593749466
 10
321.91490196078433
 20
281.17411593749466
 10
321.41137254901963
 20
281.17411593749466
 10
320.90784313725493
 20
281.17411593749466
 10
320.4043137254902
 20
281.17411593749466
 10
319.9007843137255
 20
281.17411593749466
 10
319.3972549019608
 20
281.17411593749466
 10
318.8937254901961
 20
281.17411593749466
 10
318.3901960784314
 20
281.17411593749466
 10
317.8866666666667
 20
281.17411593749466
 10
317.38313725490195
 20
281.17411593749466
 10
316.87960784313725
 20
281.17411593749466
 10
316.37607843137255
 20
281.17411593749466
 10
315.87254901960785
 20
281.17411593749466
 10
315.36901960784314
 20
281.17411593749466
 10
314.86549019607844
 20
281.17411593749466
 10
314.36196078431374
 20
281.17411593749466
 10
313.85843137254903
 20
281.17411593749466
 10
313.35490196078433
 20
281.17411593749466
 10
312.85137254901963
 20
281.17411593749466
 10
312.3478431372549
 20
281.17411593749466
 10
311.8443137254902
 20
281.17411593749466
 10
311.3407843137255
 20
281.17411593749466
 10
310.8372549019608
 20
281.17411593749466
 10
310.3337254901961
 20
281.17411593749466
 10
309.8301960784314
 20
281.17411593749466
 10
309.3266666666667
 20
281.17411593749466
 10
308.823137254902
 20
281.17411593749466
 10
308.3196078431373
 20
281.17411593749466
 10
307.8160784313726
 20
281.17411593749466
 10
307.3125490196079
 20
281.17411593749466
 10
306.8090196078432
 20
281.17411593749466
 10
306.30549019607844
 20
281.17411593749466
 10
305.80196078431374
 20
281.17411593749466
 10
305.29843137254903
 20
281.17411593749466
 10
304.79490196078433
 20
281.17411593749466
 10
304.2913725490196
 20
281.17411593749466
 10
303.7878431372549
 20
281.17411593749466
 10
303.2843137254902
 20
281.17411593749466
 10
302.7807843137255
 20
281.17411593749466
 10
302.2772549019608
 20
281.17411593749466
 10
301.7737254901961
 20
281.17411593749466
 10
301.2701960784314
 20
281.17411593749466
 10
300.7666666666667
 20
281.17411593749466
  0
LWPOLYLINE
  5
18C
330
17
100
AcDbEntity
  8
02-OCULTA
100
AcDbPolyline
 90
49
 70
0
 10
334.3546666666667
 20
291.17411593749466
 10
333.84683333333334
 20
291.17411593749466
 10
333.339
 20
291.17411593749466
 10
332.83116666666666
 20
291.17411593749466
 10
332.3233333333334
 20
291.17411593749466
 10
331.81550000000004
 20
291.17411593749466
 10
331.3076666666667
 20
291.17411593749466
 10
330.79983333333337
 20
291.17411593749466
 10
330.29200000000003
 20
291.17411593749466
 10
329.7841666666667
 20
291.17411593749466
 10
329.27633333333335
 20
291.17411593749466
 10
328.7685
 20
291.17411593749466
 10
328.2606666666667
 20
291.17411593749466
 10
327.75283333333334
 20
291.17411593749466
 10
327.245
 20
291.17411593749466
 10
326.73716666666667
 20
291.17411593749466
 10
326.22933333333333
 20
291.17411593749466
 10
325.7215
 20
291.17411593749466
 10
325.2136666666667
 20
291.17411593749466
 10
324.7058333333334
 20
291.17411593749466
 10
324.19800000000004
 20
291.17411593749466
 10
323.6901666666667
 20
291.17411593749466
 10
323.18233333333336
 20
291.17411593749466
 10
322.6745
 20
291.17411593749466
 10
322.1666666666667
 20
291.17411593749466
 10
321.65883333333335
 20
291.17411593749466
 10
321.151
 20
291.17411593749466
 10
320.6431666666667
 20
291.17411593749466
 10
320.13533333333334
 20
291.17411593749466
 10
319.6275
 20
291.17411593749466
 10
319.11966666666666
 20
291.17411593749466
 10
318.6118333333334
 20
291.17411593749466
 10
318.10400000000004
 20
291.17411593749466
 10
317.5961666666667
 20
291.17411593749466
 10
317.08833333333337
 20
291.17411593749466
 10
316.58050000000003
 20
291.17411593749466
 10
316.0726666666667
 20
291.17411593749466
 10
315.56483333333335
 20
291.17411593749466
 10
315.057
 20
291.17411593749466
 10
314.5491666666667
 20
291.17411593749466
 10
314.04133333333334
 20
291.17411593749466
 10
313.5335
 20
291.17411593749466
 10
313.02566666666667
 20
291.17411593749466
 10
312.51783333333333
 20
291.17411593749466
 10
312.01000000000005
 20
291.17411593749466
 10
311.5021666666667
 20
291.17411593749466
 10
310.9943333333334
 20
291.17411593749466
 10
310.48650000000004
 20
291.17411593749466
 10
309.9786666666667
 20
291.17411593749466
  0
LWPOLYLINE
  5
18D
330
17
100
AcDbEntity
  8
02-OCULTA
100
AcDbPolyline
 90
49
 70
0
 10
309.9786666666667
 20
291.17411593749466
 10
310.48650000000004
 20
291.17411593749466
 10
310.9943333333334
 20
291.17411593749466
 10
311.5021666666667
 20
291.17411593749466
 10
312.01
 20
291.17411593749466
 10
312.51783333333333
 20
291.17411593749466
 10
313.02566666666667
 20
291.17411593749466
 10
313.5335
 20
291.17411593749466
 10
314.04133333333334
 20
291.17411593749466
 10
314.5491666666667
 20
291.17411593749466
 10
315.057
 20
291.17411593749466
 10
315.56483333333335
 20
291.17411593749466
 10
316.0726666666667
 20
291.17411593749466
 10
316.58050000000003
 20
291.17411593749466
 10
317.08833333333337
 20
291.17411593749466
 10
317.5961666666667
 20
291.17411593749466
 10
318.10400000000004
 20
291.17411593749466
 10
318.6118333333334
 20
291.17411593749466
 10
319.1196666666667
 20
291.17411593749466
 10
319.6275
 20
291.17411593749466
 10
320.13533333333334
 20
291.17411593749466
 10
320.6431666666667
 20
291.17411593749466
 10
321.151
 20
291.17411593749466
 10
321.65883333333335
 20
291.17411593749466
 10
322.1666666666667
 20
291.17411593749466
 10
322.6745
 20
291.17411593749466
 10
323.18233333333336
 20
291.17411593749466
 10
323.6901666666667
 20
291.17411593749466
 10
324.19800000000004
 20
291.17411593749466
 10
324.7058333333334
 20
291.17411593749466
 10
325.2136666666667
 20
291.17411593749466
 10
325.7215
 20
291.17411593749466
 10
326.22933333333333
 20
291.17411593749466
 10
326.73716666666667
 20
291.17411593749466
 10
327.245
 20
291.17411593749466
 10
327.75283333333334
 20
291.17411593749466
 10
328.2606666666667
 20
291.17411593749466
 10
328.7685
 20
291.17411593749466
 10
329.27633333333335
 20
291.17411593749466
 10
329.7841666666667
 20
291.17411593749466
 10
330.29200000000003
 20
291.17411593749466
 10
330.79983333333337
 20
291.17411593749466
 10
331.3076666666667
 20
291.17411593749466
 10
331.81550000000004
 20
291.17411593749466
 10
332.3233333333334
 20
291.17411593749466
 10
332.8311666666667
 20
291.17411593749466
 10
333.339
 20
291.17411593749466
 10
333.84683333333334
 20
291.17411593749466
 10
334.3546666666667
 20
291.17411593749466
  0
LWPOLYLINE
  5
18E
330
17
100
AcDbEntity
  8
02-OCULTA
100
AcDbPolyline
 90
49
 70
0
 10
334.3546666666667
 20
281.17411593749466
 10
333.84683333333334
 20
281.17411593749466
 10
333.339
 20
281.17411593749466
 10
332.83116666666666
 20
281.17411593749466
 10
332.3233333333334
 20
281.17411593749466
 10
331.81550000000004
 20
281.17411593749466
 10
331.3076666666667
 20
281.17411593749466
 10
330.79983333333337
 20
281.17411593749466
 10
330.29200000000003
 20
281.17411593749466
 10
329.7841666666667
 20
281.17411593749466
 10
329.27633333333335
 20
281.17411593749466
 10
328.7685
 20
281.17411593749466
 10
328.2606666666667
 20
281.17411593749466
 10
327.75283333333334
 20
281.17411593749466
 10
327.245
 20
281.17411593749466
 10
326.73716666666667
 20
281.17411593749466
 10
326.22933333333333
 20
281.17411593749466
 10
325.7215
 20
281.17411593749466
 10
325.2136666666667
 20
281.17411593749466
 10
324.7058333333334
 20
281.17411593749466
 10
324.19800000000004
 20
281.17411593749466
 10
323.6901666666667
 20
281.17411593749466
 10
323.18233333333336
 20
281.17411593749466
 10
322.6745
 20
281.17411593749466
 10
322.1666666666667
 20
281.17411593749466
 10
321.65883333333335
 20
281.17411593749466
 10
321.151
 20
281.17411593749466
 10
320.6431666666667
 20
281.17411593749466
 10
320.13533333333334
 20
281.17411593749466
 10
319.6275
 20
281.17411593749466
 10
319.11966666666666
 20
281.17411593749466
 10
318.6118333333334
 20
281.17411593749466
 10
318.10400000000004
 20
281.17411593749466
 10
317.5961666666667
 20
281.17411593749466
 10
317.08833333333337
 20
281.17411593749466
 10
316.58050000000003
 20
281.17411593749466
 10
316.0726666666667
 20
281.17411593749466
 10
315.56483333333335
 20
281.17411593749466
 10
315.057
 20
281.17411593749466
 10
314.5491666666667
 20
281.17411593749466
 10
314.04133333333334
 20
281.17411593749466
 10
313.5335
 20
281.17411593749466
 10
313.02566666666667
 20
281.17411593749466
 10
312.51783333333333
 20
281.17411593749466
 10
312.01000000000005
 20
281.17411593749466
 10
311.5021666666667
 20
281.17411593749466
 10
310.9943333333334
 20
281.17411593749466
 10
310.48650000000004
 20
281.17411593749466
 10
309.9786666666667
 20
281.17411593749466
  0
LWPOLYLINE
  5
18F
330
17
100
AcDbEntity
  8
02-OCULTA
100
AcDbPolyline
 90
49
 70
0
 10
309.9786666666667
 20
281.17411593749466
 10
310.48650000000004
 20
281.17411593749466
 10
310.9943333333334
 20
281.17411593749466
 10
311.5021666666667
 20
281.17411593749466
 10
312.01
 20
281.17411593749466
 10
312.51783333333333
 20
281.17411593749466
 10
313.02566666666667
 20
281.17411593749466
 10
313.5335
 20
281.17411593749466
 10
314.04133333333334
 20
281.17411593749466
 10
314.5491666666667
 20
281.17411593749466
 10
315.057
 20
281.17411593749466
 10
315.56483333333335
 20
281.17411593749466
 10
316.0726666666667
 20
281.17411593749466
 10
316.58050000000003
 20
281.17411593749466
 10
317.08833333333337
 20
281.17411593749466
 10
317.5961666666667
 20
281.17411593749466
 10
318.10400000000004
 20
281.17411593749466
 10
318.6118333333334
 20
281.17411593749466
 10
319.1196666666667
 20
281.17411593749466
 10
319.6275
 20
281.17411593749466
 10
320.13533333333334
 20
281.17411593749466
 10
320.6431666666667
 20
281.17411593749466
 10
321.151
 20
281.17411593749466
 10
321.65883333333335
 20
281.17411593749466
 10
322.1666666666667
 20
281.17411593749466
 10
322.6745
 20
281.17411593749466
 10
323.18233333333336
 20
281.17411593749466
 10
323.6901666666667
 20
281.17411593749466
 10
324.19800000000004
 20
281.17411593749466
 10
324.7058333333334
 20
281.17411593749466
 10
325.2136666666667
 20
281.17411593749466
 10
325.7215
 20
281.17411593749466
 10
326.22933333333333
 20
281.17411593749466
 10
326.73716666666667
 20
281.17411593749466
 10
327.245
 20
281.17411593749466
 10
327.75283333333334
 20
281.17411593749466
 10
328.2606666666667
 20
281.17411593749466
 10
328.7685
 20
281.17411593749466
 10
329.27633333333335
 20
281.17411593749466
 10
329.7841666666667
 20
281.17411593749466
 10
330.29200000000003
 20
281.17411593749466
 10
330.79983333333337
 20
281.17411593749466
 10
331.3076666666667
 20
281.17411593749466
 10
331.81550000000004
 20
281.17411593749466
 10
332.3233333333334
 20
281.17411593749466
 10
332.8311666666667
 20
281.17411593749466
 10
333.339
 20
281.17411593749466
 10
333.84683333333334
 20
281.17411593749466
 10
334.3546666666667
 20
281.17411593749466
  0
LWPOLYLINE
  5
190
330
17
100
AcDbEntity
  8
02-OCULTA
100
AcDbPolyline
 90
2
 70
0
 10
334.3546666666667
 20
281.17411593749466
 10
334.3546666666667
 20
291.17411593749466
  0
LWPOLYLINE
  5
191
330
17
100
AcDbEntity
  8
02-OCULTA
100
AcDbPolyline
 90
57
 70
0
 10
336.3546666666667
 20
281.17411593749466
 10
335.8479523809524
 20
281.17411593749466
 10
335.3412380952381
 20
281.17411593749466
 10
334.83452380952383
 20
281.17411593749466
 10
334.32780952380955
 20
281.17411593749466
 10
333.82109523809527
 20
281.17411593749466
 10
333.314380952381
 20
281.17411593749466
 10
332.8076666666667
 20
281.17411593749466
 10
332.3009523809524
 20
281.17411593749466
 10
331.79423809523814
 20
281.17411593749466
 10
331.2875238095238
 20
281.17411593749466
 10
330.7808095238095
 20
281.17411593749466
 10
330.27409523809524
 20
281.17411593749466
 10
329.76738095238096
 20
281.17411593749466
 10
329.2606666666667
 20
281.17411593749466
 10
328.7539523809524
 20
281.17411593749466
 10
328.2472380952381
 20
281.17411593749466
 10
327.74052380952384
 20
281.17411593749466
 10
327.23380952380955
 20
281.17411593749466
 10
326.7270952380953
 20
281.17411593749466
 10
326.220380952381
 20
281.17411593749466
 10
325.71366666666665
 20
281.17411593749466
 10
325.2069523809524
 20
281.17411593749466
 10
324.7002380952381
 20
281.17411593749466
 10
324.1935238095238
 20
281.17411593749466
 10
323.68680952380953
 20
281.17411593749466
 10
323.18009523809525
 20
281.17411593749466
 10
322.67338095238097
 20
281.17411593749466
 10
322.1666666666667
 20
281.17411593749466
 10
321.6599523809524
 20
281.17411593749466
 10
321.1532380952381
 20
281.17411593749466
 10
320.64652380952384
 20
281.17411593749466
 10
320.13980952380956
 20
281.17411593749466
 10
319.6330952380953
 20
281.17411593749466
 10
319.12638095238094
 20
281.17411593749466
 10
318.61966666666666
 20
281.17411593749466
 10
318.1129523809524
 20
281.17411593749466
 10
317.6062380952381
 20
281.17411593749466
 10
317.0995238095238
 20
281.17411593749466
 10
316.59280952380954
 20
281.17411593749466
 10
316.08609523809525
 20
281.17411593749466
 10
315.579380952381
 20
281.17411593749466
 10
315.0726666666667
 20
281.17411593749466
 10
314.5659523809524
 20
281.17411593749466
 10
314.05923809523813
 20
281.17411593749466
 10
313.55252380952385
 20
281.17411593749466
 10
313.04580952380957
 20
281.17411593749466
 10
312.5390952380953
 20
281.17411593749466
 10
312.03238095238095
 20
281.17411593749466
 10
311.52566666666667
 20
281.17411593749466
 10
311.0189523809524
 20
281.17411593749466
 10
310.5122380952381
 20
281.17411593749466
 10
310.0055238095238
 20
281.17411593749466
 10
309.49880952380954
 20
281.17411593749466
 10
308.99209523809526
 20
281.17411593749466
 10
308.485380952381
 20
281.17411593749466
 10
307.9786666666667
 20
281.17411593749466
  0
LWPOLYLINE
  5
192
330
17
100
AcDbEntity
  8
02-OCULTA
100
AcDbPolyline
 90
57
 70
0
 10
307.9786666666667
 20
281.17411593749466
 10
308.485380952381
 20
281.17411593749466
 10
308.99209523809526
 20
281.17411593749466
 10
309.49880952380954
 20
281.17411593749466
 10
310.0055238095238
 20
281.17411593749466
 10
310.5122380952381
 20
281.17411593749466
 10
311.0189523809524
 20
281.17411593749466
 10
311.52566666666667
 20
281.17411593749466
 10
312.03238095238095
 20
281.17411593749466
 10
312.53909523809523
 20
281.17411593749466
 10
313.04580952380957
 20
281.17411593749466
 10
313.55252380952385
 20
281.17411593749466
 10
314.05923809523813
 20
281.17411593749466
 10
314.5659523809524
 20
281.17411593749466
 10
315.0726666666667
 20
281.17411593749466
 10
315.579380952381
 20
281.17411593749466
 10
316.08609523809525
 20
281.17411593749466
 10
316.59280952380954
 20
281.17411593749466
 10
317.0995238095238
 20
281.17411593749466
 10
317.6062380952381
 20
281.17411593749466
 10
318.1129523809524
 20
281.17411593749466
 10
318.6196666666667
 20
281.17411593749466
 10
319.12638095238094
 20
281.17411593749466
 10
319.6330952380953
 20
281.17411593749466
 10
320.13980952380956
 20
281.17411593749466
 10
320.64652380952384
 20
281.17411593749466
 10
321.1532380952381
 20
281.17411593749466
 10
321.6599523809524
 20
281.17411593749466
 10
322.1666666666667
 20
281.17411593749466
 10
322.67338095238097
 20
281.17411593749466
 10
323.18009523809525
 20
281.17411593749466
 10
323.68680952380953
 20
281.17411593749466
 10
324.1935238095238
 20
281.17411593749466
 10
324.7002380952381
 20
281.17411593749466
 10
325.2069523809524
 20
281.17411593749466
 10
325.7136666666667
 20
281.17411593749466
 10
326.220380952381
 20
281.17411593749466
 10
326.7270952380953
 20
281.17411593749466
 10
327.23380952380955
 20
281.17411593749466
 10
327.74052380952384
 20
281.17411593749466
 10
328.2472380952381
 20
281.17411593749466
 10
328.7539523809524
 20
281.17411593749466
 10
329.2606666666667
 20
281.17411593749466
 10
329.76738095238096
 20
281.17411593749466
 10
330.27409523809524
 20
281.17411593749466
 10
330.7808095238095
 20
281.17411593749466
 10
331.2875238095238
 20
281.17411593749466
 10
331.7942380952381
 20
281.17411593749466
 10
332.30095238095237
 20
281.17411593749466
 10
332.8076666666667
 20
281.17411593749466
 10
333.314380952381
 20
281.17411593749466
 10
333.82109523809527
 20
281.17411593749466
 10
334.32780952380955
 20
281.17411593749466
 10
334.83452380952383
 20
281.17411593749466
 10
335.3412380952381
 20
281.17411593749466
 10
335.8479523809524
 20
281.17411593749466
 10
336.3546666666667
 20
281.17411593749466
  0
LWPOLYLINE
  5
193
330
17
100
AcDbEntity
  8
02-OCULTA
100
AcDbPolyline
 90
2
 70
0
 10
336.3546666666667
 20
269.17411593749466
 10
336.3546666666667
 20
281.17411593749466
  0
LWPOLYLINE
  5
194
330
17
100
AcDbEntity
  8
02-OCULTA
100
AcDbPolyline
 90
42
 70
0
 10
336.3546666666667
 20
269.17411593749466
 10
335.8479523809524
 20
269.17411593749466
 10
335.3412380952381
 20
269.17411593749466
 10
334.83452380952383
 20
269.17411593749466
 10
334.32780952380955
 20
269.17411593749466
 10
333.82109523809527
 20
269.17411593749466
 10
333.314380952381
 20
269.17411593749466
 10
332.8076666666667
 20
269.17411593749466
 10
332.3009523809524
 20
269.17411593749466
 10
331.79423809523814
 20
269.17411593749466
 10
331.2875238095238
 20
269.17411593749466
 10
330.7808095238095
 20
269.17411593749466
 10
330.27409523809524
 20
269.17411593749466
 10
329.76738095238096
 20
269.17411593749466
 10
329.2606666666667
 20
269.17411593749466
 10
328.7539523809524
 20
269.17411593749466
 10
328.2472380952381
 20
269.17411593749466
 10
327.74052380952384
 20
269.17411593749466
 10
327.23380952380955
 20
269.17411593749466
 10
326.7270952380953
 20
269.17411593749466
 10
326.220380952381
 20
269.17411593749466
 10
325.71366666666665
 20
269.17411593749466
 10
325.2069523809524
 20
269.17411593749466
 10
324.7002380952381
 20
269.17411593749466
 10
324.1935238095238
 20
269.17411593749466
 10
323.68680952380953
 20
269.17411593749466
 10
323.18009523809525
 20
269.17411593749466
 10
322.67338095238097
 20
269.17411593749466
 10
322.1666666666667
 20
269.17411593749466
 10
321.6599523809524
 20
269.17411593749466
 10
321.1532380952381
 20
269.17411593749466
 10
320.64652380952384
 20
269.17411593749466
 10
320.13980952380956
 20
269.17411593749466
 10
319.6330952380953
 20
269.17411593749466
 10
319.12638095238094
 20
269.17411593749466
 10
318.61966666666666
 20
269.17411593749466
 10
318.1129523809524
 20
269.17411593749466
 10
317.6062380952381
 20
269.17411593749466
 10
317.0995238095238
 20
269.17411593749466
 10
316.59280952380954
 20
269.17411593749466
 10
316.08609523809525
 20
269.17411593749466
 10
315.77712889529425
 20
269.17411593749466
  0
LWPOLYLINE
  5
195
330
17
100
AcDbEntity
  8
02-OCULTA
100
AcDbPolyline
 90
42
 70
0
 10
315.77712889529425
 20
269.17411593749466
 10
316.08609523809525
 20
269.17411593749466
 10
316.59280952380954
 20
269.17411593749466
 10
317.0995238095238
 20
269.17411593749466
 10
317.6062380952381
 20
269.17411593749466
 10
318.1129523809524
 20
269.17411593749466
 10
318.6196666666667
 20
269.17411593749466
 10
319.12638095238094
 20
269.17411593749466
 10
319.6330952380953
 20
269.17411593749466
 10
320.13980952380956
 20
269.17411593749466
 10
320.64652380952384
 20
269.17411593749466
 10
321.1532380952381
 20
269.17411593749466
 10
321.6599523809524
 20
269.17411593749466
 10
322.1666666666667
 20
269.17411593749466
 10
322.67338095238097
 20
269.17411593749466
 10
323.18009523809525
 20
269.17411593749466
 10
323.68680952380953
 20
269.17411593749466
 10
324.1935238095238
 20
269.17411593749466
 10
324.7002380952381
 20
269.17411593749466
 10
325.2069523809524
 20
269.17411593749466
 10
325.7136666666667
 20
269.17411593749466
 10
326.220380952381
 20
269.17411593749466
 10
326.7270952380953
 20
269.17411593749466
 10
327.23380952380955
 20
269.17411593749466
 10
327.74052380952384
 20
269.17411593749466
 10
328.2472380952381
 20
269.17411593749466
 10
328.7539523809524
 20
269.17411593749466
 10
329.2606666666667
 20
269.17411593749466
 10
329.76738095238096
 20
269.17411593749466
 10
330.27409523809524
 20
269.17411593749466
 10
330.7808095238095
 20
269.17411593749466
 10
331.2875238095238
 20
269.17411593749466
 10
331.7942380952381
 20
269.17411593749466
 10
332.30095238095237
 20
269.17411593749466
 10
332.8076666666667
 20
269.17411593749466
 10
333.314380952381
 20
269.17411593749466
 10
333.82109523809527
 20
269.17411593749466
 10
334.32780952380955
 20
269.17411593749466
 10
334.83452380952383
 20
269.17411593749466
 10
335.3412380952381
 20
269.17411593749466
 10
335.8479523809524
 20
269.17411593749466
 10
336.3546666666667
 20
269.17411593749466
  0
LWPOLYLINE
  5
196
330
17
100
AcDbEntity
  8
02-OCULTA
100
AcDbPolyline
 90
45
 70
0
 10
333.3546666666667
 20
281.17411593749466
 10
332.8461212121212
 20
281.17411593749466
 10
332.3375757575758
 20
281.17411593749466
 10
331.8290303030303
 20
281.17411593749466
 10
331.32048484848485
 20
281.17411593749466
 10
330.81193939393944
 20
281.17411593749466
 10
330.30339393939397
 20
281.17411593749466
 10
329.7948484848485
 20
281.17411593749466
 10
329.28630303030303
 20
281.17411593749466
 10
328.7777575757576
 20
281.17411593749466
 10
328.26921212121215
 20
281.17411593749466
 10
327.7606666666667
 20
281.17411593749466
 10
327.2521212121212
 20
281.17411593749466
 10
326.7435757575758
 20
281.17411593749466
 10
326.2350303030303
 20
281.17411593749466
 10
325.72648484848486
 20
281.17411593749466
 10
325.2179393939394
 20
281.17411593749466
 10
324.709393939394
 20
281.17411593749466
 10
324.2008484848485
 20
281.17411593749466
 10
323.69230303030304
 20
281.17411593749466
 10
323.18375757575757
 20
281.17411593749466
 10
322.67521212121216
 20
281.17411593749466
 10
322.1666666666667
 20
281.17411593749466
 10
321.6581212121212
 20
281.17411593749466
 10
321.1495757575758
 20
281.17411593749466
 10
320.64103030303033
 20
281.17411593749466
 10
320.13248484848486
 20
281.17411593749466
 10
319.6239393939394
 20
281.17411593749466
 10
319.1153939393939
 20
281.17411593749466
 10
318.6068484848485
 20
281.17411593749466
 10
318.09830303030304
 20
281.17411593749466
 10
317.5897575757576
 20
281.17411593749466
 10
317.08121212121216
 20
281.17411593749466
 10
316.5726666666667
 20
281.17411593749466
 10
316.0641212121212
 20
281.17411593749466
 10
315.55557575757575
 20
281.17411593749466
 10
315.04703030303034
 20
281.17411593749466
 10
314.53848484848487
 20
281.17411593749466
 10
314.0299393939394
 20
281.17411593749466
 10
313.52139393939393
 20
281.17411593749466
 10
313.0128484848485
 20
281.17411593749466
 10
312.50430303030305
 20
281.17411593749466
 10
311.9957575757576
 20
281.17411593749466
 10
311.48721212121217
 20
281.17411593749466
 10
310.9786666666667
 20
281.17411593749466
  0
LWPOLYLINE
  5
197
330
17
100
AcDbEntity
  8
02-OCULTA
100
AcDbPolyline
 90
45
 70
0
 10
310.9786666666667
 20
281.17411593749466
 10
311.4872121212121
 20
281.17411593749466
 10
311.9957575757576
 20
281.17411593749466
 10
312.50430303030305
 20
281.17411593749466
 10
313.0128484848485
 20
281.17411593749466
 10
313.521393939394
 20
281.17411593749466
 10
314.0299393939394
 20
281.17411593749466
 10
314.53848484848487
 20
281.17411593749466
 10
315.04703030303034
 20
281.17411593749466
 10
315.55557575757575
 20
281.17411593749466
 10
316.0641212121212
 20
281.17411593749466
 10
316.5726666666667
 20
281.17411593749466
 10
317.08121212121216
 20
281.17411593749466
 10
317.5897575757576
 20
281.17411593749466
 10
318.09830303030304
 20
281.17411593749466
 10
318.6068484848485
 20
281.17411593749466
 10
319.115393939394
 20
281.17411593749466
 10
319.6239393939394
 20
281.17411593749466
 10
320.13248484848486
 20
281.17411593749466
 10
320.64103030303033
 20
281.17411593749466
 10
321.1495757575758
 20
281.17411593749466
 10
321.6581212121212
 20
281.17411593749466
 10
322.1666666666667
 20
281.17411593749466
 10
322.67521212121216
 20
281.17411593749466
 10
323.18375757575757
 20
281.17411593749466
 10
323.69230303030304
 20
281.17411593749466
 10
324.2008484848485
 20
281.17411593749466
 10
324.709393939394
 20
281.17411593749466
 10
325.21793939393945
 20
281.17411593749466
 10
325.72648484848486
 20
281.17411593749466
 10
326.2350303030303
 20
281.17411593749466
 10
326.7435757575758
 20
281.17411593749466
 10
327.2521212121212
 20
281.17411593749466
 10
327.7606666666667
 20
281.17411593749466
 10
328.26921212121215
 20
281.17411593749466
 10
328.7777575757576
 20
281.17411593749466
 10
329.28630303030303
 20
281.17411593749466
 10
329.7948484848485
 20
281.17411593749466
 10
330.30339393939397
 20
281.17411593749466
 10
330.81193939393944
 20
281.17411593749466
 10
331.32048484848485
 20
281.17411593749466
 10
331.8290303030303
 20
281.17411593749466
 10
332.3375757575758
 20
281.17411593749466
 10
332.84612121212126
 20
281.17411593749466
 10
333.3546666666667
 20
281.17411593749466
  0
LWPOLYLINE
  5
198
330
17
100
AcDbEntity
  8
02-OCULTA
100
AcDbPolyline
 90
36
 70
0
 10
333.3546666666667
 20
269.17411593749466
 10
332.8461212121212
 20
269.17411593749466
 10
332.3375757575758
 20
269.17411593749466
 10
331.8290303030303
 20
269.17411593749466
 10
331.32048484848485
 20
269.17411593749466
 10
330.81193939393944
 20
269.17411593749466
 10
330.30339393939397
 20
269.17411593749466
 10
329.7948484848485
 20
269.17411593749466
 10
329.28630303030303
 20
269.17411593749466
 10
328.7777575757576
 20
269.17411593749466
 10
328.26921212121215
 20
269.17411593749466
 10
327.7606666666667
 20
269.17411593749466
 10
327.2521212121212
 20
269.17411593749466
 10
326.7435757575758
 20
269.17411593749466
 10
326.2350303030303
 20
269.17411593749466
 10
325.72648484848486
 20
269.17411593749466
 10
325.2179393939394
 20
269.17411593749466
 10
324.709393939394
 20
269.17411593749466
 10
324.2008484848485
 20
269.17411593749466
 10
323.69230303030304
 20
269.17411593749466
 10
323.18375757575757
 20
269.17411593749466
 10
322.67521212121216
 20
269.17411593749466
 10
322.1666666666667
 20
269.17411593749466
 10
321.6581212121212
 20
269.17411593749466
 10
321.1495757575758
 20
269.17411593749466
 10
320.64103030303033
 20
269.17411593749466
 10
320.13248484848486
 20
269.17411593749466
 10
319.6239393939394
 20
269.17411593749466
 10
319.1153939393939
 20
269.17411593749466
 10
318.6068484848485
 20
269.17411593749466
 10
318.09830303030304
 20
269.17411593749466
 10
317.5897575757576
 20
269.17411593749466
 10
317.08121212121216
 20
269.17411593749466
 10
316.5726666666667
 20
269.17411593749466
 10
316.0641212121212
 20
269.17411593749466
 10
315.77712889529425
 20
269.17411593749466
  0
LWPOLYLINE
  5
199
330
17
100
AcDbEntity
  8
02-OCULTA
100
AcDbPolyline
 90
36
 70
0
 10
315.77712889529425
 20
269.17411593749466
 10
316.0641212121212
 20
269.17411593749466
 10
316.5726666666667
 20
269.17411593749466
 10
317.08121212121216
 20
269.17411593749466
 10
317.5897575757576
 20
269.17411593749466
 10
318.09830303030304
 20
269.17411593749466
 10
318.6068484848485
 20
269.17411593749466
 10
319.115393939394
 20
269.17411593749466
 10
319.6239393939394
 20
269.17411593749466
 10
320.13248484848486
 20
269.17411593749466
 10
320.64103030303033
 20
269.17411593749466
 10
321.1495757575758
 20
269.17411593749466
 10
321.6581212121212
 20
269.17411593749466
 10
322.1666666666667
 20
269.17411593749466
 10
322.67521212121216
 20
269.17411593749466
 10
323.18375757575757
 20
269.17411593749466
 10
323.69230303030304
 20
269.17411593749466
 10
324.2008484848485
 20
269.17411593749466
 10
324.709393939394
 20
269.17411593749466
 10
325.21793939393945
 20
269.17411593749466
 10
325.72648484848486
 20
269.17411593749466
 10
326.2350303030303
 20
269.17411593749466
 10
326.7435757575758
 20
269.17411593749466
 10
327.2521212121212
 20
269.17411593749466
 10
327.7606666666667
 20
269.17411593749466
 10
328.26921212121215
 20
269.17411593749466
 10
328.7777575757576
 20
269.17411593749466
 10
329.28630303030303
 20
269.17411593749466
 10
329.7948484848485
 20
269.17411593749466
 10
330.30339393939397
 20
269.17411593749466
 10
330.81193939393944
 20
269.17411593749466
 10
331.32048484848485
 20
269.17411593749466
 10
331.8290303030303
 20
269.17411593749466
 10
332.3375757575758
 20
269.17411593749466
 10
332.84612121212126
 20
269.17411593749466
 10
333.3546666666667
 20
269.17411593749466
  0
LWPOLYLINE
  5
19A
330
17
100
AcDbEntity
  8
02-OCULTA
100
AcDbPolyline
 90
2
 70
0
 10
333.3546666666667
 20
269.17411593749466
 10
333.3546666666667
 20
281.17411593749466
  0
LWPOLYLINE
  5
19B
330
17
100
AcDbEntity
  8
02-OCULTA
100
AcDbPolyline
 90
2
 70
0
 10
307.1666666666667
 20
312.05503710702146
 10
307.1666666666667
 20
335.3788446864028
  0
LWPOLYLINE
  5
19C
330
17
100
AcDbEntity
  8
02-OCULTA
100
AcDbPolyline
 90
2
 70
0
 10
307.1666666666667
 20
349.1068206131174
 10
307.1666666666667
 20
350.34288859061724
  0
LWPOLYLINE
  5
19D
330
17
100
AcDbEntity
  8
02-OCULTA
100
AcDbPolyline
 90
2
 70
0
 10
307.1666666666667
 20
291.17411593749466
 10
307.1666666666667
 20
350.34288859061724
  0
LWPOLYLINE
  5
19E
330
17
100
AcDbEntity
  8
02-OCULTA
100
AcDbPolyline
 90
29
 70
0
 10
307.1666666666667
 20
304.88318636608756
 10
307.1666666666667
 20
305.38318636608756
 10
307.1666666666667
 20
305.88318636608756
 10
307.1666666666667
 20
306.38318636608756
 10
307.1666666666667
 20
306.88318636608756
 10
307.1666666666667
 20
307.38318636608756
 10
307.1666666666667
 20
307.88318636608756
 10
307.1666666666667
 20
308.38318636608756
 10
307.1666666666667
 20
308.88318636608756
 10
307.1666666666667
 20
309.38318636608756
 10
307.1666666666667
 20
309.88318636608756
 10
307.1666666666667
 20
310.38318636608756
 10
307.1666666666667
 20
310.88318636608756
 10
307.1666666666667
 20
311.38318636608756
 10
307.1666666666667
 20
311.88318636608756
 10
307.1666666666667
 20
312.38318636608756
 10
307.1666666666667
 20
312.88318636608756
 10
307.1666666666667
 20
313.38318636608756
 10
307.1666666666667
 20
313.88318636608756
 10
307.1666666666667
 20
314.38318636608756
 10
307.1666666666667
 20
314.88318636608756
 10
307.1666666666667
 20
315.38318636608756
 10
307.1666666666667
 20
315.88318636608756
 10
307.1666666666667
 20
316.38318636608756
 10
307.1666666666667
 20
316.88318636608756
 10
307.1666666666667
 20
317.38318636608756
 10
307.1666666666667
 20
317.88318636608756
 10
307.1666666666667
 20
318.38318636608756
 10
307.1666666666667
 20
318.88318636608756
  0
LWPOLYLINE
  5
19F
330
17
100
AcDbEntity
  8
02-OCULTA
100
AcDbPolyline
 90
29
 70
0
 10
307.1666666666667
 20
318.88318636608756
 10
307.1666666666667
 20
318.38318636608756
 10
307.1666666666667
 20
317.88318636608756
 10
307.1666666666667
 20
317.38318636608756
 10
307.1666666666667
 20
316.88318636608756
 10
307.1666666666667
 20
316.38318636608756
 10
307.1666666666667
 20
315.88318636608756
 10
307.1666666666667
 20
315.38318636608756
 10
307.1666666666667
 20
314.88318636608756
 10
307.1666666666667
 20
314.38318636608756
 10
307.1666666666667
 20
313.88318636608756
 10
307.1666666666667
 20
313.38318636608756
 10
307.1666666666667
 20
312.88318636608756
 10
307.1666666666667
 20
312.38318636608756
 10
307.1666666666667
 20
311.88318636608756
 10
307.1666666666667
 20
311.38318636608756
 10
307.1666666666667
 20
310.88318636608756
 10
307.1666666666667
 20
310.38318636608756
 10
307.1666666666667
 20
309.88318636608756
 10
307.1666666666667
 20
309.38318636608756
 10
307.1666666666667
 20
308.88318636608756
 10
307.1666666666667
 20
308.38318636608756
 10
307.1666666666667
 20
307.88318636608756
 10
307.1666666666667
 20
307.38318636608756
 10
307.1666666666667
 20
306.88318636608756
 10
307.1666666666667
 20
306.38318636608756
 10
307.1666666666667
 20
305.88318636608756
 10
307.1666666666667
 20
305.38318636608756
 10
307.1666666666667
 20
304.88318636608756
  0
LWPOLYLINE
  5
1A0
330
17
100
AcDbEntity
  8
02-OCULTA
100
AcDbPolyline
 90
7
 70
0
 10
307.1666666666667
 20
350.34288859061724
 10
307.30473785412437
 20
350.34288859061724
 10
307.4428090415821
 20
350.34288859061724
 10
307.5808802290398
 20
350.34288859061724
 10
307.7189514164975
 20
350.34288859061724
 10
307.85702260395516
 20
350.34288859061724
 10
307.9950937914129
 20
350.34288859061724
  0
LWPOLYLINE
  5
1A1
330
17
100
AcDbEntity
  8
02-OCULTA
100
AcDbPolyline
 90
9
 70
0
 10
307.1666666666667
 20
350.34288859061724
 10
307.6666666666667
 20
350.34288859061724
 10
308.1666666666667
 20
350.34288859061724
 10
308.6666666666667
 20
350.34288859061724
 10
309.1666666666667
 20
350.34288859061724
 10
309.6666666666667
 20
350.34288859061724
 10
310.1666666666667
 20
350.34288859061724
 10
310.6666666666667
 20
350.34288859061724
 10
311.1666666666667
 20
350.34288859061724
  0
LWPOLYLINE
  5
1A2
330
17
100
AcDbEntity
  8
02-OCULTA
100
AcDbPolyline
 90
2
 70
0
 10
311.1666666666667
 20
350.34288859061724
 10
333.1666666666667
 20
350.34288859061724
  0
LWPOLYLINE
  5
1A3
330
17
100
AcDbEntity
  8
02-OCULTA
100
AcDbPolyline
 90
9
 70
0
 10
337.1666666666667
 20
350.34288859061724
 10
336.6666666666667
 20
350.34288859061724
 10
336.1666666666667
 20
350.34288859061724
 10
335.6666666666667
 20
350.34288859061724
 10
335.1666666666667
 20
350.34288859061724
 10
334.6666666666667
 20
350.34288859061724
 10
334.1666666666667
 20
350.34288859061724
 10
333.6666666666667
 20
350.34288859061724
 10
333.1666666666667
 20
350.34288859061724
  0
LWPOLYLINE
  5
1A4
330
17
100
AcDbEntity
  8
02-OCULTA
100
AcDbPolyline
 90
8
 70
0
 10
307.1666666666667
 20
291.17411593749466
 10
307.73809523809524
 20
291.17411593749466
 10
308.30952380952385
 20
291.17411593749466
 10
308.8809523809524
 20
291.17411593749466
 10
309.45238095238096
 20
291.17411593749466
 10
310.0238095238095
 20
291.17411593749466
 10
310.59523809523813
 20
291.17411593749466
 10
311.1666666666667
 20
291.17411593749466
  0
LWPOLYLINE
  5
1A5
330
17
100
AcDbEntity
  8
02-OCULTA
100
AcDbPolyline
 90
9
 70
0
 10
307.1666666666667
 20
291.17411593749466
 10
307.6666666666667
 20
291.17411593749466
 10
308.1666666666667
 20
291.17411593749466
 10
308.6666666666667
 20
291.17411593749466
 10
309.1666666666667
 20
291.17411593749466
 10
309.6666666666667
 20
291.17411593749466
 10
310.1666666666667
 20
291.17411593749466
 10
310.6666666666667
 20
291.17411593749466
 10
311.1666666666667
 20
291.17411593749466
  0
LWPOLYLINE
  5
1A6
330
17
100
AcDbEntity
  8
02-OCULTA
100
AcDbPolyline
 90
2
 70
0
 10
311.1666666666667
 20
291.17411593749466
 10
333.1666666666667
 20
291.17411593749466
  0
LWPOLYLINE
  5
1A7
330
17
100
AcDbEntity
  8
02-OCULTA
100
AcDbPolyline
 90
2
 70
0
 10
311.1666666666667
 20
291.17411593749466
 10
333.1666666666667
 20
291.17411593749466
  0
LWPOLYLINE
  5
1A8
330
17
100
AcDbEntity
  8
02-OCULTA
100
AcDbPolyline
 90
8
 70
0
 10
337.1666666666667
 20
291.17411593749466
 10
336.59523809523813
 20
291.17411593749466
 10
336.0238095238095
 20
291.17411593749466
 10
335.45238095238096
 20
291.17411593749466
 10
334.8809523809524
 20
291.17411593749466
 10
334.30952380952385
 20
291.17411593749466
 10
333.73809523809524
 20
291.17411593749466
 10
333.1666666666667
 20
291.17411593749466
  0
LWPOLYLINE
  5
1A9
330
17
100
AcDbEntity
  8
02-OCULTA
100
AcDbPolyline
 90
9
 70
0
 10
337.1666666666667
 20
291.17411593749466
 10
336.6666666666667
 20
291.17411593749466
 10
336.1666666666667
 20
291.17411593749466
 10
335.6666666666667
 20
291.17411593749466
 10
335.1666666666667
 20
291.17411593749466
 10
334.6666666666667
 20
291.17411593749466
 10
334.1666666666667
 20
291.17411593749466
 10
333.6666666666667
 20
291.17411593749466
 10
333.1666666666667
 20
291.17411593749466
  0
LWPOLYLINE
  5
1AA
330
17
100
AcDbEntity
  8
02-OCULTA
100
AcDbPolyline
 90
29
 70
0
 10
294.1666666666667
 20
304.88318636608756
 10
294.1666666666667
 20
305.38318636608756
 10
294.1666666666667
 20
305.88318636608756
 10
294.1666666666667
 20
306.38318636608756
 10
294.1666666666667
 20
306.88318636608756
 10
294.1666666666667
 20
307.38318636608756
 10
294.1666666666667
 20
307.88318636608756
 10
294.1666666666667
 20
308.38318636608756
 10
294.1666666666667
 20
308.88318636608756
 10
294.1666666666667
 20
309.38318636608756
 10
294.1666666666667
 20
309.88318636608756
 10
294.1666666666667
 20
310.38318636608756
 10
294.1666666666667
 20
310.88318636608756
 10
294.1666666666667
 20
311.38318636608756
 10
294.1666666666667
 20
311.88318636608756
 10
294.1666666666667
 20
312.38318636608756
 10
294.1666666666667
 20
312.88318636608756
 10
294.1666666666667
 20
313.38318636608756
 10
294.1666666666667
 20
313.88318636608756
 10
294.1666666666667
 20
314.38318636608756
 10
294.1666666666667
 20
314.88318636608756
 10
294.1666666666667
 20
315.38318636608756
 10
294.1666666666667
 20
315.88318636608756
 10
294.1666666666667
 20
316.38318636608756
 10
294.1666666666667
 20
316.88318636608756
 10
294.1666666666667
 20
317.38318636608756
 10
294.1666666666667
 20
317.88318636608756
 10
294.1666666666667
 20
318.38318636608756
 10
294.1666666666667
 20
318.88318636608756
  0
LWPOLYLINE
  5
1AB
330
17
100
AcDbEntity
  8
02-OCULTA
100
AcDbPolyline
 90
29
 70
0
 10
294.1666666666667
 20
318.88318636608756
 10
294.1666666666667
 20
318.38318636608756
 10
294.1666666666667
 20
317.88318636608756
 10
294.1666666666667
 20
317.38318636608756
 10
294.1666666666667
 20
316.88318636608756
 10
294.1666666666667
 20
316.38318636608756
 10
294.1666666666667
 20
315.88318636608756
 10
294.1666666666667
 20
315.38318636608756
 10
294.1666666666667
 20
314.88318636608756
 10
294.1666666666667
 20
314.38318636608756
 10
294.1666666666667
 20
313.88318636608756
 10
294.1666666666667
 20
313.38318636608756
 10
294.1666666666667
 20
312.88318636608756
 10
294.1666666666667
 20
312.38318636608756
 10
294.1666666666667
 20
311.88318636608756
 10
294.1666666666667
 20
311.38318636608756
 10
294.1666666666667
 20
310.88318636608756
 10
294.1666666666667
 20
310.38318636608756
 10
294.1666666666667
 20
309.88318636608756
 10
294.1666666666667
 20
309.38318636608756
 10
294.1666666666667
 20
308.88318636608756
 10
294.1666666666667
 20
308.38318636608756
 10
294.1666666666667
 20
307.88318636608756
 10
294.1666666666667
 20
307.38318636608756
 10
294.1666666666667
 20
306.88318636608756
 10
294.1666666666667
 20
306.38318636608756
 10
294.1666666666667
 20
305.88318636608756
 10
294.1666666666667
 20
305.38318636608756
 10
294.1666666666667
 20
304.88318636608756
  0
LWPOLYLINE
  5
1AC
330
17
100
AcDbEntity
  8
02-OCULTA
100
AcDbPolyline
 90
142
 70
0
 10
326.6666666666667
 20
323.7169408967121
 10
326.6621994999366
 20
323.9174017282785
 10
326.64880686889234
 20
324.1174645634193
 10
326.6265153633632
 20
324.31673219589413
 10
326.59536924107
 20
324.5148089982638
 10
326.5554303397555
 20
324.71130170737194
 10
326.5067779544114
 20
324.90582020513295
 10
326.4495086798452
 20
325.0979782930749
 10
326.38373621890065
 20
325.2873944591014
 10
326.3095911567106
 20
325.47369263494784
 10
326.22722070143294
 20
325.6565029428307
 10
326.13678839198195
 20
325.8354624298054
 10
326.03847377333733
 20
326.0102157883757
 10
325.9324720400739
 20
326.18041606192435
 10
325.81899364882105
 20
326.34572533356254
 10
325.69826390042067
 20
326.5058153970332
 10
325.5705224926128
 20
326.66036840833397
 10
325.43602304413844
 20
326.80907751676705
 10
325.2950325912026
 20
326.95164747416277
 10
325.1478310572989
 20
327.0877952210677
 10
324.9947106974473
 20
327.21725044873267
 10
324.8359755179488
 20
327.33975613578616
 10
324.67194067280906
 20
327.4550690585262
 10
324.50293183802927
 20
327.5629602738186
 10
324.3292845650068
 20
327.6632155736421
 10
324.15134361432854
 20
327.7556359103793
 10
323.96946227128115
 20
327.8400377920061
 10
323.7840016444355
 20
327.91625364639935
 10
323.59532994869915
 20
327.9841321540349
 10
323.40382177425965
 20
328.0435385484192
 10
323.2098573428706
 20
328.0943548836548
 10
323.0138217529562
 20
328.1364802686121
 10
322.8161042150344
 20
328.1698310672384
 10
322.6170972789751
 20
328.1943410646104
 10
322.41719605462896
 20
328.20996159839683
 10
322.2167974273731
 20
328.2166616554738
 10
322.01629927013215
 20
328.2144279334983
 10
321.81609965343836
 20
328.20326486731835
 10
321.6165960550993
 20
328.1831946201687
 10
321.4181845710426
 20
328.1542570396673
 10
321.2212591289039
 20
328.1165095787014
 10
321.0262107059204
 20
328.07002718136096
 10
320.8334265526813
 20
328.0149021341432
 10
320.643289424278
 20
327.95124388272677
 10
320.4561768203789
 20
327.8791788146772
 10
320.2724602357392
 20
327.79885000851664
 10
320.092504422632
 20
327.710416949654
 10
319.9166666666667
 20
327.61405521374206
 10
319.74529607743153
 20
327.50995611808776
 10
319.57873289536855
 20
327.3983263418095
 10
319.41730781625796
 20
327.27938751549516
 10
319.26134133465206
 20
327.1533757811751
 10
319.11114310756324
 20
327.0205413234835
 10
318.96701133966826
 20
326.88114787294023
 10
318.82923219125087
 20
326.73547218233864
 10
318.6980792100568
 20
326.5838034772779
 10
318.57381278819014
 20
326.426442881933
 10
318.45667964512876
 20
326.2637028211998
 10
318.34691233788595
 20
326.09590640040506
 10
318.24472879928965
 20
325.9233867638102
 10
318.1503319052972
 20
325.7464864331846
 10
318.06390907220384
 20
325.56555662776
 10
317.985631884545
 20
325.38095656691735
 10
317.91565575443104
 20
325.19305275699014
 10
317.8541196129911
 20
325.00221826359984
 10
317.8011456345378
 20
324.8088319709684
 10
317.75683899400207
 20
324.6132778296794
 10
317.72128765811726
 20
324.4159440943788
 10
317.69456221077013
 20
324.21722255293207
 10
317.6767157128625
 20
324.0175077485652
 10
317.667783596964
 20
323.81719619653575
 10
317.667783596964
 20
323.6166855968885
 10
317.6767157128625
 20
323.416374044859
 10
317.69456221077013
 20
323.21665924049216
 10
317.72128765811726
 20
323.01793769904543
 10
317.75683899400207
 20
322.8206039637448
 10
317.8011456345378
 20
322.6250498224558
 10
317.8541196129911
 20
322.4316635298244
 10
317.91565575443104
 20
322.2408290364341
 10
317.985631884545
 20
322.0529252265069
 10
318.06390907220384
 20
321.86832516566426
 10
318.1503319052972
 20
321.68739536023963
 10
318.24472879928965
 20
321.51049502961405
 10
318.34691233788595
 20
321.3379753930192
 10
318.45667964512876
 20
321.17017897222445
 10
318.57381278819014
 20
321.00743891149125
 10
318.6980792100568
 20
320.8500783161463
 10
318.82923219125087
 20
320.6984096110856
 10
318.96701133966826
 20
320.552733920484
 10
319.11114310756324
 20
320.41334046994075
 10
319.26134133465206
 20
320.28050601224913
 10
319.41730781625796
 20
320.1544942779291
 10
319.57873289536855
 20
320.03555545161475
 10
319.74529607743153
 20
319.9239256753365
 10
319.9166666666667
 20
319.81982657968217
 10
320.092504422632
 20
319.7234648437702
 10
320.2724602357392
 20
319.6350317849076
 10
320.4561768203789
 20
319.55470297874706
 10
320.643289424278
 20
319.48263791069746
 10
320.8334265526813
 20
319.41897965928104
 10
321.0262107059204
 20
319.3638546120633
 10
321.2212591289039
 20
319.3173722147228
 10
321.4181845710426
 20
319.27962475375693
 10
321.6165960550993
 20
319.2506871732555
 10
321.81609965343836
 20
319.2306169261059
 10
322.01629927013215
 20
319.2194538599259
 10
322.2167974273731
 20
319.21722013795045
 10
322.41719605462896
 20
319.2239201950274
 10
322.6170972789751
 20
319.23954072881384
 10
322.8161042150344
 20
319.2640507261858
 10
323.0138217529562
 20
319.29740152481213
 10
323.2098573428706
 20
319.33952690976946
 10
323.40382177425965
 20
319.39034324500506
 10
323.59532994869915
 20
319.4497496393893
 10
323.7840016444355
 20
319.5176281470249
 10
323.96946227128115
 20
319.5938440014181
 10
324.15134361432854
 20
319.67824588304495
 10
324.3292845650068
 20
319.77066621978213
 10
324.50293183802927
 20
319.87092151960564
 10
324.67194067280906
 20
319.97881273489804
 10
324.8359755179488
 20
320.0941256576381
 10
324.9947106974473
 20
320.21663134469156
 10
325.1478310572989
 20
320.3460865723565
 10
325.2950325912026
 20
320.48223431926147
 10
325.43602304413844
 20
320.6248042766572
 10
325.5705224926128
 20
320.77351338509027
 10
325.69826390042067
 20
320.92806639639105
 10
325.81899364882105
 20
321.0881564598617
 10
325.9324720400739
 20
321.2534657314999
 10
326.03847377333733
 20
321.4236660050485
 10
326.13678839198195
 20
321.59841936361886
 10
326.22722070143294
 20
321.77737885059355
 10
326.3095911567106
 20
321.9601891584764
 10
326.38373621890065
 20
322.14648733432284
 10
326.4495086798452
 20
322.33590350034933
 10
326.5067779544114
 20
322.5280615882913
 10
326.5554303397555
 20
322.7225800860523
 10
326.59536924107
 20
322.91907279516045
 10
326.6265153633632
 20
323.1171495975301
 10
326.64880686889234
 20
323.31641723000496
 10
326.6621994999366
 20
323.51648006514574
 10
326.6666666666667
 20
323.7169408967121
  0
LWPOLYLINE
  5
1AD
330
17
100
AcDbEntity
  8
02-OCULTA
100
AcDbPolyline
 90
2
 70
0
 10
337.1666666666667
 20
312.05503710702146
 10
337.1666666666667
 20
337.38315812869916
  0
LWPOLYLINE
  5
1AE
330
17
100
AcDbEntity
  8
02-OCULTA
100
AcDbPolyline
 90
2
 70
0
 10
337.1666666666667
 20
343.302618918735
 10
337.1666666666667
 20
348.034442399829
  0
LWPOLYLINE
  5
1AF
330
17
100
AcDbEntity
  8
02-OCULTA
100
AcDbPolyline
 90
2
 70
0
 10
337.1666666666667
 20
291.17411593749466
 10
337.1666666666667
 20
350.34288859061724
  0
LWPOLYLINE
  5
1B0
330
17
100
AcDbEntity
  8
02-OCULTA
100
AcDbPolyline
 90
142
 70
0
 10
326.6666666666667
 20
323.7169408967121
 10
326.6621994999366
 20
323.9174017282785
 10
326.64880686889234
 20
324.1174645634193
 10
326.6265153633632
 20
324.31673219589413
 10
326.59536924107
 20
324.5148089982638
 10
326.5554303397555
 20
324.71130170737194
 10
326.5067779544114
 20
324.90582020513295
 10
326.4495086798452
 20
325.0979782930749
 10
326.38373621890065
 20
325.2873944591014
 10
326.3095911567106
 20
325.47369263494784
 10
326.22722070143294
 20
325.6565029428307
 10
326.13678839198195
 20
325.8354624298054
 10
326.03847377333733
 20
326.0102157883757
 10
325.9324720400739
 20
326.18041606192435
 10
325.81899364882105
 20
326.34572533356254
 10
325.69826390042067
 20
326.5058153970332
 10
325.5705224926128
 20
326.66036840833397
 10
325.43602304413844
 20
326.80907751676705
 10
325.2950325912026
 20
326.95164747416277
 10
325.1478310572989
 20
327.0877952210677
 10
324.9947106974473
 20
327.21725044873267
 10
324.8359755179488
 20
327.33975613578616
 10
324.67194067280906
 20
327.4550690585262
 10
324.50293183802927
 20
327.5629602738186
 10
324.3292845650068
 20
327.6632155736421
 10
324.15134361432854
 20
327.7556359103793
 10
323.96946227128115
 20
327.8400377920061
 10
323.7840016444355
 20
327.91625364639935
 10
323.59532994869915
 20
327.9841321540349
 10
323.40382177425965
 20
328.0435385484192
 10
323.2098573428706
 20
328.0943548836548
 10
323.0138217529562
 20
328.1364802686121
 10
322.8161042150344
 20
328.1698310672384
 10
322.6170972789751
 20
328.1943410646104
 10
322.41719605462896
 20
328.20996159839683
 10
322.2167974273731
 20
328.2166616554738
 10
322.01629927013215
 20
328.2144279334983
 10
321.81609965343836
 20
328.20326486731835
 10
321.6165960550993
 20
328.1831946201687
 10
321.4181845710426
 20
328.1542570396673
 10
321.2212591289039
 20
328.1165095787014
 10
321.0262107059204
 20
328.07002718136096
 10
320.8334265526813
 20
328.0149021341432
 10
320.643289424278
 20
327.95124388272677
 10
320.4561768203789
 20
327.8791788146772
 10
320.2724602357392
 20
327.79885000851664
 10
320.092504422632
 20
327.710416949654
 10
319.9166666666667
 20
327.61405521374206
 10
319.74529607743153
 20
327.50995611808776
 10
319.57873289536855
 20
327.3983263418095
 10
319.41730781625796
 20
327.27938751549516
 10
319.26134133465206
 20
327.1533757811751
 10
319.11114310756324
 20
327.0205413234835
 10
318.96701133966826
 20
326.88114787294023
 10
318.82923219125087
 20
326.73547218233864
 10
318.6980792100568
 20
326.5838034772779
 10
318.57381278819014
 20
326.426442881933
 10
318.45667964512876
 20
326.2637028211998
 10
318.34691233788595
 20
326.09590640040506
 10
318.24472879928965
 20
325.9233867638102
 10
318.1503319052972
 20
325.7464864331846
 10
318.06390907220384
 20
325.56555662776
 10
317.985631884545
 20
325.38095656691735
 10
317.91565575443104
 20
325.19305275699014
 10
317.8541196129911
 20
325.00221826359984
 10
317.8011456345378
 20
324.8088319709684
 10
317.75683899400207
 20
324.6132778296794
 10
317.72128765811726
 20
324.4159440943788
 10
317.69456221077013
 20
324.21722255293207
 10
317.6767157128625
 20
324.0175077485652
 10
317.667783596964
 20
323.81719619653575
 10
317.667783596964
 20
323.6166855968885
 10
317.6767157128625
 20
323.416374044859
 10
317.69456221077013
 20
323.21665924049216
 10
317.72128765811726
 20
323.01793769904543
 10
317.75683899400207
 20
322.8206039637448
 10
317.8011456345378
 20
322.6250498224558
 10
317.8541196129911
 20
322.4316635298244
 10
317.91565575443104
 20
322.2408290364341
 10
317.985631884545
 20
322.0529252265069
 10
318.06390907220384
 20
321.86832516566426
 10
318.1503319052972
 20
321.68739536023963
 10
318.24472879928965
 20
321.51049502961405
 10
318.34691233788595
 20
321.3379753930192
 10
318.45667964512876
 20
321.17017897222445
 10
318.57381278819014
 20
321.00743891149125
 10
318.6980792100568
 20
320.8500783161463
 10
318.82923219125087
 20
320.6984096110856
 10
318.96701133966826
 20
320.552733920484
 10
319.11114310756324
 20
320.41334046994075
 10
319.26134133465206
 20
320.28050601224913
 10
319.41730781625796
 20
320.1544942779291
 10
319.57873289536855
 20
320.03555545161475
 10
319.74529607743153
 20
319.9239256753365
 10
319.9166666666667
 20
319.81982657968217
 10
320.092504422632
 20
319.7234648437702
 10
320.2724602357392
 20
319.6350317849076
 10
320.4561768203789
 20
319.55470297874706
 10
320.643289424278
 20
319.48263791069746
 10
320.8334265526813
 20
319.41897965928104
 10
321.0262107059204
 20
319.3638546120633
 10
321.2212591289039
 20
319.3173722147228
 10
321.4181845710426
 20
319.27962475375693
 10
321.6165960550993
 20
319.2506871732555
 10
321.81609965343836
 20
319.2306169261059
 10
322.01629927013215
 20
319.2194538599259
 10
322.2167974273731
 20
319.21722013795045
 10
322.41719605462896
 20
319.2239201950274
 10
322.6170972789751
 20
319.23954072881384
 10
322.8161042150344
 20
319.2640507261858
 10
323.0138217529562
 20
319.29740152481213
 10
323.2098573428706
 20
319.33952690976946
 10
323.40382177425965
 20
319.39034324500506
 10
323.59532994869915
 20
319.4497496393893
 10
323.7840016444355
 20
319.5176281470249
 10
323.96946227128115
 20
319.5938440014181
 10
324.15134361432854
 20
319.67824588304495
 10
324.3292845650068
 20
319.77066621978213
 10
324.50293183802927
 20
319.87092151960564
 10
324.67194067280906
 20
319.97881273489804
 10
324.8359755179488
 20
320.0941256576381
 10
324.9947106974473
 20
320.21663134469156
 10
325.1478310572989
 20
320.3460865723565
 10
325.2950325912026
 20
320.48223431926147
 10
325.43602304413844
 20
320.6248042766572
 10
325.5705224926128
 20
320.77351338509027
 10
325.69826390042067
 20
320.92806639639105
 10
325.81899364882105
 20
321.0881564598617
 10
325.9324720400739
 20
321.2534657314999
 10
326.03847377333733
 20
321.4236660050485
 10
326.13678839198195
 20
321.59841936361886
 10
326.22722070143294
 20
321.77737885059355
 10
326.3095911567106
 20
321.9601891584764
 10
326.38373621890065
 20
322.14648733432284
 10
326.4495086798452
 20
322.33590350034933
 10
326.5067779544114
 20
322.5280615882913
 10
326.5554303397555
 20
322.7225800860523
 10
326.59536924107
 20
322.91907279516045
 10
326.6265153633632
 20
323.1171495975301
 10
326.64880686889234
 20
323.31641723000496
 10
326.6621994999366
 20
323.51648006514574
 10
326.6666666666667
 20
323.7169408967121
  0
LWPOLYLINE
  5
1B1
330
17
100
AcDbEntity
  8
02-OCULTA
100
AcDbPolyline
 90
597
 70
0
 10
341.1666666666667
 20
323.7169408967121
 10
341.1656108541646
 20
323.9172400737921
 10
341.1624435339994
 20
324.1175169899906
 10
341.1571650581813
 20
324.3177493868998
 10
341.1497760133502
 20
324.5179150110599
 10
341.14027722071114
 20
324.7179916164324
 10
341.1286697359423
 20
324.91795696687177
 10
341.11495484907823
 20
325.1177888385971
 10
341.09913408436614
 20
325.3174650226624
 10
341.0812092000967
 20
325.5169633274244
 10
341.0611821884085
 20
325.7162615810089
 10
341.0390552750668
 20
325.91533763377504
 10
341.01483091921597
 20
326.11416936077694
 10
340.9885118131063
 20
326.31273466422283
 10
340.96010088179474
 20
326.51101147593056
 10
340.9296012828199
 20
326.7089777597805
 10
340.897016405851
 20
326.9066115141644
 10
340.86234987231126
 20
327.10389077443097
 10
340.82560553497535
 20
327.30079361532637
 10
340.78678747754134
 20
327.49729815343176
 10
340.74590001417647
 20
327.69338254959473
 10
340.70294768903824
 20
327.88902501135647
 10
340.6579352757689
 20
328.08420379537415
 10
340.6108677769652
 20
328.2788972098373
 10
340.5617504236222
 20
328.4730836168785
 10
340.5105886745521
 20
328.666741434978
 10
340.4573882157775
 20
328.8598491413626
 10
340.40215495989935
 20
329.0523852743976
 10
340.34489504543996
 20
329.24432843597174
 10
340.2856148361608
 20
329.4356572938756
 10
340.2243209203551
 20
329.6263505841723
 10
340.1610201101158
 20
329.8163871135607
 10
340.0957194405784
 20
330.0057457617312
 10
340.028426169139
 20
330.1944054837122
 10
339.9591477746478
 20
330.38234531220974
 10
339.88789195657796
 20
330.5695443599375
 10
339.81466663416995
 20
330.755981821938
 10
339.7394799455511
 20
330.9416369778953
 10
339.6623402468316
 20
331.1264891944371
 10
339.58325611117544
 20
331.3105179274287
 10
339.5022363278478
 20
331.4937027242556
 10
339.41928990123813
 20
331.67602322609685
 10
339.3344260498596
 20
331.8574591701878
 10
339.24765420532424
 20
332.0379903920717
 10
339.1589840112951
 20
332.21759682784113
 10
339.0684253224142
 20
332.39625851636765
 10
338.9759882032074
 20
332.5739556015202
 10
338.88168292696594
 20
332.7506683343721
 10
338.7855199746044
 20
332.92637707539575
 10
338.6875100334963
 20
333.10106229664507
 10
338.587663996286
 20
333.2747045839267
 10
338.485992959678
 20
333.44728463895626
 10
338.3825082232042
 20
333.61878328150453
 10
338.27722128796745
 20
333.7891814515283
 10
338.170143855364
 20
333.95846021128864
 10
338.06128782578236
 20
334.1266007474562
 10
337.95066529728115
 20
334.29358437320127
 10
337.8382885642445
 20
334.4593925302713
 10
337.7241701160155
 20
334.62400679105326
 10
337.60832263550833
 20
334.7874088606212
 10
337.4907589977985
 20
334.9495805787702
 10
337.37149226869224
 20
335.11050392203424
 10
337.2505357032742
 20
335.27016100568926
 10
337.1279027444341
 20
335.42853408574115
 10
337.0036070213733
 20
335.5856055608973
 10
336.87766234808936
 20
335.74135797452357
 10
336.7500827218414
 20
335.89577401658335
 10
336.62088232159414
 20
336.04883652556214
 10
336.49007550644194
 20
336.20052849037484
 10
336.3576768140134
 20
336.35083305225555
 10
336.2237009588553
 20
336.4997335066324
 10
336.08816283079744
 20
336.6472133049831
 10
335.9510774932977
 20
336.7932560566743
 10
335.8124601817681
 20
336.93784553078376
 10
335.6723263018811
 20
337.0809656579037
 10
335.5306914278582
 20
337.22260053192656
 10
335.38757130073833
 20
337.36273441181345
 10
335.24298182662886
 20
337.5013517233432
 10
335.0969390749376
 20
337.6384370608429
 10
334.949459276587
 20
337.77397518890075
 10
334.8005588222102
 20
337.9079510440588
 10
334.65025426032935
 20
338.0403497364873
 10
334.4985622955167
 20
338.17115655163957
 10
334.34549978653786
 20
338.3003569518869
 10
334.1910837444781
 20
338.4279365781348
 10
334.03533133085193
 20
338.5538812514187
 10
333.8782598556957
 20
338.6781769744796
 10
333.7198867756439
 20
338.80080993331956
 10
333.5602296919888
 20
338.9217664987377
 10
333.39930634872485
 20
339.04103322784397
 10
333.2371346305758
 20
339.1585968655537
 10
333.07373256100783
 20
339.27444434606093
 10
332.9091183002259
 20
339.3885627942899
 10
332.74331014315584
 20
339.50093952732664
 10
332.57632651741073
 20
339.6115620558278
 10
332.40818598124326
 20
339.7204180854094
 10
332.23890722148286
 20
339.82749551801294
 10
332.06850905145916
 20
339.9327824532496
 10
331.89701040891083
 20
340.0362671897234
 10
331.7244303538812
 20
340.13793822633136
 10
331.5507880665997
 20
340.2377842635418
 10
331.37610284535026
 20
340.3357942046499
 10
331.20039410432673
 20
340.4319571570114
 10
331.0236813714748
 20
340.5262624332529
 10
330.8459842863222
 20
340.6186995524597
 10
330.66732259779576
 20
340.70925824134054
 10
330.4877161620263
 20
340.7979284353697
 10
330.30718494014235
 20
340.884700279905
 10
330.1257489960514
 20
340.9695641312836
 10
329.94342849421014
 20
341.05251055789324
 10
329.76024369738326
 20
341.1335303412209
 10
329.5762149643917
 20
341.2126144768771
 10
329.3913627478498
 20
341.2897541755965
 10
329.2057075918926
 20
341.3649408642153
 10
329.01927012989205
 20
341.43816618662345
 10
328.8320710821643
 20
341.5094220046932
 10
328.6441312536667
 20
341.5787003991844
 10
328.45547153168576
 20
341.64599367062385
 10
328.2661128835153
 20
341.7112943401613
 10
328.0760763541268
 20
341.7745951504005
 10
327.88538306383015
 20
341.8358890662063
 10
327.6940542059263
 20
341.8951692754854
 10
327.50211104435215
 20
341.9524291899447
 10
327.30957491131716
 20
342.0076624458229
 10
327.1164672049325
 20
342.06086290459757
 10
326.922809386833
 20
342.1120246536676
 10
326.7286229797919
 20
342.16114200701065
 10
326.5339295653287
 20
342.20820950581435
 10
326.338750781311
 20
342.25322191908367
 10
326.14310831954924
 20
342.2961742442219
 10
325.9470239233864
 20
342.3370617075867
 10
325.750519385281
 20
342.37587976502084
 10
325.5536165443855
 20
342.41262410235674
 10
325.356337284119
 20
342.4472906358965
 10
325.158703529735
 20
342.4798755128653
 10
324.9607372458851
 20
342.5103751118402
 10
324.7624604341774
 20
342.53878604315173
 10
324.5638951307315
 20
342.5651051492614
 10
324.36506340372955
 20
342.58932950511223
 10
324.1659873509634
 20
342.61145641845394
 10
323.966689097379
 20
342.6314834301421
 10
323.76719079261704
 20
342.6494083144115
 10
323.5675146085517
 20
342.6652290791236
 10
323.3676827368263
 20
342.67894396598774
 10
323.167717386387
 20
342.69055145075663
 10
322.96764078101455
 20
342.7000502433957
 10
322.7674751568543
 20
342.70743928822674
 10
322.5672427599451
 20
342.7127177640449
 10
322.3669658437467
 20
342.7158850842101
 10
322.1666666666667
 20
342.7169408967121
 10
321.9663674895867
 20
342.7158850842101
 10
321.7660905733883
 20
342.7127177640449
 10
321.5658581764791
 20
342.70743928822674
 10
321.3656925523188
 20
342.7000502433957
 10
321.1656159469464
 20
342.69055145075663
 10
320.9656505965071
 20
342.67894396598774
 10
320.7658187247817
 20
342.6652290791236
 10
320.5661425407163
 20
342.6494083144115
 10
320.36664423595437
 20
342.6314834301421
 10
320.16734598236997
 20
342.61145641845394
 10
319.9682699296038
 20
342.58932950511223
 10
319.76943820260186
 20
342.5651051492614
 10
319.570872899156
 20
342.53878604315173
 10
319.37259608744824
 20
342.5103751118402
 10
319.17462980359835
 20
342.4798755128653
 10
318.9769960492144
 20
342.4472906358965
 10
318.7797167889479
 20
342.41262410235674
 10
318.5828139480524
 20
342.37587976502084
 10
318.386309409947
 20
342.3370617075867
 10
318.19022501378413
 20
342.2961742442219
 10
317.9945825520224
 20
342.25322191908367
 10
317.79940376800465
 20
342.20820950581435
 10
317.60471035354146
 20
342.16114200701065
 10
317.41052394650035
 20
342.1120246536676
 10
317.21686612840085
 20
342.06086290459757
 10
317.0237584220162
 20
342.0076624458229
 10
316.8312222889812
 20
341.9524291899447
 10
316.63927912740706
 20
341.8951692754854
 10
316.4479502695032
 20
341.8358890662063
 10
316.25725697920655
 20
341.7745951504005
 10
316.0672204498181
 20
341.7112943401613
 10
315.8778618016476
 20
341.64599367062385
 10
315.68920207966664
 20
341.5787003991844
 10
315.50126225116907
 20
341.5094220046932
 10
315.3140632034413
 20
341.43816618662345
 10
315.1276257414408
 20
341.3649408642153
 10
314.94197058548355
 20
341.2897541755965
 10
314.7571183689417
 20
341.212614476877
 10
314.5730896359501
 20
341.1335303412209
 10
314.38990483912323
 20
341.05251055789324
 10
314.2075843372819
 20
340.9695641312836
 10
314.026148393191
 20
340.884700279905
 10
313.8456171713071
 20
340.7979284353697
 10
313.6660107355376
 20
340.70925824134054
 10
313.48734904701115
 20
340.6186995524597
 10
313.30965196185855
 20
340.5262624332529
 10
313.13293922900664
 20
340.4319571570114
 10
312.9572304879831
 20
340.3357942046499
 10
312.7825452667337
 20
340.2377842635418
 10
312.6089029794522
 20
340.13793822633136
 10
312.43632292442254
 20
340.0362671897234
 10
312.2648242818742
 20
339.9327824532496
 10
312.0944261118505
 20
339.82749551801294
 10
311.9251473520901
 20
339.7204180854094
 10
311.75700681592264
 20
339.6115620558278
 10
311.59002319017753
 20
339.50093952732664
 10
311.4242150331075
 20
339.3885627942899
 10
311.25960077232554
 20
339.27444434606093
 10
311.0961987027576
 20
339.1585968655537
 10
310.9340269846085
 20
339.04103322784397
 10
310.77310364134456
 20
338.9217664987377
 10
310.6134465576895
 20
338.80080993331956
 10
310.4550734776377
 20
338.6781769744796
 10
310.29800200248144
 20
338.5538812514187
 10
310.1422495888553
 20
338.4279365781348
 10
309.9878335467955
 20
338.3003569518869
 10
309.83477103781667
 20
338.17115655163957
 10
309.683079073004
 20
338.0403497364873
 10
309.5327745111232
 20
337.9079510440588
 10
309.3838740567464
 20
337.77397518890075
 10
309.23639425839576
 20
337.6384370608429
 10
309.0903515067045
 20
337.5013517233432
 10
308.94576203259504
 20
337.36273441181345
 10
308.8026419054752
 20
337.22260053192656
 10
308.66100703145224
 20
337.0809656579037
 10
308.5208731515653
 20
336.93784553078376
 10
308.38225584003567
 20
336.7932560566743
 10
308.2451705025359
 20
336.6472133049831
 10
308.10963237447805
 20
336.4997335066324
 10
307.97565651931995
 20
336.35083305225555
 10
307.84325782689143
 20
336.2005284903747
 10
307.71245101173923
 20
336.04883652556214
 10
307.58325061149196
 20
335.89577401658335
 10
307.455670985244
 20
335.74135797452357
 10
307.3297263119601
 20
335.5856055608973
 10
307.2054305888993
 20
335.42853408574115
 10
307.0827976300592
 20
335.27016100568926
 10
306.96184106464113
 20
335.11050392203424
 10
306.8425743355349
 20
334.9495805787702
 10
306.72501069782504
 20
334.7874088606212
 10
306.60916321731787
 20
334.62400679105326
 10
306.49504476908885
 20
334.4593925302713
 10
306.3826680360522
 20
334.29358437320127
 10
306.272045507551
 20
334.1266007474562
 10
306.16318947796935
 20
333.95846021128864
 10
306.0561120453659
 20
333.7891814515283
 10
305.9508251101292
 20
333.61878328150453
 10
305.84734037365536
 20
333.44728463895626
 10
305.7456693370474
 20
333.2747045839267
 10
305.64582329983705
 20
333.10106229664507
 10
305.54781335872894
 20
332.92637707539575
 10
305.45165040636743
 20
332.7506683343721
 10
305.35734513012596
 20
332.5739556015202
 10
305.26490801091916
 20
332.39625851636765
 10
305.17434932203827
 20
332.21759682784113
 10
305.08567912800913
 20
332.0379903920717
 10
304.9989072834738
 20
331.8574591701878
 10
304.91404343209524
 20
331.67602322609685
 10
304.83109700548556
 20
331.4937027242556
 10
304.7500772221579
 20
331.3105179274287
 10
304.67099308650177
 20
331.1264891944371
 10
304.59385338778225
 20
330.9416369778953
 10
304.5186666991634
 20
330.755981821938
 10
304.4454413767554
 20
330.5695443599375
 10
304.37418555868555
 20
330.38234531220974
 10
304.3049071641944
 20
330.1944054837122
 10
304.23761389275495
 20
330.0057457617312
 10
304.17231322321754
 20
329.8163871135607
 10
304.10901241297825
 20
329.6263505841723
 10
304.0477184971726
 20
329.4356572938756
 10
303.9884382878934
 20
329.24432843597174
 10
303.931178373434
 20
329.0523852743976
 10
303.8759451175559
 20
328.8598491413626
 10
303.8227446587813
 20
328.666741434978
 10
303.7715829097112
 20
328.4730836168785
 10
303.72246555636815
 20
328.2788972098373
 10
303.67539805756445
 20
328.08420379537415
 10
303.6303856442951
 20
327.88902501135647
 10
303.5874333191569
 20
327.69338254959473
 10
303.54654585579203
 20
327.49729815343176
 10
303.507727798358
 20
327.30079361532637
 10
303.4709834610221
 20
327.10389077443097
 10
303.4363169274824
 20
326.9066115141644
 10
303.4037320505135
 20
326.7089777597805
 10
303.3732324515386
 20
326.51101147593056
 10
303.3448215202271
 20
326.31273466422283
 10
303.3185024141174
 20
326.11416936077694
 10
303.2942780582665
 20
325.91533763377504
 10
303.27215114492486
 20
325.7162615810089
 10
303.2521241332367
 20
325.5169633274244
 10
303.23419924896723
 20
325.3174650226624
 10
303.21837848425514
 20
325.1177888385971
 10
303.20466359739106
 20
324.91795696687177
 10
303.19305611262223
 20
324.7179916164324
 10
303.18355731998315
 20
324.5179150110599
 10
303.1761682751521
 20
324.3177493868998
 10
303.17088979933396
 20
324.1175169899906
 10
303.1677224791688
 20
323.9172400737921
 10
303.1666666666667
 20
323.7169408967121
 10
303.1677224791688
 20
323.51664171963216
 10
303.17088979933396
 20
323.31636480343377
 10
303.1761682751521
 20
323.11613240652446
 10
303.18355731998315
 20
322.9159667823643
 10
303.19305611262223
 20
322.7158901769918
 10
303.20466359739106
 20
322.51592482655246
 10
303.21837848425514
 20
322.3160929548271
 10
303.23419924896723
 20
322.1164167707618
 10
303.2521241332367
 20
321.91691846599986
 10
303.27215114492486
 20
321.71762021241534
 10
303.29427805826657
 20
321.5185441596492
 10
303.3185024141174
 20
321.3197124326473
 10
303.3448215202271
 20
321.1211471292014
 10
303.3732324515386
 20
320.9228703174937
 10
303.4037320505135
 20
320.7249040336437
 10
303.4363169274824
 20
320.5272702792598
 10
303.4709834610221
 20
320.32999101899327
 10
303.507727798358
 20
320.13308817809786
 10
303.54654585579203
 20
319.93658363999236
 10
303.58743331915684
 20
319.7404992438295
 10
303.6303856442951
 20
319.54485678206777
 10
303.67539805756445
 20
319.3496779980501
 10
303.72246555636815
 20
319.15498458358695
 10
303.7715829097112
 20
318.9607981765457
 10
303.8227446587813
 20
318.7671403584462
 10
303.8759451175559
 20
318.57403265206165
 10
303.931178373434
 20
318.38149651902665
 10
303.9884382878934
 20
318.1895533574525
 10
304.0477184971726
 20
317.99822449954866
 10
304.10901241297825
 20
317.80753120925203
 10
304.17231322321754
 20
317.6174946798635
 10
304.23761389275495
 20
317.42813603169304
 10
304.3049071641944
 20
317.239476309712
 10
304.37418555868555
 20
317.0515364812145
 10
304.4454413767554
 20
316.86433743348675
 10
304.5186666991634
 20
316.6778999714862
 10
304.59385338778225
 20
316.49224481552903
 10
304.67099308650177
 20
316.3073925989871
 10
304.7500772221579
 20
316.12336386599554
 10
304.83109700548556
 20
315.9401790691686
 10
304.91404343209524
 20
315.7578585673274
 10
304.9989072834738
 20
315.57642262323645
 10
305.08567912800913
 20
315.3958914013525
 10
305.17434932203827
 20
315.2162849655831
 10
305.26490801091916
 20
315.0376232770566
 10
305.35734513012596
 20
314.85992619190404
 10
305.45165040636743
 20
314.6832134590521
 10
305.54781335872894
 20
314.5075047180285
 10
305.64582329983705
 20
314.33281949677917
 10
305.7456693370474
 20
314.15917720949756
 10
305.84734037365536
 20
313.986597154468
 10
305.9508251101292
 20
313.8150985119197
 10
306.0561120453659
 20
313.64470034189594
 10
306.16318947796935
 20
313.4754215821356
 10
306.272045507551
 20
313.3072810459681
 10
306.3826680360522
 20
313.14029742022296
 10
306.49504476908885
 20
312.9744892631529
 10
306.60916321731787
 20
312.809875002371
 10
306.72501069782504
 20
312.646472932803
 10
306.8425743355349
 20
312.484301214654
 10
306.96184106464113
 20
312.32337787139
 10
307.0827976300592
 20
312.163720787735
 10
307.2054305888993
 20
312.0053477076831
 10
307.3297263119601
 20
311.8482762325269
 10
307.455670985244
 20
311.69252381890067
 10
307.58325061149196
 20
311.5381077768409
 10
307.71245101173923
 20
311.3850452678621
 10
307.84325782689143
 20
311.2333533030495
 10
307.97565651931995
 20
311.0830487411687
 10
308.10963237447805
 20
310.9341482867918
 10
308.2451705025359
 20
310.78666848844114
 10
308.38225584003567
 20
310.64062573674994
 10
308.5208731515653
 20
310.4960362626405
 10
308.66100703145224
 20
310.35291613552056
 10
308.8026419054752
 20
310.2112812614977
 10
308.94576203259504
 20
310.0711473816108
 10
309.0903515067045
 20
309.93253007008104
 10
309.23639425839576
 20
309.79544473258136
 10
309.3838740567464
 20
309.6599066045235
 10
309.5327745111232
 20
309.52593074936544
 10
309.683079073004
 20
309.3935320569369
 10
309.83477103781667
 20
309.26272524178466
 10
309.9878335467955
 20
309.13352484153734
 10
310.14224958885524
 20
309.00594521528944
 10
310.29800200248144
 20
308.8800005420055
 10
310.45507347763765
 20
308.75570481894465
 10
310.6134465576895
 20
308.6330718601047
 10
310.7731036413445
 20
308.5121152946865
 10
310.9340269846085
 20
308.39284856558027
 10
311.0961987027576
 20
308.27528492787053
 10
311.25960077232554
 20
308.1594374473633
 10
311.4242150331075
 20
308.04531899913434
 10
311.59002319017753
 20
307.9329422660976
 10
311.75700681592264
 20
307.82231973759644
 10
311.9251473520901
 20
307.71346370801484
 10
312.0944261118505
 20
307.6063862754113
 10
312.2648242818742
 20
307.5010993401746
 10
312.43632292442254
 20
307.39761460370084
 10
312.6089029794522
 20
307.2959435670929
 10
312.7825452667337
 20
307.1960975298824
 10
312.9572304879831
 20
307.0980875887743
 10
313.13293922900664
 20
307.0019246364128
 10
313.30965196185855
 20
306.90761936017134
 10
313.48734904701115
 20
306.81518224096453
 10
313.6660107355376
 20
306.7246235520837
 10
313.8456171713071
 20
306.6359533580545
 10
314.026148393191
 20
306.5491815135192
 10
314.2075843372819
 20
306.4643176621406
 10
314.38990483912323
 20
306.381371235531
 10
314.5730896359501
 20
306.30035145220336
 10
314.7571183689417
 20
306.22126731654726
 10
314.94197058548355
 20
306.14412761782773
 10
315.1276257414408
 20
306.0689409292089
 10
315.3140632034413
 20
305.9957156068008
 10
315.50126225116907
 20
305.92445978873104
 10
315.68920207966664
 20
305.8551813942398
 10
315.8778618016476
 20
305.7878881228004
 10
316.0672204498181
 20
305.7225874532629
 10
316.25725697920655
 20
305.65928664302373
 10
316.4479502695032
 20
305.59799272721807
 10
316.63927912740706
 20
305.53871251793885
 10
316.8312222889812
 20
305.4814526034795
 10
317.0237584220162
 20
305.4262193476013
 10
317.21686612840085
 20
305.37301888882666
 10
317.41052394650035
 20
305.3218571397566
 10
317.60471035354146
 20
305.2727397864136
 10
317.79940376800465
 20
305.2256722876099
 10
317.9945825520224
 20
305.18065987434056
 10
318.19022501378413
 20
305.13770754920233
 10
318.386309409947
 20
305.0968200858375
 10
318.5828139480524
 20
305.0580020284034
 10
318.7797167889479
 20
305.0212576910675
 10
318.9769960492144
 20
304.98659115752776
 10
319.17462980359835
 20
304.95400628055893
 10
319.37259608744824
 20
304.92350668158406
 10
319.570872899156
 20
304.8950957502725
 10
319.76943820260186
 20
304.86877664416284
 10
319.9682699296038
 20
304.844552288312
 10
320.16734598236997
 20
304.8224253749703
 10
320.36664423595437
 20
304.8023983632821
 10
320.5661425407163
 20
304.7844734790127
 10
320.7658187247817
 20
304.76865271430063
 10
320.9656505965071
 20
304.7549378274365
 10
321.1656159469464
 20
304.7433303426676
 10
321.3656925523188
 20
304.7338315500285
 10
321.5658581764791
 20
304.7264425051975
 10
321.7660905733883
 20
304.72116402937934
 10
321.9663674895867
 20
304.71799670921416
 10
322.1666666666667
 20
304.7169408967121
 10
322.3669658437467
 20
304.71799670921416
 10
322.5672427599451
 20
304.72116402937934
 10
322.7674751568543
 20
304.7264425051975
 10
322.9676407810145
 20
304.7338315500285
 10
323.167717386387
 20
304.7433303426676
 10
323.3676827368263
 20
304.7549378274365
 10
323.5675146085517
 20
304.76865271430063
 10
323.76719079261704
 20
304.7844734790127
 10
323.966689097379
 20
304.8023983632821
 10
324.1659873509634
 20
304.8224253749703
 10
324.36506340372955
 20
304.844552288312
 10
324.5638951307315
 20
304.86877664416284
 10
324.7624604341774
 20
304.8950957502725
 10
324.9607372458851
 20
304.92350668158406
 10
325.158703529735
 20
304.95400628055893
 10
325.356337284119
 20
304.98659115752776
 10
325.5536165443855
 20
305.0212576910675
 10
325.750519385281
 20
305.0580020284034
 10
325.9470239233864
 20
305.0968200858375
 10
326.14310831954924
 20
305.13770754920233
 10
326.338750781311
 20
305.18065987434056
 10
326.5339295653287
 20
305.2256722876099
 10
326.7286229797919
 20
305.2727397864136
 10
326.922809386833
 20
305.3218571397566
 10
327.1164672049325
 20
305.37301888882666
 10
327.30957491131716
 20
305.4262193476013
 10
327.50211104435215
 20
305.4814526034795
 10
327.6940542059263
 20
305.53871251793885
 10
327.88538306383015
 20
305.59799272721796
 10
328.0760763541268
 20
305.65928664302373
 10
328.26611288351535
 20
305.7225874532629
 10
328.45547153168576
 20
305.7878881228004
 10
328.6441312536667
 20
305.8551813942398
 10
328.8320710821643
 20
305.92445978873104
 10
329.01927012989205
 20
305.9957156068008
 10
329.2057075918926
 20
306.0689409292089
 10
329.3913627478498
 20
306.14412761782773
 10
329.5762149643917
 20
306.22126731654726
 10
329.76024369738326
 20
306.30035145220336
 10
329.94342849421014
 20
306.381371235531
 10
330.1257489960514
 20
306.4643176621406
 10
330.30718494014235
 20
306.5491815135192
 10
330.4877161620263
 20
306.6359533580545
 10
330.66732259779576
 20
306.7246235520837
 10
330.8459842863222
 20
306.81518224096453
 10
331.0236813714748
 20
306.90761936017134
 10
331.20039410432673
 20
307.0019246364129
 10
331.37610284535026
 20
307.0980875887743
 10
331.5507880665997
 20
307.1960975298824
 10
331.7244303538812
 20
307.2959435670929
 10
331.89701040891083
 20
307.39761460370084
 10
332.06850905145916
 20
307.5010993401746
 10
332.23890722148286
 20
307.6063862754113
 10
332.40818598124326
 20
307.71346370801484
 10
332.57632651741073
 20
307.82231973759644
 10
332.74331014315584
 20
307.9329422660976
 10
332.9091183002259
 20
308.04531899913434
 10
333.07373256100783
 20
308.1594374473633
 10
333.2371346305758
 20
308.27528492787053
 10
333.39930634872485
 20
308.39284856558027
 10
333.5602296919888
 20
308.5121152946865
 10
333.71988677564383
 20
308.6330718601047
 10
333.87825985569566
 20
308.75570481894465
 10
334.03533133085193
 20
308.8800005420055
 10
334.1910837444781
 20
309.00594521528944
 10
334.34549978653786
 20
309.13352484153734
 10
334.4985622955167
 20
309.26272524178466
 10
334.65025426032935
 20
309.3935320569368
 10
334.8005588222101
 20
309.52593074936544
 10
334.949459276587
 20
309.6599066045235
 10
335.0969390749376
 20
309.79544473258136
 10
335.24298182662886
 20
309.93253007008104
 10
335.38757130073833
 20
310.0711473816108
 10
335.5306914278582
 20
310.2112812614977
 10
335.6723263018811
 20
310.35291613552056
 10
335.8124601817681
 20
310.4960362626405
 10
335.9510774932977
 20
310.64062573674994
 10
336.08816283079744
 20
310.78666848844114
 10
336.2237009588553
 20
310.9341482867918
 10
336.3576768140134
 20
311.0830487411687
 10
336.49007550644194
 20
311.2333533030495
 10
336.62088232159414
 20
311.3850452678621
 10
336.7500827218414
 20
311.5381077768409
 10
336.87766234808936
 20
311.69252381890067
 10
337.0036070213733
 20
311.8482762325269
 10
337.1279027444341
 20
312.0053477076831
 10
337.2505357032742
 20
312.163720787735
 10
337.37149226869224
 20
312.32337787139
 10
337.4907589977985
 20
312.484301214654
 10
337.60832263550833
 20
312.646472932803
 10
337.7241701160155
 20
312.809875002371
 10
337.8382885642445
 20
312.9744892631529
 10
337.95066529728115
 20
313.14029742022296
 10
338.06128782578236
 20
313.307281045968
 10
338.170143855364
 20
313.4754215821356
 10
338.2772212879675
 20
313.64470034189594
 10
338.3825082232042
 20
313.8150985119197
 10
338.485992959678
 20
313.986597154468
 10
338.587663996286
 20
314.15917720949756
 10
338.6875100334963
 20
314.33281949677905
 10
338.7855199746044
 20
314.5075047180285
 10
338.88168292696594
 20
314.6832134590521
 10
338.9759882032074
 20
314.8599261919039
 10
339.0684253224142
 20
315.0376232770566
 10
339.1589840112951
 20
315.2162849655831
 10
339.24765420532424
 20
315.3958914013525
 10
339.3344260498596
 20
315.57642262323645
 10
339.41928990123813
 20
315.7578585673274
 10
339.5022363278478
 20
315.9401790691686
 10
339.58325611117544
 20
316.12336386599554
 10
339.6623402468316
 20
316.3073925989871
 10
339.7394799455511
 20
316.49224481552903
 10
339.81466663416995
 20
316.6778999714862
 10
339.88789195657796
 20
316.86433743348675
 10
339.9591477746478
 20
317.0515364812145
 10
340.028426169139
 20
317.239476309712
 10
340.0957194405784
 20
317.42813603169304
 10
340.1610201101158
 20
317.6174946798635
 10
340.2243209203551
 20
317.8075312092519
 10
340.2856148361608
 20
317.99822449954866
 10
340.34489504543996
 20
318.1895533574525
 10
340.40215495989935
 20
318.38149651902665
 10
340.4573882157775
 20
318.57403265206165
 10
340.5105886745521
 20
318.7671403584462
 10
340.5617504236222
 20
318.9607981765457
 10
340.6108677769652
 20
319.15498458358695
 10
340.6579352757689
 20
319.3496779980501
 10
340.70294768903824
 20
319.54485678206777
 10
340.74590001417647
 20
319.7404992438295
 10
340.78678747754134
 20
319.9365836399925
 10
340.82560553497535
 20
320.13308817809786
 10
340.86234987231126
 20
320.32999101899327
 10
340.897016405851
 20
320.5272702792598
 10
340.9296012828199
 20
320.7249040336437
 10
340.96010088179474
 20
320.9228703174937
 10
340.9885118131063
 20
321.1211471292014
 10
341.01483091921597
 20
321.3197124326473
 10
341.0390552750668
 20
321.5185441596492
 10
341.0611821884085
 20
321.71762021241534
 10
341.0812092000967
 20
321.91691846599986
 10
341.09913408436614
 20
322.1164167707618
 10
341.11495484907823
 20
322.3160929548271
 10
341.1286697359423
 20
322.51592482655246
 10
341.14027722071114
 20
322.7158901769918
 10
341.1497760133502
 20
322.9159667823643
 10
341.1571650581813
 20
323.11613240652446
 10
341.1624435339994
 20
323.31636480343377
 10
341.1656108541646
 20
323.51664171963205
 10
341.1666666666667
 20
323.7169408967121
  0
LWPOLYLINE
  5
1B2
330
17
100
AcDbEntity
  8
02-OCULTA
100
AcDbPolyline
 90
2
 70
0
 10
333.1885790851936
 20
328.2768688355013
 10
333.6066929382642
 20
332.25495641697444
  0
LWPOLYLINE
  5
1B3
330
17
100
AcDbEntity
  8
02-OCULTA
100
AcDbPolyline
 90
2
 70
0
 10
333.1885790851936
 20
328.2768688355013
 10
333.6066929382642
 20
332.25495641697444
  0
LWPOLYLINE
  5
1B4
330
17
100
AcDbEntity
  8
02-OCULTA
100
AcDbPolyline
 90
2
 70
0
 10
333.1885790851936
 20
328.2768688355013
 10
340.7907251541173
 20
327.4778510865491
  0
LWPOLYLINE
  5
1B5
330
17
100
AcDbEntity
  8
02-OCULTA
100
AcDbPolyline
 90
2
 70
0
 10
333.6066929382642
 20
332.25495641697444
 10
348.1315509904518
 20
330.7283323190568
  0
LWPOLYLINE
  5
1B6
330
17
100
AcDbEntity
  8
02-OCULTA
100
AcDbPolyline
 90
2
 70
0
 10
333.1885790851936
 20
328.2768688355013
 10
402.91517469717314
 20
320.9483083260251
  0
LWPOLYLINE
  5
1B7
330
17
100
AcDbEntity
  8
02-OCULTA
100
AcDbPolyline
 90
2
 70
0
 10
333.6066929382642
 20
332.25495641697444
 10
403.14709853229397
 20
324.945965266949
  0
LWPOLYLINE
  5
1B8
330
17
100
AcDbEntity
  8
02-OCULTA
100
AcDbPolyline
 90
2
 70
0
 10
302.1666666666667
 20
353.34288859061724
 10
301.6791892930461
 20
357.3130731971826
  0
LWPOLYLINE
  5
1B9
330
17
100
AcDbEntity
  8
02-OCULTA
100
AcDbPolyline
 90
2
 70
0
 10
303.0301590282138
 20
353.4489121210728
 10
306.7302176927482
 20
353.9032221995127
  0
LWPOLYLINE
  5
1BA
330
17
100
AcDbEntity
  8
02-OCULTA
100
AcDbPolyline
 90
2
 70
0
 10
302.1666666666667
 20
353.34288859061724
 10
390.51731630701414
 20
364.1909843121937
  0
LWPOLYLINE
  5
1BB
330
17
100
AcDbEntity
  8
02-OCULTA
100
AcDbPolyline
 90
2
 70
0
 10
301.6791892930461
 20
357.31307319718246
 10
387.5234647521568
 20
367.8534248654573
  0
LWPOLYLINE
  5
1BC
330
17
100
AcDbEntity
  8
02-OCULTA
100
AcDbPolyline
 90
95
 70
0
 10
308.1666666666667
 20
351.34288859061724
 10
308.15996730253613
 20
351.5432664918526
 10
308.139899131131
 20
351.7427494567386
 10
308.10655178177643
 20
351.9404465459287
 10
308.0600741918298
 20
352.13547479623105
 10
308.00067394149045
 20
352.3269631641359
 10
307.928616326696
 20
352.5140564161077
 10
307.84422317424634
 20
352.69591894826556
 10
307.7478714044471
 20
352.87173851839293
 10
307.639991347692
 20
353.04072987360905
 10
307.5210648225027
 20
353.20213825749795
 10
307.39162298361055
 20
353.3552427810349
 10
307.25224394969064
 20
353.4993596422511
 10
307.1035502213431
 20
353.6338451802592
 10
306.94620590085475
 20
353.75809874999993
 10
306.7809137261568
 20
353.8715654048676
 10
306.6084119322267
 20
353.9737383752373
 10
306.4294709539517
 20
354.0641613318203
 10
306.2448899851792
 20
354.1424304237421
 10
306.0554934093236
 20
354.2081960822379
 10
305.8621271174693
 20
354.26116458191234
 10
305.66565473041607
 20
354.30109935258736
 10
305.466953741539
 20
354.3278220358827
 10
305.2669115976897
 20
354.341213281808
 10
305.06642173564364
 20
354.341213281808
 10
304.8663795917944
 20
354.3278220358827
 10
304.6676786029173
 20
354.30109935258736
 10
304.4712062158641
 20
354.26116458191234
 10
304.27783992400975
 20
354.2081960822379
 10
304.08844334815416
 20
354.1424304237421
 10
303.9038623793817
 20
354.0641613318203
 10
303.72492140110666
 20
353.9737383752373
 10
303.55241960717655
 20
353.8715654048676
 10
303.3871274324786
 20
353.75809874999993
 10
303.2297831119903
 20
353.6338451802592
 10
303.08108938364273
 20
353.4993596422511
 10
302.9417103497228
 20
353.3552427810349
 10
302.8122685108307
 20
353.20213825749795
 10
302.6933419856414
 20
353.04072987360905
 10
302.5854619288863
 20
352.87173851839293
 10
302.48911015908703
 20
352.69591894826556
 10
302.4047170066374
 20
352.5140564161077
 10
302.3326593918429
 20
352.3269631641359
 10
302.27325914150356
 20
352.13547479623105
 10
302.22678155155694
 20
351.9404465459287
 10
302.19343420220235
 20
351.7427494567386
 10
302.17336603079724
 20
351.5432664918526
 10
302.1666666666667
 20
351.34288859061724
 10
302.17336603079724
 20
351.1425106893819
 10
302.19343420220235
 20
350.9430277244959
 10
302.22678155155694
 20
350.7453306353058
 10
302.27325914150356
 20
350.5503023850034
 10
302.3326593918429
 20
350.35881401709855
 10
302.4047170066374
 20
350.1717207651268
 10
302.48911015908703
 20
349.9898582329689
 10
302.5854619288863
 20
349.81403866284154
 10
302.6933419856414
 20
349.6450473076254
 10
302.8122685108307
 20
349.4836389237365
 10
302.9417103497228
 20
349.33053440019955
 10
303.08108938364273
 20
349.1864175389834
 10
303.2297831119903
 20
349.0519320009753
 10
303.3871274324786
 20
348.92767843123454
 10
303.55241960717655
 20
348.81421177636685
 10
303.72492140110666
 20
348.71203880599717
 10
303.9038623793817
 20
348.6216158494142
 10
304.08844334815416
 20
348.5433467574924
 10
304.27783992400975
 20
348.47758109899655
 10
304.4712062158641
 20
348.42461259932213
 10
304.6676786029173
 20
348.3846778286471
 10
304.8663795917944
 20
348.35795514535175
 10
305.06642173564364
 20
348.3445638994265
 10
305.2669115976897
 20
348.3445638994265
 10
305.466953741539
 20
348.35795514535175
 10
305.66565473041607
 20
348.3846778286471
 10
305.8621271174693
 20
348.42461259932213
 10
306.0554934093236
 20
348.47758109899655
 10
306.2448899851792
 20
348.5433467574924
 10
306.4294709539517
 20
348.6216158494142
 10
306.6084119322267
 20
348.71203880599717
 10
306.7809137261568
 20
348.81421177636685
 10
306.94620590085475
 20
348.92767843123454
 10
307.1035502213431
 20
349.0519320009753
 10
307.25224394969064
 20
349.1864175389834
 10
307.39162298361055
 20
349.33053440019955
 10
307.5210648225027
 20
349.4836389237365
 10
307.639991347692
 20
349.6450473076254
 10
307.7478714044471
 20
349.8140386628414
 10
307.84422317424634
 20
349.9898582329689
 10
307.928616326696
 20
350.1717207651268
 10
308.00067394149045
 20
350.35881401709855
 10
308.0600741918298
 20
350.5503023850034
 10
308.10655178177643
 20
350.7453306353058
 10
308.139899131131
 20
350.9430277244959
 10
308.15996730253613
 20
351.1425106893819
 10
308.1666666666667
 20
351.34288859061724
  0
LWPOLYLINE
  5
1BD
330
17
100
AcDbEntity
  8
02-OCULTA
100
AcDbPolyline
 90
17
 70
0
 10
326.1666666666667
 20
353.34288859061724
 10
325.6666666666667
 20
353.34288859061724
 10
325.1666666666667
 20
353.34288859061724
 10
324.6666666666667
 20
353.34288859061724
 10
324.1666666666667
 20
353.34288859061724
 10
323.6666666666667
 20
353.34288859061724
 10
323.1666666666667
 20
353.34288859061724
 10
322.6666666666667
 20
353.34288859061724
 10
322.1666666666667
 20
353.34288859061724
 10
321.6666666666667
 20
353.34288859061724
 10
321.1666666666667
 20
353.34288859061724
 10
320.6666666666667
 20
353.34288859061724
 10
320.1666666666667
 20
353.34288859061724
 10
319.6666666666667
 20
353.34288859061724
 10
319.1666666666667
 20
353.34288859061724
 10
318.6666666666667
 20
353.34288859061724
 10
318.1666666666667
 20
353.34288859061724
  0
LWPOLYLINE
  5
1BE
330
17
100
AcDbEntity
  8
02-OCULTA
100
AcDbPolyline
 90
2
 70
0
 10
326.1666666666667
 20
349.34288859061724
 10
326.1666666666667
 20
350.34288859061724
  0
LWPOLYLINE
  5
1BF
330
17
100
AcDbEntity
  8
02-OCULTA
100
AcDbPolyline
 90
17
 70
0
 10
326.1666666666667
 20
349.34288859061724
 10
325.6666666666667
 20
349.34288859061724
 10
325.1666666666667
 20
349.34288859061724
 10
324.6666666666667
 20
349.34288859061724
 10
324.1666666666667
 20
349.34288859061724
 10
323.6666666666667
 20
349.34288859061724
 10
323.1666666666667
 20
349.34288859061724
 10
322.6666666666667
 20
349.34288859061724
 10
322.1666666666667
 20
349.34288859061724
 10
321.6666666666667
 20
349.34288859061724
 10
321.1666666666667
 20
349.34288859061724
 10
320.6666666666667
 20
349.34288859061724
 10
320.1666666666667
 20
349.34288859061724
 10
319.6666666666667
 20
349.34288859061724
 10
319.1666666666667
 20
349.34288859061724
 10
318.6666666666667
 20
349.34288859061724
 10
318.1666666666667
 20
349.34288859061724
  0
LWPOLYLINE
  5
1C0
330
17
100
AcDbEntity
  8
02-OCULTA
100
AcDbPolyline
 90
17
 70
0
 10
318.1666666666667
 20
349.34288859061724
 10
318.6666666666667
 20
349.34288859061724
 10
319.1666666666667
 20
349.34288859061724
 10
319.6666666666667
 20
349.34288859061724
 10
320.1666666666667
 20
349.34288859061724
 10
320.6666666666667
 20
349.34288859061724
 10
321.1666666666667
 20
349.34288859061724
 10
321.6666666666667
 20
349.34288859061724
 10
322.1666666666667
 20
349.34288859061724
 10
322.6666666666667
 20
349.34288859061724
 10
323.1666666666667
 20
349.34288859061724
 10
323.6666666666667
 20
349.34288859061724
 10
324.1666666666667
 20
349.34288859061724
 10
324.6666666666667
 20
349.34288859061724
 10
325.1666666666667
 20
349.34288859061724
 10
325.6666666666667
 20
349.34288859061724
 10
326.1666666666667
 20
349.34288859061724
  0
LWPOLYLINE
  5
1C1
330
17
100
AcDbEntity
  8
02-OCULTA
100
AcDbPolyline
 90
7
 70
0
 10
343.33466773500476
 20
350.70955525728084
 10
342.9108032466474
 20
350.334254854601
 10
342.64417261304214
 20
349.834835590548
 10
342.5681579321136
 20
349.2738246598709
 10
342.6922762346304
 20
348.72146052014205
 10
343.0009879252606
 20
348.24689905077537
 10
343.4556423664101
 20
347.90955525728396
  0
LWPOLYLINE
  5
1C2
330
17
100
AcDbEntity
  8
02-OCULTA
100
AcDbPolyline
 90
7
 70
0
 10
344.9986655983286
 20
350.70955525728084
 10
345.422530086686
 20
350.334254854601
 10
345.6891607202912
 20
349.834835590548
 10
345.7651754012198
 20
349.2738246598709
 10
345.64105709870296
 20
348.72146052014216
 10
345.3323454080728
 20
348.2468990507755
 10
344.87769096692324
 20
347.90955525728396
  0
LWPOLYLINE
  5
1C3
330
17
100
AcDbEntity
  8
02-OCULTA
100
AcDbPolyline
 90
51
 70
0
 10
345.7666666666667
 20
349.34288859061724
 10
345.75405018876984
 20
349.5434217643201
 10
345.71639972447247
 20
349.740792410081
 10
345.6543090440879
 20
349.9318878749127
 10
345.5687573547369
 20
350.11369446918
 10
345.4610938576666
 20
350.28334499428524
 10
345.33301647054094
 20
350.4381639601031
 10
345.1865450502646
 20
350.57570977905846
 10
345.0239895386331
 20
350.6938132714205
 10
344.8479135331708
 20
350.79061187456284
 10
344.66109385766663
 20
350.8645790166895
 10
344.46647677000385
 20
350.9145481917832
 10
344.26713149791357
 20
350.93973135610247
 10
344.0662018354198
 20
350.93973135610247
 10
343.8668565633295
 20
350.9145481917832
 10
343.67223947566674
 20
350.8645790166895
 10
343.48541980016256
 20
350.79061187456284
 10
343.3093437947003
 20
350.6938132714205
 10
343.14678828306876
 20
350.57570977905846
 10
343.00031686279243
 20
350.4381639601031
 10
342.8722394756668
 20
350.28334499428524
 10
342.7645759785965
 20
350.11369446918
 10
342.6790242892455
 20
349.9318878749127
 10
342.6169336088609
 20
349.740792410081
 10
342.57928314456353
 20
349.5434217643201
 10
342.56666666666666
 20
349.34288859061724
 10
342.57928314456353
 20
349.14235541691437
 10
342.6169336088609
 20
348.9449847711535
 10
342.6790242892455
 20
348.75388930632175
 10
342.7645759785965
 20
348.57208271205445
 10
342.8722394756668
 20
348.4024321869492
 10
343.00031686279243
 20
348.24761322113136
 10
343.14678828306876
 20
348.110067402176
 10
343.3093437947003
 20
347.991963909814
 10
343.48541980016256
 20
347.89516530667163
 10
343.67223947566674
 20
347.82119816454497
 10
343.8668565633295
 20
347.7712289894513
 10
344.0662018354198
 20
347.746045825132
 10
344.26713149791357
 20
347.746045825132
 10
344.46647677000385
 20
347.7712289894513
 10
344.66109385766663
 20
347.82119816454497
 10
344.8479135331708
 20
347.89516530667163
 10
345.0239895386331
 20
347.991963909814
 10
345.1865450502646
 20
348.110067402176
 10
345.33301647054094
 20
348.24761322113136
 10
345.4610938576666
 20
348.4024321869492
 10
345.5687573547369
 20
348.57208271205445
 10
345.6543090440879
 20
348.75388930632175
 10
345.71639972447247
 20
348.9449847711535
 10
345.75405018876984
 20
349.14235541691437
 10
345.7666666666667
 20
349.34288859061724
  0
LWPOLYLINE
  5
1C4
330
17
100
AcDbEntity
  8
02-OCULTA
100
AcDbPolyline
 90
51
 70
0
 10
333.90406733649337
 20
338.6579390399404
 10
333.938641013705
 20
338.45941009529065
 10
333.97705484182654
 20
338.2615883097644
 10
334.0192943982409
 20
338.0645479562994
 10
334.06534382394693
 20
337.86836301444146
 10
334.1151858295136
 20
337.6731071425686
 10
334.16880170157145
 20
337.4788536502366
 10
334.2261713098385
 20
337.2856754706537
 10
334.28727311467844
 20
337.09364513329785
 10
334.35208417518754
 20
336.90283473668546
 10
334.42058015780805
 20
336.7133159213015
 10
334.4927353454643
 20
336.5251598427018
 10
334.56852264721823
 20
336.3384371447978
 10
334.6479136084407
 20
336.15321793333237
 10
334.7308784214952
 20
335.969571749559
 10
334.8173859369289
 20
335.7875675441318
 10
334.9074036751679
 20
335.60727365121795
 10
335.00089783871215
 20
335.4287577628414
 10
335.09783332482425
 20
335.25208690346744
 10
335.1981737387094
 20
335.07732740483846
 10
335.30188140717974
 20
334.904544881069
 10
335.40891739279897
 20
334.733804204011
 10
335.5192415085015
 20
334.56516947889736
 10
335.632812332681
 20
334.3987040202734
 10
335.7495872247419
 20
334.23447032822503
 10
335.8695223411095
 20
334.0725300649128
 10
335.9925726516907
 20
333.91294403142126
 10
336.1186919567811
 20
333.7557721449301
 10
336.2478329044107
 20
333.60107341621836
 10
336.3799470081224
 20
333.4489059275088
 10
336.5149846651762
 20
333.29932681066055
 10
336.6528951751732
 20
333.1523922257186
 10
336.79362675909096
 20
333.0081573398286
 10
336.93712657872396
 20
332.8666763065238
 10
337.0833407565224
 20
332.7280022453932
 10
337.23221439582017
 20
332.59218722213757
 10
337.3836916014465
 20
332.4592822290209
 10
337.53771550071167
 20
332.3293371657255
 10
337.6942282647603
 20
332.20240082061673
 10
337.85317113028316
 20
332.0785208524254
 10
338.01448442158033
 20
331.9577437723541
 10
338.17810757296667
 20
331.8401149266142
 10
338.3439791515112
 20
331.7256784794007
 10
338.5120368801024
 20
331.61447739631046
 10
338.6822176608307
 20
331.5065534282105
 10
338.85445759867827
 20
331.40194709556306
 10
339.0286920255092
 20
331.30069767321106
 10
339.20485552434894
 20
331.2028431756331
 10
339.3828819539458
 20
331.10842034267046
 10
339.56270447360345
 20
331.0174646257326
 10
339.7442555682769
 20
330.9300101744876
  0
LWPOLYLINE
  5
1C5
330
17
100
AcDbEntity
  8
02-OCULTA
100
AcDbPolyline
 90
25
 70
0
 10
328.1666666666667
 20
269.17411593749466
 10
327.6666666666667
 20
269.17411593749466
 10
327.1666666666667
 20
269.17411593749466
 10
326.6666666666667
 20
269.17411593749466
 10
326.1666666666667
 20
269.17411593749466
 10
325.6666666666667
 20
269.17411593749466
 10
325.1666666666667
 20
269.17411593749466
 10
324.6666666666667
 20
269.17411593749466
 10
324.1666666666667
 20
269.17411593749466
 10
323.6666666666667
 20
269.17411593749466
 10
323.1666666666667
 20
269.17411593749466
 10
322.6666666666667
 20
269.17411593749466
 10
322.1666666666667
 20
269.17411593749466
 10
321.6666666666667
 20
269.17411593749466
 10
321.1666666666667
 20
269.17411593749466
 10
320.6666666666667
 20
269.17411593749466
 10
320.1666666666667
 20
269.17411593749466
 10
319.6666666666667
 20
269.17411593749466
 10
319.1666666666667
 20
269.17411593749466
 10
318.6666666666667
 20
269.17411593749466
 10
318.1666666666667
 20
269.17411593749466
 10
317.6666666666667
 20
269.17411593749466
 10
317.1666666666667
 20
269.17411593749466
 10
316.6666666666667
 20
269.17411593749466
 10
316.1666666666667
 20
269.17411593749466
  0
LWPOLYLINE
  5
1C6
330
17
100
AcDbEntity
  8
02-OCULTA
100
AcDbPolyline
 90
25
 70
0
 10
316.1666666666667
 20
269.17411593749466
 10
316.6666666666667
 20
269.17411593749466
 10
317.1666666666667
 20
269.17411593749466
 10
317.6666666666667
 20
269.17411593749466
 10
318.1666666666667
 20
269.17411593749466
 10
318.6666666666667
 20
269.17411593749466
 10
319.1666666666667
 20
269.17411593749466
 10
319.6666666666667
 20
269.17411593749466
 10
320.1666666666667
 20
269.17411593749466
 10
320.6666666666667
 20
269.17411593749466
 10
321.1666666666667
 20
269.17411593749466
 10
321.6666666666667
 20
269.17411593749466
 10
322.1666666666667
 20
269.17411593749466
 10
322.6666666666667
 20
269.17411593749466
 10
323.1666666666667
 20
269.17411593749466
 10
323.6666666666667
 20
269.17411593749466
 10
324.1666666666667
 20
269.17411593749466
 10
324.6666666666667
 20
269.17411593749466
 10
325.1666666666667
 20
269.17411593749466
 10
325.6666666666667
 20
269.17411593749466
 10
326.1666666666667
 20
269.17411593749466
 10
326.6666666666667
 20
269.17411593749466
 10
327.1666666666667
 20
269.17411593749466
 10
327.6666666666667
 20
269.17411593749466
 10
328.1666666666667
 20
269.17411593749466
  0
LWPOLYLINE
  5
1C7
330
17
100
AcDbEntity
  8
02-OCULTA
100
AcDbPolyline
 90
2
 70
0
 10
328.1666666666667
 20
265.2658816499619
 10
328.1666666666667
 20
269.17411593749466
  0
LWPOLYLINE
  5
1C8
330
17
100
AcDbEntity
  8
02-OCULTA
100
AcDbPolyline
 90
19
 70
0
 10
326.6666666666667
 20
269.17411593749466
 10
326.1666666666667
 20
269.17411593749466
 10
325.6666666666667
 20
269.17411593749466
 10
325.1666666666667
 20
269.17411593749466
 10
324.6666666666667
 20
269.17411593749466
 10
324.1666666666667
 20
269.17411593749466
 10
323.6666666666667
 20
269.17411593749466
 10
323.1666666666667
 20
269.17411593749466
 10
322.6666666666667
 20
269.17411593749466
 10
322.1666666666667
 20
269.17411593749466
 10
321.6666666666667
 20
269.17411593749466
 10
321.1666666666667
 20
269.17411593749466
 10
320.6666666666667
 20
269.17411593749466
 10
320.1666666666667
 20
269.17411593749466
 10
319.6666666666667
 20
269.17411593749466
 10
319.1666666666667
 20
269.17411593749466
 10
318.6666666666667
 20
269.17411593749466
 10
318.1666666666667
 20
269.17411593749466
 10
317.6666666666667
 20
269.17411593749466
  0
LWPOLYLINE
  5
1C9
330
17
100
AcDbEntity
  8
02-OCULTA
100
AcDbPolyline
 90
19
 70
0
 10
317.6666666666667
 20
269.17411593749466
 10
318.1666666666667
 20
269.17411593749466
 10
318.6666666666667
 20
269.17411593749466
 10
319.1666666666667
 20
269.17411593749466
 10
319.6666666666667
 20
269.17411593749466
 10
320.1666666666667
 20
269.17411593749466
 10
320.6666666666667
 20
269.17411593749466
 10
321.1666666666667
 20
269.17411593749466
 10
321.6666666666667
 20
269.17411593749466
 10
322.1666666666667
 20
269.17411593749466
 10
322.6666666666667
 20
269.17411593749466
 10
323.1666666666667
 20
269.17411593749466
 10
323.6666666666667
 20
269.17411593749466
 10
324.1666666666667
 20
269.17411593749466
 10
324.6666666666667
 20
269.17411593749466
 10
325.1666666666667
 20
269.17411593749466
 10
325.6666666666667
 20
269.17411593749466
 10
326.1666666666667
 20
269.17411593749466
 10
326.6666666666667
 20
269.17411593749466
  0
LWPOLYLINE
  5
1CA
330
17
100
AcDbEntity
  8
02-OCULTA
100
AcDbPolyline
 90
2
 70
0
 10
326.6666666666667
 20
265.5913280776688
 10
326.6666666666667
 20
269.17411593749466
  0
LWPOLYLINE
  5
1CB
330
17
100
AcDbEntity
  8
02-OCULTA
100
AcDbPolyline
 90
34
 70
0
 10
282.1666666666667
 20
320.88318636608756
 10
282.1666666666667
 20
320.38318636608756
 10
282.1666666666667
 20
319.88318636608756
 10
282.1666666666667
 20
319.38318636608756
 10
282.1666666666667
 20
318.88318636608756
 10
282.1666666666667
 20
318.38318636608756
 10
282.1666666666667
 20
317.88318636608756
 10
282.1666666666667
 20
317.38318636608756
 10
282.1666666666667
 20
316.88318636608756
 10
282.1666666666667
 20
316.38318636608756
 10
282.1666666666667
 20
315.88318636608756
 10
282.1666666666667
 20
315.38318636608756
 10
282.1666666666667
 20
314.88318636608756
 10
282.1666666666667
 20
314.38318636608756
 10
282.1666666666667
 20
313.88318636608756
 10
282.1666666666667
 20
313.38318636608756
 10
282.1666666666667
 20
312.88318636608756
 10
282.1666666666667
 20
312.38318636608756
 10
282.1666666666667
 20
311.88318636608756
 10
282.1666666666667
 20
311.38318636608756
 10
282.1666666666667
 20
310.88318636608756
 10
282.1666666666667
 20
310.38318636608756
 10
282.1666666666667
 20
309.88318636608756
 10
282.1666666666667
 20
309.38318636608756
 10
282.1666666666667
 20
308.88318636608756
 10
282.1666666666667
 20
308.38318636608756
 10
282.1666666666667
 20
307.88318636608756
 10
282.1666666666667
 20
307.38318636608756
 10
282.1666666666667
 20
306.88318636608756
 10
282.1666666666667
 20
306.38318636608756
 10
282.1666666666667
 20
305.88318636608756
 10
282.1666666666667
 20
305.38318636608756
 10
282.1666666666667
 20
304.88318636608756
 10
282.1666666666667
 20
304.51219595178884
  0
LWPOLYLINE
  5
1CC
330
17
100
AcDbEntity
  8
02-OCULTA
100
AcDbPolyline
 90
37
 70
0
 10
294.1666666666667
 20
320.88318636608756
 10
294.1666666666667
 20
320.38318636608756
 10
294.1666666666667
 20
319.88318636608756
 10
294.1666666666667
 20
319.38318636608756
 10
294.1666666666667
 20
318.88318636608756
 10
294.1666666666667
 20
318.38318636608756
 10
294.1666666666667
 20
317.88318636608756
 10
294.1666666666667
 20
317.38318636608756
 10
294.1666666666667
 20
316.88318636608756
 10
294.1666666666667
 20
316.38318636608756
 10
294.1666666666667
 20
315.88318636608756
 10
294.1666666666667
 20
315.38318636608756
 10
294.1666666666667
 20
314.88318636608756
 10
294.1666666666667
 20
314.38318636608756
 10
294.1666666666667
 20
313.88318636608756
 10
294.1666666666667
 20
313.38318636608756
 10
294.1666666666667
 20
312.88318636608756
 10
294.1666666666667
 20
312.38318636608756
 10
294.1666666666667
 20
311.88318636608756
 10
294.1666666666667
 20
311.38318636608756
 10
294.1666666666667
 20
310.88318636608756
 10
294.1666666666667
 20
310.38318636608756
 10
294.1666666666667
 20
309.88318636608756
 10
294.1666666666667
 20
309.38318636608756
 10
294.1666666666667
 20
308.88318636608756
 10
294.1666666666667
 20
308.38318636608756
 10
294.1666666666667
 20
307.88318636608756
 10
294.1666666666667
 20
307.38318636608756
 10
294.1666666666667
 20
306.88318636608756
 10
294.1666666666667
 20
306.38318636608756
 10
294.1666666666667
 20
305.88318636608756
 10
294.1666666666667
 20
305.38318636608756
 10
294.1666666666667
 20
304.88318636608756
 10
294.1666666666667
 20
304.38318636608756
 10
294.1666666666667
 20
303.88318636608756
 10
294.1666666666667
 20
303.38318636608756
 10
294.1666666666667
 20
302.88318636608756
  0
LWPOLYLINE
  5
1CD
330
17
100
AcDbEntity
  8
02-OCULTA
100
AcDbPolyline
 90
32
 70
0
 10
282.1666666666667
 20
304.51219595178884
 10
282.1666666666667
 20
304.88318636608756
 10
282.1666666666667
 20
305.38318636608756
 10
282.1666666666667
 20
305.88318636608756
 10
282.1666666666667
 20
306.38318636608756
 10
282.1666666666667
 20
306.88318636608756
 10
282.1666666666667
 20
307.38318636608756
 10
282.1666666666667
 20
307.88318636608756
 10
282.1666666666667
 20
308.38318636608756
 10
282.1666666666667
 20
308.88318636608756
 10
282.1666666666667
 20
309.38318636608756
 10
282.1666666666667
 20
309.88318636608756
 10
282.1666666666667
 20
310.38318636608756
 10
282.1666666666667
 20
310.88318636608756
 10
282.1666666666667
 20
311.38318636608756
 10
282.1666666666667
 20
311.88318636608756
 10
282.1666666666667
 20
312.38318636608756
 10
282.1666666666667
 20
312.88318636608756
 10
282.1666666666667
 20
313.38318636608756
 10
282.1666666666667
 20
313.88318636608756
 10
282.1666666666667
 20
314.38318636608756
 10
282.1666666666667
 20
314.88318636608756
 10
282.1666666666667
 20
315.38318636608756
 10
282.1666666666667
 20
315.88318636608756
 10
282.1666666666667
 20
316.38318636608756
 10
282.1666666666667
 20
316.88318636608756
 10
282.1666666666667
 20
317.38318636608756
 10
282.1666666666667
 20
317.88318636608756
 10
282.1666666666667
 20
318.38318636608756
 10
282.1666666666667
 20
318.88318636608756
 10
282.1666666666667
 20
319.38318636608756
 10
282.1666666666667
 20
319.88318636608756
  0
LWPOLYLINE
  5
1CE
330
17
100
AcDbEntity
  8
02-OCULTA
100
AcDbPolyline
 90
32
 70
0
 10
282.1666666666667
 20
319.88318636608756
 10
282.1666666666667
 20
319.38318636608756
 10
282.1666666666667
 20
318.88318636608756
 10
282.1666666666667
 20
318.38318636608756
 10
282.1666666666667
 20
317.88318636608756
 10
282.1666666666667
 20
317.38318636608756
 10
282.1666666666667
 20
316.88318636608756
 10
282.1666666666667
 20
316.38318636608756
 10
282.1666666666667
 20
315.88318636608756
 10
282.1666666666667
 20
315.38318636608756
 10
282.1666666666667
 20
314.88318636608756
 10
282.1666666666667
 20
314.38318636608756
 10
282.1666666666667
 20
313.88318636608756
 10
282.1666666666667
 20
313.38318636608756
 10
282.1666666666667
 20
312.88318636608756
 10
282.1666666666667
 20
312.38318636608756
 10
282.1666666666667
 20
311.88318636608756
 10
282.1666666666667
 20
311.38318636608756
 10
282.1666666666667
 20
310.88318636608756
 10
282.1666666666667
 20
310.38318636608756
 10
282.1666666666667
 20
309.88318636608756
 10
282.1666666666667
 20
309.38318636608756
 10
282.1666666666667
 20
308.88318636608756
 10
282.1666666666667
 20
308.38318636608756
 10
282.1666666666667
 20
307.88318636608756
 10
282.1666666666667
 20
307.38318636608756
 10
282.1666666666667
 20
306.88318636608756
 10
282.1666666666667
 20
306.38318636608756
 10
282.1666666666667
 20
305.88318636608756
 10
282.1666666666667
 20
305.38318636608756
 10
282.1666666666667
 20
304.88318636608756
 10
282.1666666666667
 20
304.51219595178884
  0
LWPOLYLINE
  5
1CF
330
17
100
AcDbEntity
  8
02-OCULTA
100
AcDbPolyline
 90
2
 70
0
 10
307.9786666666667
 20
273.2349154796948
 10
307.9786666666667
 20
281.17411593749466
  0
LWPOLYLINE
  5
1D0
330
17
100
AcDbEntity
  8
02-OCULTA
100
AcDbPolyline
 90
47
 70
0
 10
340.56666666666666
 20
268.45411593749463
 10
340.0626207805413
 20
268.45411593749463
 10
339.5585071801206
 20
268.45411593749463
 10
339.054382166392
 20
268.45411593749463
 10
338.5502510196932
 20
268.45411593749463
 10
338.0461187225285
 20
268.45411593749463
 10
337.54200913370084
 20
268.45411593749463
 10
337.03789954487326
 20
268.45411593749463
 10
336.5337899560456
 20
268.45411593749463
 10
336.02968036721796
 20
268.45411593749463
 10
335.5255707783903
 20
268.45411593749463
 10
335.0214611895627
 20
268.45411593749463
 10
334.5173516007351
 20
268.45411593749463
 10
334.01324201190744
 20
268.45411593749463
 10
333.5091324230798
 20
268.45411593749463
 10
333.00502283425215
 20
268.45411593749463
 10
332.5009132454245
 20
268.45411593749463
 10
331.99680365659685
 20
268.45411593749463
 10
331.49269406776926
 20
268.45411593749463
 10
330.9885844789416
 20
268.45411593749463
 10
330.484474890114
 20
268.45411593749463
 10
329.9803653012863
 20
268.45411593749463
 10
329.4762557124587
 20
268.45411593749463
 10
328.9721461236311
 20
268.45411593749463
 10
328.46803653480345
 20
268.45411593749463
 10
327.9639269459758
 20
268.45411593749463
 10
327.45981735714815
 20
268.45411593749463
 10
326.9557077683205
 20
268.45411593749463
 10
326.4515981794929
 20
268.45411593749463
 10
325.9474885906653
 20
268.45411593749463
 10
325.4433790018376
 20
268.45411593749463
 10
324.93926941301
 20
268.45411593749463
 10
324.43515982418234
 20
268.45411593749463
 10
323.9310502353547
 20
268.45411593749463
 10
323.4269406465271
 20
268.45411593749463
 10
322.92283105769945
 20
268.45411593749463
 10
322.4187214688718
 20
268.45411593749463
 10
321.91461188004416
 20
268.45411593749463
 10
321.4105022912165
 20
268.45411593749463
 10
320.90639270238887
 20
268.45411593749463
 10
320.4022831135613
 20
268.45411593749463
 10
319.89817352473364
 20
268.45411593749463
 10
319.394063935906
 20
268.45411593749463
 10
318.88995434707834
 20
268.45411593749463
 10
318.3858447582507
 20
268.45411593749463
 10
317.8817351694231
 20
268.45411593749463
 10
317.50765947137273
 20
268.45411593749463
  0
LWPOLYLINE
  5
1D1
330
17
100
AcDbEntity
  8
02-OCULTA
100
AcDbPolyline
 90
32
 70
0
 10
325.40046730630854
 20
265.8941159374947
 10
325.4433789954338
 20
265.8941159374947
 10
325.9474885844749
 20
265.8941159374947
 10
326.451598173516
 20
265.8941159374947
 10
326.9557077625571
 20
265.8941159374947
 10
327.4598173515982
 20
265.8941159374947
 10
327.9639269406393
 20
265.8941159374947
 10
328.4680365296804
 20
265.8941159374947
 10
328.97214611872147
 20
265.8941159374947
 10
329.47625570776256
 20
265.8941159374947
 10
329.98036529680365
 20
265.8941159374947
 10
330.48447488584475
 20
265.8941159374947
 10
330.98858447488584
 20
265.8941159374947
 10
331.49269406392693
 20
265.8941159374947
 10
331.9968036529681
 20
265.8941159374947
 10
332.5009132420092
 20
265.8941159374947
 10
333.00502283105027
 20
265.8941159374948
 10
333.50913242009136
 20
265.8941159374948
 10
334.01324200913245
 20
265.8941159374948
 10
334.51735159817355
 20
265.8941159374948
 10
335.02146118721464
 20
265.8941159374948
 10
335.52557077625573
 20
265.8941159374948
 10
336.0296803652968
 20
265.8941159374948
 10
336.5337899543379
 20
265.8941159374948
 10
337.037899543379
 20
265.8941159374948
 10
337.5420091324201
 20
265.8941159374948
 10
338.0461187214612
 20
265.8941159374948
 10
338.5502283105023
 20
265.8941159374948
 10
339.0543378995434
 20
265.8941159374948
 10
339.5584474885845
 20
265.8941159374948
 10
340.06255707762557
 20
265.8941159374948
 10
340.56666666666666
 20
265.8941159374948
  0
LWPOLYLINE
  5
1D2
330
17
100
AcDbEntity
  8
02-OCULTA
100
AcDbPolyline
 90
32
 70
0
 10
325.40046730630854
 20
265.8941159374947
 10
325.4433789954338
 20
265.8941159374947
 10
325.9474885844749
 20
265.8941159374947
 10
326.451598173516
 20
265.8941159374947
 10
326.9557077625571
 20
265.8941159374947
 10
327.4598173515982
 20
265.8941159374947
 10
327.9639269406393
 20
265.8941159374947
 10
328.4680365296804
 20
265.8941159374947
 10
328.97214611872147
 20
265.8941159374947
 10
329.47625570776256
 20
265.8941159374947
 10
329.98036529680365
 20
265.8941159374947
 10
330.48447488584475
 20
265.8941159374947
 10
330.98858447488584
 20
265.8941159374947
 10
331.49269406392693
 20
265.8941159374947
 10
331.9968036529681
 20
265.8941159374947
 10
332.5009132420092
 20
265.8941159374947
 10
333.00502283105027
 20
265.8941159374947
 10
333.50913242009136
 20
265.8941159374947
 10
334.01324200913245
 20
265.8941159374947
 10
334.51735159817355
 20
265.8941159374947
 10
335.02146118721464
 20
265.8941159374947
 10
335.52557077625573
 20
265.8941159374947
 10
336.0296803652968
 20
265.8941159374947
 10
336.5337899543379
 20
265.8941159374947
 10
337.037899543379
 20
265.8941159374947
 10
337.5420091324201
 20
265.8941159374947
 10
338.0461187214612
 20
265.8941159374947
 10
338.5502283105023
 20
265.8941159374947
 10
339.0543378995434
 20
265.8941159374947
 10
339.5584474885845
 20
265.8941159374947
 10
340.06255707762557
 20
265.8941159374947
 10
340.56666666666666
 20
265.8941159374947
  0
LWPOLYLINE
  5
1D3
330
17
100
AcDbEntity
  8
02-OCULTA
100
AcDbPolyline
 90
2
 70
0
 10
309.9786666666667
 20
281.17411593749466
 10
309.9786666666667
 20
291.17411593749466
  0
LWPOLYLINE
  5
1D4
330
17
100
AcDbEntity
  8
02-OCULTA
100
AcDbPolyline
 90
2
 70
0
 10
307.9786666666667
 20
273.2349154796948
 10
307.9786666666667
 20
281.17411593749466
  0
LWPOLYLINE
  5
1D5
330
17
100
AcDbEntity
  8
02-OCULTA
100
AcDbPolyline
 90
2
 70
0
 10
310.9786666666667
 20
271.5041470897247
 10
310.9786666666667
 20
281.17411593749466
  0
LWPOLYLINE
  5
1D6
330
17
100
AcDbEntity
  8
02-OCULTA
100
AcDbPolyline
 90
2
 70
0
 10
307.1666666666667
 20
318.88318636608756
 10
303.7918247044166
 20
318.88318636608756
  0
LWPOLYLINE
  5
1D7
330
17
100
AcDbEntity
  8
02-OCULTA
100
AcDbPolyline
 90
2
 70
0
 10
318.1666666666667
 20
349.34288859061724
 10
318.1666666666667
 20
350.34288859061724
  0
LWPOLYLINE
  5
1D8
330
17
100
AcDbEntity
  8
02-OCULTA
100
AcDbPolyline
 90
2
 70
0
 10
316.1666666666667
 20
269.00713468599724
 10
316.1666666666667
 20
269.17411593749466
  0
LWPOLYLINE
  5
1D9
330
17
100
AcDbEntity
  8
02-OCULTA
100
AcDbPolyline
 90
2
 70
0
 10
317.6666666666667
 20
268.39052765647375
 10
317.6666666666667
 20
269.17411593749466
  0
LWPOLYLINE
  5
1DA
330
17
100
AcDbEntity
  8
01-VISIBLE
100
AcDbPolyline
 90
26
 70
0
 10
351.5006348529929
 20
264.9478610732548
 10
351.4960114524673
 20
264.94891016943495
 10
351.0066575909835
 20
265.05903908410414
 10
350.5171587181811
 20
265.1685217701273
 10
350.0275683634781
 20
265.27759471565776
 10
349.5379479643933
 20
265.38653274625983
 10
349.04837529200734
 20
265.4956849897135
 10
348.5589607638087
 20
265.60554379355585
 10
348.069884918506
 20
265.71689941752413
 10
347.58150708193784
 20
265.8312721751432
 10
347.0948153700529
 20
265.9525848961281
 10
346.61081304521576
 20
266.0842424863283
 10
346.124173605781
 20
266.2055922130353
 10
345.6324515049657
 20
266.3044736975834
 10
345.13831399947503
 20
266.3905968187913
 10
344.6430803333217
 20
266.4702040274258
 10
344.147258383762
 20
266.54606905635626
 10
343.65107763154003
 20
266.6195535607918
 10
343.15465794345636
 20
266.6914073290153
 10
342.6580689396449
 20
266.76208196405423
 10
342.1613543372373
 20
266.83186865663345
 10
341.6645432570501
 20
266.90096531882057
 10
341.16765600938345
 20
266.9695121815116
 10
340.67070728905225
 20
267.0376120007728
 10
340.1737080508379
 20
267.10534218228497
 10
339.6766666666667
 20
267.1727623978778
  0
LWPOLYLINE
  5
1DB
330
17
100
AcDbEntity
  8
01-VISIBLE
100
AcDbPolyline
 90
2
 70
0
 10
340.56666666666666
 20
268.45411593749463
 10
340.56666666666666
 20
281.17411593749466
  0
LWPOLYLINE
  5
1DC
330
17
100
AcDbEntity
  8
01-VISIBLE
100
AcDbPolyline
 90
13
 70
0
 10
341.8466666666667
 20
267.17411593749466
 10
341.8357160892252
 20
267.34118946353635
 10
341.8030517243167
 20
267.50540431522586
 10
341.74923246828115
 20
267.663950730922
 10
341.67517918351075
 20
267.81411593749465
 10
341.58215894223946
 20
267.9533305666258
 10
341.4717633465855
 20
268.0792126174134
 10
341.3458812957978
 20
268.18960821306746
 10
341.2066666666667
 20
268.2826284543387
 10
341.056501460094
 20
268.35668173910915
 10
340.8979550443979
 20
268.4105009951446
 10
340.73374019270835
 20
268.4431653600532
 10
340.56666666666666
 20
268.45411593749463
  0
LWPOLYLINE
  5
1DD
330
17
100
AcDbEntity
  8
01-VISIBLE
100
AcDbPolyline
 90
13
 70
0
 10
341.812523542235
 20
266.8804483608044
 10
341.8179564705836
 20
266.90453510246823
 10
341.82292376406235
 20
266.9287221616098
 10
341.8274235742225
 20
266.95300053764583
 10
341.831454226577
 20
266.97736119601177
 10
341.8350142212238
 20
267.0017950715237
 10
341.8381022334036
 20
267.0262930717523
 10
341.8407171139933
 20
267.05084608040556
 10
341.84285788993327
 20
267.0754449607215
 10
341.8445237645895
 20
267.1000805588683
 10
341.8457141180502
 20
267.1247437073506
 10
341.84642850735634
 20
267.1494252284209
 10
341.8466666666667
 20
267.17411593749466
  0
LWPOLYLINE
  5
1DE
330
17
100
AcDbEntity
  8
01-VISIBLE
100
AcDbPolyline
 90
86
 70
0
 10
300.7666666666667
 20
291.17411593749466
 10
301.2701960784314
 20
291.17411593749466
 10
301.7737254901961
 20
291.17411593749466
 10
302.2772549019608
 20
291.17411593749466
 10
302.7807843137255
 20
291.17411593749466
 10
303.2843137254902
 20
291.17411593749466
 10
303.7878431372549
 20
291.17411593749466
 10
304.2913725490196
 20
291.17411593749466
 10
304.79490196078433
 20
291.17411593749466
 10
305.29843137254903
 20
291.17411593749466
 10
305.80196078431374
 20
291.17411593749466
 10
306.30549019607844
 20
291.17411593749466
 10
306.80901960784314
 20
291.17411593749466
 10
307.31254901960784
 20
291.17411593749466
 10
307.81607843137255
 20
291.17411593749466
 10
308.31960784313725
 20
291.17411593749466
 10
308.82313725490195
 20
291.17411593749466
 10
309.32666666666665
 20
291.17411593749466
 10
309.8301960784314
 20
291.17411593749466
 10
310.3337254901961
 20
291.17411593749466
 10
310.8372549019608
 20
291.17411593749466
 10
311.3407843137255
 20
291.17411593749466
 10
311.8443137254902
 20
291.17411593749466
 10
312.3478431372549
 20
291.17411593749466
 10
312.85137254901963
 20
291.17411593749466
 10
313.35490196078433
 20
291.17411593749466
 10
313.85843137254903
 20
291.17411593749466
 10
314.36196078431374
 20
291.17411593749466
 10
314.86549019607844
 20
291.17411593749466
 10
315.36901960784314
 20
291.17411593749466
 10
315.87254901960785
 20
291.17411593749466
 10
316.37607843137255
 20
291.17411593749466
 10
316.87960784313725
 20
291.17411593749466
 10
317.383137254902
 20
291.17411593749466
 10
317.88666666666666
 20
291.17411593749466
 10
318.39019607843136
 20
291.17411593749466
 10
318.8937254901961
 20
291.17411593749466
 10
319.3972549019608
 20
291.17411593749466
 10
319.9007843137255
 20
291.17411593749466
 10
320.4043137254902
 20
291.17411593749466
 10
320.90784313725493
 20
291.17411593749466
 10
321.41137254901963
 20
291.17411593749466
 10
321.91490196078433
 20
291.17411593749466
 10
322.41843137254904
 20
291.17411593749466
 10
322.92196078431374
 20
291.17411593749466
 10
323.42549019607844
 20
291.17411593749466
 10
323.92901960784314
 20
291.17411593749466
 10
324.43254901960785
 20
291.17411593749466
 10
324.93607843137255
 20
291.17411593749466
 10
325.43960784313725
 20
291.17411593749466
 10
325.943137254902
 20
291.17411593749466
 10
326.44666666666666
 20
291.17411593749466
 10
326.9501960784314
 20
291.17411593749466
 10
327.45372549019606
 20
291.17411593749466
 10
327.95725490196077
 20
291.17411593749466
 10
328.4607843137255
 20
291.17411593749466
 10
328.96431372549023
 20
291.17411593749466
 10
329.46784313725493
 20
291.17411593749466
 10
329.97137254901963
 20
291.17411593749466
 10
330.47490196078434
 20
291.17411593749466
 10
330.97843137254904
 20
291.17411593749466
 10
331.48196078431374
 20
291.17411593749466
 10
331.98549019607844
 20
291.17411593749466
 10
332.48901960784315
 20
291.17411593749466
 10
332.99254901960785
 20
291.17411593749466
 10
333.49607843137255
 20
291.17411593749466
 10
333.99960784313726
 20
291.17411593749466
 10
334.50313725490196
 20
291.17411593749466
 10
335.00666666666666
 20
291.17411593749466
 10
335.51019607843136
 20
291.17411593749466
 10
336.01372549019607
 20
291.17411593749466
 10
336.5172549019608
 20
291.17411593749466
 10
337.02078431372547
 20
291.17411593749466
 10
337.5243137254902
 20
291.17411593749466
 10
338.02784313725493
 20
291.17411593749466
 10
338.53137254901964
 20
291.17411593749466
 10
339.03490196078434
 20
291.17411593749466
 10
339.53843137254904
 20
291.17411593749466
 10
340.04196078431374
 20
291.17411593749466
 10
340.54549019607845
 20
291.17411593749466
 10
341.04901960784315
 20
291.17411593749466
 10
341.55254901960785
 20
291.17411593749466
 10
342.05607843137255
 20
291.17411593749466
 10
342.55960784313726
 20
291.17411593749466
 10
343.06313725490196
 20
291.17411593749466
 10
343.56666666666666
 20
291.17411593749466
  0
LWPOLYLINE
  5
1DF
330
17
100
AcDbEntity
  8
01-VISIBLE
100
AcDbPolyline
 90
2
 70
0
 10
343.56666666666666
 20
281.17411593749466
 10
343.56666666666666
 20
291.17411593749466
  0
LWPOLYLINE
  5
1E0
330
17
100
AcDbEntity
  8
01-VISIBLE
100
AcDbPolyline
 90
86
 70
0
 10
300.7666666666667
 20
281.17411593749466
 10
301.2701960784314
 20
281.17411593749466
 10
301.7737254901961
 20
281.17411593749466
 10
302.2772549019608
 20
281.17411593749466
 10
302.7807843137255
 20
281.17411593749466
 10
303.2843137254902
 20
281.17411593749466
 10
303.7878431372549
 20
281.17411593749466
 10
304.2913725490196
 20
281.17411593749466
 10
304.79490196078433
 20
281.17411593749466
 10
305.29843137254903
 20
281.17411593749466
 10
305.80196078431374
 20
281.17411593749466
 10
306.30549019607844
 20
281.17411593749466
 10
306.80901960784314
 20
281.17411593749466
 10
307.31254901960784
 20
281.17411593749466
 10
307.81607843137255
 20
281.17411593749466
 10
308.31960784313725
 20
281.17411593749466
 10
308.82313725490195
 20
281.17411593749466
 10
309.32666666666665
 20
281.17411593749466
 10
309.8301960784314
 20
281.17411593749466
 10
310.3337254901961
 20
281.17411593749466
 10
310.8372549019608
 20
281.17411593749466
 10
311.3407843137255
 20
281.17411593749466
 10
311.8443137254902
 20
281.17411593749466
 10
312.3478431372549
 20
281.17411593749466
 10
312.85137254901963
 20
281.17411593749466
 10
313.35490196078433
 20
281.17411593749466
 10
313.85843137254903
 20
281.17411593749466
 10
314.36196078431374
 20
281.17411593749466
 10
314.86549019607844
 20
281.17411593749466
 10
315.36901960784314
 20
281.17411593749466
 10
315.87254901960785
 20
281.17411593749466
 10
316.37607843137255
 20
281.17411593749466
 10
316.87960784313725
 20
281.17411593749466
 10
317.383137254902
 20
281.17411593749466
 10
317.88666666666666
 20
281.17411593749466
 10
318.39019607843136
 20
281.17411593749466
 10
318.8937254901961
 20
281.17411593749466
 10
319.3972549019608
 20
281.17411593749466
 10
319.9007843137255
 20
281.17411593749466
 10
320.4043137254902
 20
281.17411593749466
 10
320.90784313725493
 20
281.17411593749466
 10
321.41137254901963
 20
281.17411593749466
 10
321.91490196078433
 20
281.17411593749466
 10
322.41843137254904
 20
281.17411593749466
 10
322.92196078431374
 20
281.17411593749466
 10
323.42549019607844
 20
281.17411593749466
 10
323.92901960784314
 20
281.17411593749466
 10
324.43254901960785
 20
281.17411593749466
 10
324.93607843137255
 20
281.17411593749466
 10
325.43960784313725
 20
281.17411593749466
 10
325.943137254902
 20
281.17411593749466
 10
326.44666666666666
 20
281.17411593749466
 10
326.9501960784314
 20
281.17411593749466
 10
327.45372549019606
 20
281.17411593749466
 10
327.95725490196077
 20
281.17411593749466
 10
328.4607843137255
 20
281.17411593749466
 10
328.96431372549023
 20
281.17411593749466
 10
329.46784313725493
 20
281.17411593749466
 10
329.97137254901963
 20
281.17411593749466
 10
330.47490196078434
 20
281.17411593749466
 10
330.97843137254904
 20
281.17411593749466
 10
331.48196078431374
 20
281.17411593749466
 10
331.98549019607844
 20
281.17411593749466
 10
332.48901960784315
 20
281.17411593749466
 10
332.99254901960785
 20
281.17411593749466
 10
333.49607843137255
 20
281.17411593749466
 10
333.99960784313726
 20
281.17411593749466
 10
334.50313725490196
 20
281.17411593749466
 10
335.00666666666666
 20
281.17411593749466
 10
335.51019607843136
 20
281.17411593749466
 10
336.01372549019607
 20
281.17411593749466
 10
336.5172549019608
 20
281.17411593749466
 10
337.02078431372547
 20
281.17411593749466
 10
337.5243137254902
 20
281.17411593749466
 10
338.02784313725493
 20
281.17411593749466
 10
338.53137254901964
 20
281.17411593749466
 10
339.03490196078434
 20
281.17411593749466
 10
339.53843137254904
 20
281.17411593749466
 10
340.04196078431374
 20
281.17411593749466
 10
340.54549019607845
 20
281.17411593749466
 10
341.04901960784315
 20
281.17411593749466
 10
341.55254901960785
 20
281.17411593749466
 10
342.05607843137255
 20
281.17411593749466
 10
342.55960784313726
 20
281.17411593749466
 10
343.06313725490196
 20
281.17411593749466
 10
343.56666666666666
 20
281.17411593749466
  0
LWPOLYLINE
  5
1E1
330
17
100
AcDbEntity
  8
01-VISIBLE
100
AcDbPolyline
 90
2
 70
0
 10
307.1666666666667
 20
291.17411593749466
 10
307.1666666666667
 20
312.05503710702146
  0
LWPOLYLINE
  5
1E2
330
17
100
AcDbEntity
  8
01-VISIBLE
100
AcDbPolyline
 90
2
 70
0
 10
307.1666666666667
 20
335.3788446864028
 10
307.1666666666667
 20
349.1068206131174
  0
LWPOLYLINE
  5
1E3
330
17
100
AcDbEntity
  8
01-VISIBLE
100
AcDbPolyline
 90
7
 70
0
 10
307.9950937914129
 20
350.34288859061724
 10
308.52368927062184
 20
350.34288859061724
 10
309.0522847498308
 20
350.34288859061724
 10
309.5808802290398
 20
350.34288859061724
 10
310.10947570824874
 20
350.34288859061724
 10
310.63807118745774
 20
350.34288859061724
 10
311.1666666666667
 20
350.34288859061724
  0
LWPOLYLINE
  5
1E4
330
17
100
AcDbEntity
  8
01-VISIBLE
100
AcDbPolyline
 90
2
 70
0
 10
311.1666666666667
 20
350.34288859061724
 10
333.1666666666667
 20
350.34288859061724
  0
LWPOLYLINE
  5
1E5
330
17
100
AcDbEntity
  8
01-VISIBLE
100
AcDbPolyline
 90
8
 70
0
 10
337.1666666666667
 20
350.34288859061724
 10
336.59523809523813
 20
350.34288859061724
 10
336.0238095238095
 20
350.34288859061724
 10
335.45238095238096
 20
350.34288859061724
 10
334.8809523809524
 20
350.34288859061724
 10
334.30952380952385
 20
350.34288859061724
 10
333.73809523809524
 20
350.34288859061724
 10
333.1666666666667
 20
350.34288859061724
  0
LWPOLYLINE
  5
1E6
330
17
100
AcDbEntity
  8
01-VISIBLE
100
AcDbPolyline
 90
2
 70
0
 10
307.1666666666667
 20
304.88318636608756
 10
294.1666666666667
 20
304.88318636608756
  0
LWPOLYLINE
  5
1E7
330
17
100
AcDbEntity
  8
01-VISIBLE
100
AcDbPolyline
 90
2
 70
0
 10
337.1666666666667
 20
291.17411593749466
 10
337.1666666666667
 20
312.05503710702146
  0
LWPOLYLINE
  5
1E8
330
17
100
AcDbEntity
  8
01-VISIBLE
100
AcDbPolyline
 90
2
 70
0
 10
337.1666666666667
 20
337.38315812869916
 10
337.1666666666667
 20
343.302618918735
  0
LWPOLYLINE
  5
1E9
330
17
100
AcDbEntity
  8
01-VISIBLE
100
AcDbPolyline
 90
2
 70
0
 10
337.1666666666667
 20
348.034442399829
 10
337.1666666666667
 20
350.34288859061724
  0
LWPOLYLINE
  5
1EA
330
17
100
AcDbEntity
  8
01-VISIBLE
100
AcDbPolyline
 90
299
 70
0
 10
322.1666666666667
 20
342.7169408967121
 10
321.9663674895867
 20
342.7158850842101
 10
321.7660905733883
 20
342.7127177640449
 10
321.5658581764791
 20
342.70743928822674
 10
321.3656925523188
 20
342.7000502433957
 10
321.1656159469464
 20
342.69055145075663
 10
320.9656505965071
 20
342.67894396598774
 10
320.7658187247817
 20
342.6652290791236
 10
320.5661425407163
 20
342.6494083144115
 10
320.36664423595437
 20
342.6314834301421
 10
320.16734598236997
 20
342.61145641845394
 10
319.9682699296038
 20
342.58932950511223
 10
319.76943820260186
 20
342.5651051492614
 10
319.570872899156
 20
342.53878604315173
 10
319.37259608744824
 20
342.5103751118402
 10
319.17462980359835
 20
342.4798755128653
 10
318.9769960492144
 20
342.4472906358965
 10
318.7797167889479
 20
342.41262410235674
 10
318.5828139480524
 20
342.37587976502084
 10
318.386309409947
 20
342.3370617075867
 10
318.19022501378413
 20
342.2961742442219
 10
317.9945825520224
 20
342.25322191908367
 10
317.79940376800465
 20
342.20820950581435
 10
317.60471035354146
 20
342.16114200701065
 10
317.41052394650035
 20
342.1120246536676
 10
317.21686612840085
 20
342.06086290459757
 10
317.0237584220162
 20
342.0076624458229
 10
316.8312222889812
 20
341.9524291899447
 10
316.63927912740706
 20
341.8951692754854
 10
316.4479502695032
 20
341.8358890662063
 10
316.25725697920655
 20
341.7745951504005
 10
316.0672204498181
 20
341.7112943401613
 10
315.8778618016476
 20
341.64599367062385
 10
315.68920207966664
 20
341.5787003991844
 10
315.50126225116907
 20
341.5094220046932
 10
315.3140632034413
 20
341.43816618662345
 10
315.1276257414408
 20
341.3649408642153
 10
314.94197058548355
 20
341.2897541755965
 10
314.7571183689417
 20
341.212614476877
 10
314.5730896359501
 20
341.1335303412209
 10
314.38990483912323
 20
341.05251055789324
 10
314.2075843372819
 20
340.9695641312836
 10
314.026148393191
 20
340.884700279905
 10
313.8456171713071
 20
340.7979284353697
 10
313.6660107355376
 20
340.70925824134054
 10
313.48734904701115
 20
340.6186995524597
 10
313.30965196185855
 20
340.5262624332529
 10
313.13293922900664
 20
340.4319571570114
 10
312.9572304879831
 20
340.3357942046499
 10
312.7825452667337
 20
340.2377842635418
 10
312.6089029794522
 20
340.13793822633136
 10
312.43632292442254
 20
340.0362671897234
 10
312.2648242818742
 20
339.9327824532496
 10
312.0944261118505
 20
339.82749551801294
 10
311.9251473520901
 20
339.7204180854094
 10
311.75700681592264
 20
339.6115620558278
 10
311.59002319017753
 20
339.50093952732664
 10
311.4242150331075
 20
339.3885627942899
 10
311.25960077232554
 20
339.27444434606093
 10
311.0961987027576
 20
339.1585968655537
 10
310.9340269846085
 20
339.04103322784397
 10
310.7731036413445
 20
338.9217664987377
 10
310.6134465576895
 20
338.80080993331956
 10
310.4550734776377
 20
338.6781769744796
 10
310.29800200248144
 20
338.5538812514187
 10
310.1422495888553
 20
338.4279365781348
 10
309.9878335467955
 20
338.3003569518869
 10
309.83477103781667
 20
338.17115655163957
 10
309.683079073004
 20
338.0403497364873
 10
309.5327745111232
 20
337.9079510440588
 10
309.3838740567464
 20
337.77397518890075
 10
309.23639425839576
 20
337.6384370608429
 10
309.0903515067045
 20
337.5013517233432
 10
308.94576203259504
 20
337.36273441181345
 10
308.8026419054752
 20
337.22260053192656
 10
308.66100703145224
 20
337.0809656579037
 10
308.5208731515653
 20
336.93784553078376
 10
308.38225584003567
 20
336.7932560566743
 10
308.2451705025359
 20
336.6472133049831
 10
308.10963237447805
 20
336.4997335066324
 10
307.97565651931995
 20
336.35083305225555
 10
307.84325782689143
 20
336.2005284903747
 10
307.71245101173923
 20
336.04883652556214
 10
307.58325061149196
 20
335.89577401658335
 10
307.455670985244
 20
335.74135797452357
 10
307.3297263119601
 20
335.5856055608973
 10
307.2054305888993
 20
335.42853408574115
 10
307.0827976300592
 20
335.27016100568926
 10
306.96184106464113
 20
335.11050392203424
 10
306.8425743355349
 20
334.9495805787702
 10
306.72501069782504
 20
334.7874088606212
 10
306.60916321731787
 20
334.62400679105326
 10
306.49504476908885
 20
334.4593925302713
 10
306.3826680360522
 20
334.29358437320127
 10
306.272045507551
 20
334.1266007474562
 10
306.16318947796935
 20
333.95846021128864
 10
306.0561120453659
 20
333.7891814515283
 10
305.9508251101292
 20
333.61878328150453
 10
305.84734037365536
 20
333.44728463895626
 10
305.7456693370474
 20
333.2747045839267
 10
305.64582329983705
 20
333.10106229664507
 10
305.54781335872894
 20
332.92637707539575
 10
305.45165040636743
 20
332.7506683343721
 10
305.35734513012596
 20
332.5739556015202
 10
305.26490801091916
 20
332.39625851636765
 10
305.17434932203827
 20
332.21759682784113
 10
305.08567912800913
 20
332.0379903920717
 10
304.9989072834738
 20
331.8574591701878
 10
304.91404343209524
 20
331.67602322609685
 10
304.83109700548556
 20
331.4937027242556
 10
304.7500772221579
 20
331.3105179274287
 10
304.67099308650177
 20
331.1264891944371
 10
304.59385338778225
 20
330.9416369778953
 10
304.5186666991634
 20
330.755981821938
 10
304.4454413767554
 20
330.5695443599375
 10
304.37418555868555
 20
330.38234531220974
 10
304.3049071641944
 20
330.1944054837122
 10
304.23761389275495
 20
330.0057457617312
 10
304.17231322321754
 20
329.8163871135607
 10
304.10901241297825
 20
329.6263505841723
 10
304.0477184971726
 20
329.4356572938756
 10
303.9884382878934
 20
329.24432843597174
 10
303.931178373434
 20
329.0523852743976
 10
303.8759451175559
 20
328.8598491413626
 10
303.8227446587813
 20
328.666741434978
 10
303.7715829097112
 20
328.4730836168785
 10
303.72246555636815
 20
328.2788972098373
 10
303.67539805756445
 20
328.08420379537415
 10
303.6303856442951
 20
327.88902501135647
 10
303.5874333191569
 20
327.69338254959473
 10
303.54654585579203
 20
327.49729815343176
 10
303.507727798358
 20
327.30079361532637
 10
303.4709834610221
 20
327.10389077443097
 10
303.4363169274824
 20
326.9066115141644
 10
303.4037320505135
 20
326.7089777597805
 10
303.3732324515386
 20
326.51101147593056
 10
303.3448215202271
 20
326.31273466422283
 10
303.3185024141174
 20
326.11416936077694
 10
303.2942780582665
 20
325.9153376337749
 10
303.27215114492486
 20
325.7162615810089
 10
303.2521241332367
 20
325.5169633274244
 10
303.23419924896723
 20
325.3174650226624
 10
303.21837848425514
 20
325.1177888385971
 10
303.20466359739106
 20
324.91795696687177
 10
303.19305611262223
 20
324.7179916164324
 10
303.18355731998315
 20
324.5179150110599
 10
303.1761682751521
 20
324.3177493868998
 10
303.17088979933396
 20
324.1175169899906
 10
303.1677224791688
 20
323.9172400737921
 10
303.1666666666667
 20
323.7169408967121
 10
303.1677224791688
 20
323.51664171963216
 10
303.17088979933396
 20
323.31636480343377
 10
303.1761682751521
 20
323.11613240652446
 10
303.18355731998315
 20
322.9159667823643
 10
303.19305611262223
 20
322.7158901769918
 10
303.20466359739106
 20
322.51592482655246
 10
303.21837848425514
 20
322.3160929548271
 10
303.23419924896723
 20
322.1164167707618
 10
303.2521241332367
 20
321.91691846599986
 10
303.27215114492486
 20
321.71762021241534
 10
303.2942780582665
 20
321.5185441596493
 10
303.3185024141174
 20
321.3197124326473
 10
303.3448215202271
 20
321.1211471292014
 10
303.3732324515386
 20
320.9228703174937
 10
303.4037320505135
 20
320.7249040336437
 10
303.4363169274824
 20
320.5272702792598
 10
303.4709834610221
 20
320.32999101899327
 10
303.507727798358
 20
320.13308817809786
 10
303.54654585579203
 20
319.9365836399925
 10
303.58743331915684
 20
319.7404992438295
 10
303.6303856442951
 20
319.54485678206777
 10
303.67539805756445
 20
319.3496779980501
 10
303.72246555636815
 20
319.15498458358695
 10
303.7715829097112
 20
318.9607981765457
 10
303.8227446587813
 20
318.7671403584462
 10
303.8759451175559
 20
318.57403265206165
 10
303.931178373434
 20
318.38149651902665
 10
303.9884382878934
 20
318.1895533574525
 10
304.0477184971726
 20
317.99822449954866
 10
304.10901241297825
 20
317.80753120925203
 10
304.17231322321754
 20
317.6174946798635
 10
304.23761389275495
 20
317.42813603169304
 10
304.3049071641944
 20
317.239476309712
 10
304.37418555868555
 20
317.0515364812145
 10
304.4454413767554
 20
316.86433743348675
 10
304.5186666991634
 20
316.6778999714862
 10
304.59385338778225
 20
316.49224481552903
 10
304.67099308650177
 20
316.3073925989871
 10
304.7500772221579
 20
316.12336386599554
 10
304.83109700548556
 20
315.9401790691686
 10
304.91404343209524
 20
315.7578585673274
 10
304.9989072834738
 20
315.57642262323645
 10
305.08567912800913
 20
315.3958914013525
 10
305.1743493220382
 20
315.2162849655831
 10
305.26490801091916
 20
315.0376232770566
 10
305.35734513012596
 20
314.85992619190404
 10
305.45165040636743
 20
314.6832134590521
 10
305.54781335872894
 20
314.5075047180285
 10
305.64582329983705
 20
314.33281949677917
 10
305.7456693370474
 20
314.15917720949756
 10
305.84734037365536
 20
313.986597154468
 10
305.9508251101292
 20
313.8150985119197
 10
306.0561120453659
 20
313.64470034189594
 10
306.16318947796935
 20
313.4754215821356
 10
306.272045507551
 20
313.307281045968
 10
306.3826680360522
 20
313.14029742022296
 10
306.49504476908885
 20
312.9744892631529
 10
306.60916321731787
 20
312.809875002371
 10
306.72501069782504
 20
312.646472932803
 10
306.8425743355349
 20
312.484301214654
 10
306.96184106464113
 20
312.32337787139
 10
307.0827976300592
 20
312.163720787735
 10
307.2054305888993
 20
312.0053477076831
 10
307.3297263119601
 20
311.8482762325269
 10
307.455670985244
 20
311.69252381890067
 10
307.58325061149196
 20
311.5381077768409
 10
307.71245101173923
 20
311.3850452678621
 10
307.84325782689143
 20
311.2333533030495
 10
307.97565651931995
 20
311.0830487411687
 10
308.10963237447805
 20
310.9341482867918
 10
308.2451705025359
 20
310.78666848844114
 10
308.38225584003567
 20
310.64062573674994
 10
308.5208731515653
 20
310.4960362626405
 10
308.66100703145224
 20
310.35291613552056
 10
308.8026419054752
 20
310.2112812614977
 10
308.94576203259504
 20
310.0711473816108
 10
309.0903515067045
 20
309.93253007008104
 10
309.23639425839576
 20
309.79544473258136
 10
309.3838740567464
 20
309.6599066045235
 10
309.5327745111232
 20
309.52593074936544
 10
309.683079073004
 20
309.3935320569369
 10
309.83477103781667
 20
309.26272524178466
 10
309.9878335467955
 20
309.13352484153734
 10
310.14224958885524
 20
309.00594521528944
 10
310.29800200248144
 20
308.8800005420055
 10
310.45507347763765
 20
308.75570481894465
 10
310.6134465576895
 20
308.6330718601047
 10
310.7731036413445
 20
308.5121152946865
 10
310.9340269846085
 20
308.39284856558027
 10
311.0961987027576
 20
308.27528492787053
 10
311.25960077232554
 20
308.1594374473633
 10
311.4242150331075
 20
308.04531899913434
 10
311.59002319017753
 20
307.9329422660976
 10
311.75700681592264
 20
307.82231973759644
 10
311.9251473520901
 20
307.71346370801484
 10
312.0944261118505
 20
307.6063862754113
 10
312.2648242818742
 20
307.5010993401746
 10
312.43632292442254
 20
307.39761460370084
 10
312.6089029794522
 20
307.2959435670929
 10
312.7825452667337
 20
307.1960975298824
 10
312.9572304879831
 20
307.0980875887743
 10
313.13293922900664
 20
307.0019246364128
 10
313.30965196185855
 20
306.90761936017134
 10
313.48734904701115
 20
306.81518224096453
 10
313.6660107355376
 20
306.7246235520837
 10
313.8456171713071
 20
306.6359533580545
 10
314.026148393191
 20
306.5491815135192
 10
314.2075843372819
 20
306.4643176621406
 10
314.38990483912323
 20
306.381371235531
 10
314.5730896359501
 20
306.30035145220336
 10
314.7571183689417
 20
306.22126731654726
 10
314.94197058548355
 20
306.14412761782773
 10
315.1276257414408
 20
306.0689409292089
 10
315.3140632034413
 20
305.9957156068008
 10
315.50126225116907
 20
305.92445978873104
 10
315.68920207966664
 20
305.8551813942398
 10
315.8778618016476
 20
305.7878881228004
 10
316.0672204498181
 20
305.7225874532629
 10
316.25725697920655
 20
305.65928664302373
 10
316.4479502695032
 20
305.59799272721807
 10
316.63927912740706
 20
305.53871251793885
 10
316.8312222889812
 20
305.4814526034795
 10
317.0237584220162
 20
305.4262193476013
 10
317.21686612840085
 20
305.37301888882666
 10
317.41052394650035
 20
305.3218571397566
 10
317.60471035354146
 20
305.2727397864136
 10
317.79940376800465
 20
305.2256722876099
 10
317.9945825520224
 20
305.18065987434056
 10
318.19022501378413
 20
305.13770754920233
 10
318.386309409947
 20
305.0968200858375
 10
318.5828139480524
 20
305.0580020284034
 10
318.7797167889479
 20
305.0212576910675
 10
318.9769960492144
 20
304.98659115752776
 10
319.17462980359835
 20
304.95400628055893
 10
319.37259608744824
 20
304.92350668158406
 10
319.570872899156
 20
304.8950957502725
 10
319.76943820260186
 20
304.86877664416284
 10
319.9682699296038
 20
304.844552288312
 10
320.16734598236997
 20
304.8224253749703
 10
320.36664423595437
 20
304.8023983632821
 10
320.5661425407163
 20
304.7844734790127
 10
320.7658187247817
 20
304.76865271430063
 10
320.9656505965071
 20
304.7549378274365
 10
321.1656159469464
 20
304.7433303426676
 10
321.3656925523188
 20
304.7338315500285
 10
321.5658581764791
 20
304.7264425051975
 10
321.7660905733883
 20
304.72116402937934
 10
321.9663674895867
 20
304.71799670921416
 10
322.1666666666667
 20
304.7169408967121
  0
LWPOLYLINE
  5
1EB
330
17
100
AcDbEntity
  8
01-VISIBLE
100
AcDbPolyline
 90
299
 70
0
 10
322.1666666666667
 20
304.7169408967121
 10
322.3669658437467
 20
304.71799670921416
 10
322.5672427599451
 20
304.72116402937934
 10
322.7674751568543
 20
304.7264425051975
 10
322.96764078101455
 20
304.7338315500285
 10
323.167717386387
 20
304.7433303426676
 10
323.3676827368263
 20
304.7549378274365
 10
323.5675146085517
 20
304.76865271430063
 10
323.76719079261704
 20
304.7844734790127
 10
323.966689097379
 20
304.8023983632821
 10
324.1659873509634
 20
304.8224253749703
 10
324.36506340372955
 20
304.844552288312
 10
324.5638951307315
 20
304.86877664416284
 10
324.7624604341774
 20
304.8950957502725
 10
324.9607372458851
 20
304.92350668158406
 10
325.158703529735
 20
304.95400628055893
 10
325.356337284119
 20
304.98659115752776
 10
325.5536165443855
 20
305.0212576910675
 10
325.750519385281
 20
305.0580020284034
 10
325.9470239233864
 20
305.0968200858375
 10
326.14310831954924
 20
305.13770754920233
 10
326.338750781311
 20
305.18065987434056
 10
326.5339295653287
 20
305.2256722876099
 10
326.7286229797919
 20
305.2727397864136
 10
326.922809386833
 20
305.3218571397566
 10
327.1164672049325
 20
305.37301888882666
 10
327.30957491131716
 20
305.4262193476013
 10
327.50211104435215
 20
305.4814526034795
 10
327.6940542059263
 20
305.53871251793885
 10
327.88538306383015
 20
305.59799272721796
 10
328.0760763541268
 20
305.65928664302373
 10
328.2661128835153
 20
305.7225874532629
 10
328.45547153168576
 20
305.7878881228004
 10
328.6441312536667
 20
305.8551813942398
 10
328.8320710821643
 20
305.92445978873104
 10
329.01927012989205
 20
305.9957156068008
 10
329.2057075918926
 20
306.0689409292089
 10
329.3913627478498
 20
306.14412761782773
 10
329.5762149643917
 20
306.22126731654714
 10
329.76024369738326
 20
306.30035145220336
 10
329.94342849421014
 20
306.381371235531
 10
330.1257489960514
 20
306.4643176621406
 10
330.30718494014235
 20
306.5491815135192
 10
330.4877161620263
 20
306.6359533580545
 10
330.66732259779576
 20
306.7246235520837
 10
330.8459842863222
 20
306.81518224096453
 10
331.0236813714748
 20
306.90761936017134
 10
331.20039410432673
 20
307.0019246364128
 10
331.37610284535026
 20
307.0980875887743
 10
331.5507880665997
 20
307.1960975298824
 10
331.7244303538812
 20
307.2959435670929
 10
331.89701040891083
 20
307.39761460370084
 10
332.06850905145916
 20
307.5010993401746
 10
332.23890722148286
 20
307.6063862754113
 10
332.40818598124326
 20
307.71346370801484
 10
332.57632651741073
 20
307.82231973759644
 10
332.74331014315584
 20
307.9329422660976
 10
332.9091183002259
 20
308.04531899913434
 10
333.07373256100783
 20
308.1594374473633
 10
333.2371346305758
 20
308.27528492787053
 10
333.39930634872485
 20
308.39284856558027
 10
333.5602296919888
 20
308.5121152946865
 10
333.7198867756439
 20
308.6330718601047
 10
333.8782598556957
 20
308.75570481894465
 10
334.03533133085193
 20
308.8800005420055
 10
334.1910837444781
 20
309.00594521528944
 10
334.34549978653786
 20
309.13352484153734
 10
334.4985622955167
 20
309.26272524178466
 10
334.65025426032935
 20
309.3935320569369
 10
334.8005588222102
 20
309.52593074936544
 10
334.949459276587
 20
309.6599066045235
 10
335.0969390749376
 20
309.79544473258136
 10
335.24298182662886
 20
309.93253007008104
 10
335.38757130073833
 20
310.0711473816108
 10
335.5306914278582
 20
310.2112812614977
 10
335.6723263018811
 20
310.35291613552056
 10
335.8124601817681
 20
310.4960362626405
 10
335.9510774932977
 20
310.64062573674994
 10
336.08816283079744
 20
310.78666848844114
 10
336.2237009588553
 20
310.9341482867918
 10
336.3576768140134
 20
311.0830487411687
 10
336.49007550644194
 20
311.2333533030494
 10
336.62088232159414
 20
311.3850452678621
 10
336.7500827218414
 20
311.5381077768409
 10
336.87766234808936
 20
311.69252381890067
 10
337.0036070213733
 20
311.8482762325269
 10
337.1279027444341
 20
312.0053477076831
 10
337.2505357032742
 20
312.163720787735
 10
337.37149226869224
 20
312.32337787139
 10
337.4907589977985
 20
312.484301214654
 10
337.60832263550833
 20
312.646472932803
 10
337.7241701160155
 20
312.809875002371
 10
337.8382885642445
 20
312.9744892631529
 10
337.95066529728115
 20
313.14029742022296
 10
338.06128782578236
 20
313.307281045968
 10
338.170143855364
 20
313.4754215821356
 10
338.27722128796745
 20
313.64470034189594
 10
338.3825082232042
 20
313.8150985119197
 10
338.485992959678
 20
313.986597154468
 10
338.587663996286
 20
314.15917720949756
 10
338.6875100334963
 20
314.33281949677917
 10
338.7855199746044
 20
314.5075047180285
 10
338.88168292696594
 20
314.6832134590521
 10
338.9759882032074
 20
314.85992619190404
 10
339.0684253224142
 20
315.0376232770566
 10
339.1589840112951
 20
315.2162849655831
 10
339.24765420532424
 20
315.3958914013525
 10
339.3344260498596
 20
315.57642262323645
 10
339.41928990123813
 20
315.7578585673274
 10
339.5022363278478
 20
315.9401790691686
 10
339.58325611117544
 20
316.12336386599554
 10
339.6623402468316
 20
316.3073925989871
 10
339.7394799455511
 20
316.4922448155289
 10
339.81466663416995
 20
316.6778999714862
 10
339.88789195657796
 20
316.86433743348675
 10
339.9591477746478
 20
317.0515364812145
 10
340.028426169139
 20
317.239476309712
 10
340.0957194405784
 20
317.42813603169304
 10
340.1610201101158
 20
317.6174946798635
 10
340.2243209203551
 20
317.8075312092519
 10
340.2856148361608
 20
317.99822449954866
 10
340.34489504543996
 20
318.1895533574525
 10
340.40215495989935
 20
318.38149651902665
 10
340.4573882157775
 20
318.57403265206165
 10
340.5105886745521
 20
318.7671403584462
 10
340.5617504236222
 20
318.9607981765457
 10
340.6108677769652
 20
319.15498458358695
 10
340.6579352757689
 20
319.3496779980501
 10
340.70294768903824
 20
319.54485678206777
 10
340.74590001417647
 20
319.7404992438295
 10
340.78678747754134
 20
319.9365836399925
 10
340.82560553497535
 20
320.13308817809786
 10
340.86234987231126
 20
320.32999101899327
 10
340.897016405851
 20
320.5272702792598
 10
340.9296012828199
 20
320.7249040336437
 10
340.96010088179474
 20
320.9228703174937
 10
340.9885118131063
 20
321.1211471292014
 10
341.01483091921597
 20
321.3197124326473
 10
341.0390552750668
 20
321.5185441596493
 10
341.0611821884085
 20
321.71762021241534
 10
341.0812092000967
 20
321.91691846599986
 10
341.09913408436614
 20
322.1164167707618
 10
341.11495484907823
 20
322.3160929548271
 10
341.1286697359423
 20
322.51592482655246
 10
341.14027722071114
 20
322.7158901769918
 10
341.1497760133502
 20
322.9159667823643
 10
341.1571650581813
 20
323.11613240652446
 10
341.1624435339994
 20
323.31636480343366
 10
341.1656108541646
 20
323.51664171963216
 10
341.1666666666667
 20
323.7169408967121
 10
341.1656108541646
 20
323.9172400737921
 10
341.1624435339994
 20
324.1175169899906
 10
341.1571650581813
 20
324.3177493868998
 10
341.1497760133502
 20
324.5179150110599
 10
341.14027722071114
 20
324.7179916164324
 10
341.1286697359423
 20
324.91795696687177
 10
341.11495484907823
 20
325.1177888385971
 10
341.09913408436614
 20
325.3174650226624
 10
341.0812092000967
 20
325.5169633274244
 10
341.0611821884085
 20
325.7162615810089
 10
341.0390552750668
 20
325.9153376337749
 10
341.01483091921597
 20
326.11416936077694
 10
340.9885118131063
 20
326.31273466422283
 10
340.96010088179474
 20
326.51101147593056
 10
340.9296012828199
 20
326.7089777597805
 10
340.897016405851
 20
326.9066115141644
 10
340.86234987231126
 20
327.10389077443097
 10
340.82560553497535
 20
327.30079361532637
 10
340.78678747754134
 20
327.49729815343176
 10
340.74590001417647
 20
327.69338254959473
 10
340.70294768903824
 20
327.88902501135647
 10
340.6579352757689
 20
328.08420379537415
 10
340.6108677769652
 20
328.2788972098373
 10
340.5617504236222
 20
328.4730836168785
 10
340.5105886745521
 20
328.666741434978
 10
340.4573882157775
 20
328.8598491413626
 10
340.40215495989935
 20
329.0523852743976
 10
340.34489504543996
 20
329.24432843597174
 10
340.2856148361608
 20
329.4356572938756
 10
340.2243209203551
 20
329.6263505841723
 10
340.1610201101158
 20
329.8163871135607
 10
340.0957194405784
 20
330.0057457617312
 10
340.028426169139
 20
330.1944054837122
 10
339.9591477746478
 20
330.38234531220974
 10
339.88789195657796
 20
330.5695443599375
 10
339.81466663416995
 20
330.755981821938
 10
339.7394799455511
 20
330.9416369778953
 10
339.6623402468316
 20
331.1264891944371
 10
339.58325611117544
 20
331.3105179274287
 10
339.5022363278478
 20
331.4937027242556
 10
339.41928990123813
 20
331.67602322609685
 10
339.3344260498596
 20
331.8574591701878
 10
339.24765420532424
 20
332.0379903920717
 10
339.1589840112951
 20
332.21759682784113
 10
339.0684253224142
 20
332.39625851636765
 10
338.9759882032074
 20
332.5739556015202
 10
338.88168292696594
 20
332.7506683343721
 10
338.7855199746044
 20
332.92637707539575
 10
338.6875100334963
 20
333.10106229664507
 10
338.587663996286
 20
333.2747045839267
 10
338.485992959678
 20
333.44728463895626
 10
338.3825082232042
 20
333.61878328150453
 10
338.27722128796745
 20
333.7891814515283
 10
338.170143855364
 20
333.95846021128864
 10
338.06128782578236
 20
334.1266007474562
 10
337.95066529728115
 20
334.29358437320127
 10
337.8382885642445
 20
334.4593925302713
 10
337.7241701160155
 20
334.62400679105326
 10
337.60832263550833
 20
334.7874088606212
 10
337.4907589977985
 20
334.9495805787702
 10
337.37149226869224
 20
335.11050392203424
 10
337.2505357032742
 20
335.27016100568926
 10
337.1279027444341
 20
335.42853408574115
 10
337.0036070213733
 20
335.5856055608973
 10
336.87766234808936
 20
335.74135797452357
 10
336.7500827218414
 20
335.89577401658335
 10
336.62088232159414
 20
336.04883652556214
 10
336.49007550644194
 20
336.2005284903747
 10
336.3576768140134
 20
336.35083305225555
 10
336.2237009588553
 20
336.4997335066324
 10
336.08816283079744
 20
336.6472133049831
 10
335.9510774932977
 20
336.7932560566743
 10
335.812460181768
 20
336.93784553078376
 10
335.6723263018811
 20
337.0809656579037
 10
335.5306914278582
 20
337.22260053192656
 10
335.38757130073833
 20
337.36273441181345
 10
335.24298182662886
 20
337.5013517233432
 10
335.0969390749376
 20
337.6384370608429
 10
334.949459276587
 20
337.77397518890075
 10
334.8005588222102
 20
337.9079510440588
 10
334.65025426032935
 20
338.0403497364873
 10
334.4985622955167
 20
338.17115655163957
 10
334.34549978653786
 20
338.3003569518869
 10
334.1910837444781
 20
338.4279365781348
 10
334.03533133085193
 20
338.5538812514187
 10
333.87825985569566
 20
338.6781769744796
 10
333.7198867756439
 20
338.80080993331956
 10
333.5602296919888
 20
338.9217664987377
 10
333.39930634872485
 20
339.04103322784397
 10
333.2371346305758
 20
339.1585968655537
 10
333.07373256100783
 20
339.27444434606093
 10
332.9091183002259
 20
339.3885627942899
 10
332.74331014315584
 20
339.50093952732664
 10
332.57632651741073
 20
339.6115620558278
 10
332.40818598124326
 20
339.7204180854094
 10
332.23890722148286
 20
339.82749551801294
 10
332.06850905145916
 20
339.9327824532496
 10
331.89701040891083
 20
340.0362671897234
 10
331.7244303538812
 20
340.13793822633136
 10
331.5507880665997
 20
340.2377842635418
 10
331.37610284535026
 20
340.3357942046499
 10
331.20039410432673
 20
340.4319571570114
 10
331.0236813714748
 20
340.5262624332529
 10
330.8459842863222
 20
340.6186995524597
 10
330.66732259779576
 20
340.70925824134054
 10
330.4877161620263
 20
340.7979284353697
 10
330.30718494014235
 20
340.884700279905
 10
330.1257489960514
 20
340.9695641312836
 10
329.94342849421014
 20
341.05251055789324
 10
329.76024369738326
 20
341.1335303412209
 10
329.5762149643917
 20
341.2126144768771
 10
329.3913627478498
 20
341.2897541755965
 10
329.2057075918926
 20
341.3649408642153
 10
329.01927012989205
 20
341.43816618662345
 10
328.8320710821643
 20
341.5094220046932
 10
328.6441312536667
 20
341.5787003991844
 10
328.45547153168576
 20
341.64599367062385
 10
328.2661128835153
 20
341.7112943401613
 10
328.0760763541268
 20
341.7745951504005
 10
327.88538306383015
 20
341.8358890662063
 10
327.6940542059263
 20
341.8951692754854
 10
327.50211104435215
 20
341.9524291899447
 10
327.30957491131716
 20
342.0076624458229
 10
327.1164672049325
 20
342.06086290459757
 10
326.922809386833
 20
342.1120246536676
 10
326.7286229797919
 20
342.16114200701065
 10
326.5339295653287
 20
342.20820950581435
 10
326.338750781311
 20
342.25322191908367
 10
326.14310831954924
 20
342.2961742442219
 10
325.9470239233864
 20
342.3370617075867
 10
325.750519385281
 20
342.37587976502084
 10
325.5536165443855
 20
342.41262410235674
 10
325.356337284119
 20
342.4472906358965
 10
325.158703529735
 20
342.4798755128653
 10
324.9607372458851
 20
342.5103751118402
 10
324.7624604341774
 20
342.53878604315173
 10
324.5638951307315
 20
342.5651051492614
 10
324.36506340372955
 20
342.58932950511223
 10
324.1659873509634
 20
342.61145641845394
 10
323.966689097379
 20
342.6314834301421
 10
323.76719079261704
 20
342.6494083144115
 10
323.5675146085517
 20
342.6652290791236
 10
323.3676827368263
 20
342.67894396598774
 10
323.167717386387
 20
342.69055145075663
 10
322.96764078101455
 20
342.7000502433957
 10
322.7674751568543
 20
342.70743928822674
 10
322.5672427599451
 20
342.7127177640449
 10
322.3669658437467
 20
342.7158850842101
 10
322.1666666666667
 20
342.7169408967121
  0
LWPOLYLINE
  5
1EC
330
17
100
AcDbEntity
  8
01-VISIBLE
100
AcDbPolyline
 90
522
 70
0
 10
338.7666666666667
 20
323.7169408967121
 10
338.76545952811813
 20
323.9171296642013
 10
338.7618382880367
 20
324.1172893165606
 10
338.7558034730897
 20
324.3173907428944
 10
338.7473559609709
 20
324.51740484077584
 10
338.73649698027265
 20
324.7173025204785
 10
338.7232281103076
 20
324.91705470920783
 10
338.70755128087865
 20
325.11663235532933
 10
338.68946877199846
 20
325.31600643259344
 10
338.66898321355785
 20
325.5151479443575
 10
338.6460975849432
 20
325.7140279278028
 10
338.62081521460334
 20
325.912617458147
 10
338.5931397795651
 20
326.11088765285047
 10
338.563075304899
 20
326.30880967581743
 10
338.53062616313343
 20
326.5063547415898
 10
338.4957970736191
 20
326.70349411953316
 10
338.4585931018422
 20
326.9001991380161
 10
338.41901965868817
 20
327.0964411885792
 10
338.3770824996545
 20
327.292191730097
 10
338.3327877240135
 20
327.4874222929278
 10
338.28614177392564
 20
327.6821044830549
 10
338.2371514335023
 20
327.8762099862163
 10
338.18582382781915
 20
328.069710572022
 10
338.1321664218801
 20
328.26257809806043
 10
338.0761870195311
 20
328.4547845139913
 10
338.0178937623259
 20
328.64630186562476
 10
337.95729512834123
 20
328.8371022989877
 10
337.8943999309443
 20
329.02715806437436
 10
337.82921731751065
 20
329.2164415203822
 10
337.7617567680939
 20
329.4049251379322
 10
337.69202809404703
 20
329.5925815042723
 10
337.6200414365955
 20
329.7793833269649
 10
337.54580726536193
 20
329.9653034378555
 10
337.469336376844
 20
330.1503147970245
 10
337.3906398928438
 20
330.33439049671983
 10
337.3097292588504
 20
330.5175037652699
 10
337.2266162423752
 20
330.69962797097776
 10
337.14131293124075
 20
330.880736625994
 10
337.0538317318223
 20
331.06080339016944
 10
336.9641853672438
 20
331.2398020748858
 10
336.87238687552707
 20
331.4177066468642
 10
336.7784496076961
 20
331.59449123195236
 10
336.6823872258348
 20
331.7701301188864
 10
336.5842137011004
 20
331.94459776303154
 10
336.4839433116911
 20
332.11786879009605
 10
336.38159064077
 20
332.28991799982293
 10
336.2771705743436
 20
332.4607203696537
 10
336.17069829909707
 20
332.6302510583686
 10
336.06218930018565
 20
332.79848540969897
 10
335.9516593589823
 20
332.96539895591343
 10
335.83912455078246
 20
333.13096742137634
 10
335.7246012424663
 20
333.2951667260784
 10
335.6081060901181
 20
333.45797298913874
 10
335.4896560366042
 20
333.6193625322785
 10
335.36926830910824
 20
333.779311883264
 10
335.2469604166263
 20
333.9377977793208
 10
335.12275014741994
 20
334.09479717051704
 10
334.9966555664295
 20
334.25028722311583
 10
334.8686950126465
 20
334.4042453228958
 10
334.7388870964465
 20
334.5566490784404
 10
334.6072506968824
 20
334.7074763243945
 10
334.4738049589388
 20
334.8567051246879
 10
334.3385692907476
 20
335.0043137757257
 10
334.20156336076525
 20
335.15028080954494
 10
334.0628070949121
 20
335.2945849969367
 10
333.9223206736746
 20
335.4372053505339
 10
333.7801245291702
 20
335.5781211278635
 10
333.63623934217566
 20
335.71731183436304
 10
333.49068603911945
 20
335.8547572263619
 10
333.343485789038
 20
335.99043731402514
 10
333.1946600004972
 20
336.12433236426045
 10
333.04423031847847
 20
336.2564229035887
 10
332.892218621231
 20
336.38668972097616
 10
332.7386470170897
 20
336.51511387062794
 10
332.5835378412597
 20
336.64167667474385
 10
332.4269136525683
 20
336.76635972623467
 10
332.26879723018357
 20
336.8891448913995
 10
332.10921157030174
 20
337.01001431256293
 10
331.9481798828026
 20
337.12895041067236
 10
331.7857255878737
 20
337.2459358878542
 10
331.6218723126045
 20
337.36095372993043
 10
331.4566438875498
 20
337.47398720889237
 10
331.2900643432639
 20
337.5850198853342
 10
331.12215790680585
 20
337.69403561084323
 10
330.95294899821556
 20
337.8010185303491
 10
330.78246222696254
 20
337.90595308442926
 10
330.6107223883664
 20
338.0088240115724
 10
330.437754459991
 20
338.1096163503976
 10
330.2635835980116
 20
338.20831544183034
 10
330.08823513355594
 20
338.30490693123477
 10
329.9117345690206
 20
338.39937677050114
 10
329.73410757436164
 20
338.4917112200892
 10
329.55537998336126
 20
338.5818968510263
 10
329.3755777898707
 20
338.66992054686034
 10
329.1947271440295
 20
338.7557695055676
 10
329.01285434846255
 20
338.8394312414148
 10
328.82998585445443
 20
338.9208935867747
 10
328.64614825810264
 20
339.00014469389555
 10
328.4613682964491
 20
339.077173036625
 10
328.27567284359213
 20
339.1519674120857
 10
328.0890889067774
 20
339.22451694230483
 10
327.90164362247026
 20
339.29481107579636
 10
327.71336425240906
 20
339.3628395890954
 10
327.5242781796403
 20
339.4285925882451
 10
327.3344129045359
 20
339.4920605102361
 10
327.1437960407938
 20
339.55323412439645
 10
326.9524553114218
 20
339.61210453373496
 10
326.7604185447053
 20
339.66866317623465
 10
326.56771367016063
 20
339.72290182609834
 10
326.3743687144724
 20
339.7748125949445
 10
326.1804117974175
 20
339.8243879329551
 10
325.9858711277757
 20
339.87162062997345
 10
325.79077499922664
 20
339.91650381655256
 10
325.59515178623514
 20
339.95903096495454
 10
325.3990299399243
 20
339.9991958900997
 10
325.20243798393744
 20
340.03699275046665
 10
325.00540451029025
 20
340.07241604894114
 10
324.80795817521164
 20
340.10546063361596
 10
324.61012769497665
 20
340.1361216985405
 10
324.4119418417297
 20
340.1643947844191
 10
324.2134294393001
 20
340.19027577925976
 10
324.01461935901
 20
340.21376091897275
 10
323.81554051547516
 20
340.2348467879175
 10
323.61622186240004
 20
340.25353031939903
 10
323.41669238836647
 20
340.26980879611517
 10
323.2169811126178
 20
340.28367985055047
 10
323.0171170808383
 20
340.2951414653213
 10
322.81712936092885
 20
340.3041919734691
 10
322.61704703877933
 20
340.3108300587023
 10
322.4168992140384
 20
340.3150547555889
 10
322.2167149958813
 20
340.31686544969557
 10
322.01652349877634
 20
340.316261877678
 10
321.8163538382504
 20
340.31324412731885
 10
321.61623512665443
 20
340.30781263751464
 10
321.4161964689296
 20
340.2999681982126
 10
321.2162669583741
 20
340.2897119502951
 10
321.0164756724119
 20
340.27704538541434
 10
320.8168516683638
 20
340.261970345775
 10
320.61742397922154
 20
340.2444890238663
 10
320.4182216094249
 20
340.22460396214353
 10
320.2192735306438
 20
340.2023180526577
 10
320.0206086775643
 20
340.1776345366354
 10
319.8222559436808
 20
340.15055700400717
 10
319.62424417709326
 20
340.12108939288566
 10
319.42660217631226
 20
340.0892359889922
 10
319.2293586860701
 20
340.05500142503445
 10
319.0325423931402
 20
340.01839068003176
 10
318.83618192216534
 20
339.97940907859163
 10
318.6403058314941
 20
339.938062290135
 10
318.44494260902775
 20
339.8943563280717
 10
318.25012066807676
 20
339.8482975489261
 10
318.0558683432284
 20
339.7998926514124
 10
317.86221388622596
 20
339.74914867546033
 10
317.66918546185997
 20
339.69607300119173
 10
317.4768111438715
 20
339.64067334784636
 10
317.2851189108696
 20
339.5829577726603
 10
317.094136642262
 20
339.5229346696931
 10
316.90389211420035
 20
339.4606127686076
 10
316.71441299554044
 20
339.3960011334001
 10
316.5257268438183
 20
339.3291091610822
 10
316.3378611012419
 20
339.2599465803138
 10
316.1508430907005
 20
339.18852344998857
 10
315.96470001179046
 20
339.114850157771
 10
315.7794589368594
 20
339.0389374185852
 10
315.5951468070691
 20
338.96079627305687
 10
315.411790428477
 20
338.8804380859076
 10
315.2294164681377
 20
338.797874544302
 10
315.04805145022436
 20
338.7131176561477
 10
314.8677217521713
 20
338.62617974834905
 10
314.6884536008375
 20
338.5370734650146
 10
314.5102730686924
 20
338.4458117656178
 10
314.33320607002383
 20
338.3524079231122
 10
314.1572783571691
 20
338.25687552200134
 10
313.98251551676964
 20
338.1592284563627
 10
313.8089429660497
 20
338.0594809278274
 10
313.6365859491199
 20
337.95764744351436
 10
313.4654695333052
 20
337.85374281392035
 10
313.2956186055
 20
337.7477821507664
 10
313.1270578685479
 20
337.6397808647996
 10
312.9598118376494
 20
337.529754663552
 10
312.793904836796
 20
337.41771954905585
 10
312.6293609952331
 20
337.3036918155169
 10
312.4662042439505
 20
337.18768804694366
 10
312.30445831220146
 20
337.06972511473634
 10
312.14414672405223
 20
336.9498201752326
 10
311.98529279496046
 20
336.8279906672125
 10
311.8279196283841
 20
336.70425430936234
 10
311.6720501124214
 20
336.57862909769733
 10
311.51770691648227
 20
336.45113330294475
 10
311.36491248799086
 20
336.32178546788634
 10
311.2136890491213
 20
336.1906044046616
 10
311.0640585935654
 20
336.0576091920317
 10
310.9160428833342
 20
335.92281917260505
 10
310.76966344559264
 20
335.78625395002337
 10
310.62494156952897
 20
335.6479333861114
 10
310.4818983032583
 20
335.5078775979878
 10
310.3405544507614
 20
335.36610695513946
 10
310.20093056885906
 20
335.2226420764588
 10
310.0630469642225
 20
335.0775038272453
 10
309.9269236904197
 20
334.9307133161708
 10
309.792580544999
 20
334.7822918922093
 10
309.6600370666096
 20
334.6322611415321
 10
309.5293125321604
 20
334.4806428843684
 10
309.4004259540157
 20
334.32745917183195
 10
309.2733960772306
 20
334.1727322827136
 10
309.14824137682444
 20
334.0164847202411
 10
309.02498005509403
 20
333.85873920880715
 10
308.90363003896636
 20
333.6995186906629
 10
308.78420897739096
 20
333.5388463225827
 10
308.66673423877353
 20
333.37674547249514
 10
308.5512229084497
 20
333.21323971608535
 10
308.43769178620016
 20
333.0483528333656
 10
308.32615738380724
 20
332.8821088052167
 10
308.2166359226538
 20
332.7145318099008
 10
308.1091433313635
 20
332.5456462195443
 10
308.00369524348474
 20
332.3754765965941
 10
307.90030699521645
 20
332.20404769024424
 10
307.798993623178
 20
332.03138443283694
 10
307.69976986222184
 20
331.8575119362366
 10
307.60265014329116
 20
331.6824554881773
 10
307.5076485913204
 20
331.5062405485852
 10
307.41477902318127
 20
331.32889274587546
 10
307.32405494567325
 20
331.1504378732252
 10
307.23548955355926
 20
330.9709018848217
 10
307.1490957276462
 20
330.7903108920884
 10
307.06488603291234
 20
330.60869115988635
 10
306.982872716679
 20
330.42606910269524
 10
306.9030677068301
 20
330.24247128077104
 10
306.82548261007685
 20
330.0579243962833
 10
306.7501287102701
 20
329.8724552894321
 10
306.67701696675874
 20
329.6860909345435
 10
306.6061580127964
 20
329.4988584361472
 10
306.53756215399443
 20
329.31078502503465
 10
306.47123936682345
 20
329.12189805429773
 10
306.40719929716204
 20
328.93222499535136
 10
306.34545125889423
 20
328.7417934339378
 10
306.28600423255455
 20
328.5506310661149
 10
306.2288668640223
 20
328.3587656942274
 10
306.1740474632636
 20
328.1662252228642
 10
306.1215540031233
 20
327.9730376547993
 10
306.07139411816524
 20
327.7792310869196
 10
306.02357510356177
 20
327.5848337061383
 10
305.97810391403283
 20
327.3898737852952
 10
305.93498716283455
 20
327.19437967904537
 10
305.8942311207974
 20
326.99837981973474
 10
305.85584171541393
 20
326.80190271326524
 10
305.8198245299772
 20
326.6049769349489
 10
305.7861848027683
 20
326.4076311253516
 10
305.7549274262945
 20
326.2098939861281
 10
305.7260569465781
 20
326.0117942758475
 10
305.6995775624948
 20
325.8133608058106
 10
305.67549312516337
 20
325.6146224358597
 10
305.65380713738534
 20
325.4156080701812
 10
305.63452275313557
 20
325.21634665310205
 10
305.61764277710364
 20
325.0168671648796
 10
305.603169664286
 20
324.8171986174875
 10
305.5911055196286
 20
324.6173700503956
 10
305.58145209772124
 20
324.4174105263469
 10
305.57421080254187
 20
324.21734912713043
 10
305.56938268725276
 20
324.017214949352
 10
305.56696845404707
 20
323.8170371002019
 10
305.56696845404707
 20
323.61684469322233
 10
305.56938268725276
 20
323.4166668440722
 10
305.57421080254187
 20
323.2165326662938
 10
305.58145209772124
 20
323.01647126707735
 10
305.5911055196286
 20
322.8165117430286
 10
305.603169664286
 20
322.6166831759367
 10
305.61764277710364
 20
322.4170146285446
 10
305.63452275313557
 20
322.2175351403222
 10
305.65380713738534
 20
322.01827372324306
 10
305.67549312516337
 20
321.81925935756453
 10
305.6995775624948
 20
321.62052098761365
 10
305.7260569465781
 20
321.42208751757676
 10
305.7549274262945
 20
321.2239878072961
 10
305.7861848027683
 20
321.02625066807263
 10
305.8198245299772
 20
320.8289048584753
 10
305.85584171541393
 20
320.631979080159
 10
305.8942311207974
 20
320.4355019736895
 10
305.93498716283455
 20
320.23950211437887
 10
305.97810391403283
 20
320.044008008129
 10
306.02357510356177
 20
319.84904808728595
 10
306.07139411816524
 20
319.65465070650464
 10
306.1215540031233
 20
319.4608441386249
 10
306.1740474632636
 20
319.26765657056
 10
306.2288668640223
 20
319.07511609919686
 10
306.28600423255455
 20
318.88325072730936
 10
306.34545125889423
 20
318.69208835948643
 10
306.40719929716204
 20
318.5016567980729
 10
306.47123936682345
 20
318.3119837391265
 10
306.53756215399443
 20
318.1230967683896
 10
306.6061580127964
 20
317.93502335727703
 10
306.67701696675874
 20
317.74779085888076
 10
306.75012871027
 20
317.56142650399227
 10
306.82548261007685
 20
317.37595739714095
 10
306.9030677068301
 20
317.1914105126533
 10
306.982872716679
 20
317.007812690729
 10
307.06488603291234
 20
316.8251906335379
 10
307.1490957276462
 20
316.6435709013359
 10
307.23548955355926
 20
316.4629799086025
 10
307.32405494567325
 20
316.28344392019903
 10
307.41477902318127
 20
316.10498904754877
 10
307.5076485913204
 20
315.92764124483904
 10
307.60265014329116
 20
315.7514263052469
 10
307.69976986222184
 20
315.5763698571876
 10
307.798993623178
 20
315.4024973605873
 10
307.90030699521645
 20
315.22983410318
 10
308.00369524348474
 20
315.0584051968301
 10
308.1091433313635
 20
314.8882355738798
 10
308.2166359226538
 20
314.71934998352344
 10
308.32615738380724
 20
314.5517729882075
 10
308.43769178620016
 20
314.38552896005865
 10
308.55122290844974
 20
314.2206420773389
 10
308.66673423877353
 20
314.0571363209291
 10
308.78420897739096
 20
313.89503547084155
 10
308.90363003896636
 20
313.73436310276134
 10
309.02498005509403
 20
313.5751425846171
 10
309.14824137682444
 20
313.4173970731831
 10
309.2733960772306
 20
313.26114951071065
 10
309.4004259540157
 20
313.1064226215923
 10
309.5293125321604
 20
312.9532389090558
 10
309.6600370666096
 20
312.8016206518921
 10
309.792580544999
 20
312.65158990121495
 10
309.9269236904197
 20
312.50316847725344
 10
310.0630469642225
 20
312.3563779661789
 10
310.20093056885906
 20
312.21123971696545
 10
310.3405544507614
 20
312.0677748382848
 10
310.4818983032583
 20
311.92600419543646
 10
310.62494156952897
 20
311.78594840731284
 10
310.76966344559264
 20
311.64762784340087
 10
310.9160428833342
 20
311.5110626208192
 10
311.06405859356545
 20
311.37627260139254
 10
311.2136890491213
 20
311.24327738876264
 10
311.36491248799086
 20
311.1120963255379
 10
311.51770691648227
 20
310.9827484904795
 10
311.6720501124214
 20
310.8552526957269
 10
311.8279196283841
 20
310.7296274840619
 10
311.98529279496046
 20
310.60589112621176
 10
312.14414672405223
 20
310.4840616181916
 10
312.30445831220146
 20
310.3641566786879
 10
312.4662042439505
 20
310.24619374648057
 10
312.6293609952331
 20
310.1301899779073
 10
312.793904836796
 20
310.0161622443684
 10
312.9598118376494
 20
309.9041271298722
 10
313.1270578685479
 20
309.79410092862463
 10
313.2956186055
 20
309.68609964265784
 10
313.4654695333052
 20
309.5801389795039
 10
313.6365859491199
 20
309.4762343499099
 10
313.8089429660497
 20
309.37440086559684
 10
313.98251551676964
 20
309.2746533370615
 10
314.1572783571691
 20
309.1770062714229
 10
314.33320607002383
 20
309.08147387031204
 10
314.5102730686924
 20
308.98807002780643
 10
314.6884536008375
 20
308.89680832840963
 10
314.8677217521713
 20
308.8077020450752
 10
315.04805145022436
 20
308.72076413727655
 10
315.2294164681377
 20
308.63600724912226
 10
315.411790428477
 20
308.55344370751664
 10
315.59514680706906
 20
308.47308552036736
 10
315.7794589368594
 20
308.39494437483904
 10
315.96470001179046
 20
308.31903163565323
 10
316.1508430907005
 20
308.24535834343567
 10
316.3378611012419
 20
308.17393521311044
 10
316.5257268438183
 20
308.104772632342
 10
316.71441299554044
 20
308.03788066002414
 10
316.90389211420035
 20
307.97326902481666
 10
317.094136642262
 20
307.91094712373115
 10
317.2851189108696
 20
307.85092402076396
 10
317.4768111438715
 20
307.7932084455779
 10
317.66918546185997
 20
307.7378087922325
 10
317.86221388622596
 20
307.6847331179639
 10
318.0558683432284
 20
307.63398914201184
 10
318.25012066807676
 20
307.58558424449814
 10
318.44494260902775
 20
307.53952546535254
 10
318.6403058314941
 20
307.4958195032892
 10
318.83618192216534
 20
307.4544727148326
 10
319.0325423931402
 20
307.4154911133925
 10
319.22935868607004
 20
307.3788803683898
 10
319.4266021763123
 20
307.34464580443205
 10
319.62424417709326
 20
307.31279240053857
 10
319.8222559436808
 20
307.28332478941707
 10
320.0206086775643
 20
307.2562472567888
 10
320.2192735306438
 20
307.23156374076655
 10
320.4182216094249
 20
307.2092778312807
 10
320.61742397922154
 20
307.1893927695579
 10
320.8168516683638
 20
307.1719114476492
 10
321.0164756724119
 20
307.1568364080099
 10
321.2162669583741
 20
307.14416984312913
 10
321.4161964689296
 20
307.13391359521165
 10
321.61623512665443
 20
307.1260691559096
 10
321.81635383825034
 20
307.1206376661054
 10
322.01652349877634
 20
307.1176199157462
 10
322.2167149958813
 20
307.11701634372866
 10
322.4168992140384
 20
307.11882703783533
 10
322.61704703877933
 20
307.1230517347219
 10
322.81712936092885
 20
307.12968981995516
 10
323.0171170808383
 20
307.1387403281029
 10
323.2169811126178
 20
307.15020194287376
 10
323.41669238836647
 20
307.16407299730906
 10
323.61622186240004
 20
307.1803514740252
 10
323.81554051547516
 20
307.19903500550674
 10
324.01461935901
 20
307.2201208744515
 10
324.2134294393001
 20
307.24360601416447
 10
324.4119418417297
 20
307.26948700900516
 10
324.61012769497665
 20
307.29776009488376
 10
324.80795817521164
 20
307.3284211598083
 10
325.00540451029025
 20
307.3614657444831
 10
325.2024379839375
 20
307.3968890429576
 10
325.3990299399243
 20
307.4346859033245
 10
325.59515178623514
 20
307.4748508284697
 10
325.79077499922664
 20
307.51737797687167
 10
325.9858711277756
 20
307.5622611634508
 10
326.1804117974175
 20
307.6094938604691
 10
326.3743687144724
 20
307.65906919847976
 10
326.56771367016063
 20
307.7109799673259
 10
326.7604185447053
 20
307.7652186171896
 10
326.9524553114218
 20
307.82177725968927
 10
327.1437960407938
 20
307.8806476690278
 10
327.3344129045359
 20
307.9418212831881
 10
327.5242781796403
 20
308.0052892051791
 10
327.71336425240906
 20
308.0710422043288
 10
327.90164362247026
 20
308.1390707176279
 10
328.0890889067774
 20
308.2093648511194
 10
328.27567284359213
 20
308.28191438133854
 10
328.4613682964491
 20
308.3567087567992
 10
328.6461482581026
 20
308.4337370995287
 10
328.82998585445443
 20
308.51298820664954
 10
329.01285434846255
 20
308.59445055200945
 10
329.1947271440295
 20
308.6781122878566
 10
329.3755777898707
 20
308.7639612465639
 10
329.55537998336126
 20
308.85198494239796
 10
329.73410757436164
 20
308.94217057333503
 10
329.9117345690206
 20
309.0345050229231
 10
330.08823513355594
 20
309.12897486218947
 10
330.2635835980116
 20
309.2255663515939
 10
330.437754459991
 20
309.32426544302666
 10
330.6107223883664
 20
309.4250577818518
 10
330.78246222696254
 20
309.527928708995
 10
330.95294899821556
 20
309.63286326307514
 10
331.12215790680585
 20
309.739846182581
 10
331.2900643432639
 20
309.84886190809004
 10
331.4566438875498
 20
309.95989458453187
 10
331.6218723126045
 20
310.0729280634938
 10
331.7857255878737
 20
310.18794590557
 10
331.9481798828026
 20
310.3049313827519
 10
332.10921157030174
 20
310.4238674808613
 10
332.26879723018357
 20
310.54473690202474
 10
332.4269136525683
 20
310.66752206718957
 10
332.5835378412597
 20
310.7922051186804
 10
332.7386470170897
 20
310.9187679227963
 10
332.892218621231
 20
311.04719207244807
 10
333.04423031847847
 20
311.1774588898355
 10
333.1946600004972
 20
311.3095494291638
 10
333.343485789038
 20
311.4434444793991
 10
333.49068603911945
 20
311.5791245670623
 10
333.63623934217566
 20
311.7165699590612
 10
333.7801245291702
 20
311.85576066556075
 10
333.9223206736746
 20
311.99667644289036
 10
334.0628070949121
 20
312.13929679648754
 10
334.20156336076525
 20
312.2836009838793
 10
334.3385692907476
 20
312.42956801769856
 10
334.4738049589388
 20
312.57717666873634
 10
334.6072506968824
 20
312.7264054690297
 10
334.7388870964465
 20
312.87723271498385
 10
334.8686950126465
 20
313.02963647052843
 10
334.9966555664295
 20
313.1835945703084
 10
335.12275014741994
 20
313.3390846229072
 10
335.2469604166263
 20
313.4960840141034
 10
335.36926830910824
 20
313.65456991016026
 10
335.4896560366042
 20
313.81451926114573
 10
335.6081060901181
 20
313.9759088042855
 10
335.72460124246624
 20
314.13871506734586
 10
335.83912455078246
 20
314.3029143720479
 10
335.9516593589823
 20
314.4684828375108
 10
336.06218930018565
 20
314.63539638372526
 10
336.17069829909707
 20
314.80363073505566
 10
336.2771705743436
 20
314.97316142377053
 10
336.38159064077
 20
315.1439637936013
 10
336.4839433116911
 20
315.31601300332807
 10
336.5842137011004
 20
315.4892840303927
 10
336.6823872258348
 20
315.6637516745378
 10
336.7784496076961
 20
315.8393905614719
 10
336.872386875527
 20
316.01617514655993
 10
336.9641853672438
 20
316.19407971853843
 10
337.0538317318223
 20
316.3730784032548
 10
337.14131293124075
 20
316.5531451674302
 10
337.22661624237526
 20
316.7342538224465
 10
337.3097292588504
 20
316.9163780281543
 10
337.3906398928438
 20
317.0994912967044
 10
337.469336376844
 20
317.2835669963997
 10
337.54580726536193
 20
317.46857835556875
 10
337.6200414365955
 20
317.6544984664595
 10
337.69202809404703
 20
317.84130028915195
 10
337.7617567680939
 20
318.02895665549204
 10
337.82921731751065
 20
318.21744027304203
 10
337.8943999309443
 20
318.4067237290499
 10
337.95729512834123
 20
318.59677949443653
 10
338.0178937623259
 20
318.78757992779947
 10
338.0761870195311
 20
318.97909727943295
 10
338.1321664218801
 20
319.1713036953638
 10
338.18582382781915
 20
319.3641712214022
 10
338.2371514335023
 20
319.55767180720795
 10
338.28614177392564
 20
319.75177731036933
 10
338.3327877240135
 20
319.9464595004964
 10
338.3770824996545
 20
320.14169006332725
 10
338.41901965868817
 20
320.337440604845
 10
338.4585931018422
 20
320.53368265540814
 10
338.4957970736191
 20
320.7303876738911
 10
338.53062616313343
 20
320.92752705183443
 10
338.563075304899
 20
321.1250721176067
 10
338.5931397795651
 20
321.32299414057377
 10
338.62081521460334
 20
321.52126433527724
 10
338.6460975849432
 20
321.7198538656214
 10
338.66898321355785
 20
321.9187338490667
 10
338.68946877199846
 20
322.1178753608308
 10
338.70755128087865
 20
322.3172494380949
 10
338.7232281103076
 20
322.5168270842164
 10
338.73649698027265
 20
322.71657927294564
 10
338.7473559609709
 20
322.9164769526484
 10
338.7558034730897
 20
323.1164910505297
 10
338.7618382880367
 20
323.31659247686366
 10
338.76545952811813
 20
323.51675212922294
 10
338.7666666666667
 20
323.7169408967121
  0
LWPOLYLINE
  5
1ED
330
17
100
AcDbEntity
  8
01-VISIBLE
100
AcDbPolyline
 90
2
 70
0
 10
340.7907251541173
 20
327.4778510865491
 10
402.91517469717314
 20
320.9483083260251
  0
LWPOLYLINE
  5
1EE
330
17
100
AcDbEntity
  8
01-VISIBLE
100
AcDbPolyline
 90
2
 70
0
 10
348.1315509904518
 20
330.7283323190568
 10
403.14709853229397
 20
324.945965266949
  0
LWPOLYLINE
  5
1EF
330
17
100
AcDbEntity
  8
01-VISIBLE
100
AcDbPolyline
 90
2
 70
0
 10
302.1666666666667
 20
353.34288859061724
 10
301.6791892930461
 20
357.3130731971826
  0
LWPOLYLINE
  5
1F0
330
17
100
AcDbEntity
  8
01-VISIBLE
100
AcDbPolyline
 90
2
 70
0
 10
302.1666666666667
 20
353.34288859061724
 10
303.0301590282138
 20
353.4489121210728
  0
LWPOLYLINE
  5
1F1
330
17
100
AcDbEntity
  8
01-VISIBLE
100
AcDbPolyline
 90
2
 70
0
 10
306.7302176927482
 20
353.9032221995127
 10
390.51731630701414
 20
364.1909843121937
  0
LWPOLYLINE
  5
1F2
330
17
100
AcDbEntity
  8
01-VISIBLE
100
AcDbPolyline
 90
2
 70
0
 10
301.6791892930461
 20
357.31307319718246
 10
387.5234647521568
 20
367.8534248654573
  0
LWPOLYLINE
  5
1F3
330
17
100
AcDbEntity
  8
01-VISIBLE
100
AcDbPolyline
 90
95
 70
0
 10
308.1666666666667
 20
351.34288859061724
 10
308.15996730253613
 20
351.5432664918526
 10
308.139899131131
 20
351.7427494567386
 10
308.10655178177643
 20
351.9404465459287
 10
308.0600741918298
 20
352.13547479623105
 10
308.00067394149045
 20
352.3269631641359
 10
307.928616326696
 20
352.5140564161077
 10
307.84422317424634
 20
352.69591894826556
 10
307.7478714044471
 20
352.87173851839293
 10
307.639991347692
 20
353.04072987360905
 10
307.5210648225027
 20
353.20213825749795
 10
307.39162298361055
 20
353.3552427810349
 10
307.25224394969064
 20
353.4993596422511
 10
307.1035502213431
 20
353.6338451802592
 10
306.94620590085475
 20
353.75809874999993
 10
306.7809137261568
 20
353.8715654048676
 10
306.6084119322267
 20
353.9737383752373
 10
306.4294709539517
 20
354.0641613318203
 10
306.2448899851792
 20
354.1424304237421
 10
306.0554934093236
 20
354.2081960822379
 10
305.8621271174693
 20
354.26116458191234
 10
305.66565473041607
 20
354.30109935258736
 10
305.466953741539
 20
354.3278220358827
 10
305.2669115976897
 20
354.341213281808
 10
305.06642173564364
 20
354.341213281808
 10
304.8663795917944
 20
354.3278220358827
 10
304.6676786029173
 20
354.30109935258736
 10
304.4712062158641
 20
354.26116458191234
 10
304.27783992400975
 20
354.2081960822379
 10
304.08844334815416
 20
354.1424304237421
 10
303.9038623793817
 20
354.0641613318203
 10
303.72492140110666
 20
353.9737383752373
 10
303.55241960717655
 20
353.8715654048676
 10
303.3871274324786
 20
353.75809874999993
 10
303.2297831119903
 20
353.6338451802592
 10
303.08108938364273
 20
353.4993596422511
 10
302.9417103497228
 20
353.3552427810349
 10
302.8122685108307
 20
353.20213825749795
 10
302.6933419856414
 20
353.04072987360905
 10
302.5854619288863
 20
352.87173851839293
 10
302.48911015908703
 20
352.69591894826556
 10
302.4047170066374
 20
352.5140564161077
 10
302.3326593918429
 20
352.3269631641359
 10
302.27325914150356
 20
352.13547479623105
 10
302.22678155155694
 20
351.9404465459287
 10
302.19343420220235
 20
351.7427494567386
 10
302.17336603079724
 20
351.5432664918526
 10
302.1666666666667
 20
351.34288859061724
 10
302.17336603079724
 20
351.1425106893819
 10
302.19343420220235
 20
350.9430277244959
 10
302.22678155155694
 20
350.7453306353058
 10
302.27325914150356
 20
350.5503023850034
 10
302.3326593918429
 20
350.35881401709855
 10
302.4047170066374
 20
350.1717207651268
 10
302.48911015908703
 20
349.9898582329689
 10
302.5854619288863
 20
349.81403866284154
 10
302.6933419856414
 20
349.6450473076254
 10
302.8122685108307
 20
349.4836389237365
 10
302.9417103497228
 20
349.33053440019955
 10
303.08108938364273
 20
349.1864175389834
 10
303.2297831119903
 20
349.0519320009753
 10
303.3871274324786
 20
348.92767843123454
 10
303.55241960717655
 20
348.81421177636685
 10
303.72492140110666
 20
348.71203880599717
 10
303.9038623793817
 20
348.6216158494142
 10
304.08844334815416
 20
348.5433467574924
 10
304.27783992400975
 20
348.47758109899655
 10
304.4712062158641
 20
348.42461259932213
 10
304.6676786029173
 20
348.3846778286471
 10
304.8663795917944
 20
348.35795514535175
 10
305.06642173564364
 20
348.3445638994265
 10
305.2669115976897
 20
348.3445638994265
 10
305.466953741539
 20
348.35795514535175
 10
305.66565473041607
 20
348.3846778286471
 10
305.8621271174693
 20
348.42461259932213
 10
306.0554934093236
 20
348.47758109899655
 10
306.2448899851792
 20
348.5433467574924
 10
306.4294709539517
 20
348.6216158494142
 10
306.6084119322267
 20
348.71203880599717
 10
306.7809137261568
 20
348.81421177636685
 10
306.94620590085475
 20
348.92767843123454
 10
307.1035502213431
 20
349.0519320009753
 10
307.25224394969064
 20
349.1864175389834
 10
307.39162298361055
 20
349.33053440019955
 10
307.5210648225027
 20
349.4836389237365
 10
307.639991347692
 20
349.6450473076254
 10
307.7478714044471
 20
349.8140386628414
 10
307.84422317424634
 20
349.9898582329689
 10
307.928616326696
 20
350.1717207651268
 10
308.00067394149045
 20
350.35881401709855
 10
308.0600741918298
 20
350.5503023850034
 10
308.10655178177643
 20
350.7453306353058
 10
308.139899131131
 20
350.9430277244959
 10
308.15996730253613
 20
351.1425106893819
 10
308.1666666666667
 20
351.34288859061724
  0
LWPOLYLINE
  5
1F4
330
17
100
AcDbEntity
  8
01-VISIBLE
100
AcDbPolyline
 90
17
 70
0
 10
318.1666666666667
 20
353.34288859061724
 10
318.6666666666667
 20
353.34288859061724
 10
319.1666666666667
 20
353.34288859061724
 10
319.6666666666667
 20
353.34288859061724
 10
320.1666666666667
 20
353.34288859061724
 10
320.6666666666667
 20
353.34288859061724
 10
321.1666666666667
 20
353.34288859061724
 10
321.6666666666667
 20
353.34288859061724
 10
322.1666666666667
 20
353.34288859061724
 10
322.6666666666667
 20
353.34288859061724
 10
323.1666666666667
 20
353.34288859061724
 10
323.6666666666667
 20
353.34288859061724
 10
324.1666666666667
 20
353.34288859061724
 10
324.6666666666667
 20
353.34288859061724
 10
325.1666666666667
 20
353.34288859061724
 10
325.6666666666667
 20
353.34288859061724
 10
326.1666666666667
 20
353.34288859061724
  0
LWPOLYLINE
  5
1F5
330
17
100
AcDbEntity
  8
01-VISIBLE
100
AcDbPolyline
 90
2
 70
0
 10
326.1666666666667
 20
350.34288859061724
 10
326.1666666666667
 20
353.34288859061724
  0
LWPOLYLINE
  5
1F6
330
17
100
AcDbEntity
  8
01-VISIBLE
100
AcDbPolyline
 90
13
 70
0
 10
344.1666666666667
 20
350.94288859061726
 10
344.0937785447391
 20
350.94122751640293
 10
344.02104176353635
 20
350.9362477427196
 10
343.948607349548
 20
350.92795960928413
 10
343.8766257014458
 20
350.91638032510264
 10
343.80524627780403
 20
350.90153393273783
 10
343.73461728677285
 20
350.8834512583894
 10
343.664885378347
 20
350.86216984788734
 10
343.5961953398701
 20
350.8377338887344
 10
343.52868979540693
 20
350.8101941183577
 10
343.4625089096064
 20
350.7796077187602
 10
343.3977900966722
 20
350.74603819779156
 10
343.33466773504347
 20
350.7095552572839
  0
LWPOLYLINE
  5
1F7
330
17
100
AcDbEntity
  8
01-VISIBLE
100
AcDbPolyline
 90
13
 70
0
 10
343.4556423664099
 20
347.90955525728396
 10
343.5676342426802
 20
347.8592578565689
 10
343.6831529244221
 20
347.8176953369407
 10
343.8015182949965
 20
347.78511239787747
 10
343.9220334778743
 20
347.76170087154617
 10
344.04398893949866
 20
347.74759859338883
 10
344.1666666666667
 20
347.7428885906172
 10
344.28934439383477
 20
347.74759859338883
 10
344.4112998554591
 20
347.76170087154617
 10
344.53181503833684
 20
347.78511239787747
 10
344.65018040891135
 20
347.8176953369407
 10
344.7656990906532
 20
347.8592578565689
 10
344.87769096692347
 20
347.90955525728396
  0
LWPOLYLINE
  5
1F8
330
17
100
AcDbEntity
  8
01-VISIBLE
100
AcDbPolyline
 90
13
 70
0
 10
344.9986655982899
 20
350.7095552572839
 10
344.93554323666115
 20
350.74603819779156
 10
344.87082442372696
 20
350.7796077187602
 10
344.80464353792644
 20
350.8101941183577
 10
344.73713799346325
 20
350.8377338887344
 10
344.6684479549864
 20
350.86216984788734
 10
344.5987160465605
 20
350.8834512583894
 10
344.52808705552934
 20
350.90153393273783
 10
344.4567076318876
 20
350.91638032510264
 10
344.38472598378536
 20
350.92795960928413
 10
344.312291569797
 20
350.9362477427196
 10
344.23955478859426
 20
350.94122751640293
 10
344.1666666666667
 20
350.94288859061726
  0
LWPOLYLINE
  5
1F9
330
17
100
AcDbEntity
  8
01-VISIBLE
100
AcDbPolyline
 90
13
 70
0
 10
344.1666666666667
 20
350.7428885906172
 10
344.0972597685156
 20
350.7426569862349
 10
344.02785596169946
 20
350.74196218340364
 10
343.9584583374156
 20
350.74080421306917
 10
343.8890699865858
 20
350.7391831268069
 10
343.81969399971905
 20
350.7370989968189
 10
343.7503334667735
 20
350.73455191593075
 10
343.680991477019
 20
350.7315419975878
 10
343.61167111889955
 20
350.7280693758496
 10
343.54237547989567
 20
350.7241342053843
 10
343.47310764638695
 20
350.71973666146175
 10
343.4038707035145
 20
350.7148769399454
 10
343.3346677350435
 20
350.7095552572839
  0
LWPOLYLINE
  5
1FA
330
17
100
AcDbEntity
  8
01-VISIBLE
100
AcDbPolyline
 90
13
 70
0
 10
344.99866559828985
 20
350.7095552572839
 10
344.9294626298189
 20
350.7148769399454
 10
344.8602256869464
 20
350.71973666146175
 10
344.7909578534377
 20
350.7241342053843
 10
344.7216622144338
 20
350.7280693758496
 10
344.65234185631437
 20
350.7315419975878
 10
344.5829998665599
 20
350.73455191593075
 10
344.5136393336143
 20
350.7370989968189
 10
344.44426334674756
 20
350.7391831268069
 10
344.37487499591776
 20
350.74080421306917
 10
344.3054773716339
 20
350.74196218340364
 10
344.2360735648178
 20
350.7426569862349
 10
344.1666666666667
 20
350.7428885906172
  0
LWPOLYLINE
  5
1FB
330
17
100
AcDbEntity
  8
01-VISIBLE
100
AcDbPolyline
 90
13
 70
0
 10
344.1666666666667
 20
347.94288859061726
 10
344.1073284665044
 20
347.9426569409028
 10
344.0479938836255
 20
347.9419620058808
 10
343.9886665350931
 20
347.9408038279149
 10
343.929350037529
 20
347.93918247760814
 10
343.8700480068936
 20
347.93709805379865
 10
343.81076405826565
 20
347.934550683554
 10
343.7515018056212
 20
347.931540522163
 10
343.69226486161403
 20
347.92806775312636
 10
343.63305683735496
 20
347.92413258814577
 10
343.5738813421918
 20
347.91973526711047
 10
343.51474198348944
 20
347.91487605808334
 10
343.45564236640996
 20
347.90955525728396
  0
LWPOLYLINE
  5
1FC
330
17
100
AcDbEntity
  8
01-VISIBLE
100
AcDbPolyline
 90
183
 70
0
 10
339.7442555682769
 20
330.9300101744876
 10
339.926116870509
 20
330.8466926455924
 10
340.1095470249813
 20
330.7668883706376
 10
340.2944781690762
 20
330.69062687435985
 10
340.4808418848637
 20
330.6179363707939
 10
340.6685692244131
 20
330.5488437528345
 10
340.85759073530164
 20
330.48337458228696
 10
341.0478364863094
 20
330.4215530804104
 10
341.239236093291
 20
330.3634021189562
 10
341.43171874521585
 20
330.30894321170706
 10
341.62521323036503
 20
330.25819650651715
 10
341.81964796267755
 20
330.2111807778581
 10
342.0149510082344
 20
330.16791341987323
 10
342.2110501118717
 20
330.1284104399425
 10
342.40787272391253
 20
330.09268645276006
 10
342.6053460270075
 20
330.0607546749277
 10
342.8033969630748
 20
330.03262692006456
 10
343.00195226032906
 20
330.00831359443714
 10
343.2009384603892
 20
329.98782369310936
 10
343.40028194545533
 20
329.97116479661395
 10
343.5999089655452
 20
329.9583430681488
 10
343.79974566577835
 20
329.9493632512963
 10
343.9997181137003
 20
329.94422866826847
 10
344.19975232663484
 20
329.942941218678
 10
344.3997742990547
 20
329.9455013788355
 10
344.5997100299614
 20
329.9519082015728
 10
344.79948555026255
 20
329.9621593165939
 10
344.9990269501381
 20
329.97625093135184
 10
345.1982604063841
 20
329.99417783245144
 10
345.3971122097249
 20
330.01593338757857
 10
345.5955087920828
 20
330.0415095479533
 10
345.79337675379537
 20
330.07089685130813
 10
345.99064289077137
 20
330.1040844253887
 10
346.18723422157296
 20
330.1410599919757
 10
346.3830780144167
 20
330.18180987142773
 10
346.57810181408144
 20
330.2263189877423
 10
346.7722334687144
 20
330.27457087413313
 10
346.96540115652436
 20
330.32654767912265
 10
347.1575334123538
 20
330.3822301731459
 10
347.34855915411805
 20
330.4415977556654
 10
347.53840770910296
 20
330.5046284627923
 10
347.7270088401118
 20
330.571298975412
 10
347.91429277145005
 20
330.64158462781177
 10
348.1001902147402
 20
330.7154594168061
 10
348.2846323945559
 20
330.7928960113568
 10
348.46755107386633
 20
330.8738657626848
 10
348.6488785792816
 20
330.95833871486866
 10
348.82854782608933
 20
331.0462836159278
 10
349.0064923430739
 20
331.1376679293843
 10
349.182646297108
 20
331.2324578463001
 10
349.356944517509
 20
331.3306182977856
 10
349.52932252014944
 20
331.43211296797324
 10
349.69971653131387
 20
331.5369043074535
 10
349.86806351129314
 20
331.6449535471668
 10
350.0343011777066
 20
331.75622071274677
 10
350.19836802854434
 20
331.87066463930887
 10
350.3602033649209
 20
331.9882429866806
 10
350.5197473135316
 20
332.1089122550652
 10
350.6769408488035
 20
332.23262780113566
 10
350.83172581473286
 20
332.3593438545505
 10
350.9840449464007
 20
332.4890135348876
 10
351.1338418911587
 20
332.6215888689884
 10
351.2810612294779
 20
332.7570208087059
 10
351.4256484954519
 20
332.8952592490506
 10
351.56755019694714
 20
333.0362530467281
 10
351.70671383539303
 20
333.17995003906015
 10
351.8430879252048
 20
333.3262970632827
 10
351.9766220128314
 20
333.4752399762142
 10
352.1072666954211
 20
333.62672367428695
 10
352.23497363909905
 20
333.7806921139336
 10
352.3596955968492
 20
333.9370883323206
 10
352.4813864259936
 20
334.0958544684231
 10
352.60000110526425
 20
334.256931784431
 10
352.7154957514585
 20
334.4202606874801
 10
352.8278276356749
 20
334.5857807516994
 10
352.93695519912126
 20
334.7534307405663
 10
353.0428380684896
 20
334.92314862956187
 10
353.1454370708933
 20
335.09487162911796
 10
353.2447142483593
 20
335.2685362078471
 10
353.3406328718713
 20
335.4440781160466
 10
353.43315745495846
 20
335.62143240946887
 10
353.5222537668236
 20
335.80053347334854
 10
353.60788884500784
 20
335.9813150466771
 10
353.69003100758533
 20
336.16371024671776
 10
353.7686498648845
 20
336.3476515937492
 10
353.84371633073096
 20
336.53307103603106
 10
353.9152026332087
 20
336.7198999749801
 10
353.98308232493446
 20
336.90806929054986
 10
354.0473302928423
 20
337.0975093668022
 10
354.1079227674747
 20
337.2881501176628
 10
354.16483733177625
 20
337.4799210128507
 10
354.21805292938734
 20
337.67275110397145
 10
354.2675498724341
 20
337.86656905076643
 10
354.31330984881214
 20
338.0613031475052
 10
354.35531592896183
 20
338.25688134951463
 10
354.393552572131
 20
338.45323129983274
 10
354.42800563212495
 20
338.6502803559782
 10
354.45866236253977
 20
338.8479556168255
 10
354.48551142147824
 20
339.0461839495756
 10
354.50854287574566
 20
339.24489201681274
 10
354.52774820452515
 20
339.44400630363634
 10
354.5431203025298
 20
339.643453144859
 10
354.55465348263135
 20
339.84315875226025
 10
354.56234347796436
 20
340.04304924188534
 10
354.5661874435047
 20
340.2430506613796
 10
354.5661839571222
 20
340.44308901734826
 10
354.5623330201066
 20
340.64309030273125
 10
354.5546360571675
 20
340.84298052418364
 10
354.5430959159066
 20
341.04268572945
 10
354.5277168657648
 20
341.24213203472414
 10
354.5085045964423
 20
341.4412456519839
 10
354.4854662157939
 20
341.63995291628964
 10
354.458610247199
 20
341.8381803130379
 10
354.4279466264085
 20
342.03585450515925
 10
354.3934866978689
 20
342.2329023602499
 10
354.3552432105252
 20
342.4292509776286
 10
354.3132303131042
 20
342.62482771530745
 10
354.2674635488802
 20
342.81956021686597
 10
354.2179598499242
 20
343.01337643822126
 10
354.16473753083994
 20
343.2062046742815
 10
354.10781628198794
 20
343.3979735854738
 10
354.047217162201
 20
343.5886122241383
 10
353.9829625909929
 20
343.77805006077506
 10
353.9150763402642
 20
343.9662170101386
 10
353.8435835255073
 20
344.15304345716606
 10
353.76851059651494
 20
344.33846028273297
 10
353.68988532759425
 20
344.52239888922406
 10
353.6077368072916
 20
344.704791225913
 10
353.5220954276307
 20
344.88556981413785
 10
353.4329928728688
 20
345.06466777226603
 10
353.3404621077744
 20
345.2420188404383
 10
353.2445373654317
 20
345.4175574050822
 10
353.14525413457545
 20
345.5912185231874
 10
353.04264914646143
 20
345.76293794633136
 10
352.93676036127715
 20
345.9326521444498
 10
352.8276269540979
 20
346.1002983293399
 10
352.71528930039364
 20
346.26581447789044
 10
352.59978896109106
 20
346.42913935502725
 10
352.48116866719795
 20
346.5902125363689
 10
352.3594723039939
 20
346.7489744305806
 10
352.2347448947947
 20
346.90536630142185
 10
352.1070325842948
 20
347.05933028947607
 10
351.97638262149604
 20
347.21080943355685
 10
351.84284334222656
 20
347.3597476917814
 10
351.70646415125884
 20
347.50608996230415
 10
351.5672955040313
 20
347.6497821037025
 10
351.42538888798174
 20
347.7907709550069
 10
351.28079680349884
 20
347.9290043553691
 10
351.1335727444989
 20
348.064431163359
 10
350.98377117863487
 20
348.19700127588624
 10
350.8314475271454
 20
348.32666564673525
 10
350.6766581443508
 20
348.4533763047118
 10
350.5194602968043
 20
348.57708637139
 10
350.3599121421049
 20
348.69775007845556
 10
350.1980727073817
 20
348.81532278463885
 10
350.03400186745563
 20
348.9297609922302
 10
349.867760322688
 20
349.04102236317294
 10
349.6994095765235
 20
349.14906573472626
 10
349.52901191273617
 20
349.25385113469497
 10
349.3566303723865
 20
349.35533979621664
 10
349.1823287304988
 20
349.4534941721049
 10
349.00617147246624
 20
349.5482779487402
 10
348.828223770194
 20
349.6396560595042
 10
348.6485514579876
 20
349.72759469775383
 10
348.467221008197
 20
349.8120613293281
 10
348.2842995066237
 20
349.89302470458483
 10
348.09985462770186
 20
349.9704548699616
 10
347.91395460946075
 20
350.04432317905776
 10
347.72666822827944
 20
350.1146023032326
 10
347.53806477344176
 20
350.18126624171566
 10
347.348214021502
 20
350.2442903312266
 10
347.15718621046966
 20
350.3036512550989
 10
346.9650520138244
 20
350.35932705190737
 10
346.77188251436894
 20
350.41129712359213
 10
346.57774917793125
 20
350.45954224307934
 10
346.38272382692446
 20
350.50404456139484
 10
346.18687861377543
 20
350.54478761426765
 10
345.99028599423076
 20
350.58175632822054
 10
345.7930187005507
 20
350.6149370261476
 10
345.5951497146009
 20
350.6443174323733
 10
345.3967522408518
 20
350.669886677195
 10
345.1978996792954
 20
350.6916353009037
 10
344.99866559828985
 20
350.7095552572839
  0
LWPOLYLINE
  5
1FD
330
17
100
AcDbEntity
  8
01-VISIBLE
100
AcDbPolyline
 90
86
 70
0
 10
343.3346677350435
 20
350.7095552572839
 10
343.1331827120012
 20
350.6914107515564
 10
342.9320887372494
 20
350.6693505857148
 10
342.73146190046
 20
350.6433831068556
 10
342.53137811454974
 20
350.613518140519
 10
342.33191308695683
 20
350.5797669869713
 10
342.1331422909942
 20
350.54214241692955
 10
341.93514093729254
 20
350.50065866672844
 10
341.73798394534185
 20
350.4553314329347
 10
341.54174591514374
 20
350.4061778664069
 10
341.3465010989842
 20
350.3532165658065
 10
341.15232337333833
 20
350.29646757056037
 10
340.9592862109169
 20
350.2359523532781
 10
340.7674626528658
 20
350.1716938116276
 10
340.576925281129
 20
350.1037162596706
 10
340.38774619098484
 20
350.0320454186633
 10
340.1999969637671
 20
349.95670840732373
 10
340.01374863977975
 20
349.8777337315704
 10
339.8290716914171
 20
349.79515127373656
 10
339.6460359964982
 20
349.70899228126325
 10
339.4647108118271
 20
349.61928935487595
 10
339.2851647469871
 20
349.52607643624924
 10
339.1074657383804
 20
349.42938879516396
 10
338.9316810235227
 20
349.3292630161616
 10
338.7578771156017
 20
349.2257369847017
 10
338.5861197783098
 20
349.11884987282735
 10
338.41647400096105
 20
349.00864212434215
 10
338.2490039739
 20
348.89515543950813
 10
338.0837730642138
 20
348.7784327592668
 10
337.92084379175526
 20
348.6585182489914
 10
337.7602778054868
 20
348.53545728177573
 10
337.6021358601537
 20
348.40929642126537
 10
337.44647779329586
 20
348.28008340403983
 10
337.29336250260656
 20
348.14786712154944
 10
337.14284792364674
 20
348.0126976016162
 10
336.9949910079235
 20
347.874625989504
 10
336.8498477013409
 20
347.7337045285667
 10
336.70747292303105
 20
347.58998654048014
 10
336.56792054457406
 20
347.4435264050662
 10
336.43124336961426
 20
347.29437953971717
 10
336.29749311388
 20
347.14260237842643
 10
336.1667203856161
 20
346.98825235043535
 10
336.03897466643417
 20
346.83138785850315
 10
335.91430429259043
 20
346.67206825680864
 10
335.79275643669587
 20
346.5103538284917
 10
335.6743770898672
 20
346.3463057628437
 10
335.559211044325
 20
346.17998613215434
 10
335.4473018764451
 20
346.01145786822553
 10
335.33869193027033
 20
345.84078473855845
 10
335.2334223014882
 20
345.66803132222606
 10
335.13153282188154
 20
345.49326298543724
 10
335.0330620442567
 20
345.31654585680394
 10
334.93804722785626
 20
345.1379468023192
 10
334.8465243242606
 20
344.95753340005695
 10
334.75852796378473
 20
344.77537391460135
 10
334.6740914423751
 20
344.59153727121736
 10
334.5932467090108
 20
344.4060930297708
 10
334.5160243536152
 20
344.2191113584081
 10
334.4424535954807
 20
344.0306630070065
 10
334.37256227221343
 20
343.8408192804038
 10
334.30637682919973
 20
343.64965201141797
 10
334.2439223095999
 20
343.457233533667
 10
334.18522234487244
 20
343.2636366541998
 10
334.1302991458322
 20
343.06893462594735
 10
334.07917349424656
 20
342.8732011200052
 10
334.0318647349719
 20
342.6765101977584
 10
333.98839076863385
 20
342.4789362828574
 10
333.9487680448543
 20
342.2805541330588
 10
333.913011556027
 20
342.0814388119376
 10
333.88113483164483
 20
341.8816656604855
 10
333.8531499331806
 20
341.68131026860294
 10
333.82906744952305
 20
341.48044844649803
 10
333.8088964929706
 20
341.2791561960008
 10
333.7926446957829
 20
341.07750968180676
 10
333.7803182072936
 20
340.8755852026569
 10
333.7719216915831
 20
340.67345916246813
 10
333.7674583257138
 20
340.4712080414241
 10
333.7669297985282
 20
340.26890836703626
 10
333.7703363100098
 20
340.0666366851874
 10
333.77767657120717
 20
339.86446953116877
 10
333.78894780472206
 20
339.66248340072036
 10
333.8041457457601
 20
339.4607547210869
 10
333.8232646437444
 20
339.2593598220992
 10
333.8462972644916
 20
339.0583749072922
 10
333.87323489294937
 20
338.8578760250721
 10
333.90406733649337
 20
338.6579390399404
  0
LWPOLYLINE
  5
1FE
330
17
100
AcDbEntity
  8
01-VISIBLE
100
AcDbPolyline
 90
13
 70
0
 10
344.87769096692347
 20
347.90955525728384
 10
344.818591349844
 20
347.91487605808334
 10
344.75945199114165
 20
347.91973526711047
 10
344.70027649597847
 20
347.92413258814577
 10
344.6410684717194
 20
347.92806775312636
 10
344.5818315277122
 20
347.931540522163
 10
344.5225692750678
 20
347.934550683554
 10
344.46328532643975
 20
347.93709805379865
 10
344.40398329580444
 20
347.93918247760814
 10
344.34466679824027
 20
347.9408038279149
 10
344.28533944970786
 20
347.9419620058808
 10
344.226004866829
 20
347.9426569409028
 10
344.1666666666667
 20
347.94288859061726
  0
LWPOLYLINE
  5
1FF
330
17
100
AcDbEntity
  8
01-VISIBLE
100
AcDbPolyline
 90
34
 70
0
 10
282.1666666666667
 20
304.51219595178884
 10
282.1666666666667
 20
304.88318636608756
 10
282.1666666666667
 20
305.38318636608756
 10
282.1666666666667
 20
305.88318636608756
 10
282.1666666666667
 20
306.38318636608756
 10
282.1666666666667
 20
306.88318636608756
 10
282.1666666666667
 20
307.38318636608756
 10
282.1666666666667
 20
307.88318636608756
 10
282.1666666666667
 20
308.38318636608756
 10
282.1666666666667
 20
308.88318636608756
 10
282.1666666666667
 20
309.38318636608756
 10
282.1666666666667
 20
309.88318636608756
 10
282.1666666666667
 20
310.38318636608756
 10
282.1666666666667
 20
310.88318636608756
 10
282.1666666666667
 20
311.38318636608756
 10
282.1666666666667
 20
311.88318636608756
 10
282.1666666666667
 20
312.38318636608756
 10
282.1666666666667
 20
312.88318636608756
 10
282.1666666666667
 20
313.38318636608756
 10
282.1666666666667
 20
313.88318636608756
 10
282.1666666666667
 20
314.38318636608756
 10
282.1666666666667
 20
314.88318636608756
 10
282.1666666666667
 20
315.38318636608756
 10
282.1666666666667
 20
315.88318636608756
 10
282.1666666666667
 20
316.38318636608756
 10
282.1666666666667
 20
316.88318636608756
 10
282.1666666666667
 20
317.38318636608756
 10
282.1666666666667
 20
317.88318636608756
 10
282.1666666666667
 20
318.38318636608756
 10
282.1666666666667
 20
318.88318636608756
 10
282.1666666666667
 20
319.38318636608756
 10
282.1666666666667
 20
319.88318636608756
 10
282.1666666666667
 20
320.38318636608756
 10
282.1666666666667
 20
320.88318636608756
  0
LWPOLYLINE
  5
200
330
17
100
AcDbEntity
  8
01-VISIBLE
100
AcDbPolyline
 90
2
 70
0
 10
294.1666666666667
 20
302.88318636608756
 10
282.8038631522976
 20
302.88318636608756
  0
LWPOLYLINE
  5
201
330
17
100
AcDbEntity
  8
01-VISIBLE
100
AcDbPolyline
 90
37
 70
0
 10
294.1666666666667
 20
302.88318636608756
 10
294.1666666666667
 20
303.38318636608756
 10
294.1666666666667
 20
303.88318636608756
 10
294.1666666666667
 20
304.38318636608756
 10
294.1666666666667
 20
304.88318636608756
 10
294.1666666666667
 20
305.38318636608756
 10
294.1666666666667
 20
305.88318636608756
 10
294.1666666666667
 20
306.38318636608756
 10
294.1666666666667
 20
306.88318636608756
 10
294.1666666666667
 20
307.38318636608756
 10
294.1666666666667
 20
307.88318636608756
 10
294.1666666666667
 20
308.38318636608756
 10
294.1666666666667
 20
308.88318636608756
 10
294.1666666666667
 20
309.38318636608756
 10
294.1666666666667
 20
309.88318636608756
 10
294.1666666666667
 20
310.38318636608756
 10
294.1666666666667
 20
310.88318636608756
 10
294.1666666666667
 20
311.38318636608756
 10
294.1666666666667
 20
311.88318636608756
 10
294.1666666666667
 20
312.38318636608756
 10
294.1666666666667
 20
312.88318636608756
 10
294.1666666666667
 20
313.38318636608756
 10
294.1666666666667
 20
313.88318636608756
 10
294.1666666666667
 20
314.38318636608756
 10
294.1666666666667
 20
314.88318636608756
 10
294.1666666666667
 20
315.38318636608756
 10
294.1666666666667
 20
315.88318636608756
 10
294.1666666666667
 20
316.38318636608756
 10
294.1666666666667
 20
316.88318636608756
 10
294.1666666666667
 20
317.38318636608756
 10
294.1666666666667
 20
317.88318636608756
 10
294.1666666666667
 20
318.38318636608756
 10
294.1666666666667
 20
318.88318636608756
 10
294.1666666666667
 20
319.38318636608756
 10
294.1666666666667
 20
319.88318636608756
 10
294.1666666666667
 20
320.38318636608756
 10
294.1666666666667
 20
320.88318636608756
  0
LWPOLYLINE
  5
202
330
17
100
AcDbEntity
  8
01-VISIBLE
100
AcDbPolyline
 90
2
 70
0
 10
303.7666666666667
 20
276.0601334494372
 10
303.7666666666667
 20
281.17411593749466
  0
LWPOLYLINE
  5
203
330
17
100
AcDbEntity
  8
01-VISIBLE
100
AcDbPolyline
 90
47
 70
0
 10
340.56666666666666
 20
268.45411593749463
 10
340.0625570778391
 20
268.45411593749463
 10
339.5584474890114
 20
268.45411593749463
 10
339.0543379001838
 20
268.45411593749463
 10
338.55022831135614
 20
268.45411593749463
 10
338.0461187225285
 20
268.45411593749463
 10
337.54200913370084
 20
268.45411593749463
 10
337.03789954487326
 20
268.45411593749463
 10
336.5337899560456
 20
268.45411593749463
 10
336.02968036721796
 20
268.45411593749463
 10
335.5255707783903
 20
268.45411593749463
 10
335.0214611895627
 20
268.45411593749463
 10
334.5173516007351
 20
268.45411593749463
 10
334.01324201190744
 20
268.45411593749463
 10
333.5091324230798
 20
268.45411593749463
 10
333.00502283425215
 20
268.45411593749463
 10
332.5009132454245
 20
268.45411593749463
 10
331.99680365659685
 20
268.45411593749463
 10
331.49269406776926
 20
268.45411593749463
 10
330.9885844789416
 20
268.45411593749463
 10
330.484474890114
 20
268.45411593749463
 10
329.9803653012863
 20
268.45411593749463
 10
329.4762557124587
 20
268.45411593749463
 10
328.9721461236311
 20
268.45411593749463
 10
328.46803653480345
 20
268.45411593749463
 10
327.9639269459758
 20
268.45411593749463
 10
327.45981735714815
 20
268.45411593749463
 10
326.9557077683205
 20
268.45411593749463
 10
326.45159817949286
 20
268.45411593749463
 10
325.9474885906653
 20
268.45411593749463
 10
325.4433790018376
 20
268.45411593749463
 10
324.93926941301
 20
268.45411593749463
 10
324.43515982418234
 20
268.45411593749463
 10
323.9310502353547
 20
268.45411593749463
 10
323.4269406465271
 20
268.45411593749463
 10
322.92283105769945
 20
268.45411593749463
 10
322.4187214688718
 20
268.45411593749463
 10
321.91461188004416
 20
268.45411593749463
 10
321.4105022912165
 20
268.45411593749463
 10
320.90639270238887
 20
268.45411593749463
 10
320.4022831135613
 20
268.45411593749463
 10
319.89817352473364
 20
268.45411593749463
 10
319.394063935906
 20
268.45411593749463
 10
318.88995434707834
 20
268.45411593749463
 10
318.3858447582507
 20
268.45411593749463
 10
317.8817351694231
 20
268.45411593749463
 10
317.50765947137273
 20
268.45411593749463
  0
LWPOLYLINE
  5
204
330
17
100
AcDbEntity
  8
01-VISIBLE
100
AcDbPolyline
 90
2
 70
0
 10
300.7666666666667
 20
281.17411593749466
 10
300.7666666666667
 20
291.17411593749466
  0
LWPOLYLINE
  5
205
330
17
100
AcDbEntity
  8
01-VISIBLE
100
AcDbPolyline
 90
2
 70
0
 10
303.7918247044166
 20
318.88318636608756
 10
294.1666666666667
 20
318.88318636608756
  0
LWPOLYLINE
  5
206
330
17
100
AcDbEntity
  8
01-VISIBLE
100
AcDbPolyline
 90
2
 70
0
 10
318.1666666666667
 20
350.34288859061724
 10
318.1666666666667
 20
353.34288859061724
  0
LWPOLYLINE
  5
207
330
17
100
AcDbEntity
  8
01-VISIBLE
100
AcDbPolyline
 90
96
 70
0
 10
344.1666666666667
 20
347.94288859061726
 10
344.66895510993766
 20
347.9262721567725
 10
345.1690471737646
 20
347.876495517364
 10
345.66475608238943
 20
347.793776329454
 10
346.1539142275653
 20
347.678476307069
 10
346.6343826449117
 20
347.53109962617793
 10
347.1040603706883
 20
347.35229073342134
 10
347.5608936168221
 20
347.14283149843084
 10
348.0028847700946
 20
346.9036378391007
 10
348.42810111995846
 20
346.6357556972422
 10
348.83468330043576
 20
346.34035644761695
 10
349.2208534348847
 20
346.01873180083476
 10
349.58492289629623
 20
345.67228813528243
 10
349.92529970978234
 20
345.3025403684044
 10
350.2404954776344
 20
344.9111052988552
 10
350.5291319228163
 20
344.49969456879217
 10
350.789946937932
 20
344.07010719232403
 10
351.0218000303773
 20
343.6242216356335
 10
351.22367737423184
 20
343.1639876470722
 10
351.3946962080661
 20
342.6914177108829
 10
351.5341087079215
 20
342.208578254034
 10
351.6413052790624
 20
341.71758061520916
 10
351.71581711012675
 20
341.22057178934256
 10
351.7573184400845
 20
340.719725080388
 10
351.76562778596036
 20
340.21723056212784
 10
351.74070880797126
 20
339.7152855146247
 10
351.6826704778757
 20
339.216084815105
 10
351.5917665725241
 20
338.7218113421184
 10
351.4683946011142
 20
338.23462642553943
 10
351.31309402978115
 20
337.75666040335955
 10
351.1265439295353
 20
337.29000330618715
 10
350.90956006729033
 20
336.83669569575534
 10
350.6630912484309
 20
336.39871977463224
 10
350.38821522076046
 20
335.9779906984239
 10
350.0861339441201
 20
335.57634821008196
 10
349.75816834899257
 20
335.1955485847667
 10
349.4057525296688
 20
334.83725697702334
 10
349.03042751856964
 20
334.5030400979182
 10
348.63383452229994
 20
334.19435938678066
 10
348.2177077370203
 20
333.9125646303812
 10
347.7838667822104
 20
333.6588880408391
 10
347.33420873051676
 20
333.4344388869781
 10
346.87069982586115
 20
333.2401986194142
 10
346.3953668687805
 20
333.0770166172308
 10
345.9102883714636
 20
332.94560642873114
 10
345.41758546131985
 20
332.8465426690875
 10
344.9194126017959
 20
332.7802585217403
 10
344.4179481759347
 20
332.7470438302265
 10
343.91538495983286
 20
332.7470438335855
 10
343.4139205346166
 20
332.78025853299357
 10
342.9157476776826
 20
332.84654270018905
 10
342.4230447705501
 20
332.9456064747835
 10
341.9379662782351
 20
333.07701668161997
 10
341.4626333221978
 20
333.2401986877712
 10
340.9991244050568
 20
333.43443892590017
 10
340.54946630541883
 20
333.65888798528283
 10
340.11562534993925
 20
333.9125645675447
 10
339.69949865571743
 20
334.1943594601705
 10
339.3029056610805
 20
334.50304017415476
 10
338.92758066122525
 20
334.83725706517964
 10
338.57516488801457
 20
335.1955487185081
 10
338.2471993063926
 20
335.5763483558708
 10
337.9451179952671
 20
335.9779908186073
 10
337.6702419305973
 20
336.3987198703526
 10
337.4237731062548
 20
336.83669578839056
 10
337.20678913718746
 20
337.2900033490838
 10
337.0202387518493
 20
337.7566603323189
 10
336.86493834946765
 20
338.23462640591686
 10
336.7415666172704
 20
338.72181138445467
 10
336.6506627582958
 20
339.2160848665841
 10
336.5926244600178
 20
339.7152855695132
 10
336.5677055533646
 20
340.217230620533
 10
336.57601492544023
 20
340.7197251388168
 10
336.61751622160386
 20
341.2205718506509
 10
336.6920280467784
 20
341.71758067724943
 10
336.7992246159157
 20
342.2085783163767
 10
336.9386370492172
 20
342.6914177934774
 10
337.109655712898
 20
343.1639877904564
 10
337.3115332094065
 20
343.6242217119627
 10
337.5433863768257
 20
344.07010723021335
 10
337.80420141778404
 20
344.4996945911463
 10
338.0928378851236
 20
344.91110530558876
 10
338.40803364687855
 20
345.30254038065164
 10
338.7484104376023
 20
345.6722881684092
 10
339.1124798595597
 20
346.0187318759773
 10
339.49864992796495
 20
346.3403566012664
 10
339.9052321863961
 20
346.6357557434219
 10
340.3304485527893
 20
346.90363786025955
 10
340.77243970569975
 20
347.142831519703
 10
341.22927296582264
 20
347.35229072443053
 10
341.69895069595475
 20
347.5310996061868
 10
342.17941910613627
 20
347.6784763110023
 10
342.6685772473234
 20
347.7937763491507
 10
343.16428616136477
 20
347.8764955036702
 10
343.6643782250021
 20
347.92627215090806
 10
344.1666666666667
 20
347.94288859061726
  0
LWPOLYLINE
  5
208
330
17
100
AcDbEntity
  8
01-VISIBLE
100
AcDbPolyline
 90
2
 70
0
 10
294.1666666666667
 20
320.88318636608756
 10
282.1666666666667
 20
320.88318636608756
  0
LWPOLYLINE
  5
209
330
17
100
AcDbEntity
  8
01-VISIBLE
100
AcDbPolyline
 90
2
 70
0
 10
282.1666666666667
 20
319.88318636608756
 10
278.5220435528777
 20
319.88318636608756
  0
CIRCLE
  5
20A
330
17
100
AcDbEntity
  8
08-FINA
100
AcDbCircle
 10
271.1666666666667
 20
351.34288859061724
 30
0.0
 40
4.0
  0
TEXT
  5
20B
330
17
100
AcDbEntity
  8
06-TEXTO
100
AcDbText
 10
271.1666666666667
 20
351.34288859061724
 30
0.0
 40
3.5
  1
11
  7
ISO3098
 72
1
 11
271.1666666666667
 21
351.34288859061724
 31
0.0
100
AcDbText
 73
2
  0
LINE
  5
20C
330
17
100
AcDbEntity
  8
08-FINA
100
AcDbLine
 10
275.1666666666667
 20
351.34288859061724
 30
0.0
 11
305.1666666666667
 21
351.34288859061724
 31
0.0
  0
HATCH
  5
20D
330
17
100
AcDbEntity
  8
08-FINA
 62
7
100
AcDbHatch
 10
0.0
 20
0.0
 30
0.0
210
0.0
220
0.0
230
1.0
  2
SOLID
 70
1
 71
0
 91
1
 92
1
 93
1
 72
2
 10
305.1666666666667
 20
351.34288859061724
 40
0.6
 50
0
 51
360
 73
1
 97
0
 75
1
 76
1
 98
0
  0
CIRCLE
  5
20E
330
17
100
AcDbEntity
  8
08-FINA
100
AcDbCircle
 10
271.1666666666667
 20
342.84288859061724
 30
0.0
 40
4.0
  0
TEXT
  5
20F
330
17
100
AcDbEntity
  8
06-TEXTO
100
AcDbText
 10
271.1666666666667
 20
342.84288859061724
 30
0.0
 40
3.5
  1
12
  7
ISO3098
 72
1
 11
271.1666666666667
 21
342.84288859061724
 31
0.0
100
AcDbText
 73
2
  0
LINE
  5
210
330
17
100
AcDbEntity
  8
08-FINA
100
AcDbLine
 10
275.11224236199524
 20
343.5004845398387
 30
0.0
 11
322.1666666666667
 21
351.34288859061724
 31
0.0
  0
HATCH
  5
211
330
17
100
AcDbEntity
  8
08-FINA
 62
7
100
AcDbHatch
 10
0.0
 20
0.0
 30
0.0
210
0.0
220
0.0
230
1.0
  2
SOLID
 70
1
 71
0
 91
1
 92
1
 93
1
 72
2
 10
322.1666666666667
 20
351.34288859061724
 40
0.6
 50
0
 51
360
 73
1
 97
0
 75
1
 76
1
 98
0
  0
CIRCLE
  5
212
330
17
100
AcDbEntity
  8
08-FINA
100
AcDbCircle
 10
271.1666666666667
 20
331.4428884906173
 30
0.0
 40
4.0
  0
TEXT
  5
213
330
17
100
AcDbEntity
  8
06-TEXTO
100
AcDbText
 10
271.1666666666667
 20
331.4428884906173
 30
0.0
 40
3.5
  1
13
  7
ISO3098
 72
1
 11
271.1666666666667
 21
331.4428884906173
 31
0.0
100
AcDbText
 73
2
  0
LINE
  5
214
330
17
100
AcDbEntity
  8
08-FINA
100
AcDbLine
 10
275.1666666666667
 20
331.4428884906173
 30
0.0
 11
335.7666665666667
 21
331.4428884906173
 31
0.0
  0
HATCH
  5
215
330
17
100
AcDbEntity
  8
08-FINA
 62
7
100
AcDbHatch
 10
0.0
 20
0.0
 30
0.0
210
0.0
220
0.0
230
1.0
  2
SOLID
 70
1
 71
0
 91
1
 92
1
 93
1
 72
2
 10
335.7666665666667
 20
331.4428884906173
 40
0.6
 50
0
 51
360
 73
1
 97
0
 75
1
 76
1
 98
0
  0
CIRCLE
  5
216
330
17
100
AcDbEntity
  8
08-FINA
100
AcDbCircle
 10
271.1666666666667
 20
322.9428884906173
 30
0.0
 40
4.0
  0
TEXT
  5
217
330
17
100
AcDbEntity
  8
06-TEXTO
100
AcDbText
 10
271.1666666666667
 20
322.9428884906173
 30
0.0
 40
3.5
  1
8
  7
ISO3098
 72
1
 11
271.1666666666667
 21
322.9428884906173
 31
0.0
100
AcDbText
 73
2
  0
LINE
  5
218
330
17
100
AcDbEntity
  8
08-FINA
100
AcDbLine
 10
275.1461897871336
 20
323.3471108720721
 30
0.0
 11
318.1666666666667
 21
327.7169408967121
 31
0.0
  0
HATCH
  5
219
330
17
100
AcDbEntity
  8
08-FINA
 62
7
100
AcDbHatch
 10
0.0
 20
0.0
 30
0.0
210
0.0
220
0.0
230
1.0
  2
SOLID
 70
1
 71
0
 91
1
 92
1
 93
1
 72
2
 10
318.1666666666667
 20
327.7169408967121
 40
0.6
 50
0
 51
360
 73
1
 97
0
 75
1
 76
1
 98
0
  0
CIRCLE
  5
21A
330
17
100
AcDbEntity
  8
08-FINA
100
AcDbCircle
 10
271.1666666666667
 20
314.4428884906173
 30
0.0
 40
4.0
  0
TEXT
  5
21B
330
17
100
AcDbEntity
  8
06-TEXTO
100
AcDbText
 10
271.1666666666667
 20
314.4428884906173
 30
0.0
 40
3.5
  1
7
  7
ISO3098
 72
1
 11
271.1666666666667
 21
314.4428884906173
 31
0.0
100
AcDbText
 73
2
  0
LINE
  5
21C
330
17
100
AcDbEntity
  8
08-FINA
100
AcDbLine
 10
275.12698041285336
 20
315.0049516825848
 30
0.0
 11
315.6666666666667
 21
320.758502264056
 31
0.0
  0
HATCH
  5
21D
330
17
100
AcDbEntity
  8
08-FINA
 62
7
100
AcDbHatch
 10
0.0
 20
0.0
 30
0.0
210
0.0
220
0.0
230
1.0
  2
SOLID
 70
1
 71
0
 91
1
 92
1
 93
1
 72
2
 10
315.6666666666667
 20
320.758502264056
 40
0.6
 50
0
 51
360
 73
1
 97
0
 75
1
 76
1
 98
0
  0
CIRCLE
  5
21E
330
17
100
AcDbEntity
  8
08-FINA
100
AcDbCircle
 10
271.1666666666667
 20
305.9428884906173
 30
0.0
 40
4.0
  0
TEXT
  5
21F
330
17
100
AcDbEntity
  8
06-TEXTO
100
AcDbText
 10
271.1666666666667
 20
305.9428884906173
 30
0.0
 40
3.5
  1
15
  7
ISO3098
 72
1
 11
271.1666666666667
 21
305.9428884906173
 31
0.0
100
AcDbText
 73
2
  0
LINE
  5
220
330
17
100
AcDbEntity
  8
08-FINA
100
AcDbLine
 10
274.9427715643612
 20
307.2623701318718
 30
0.0
 11
288.1666666666667
 21
311.88318636608756
 31
0.0
  0
HATCH
  5
221
330
17
100
AcDbEntity
  8
08-FINA
 62
7
100
AcDbHatch
 10
0.0
 20
0.0
 30
0.0
210
0.0
220
0.0
230
1.0
  2
SOLID
 70
1
 71
0
 91
1
 92
1
 93
1
 72
2
 10
288.1666666666667
 20
311.88318636608756
 40
0.6
 50
0
 51
360
 73
1
 97
0
 75
1
 76
1
 98
0
  0
CIRCLE
  5
222
330
17
100
AcDbEntity
  8
08-FINA
100
AcDbCircle
 10
271.1666666666667
 20
286.17411593749466
 30
0.0
 40
4.0
  0
TEXT
  5
223
330
17
100
AcDbEntity
  8
06-TEXTO
100
AcDbText
 10
271.1666666666667
 20
286.17411593749466
 30
0.0
 40
3.5
  1
5
  7
ISO3098
 72
1
 11
271.1666666666667
 21
286.17411593749466
 31
0.0
100
AcDbText
 73
2
  0
LINE
  5
224
330
17
100
AcDbEntity
  8
08-FINA
100
AcDbLine
 10
275.1666666666667
 20
286.17411593749466
 30
0.0
 11
322.1666666666667
 21
286.17411593749466
 31
0.0
  0
HATCH
  5
225
330
17
100
AcDbEntity
  8
08-FINA
 62
7
100
AcDbHatch
 10
0.0
 20
0.0
 30
0.0
210
0.0
220
0.0
230
1.0
  2
SOLID
 70
1
 71
0
 91
1
 92
1
 93
1
 72
2
 10
322.1666666666667
 20
286.17411593749466
 40
0.6
 50
0
 51
360
 73
1
 97
0
 75
1
 76
1
 98
0
  0
CIRCLE
  5
226
330
17
100
AcDbEntity
  8
08-FINA
100
AcDbCircle
 10
271.1666666666667
 20
275.17411593749466
 30
0.0
 40
4.0
  0
TEXT
  5
227
330
17
100
AcDbEntity
  8
06-TEXTO
100
AcDbText
 10
271.1666666666667
 20
275.17411593749466
 30
0.0
 40
3.5
  1
6
  7
ISO3098
 72
1
 11
271.1666666666667
 21
275.17411593749466
 31
0.0
100
AcDbText
 73
2
  0
LINE
  5
228
330
17
100
AcDbEntity
  8
08-FINA
100
AcDbLine
 10
275.1666666666667
 20
275.17411593749466
 30
0.0
 11
322.1666666666667
 21
275.17411593749466
 31
0.0
  0
HATCH
  5
229
330
17
100
AcDbEntity
  8
08-FINA
 62
7
100
AcDbHatch
 10
0.0
 20
0.0
 30
0.0
210
0.0
220
0.0
230
1.0
  2
SOLID
 70
1
 71
0
 91
1
 92
1
 93
1
 72
2
 10
322.1666666666667
 20
275.17411593749466
 40
0.6
 50
0
 51
360
 73
1
 97
0
 75
1
 76
1
 98
0
  0
CIRCLE
  5
22A
330
17
100
AcDbEntity
  8
08-FINA
100
AcDbCircle
 10
410.1666666666667
 20
320.7393547119567
 30
0.0
 40
4.0
  0
TEXT
  5
22B
330
17
100
AcDbEntity
  8
06-TEXTO
100
AcDbText
 10
410.1666666666667
 20
320.7393547119567
 30
0.0
 40
3.5
  1
9
  7
ISO3098
 72
1
 11
410.1666666666667
 21
320.7393547119567
 31
0.0
100
AcDbText
 73
2
  0
LINE
  5
22C
330
17
100
AcDbEntity
  8
08-FINA
100
AcDbLine
 10
406.1666666666667
 20
320.7393547119567
 30
0.0
 11
399.35007829696247
 21
320.7393547119567
 31
0.0
  0
HATCH
  5
22D
330
17
100
AcDbEntity
  8
08-FINA
 62
7
100
AcDbHatch
 10
0.0
 20
0.0
 30
0.0
210
0.0
220
0.0
230
1.0
  2
SOLID
 70
1
 71
0
 91
1
 92
1
 93
1
 72
2
 10
399.35007829696247
 20
320.7393547119567
 40
0.6
 50
0
 51
360
 73
1
 97
0
 75
1
 76
1
 98
0
  0
CIRCLE
  5
22E
330
17
100
AcDbEntity
  8
08-FINA
100
AcDbCircle
 10
340.6666666666667
 20
326.5
 30
0.0
 40
62.5
  0
TEXT
  5
22F
330
17
100
AcDbEntity
  8
06-TEXTO
100
AcDbText
 10
340.6666666666667
 20
259.0
 30
0.0
 40
5.0
  1
A (1:1)
  7
ISO3098
 72
1
 11
340.6666666666667
 21
259.0
 31
0.0
100
AcDbText
 73
2
  0
TEXT
  5
230
330
17
100
AcDbEntity
  8
06-TEXTO
100
AcDbText
 10
340.6666666666667
 20
253.5
 30
0.0
 40
2.5
  1
Válvula, manómetro y manijas
  7
ISO3098
 72
1
 11
340.6666666666667
 21
253.5
 31
0.0
100
AcDbText
 73
2
  0
CIRCLE
  5
231
330
17
100
AcDbEntity
  8
08-FINA
100
AcDbCircle
 10
101.195
 20
343.125
 30
0.0
 40
9.2
  0
TEXT
  5
232
330
17
100
AcDbEntity
  8
06-TEXTO
100
AcDbText
 10
115.395
 20
348.645
 30
0.0
 40
5.0
  1
B
  7
ISO3098
 72
1
 11
115.395
 21
348.645
 31
0.0
100
AcDbText
 73
2
  0
LWPOLYLINE
  5
233
330
17
100
AcDbEntity
  8
01-VISIBLE
100
AcDbPolyline
 90
37
 70
0
 10
555.7426338951049
 20
312.610295073654
 10
555.2313289864967
 20
312.72412299816074
 10
554.6454232400022
 20
312.8544725410459
 10
554.0595309290197
 20
312.98488245379303
 10
553.4736900838182
 20
313.1155233424083
 10
552.8879483101186
 20
313.2466076413707
 10
552.3023681606495
 20
313.3784119158702
 10
551.7170366271474
 20
313.5113155892227
 10
551.1320834595006
 20
313.64587405719544
 10
550.5477209796809
 20
313.7829731556503
 10
549.964347046661
 20
313.9242135995678
 10
549.3827975569358
 20
314.07277066615734
 10
548.8034932934522
 20
314.229866341459
 10
548.2243300247314
 20
314.38747844616273
 10
547.6416164282431
 20
314.53132292376245
 10
547.0548019489488
 20
314.6574313182798
 10
546.4653146972026
 20
314.77044369292366
 10
545.8742503140877
 20
314.87492060324234
 10
545.2822123680877
 20
314.97374254561487
 10
544.6895328828036
 20
315.0686459085932
 10
544.0964056990053
 20
315.1607121085301
 10
543.5029513014213
 20
315.25064613856443
 10
542.9092487685684
 20
315.33892788829075
 10
542.315352409326
 20
315.4258965255424
 10
541.7213009480032
 20
315.5117995489338
 10
541.1271228732248
 20
315.5968225331758
 10
540.5328397014251
 20
315.6811078811245
 10
539.9384680498385
 20
315.7647670618546
 10
539.3440209999361
 20
315.8478888452182
 10
538.7495090217067
 20
315.9305449936869
 10
538.154940616993
 20
316.01279429124133
 10
537.5603227777946
 20
316.0946854558897
 10
536.96566131952
 20
316.17625928504185
 10
536.370961127777
 20
316.25755026257457
 10
535.7762263441396
 20
316.3385877809865
 10
535.1814605080508
 20
316.4193970836011
 10
534.5866666666667
 20
316.5
  0
LWPOLYLINE
  5
234
330
17
100
AcDbEntity
  8
01-VISIBLE
100
AcDbPolyline
 90
2
 70
0
 10
534.5866666666667
 20
316.5
 10
534.5866666666667
 20
313.27644571836254
  0
LWPOLYLINE
  5
235
330
17
100
AcDbEntity
  8
01-VISIBLE
100
AcDbPolyline
 90
35
 70
0
 10
534.5866666666667
 20
313.27644571836254
 10
535.1824773113374
 20
313.19424492007283
 10
535.7780910038073
 20
313.11062898643786
 10
536.3735040715725
 20
313.0255962090689
 10
536.9687128305627
 20
312.93914490951306
 10
537.5637135853686
 20
312.8512734395174
 10
538.1585026294705
 20
312.7619801812923
 10
538.7530762454711
 20
312.6712635477709
 10
539.3474307053319
 20
312.5791219828668
 10
539.9415622706119
 20
312.4855539617299
 10
540.5354671927103
 20
312.39055799099765
 10
541.1291417131123
 20
312.2941326090454
 10
541.7225820636376
 20
312.1962763862325
 10
542.3157844666925
 20
312.0969879251468
 10
542.9087451355256
 20
311.9962658608447
 10
543.5014602744844
 20
311.89410886108953
 10
544.093926079278
 20
311.7905156265863
 10
544.6861387372404
 20
311.6854848912119
 10
545.2780944275979
 20
311.5790154222443
 10
545.8697893217388
 20
311.47110602058683
 10
546.4612195834868
 20
311.3617555209896
 10
547.052381369376
 20
311.2509627922673
 10
547.6432708289299
 20
311.13872673751234
 10
548.2338841049423
 20
311.0250462943068
 10
548.8242173337615
 20
310.90992043492815
 10
549.4142666455762
 20
310.7933481665525
 10
550.0040281415401
 20
310.6753284160809
 10
550.5934978046197
 20
310.5558595945711
 10
551.1826715675123
 20
310.434939953906
 10
551.771545342574
 20
310.3125677397645
 10
552.360115021669
 20
310.18874119187126
 10
552.9483764760167
 20
310.0634585442299
 10
553.5363255560401
 20
309.93671802536005
 10
554.1239580912154
 20
309.80851785853656
 10
554.426973831445
 20
309.74162067593124
  0
LWPOLYLINE
  5
236
330
17
100
AcDbEntity
  8
01-VISIBLE
100
AcDbPolyline
 90
2
 70
0
 10
534.6066666666668
 20
311.27644571836254
 10
534.6066666666668
 20
316.5
  0
LWPOLYLINE
  5
237
330
17
100
AcDbEntity
  8
01-VISIBLE
100
AcDbPolyline
 90
2
 70
0
 10
536.3866666666669
 20
316.5
 10
534.6066666666671
 20
316.5
  0
LWPOLYLINE
  5
238
330
17
100
AcDbEntity
  8
01-VISIBLE
100
AcDbPolyline
 90
2
 70
0
 10
534.6066666666671
 20
311.2764457183623
 10
527.9626666666669
 20
311.2764457183623
  0
LWPOLYLINE
  5
239
330
17
100
AcDbEntity
  8
01-VISIBLE
100
AcDbPolyline
 90
28
 70
0
 10
527.9626666666668
 20
311.27644571836254
 10
527.3561481481482
 20
311.27644571836254
 10
526.7496296296297
 20
311.27644571836254
 10
526.1431111111112
 20
311.27644571836254
 10
525.5365925925927
 20
311.27644571836254
 10
524.9300740740741
 20
311.27644571836254
 10
524.3235555555557
 20
311.27644571836254
 10
523.7170370370371
 20
311.27644571836254
 10
523.1105185185186
 20
311.27644571836254
 10
522.5040000000001
 20
311.27644571836254
 10
521.8974814814816
 20
311.27644571836254
 10
521.290962962963
 20
311.27644571836254
 10
520.6844444444446
 20
311.27644571836254
 10
520.077925925926
 20
311.27644571836254
 10
519.4714074074075
 20
311.27644571836254
 10
518.8648888888889
 20
311.27644571836254
 10
518.2583703703705
 20
311.27644571836254
 10
517.6518518518519
 20
311.27644571836254
 10
517.0453333333334
 20
311.27644571836254
 10
516.4388148148149
 20
311.27644571836254
 10
515.8322962962964
 20
311.27644571836254
 10
515.2257777777778
 20
311.27644571836254
 10
514.6192592592594
 20
311.27644571836254
 10
514.0127407407408
 20
311.27644571836254
 10
513.4062222222223
 20
311.27644571836254
 10
512.7997037037038
 20
311.27644571836254
 10
512.1931851851853
 20
311.27644571836254
 10
511.58666666666676
 20
311.27644571836254
  0
LWPOLYLINE
  5
23A
330
17
100
AcDbEntity
  8
01-VISIBLE
100
AcDbPolyline
 90
2
 70
0
 10
536.3866666666668
 20
316.5
 10
536.3866666666668
 20
344.5
  0
LWPOLYLINE
  5
23B
330
17
100
AcDbEntity
  8
01-VISIBLE
100
AcDbPolyline
 90
2
 70
0
 10
536.3866666666669
 20
344.5
 10
527.9626666666669
 20
344.5
  0
LWPOLYLINE
  5
23C
330
17
100
AcDbEntity
  8
01-VISIBLE
100
AcDbPolyline
 90
2
 70
0
 10
527.9626666666668
 20
344.5
 10
527.9626666666668
 20
311.27644571836254
  0
LWPOLYLINE
  5
23D
330
17
100
AcDbEntity
  8
01-VISIBLE
100
AcDbPolyline
 90
65
 70
0
 10
527.9626666666668
 20
344.5
 10
527.3589219858156
 20
344.5
 10
526.7551773049646
 20
344.5
 10
526.1514326241136
 20
344.5
 10
525.5476879432625
 20
344.5
 10
524.9439432624114
 20
344.5
 10
524.3401985815603
 20
344.5
 10
523.7364539007093
 20
344.5
 10
523.1327092198583
 20
344.5
 10
522.5289645390071
 20
344.5
 10
521.9252198581561
 20
344.5
 10
521.321475177305
 20
344.5
 10
520.717730496454
 20
344.5
 10
520.1139858156029
 20
344.5
 10
519.5102411347518
 20
344.5
 10
518.9064964539008
 20
344.5
 10
518.3027517730497
 20
344.5
 10
517.6990070921987
 20
344.5
 10
517.0952624113476
 20
344.5
 10
516.4915177304965
 20
344.5
 10
515.8877730496455
 20
344.5
 10
515.2840283687945
 20
344.5
 10
514.6802836879433
 20
344.5
 10
514.0765390070923
 20
344.5
 10
513.4727943262412
 20
344.5
 10
512.8690496453902
 20
344.5
 10
512.265304964539
 20
344.5
 10
511.661560283688
 20
344.5
 10
511.05781560283697
 20
344.5
 10
510.4540709219859
 20
344.5
 10
509.85032624113484
 20
344.5
 10
509.24658156028374
 20
344.5
 10
508.6428368794327
 20
344.5
 10
508.0390921985816
 20
344.5
 10
507.4353475177306
 20
344.5
 10
506.8316028368795
 20
344.5
 10
506.22785815602845
 20
344.5
 10
505.62411347517735
 20
344.5
 10
505.0203687943263
 20
344.5
 10
504.4166241134752
 20
344.5
 10
503.8128794326242
 20
344.5
 10
503.20913475177315
 20
344.5
 10
502.60539007092206
 20
344.5
 10
502.001645390071
 20
344.5
 10
501.3979007092199
 20
344.5
 10
500.7941560283689
 20
344.5
 10
500.1904113475178
 20
344.5
 10
499.58666666666676
 20
344.5
 10
498.98292198581566
 20
344.5
 10
498.3791773049646
 20
344.5
 10
497.77543262411353
 20
344.5
 10
497.1716879432625
 20
344.5
 10
496.5679432624114
 20
344.5
 10
495.96419858156037
 20
344.5
 10
495.3604539007093
 20
344.5
 10
494.75670921985824
 20
344.5
 10
494.15296453900714
 20
344.5
 10
493.5492198581561
 20
344.5
 10
492.945475177305
 20
344.5
 10
492.341730496454
 20
344.5
 10
491.7379858156029
 20
344.5
 10
491.13424113475185
 20
344.5
 10
490.5304964539008
 20
344.5
 10
489.9267517730497
 20
344.5
 10
489.5711513459661
 20
344.5
  0
LWPOLYLINE
  5
23E
330
17
100
AcDbEntity
  8
01-VISIBLE
100
AcDbPolyline
 90
21
 70
0
 10
538.9466666666667
 20
316.5
 10
538.9387750410235
 20
316.7008552850632
 10
538.9151488185903
 20
316.90047223050306
 10
538.8759336628848
 20
317.0976201314711
 10
538.8213713483823
 20
317.2910835055998
 10
538.7517982698956
 20
317.4796695868547
 10
538.667643368589
 20
317.66221567933326
 10
538.5694254874132
 20
317.83759632567285
 10
538.4577501722666
 20
318.0047302458688
 10
538.3333059386028
 20
318.1625870037253
 10
538.1968600265043
 20
318.3101933598375
 10
538.049253670392
 20
318.4466392719362
 10
537.8913969125355
 20
318.5710835056
 10
537.7242629923396
 20
318.6827588207466
 10
537.548882346
 20
318.7809767019223
 10
537.3663362535214
 20
318.865131603229
 10
537.1777501722667
 20
318.93470468171563
 10
536.9842867981379
 20
318.989266996218
 10
536.7871388971697
 20
319.0284821519235
 10
536.58752195173
 20
319.05210837435675
 10
536.3866666666668
 20
319.05999999999995
  0
LWPOLYLINE
  5
23F
330
17
100
AcDbEntity
  8
01-VISIBLE
100
AcDbPolyline
 90
41
 70
0
 10
536.3866666666668
 20
319.05999999999995
 10
536.1858113816035
 20
319.05210837435675
 10
535.9861944361637
 20
319.0284821519235
 10
535.7890465351957
 20
318.989266996218
 10
535.5955831610669
 20
318.93470468171563
 10
535.4069970798121
 20
318.865131603229
 10
535.2244509873335
 20
318.7809767019223
 10
535.0490703409939
 20
318.6827588207466
 10
534.881936420798
 20
318.5710835056
 10
534.7240796629414
 20
318.4466392719362
 10
534.5764733068291
 20
318.3101933598375
 10
534.4400273947307
 20
318.1625870037253
 10
534.3155831610669
 20
318.0047302458688
 10
534.2039078459203
 20
317.83759632567285
 10
534.1056899647446
 20
317.66221567933326
 10
534.0215350634378
 20
317.4796695868547
 10
533.9519619849511
 20
317.2910835055998
 10
533.8973996704487
 20
317.0976201314711
 10
533.8581845147432
 20
316.90047223050306
 10
533.8345582923099
 20
316.7008552850632
 10
533.8266666666667
 20
316.5
 10
533.8345582923099
 20
316.2991447149368
 10
533.8581845147432
 20
316.09952776949694
 10
533.8973996704487
 20
315.9023798685289
 10
533.9519619849511
 20
315.7089164944002
 10
534.0215350634378
 20
315.5203304131453
 10
534.1056899647446
 20
315.33778432066674
 10
534.2039078459203
 20
315.16240367432715
 10
534.3155831610669
 20
314.9952697541312
 10
534.4400273947307
 20
314.8374129962747
 10
534.5764733068291
 20
314.6898066401625
 10
534.7240796629414
 20
314.5533607280638
 10
534.881936420798
 20
314.4289164944
 10
535.0490703409939
 20
314.3172411792534
 10
535.2244509873335
 20
314.2190232980777
 10
535.4069970798121
 20
314.134868396771
 10
535.5955831610669
 20
314.06529531828437
 10
535.7890465351957
 20
314.010733003782
 10
535.9861944361637
 20
313.9715178480765
 10
536.1858113816035
 20
313.94789162564325
 10
536.3866666666668
 20
313.94000000000005
  0
LWPOLYLINE
  5
240
330
17
100
AcDbEntity
  8
01-VISIBLE
100
AcDbPolyline
 90
21
 70
0
 10
536.3866666666668
 20
313.94000000000005
 10
536.58752195173
 20
313.94789162564325
 10
536.7871388971697
 20
313.9715178480765
 10
536.9842867981379
 20
314.010733003782
 10
537.1777501722667
 20
314.06529531828437
 10
537.3663362535214
 20
314.134868396771
 10
537.548882346
 20
314.2190232980777
 10
537.7242629923396
 20
314.3172411792534
 10
537.8913969125355
 20
314.4289164944
 10
538.049253670392
 20
314.5533607280638
 10
538.1968600265043
 20
314.6898066401625
 10
538.3333059386028
 20
314.8374129962747
 10
538.4577501722666
 20
314.9952697541312
 10
538.5694254874132
 20
315.16240367432715
 10
538.667643368589
 20
315.33778432066674
 10
538.7517982698956
 20
315.5203304131453
 10
538.8213713483823
 20
315.7089164944002
 10
538.8759336628848
 20
315.9023798685289
 10
538.9151488185903
 20
316.09952776949694
 10
538.9387750410235
 20
316.2991447149368
 10
538.9466666666667
 20
316.5
  0
LWPOLYLINE
  5
241
330
17
100
AcDbEntity
  8
01-VISIBLE
100
AcDbPolyline
 90
2
 70
0
 10
487.58666666666676
 20
312.6203793169302
 10
487.58666666666676
 20
320.5
  0
LWPOLYLINE
  5
242
330
17
100
AcDbEntity
  8
01-VISIBLE
100
AcDbPolyline
 90
2
 70
0
 10
511.58666666666676
 20
291.10988080703396
 10
511.58666666666676
 20
320.5
  0
LWPOLYLINE
  5
243
330
17
100
AcDbEntity
  8
01-VISIBLE
100
AcDbPolyline
 90
2
 70
0
 10
511.58666666666676
 20
320.5
 10
508.58666666666676
 20
320.5
  0
LWPOLYLINE
  5
244
330
17
100
AcDbEntity
  8
01-VISIBLE
100
AcDbPolyline
 90
31
 70
0
 10
508.58666666666676
 20
320.5
 10
507.98666666666674
 20
320.5
 10
507.38666666666677
 20
320.5
 10
506.78666666666675
 20
320.5
 10
506.1866666666667
 20
320.5
 10
505.58666666666676
 20
320.5
 10
504.98666666666674
 20
320.5
 10
504.38666666666677
 20
320.5
 10
503.78666666666675
 20
320.5
 10
503.1866666666667
 20
320.5
 10
502.58666666666676
 20
320.5
 10
501.98666666666674
 20
320.5
 10
501.38666666666677
 20
320.5
 10
500.78666666666675
 20
320.5
 10
500.1866666666667
 20
320.5
 10
499.58666666666676
 20
320.5
 10
498.98666666666674
 20
320.5
 10
498.38666666666677
 20
320.5
 10
497.78666666666675
 20
320.5
 10
497.1866666666667
 20
320.5
 10
496.58666666666676
 20
320.5
 10
495.98666666666674
 20
320.5
 10
495.38666666666677
 20
320.5
 10
494.78666666666675
 20
320.5
 10
494.1866666666667
 20
320.5
 10
493.58666666666676
 20
320.5
 10
492.98666666666674
 20
320.5
 10
492.3866666666667
 20
320.5
 10
491.78666666666675
 20
320.5
 10
491.1866666666667
 20
320.5
 10
490.58666666666676
 20
320.5
  0
LWPOLYLINE
  5
245
330
17
100
AcDbEntity
  8
01-VISIBLE
100
AcDbPolyline
 90
2
 70
0
 10
490.58666666666676
 20
320.5
 10
487.58666666666676
 20
320.5
  0
LWPOLYLINE
  5
246
330
17
100
AcDbEntity
  8
01-VISIBLE
100
AcDbPolyline
 90
2
 70
0
 10
490.58666666666676
 20
306.795777000558
 10
490.58666666666676
 20
320.5
  0
LWPOLYLINE
  5
247
330
17
100
AcDbEntity
  8
01-VISIBLE
100
AcDbPolyline
 90
2
 70
0
 10
508.58666666666676
 20
292.1048534411957
 10
508.58666666666676
 20
320.5
  0
HATCH
  5
248
330
17
100
AcDbEntity
  8
05-RAYADO
 62
7
100
AcDbHatch
 10
0.0
 20
0.0
 30
0.0
210
0.0
220
0.0
230
1.0
  2
ANSI31
 70
0
 71
0
 91
1
 92
3
 72
0
 73
1
 93
88
 10
535.1011646666667
 20
316.43029
 10
535.6156426666668
 20
316.36042799999996
 10
536.1300966666668
 20
316.2904000000001
 10
536.6445286666667
 20
316.22019
 10
537.1589306666667
 20
316.14977999999996
 10
537.6733046666667
 20
316.079152
 10
538.1876426666668
 20
316.00828
 10
538.7019446666668
 20
315.93714
 10
539.2162066666667
 20
315.86569800000007
 10
539.7304186666668
 20
315.7939160000001
 10
540.2445786666667
 20
315.7217539999999
 10
540.7586786666667
 20
315.64915799999994
 10
541.2727066666667
 20
315.5760640000001
 10
541.7866526666668
 20
315.5023960000001
 10
542.3005026666667
 20
315.42805599999997
 10
542.8142366666667
 20
315.35292400000003
 10
543.3278326666667
 20
315.276844
 10
543.8412546666667
 20
315.1996140000001
 10
544.3544626666668
 20
315.12095999999997
 10
544.8673906666668
 20
315.04051200000004
 10
545.3799486666668
 20
314.95774400000005
 10
545.8919986666667
 20
314.8718799999999
 10
546.4033126666667
 20
314.7817520000001
 10
546.9135166666667
 20
314.6855479999999
 10
547.4219686666668
 20
314.58050000000003
 10
547.9277186666667
 20
314.463158
 10
548.4301766666667
 20
314.33242999999993
 10
548.9308026666668
 20
314.194796
 10
549.4321346666668
 20
314.05978000000005
 10
549.9352166666667
 20
313.9314320000001
 10
550.4397046666668
 20
313.808724
 10
550.9450086666667
 20
313.68941199999995
 10
551.4508266666668
 20
313.57229200000006
 10
551.9569846666667
 20
313.45666200000005
 10
552.4633826666668
 20
313.3420739999999
 10
552.9699446666667
 20
313.22821999999996
 10
553.4766186666667
 20
313.1148700000001
 10
553.9833686666667
 20
313.0018480000001
 10
554.4901586666667
 20
312.8890180000001
 10
554.9969666666667
 20
312.7762660000001
 10
555.5037706666667
 20
312.6634899999999
 10
555.7426304487019
 20
312.61028645566876
 10
555.6654334630821
 20
312.4172496889646
 10
555.3095856765567
 20
311.58711964461645
 10
554.9334726536094
 20
310.7659725617657
 10
554.5373209506618
 20
309.9543030687105
 10
554.4270197137865
 20
309.7417091092882
 10
554.0402406666667
 20
309.8268760000001
 10
553.5451426666667
 20
309.934806
 10
553.0498206666667
 20
310.0417
 10
552.5542746666667
 20
310.1475579999999
 10
552.0585106666667
 20
310.2523839999999
 10
551.5625306666667
 20
310.356176
 10
551.0663326666668
 20
310.458936
 10
550.5699246666668
 20
310.5606660000001
 10
550.0733066666668
 20
310.66136600000004
 10
549.5764806666667
 20
310.7610380000001
 10
549.0794486666667
 20
310.85968
 10
548.5822146666667
 20
310.95729600000004
 10
548.0847806666668
 20
311.0538859999999
 10
547.5871486666667
 20
311.1494520000001
 10
547.0893206666667
 20
311.24398999999994
 10
546.5912986666667
 20
311.3375040000001
 10
546.0930846666668
 20
311.4299960000001
 10
545.5946846666667
 20
311.5214639999999
 10
545.0960946666668
 20
311.6119080000001
 10
544.5973226666667
 20
311.7013320000001
 10
544.0983686666667
 20
311.78973399999995
 10
543.5992346666667
 20
311.8771139999999
 10
543.0999226666668
 20
311.9634779999999
 10
542.6004366666667
 20
312.04882
 10
542.1007766666668
 20
312.1331459999999
 10
541.6009466666667
 20
312.2164540000001
 10
541.1009466666667
 20
312.29874599999994
 10
540.6007826666668
 20
312.38002200000005
 10
540.1004546666668
 20
312.460282
 10
539.5999646666668
 20
312.53953
 10
539.0993146666667
 20
312.6177640000001
 10
538.5985086666667
 20
312.694986
 10
538.0975466666667
 20
312.7711979999999
 10
537.5964326666667
 20
312.8463999999999
 10
537.0951686666667
 20
312.92059199999994
 10
536.5937546666668
 20
312.99377400000003
 10
536.0921966666667
 20
313.06594999999993
 10
535.5904946666667
 20
313.1371200000001
 10
535.0886506666667
 20
313.20728600000007
 10
534.5866666666667
 20
313.2764460000001
 10
534.5866666666667
 20
316.5
 97
0
 75
1
 76
1
 52
90.0
 41
0.6299212598425197
 77
0
 78
1
 53
135.0
 43
0.0
 44
0.0
 45
-1.4142135624
 46
-1.4142135624
 79
0
 98
0
  0
HATCH
  5
249
330
17
100
AcDbEntity
  8
05-RAYADO
 62
7
100
AcDbHatch
 10
0.0
 20
0.0
 30
0.0
210
0.0
220
0.0
230
1.0
  2
ANSI31
 70
0
 71
0
 91
1
 92
3
 72
0
 73
1
 93
6
 10
534.6066666666668
 20
316.5
 10
534.6066666666668
 20
311.2764460000001
 10
527.9626666666668
 20
311.2764460000001
 10
527.9626666666668
 20
344.5
 10
536.3866666666668
 20
344.5
 10
536.3866666666668
 20
316.5
 97
0
 75
1
 76
1
 52
0.0
 41
0.6299212598425197
 77
0
 78
1
 53
45.0
 43
0.0
 44
0.0
 45
-1.4142135624
 46
1.4142135624
 79
0
 98
0
  0
HATCH
  5
24A
330
17
100
AcDbEntity
  8
05-RAYADO
 62
7
100
AcDbHatch
 10
0.0
 20
0.0
 30
0.0
210
0.0
220
0.0
230
1.0
  2
SOLID
 70
1
 71
0
 91
1
 92
3
 72
0
 73
1
 93
40
 10
538.9151486666667
 20
316.09952799999996
 10
538.8213706666668
 20
315.70891600000004
 10
538.6676426666668
 20
315.33778400000006
 10
538.4577506666667
 20
314.9952699999999
 10
538.1968606666668
 20
314.6898060000001
 10
537.8913966666668
 20
314.4289160000001
 10
537.5488826666667
 20
314.219024
 10
537.1777506666667
 20
314.065296
 10
536.7871386666667
 20
313.97151800000006
 10
536.3866666666668
 20
313.94000000000005
 10
535.9861946666667
 20
313.97151800000006
 10
535.5955826666667
 20
314.065296
 10
535.2244506666667
 20
314.219024
 10
534.8819366666668
 20
314.4289160000001
 10
534.5764726666667
 20
314.6898060000001
 10
534.3155826666667
 20
314.9952699999999
 10
534.1056906666668
 20
315.33778400000006
 10
533.9519626666668
 20
315.70891600000004
 10
533.8581846666667
 20
316.09952799999996
 10
533.8266666666667
 20
316.5
 10
533.8581846666667
 20
316.90047200000004
 10
533.9519626666668
 20
317.29108399999996
 10
534.1056906666668
 20
317.66221599999994
 10
534.3155826666667
 20
318.0047300000001
 10
534.5764726666667
 20
318.3101939999999
 10
534.8819366666668
 20
318.5710839999999
 10
535.2244506666667
 20
318.780976
 10
535.5955826666667
 20
318.934704
 10
535.9861946666667
 20
319.02848199999994
 10
536.3866666666668
 20
319.05999999999995
 10
536.7871386666667
 20
319.02848199999994
 10
537.1777506666667
 20
318.934704
 10
537.5488826666667
 20
318.780976
 10
537.8913966666668
 20
318.5710839999999
 10
538.1968606666668
 20
318.3101939999999
 10
538.4577506666667
 20
318.0047300000001
 10
538.6676426666668
 20
317.66221599999994
 10
538.8213706666668
 20
317.29108399999996
 10
538.9151486666667
 20
316.90047200000004
 10
538.9466666666667
 20
316.5
 97
0
 75
1
 76
1
 98
0
  0
HATCH
  5
24B
330
17
100
AcDbEntity
  8
05-RAYADO
 62
7
100
AcDbHatch
 10
0.0
 20
0.0
 30
0.0
210
0.0
220
0.0
230
1.0
  2
ANSI31
 70
0
 71
0
 91
1
 92
3
 72
0
 73
1
 93
12
 10
487.58666666666676
 20
320.5
 10
490.58666666666676
 20
320.5
 10
490.58666666666676
 20
306.795777000558
 10
490.5760554654775
 20
306.8120875881548
 10
490.1022538186567
 20
307.58101901368946
 10
489.6474653938662
 20
308.3613465259439
 10
489.21196413864726
 20
309.1526000848032
 10
488.7960123826718
 20
309.9543030687105
 10
488.39986067972404
 20
310.7659725617657
 10
488.02374765677683
 20
311.58711964461645
 10
487.6678998702514
 20
312.4172496889646
 10
487.58666666666676
 20
312.6203793169302
 97
0
 75
1
 76
1
 52
0.0
 41
0.6299212598425197
 77
0
 78
1
 53
45.0
 43
0.0
 44
0.0
 45
-1.4142135624
 46
1.4142135624
 79
0
 98
0
  0
HATCH
  5
24C
330
17
100
AcDbEntity
  8
05-RAYADO
 62
7
100
AcDbHatch
 10
0.0
 20
0.0
 30
0.0
210
0.0
220
0.0
230
1.0
  2
ANSI31
 70
0
 71
0
 91
1
 92
3
 72
0
 73
1
 93
7
 10
511.58666666666676
 20
320.5
 10
511.58666666666676
 20
291.10988080703396
 10
510.98419054370254
 20
291.28459564505465
 10
510.1231786199875
 20
291.55736295417637
 10
509.26912006183306
 20
291.85117840126486
 10
508.58666666666676
 20
292.1048534411957
 10
508.58666666666676
 20
320.5
 97
0
 75
1
 76
1
 52
0.0
 41
0.6299212598425197
 77
0
 78
1
 53
45.0
 43
0.0
 44
0.0
 45
-1.4142135624
 46
1.4142135624
 79
0
 98
0
  0
LINE
  5
24D
330
17
100
AcDbEntity
  8
08-FINA
100
AcDbLine
 10
529.5866666666667
 20
314.5
 30
0.0
 11
529.5866666666667
 21
342.5
 31
0.0
  0
LINE
  5
24E
330
17
100
AcDbEntity
  8
08-FINA
100
AcDbLine
 10
527.9626666666668
 20
334.70000000000005
 30
0.0
 11
505.9626666666668
 21
350.70000000000005
 31
0.0
  0
HATCH
  5
24F
330
17
100
AcDbEntity
  8
08-FINA
 62
7
100
AcDbHatch
 10
0.0
 20
0.0
 30
0.0
210
0.0
220
0.0
230
1.0
  2
SOLID
 70
1
 71
0
 91
1
 92
3
 72
0
 73
1
 93
3
 10
527.9626666666668
 20
334.70000000000005
 10
526.1760951349788
 20
336.493923677909
 10
525.7055577768388
 20
335.8469348104664
 97
0
 75
1
 76
1
 98
0
  0
LINE
  5
250
330
17
100
AcDbEntity
  8
08-FINA
100
AcDbLine
 10
505.9626666666668
 20
350.70000000000005
 30
0.0
 11
493.36266666666677
 21
350.70000000000005
 31
0.0
  0
TEXT
  5
251
330
17
100
AcDbEntity
  8
06-TEXTO
100
AcDbText
 10
499.6626666666668
 20
351.50000000000006
 30
0.0
 40
2.5
  1
M30×1,5
  7
ISO3098
 72
1
 11
499.6626666666668
 21
351.50000000000006
 31
0.0
100
AcDbText
 73
1
  0
LINE
  5
252
330
17
100
AcDbEntity
  8
12-SOLDADURA
100
AcDbLine
 10
551.5866666666667
 20
301.70000000000005
 30
0.0
 11
537.5866666666667
 21
317.70000000000005
 31
0.0
  0
HATCH
  5
253
330
17
100
AcDbEntity
  8
08-FINA
 62
7
100
AcDbHatch
 10
0.0
 20
0.0
 30
0.0
210
0.0
220
0.0
230
1.0
  2
SOLID
 70
1
 71
0
 91
1
 92
3
 72
0
 73
1
 93
3
 10
537.5866666666667
 20
317.70000000000005
 10
539.1858921429188
 20
315.11301761194517
 10
539.9384688376257
 20
315.7715222198137
 97
0
 75
1
 76
1
 98
0
  0
LINE
  5
254
330
17
100
AcDbEntity
  8
12-SOLDADURA
100
AcDbLine
 10
551.5866666666667
 20
301.70000000000005
 30
0.0
 11
567.5866666666667
 21
301.70000000000005
 31
0.0
  0
LINE
  5
255
330
17
100
AcDbEntity
  8
12-SOLDADURA
  6
ISO02-TRAZOS
100
AcDbLine
 10
551.5866666666667
 20
303.20000000000005
 30
0.0
 11
567.5866666666667
 21
303.20000000000005
 31
0.0
  0
LWPOLYLINE
  5
256
330
17
100
AcDbEntity
  8
12-SOLDADURA
100
AcDbPolyline
 90
3
 70
1
 10
556.5866666666667
 20
301.70000000000005
 10
556.5866666666667
 20
298.20000000000005
 10
560.0866666666667
 20
301.70000000000005
  0
CIRCLE
  5
257
330
17
100
AcDbEntity
  8
12-SOLDADURA
100
AcDbCircle
 10
551.5866666666667
 20
301.70000000000005
 30
0.0
 40
1.5
  0
LINE
  5
258
330
17
100
AcDbEntity
  8
12-SOLDADURA
100
AcDbLine
 10
567.5866666666667
 20
301.70000000000005
 30
0.0
 11
570.0866666666667
 21
304.20000000000005
 31
0.0
  0
LINE
  5
259
330
17
100
AcDbEntity
  8
12-SOLDADURA
100
AcDbLine
 10
567.5866666666667
 20
301.70000000000005
 30
0.0
 11
570.0866666666667
 21
299.20000000000005
 31
0.0
  0
TEXT
  5
25A
330
17
100
AcDbEntity
  8
12-SOLDADURA
100
AcDbText
 10
571.0866666666667
 20
301.70000000000005
 30
0.0
 40
2.5
  1
131
  7
ISO3098
 11
571.0866666666667
 21
301.70000000000005
 31
0.0
100
AcDbText
 73
2
  0
CIRCLE
  5
25B
330
17
100
AcDbEntity
  8
08-FINA
100
AcDbCircle
 10
521.6666666666667
 20
326.5
 30
0.0
 40
36.8
  0
TEXT
  5
25C
330
17
100
AcDbEntity
  8
06-TEXTO
100
AcDbText
 10
521.6666666666667
 20
284.7
 30
0.0
 40
5.0
  1
B (2:1)
  7
ISO3098
 72
1
 11
521.6666666666667
 21
284.7
 31
0.0
100
AcDbText
 73
2
  0
TEXT
  5
25D
330
17
100
AcDbEntity
  8
06-TEXTO
100
AcDbText
 10
521.6666666666667
 20
279.2
 30
0.0
 40
2.5
  1
Cuello roscado
  7
ISO3098
 72
1
 11
521.6666666666667
 21
279.2
 31
0.0
100
AcDbText
 73
2
  0
CIRCLE
  5
25E
330
17
100
AcDbEntity
  8
08-FINA
100
AcDbCircle
 10
140.05
 20
309.96154022288897
 30
0.0
 40
4.0
  0
TEXT
  5
25F
330
17
100
AcDbEntity
  8
06-TEXTO
100
AcDbText
 10
131.05
 20
309.96154022288897
 30
0.0
 40
5.0
  1
C
  7
ISO3098
 72
1
 11
131.05
 21
309.96154022288897
 31
0.0
100
AcDbText
 73
2
  0
LWPOLYLINE
  5
260
330
17
100
AcDbEntity
  8
01-VISIBLE
100
AcDbPolyline
 90
2
 70
0
 10
290.3333333333333
 20
118.77275833603647
 10
290.3333333333333
 20
157.5
  0
LWPOLYLINE
  5
261
330
17
100
AcDbEntity
  8
01-VISIBLE
100
AcDbPolyline
 90
2
 70
0
 10
290.3333333333333
 20
157.49999999999915
 10
280.3333333333333
 20
157.49999999999915
  0
LWPOLYLINE
  5
262
330
17
100
AcDbEntity
  8
01-VISIBLE
100
AcDbPolyline
 90
2
 70
0
 10
280.3333333333333
 20
117.5
 10
280.3333333333333
 20
157.5
  0
LWPOLYLINE
  5
263
330
17
100
AcDbEntity
  8
01-VISIBLE
100
AcDbPolyline
 90
28
 70
0
 10
290.3333333333333
 20
157.5
 10
290.3281454948847
 20
159.0005640698422
 10
290.3125665583534
 20
160.50105622198885
 10
290.28657595507684
 20
162.00140413364323
 10
290.2501565684272
 20
163.50153511671692
 10
290.2032947721147
 20
165.0013762036187
 10
290.1459804624868
 20
166.50085423442675
 10
290.0782070846745
 20
167.99989594517854
 10
289.99997165246185
 20
169.4984280569969
 10
289.9112747617798
 20
170.9963773657691
 10
289.81212059775515
 20
172.49367083208597
 10
289.70251693527126
 20
173.99023567115336
 10
289.5824751330259
 20
175.4859994423765
 10
289.4520101211017
 20
176.98089013832742
 10
289.3111403820887
 20
178.47483627280354
 10
289.15988792583306
 20
179.96776696769388
 10
288.9982782579069
 20
181.45961203836833
 10
288.82634034192535
 20
182.95030207732282
 10
288.6441065559121
 20
184.43976853582512
 10
288.4516127728547
 20
185.92794382025033
 10
288.24889707432413
 20
187.41476120276104
 10
288.03599695324857
 20
188.90015447356774
 10
287.81294891714737
 20
190.38405785611388
 10
287.5797884858637
 20
191.8664059699381
 10
287.33655018987776
 20
193.3471337937783
 10
287.08326756917523
 20
194.82617662891556
 10
286.8199731726435
 20
196.3034700627395
 10
286.69316878458324
 20
196.9881195396377
  0
LWPOLYLINE
  5
264
330
17
100
AcDbEntity
  8
01-VISIBLE
100
AcDbPolyline
 90
28
 70
0
 10
278.32298631781555
 20
197.44889141776383
 10
278.53281056569097
 20
196.32321683651384
 10
278.80226013160757
 20
194.84392118138288
 10
279.0660664737802
 20
193.3636086006507
 10
279.32465105678915
 20
191.88237481988068
 10
279.5784302890801
 20
190.40031006157534
 10
279.82782843057186
 20
188.91750166517568
 10
280.0732948553583
 20
187.43403723203926
 10
280.3153292224062
 20
185.95000887316388
 10
280.554521372703
 20
184.4655196558159
 10
280.7915363480765
 20
182.98068121390173
 10
281.02411882409297
 20
181.49514354911673
 10
281.2454570894589
 20
180.0078938314516
 10
281.44823533966536
 20
178.51800724442796
 10
281.62683914093043
 20
177.0250353805352
 10
281.7787759535755
 20
175.52911555364346
 10
281.9046330506902
 20
174.0307734590172
 10
282.0069789060576
 20
172.53063784842993
 10
282.08915676416575
 20
171.02925849165842
 10
282.15449014507055
 20
169.52704889247912
 10
282.2059169056005
 20
168.02429684630368
 10
282.24588993954023
 20
166.52119511075824
 10
282.2764025139142
 20
165.01787063488706
 10
282.2990567414042
 20
163.5144065799892
 10
282.31513770544376
 20
162.010857430881
 10
282.3256791687566
 20
160.50725895500733
 10
282.3315173460955
 20
159.00363466489466
 10
282.33333333333337
 20
157.5
  0
LWPOLYLINE
  5
265
330
17
100
AcDbEntity
  8
01-VISIBLE
100
AcDbPolyline
 90
2
 70
0
 10
282.33333333333377
 20
157.49999999999915
 10
290.3333333333333
 20
157.49999999999915
  0
LWPOLYLINE
  5
266
330
17
100
AcDbEntity
  8
01-VISIBLE
100
AcDbPolyline
 90
26
 70
0
 10
293.33333333333326
 20
157.5
 10
293.3175471607595
 20
158.0023241562344
 10
293.27025094384913
 20
158.50266586851433
 10
293.1916313391628
 20
158.99905051668583
 10
293.08199862236233
 20
159.48951909731875
 10
292.9417854636945
 20
159.97213595499971
 10
292.7715452204393
 20
160.4449964214774
 10
292.5719497530615
 20
160.90623433252063
 10
292.34378677368426
 20
161.35402939281363
 10
292.0879567373494
 20
161.78661435983201
 10
291.80546928833286
 20
162.20228201833976
 10
291.49743927553965
 20
162.59939191798964
 10
291.1650823527046
 20
162.97637684742938
 10
290.80971018076286
 20
163.33174901937127
 10
290.43272525132284
 20
163.6641059422064
 10
290.0356153516731
 20
163.9721359549995
 10
289.6199476931653
 20
164.25462340401623
 10
289.187362726147
 20
164.51045344035094
 10
288.7395676658539
 20
164.73861641972803
 10
288.2783297548107
 20
164.93821188710598
 10
287.8054692883329
 20
165.10845213036134
 10
287.3228524306521
 20
165.2486652890289
 10
286.83238385001914
 20
165.35829800582945
 10
286.3359992018478
 20
165.43691761051576
 10
285.8356574895678
 20
165.48421382742617
 10
285.3333333333333
 20
165.5000000000001
  0
LWPOLYLINE
  5
267
330
17
100
AcDbEntity
  8
01-VISIBLE
100
AcDbPolyline
 90
51
 70
0
 10
285.3333333333333
 20
165.5000000000001
 10
284.83100917709885
 20
165.48421382742617
 10
284.3306674648188
 20
165.43691761051576
 10
283.8342828166475
 20
165.35829800582945
 10
283.3438142360145
 20
165.2486652890289
 10
282.8611973783337
 20
165.10845213036134
 10
282.3883369118559
 20
164.93821188710598
 10
281.92709900081275
 20
164.73861641972803
 10
281.4793039405196
 20
164.51045344035094
 10
281.04671897350136
 20
164.25462340401623
 10
280.63105131499356
 20
163.9721359549995
 10
280.2339414153438
 20
163.6641059422064
 10
279.85695648590377
 20
163.33174901937127
 10
279.50158431396204
 20
162.97637684742938
 10
279.169227391127
 20
162.59939191798964
 10
278.86119737833377
 20
162.20228201833976
 10
278.57870992931726
 20
161.78661435983201
 10
278.32287989298237
 20
161.35402939281363
 10
278.0947169136051
 20
160.90623433252063
 10
277.89512144622734
 20
160.4449964214774
 10
277.72488120297214
 20
159.97213595499971
 10
277.5846680443043
 20
159.48951909731875
 10
277.4750353275038
 20
158.99905051668583
 10
277.3964157228175
 20
158.50266586851433
 10
277.34911950590714
 20
158.0023241562344
 10
277.33333333333337
 20
157.5
 10
277.34911950590714
 20
156.9976758437656
 10
277.3964157228175
 20
156.49733413148567
 10
277.4750353275038
 20
156.00094948331417
 10
277.5846680443043
 20
155.51048090268125
 10
277.72488120297214
 20
155.02786404500029
 10
277.89512144622734
 20
154.5550035785226
 10
278.0947169136051
 20
154.09376566747937
 10
278.32287989298237
 20
153.64597060718637
 10
278.57870992931726
 20
153.21338564016799
 10
278.86119737833377
 20
152.79771798166024
 10
279.169227391127
 20
152.40060808201036
 10
279.50158431396204
 20
152.02362315257062
 10
279.85695648590377
 20
151.66825098062873
 10
280.2339414153438
 20
151.3358940577936
 10
280.63105131499356
 20
151.0278640450005
 10
281.04671897350136
 20
150.74537659598377
 10
281.4793039405196
 20
150.48954655964906
 10
281.92709900081275
 20
150.26138358027197
 10
282.3883369118559
 20
150.06178811289402
 10
282.8611973783337
 20
149.89154786963866
 10
283.3438142360145
 20
149.7513347109711
 10
283.8342828166475
 20
149.64170199417055
 10
284.33066746481893
 20
149.56308238948424
 10
284.83100917709885
 20
149.51578617257383
 10
285.3333333333333
 20
149.4999999999999
  0
LWPOLYLINE
  5
268
330
17
100
AcDbEntity
  8
01-VISIBLE
100
AcDbPolyline
 90
26
 70
0
 10
285.3333333333333
 20
149.4999999999999
 10
285.8356574895678
 20
149.51578617257383
 10
286.3359992018478
 20
149.56308238948424
 10
286.83238385001914
 20
149.64170199417055
 10
287.3228524306521
 20
149.7513347109711
 10
287.8054692883329
 20
149.89154786963866
 10
288.2783297548107
 20
150.06178811289402
 10
288.7395676658539
 20
150.26138358027197
 10
289.187362726147
 20
150.48954655964906
 10
289.6199476931653
 20
150.74537659598377
 10
290.0356153516731
 20
151.0278640450005
 10
290.43272525132284
 20
151.3358940577936
 10
290.80971018076286
 20
151.66825098062873
 10
291.1650823527046
 20
152.02362315257062
 10
291.49743927553965
 20
152.40060808201036
 10
291.80546928833286
 20
152.79771798166024
 10
292.0879567373494
 20
153.21338564016799
 10
292.34378677368426
 20
153.64597060718637
 10
292.5719497530615
 20
154.09376566747937
 10
292.7715452204393
 20
154.5550035785226
 10
292.9417854636945
 20
155.02786404500029
 10
293.08199862236233
 20
155.51048090268125
 10
293.1916313391628
 20
156.00094948331417
 10
293.27025094384913
 20
156.49733413148567
 10
293.3175471607595
 20
156.9976758437656
 10
293.33333333333326
 20
157.5
  0
HATCH
  5
269
330
17
100
AcDbEntity
  8
05-RAYADO
 62
7
100
AcDbHatch
 10
0.0
 20
0.0
 30
0.0
210
0.0
220
0.0
230
1.0
  2
ANSI31
 70
0
 71
0
 91
1
 92
3
 72
0
 73
1
 93
14
 10
290.3333333333333
 20
157.4999977711107
 10
290.3333333333333
 20
118.77275833603647
 10
290.05254052946384
 20
118.69874987221834
 10
289.0973829396081
 20
118.4719147984589
 10
288.13694621397843
 20
118.26858878387071
 10
287.17180888374537
 20
118.08889430444225
 10
286.2025523115478
 20
117.93293960140886
 10
285.2297603413019
 20
117.80081861605169
 10
284.2540189465157
 20
117.69261093311201
 10
283.27591587732
 20
117.60838173285237
 10
282.29604030643003
 20
117.5481817517931
 10
281.3149824742498
 20
117.51204725215189
 10
280.3333333333333
 20
117.5
 10
280.3333333333333
 20
157.4999977711107
 97
0
 75
1
 76
1
 52
0.0
 41
0.6299212598425197
 77
0
 78
1
 53
45.0
 43
0.0
 44
0.0
 45
-1.4142135624
 46
1.4142135624
 79
0
 98
0
  0
HATCH
  5
26A
330
17
100
AcDbEntity
  8
05-RAYADO
 62
7
100
AcDbHatch
 10
0.0
 20
0.0
 30
0.0
210
0.0
220
0.0
230
1.0
  2
ANSI31
 70
0
 71
0
 91
1
 92
3
 72
0
 73
1
 93
74
 10
286.8333733333333
 20
196.22964777111065
 10
287.06127833333335
 20
194.9518177711107
 10
287.28168833333336
 20
193.6726677711107
 10
287.49459333333334
 20
192.39225277111046
 10
287.6999633333333
 20
191.1106077711105
 10
287.89777833333335
 20
189.8277727711107
 10
288.08801833333337
 20
188.54379277111065
 10
288.27066333333335
 20
187.25871277111054
 10
288.44567833333326
 20
185.97256777111056
 10
288.61305333333337
 20
184.6854077711106
 10
288.7727483333333
 20
183.39727277111052
 10
288.9247533333333
 20
182.10820777111053
 10
289.0690383333333
 20
180.8182577711105
 10
289.2055833333333
 20
179.5274627711106
 10
289.3343783333333
 20
178.23587277111045
 10
289.45539833333333
 20
176.9435277711105
 10
289.5686333333333
 20
175.6504827711106
 10
289.67407333333335
 20
174.35677277111068
 10
289.77170333333333
 20
173.0624527711106
 10
289.8615183333333
 20
171.76756777111052
 10
289.9435083333333
 20
170.4721677711106
 10
290.01767333333333
 20
169.17629277111047
 10
290.0840133333333
 20
167.87999277111055
 10
290.1425233333333
 20
166.58331277111046
 10
290.1932083333333
 20
165.28630777111061
 10
290.2360733333333
 20
163.98901777111064
 10
290.2711183333333
 20
162.69149777111068
 10
290.2983583333333
 20
161.39378277111064
 10
290.3177983333333
 20
160.09593277111065
 10
290.3294533333333
 20
158.79799277111061
 10
290.3333333333333
 20
157.4999977711107
 10
282.33333333333337
 20
157.4999977711107
 10
282.3320533333333
 20
158.7668127711106
 10
282.32798833333334
 20
160.03361777111053
 10
282.32075333333336
 20
161.30041277111047
 10
282.3098833333333
 20
162.5671777711105
 10
282.2948333333334
 20
163.83390277111062
 10
282.27494333333334
 20
165.10055777111063
 10
282.2494233333333
 20
166.3671127711106
 10
282.2173233333333
 20
167.6335177711107
 10
282.1774983333333
 20
168.89970277111047
 10
282.12858333333327
 20
170.1655677711105
 10
282.06895833333334
 20
171.43097277111053
 10
281.99676833333336
 20
172.69572277111052
 10
281.9100033333333
 20
173.95955277111057
 10
281.80663833333335
 20
175.22213277111064
 10
281.6850233333333
 20
176.48308277111056
 10
281.5443633333333
 20
177.74205277111065
 10
281.38526333333334
 20
178.9988227711106
 10
281.2100283333333
 20
180.25345277111057
 10
281.0224083333333
 20
181.50628777111052
 10
280.8268483333333
 20
182.75791777111067
 10
280.62761333333333
 20
184.0089627711106
 10
280.42686833333335
 20
185.25977277111053
 10
280.22432833333335
 20
186.51028777111065
 10
280.0196033333333
 20
187.76045277111052
 10
279.8123633333333
 20
189.0101977711106
 10
279.6023033333333
 20
190.25947277111044
 10
279.3891683333333
 20
191.50822777111046
 10
279.1726933333333
 20
192.7564077711105
 10
278.9526333333333
 20
194.0039627711107
 10
278.7287433333333
 20
195.25083277111065
 10
278.5007583333333
 20
196.49696277111047
 10
278.3231590657587
 20
197.44890203076721
 10
278.3706263602366
 20
197.4518182482069
 10
279.3516841924168
 20
197.4879527478481
 10
280.3333333333333
 20
197.5
 10
281.3149824742498
 20
197.4879527478481
 10
282.29604030643003
 20
197.4518182482069
 10
283.27591587732
 20
197.39161826714763
 10
284.2540189465157
 20
197.307389066888
 10
285.2297603413019
 20
197.19918138394831
 10
286.2025523115478
 20
197.06706039859114
 10
286.69352951372207
 20
196.9880614978277
 97
0
 75
1
 76
1
 52
90.0
 41
0.6299212598425197
 77
0
 78
1
 53
135.0
 43
0.0
 44
0.0
 45
-1.4142135624
 46
-1.4142135624
 79
0
 98
0
  0
HATCH
  5
26B
330
17
100
AcDbEntity
  8
05-RAYADO
 62
7
100
AcDbHatch
 10
0.0
 20
0.0
 30
0.0
210
0.0
220
0.0
230
1.0
  2
SOLID
 70
1
 71
0
 91
1
 92
3
 72
0
 73
1
 93
50
 10
293.2702533333333
 20
156.49733277111068
 10
293.08199833333333
 20
155.5104827711105
 10
292.7715433333333
 20
154.5550027711107
 10
292.3437883333333
 20
153.64597277111045
 10
291.8054683333333
 20
152.7977177711105
 10
291.1650833333333
 20
152.02362277111064
 10
290.43272333333334
 20
151.3358927711107
 10
289.6199483333333
 20
150.7453777711106
 10
288.7395683333333
 20
150.26138277111045
 10
287.80546833333335
 20
149.89154777111054
 10
286.83238333333327
 20
149.64170277111066
 10
285.8356583333333
 20
149.51578777111052
 10
284.83100833333333
 20
149.51578777111052
 10
283.83428333333336
 20
149.64170277111066
 10
282.8611983333333
 20
149.89154777111054
 10
281.92709833333333
 20
150.26138277111045
 10
281.04671833333333
 20
150.7453777711106
 10
280.2339433333333
 20
151.3358927711107
 10
279.5015833333333
 20
152.02362277111064
 10
278.86119833333333
 20
152.7977177711105
 10
278.32287833333334
 20
153.64597277111045
 10
277.89512333333334
 20
154.5550027711107
 10
277.5846683333333
 20
155.5104827711105
 10
277.3964133333333
 20
156.49733277111068
 10
277.33333333333337
 20
157.4999977711107
 10
277.3964133333333
 20
158.50266777111045
 10
277.5846683333333
 20
159.48951777111063
 10
277.89512333333334
 20
160.4449977711107
 10
278.32287833333334
 20
161.35402777111068
 10
278.86119833333333
 20
162.20228277111062
 10
279.5015833333333
 20
162.9763777711105
 10
280.2339433333333
 20
163.6641077711107
 10
281.04671833333333
 20
164.25462277111052
 10
281.92709833333333
 20
164.73861777111068
 10
282.8611983333333
 20
165.1084527711106
 10
283.83428333333336
 20
165.35829777111047
 10
284.83100833333333
 20
165.4842127711106
 10
285.8356583333333
 20
165.4842127711106
 10
286.83238333333327
 20
165.35829777111047
 10
287.80546833333335
 20
165.1084527711106
 10
288.7395683333333
 20
164.73861777111068
 10
289.6199483333333
 20
164.25462277111052
 10
290.43272333333334
 20
163.6641077711107
 10
291.1650833333333
 20
162.9763777711105
 10
291.8054683333333
 20
162.20228277111062
 10
292.3437883333333
 20
161.35402777111068
 10
292.7715433333333
 20
160.4449977711107
 10
293.08199833333333
 20
159.48951777111063
 10
293.2702533333333
 20
158.50266777111045
 10
293.33333333333326
 20
157.4999977711107
 97
0
 75
1
 76
1
 98
0
  0
LINE
  5
26C
330
17
100
AcDbEntity
  8
12-SOLDADURA
100
AcDbLine
 10
303.8333333333333
 20
175.50000000000006
 30
0.0
 11
291.8333333333333
 21
161.50000000000006
 31
0.0
  0
HATCH
  5
26D
330
17
100
AcDbEntity
  8
08-FINA
 62
7
100
AcDbHatch
 10
0.0
 20
0.0
 30
0.0
210
0.0
220
0.0
230
1.0
  2
SOLID
 70
1
 71
0
 91
1
 92
3
 72
0
 73
1
 93
3
 10
291.8333333333333
 20
161.50000000000006
 10
294.16533575488387
 20
163.45237412036798
 10
293.40607915251854
 20
164.10316549382392
 97
0
 75
1
 76
1
 98
0
  0
LINE
  5
26E
330
17
100
AcDbEntity
  8
12-SOLDADURA
100
AcDbLine
 10
303.8333333333333
 20
175.50000000000006
 30
0.0
 11
319.8333333333333
 21
175.50000000000006
 31
0.0
  0
LINE
  5
26F
330
17
100
AcDbEntity
  8
12-SOLDADURA
  6
ISO02-TRAZOS
100
AcDbLine
 10
303.8333333333333
 20
177.00000000000006
 30
0.0
 11
319.8333333333333
 21
177.00000000000006
 31
0.0
  0
LWPOLYLINE
  5
270
330
17
100
AcDbEntity
  8
12-SOLDADURA
100
AcDbPolyline
 90
3
 70
1
 10
308.8333333333333
 20
175.50000000000006
 10
308.8333333333333
 20
172.00000000000006
 10
312.3333333333333
 20
175.50000000000006
  0
CIRCLE
  5
271
330
17
100
AcDbEntity
  8
12-SOLDADURA
100
AcDbCircle
 10
303.8333333333333
 20
175.50000000000006
 30
0.0
 40
1.5
  0
LINE
  5
272
330
17
100
AcDbEntity
  8
12-SOLDADURA
100
AcDbLine
 10
319.8333333333333
 20
175.50000000000006
 30
0.0
 11
322.3333333333333
 21
178.00000000000006
 31
0.0
  0
LINE
  5
273
330
17
100
AcDbEntity
  8
12-SOLDADURA
100
AcDbLine
 10
319.8333333333333
 20
175.50000000000006
 30
0.0
 11
322.3333333333333
 21
173.00000000000006
 31
0.0
  0
TEXT
  5
274
330
17
100
AcDbEntity
  8
12-SOLDADURA
100
AcDbText
 10
323.3333333333333
 20
175.50000000000006
 30
0.0
 40
2.5
  1
131
  7
ISO3098
 11
323.3333333333333
 21
175.50000000000006
 31
0.0
100
AcDbText
 73
2
  0
TEXT
  5
275
330
17
100
AcDbEntity
  8
06-TEXTO
100
AcDbText
 10
260.3333333333333
 20
117.5
 30
0.0
 40
2.5
  1
e = 2
  7
ISO3098
 72
1
 11
260.3333333333333
 21
117.5
 31
0.0
100
AcDbText
 73
2
  0
CIRCLE
  5
276
330
17
100
AcDbEntity
  8
08-FINA
100
AcDbCircle
 10
280.3333333333333
 20
157.5
 30
0.0
 40
40.0
  0
TEXT
  5
277
330
17
100
AcDbEntity
  8
06-TEXTO
100
AcDbText
 10
280.3333333333333
 20
112.5
 30
0.0
 40
5.0
  1
C (5:1)
  7
ISO3098
 72
1
 11
280.3333333333333
 21
112.5
 31
0.0
100
AcDbText
 73
2
  0
TEXT
  5
278
330
17
100
AcDbEntity
  8
06-TEXTO
100
AcDbText
 10
280.3333333333333
 20
107.0
 30
0.0
 40
2.5
  1
Unión cúpula-cuerpo
  7
ISO3098
 72
1
 11
280.3333333333333
 21
107.0
 31
0.0
100
AcDbText
 73
2
  0
CIRCLE
  5
279
330
17
100
AcDbEntity
  8
08-FINA
100
AcDbCircle
 10
138.05
 20
72.15
 30
0.0
 40
11.25
  0
TEXT
  5
27A
330
17
100
AcDbEntity
  8
06-TEXTO
100
AcDbText
 10
121.8
 20
72.15
 30
0.0
 40
5.0
  1
D
  7
ISO3098
 72
1
 11
121.8
 21
72.15
 31
0.0
100
AcDbText
 73
2
  0
LWPOLYLINE
  5
27B
330
17
100
AcDbEntity
  8
01-VISIBLE
100
AcDbPolyline
 90
2
 70
0
 10
413.0
 20
134.4
 10
413.0
 20
200.87046962703405
  0
LWPOLYLINE
  5
27C
330
17
100
AcDbEntity
  8
01-VISIBLE
100
AcDbPolyline
 90
2
 70
0
 10
413.0
 20
134.4
 10
409.0
 20
134.4
  0
LWPOLYLINE
  5
27D
330
17
100
AcDbEntity
  8
01-VISIBLE
100
AcDbPolyline
 90
54
 70
0
 10
409.0
 20
134.4
 10
408.1125
 20
134.4
 10
407.225
 20
134.4
 10
406.3375
 20
134.4
 10
405.45
 20
134.4
 10
404.5625
 20
134.4
 10
403.675
 20
134.4
 10
402.7875
 20
134.4
 10
401.9
 20
134.4
 10
401.0125
 20
134.4
 10
400.125
 20
134.4
 10
399.2375
 20
134.4
 10
398.35
 20
134.4
 10
397.4625
 20
134.4
 10
396.575
 20
134.4
 10
395.6875
 20
134.4
 10
394.8
 20
134.4
 10
393.9125
 20
134.4
 10
393.025
 20
134.4
 10
392.1375
 20
134.4
 10
391.25
 20
134.4
 10
390.3625
 20
134.4
 10
389.475
 20
134.4
 10
388.5875
 20
134.4
 10
387.7
 20
134.4
 10
386.8125
 20
134.4
 10
385.92499999999995
 20
134.4
 10
385.0375
 20
134.4
 10
384.15
 20
134.4
 10
383.2625
 20
134.4
 10
382.375
 20
134.4
 10
381.4875
 20
134.4
 10
380.6
 20
134.4
 10
379.7125
 20
134.4
 10
378.825
 20
134.4
 10
377.9375
 20
134.4
 10
377.04999999999995
 20
134.4
 10
376.1625
 20
134.4
 10
375.275
 20
134.4
 10
374.3875
 20
134.4
 10
373.5
 20
134.4
 10
372.61249999999995
 20
134.4
 10
371.725
 20
134.4
 10
370.8375
 20
134.4
 10
369.95
 20
134.4
 10
369.0625
 20
134.4
 10
368.17499999999995
 20
134.4
 10
367.2875
 20
134.4
 10
366.4
 20
134.4
 10
365.5125
 20
134.4
 10
364.625
 20
134.4
 10
363.73749999999995
 20
134.4
 10
362.85
 20
134.4
 10
362.3820333795278
 20
134.4
  0
LWPOLYLINE
  5
27E
330
17
100
AcDbEntity
  8
01-VISIBLE
100
AcDbPolyline
 90
2
 70
0
 10
409.0
 20
134.4
 10
409.0
 20
201.7803880516089
  0
LWPOLYLINE
  5
27F
330
17
100
AcDbEntity
  8
01-VISIBLE
100
AcDbPolyline
 90
92
 70
0
 10
356.04577864974004
 20
155.52071713415322
 10
356.2839115532446
 20
155.56475212776792
 10
356.8742622401955
 20
155.67443622785365
 10
357.46451975322765
 20
155.78462063566917
 10
358.05468371528883
 20
155.8953050217515
 10
358.64475374996607
 20
156.0064890567373
 10
359.2347294814841
 20
156.11817241136526
 10
359.82461053470377
 20
156.23035475647862
 10
360.4143965351201
 20
156.34303576302773
 10
361.004087108861
 20
156.45621510207238
 10
361.59368188268513
 20
156.5698924447843
 10
362.18318048398055
 20
156.68406746244963
 10
362.77258254076264
 20
156.79873982647135
 10
363.3618876816729
 20
156.91390920837156
 10
363.9510955359768
 20
157.02957527979407
 10
364.5402057335622
 20
157.1457377125067
 10
365.1292179049377
 20
157.2623961784036
 10
365.71813168123083
 20
157.37955034950778
 10
366.3069466941864
 20
157.49719989797327
 10
366.89566257616457
 20
157.61534449608763
 10
367.48427896013936
 20
157.73398381627425
 10
368.07279547969665
 20
157.8531175310945
 10
368.6612117690328
 20
157.97274531325044
 10
369.2495274629523
 20
158.09286683558662
 10
369.83774219686666
 20
158.21348177109275
 10
370.4258556067923
 20
158.33458979290583
 10
371.01386732934884
 20
158.45619057431247
 10
371.6017770017571
 20
158.57828378875104
 10
372.1895842618378
 20
158.70086910981405
 10
372.77728874800954
 20
158.82394621125033
 10
373.36489009928675
 20
158.94751476696723
 10
373.9523879560246
 20
159.07157444750374
 10
374.53978196527976
 20
159.19612489480048
 10
375.12707177777605
 20
159.32116573690078
 10
375.71425704498176
 20
159.44669660185426
 10
376.30133741908816
 20
159.57271711781368
 10
376.888312553008
 20
159.69922691303782
 10
377.47518210037344
 20
159.826225615894
 10
378.06194571553436
 20
159.95371285486127
 10
378.64860305355666
 20
160.08168825853272
 10
379.23515377022045
 20
160.21015145561864
 10
379.8215975220183
 20
160.33910207494898
 10
380.40793396615334
 20
160.46853974547622
 10
380.9941627605375
 20
160.59846409627792
 10
381.58028356378975
 20
160.7288747565597
 10
382.1662960352345
 20
160.8597713556576
 10
382.7521998348992
 20
160.99115352304108
 10
383.3379946235133
 20
161.12302088831538
 10
383.9236800625056
 20
161.25537308122435
 10
384.5092558140033
 20
161.3882097316531
 10
385.0947215408294
 20
161.52153046963045
 10
385.68007690650137
 20
161.6553349253318
 10
386.2653215752291
 20
161.7896227290815
 10
386.8504552119129
 20
161.9243935113555
 10
387.4354774821422
 20
162.0596469027841
 10
388.02038805219297
 20
162.19538253415416
 10
388.6051865890265
 20
162.331600036412
 10
389.18987276028713
 20
162.46829904066573
 10
389.7744462343006
 20
162.60547917818784
 10
390.358906680072
 20
162.7431400804177
 10
390.94325376728403
 20
162.88128137896405
 10
391.5274871662389
 20
163.01990270584434
 10
392.1116065464478
 20
163.1590036993957
 10
392.69561157650764
 20
163.2985840047018
 10
393.27950192557137
 20
163.4386432673618
 10
393.8632772634212
 20
163.57918113317285
 10
394.4469372604675
 20
163.72019724813248
 10
395.03048158774607
 20
163.86169125844071
 10
395.613909916917
 20
164.00366281050242
 10
396.1972219202621
 20
164.1461115509294
 10
396.7804172706834
 20
164.28903712654272
 10
397.3634956417011
 20
164.4324391843748
 10
397.9464567074516
 20
164.57631737167165
 10
398.52930014268543
 20
164.720671335895
 10
399.112025622766
 20
164.8655007247245
 10
399.6946328236667
 20
165.0108051860599
 10
400.27712142196964
 20
165.15658436802312
 10
400.8594910948634
 20
165.30283791896028
 10
401.44174152014136
 20
165.4495654874441
 10
402.0238723761994
 20
165.59676672227573
 10
402.60588334203425
 20
165.74444127248694
 10
403.1877740972414
 20
165.89258878734225
 10
403.7695443220131
 20
166.0412089163409
 10
404.3511936971365
 20
166.19030130921905
 10
404.9327219039918
 20
166.3398656159516
 10
405.51412862455
 20
166.48990148675443
 10
406.09541354137104
 20
166.64040857208641
 10
406.676576337602
 20
166.7913865226513
 10
407.25761669697494
 20
166.94283498939976
 10
407.83853430380486
 20
167.0947536235315
 10
408.4193288429882
 20
167.24714207649708
 10
409.0
 20
167.4
  0
LWPOLYLINE
  5
280
330
17
100
AcDbEntity
  8
01-VISIBLE
100
AcDbPolyline
 90
2
 70
0
 10
409.0
 20
167.4
 10
409.0
 20
171.4
  0
LWPOLYLINE
  5
281
330
17
100
AcDbEntity
  8
01-VISIBLE
100
AcDbPolyline
 90
92
 70
0
 10
409.0
 20
171.4
 10
408.41932884298814
 20
171.24714207649708
 10
407.83853430380486
 20
171.0947536235315
 10
407.2576166969749
 20
170.94283498939976
 10
406.676576337602
 20
170.7913865226513
 10
406.09541354137104
 20
170.64040857208641
 10
405.51412862455
 20
170.48990148675446
 10
404.9327219039918
 20
170.3398656159516
 10
404.3511936971365
 20
170.19030130921905
 10
403.7695443220131
 20
170.0412089163409
 10
403.18777409724134
 20
169.89258878734225
 10
402.6058833420342
 20
169.74444127248694
 10
402.0238723761994
 20
169.5967667222757
 10
401.44174152014136
 20
169.4495654874441
 10
400.8594910948634
 20
169.30283791896028
 10
400.2771214219696
 20
169.15658436802312
 10
399.69463282366667
 20
169.0108051860599
 10
399.112025622766
 20
168.8655007247245
 10
398.52930014268543
 20
168.720671335895
 10
397.94645670745155
 20
168.57631737167165
 10
397.3634956417011
 20
168.4324391843748
 10
396.7804172706834
 20
168.28903712654272
 10
396.1972219202621
 20
168.14611155092942
 10
395.613909916917
 20
168.00366281050242
 10
395.03048158774607
 20
167.86169125844071
 10
394.44693726046745
 20
167.72019724813248
 10
393.8632772634212
 20
167.57918113317288
 10
393.2795019255713
 20
167.4386432673618
 10
392.69561157650764
 20
167.29858400470184
 10
392.1116065464478
 20
167.15900369939573
 10
391.52748716623887
 20
167.01990270584434
 10
390.9432537672841
 20
166.88128137896408
 10
390.358906680072
 20
166.7431400804177
 10
389.7744462343006
 20
166.60547917818784
 10
389.1898727602872
 20
166.46829904066573
 10
388.6051865890265
 20
166.331600036412
 10
388.02038805219297
 20
166.19538253415416
 10
387.4354774821422
 20
166.0596469027841
 10
386.85045521191296
 20
165.92439351135553
 10
386.2653215752291
 20
165.7896227290815
 10
385.6800769065014
 20
165.6553349253318
 10
385.0947215408294
 20
165.52153046963045
 10
384.50925581400327
 20
165.3882097316531
 10
383.92368006250564
 20
165.25537308122438
 10
383.3379946235133
 20
165.12302088831538
 10
382.7521998348992
 20
164.99115352304108
 10
382.1662960352345
 20
164.85977135565764
 10
381.58028356378975
 20
164.7288747565597
 10
380.9941627605375
 20
164.59846409627792
 10
380.40793396615334
 20
164.46853974547622
 10
379.82159752201835
 20
164.339102074949
 10
379.23515377022045
 20
164.21015145561864
 10
378.64860305355666
 20
164.08168825853272
 10
378.0619457155343
 20
163.95371285486127
 10
377.47518210037344
 20
163.826225615894
 10
376.888312553008
 20
163.69922691303782
 10
376.3013374190882
 20
163.5727171178137
 10
375.71425704498176
 20
163.44669660185426
 10
375.1270717777761
 20
163.32116573690078
 10
374.53978196527976
 20
163.19612489480048
 10
373.9523879560246
 20
163.07157444750374
 10
373.36489009928675
 20
162.94751476696723
 10
372.7772887480095
 20
162.82394621125033
 10
372.1895842618378
 20
162.70086910981405
 10
371.6017770017571
 20
162.57828378875104
 10
371.01386732934884
 20
162.45619057431247
 10
370.4258556067923
 20
162.33458979290586
 10
369.83774219686666
 20
162.21348177109275
 10
369.2495274629523
 20
162.09286683558662
 10
368.6612117690328
 20
161.97274531325044
 10
368.07279547969665
 20
161.85311753109454
 10
367.48427896013936
 20
161.73398381627425
 10
366.89566257616457
 20
161.61534449608766
 10
366.3069466941864
 20
161.49719989797327
 10
365.71813168123083
 20
161.37955034950778
 10
365.1292179049377
 20
161.26239617840363
 10
364.5402057335622
 20
161.1457377125067
 10
363.9510955359768
 20
161.0295752797941
 10
363.3618876816729
 20
160.91390920837156
 10
362.77258254076264
 20
160.79873982647135
 10
362.18318048398055
 20
160.68406746244966
 10
361.59368188268513
 20
160.5698924447843
 10
361.004087108861
 20
160.45621510207238
 10
360.4143965351201
 20
160.34303576302776
 10
359.82461053470377
 20
160.23035475647865
 10
359.2347294814841
 20
160.11817241136526
 10
358.64475374996607
 20
160.00648905673734
 10
358.05468371528883
 20
159.89530502175154
 10
357.46451975322765
 20
159.78462063566917
 10
356.87426224019543
 20
159.67443622785368
 10
356.2839115532446
 20
159.56475212776795
 10
356.04731522973765
 20
159.52100127502325
  0
LWPOLYLINE
  5
282
330
17
100
AcDbEntity
  8
01-VISIBLE
100
AcDbPolyline
 90
26
 70
0
 10
412.2
 20
171.4
 10
412.19368553097047
 20
171.6009296624938
 10
412.1747670442063
 20
171.80106634740577
 10
412.1433192023318
 20
171.9996202066743
 10
412.0994661156116
 20
172.19580763892753
 10
412.0433808521445
 20
172.38885438199983
 10
411.9752847548424
 20
172.57799856859097
 10
411.89544656789127
 20
172.76249373300823
 10
411.8041813761404
 20
172.9416117571255
 10
411.70184936160643
 20
173.11464574393278
 10
411.5888543819998
 20
173.2809128073359
 10
411.46564237688256
 20
173.4397567671958
 10
411.3326996077485
 20
173.5905507389718
 10
411.1905507389718
 20
173.73269960774851
 10
411.0397567671958
 20
173.86564237688253
 10
410.8809128073359
 20
173.98885438199983
 10
410.7146457439328
 20
174.10184936160644
 10
410.54161175712545
 20
174.20418137614035
 10
410.36249373300825
 20
174.29544656789128
 10
410.17799856859097
 20
174.3752847548424
 10
409.98885438199983
 20
174.4433808521445
 10
409.7958076389275
 20
174.49946611561163
 10
409.59962020667433
 20
174.54331920233182
 10
409.4010663474058
 20
174.57476704420634
 10
409.20092966249376
 20
174.59368553097048
 10
409.0
 20
174.6
  0
LWPOLYLINE
  5
283
330
17
100
AcDbEntity
  8
01-VISIBLE
100
AcDbPolyline
 90
51
 70
0
 10
409.0
 20
174.6
 10
408.79907033750624
 20
174.59368553097048
 10
408.5989336525942
 20
174.57476704420634
 10
408.40037979332567
 20
174.54331920233182
 10
408.2041923610725
 20
174.49946611561163
 10
408.01114561800017
 20
174.4433808521445
 10
407.82200143140903
 20
174.3752847548424
 10
407.63750626699175
 20
174.29544656789128
 10
407.45838824287455
 20
174.20418137614035
 10
407.2853542560672
 20
174.10184936160644
 10
407.1190871926641
 20
173.98885438199983
 10
406.9602432328042
 20
173.86564237688253
 10
406.8094492610282
 20
173.73269960774851
 10
406.6673003922515
 20
173.5905507389718
 10
406.53435762311744
 20
173.4397567671958
 10
406.4111456180002
 20
173.2809128073359
 10
406.29815063839357
 20
173.11464574393278
 10
406.1958186238596
 20
172.9416117571255
 10
406.10455343210873
 20
172.76249373300823
 10
406.0247152451576
 20
172.57799856859097
 10
405.9566191478555
 20
172.38885438199983
 10
405.9005338843884
 20
172.19580763892753
 10
405.8566807976682
 20
171.9996202066743
 10
405.8252329557937
 20
171.80106634740577
 10
405.80631446902953
 20
171.6009296624938
 10
405.8
 20
171.4
 10
405.80631446902953
 20
171.19907033750619
 10
405.8252329557937
 20
170.99893365259422
 10
405.8566807976682
 20
170.80037979332567
 10
405.9005338843884
 20
170.60419236107248
 10
405.9566191478555
 20
170.41114561800018
 10
406.0247152451576
 20
170.22200143140904
 10
406.10455343210873
 20
170.03750626699178
 10
406.1958186238596
 20
169.85838824287453
 10
406.29815063839357
 20
169.6853542560672
 10
406.4111456180002
 20
169.5190871926641
 10
406.53435762311744
 20
169.3602432328042
 10
406.6673003922515
 20
169.2094492610282
 10
406.8094492610282
 20
169.0673003922515
 10
406.9602432328042
 20
168.93435762311748
 10
407.1190871926641
 20
168.81114561800018
 10
407.2853542560672
 20
168.69815063839354
 10
407.45838824287455
 20
168.59581862385963
 10
407.63750626699175
 20
168.50455343210874
 10
407.82200143140903
 20
168.42471524515759
 10
408.01114561800017
 20
168.3566191478555
 10
408.2041923610725
 20
168.3005338843884
 10
408.40037979332567
 20
168.2566807976682
 10
408.59893365259427
 20
168.22523295579367
 10
408.79907033750624
 20
168.20631446902954
 10
409.0
 20
168.2
  0
LWPOLYLINE
  5
284
330
17
100
AcDbEntity
  8
01-VISIBLE
100
AcDbPolyline
 90
26
 70
0
 10
409.0
 20
168.2
 10
409.20092966249376
 20
168.20631446902954
 10
409.4010663474058
 20
168.22523295579367
 10
409.59962020667433
 20
168.2566807976682
 10
409.7958076389275
 20
168.3005338843884
 10
409.98885438199983
 20
168.3566191478555
 10
410.17799856859097
 20
168.42471524515759
 10
410.36249373300825
 20
168.50455343210874
 10
410.54161175712545
 20
168.59581862385963
 10
410.7146457439328
 20
168.69815063839354
 10
410.8809128073359
 20
168.81114561800018
 10
411.0397567671958
 20
168.93435762311748
 10
411.1905507389718
 20
169.0673003922515
 10
411.3326996077485
 20
169.2094492610282
 10
411.46564237688256
 20
169.3602432328042
 10
411.5888543819998
 20
169.51908719266407
 10
411.70184936160643
 20
169.6853542560672
 10
411.8041813761404
 20
169.85838824287453
 10
411.89544656789127
 20
170.03750626699176
 10
411.9752847548424
 20
170.22200143140904
 10
412.0433808521445
 20
170.41114561800018
 10
412.0994661156116
 20
170.60419236107248
 10
412.1433192023318
 20
170.80037979332567
 10
412.1747670442063
 20
170.99893365259422
 10
412.19368553097047
 20
171.19907033750619
 10
412.2
 20
171.4
  0
LWPOLYLINE
  5
285
330
17
100
AcDbEntity
  8
01-VISIBLE
100
AcDbPolyline
 90
57
 70
0
 10
409.0
 20
174.6
 10
408.11304489199574
 20
174.6
 10
407.2255646792994
 20
174.6
 10
406.3381405665407
 20
174.6
 10
405.4506904535713
 20
174.6
 10
404.5632236655499
 20
174.6
 10
403.6757449868012
 20
174.6
 10
402.7882572603382
 20
174.6
 10
401.90076233904256
 20
174.6
 10
401.0132615102235
 20
174.6
 10
400.1257557113372
 20
174.6
 10
399.238245650188
 20
174.6
 10
398.3507318767236
 20
174.6
 10
397.4632148283138
 20
174.6
 10
396.57569485957595
 20
174.6
 10
395.68817226275434
 20
174.6
 10
394.8006472820618
 20
174.6
 10
393.91312012404103
 20
174.6
 10
393.02559096522145
 20
174.6
 10
392.1380599578657
 20
174.6
 10
391.2505272344034
 20
174.6
 10
390.3629929108481
 20
174.6
 10
389.47545708950383
 20
174.6
 10
388.5879198611218
 20
174.6
 10
387.70038130663846
 20
174.6
 10
386.8128414985913
 20
174.6
 10
385.92530050228174
 20
174.6
 10
385.0377583767395
 20
174.6
 10
384.15021517552634
 20
174.6
 10
383.26267094741297
 20
174.6
 10
382.3751257369514
 20
174.6
 10
381.487579584963
 20
174.6
 10
380.6000325289458
 20
174.6
 10
379.7125
 20
174.6
 10
378.825
 20
174.6
 10
377.9375
 20
174.6
 10
377.05
 20
174.6
 10
376.1625
 20
174.6
 10
375.275
 20
174.6
 10
374.3875
 20
174.6
 10
373.5
 20
174.6
 10
372.6125
 20
174.6
 10
371.725
 20
174.6
 10
370.8375
 20
174.6
 10
369.95
 20
174.6
 10
369.0625
 20
174.6
 10
368.175
 20
174.6
 10
367.2875
 20
174.6
 10
366.4
 20
174.6
 10
365.5125
 20
174.6
 10
364.625
 20
174.6
 10
363.7375
 20
174.6
 10
362.85
 20
174.6
 10
361.9625
 20
174.6
 10
361.075
 20
174.6
 10
360.1875
 20
174.6
 10
359.3771303398589
 20
174.6
  0
HATCH
  5
286
330
17
100
AcDbEntity
  8
05-RAYADO
 62
7
100
AcDbHatch
 10
0.0
 20
0.0
 30
0.0
210
0.0
220
0.0
230
1.0
  2
ANSI31
 70
0
 71
0
 91
1
 92
3
 72
0
 73
1
 93
7
 10
413.0
 20
134.4
 10
409.0
 20
134.4
 10
409.0
 20
201.7803880516089
 10
409.7790644907258
 20
201.63533761814537
 10
410.8595558070591
 20
201.40659585173378
 10
411.9341080956469
 20
201.15140639375448
 10
413.0
 20
200.87046962703405
 97
0
 75
1
 76
1
 52
0.0
 41
0.6299212598425197
 77
0
 78
1
 53
45.0
 43
0.0
 44
0.0
 45
-1.4142135624
 46
1.4142135624
 79
0
 98
0
  0
HATCH
  5
287
330
17
100
AcDbEntity
  8
05-RAYADO
 62
7
100
AcDbHatch
 10
0.0
 20
0.0
 30
0.0
210
0.0
220
0.0
230
1.0
  2
ANSI31
 70
0
 71
0
 91
1
 92
3
 72
0
 73
1
 93
247
 10
408.56596
 20
167.285694
 10
408.13185
 20
167.171652
 10
407.697674
 20
167.05787
 10
407.263426
 20
166.944352
 10
406.829112
 20
166.831096
 10
406.394728
 20
166.718104
 10
405.960276
 20
166.605374
 10
405.525756
 20
166.492908
 10
405.09116800000004
 20
166.380704
 10
404.656512
 20
166.268764
 10
404.221788
 20
166.157088
 10
403.786996
 20
166.045674
 10
403.352136
 20
165.934526
 10
402.91721
 20
165.823642
 10
402.482216
 20
165.71302
 10
402.047156
 20
165.602664
 10
401.612028
 20
165.492572
 10
401.176832
 20
165.382746
 10
400.74157
 20
165.27318400000001
 10
400.306242
 20
165.163886
 10
399.870848
 20
165.054854
 10
399.435388
 20
164.946086
 10
398.99986
 20
164.837584
 10
398.56426799999997
 20
164.72934800000002
 10
398.128608
 20
164.621376
 10
397.692884
 20
164.513672
 10
397.257092
 20
164.406232
 10
396.821236
 20
164.29906
 10
396.385316
 20
164.192152
 10
395.94932800000004
 20
164.085512
 10
395.513276
 20
163.979138
 10
395.07716
 20
163.873032
 10
394.640978
 20
163.76719
 10
394.20473200000004
 20
163.661618
 10
393.768422
 20
163.556312
 10
393.332046
 20
163.45127200000002
 10
392.895606
 20
163.3465
 10
392.459104
 20
163.241996
 10
392.022536
 20
163.13776000000001
 10
391.585904
 20
163.033792
 10
391.14921000000004
 20
162.93009
 10
390.71245
 20
162.826658
 10
390.275628
 20
162.72349400000002
 10
389.838742
 20
162.620598
 10
389.401794
 20
162.51797200000001
 10
388.964782
 20
162.415612
 10
388.52770799999996
 20
162.313524
 10
388.09057
 20
162.211704
 10
387.65337
 20
162.110152
 10
387.21610799999996
 20
162.00887
 10
386.778782
 20
161.907858
 10
386.34139600000003
 20
161.807116
 10
385.903946
 20
161.706642
 10
385.466436
 20
161.60644
 10
385.028862
 20
161.506508
 10
384.591228
 20
161.406846
 10
384.15353200000004
 20
161.307454
 10
383.715774
 20
161.208332
 10
383.277956
 20
161.109482
 10
382.840076
 20
161.010902
 10
382.40213600000004
 20
160.912594
 10
381.964134
 20
160.814558
 10
381.526072
 20
160.716792
 10
381.08795
 20
160.61929800000001
 10
380.649766
 20
160.522074
 10
380.211524
 20
160.425124
 10
379.77322000000004
 20
160.328446
 10
379.334856
 20
160.232038
 10
378.896434
 20
160.135904
 10
378.457952
 20
160.040042
 10
378.019408
 20
159.944454
 10
377.580808
 20
159.849138
 10
377.142146
 20
159.754094
 10
376.70342600000004
 20
159.659324
 10
376.26464799999997
 20
159.564826
 10
375.82581
 20
159.470602
 10
375.386914
 20
159.376652
 10
374.94795999999997
 20
159.282976
 10
374.50894600000004
 20
159.189574
 10
374.069876
 20
159.09644600000001
 10
373.630746
 20
159.00359
 10
373.191558
 20
158.91101
 10
372.752314
 20
158.818706
 10
372.31300999999996
 20
158.726674
 10
371.87365
 20
158.634918
 10
371.434234
 20
158.543438
 10
370.994758
 20
158.45223000000001
 10
370.555226
 20
158.3613
 10
370.115638
 20
158.270644
 10
369.675994
 20
158.180264
 10
369.236292
 20
158.090158
 10
368.796534
 20
158.00033
 10
368.356718
 20
157.910776
 10
367.91684799999996
 20
157.821498
 10
367.476922
 20
157.732498
 10
367.03693999999996
 20
157.643772
 10
366.596902
 20
157.555324
 10
366.156808
 20
157.467152
 10
365.71666
 20
157.379256
 10
365.276456
 20
157.291638
 10
364.836196
 20
157.204296
 10
364.39588200000003
 20
157.117232
 10
363.955514
 20
157.030444
 10
363.515092
 20
156.943934
 10
363.074614
 20
156.85770200000002
 10
362.63408200000003
 20
156.771748
 10
362.193496
 20
156.68607
 10
361.752856
 20
156.60067
 10
361.312162
 20
156.51555
 10
360.871416
 20
156.430706
 10
360.430614
 20
156.346142
 10
359.98976
 20
156.261856
 10
359.548852
 20
156.177848
 10
359.107892
 20
156.094118
 10
358.66688
 20
156.010668
 10
358.225814
 20
155.927496
 10
357.784696
 20
155.844604
 10
357.343524
 20
155.761992
 10
356.902302
 20
155.67965800000002
 10
356.461026
 20
155.597604
 10
356.0457806610269
 20
155.52066252737163
 10
356.0135531586708
 20
156.39564471646895
 10
356.0
 20
157.5
 10
356.0135531586708
 20
158.60435528353105
 10
356.0473132121146
 20
159.52094649621245
 10
356.461026
 20
159.597604
 10
356.902302
 20
159.67965800000002
 10
357.343524
 20
159.761992
 10
357.784696
 20
159.844604
 10
358.225814
 20
159.927496
 10
358.66688
 20
160.010668
 10
359.107892
 20
160.094118
 10
359.548852
 20
160.177848
 10
359.98976
 20
160.261856
 10
360.430614
 20
160.346142
 10
360.871416
 20
160.430706
 10
361.312162
 20
160.51555
 10
361.752856
 20
160.60067
 10
362.193496
 20
160.68607
 10
362.63408200000003
 20
160.771748
 10
363.074614
 20
160.85770200000002
 10
363.515092
 20
160.943934
 10
363.955514
 20
161.030444
 10
364.39588200000003
 20
161.117232
 10
364.836196
 20
161.204296
 10
365.276456
 20
161.291638
 10
365.71666
 20
161.379256
 10
366.156808
 20
161.467152
 10
366.596902
 20
161.555324
 10
367.03693999999996
 20
161.643772
 10
367.476922
 20
161.732498
 10
367.91684799999996
 20
161.821498
 10
368.356718
 20
161.910776
 10
368.796534
 20
162.00033
 10
369.236292
 20
162.090158
 10
369.675994
 20
162.180264
 10
370.115638
 20
162.270644
 10
370.555226
 20
162.3613
 10
370.994758
 20
162.45223000000001
 10
371.434234
 20
162.543438
 10
371.87365
 20
162.634918
 10
372.31300999999996
 20
162.726674
 10
372.752314
 20
162.818706
 10
373.191558
 20
162.91101
 10
373.630746
 20
163.00359
 10
374.069876
 20
163.09644600000001
 10
374.50894600000004
 20
163.189574
 10
374.94795999999997
 20
163.282976
 10
375.386914
 20
163.376652
 10
375.82581
 20
163.470602
 10
376.26464799999997
 20
163.564826
 10
376.70342600000004
 20
163.659324
 10
377.142146
 20
163.754094
 10
377.580808
 20
163.849138
 10
378.019408
 20
163.944454
 10
378.457952
 20
164.040042
 10
378.896434
 20
164.135904
 10
379.334856
 20
164.232038
 10
379.77322000000004
 20
164.328446
 10
380.211524
 20
164.425124
 10
380.649766
 20
164.522074
 10
381.08795
 20
164.61929800000001
 10
381.526072
 20
164.716792
 10
381.964134
 20
164.814558
 10
382.40213600000004
 20
164.912594
 10
382.840076
 20
165.010902
 10
383.277956
 20
165.109482
 10
383.715774
 20
165.208332
 10
384.15353200000004
 20
165.307454
 10
384.591228
 20
165.406846
 10
385.028862
 20
165.506508
 10
385.466436
 20
165.60644
 10
385.903946
 20
165.706642
 10
386.34139600000003
 20
165.807116
 10
386.778782
 20
165.907858
 10
387.21610799999996
 20
166.00887
 10
387.65337
 20
166.110152
 10
388.09057
 20
166.211704
 10
388.52770799999996
 20
166.313524
 10
388.964782
 20
166.415612
 10
389.401794
 20
166.51797200000001
 10
389.838742
 20
166.620598
 10
390.275628
 20
166.723494
 10
390.71245
 20
166.826658
 10
391.14921000000004
 20
166.93009
 10
391.585904
 20
167.033792
 10
392.022536
 20
167.13776000000001
 10
392.459104
 20
167.241996
 10
392.895606
 20
167.3465
 10
393.332046
 20
167.451272
 10
393.768422
 20
167.556312
 10
394.20473200000004
 20
167.661618
 10
394.640978
 20
167.76719
 10
395.07716
 20
167.873032
 10
395.513276
 20
167.979138
 10
395.94932800000004
 20
168.085512
 10
396.385316
 20
168.192152
 10
396.821236
 20
168.29906
 10
397.257092
 20
168.406232
 10
397.692884
 20
168.513672
 10
398.128608
 20
168.621376
 10
398.56426799999997
 20
168.72934800000002
 10
398.99986
 20
168.837584
 10
399.435388
 20
168.946086
 10
399.870848
 20
169.054854
 10
400.306242
 20
169.163886
 10
400.74157
 20
169.27318400000001
 10
401.176832
 20
169.382746
 10
401.612028
 20
169.492572
 10
402.047156
 20
169.602664
 10
402.482216
 20
169.71302
 10
402.91721
 20
169.823642
 10
403.352136
 20
169.934526
 10
403.786996
 20
170.045674
 10
404.221788
 20
170.15708800000002
 10
404.656512
 20
170.268764
 10
405.09116800000004
 20
170.380704
 10
405.525756
 20
170.492908
 10
405.960276
 20
170.605374
 10
406.394728
 20
170.718104
 10
406.829112
 20
170.831096
 10
407.263426
 20
170.944352
 10
407.697674
 20
171.05787
 10
408.13185
 20
171.171652
 10
408.56596
 20
171.285694
 10
409.0
 20
171.4
 10
409.0
 20
167.4
 97
0
 75
1
 76
1
 52
90.0
 41
0.6299212598425197
 77
0
 78
1
 53
135.0
 43
0.0
 44
0.0
 45
-1.4142135624
 46
-1.4142135624
 79
0
 98
0
  0
HATCH
  5
288
330
17
100
AcDbEntity
  8
05-RAYADO
 62
7
100
AcDbHatch
 10
0.0
 20
0.0
 30
0.0
210
0.0
220
0.0
230
1.0
  2
SOLID
 70
1
 71
0
 91
1
 92
3
 72
0
 73
1
 93
50
 10
412.174768
 20
170.998934
 10
412.099466
 20
170.604192
 10
411.975284
 20
170.222002
 10
411.80418199999997
 20
169.858388
 10
411.58885399999997
 20
169.519088
 10
411.3327
 20
169.20945
 10
411.039756
 20
168.934358
 10
410.714646
 20
168.69815
 10
410.36249399999997
 20
168.504554
 10
409.988854
 20
168.35662
 10
409.59961999999996
 20
168.25668
 10
409.20092999999997
 20
168.206314
 10
408.79907000000003
 20
168.206314
 10
408.40038000000004
 20
168.25668
 10
408.011146
 20
168.35662
 10
407.63750600000003
 20
168.504554
 10
407.285354
 20
168.69815
 10
406.960244
 20
168.934358
 10
406.6673
 20
169.20945
 10
406.41114600000003
 20
169.519088
 10
406.19581800000003
 20
169.858388
 10
406.024716
 20
170.222002
 10
405.900534
 20
170.604192
 10
405.825232
 20
170.998934
 10
405.8
 20
171.4
 10
405.825232
 20
171.801066
 10
405.900534
 20
172.195808
 10
406.024716
 20
172.577998
 10
406.19581800000003
 20
172.941612
 10
406.41114600000003
 20
173.280912
 10
406.6673
 20
173.59055
 10
406.960244
 20
173.865642
 10
407.285354
 20
174.10185
 10
407.63750600000003
 20
174.295446
 10
408.011146
 20
174.44338
 10
408.40038000000004
 20
174.54332
 10
408.79907000000003
 20
174.593686
 10
409.20092999999997
 20
174.593686
 10
409.59961999999996
 20
174.54332
 10
409.988854
 20
174.44338
 10
410.36249399999997
 20
174.295446
 10
410.714646
 20
174.10185
 10
411.039756
 20
173.865642
 10
411.3327
 20
173.59055
 10
411.58885399999997
 20
173.280912
 10
411.80418199999997
 20
172.941612
 10
411.975284
 20
172.577998
 10
412.099466
 20
172.195808
 10
412.174768
 20
171.801066
 10
412.2
 20
171.4
 97
0
 75
1
 76
1
 98
0
  0
LINE
  5
289
330
17
100
AcDbEntity
  8
12-SOLDADURA
100
AcDbLine
 10
398.4
 20
186.0
 30
0.0
 11
408.4
 21
172.0
 31
0.0
  0
HATCH
  5
28A
330
17
100
AcDbEntity
  8
08-FINA
 62
7
100
AcDbHatch
 10
0.0
 20
0.0
 30
0.0
210
0.0
220
0.0
230
1.0
  2
SOLID
 70
1
 71
0
 91
1
 92
3
 72
0
 73
1
 93
3
 10
408.4
 20
172.0
 10
407.0631521544461
 20
174.73181951047977
 10
406.2494186832393
 20
174.15058131676065
 97
0
 75
1
 76
1
 98
0
  0
LINE
  5
28B
330
17
100
AcDbEntity
  8
12-SOLDADURA
100
AcDbLine
 10
398.4
 20
186.0
 30
0.0
 11
382.4
 21
186.0
 31
0.0
  0
LINE
  5
28C
330
17
100
AcDbEntity
  8
12-SOLDADURA
  6
ISO02-TRAZOS
100
AcDbLine
 10
398.4
 20
187.5
 30
0.0
 11
382.4
 21
187.5
 31
0.0
  0
LWPOLYLINE
  5
28D
330
17
100
AcDbEntity
  8
12-SOLDADURA
100
AcDbPolyline
 90
3
 70
1
 10
393.4
 20
186.0
 10
393.4
 20
182.5
 10
389.9
 20
186.0
  0
CIRCLE
  5
28E
330
17
100
AcDbEntity
  8
12-SOLDADURA
100
AcDbCircle
 10
398.4
 20
186.0
 30
0.0
 40
1.5
  0
LINE
  5
28F
330
17
100
AcDbEntity
  8
12-SOLDADURA
100
AcDbLine
 10
382.4
 20
186.0
 30
0.0
 11
379.9
 21
188.5
 31
0.0
  0
LINE
  5
290
330
17
100
AcDbEntity
  8
12-SOLDADURA
100
AcDbLine
 10
382.4
 20
186.0
 30
0.0
 11
379.9
 21
183.5
 31
0.0
  0
TEXT
  5
291
330
17
100
AcDbEntity
  8
12-SOLDADURA
100
AcDbText
 10
378.9
 20
186.0
 30
0.0
 40
2.5
  1
131
  7
ISO3098
 72
2
 11
378.9
 21
186.0
 31
0.0
100
AcDbText
 73
2
  0
CIRCLE
  5
292
330
17
100
AcDbEntity
  8
08-FINA
100
AcDbCircle
 10
401.0
 20
157.5
 30
0.0
 40
45.0
  0
TEXT
  5
293
330
17
100
AcDbEntity
  8
06-TEXTO
100
AcDbText
 10
401.0
 20
107.5
 30
0.0
 40
5.0
  1
D (2:1)
  7
ISO3098
 72
1
 11
401.0
 21
107.5
 31
0.0
100
AcDbText
 73
2
  0
TEXT
  5
294
330
17
100
AcDbEntity
  8
06-TEXTO
100
AcDbText
 10
401.0
 20
102.0
 30
0.0
 40
2.5
  1
Fondo y pollera
  7
ISO3098
 72
1
 11
401.0
 21
102.0
 31
0.0
100
AcDbText
 73
2
  0
LWPOLYLINE
  5
295
330
17
100
AcDbEntity
  8
02-OCULTA
100
AcDbPolyline
 90
33
 70
0
 10
513.6666666666667
 20
197.5
 10
514.1666666666667
 20
197.5
 10
514.6666666666667
 20
197.5
 10
515.1666666666667
 20
197.5
 10
515.6666666666667
 20
197.5
 10
516.1666666666667
 20
197.5
 10
516.6666666666667
 20
197.5
 10
517.1666666666667
 20
197.5
 10
517.6666666666667
 20
197.5
 10
518.1666666666667
 20
197.5
 10
518.6666666666667
 20
197.5
 10
519.1666666666667
 20
197.5
 10
519.6666666666667
 20
197.5
 10
520.1666666666667
 20
197.5
 10
520.6666666666667
 20
197.5
 10
521.1666666666667
 20
197.5
 10
521.6666666666667
 20
197.5
 10
522.1666666666667
 20
197.5
 10
522.6666666666667
 20
197.5
 10
523.1666666666667
 20
197.5
 10
523.6666666666667
 20
197.5
 10
524.1666666666667
 20
197.5
 10
524.6666666666667
 20
197.5
 10
525.1666666666667
 20
197.5
 10
525.6666666666667
 20
197.5
 10
526.1666666666667
 20
197.5
 10
526.6666666666667
 20
197.5
 10
527.1666666666667
 20
197.5
 10
527.6666666666667
 20
197.5
 10
528.1666666666667
 20
197.5
 10
528.6666666666667
 20
197.5
 10
529.1666666666667
 20
197.5
 10
529.6666666666667
 20
197.5
  0
LWPOLYLINE
  5
296
330
17
100
AcDbEntity
  8
02-OCULTA
100
AcDbPolyline
 90
45
 70
0
 10
532.6666666666667
 20
192.5
 10
532.1666666666667
 20
192.5
 10
531.6666666666667
 20
192.5
 10
531.1666666666667
 20
192.5
 10
530.6666666666667
 20
192.5
 10
530.1666666666667
 20
192.5
 10
529.6666666666667
 20
192.5
 10
529.1666666666667
 20
192.5
 10
528.6666666666667
 20
192.5
 10
528.1666666666667
 20
192.5
 10
527.6666666666667
 20
192.5
 10
527.1666666666667
 20
192.5
 10
526.6666666666667
 20
192.5
 10
526.1666666666667
 20
192.5
 10
525.6666666666667
 20
192.5
 10
525.1666666666667
 20
192.5
 10
524.6666666666667
 20
192.5
 10
524.1666666666667
 20
192.5
 10
523.6666666666667
 20
192.5
 10
523.1666666666667
 20
192.5
 10
522.6666666666667
 20
192.5
 10
522.1666666666667
 20
192.5
 10
521.6666666666667
 20
192.5
 10
521.1666666666667
 20
192.5
 10
520.6666666666667
 20
192.5
 10
520.1666666666667
 20
192.5
 10
519.6666666666667
 20
192.5
 10
519.1666666666667
 20
192.5
 10
518.6666666666667
 20
192.5
 10
518.1666666666667
 20
192.5
 10
517.6666666666667
 20
192.5
 10
517.1666666666667
 20
192.5
 10
516.6666666666667
 20
192.5
 10
516.1666666666667
 20
192.5
 10
515.6666666666667
 20
192.5
 10
515.1666666666667
 20
192.5
 10
514.6666666666667
 20
192.5
 10
514.1666666666667
 20
192.5
 10
513.6666666666667
 20
192.5
 10
513.1666666666667
 20
192.5
 10
512.6666666666667
 20
192.5
 10
512.1666666666667
 20
192.5
 10
511.66666666666674
 20
192.5
 10
511.16666666666674
 20
192.5
 10
510.66666666666674
 20
192.5
  0
LWPOLYLINE
  5
297
330
17
100
AcDbEntity
  8
02-OCULTA
100
AcDbPolyline
 90
2
 70
0
 10
532.6666666666667
 20
145.0
 10
532.6666666666667
 20
163.0
  0
LWPOLYLINE
  5
298
330
17
100
AcDbEntity
  8
02-OCULTA
100
AcDbPolyline
 90
45
 70
0
 10
532.6666666666667
 20
122.50000000000001
 10
532.1666666666667
 20
122.50000000000001
 10
531.6666666666667
 20
122.50000000000001
 10
531.1666666666667
 20
122.50000000000001
 10
530.6666666666667
 20
122.50000000000001
 10
530.1666666666667
 20
122.50000000000001
 10
529.6666666666667
 20
122.50000000000001
 10
529.1666666666667
 20
122.50000000000001
 10
528.6666666666667
 20
122.50000000000001
 10
528.1666666666667
 20
122.50000000000001
 10
527.6666666666667
 20
122.50000000000001
 10
527.1666666666667
 20
122.50000000000001
 10
526.6666666666667
 20
122.50000000000001
 10
526.1666666666667
 20
122.50000000000001
 10
525.6666666666667
 20
122.50000000000001
 10
525.1666666666667
 20
122.50000000000001
 10
524.6666666666667
 20
122.50000000000001
 10
524.1666666666667
 20
122.50000000000001
 10
523.6666666666667
 20
122.50000000000001
 10
523.1666666666667
 20
122.50000000000001
 10
522.6666666666667
 20
122.50000000000001
 10
522.1666666666667
 20
122.50000000000001
 10
521.6666666666667
 20
122.50000000000001
 10
521.1666666666667
 20
122.50000000000001
 10
520.6666666666667
 20
122.50000000000001
 10
520.1666666666667
 20
122.50000000000001
 10
519.6666666666667
 20
122.50000000000001
 10
519.1666666666667
 20
122.50000000000001
 10
518.6666666666667
 20
122.50000000000001
 10
518.1666666666667
 20
122.50000000000001
 10
517.6666666666667
 20
122.50000000000001
 10
517.1666666666667
 20
122.50000000000001
 10
516.6666666666667
 20
122.50000000000001
 10
516.1666666666667
 20
122.50000000000001
 10
515.6666666666667
 20
122.50000000000001
 10
515.1666666666667
 20
122.50000000000001
 10
514.6666666666667
 20
122.50000000000001
 10
514.1666666666667
 20
122.50000000000001
 10
513.6666666666667
 20
122.50000000000001
 10
513.1666666666667
 20
122.50000000000001
 10
512.6666666666667
 20
122.50000000000001
 10
512.1666666666667
 20
122.50000000000001
 10
511.66666666666674
 20
122.50000000000001
 10
511.16666666666674
 20
122.50000000000001
 10
510.66666666666674
 20
122.50000000000001
  0
LWPOLYLINE
  5
299
330
17
100
AcDbEntity
  8
02-OCULTA
100
AcDbPolyline
 90
33
 70
0
 10
529.6666666666667
 20
122.50000000000001
 10
529.1666666666667
 20
122.50000000000001
 10
528.6666666666667
 20
122.50000000000001
 10
528.1666666666667
 20
122.50000000000001
 10
527.6666666666667
 20
122.50000000000001
 10
527.1666666666667
 20
122.50000000000001
 10
526.6666666666667
 20
122.50000000000001
 10
526.1666666666667
 20
122.50000000000001
 10
525.6666666666667
 20
122.50000000000001
 10
525.1666666666667
 20
122.50000000000001
 10
524.6666666666667
 20
122.50000000000001
 10
524.1666666666667
 20
122.50000000000001
 10
523.6666666666667
 20
122.50000000000001
 10
523.1666666666667
 20
122.50000000000001
 10
522.6666666666667
 20
122.50000000000001
 10
522.1666666666667
 20
122.50000000000001
 10
521.6666666666667
 20
122.50000000000001
 10
521.1666666666667
 20
122.50000000000001
 10
520.6666666666667
 20
122.50000000000001
 10
520.1666666666667
 20
122.50000000000001
 10
519.6666666666667
 20
122.50000000000001
 10
519.1666666666667
 20
122.50000000000001
 10
518.6666666666667
 20
122.50000000000001
 10
518.1666666666667
 20
122.50000000000001
 10
517.6666666666667
 20
122.50000000000001
 10
517.1666666666667
 20
122.50000000000001
 10
516.6666666666667
 20
122.50000000000001
 10
516.1666666666667
 20
122.50000000000001
 10
515.6666666666667
 20
122.50000000000001
 10
515.1666666666667
 20
122.50000000000001
 10
514.6666666666667
 20
122.50000000000001
 10
514.1666666666667
 20
122.50000000000001
 10
513.6666666666667
 20
122.50000000000001
  0
LWPOLYLINE
  5
29A
330
17
100
AcDbEntity
  8
02-OCULTA
100
AcDbPolyline
 90
33
 70
0
 10
513.6666666666667
 20
122.50000000000001
 10
514.1666666666667
 20
122.50000000000001
 10
514.6666666666667
 20
122.50000000000001
 10
515.1666666666667
 20
122.50000000000001
 10
515.6666666666667
 20
122.50000000000001
 10
516.1666666666667
 20
122.50000000000001
 10
516.6666666666667
 20
122.50000000000001
 10
517.1666666666667
 20
122.50000000000001
 10
517.6666666666667
 20
122.50000000000001
 10
518.1666666666667
 20
122.50000000000001
 10
518.6666666666667
 20
122.50000000000001
 10
519.1666666666667
 20
122.50000000000001
 10
519.6666666666667
 20
122.50000000000001
 10
520.1666666666667
 20
122.50000000000001
 10
520.6666666666667
 20
122.50000000000001
 10
521.1666666666667
 20
122.50000000000001
 10
521.6666666666667
 20
122.50000000000001
 10
522.1666666666667
 20
122.50000000000001
 10
522.6666666666667
 20
122.50000000000001
 10
523.1666666666667
 20
122.50000000000001
 10
523.6666666666667
 20
122.50000000000001
 10
524.1666666666667
 20
122.50000000000001
 10
524.6666666666667
 20
122.50000000000001
 10
525.1666666666667
 20
122.50000000000001
 10
525.6666666666667
 20
122.50000000000001
 10
526.1666666666667
 20
122.50000000000001
 10
526.6666666666667
 20
122.50000000000001
 10
527.1666666666667
 20
122.50000000000001
 10
527.6666666666667
 20
122.50000000000001
 10
528.1666666666667
 20
122.50000000000001
 10
528.6666666666667
 20
122.50000000000001
 10
529.1666666666667
 20
122.50000000000001
 10
529.6666666666667
 20
122.50000000000001
  0
LWPOLYLINE
  5
29B
330
17
100
AcDbEntity
  8
02-OCULTA
100
AcDbPolyline
 90
33
 70
0
 10
529.6666666666667
 20
132.5
 10
529.1666666666667
 20
132.5
 10
528.6666666666667
 20
132.5
 10
528.1666666666667
 20
132.5
 10
527.6666666666667
 20
132.5
 10
527.1666666666667
 20
132.5
 10
526.6666666666667
 20
132.5
 10
526.1666666666667
 20
132.5
 10
525.6666666666667
 20
132.5
 10
525.1666666666667
 20
132.5
 10
524.6666666666667
 20
132.5
 10
524.1666666666667
 20
132.5
 10
523.6666666666667
 20
132.5
 10
523.1666666666667
 20
132.5
 10
522.6666666666667
 20
132.5
 10
522.1666666666667
 20
132.5
 10
521.6666666666667
 20
132.5
 10
521.1666666666667
 20
132.5
 10
520.6666666666667
 20
132.5
 10
520.1666666666667
 20
132.5
 10
519.6666666666667
 20
132.5
 10
519.1666666666667
 20
132.5
 10
518.6666666666667
 20
132.5
 10
518.1666666666667
 20
132.5
 10
517.6666666666667
 20
132.5
 10
517.1666666666667
 20
132.5
 10
516.6666666666667
 20
132.5
 10
516.1666666666667
 20
132.5
 10
515.6666666666667
 20
132.5
 10
515.1666666666667
 20
132.5
 10
514.6666666666667
 20
132.5
 10
514.1666666666667
 20
132.5
 10
513.6666666666667
 20
132.5
  0
LWPOLYLINE
  5
29C
330
17
100
AcDbEntity
  8
02-OCULTA
100
AcDbPolyline
 90
33
 70
0
 10
513.6666666666667
 20
132.5
 10
514.1666666666667
 20
132.5
 10
514.6666666666667
 20
132.5
 10
515.1666666666667
 20
132.5
 10
515.6666666666667
 20
132.5
 10
516.1666666666667
 20
132.5
 10
516.6666666666667
 20
132.5
 10
517.1666666666667
 20
132.5
 10
517.6666666666667
 20
132.5
 10
518.1666666666667
 20
132.5
 10
518.6666666666667
 20
132.5
 10
519.1666666666667
 20
132.5
 10
519.6666666666667
 20
132.5
 10
520.1666666666667
 20
132.5
 10
520.6666666666667
 20
132.5
 10
521.1666666666667
 20
132.5
 10
521.6666666666667
 20
132.5
 10
522.1666666666667
 20
132.5
 10
522.6666666666667
 20
132.5
 10
523.1666666666667
 20
132.5
 10
523.6666666666667
 20
132.5
 10
524.1666666666667
 20
132.5
 10
524.6666666666667
 20
132.5
 10
525.1666666666667
 20
132.5
 10
525.6666666666667
 20
132.5
 10
526.1666666666667
 20
132.5
 10
526.6666666666667
 20
132.5
 10
527.1666666666667
 20
132.5
 10
527.6666666666667
 20
132.5
 10
528.1666666666667
 20
132.5
 10
528.6666666666667
 20
132.5
 10
529.1666666666667
 20
132.5
 10
529.6666666666667
 20
132.5
  0
LWPOLYLINE
  5
29D
330
17
100
AcDbEntity
  8
02-OCULTA
100
AcDbPolyline
 90
2
 70
0
 10
529.6666666666667
 20
122.50000000000001
 10
529.6666666666667
 20
132.5
  0
LWPOLYLINE
  5
29E
330
17
100
AcDbEntity
  8
02-OCULTA
100
AcDbPolyline
 90
7
 70
0
 10
531.1239390006962
 20
145.0
 10
531.4143936116913
 20
145.0
 10
531.7048482226865
 20
145.0
 10
531.9953028336815
 20
145.0
 10
532.2857574446766
 20
145.0
 10
532.5762120556717
 20
145.0
 10
532.8666666666668
 20
145.0
  0
LWPOLYLINE
  5
29F
330
17
100
AcDbEntity
  8
02-OCULTA
100
AcDbPolyline
 90
7
 70
0
 10
532.8666666666668
 20
145.0
 10
532.5762120556717
 20
145.0
 10
532.2857574446766
 20
145.0
 10
531.9953028336815
 20
145.0
 10
531.7048482226865
 20
145.0
 10
531.4143936116913
 20
145.0
 10
531.1239390006962
 20
145.0
  0
LWPOLYLINE
  5
2A0
330
17
100
AcDbEntity
  8
02-OCULTA
100
AcDbPolyline
 90
2
 70
0
 10
531.1239390006963
 20
145.0
 10
531.1239390006963
 20
163.0
  0
LWPOLYLINE
  5
2A1
330
17
100
AcDbEntity
  8
02-OCULTA
100
AcDbPolyline
 90
7
 70
0
 10
531.1239390006962
 20
163.0
 10
531.4143936116913
 20
163.0
 10
531.7048482226865
 20
163.0
 10
531.9953028336815
 20
163.0
 10
532.2857574446766
 20
163.0
 10
532.5762120556717
 20
163.0
 10
532.8666666666668
 20
163.0
  0
LWPOLYLINE
  5
2A2
330
17
100
AcDbEntity
  8
02-OCULTA
100
AcDbPolyline
 90
7
 70
0
 10
532.8666666666668
 20
163.0
 10
532.5762120556717
 20
163.0
 10
532.2857574446766
 20
163.0
 10
531.9953028336815
 20
163.0
 10
531.7048482226865
 20
163.0
 10
531.4143936116913
 20
163.0
 10
531.1239390006962
 20
163.0
  0
LWPOLYLINE
  5
2A3
330
17
100
AcDbEntity
  8
02-OCULTA
100
AcDbPolyline
 90
2
 70
0
 10
531.1239390006962
 20
145.0
 10
535.3619954109395
 20
145.0
  0
LWPOLYLINE
  5
2A4
330
17
100
AcDbEntity
  8
02-OCULTA
100
AcDbPolyline
 90
2
 70
0
 10
535.3619954109396
 20
145.0
 10
535.3619954109396
 20
163.0
  0
LWPOLYLINE
  5
2A5
330
17
100
AcDbEntity
  8
02-OCULTA
100
AcDbPolyline
 90
2
 70
0
 10
531.1239390006962
 20
163.0
 10
535.3619954109395
 20
163.0
  0
LWPOLYLINE
  5
2A6
330
17
100
AcDbEntity
  8
02-OCULTA
100
AcDbPolyline
 90
63
 70
0
 10
566.32918618048
 20
163.0
 10
565.9124979832204
 20
163.0
 10
565.4116700721994
 20
163.0
 10
564.9108421611784
 20
163.0
 10
564.4100142501575
 20
163.0
 10
563.9091863391365
 20
163.0
 10
563.4083584281154
 20
163.0
 10
562.9075305170944
 20
163.0
 10
562.4067026060734
 20
163.0
 10
561.9058746950525
 20
163.0
 10
561.4050467840315
 20
163.0
 10
560.9042188730104
 20
163.0
 10
560.4033909619894
 20
163.0
 10
559.9025630509684
 20
163.0
 10
559.4017351399474
 20
163.0
 10
558.9009072289265
 20
163.0
 10
558.4000793179055
 20
163.0
 10
557.8992514068844
 20
163.0
 10
557.3984234958634
 20
163.0
 10
556.8975955848424
 20
163.0
 10
556.3967676738214
 20
163.0
 10
555.8959397628005
 20
163.0
 10
555.3951118517795
 20
163.0
 10
554.8942839407584
 20
163.0
 10
554.3934560297374
 20
163.0
 10
553.8926281187165
 20
163.0
 10
553.3918002076955
 20
163.0
 10
552.8909722966745
 20
163.0
 10
552.3901443856535
 20
163.0
 10
551.8893164746324
 20
163.0
 10
551.3884885636114
 20
163.0
 10
550.8876606525905
 20
163.0
 10
550.3868327415694
 20
163.0
 10
549.8860048305485
 20
163.0
 10
549.3851769195275
 20
163.0
 10
548.8843490085065
 20
163.0
 10
548.3835210974855
 20
163.0
 10
547.8826931864645
 20
163.0
 10
547.3818652754435
 20
163.0
 10
546.8810373644225
 20
163.0
 10
546.3802094534014
 20
163.0
 10
545.8793815423805
 20
163.0
 10
545.3785536313594
 20
163.0
 10
544.8777257203385
 20
163.0
 10
544.3768978093175
 20
163.0
 10
543.8760698982965
 20
163.0
 10
543.3752419872756
 20
163.0
 10
542.8744140762544
 20
163.0
 10
542.3735861652335
 20
163.0
 10
541.8727582542125
 20
163.0
 10
541.3719303431915
 20
163.0
 10
540.8711024321706
 20
163.0
 10
540.3702745211494
 20
163.0
 10
539.8694466101285
 20
163.0
 10
539.3686186991075
 20
163.0
 10
538.8677907880865
 20
163.0
 10
538.3669628770656
 20
163.0
 10
537.8661349660445
 20
163.0
 10
537.3653070550235
 20
163.0
 10
536.8644791440025
 20
163.0
 10
536.3636512329815
 20
163.0
 10
535.8628233219606
 20
163.0
 10
535.3619954109395
 20
163.0
  0
LWPOLYLINE
  5
2A7
330
17
100
AcDbEntity
  8
02-OCULTA
100
AcDbPolyline
 90
60
 70
0
 10
537.0656705459819
 20
163.0
 10
537.56678133856
 20
163.0
 10
538.067892131138
 20
163.0
 10
538.5690029237161
 20
163.0
 10
539.0701137162941
 20
163.0
 10
539.5712245088722
 20
163.0
 10
540.0723353014503
 20
163.0
 10
540.5734460940284
 20
163.0
 10
541.0745568866065
 20
163.0
 10
541.5756676791846
 20
163.0
 10
542.0767784717626
 20
163.0
 10
542.5778892643407
 20
163.0
 10
543.0790000569187
 20
163.0
 10
543.5801108494968
 20
163.0
 10
544.081221642075
 20
163.0
 10
544.582332434653
 20
163.0
 10
545.0834432272311
 20
163.0
 10
545.5845540198092
 20
163.0
 10
546.0856648123872
 20
163.0
 10
546.5867756049653
 20
163.0
 10
547.0878863975433
 20
163.0
 10
547.5889971901214
 20
163.0
 10
548.0901079826995
 20
163.0
 10
548.5912187752776
 20
163.0
 10
549.0923295678557
 20
163.0
 10
549.5934403604338
 20
163.0
 10
550.0945511530118
 20
163.0
 10
550.5956619455899
 20
163.0
 10
551.0967727381679
 20
163.0
 10
551.597883530746
 20
163.0
 10
552.0989943233241
 20
163.0
 10
552.6001051159022
 20
163.0
 10
553.1012159084803
 20
163.0
 10
553.6023267010584
 20
163.0
 10
554.1034374936364
 20
163.0
 10
554.6045482862145
 20
163.0
 10
555.1056590787925
 20
163.0
 10
555.6067698713706
 20
163.0
 10
556.1078806639487
 20
163.0
 10
556.6089914565268
 20
163.0
 10
557.1101022491049
 20
163.0
 10
557.611213041683
 20
163.0
 10
558.112323834261
 20
163.0
 10
558.6134346268391
 20
163.0
 10
559.1145454194171
 20
163.0
 10
559.6156562119952
 20
163.0
 10
560.1167670045733
 20
163.0
 10
560.6178777971514
 20
163.0
 10
561.1189885897295
 20
163.0
 10
561.6200993823076
 20
163.0
 10
562.1212101748856
 20
163.0
 10
562.6223209674637
 20
163.0
 10
563.1234317600417
 20
163.0
 10
563.6245425526198
 20
163.0
 10
564.1256533451979
 20
163.0
 10
564.626764137776
 20
163.0
 10
565.127874930354
 20
163.0
 10
565.6289857229322
 20
163.0
 10
566.1300965155102
 20
163.0
 10
566.32918618048
 20
163.0
  0
LWPOLYLINE
  5
2A8
330
17
100
AcDbEntity
  8
02-OCULTA
100
AcDbPolyline
 90
2
 70
0
 10
537.0656705459818
 20
163.0
 10
542.6666666666667
 20
163.0
  0
LWPOLYLINE
  5
2A9
330
17
100
AcDbEntity
  8
02-OCULTA
100
AcDbPolyline
 90
2
 70
0
 10
537.0656705459818
 20
163.0
 10
542.6666666666667
 20
163.0
  0
LWPOLYLINE
  5
2AA
330
17
100
AcDbEntity
  8
02-OCULTA
100
AcDbPolyline
 90
60
 70
0
 10
566.32918618048
 20
163.0
 10
566.1300965155102
 20
163.0
 10
565.6289857229322
 20
163.0
 10
565.1278749303541
 20
163.0
 10
564.6267641377759
 20
163.0
 10
564.1256533451979
 20
163.0
 10
563.6245425526198
 20
163.0
 10
563.1234317600417
 20
163.0
 10
562.6223209674637
 20
163.0
 10
562.1212101748856
 20
163.0
 10
561.6200993823076
 20
163.0
 10
561.1189885897295
 20
163.0
 10
560.6178777971514
 20
163.0
 10
560.1167670045733
 20
163.0
 10
559.6156562119952
 20
163.0
 10
559.1145454194171
 20
163.0
 10
558.6134346268391
 20
163.0
 10
558.112323834261
 20
163.0
 10
557.611213041683
 20
163.0
 10
557.1101022491049
 20
163.0
 10
556.6089914565268
 20
163.0
 10
556.1078806639487
 20
163.0
 10
555.6067698713706
 20
163.0
 10
555.1056590787925
 20
163.0
 10
554.6045482862145
 20
163.0
 10
554.1034374936364
 20
163.0
 10
553.6023267010584
 20
163.0
 10
553.1012159084803
 20
163.0
 10
552.6001051159022
 20
163.0
 10
552.0989943233242
 20
163.0
 10
551.597883530746
 20
163.0
 10
551.0967727381679
 20
163.0
 10
550.5956619455899
 20
163.0
 10
550.0945511530118
 20
163.0
 10
549.5934403604338
 20
163.0
 10
549.0923295678557
 20
163.0
 10
548.5912187752776
 20
163.0
 10
548.0901079826995
 20
163.0
 10
547.5889971901215
 20
163.0
 10
547.0878863975433
 20
163.0
 10
546.5867756049653
 20
163.0
 10
546.0856648123872
 20
163.0
 10
545.5845540198092
 20
163.0
 10
545.0834432272311
 20
163.0
 10
544.582332434653
 20
163.0
 10
544.081221642075
 20
163.0
 10
543.5801108494968
 20
163.0
 10
543.0790000569187
 20
163.0
 10
542.5778892643407
 20
163.0
 10
542.0767784717626
 20
163.0
 10
541.5756676791846
 20
163.0
 10
541.0745568866065
 20
163.0
 10
540.5734460940284
 20
163.0
 10
540.0723353014504
 20
163.0
 10
539.5712245088722
 20
163.0
 10
539.0701137162941
 20
163.0
 10
538.5690029237161
 20
163.0
 10
538.067892131138
 20
163.0
 10
537.56678133856
 20
163.0
 10
537.0656705459819
 20
163.0
  0
LWPOLYLINE
  5
2AB
330
17
100
AcDbEntity
  8
02-OCULTA
100
AcDbPolyline
 90
57
 70
0
 10
564.8921937883067
 20
145.0
 10
564.6267641377759
 20
145.0
 10
564.1256533451979
 20
145.0
 10
563.6245425526198
 20
145.0
 10
563.1234317600417
 20
145.0
 10
562.6223209674637
 20
145.0
 10
562.1212101748856
 20
145.0
 10
561.6200993823076
 20
145.0
 10
561.1189885897295
 20
145.0
 10
560.6178777971514
 20
145.0
 10
560.1167670045733
 20
145.0
 10
559.6156562119952
 20
145.0
 10
559.1145454194171
 20
145.0
 10
558.6134346268391
 20
145.0
 10
558.112323834261
 20
145.0
 10
557.611213041683
 20
145.0
 10
557.1101022491049
 20
145.0
 10
556.6089914565268
 20
145.0
 10
556.1078806639487
 20
145.0
 10
555.6067698713706
 20
145.0
 10
555.1056590787925
 20
145.0
 10
554.6045482862145
 20
145.0
 10
554.1034374936364
 20
145.0
 10
553.6023267010584
 20
145.0
 10
553.1012159084803
 20
145.0
 10
552.6001051159022
 20
145.0
 10
552.0989943233242
 20
145.0
 10
551.597883530746
 20
145.0
 10
551.0967727381679
 20
145.0
 10
550.5956619455899
 20
145.0
 10
550.0945511530118
 20
145.0
 10
549.5934403604338
 20
145.0
 10
549.0923295678557
 20
145.0
 10
548.5912187752776
 20
145.0
 10
548.0901079826995
 20
145.0
 10
547.5889971901215
 20
145.0
 10
547.0878863975433
 20
145.0
 10
546.5867756049653
 20
145.0
 10
546.0856648123872
 20
145.0
 10
545.5845540198092
 20
145.0
 10
545.0834432272311
 20
145.0
 10
544.582332434653
 20
145.0
 10
544.081221642075
 20
145.0
 10
543.5801108494968
 20
145.0
 10
543.0790000569187
 20
145.0
 10
542.5778892643407
 20
145.0
 10
542.0767784717626
 20
145.0
 10
541.5756676791846
 20
145.0
 10
541.0745568866065
 20
145.0
 10
540.5734460940284
 20
145.0
 10
540.0723353014504
 20
145.0
 10
539.5712245088722
 20
145.0
 10
539.0701137162941
 20
145.0
 10
538.5690029237161
 20
145.0
 10
538.067892131138
 20
145.0
 10
537.56678133856
 20
145.0
 10
537.0656705459819
 20
145.0
  0
LWPOLYLINE
  5
2AC
330
17
100
AcDbEntity
  8
02-OCULTA
100
AcDbPolyline
 90
2
 70
0
 10
537.0656705459819
 20
145.0
 10
537.0656705459819
 20
163.0
  0
LWPOLYLINE
  5
2AD
330
17
100
AcDbEntity
  8
02-OCULTA
100
AcDbPolyline
 90
2
 70
0
 10
537.0656705459818
 20
145.0
 10
542.6666666666667
 20
145.0
  0
LWPOLYLINE
  5
2AE
330
17
100
AcDbEntity
  8
02-OCULTA
100
AcDbPolyline
 90
2
 70
0
 10
542.6666666666667
 20
145.0
 10
542.6666666666667
 20
163.0
  0
LWPOLYLINE
  5
2AF
330
17
100
AcDbEntity
  8
02-OCULTA
100
AcDbPolyline
 90
2
 70
0
 10
542.6666666666667
 20
145.0
 10
542.6666666666667
 20
163.0
  0
LWPOLYLINE
  5
2B0
330
17
100
AcDbEntity
  8
02-OCULTA
100
AcDbPolyline
 90
2
 70
0
 10
537.0656705459818
 20
145.0
 10
542.6666666666667
 20
145.0
  0
LWPOLYLINE
  5
2B1
330
17
100
AcDbEntity
  8
02-OCULTA
100
AcDbPolyline
 90
2
 70
0
 10
537.0656705459819
 20
145.0
 10
537.0656705459819
 20
163.0
  0
LWPOLYLINE
  5
2B2
330
17
100
AcDbEntity
  8
02-OCULTA
100
AcDbPolyline
 90
57
 70
0
 10
537.0656705459819
 20
145.0
 10
537.56678133856
 20
145.0
 10
538.067892131138
 20
145.0
 10
538.5690029237161
 20
145.0
 10
539.0701137162941
 20
145.0
 10
539.5712245088722
 20
145.0
 10
540.0723353014503
 20
145.0
 10
540.5734460940284
 20
145.0
 10
541.0745568866065
 20
145.0
 10
541.5756676791846
 20
145.0
 10
542.0767784717626
 20
145.0
 10
542.5778892643407
 20
145.0
 10
543.0790000569187
 20
145.0
 10
543.5801108494968
 20
145.0
 10
544.081221642075
 20
145.0
 10
544.582332434653
 20
145.0
 10
545.0834432272311
 20
145.0
 10
545.5845540198092
 20
145.0
 10
546.0856648123872
 20
145.0
 10
546.5867756049653
 20
145.0
 10
547.0878863975433
 20
145.0
 10
547.5889971901214
 20
145.0
 10
548.0901079826995
 20
145.0
 10
548.5912187752776
 20
145.0
 10
549.0923295678557
 20
145.0
 10
549.5934403604338
 20
145.0
 10
550.0945511530118
 20
145.0
 10
550.5956619455899
 20
145.0
 10
551.0967727381679
 20
145.0
 10
551.597883530746
 20
145.0
 10
552.0989943233241
 20
145.0
 10
552.6001051159022
 20
145.0
 10
553.1012159084803
 20
145.0
 10
553.6023267010584
 20
145.0
 10
554.1034374936364
 20
145.0
 10
554.6045482862145
 20
145.0
 10
555.1056590787925
 20
145.0
 10
555.6067698713706
 20
145.0
 10
556.1078806639487
 20
145.0
 10
556.6089914565268
 20
145.0
 10
557.1101022491049
 20
145.0
 10
557.611213041683
 20
145.0
 10
558.112323834261
 20
145.0
 10
558.6134346268391
 20
145.0
 10
559.1145454194171
 20
145.0
 10
559.6156562119952
 20
145.0
 10
560.1167670045733
 20
145.0
 10
560.6178777971514
 20
145.0
 10
561.1189885897295
 20
145.0
 10
561.6200993823076
 20
145.0
 10
562.1212101748856
 20
145.0
 10
562.6223209674637
 20
145.0
 10
563.1234317600417
 20
145.0
 10
563.6245425526198
 20
145.0
 10
564.1256533451979
 20
145.0
 10
564.626764137776
 20
145.0
 10
564.8921937883067
 20
145.0
  0
LWPOLYLINE
  5
2B3
330
17
100
AcDbEntity
  8
02-OCULTA
100
AcDbPolyline
 90
60
 70
0
 10
564.8921937883067
 20
145.0
 10
564.4100142501575
 20
145.0
 10
563.9091863391365
 20
145.0
 10
563.4083584281154
 20
145.0
 10
562.9075305170944
 20
145.0
 10
562.4067026060734
 20
145.0
 10
561.9058746950525
 20
145.0
 10
561.4050467840315
 20
145.0
 10
560.9042188730104
 20
145.0
 10
560.4033909619894
 20
145.0
 10
559.9025630509684
 20
145.0
 10
559.4017351399474
 20
145.0
 10
558.9009072289265
 20
145.0
 10
558.4000793179055
 20
145.0
 10
557.8992514068844
 20
145.0
 10
557.3984234958634
 20
145.0
 10
556.8975955848424
 20
145.0
 10
556.3967676738214
 20
145.0
 10
555.8959397628005
 20
145.0
 10
555.3951118517795
 20
145.0
 10
554.8942839407584
 20
145.0
 10
554.3934560297374
 20
145.0
 10
553.8926281187165
 20
145.0
 10
553.3918002076955
 20
145.0
 10
552.8909722966745
 20
145.0
 10
552.3901443856535
 20
145.0
 10
551.8893164746324
 20
145.0
 10
551.3884885636114
 20
145.0
 10
550.8876606525905
 20
145.0
 10
550.3868327415694
 20
145.0
 10
549.8860048305485
 20
145.0
 10
549.3851769195275
 20
145.0
 10
548.8843490085065
 20
145.0
 10
548.3835210974855
 20
145.0
 10
547.8826931864645
 20
145.0
 10
547.3818652754435
 20
145.0
 10
546.8810373644225
 20
145.0
 10
546.3802094534014
 20
145.0
 10
545.8793815423805
 20
145.0
 10
545.3785536313594
 20
145.0
 10
544.8777257203385
 20
145.0
 10
544.3768978093175
 20
145.0
 10
543.8760698982965
 20
145.0
 10
543.3752419872756
 20
145.0
 10
542.8744140762544
 20
145.0
 10
542.3735861652335
 20
145.0
 10
541.8727582542125
 20
145.0
 10
541.3719303431915
 20
145.0
 10
540.8711024321706
 20
145.0
 10
540.3702745211494
 20
145.0
 10
539.8694466101285
 20
145.0
 10
539.3686186991075
 20
145.0
 10
538.8677907880865
 20
145.0
 10
538.3669628770656
 20
145.0
 10
537.8661349660445
 20
145.0
 10
537.3653070550235
 20
145.0
 10
536.8644791440025
 20
145.0
 10
536.3636512329815
 20
145.0
 10
535.8628233219606
 20
145.0
 10
535.3619954109395
 20
145.0
  0
LWPOLYLINE
  5
2B4
330
17
100
AcDbEntity
  8
02-OCULTA
100
AcDbPolyline
 90
2
 70
0
 10
536.6666666666667
 20
145.0
 10
536.6666666666667
 20
163.0
  0
LWPOLYLINE
  5
2B5
330
17
100
AcDbEntity
  8
02-OCULTA
100
AcDbPolyline
 90
2
 70
0
 10
538.6666666666667
 20
115.83713952000751
 10
538.6666666666667
 20
199.1628604799925
  0
LWPOLYLINE
  5
2B6
330
17
100
AcDbEntity
  8
02-OCULTA
100
AcDbPolyline
 90
2
 70
0
 10
513.6666666666667
 20
122.50000000000001
 10
513.6666666666667
 20
132.5
  0
LWPOLYLINE
  5
2B7
330
17
100
AcDbEntity
  8
02-OCULTA
100
AcDbPolyline
 90
2
 70
0
 10
532.8666666666668
 20
145.0
 10
532.8666666666668
 20
163.0
  0
LWPOLYLINE
  5
2B8
330
17
100
AcDbEntity
  8
01-VISIBLE
100
AcDbPolyline
 90
2
 70
0
 10
529.6666666666667
 20
201.7803880516089
 10
529.6666666666667
 20
197.5
  0
LWPOLYLINE
  5
2B9
330
17
100
AcDbEntity
  8
01-VISIBLE
100
AcDbPolyline
 90
33
 70
0
 10
529.6666666666667
 20
197.5
 10
529.1666666666667
 20
197.5
 10
528.6666666666667
 20
197.5
 10
528.1666666666667
 20
197.5
 10
527.6666666666667
 20
197.5
 10
527.1666666666667
 20
197.5
 10
526.6666666666667
 20
197.5
 10
526.1666666666667
 20
197.5
 10
525.6666666666667
 20
197.5
 10
525.1666666666667
 20
197.5
 10
524.6666666666667
 20
197.5
 10
524.1666666666667
 20
197.5
 10
523.6666666666667
 20
197.5
 10
523.1666666666667
 20
197.5
 10
522.6666666666667
 20
197.5
 10
522.1666666666667
 20
197.5
 10
521.6666666666667
 20
197.5
 10
521.1666666666667
 20
197.5
 10
520.6666666666667
 20
197.5
 10
520.1666666666667
 20
197.5
 10
519.6666666666667
 20
197.5
 10
519.1666666666667
 20
197.5
 10
518.6666666666667
 20
197.5
 10
518.1666666666667
 20
197.5
 10
517.6666666666667
 20
197.5
 10
517.1666666666667
 20
197.5
 10
516.6666666666667
 20
197.5
 10
516.1666666666667
 20
197.5
 10
515.6666666666667
 20
197.5
 10
515.1666666666667
 20
197.5
 10
514.6666666666667
 20
197.5
 10
514.1666666666667
 20
197.5
 10
513.6666666666667
 20
197.5
  0
LWPOLYLINE
  5
2BA
330
17
100
AcDbEntity
  8
01-VISIBLE
100
AcDbPolyline
 90
45
 70
0
 10
510.66666666666674
 20
192.5
 10
511.16666666666674
 20
192.5
 10
511.66666666666674
 20
192.5
 10
512.1666666666667
 20
192.5
 10
512.6666666666667
 20
192.5
 10
513.1666666666667
 20
192.5
 10
513.6666666666667
 20
192.5
 10
514.1666666666667
 20
192.5
 10
514.6666666666667
 20
192.5
 10
515.1666666666667
 20
192.5
 10
515.6666666666667
 20
192.5
 10
516.1666666666667
 20
192.5
 10
516.6666666666667
 20
192.5
 10
517.1666666666667
 20
192.5
 10
517.6666666666667
 20
192.5
 10
518.1666666666667
 20
192.5
 10
518.6666666666667
 20
192.5
 10
519.1666666666667
 20
192.5
 10
519.6666666666667
 20
192.5
 10
520.1666666666667
 20
192.5
 10
520.6666666666667
 20
192.5
 10
521.1666666666667
 20
192.5
 10
521.6666666666667
 20
192.5
 10
522.1666666666667
 20
192.5
 10
522.6666666666667
 20
192.5
 10
523.1666666666667
 20
192.5
 10
523.6666666666667
 20
192.5
 10
524.1666666666667
 20
192.5
 10
524.6666666666667
 20
192.5
 10
525.1666666666667
 20
192.5
 10
525.6666666666667
 20
192.5
 10
526.1666666666667
 20
192.5
 10
526.6666666666667
 20
192.5
 10
527.1666666666667
 20
192.5
 10
527.6666666666667
 20
192.5
 10
528.1666666666667
 20
192.5
 10
528.6666666666667
 20
192.5
 10
529.1666666666667
 20
192.5
 10
529.6666666666667
 20
192.5
 10
530.1666666666667
 20
192.5
 10
530.6666666666667
 20
192.5
 10
531.1666666666667
 20
192.5
 10
531.6666666666667
 20
192.5
 10
532.1666666666667
 20
192.5
 10
532.6666666666667
 20
192.5
  0
LWPOLYLINE
  5
2BB
330
17
100
AcDbEntity
  8
01-VISIBLE
100
AcDbPolyline
 90
2
 70
0
 10
532.6666666666667
 20
122.50000000000001
 10
532.6666666666667
 20
145.0
  0
LWPOLYLINE
  5
2BC
330
17
100
AcDbEntity
  8
01-VISIBLE
100
AcDbPolyline
 90
2
 70
0
 10
532.6666666666667
 20
163.0
 10
532.6666666666667
 20
192.5
  0
LWPOLYLINE
  5
2BD
330
17
100
AcDbEntity
  8
01-VISIBLE
100
AcDbPolyline
 90
45
 70
0
 10
510.66666666666674
 20
122.50000000000001
 10
511.16666666666674
 20
122.50000000000001
 10
511.66666666666674
 20
122.50000000000001
 10
512.1666666666667
 20
122.50000000000001
 10
512.6666666666667
 20
122.50000000000001
 10
513.1666666666667
 20
122.50000000000001
 10
513.6666666666667
 20
122.50000000000001
 10
514.1666666666667
 20
122.50000000000001
 10
514.6666666666667
 20
122.50000000000001
 10
515.1666666666667
 20
122.50000000000001
 10
515.6666666666667
 20
122.50000000000001
 10
516.1666666666667
 20
122.50000000000001
 10
516.6666666666667
 20
122.50000000000001
 10
517.1666666666667
 20
122.50000000000001
 10
517.6666666666667
 20
122.50000000000001
 10
518.1666666666667
 20
122.50000000000001
 10
518.6666666666667
 20
122.50000000000001
 10
519.1666666666667
 20
122.50000000000001
 10
519.6666666666667
 20
122.50000000000001
 10
520.1666666666667
 20
122.50000000000001
 10
520.6666666666667
 20
122.50000000000001
 10
521.1666666666667
 20
122.50000000000001
 10
521.6666666666667
 20
122.50000000000001
 10
522.1666666666667
 20
122.50000000000001
 10
522.6666666666667
 20
122.50000000000001
 10
523.1666666666667
 20
122.50000000000001
 10
523.6666666666667
 20
122.50000000000001
 10
524.1666666666667
 20
122.50000000000001
 10
524.6666666666667
 20
122.50000000000001
 10
525.1666666666667
 20
122.50000000000001
 10
525.6666666666667
 20
122.50000000000001
 10
526.1666666666667
 20
122.50000000000001
 10
526.6666666666667
 20
122.50000000000001
 10
527.1666666666667
 20
122.50000000000001
 10
527.6666666666667
 20
122.50000000000001
 10
528.1666666666667
 20
122.50000000000001
 10
528.6666666666667
 20
122.50000000000001
 10
529.1666666666667
 20
122.50000000000001
 10
529.6666666666667
 20
122.50000000000001
 10
530.1666666666667
 20
122.50000000000001
 10
530.6666666666667
 20
122.50000000000001
 10
531.1666666666667
 20
122.50000000000001
 10
531.6666666666667
 20
122.50000000000001
 10
532.1666666666667
 20
122.50000000000001
 10
532.6666666666667
 20
122.50000000000001
  0
LWPOLYLINE
  5
2BE
330
17
100
AcDbEntity
  8
01-VISIBLE
100
AcDbPolyline
 90
60
 70
0
 10
535.3619954109395
 20
145.0
 10
535.8628233219605
 20
145.0
 10
536.3636512329815
 20
145.0
 10
536.8644791440025
 20
145.0
 10
537.3653070550235
 20
145.0
 10
537.8661349660445
 20
145.0
 10
538.3669628770655
 20
145.0
 10
538.8677907880865
 20
145.0
 10
539.3686186991075
 20
145.0
 10
539.8694466101285
 20
145.0
 10
540.3702745211494
 20
145.0
 10
540.8711024321705
 20
145.0
 10
541.3719303431915
 20
145.0
 10
541.8727582542125
 20
145.0
 10
542.3735861652335
 20
145.0
 10
542.8744140762544
 20
145.0
 10
543.3752419872754
 20
145.0
 10
543.8760698982965
 20
145.0
 10
544.3768978093175
 20
145.0
 10
544.8777257203385
 20
145.0
 10
545.3785536313594
 20
145.0
 10
545.8793815423804
 20
145.0
 10
546.3802094534014
 20
145.0
 10
546.8810373644225
 20
145.0
 10
547.3818652754435
 20
145.0
 10
547.8826931864644
 20
145.0
 10
548.3835210974854
 20
145.0
 10
548.8843490085064
 20
145.0
 10
549.3851769195275
 20
145.0
 10
549.8860048305485
 20
145.0
 10
550.3868327415695
 20
145.0
 10
550.8876606525904
 20
145.0
 10
551.3884885636114
 20
145.0
 10
551.8893164746324
 20
145.0
 10
552.3901443856535
 20
145.0
 10
552.8909722966745
 20
145.0
 10
553.3918002076955
 20
145.0
 10
553.8926281187164
 20
145.0
 10
554.3934560297374
 20
145.0
 10
554.8942839407584
 20
145.0
 10
555.3951118517795
 20
145.0
 10
555.8959397628005
 20
145.0
 10
556.3967676738214
 20
145.0
 10
556.8975955848424
 20
145.0
 10
557.3984234958634
 20
145.0
 10
557.8992514068844
 20
145.0
 10
558.4000793179055
 20
145.0
 10
558.9009072289264
 20
145.0
 10
559.4017351399474
 20
145.0
 10
559.9025630509684
 20
145.0
 10
560.4033909619894
 20
145.0
 10
560.9042188730104
 20
145.0
 10
561.4050467840314
 20
145.0
 10
561.9058746950524
 20
145.0
 10
562.4067026060734
 20
145.0
 10
562.9075305170944
 20
145.0
 10
563.4083584281154
 20
145.0
 10
563.9091863391363
 20
145.0
 10
564.4100142501574
 20
145.0
 10
564.8921937883067
 20
145.0
  0
LWPOLYLINE
  5
2BF
330
17
100
AcDbEntity
  8
01-VISIBLE
100
AcDbPolyline
 90
63
 70
0
 10
535.3619954109395
 20
163.0
 10
535.8628233219605
 20
163.0
 10
536.3636512329815
 20
163.0
 10
536.8644791440025
 20
163.0
 10
537.3653070550235
 20
163.0
 10
537.8661349660445
 20
163.0
 10
538.3669628770655
 20
163.0
 10
538.8677907880865
 20
163.0
 10
539.3686186991075
 20
163.0
 10
539.8694466101285
 20
163.0
 10
540.3702745211494
 20
163.0
 10
540.8711024321705
 20
163.0
 10
541.3719303431915
 20
163.0
 10
541.8727582542125
 20
163.0
 10
542.3735861652335
 20
163.0
 10
542.8744140762544
 20
163.0
 10
543.3752419872754
 20
163.0
 10
543.8760698982965
 20
163.0
 10
544.3768978093175
 20
163.0
 10
544.8777257203385
 20
163.0
 10
545.3785536313594
 20
163.0
 10
545.8793815423804
 20
163.0
 10
546.3802094534014
 20
163.0
 10
546.8810373644225
 20
163.0
 10
547.3818652754435
 20
163.0
 10
547.8826931864644
 20
163.0
 10
548.3835210974854
 20
163.0
 10
548.8843490085064
 20
163.0
 10
549.3851769195275
 20
163.0
 10
549.8860048305485
 20
163.0
 10
550.3868327415695
 20
163.0
 10
550.8876606525904
 20
163.0
 10
551.3884885636114
 20
163.0
 10
551.8893164746324
 20
163.0
 10
552.3901443856535
 20
163.0
 10
552.8909722966745
 20
163.0
 10
553.3918002076955
 20
163.0
 10
553.8926281187164
 20
163.0
 10
554.3934560297374
 20
163.0
 10
554.8942839407584
 20
163.0
 10
555.3951118517795
 20
163.0
 10
555.8959397628005
 20
163.0
 10
556.3967676738214
 20
163.0
 10
556.8975955848424
 20
163.0
 10
557.3984234958634
 20
163.0
 10
557.8992514068844
 20
163.0
 10
558.4000793179055
 20
163.0
 10
558.9009072289264
 20
163.0
 10
559.4017351399474
 20
163.0
 10
559.9025630509684
 20
163.0
 10
560.4033909619894
 20
163.0
 10
560.9042188730104
 20
163.0
 10
561.4050467840314
 20
163.0
 10
561.9058746950524
 20
163.0
 10
562.4067026060734
 20
163.0
 10
562.9075305170944
 20
163.0
 10
563.4083584281154
 20
163.0
 10
563.9091863391363
 20
163.0
 10
564.4100142501574
 20
163.0
 10
564.9108421611784
 20
163.0
 10
565.4116700721994
 20
163.0
 10
565.9124979832204
 20
163.0
 10
566.32918618048
 20
163.0
  0
LWPOLYLINE
  5
2C0
330
17
100
AcDbEntity
  8
01-VISIBLE
100
AcDbPolyline
 90
2
 70
0
 10
535.3619954109396
 20
145.0
 10
535.3619954109396
 20
163.0
  0
LWPOLYLINE
  5
2C1
330
17
100
AcDbEntity
  8
01-VISIBLE
100
AcDbPolyline
 90
2
 70
0
 10
531.1239390006962
 20
145.0
 10
535.3619954109395
 20
145.0
  0
LWPOLYLINE
  5
2C2
330
17
100
AcDbEntity
  8
01-VISIBLE
100
AcDbPolyline
 90
2
 70
0
 10
531.1239390006962
 20
163.0
 10
535.3619954109395
 20
163.0
  0
LWPOLYLINE
  5
2C3
330
17
100
AcDbEntity
  8
01-VISIBLE
100
AcDbPolyline
 90
2
 70
0
 10
531.1239390006963
 20
145.0
 10
531.1239390006963
 20
163.0
  0
LWPOLYLINE
  5
2C4
330
17
100
AcDbEntity
  8
01-VISIBLE
100
AcDbPolyline
 90
2
 70
0
 10
536.6666666666667
 20
115.07545851901675
 10
536.6666666666667
 20
145.0
  0
LWPOLYLINE
  5
2C5
330
17
100
AcDbEntity
  8
01-VISIBLE
100
AcDbPolyline
 90
2
 70
0
 10
536.6666666666667
 20
163.0
 10
536.6666666666667
 20
199.92454148098324
  0
LWPOLYLINE
  5
2C6
330
17
100
AcDbEntity
  8
01-VISIBLE
100
AcDbPolyline
 90
2
 70
0
 10
513.6666666666667
 20
201.7803880516089
 10
513.6666666666667
 20
197.5
  0
LWPOLYLINE
  5
2C7
330
17
100
AcDbEntity
  8
01-VISIBLE
100
AcDbPolyline
 90
2
 70
0
 10
510.66666666666674
 20
122.50000000000001
 10
510.66666666666674
 20
192.5
  0
CIRCLE
  5
2C8
330
17
100
AcDbEntity
  8
08-FINA
100
AcDbCircle
 10
521.6666666666667
 20
157.5
 30
0.0
 40
45.0
  0
TEXT
  5
2C9
330
17
100
AcDbEntity
  8
06-TEXTO
100
AcDbText
 10
521.6666666666667
 20
107.5
 30
0.0
 40
5.0
  1
E (1:1)
  7
ISO3098
 72
1
 11
521.6666666666667
 21
107.5
 31
0.0
100
AcDbText
 73
2
  0
TEXT
  5
2CA
330
17
100
AcDbEntity
  8
06-TEXTO
100
AcDbText
 10
521.6666666666667
 20
102.0
 30
0.0
 40
2.5
  1
Tobera
  7
ISO3098
 72
1
 11
521.6666666666667
 21
102.0
 31
0.0
100
AcDbText
 73
2
  0
VIEWPORT
  5
2CF
330
2CB
100
AcDbEntity
 67
1
  8
VIEWPORTS
100
AcDbViewport
 10
456192.0
 20
322560.0
 30
0.0
 40
1003622.4
 41
709632.0
 68
1
 69
1
 12
456192.0
 22
322560.0
 13
0.0
 23
0.0
 14
10.0
 24
10.0
 15
10.0
 25
10.0
 16
0.0
 26
0.0
 36
1.0
 17
0.0
 27
0.0
 37
0.0
 42
50.0
 43
0.0
 44
0.0
 45
709632.0
 50
0.0
 51
0.0
 72
100
 90
557088
  1

281
0
 71
0
 74
0
110
0.0
120
0.0
130
0.0
111
1.0
121
0.0
131
0.0
112
0.0
122
1.0
132
0.0
 79
0
146
0.0
282
0
  0
VIEWPORT
  5
2D0
330
2CB
100
AcDbEntity
 67
1
  8
VIEWPORTS
100
AcDbViewport
 10
297.0
 20
210.0
 30
0.0
 40
594.0
 41
420.0
 68
2
 69
3
 12
297.0
 22
210.0
 13
0.0
 23
0.0
 14
10.0
 24
10.0
 15
10.0
 25
10.0
 16
0.0
 26
0.0
 36
1.0
 17
0.0
 27
0.0
 37
0.0
 42
50.0
 43
0.0
 44
0.0
 45
420.0
 50
0.0
 51
0.0
 72
100
 90
0
  1

281
0
 71
0
 74
0
110
0.0
120
0.0
130
0.0
111
1.0
121
0.0
131
0.0
112
0.0
122
1.0
132
0.0
 79
0
146
0.0
282
0
  0
ENDSEC
  0
SECTION
  2
OBJECTS
  0
DICTIONARY
  5
A
330
0
100
AcDbDictionary
281
1
  3
ACAD_COLOR
350
B
  3
ACAD_GROUP
350
C
  3
ACAD_LAYOUT
350
D
  3
ACAD_MATERIAL
350
E
  3
ACAD_MLEADERSTYLE
350
F
  3
ACAD_MLINESTYLE
350
10
  3
ACAD_PLOTSETTINGS
350
11
  3
ACAD_PLOTSTYLENAME
350
12
  3
ACAD_SCALELIST
350
14
  3
ACAD_TABLESTYLE
350
15
  3
ACAD_VISUALSTYLE
350
16
  3
EZDXF_META
350
2D
  0
DICTIONARY
  5
B
330
A
100
AcDbDictionary
281
1
  0
DICTIONARY
  5
C
330
A
100
AcDbDictionary
281
1
  0
DICTIONARY
  5
D
330
A
100
AcDbDictionary
281
1
  3
Model
350
1A
  3
Lamina_A2
350
2CE
  0
DICTIONARY
  5
E
330
A
100
AcDbDictionary
281
1
  3
ByBlock
350
1F
  3
ByLayer
350
20
  3
Global
350
21
  0
DICTIONARY
  5
F
330
A
100
AcDbDictionary
281
1
  3
Standard
350
2C
  0
DICTIONARY
  5
10
330
A
100
AcDbDictionary
281
1
  3
Standard
350
22
  0
DICTIONARY
  5
11
330
A
100
AcDbDictionary
281
1
  0
ACDBDICTIONARYWDFLT
  5
12
330
A
100
AcDbDictionary
281
1
  3
Normal
350
13
100
AcDbDictionaryWithDefault
340
13
  0
ACDBPLACEHOLDER
  5
13
330
12
  0
DICTIONARY
  5
14
330
A
100
AcDbDictionary
281
1
  0
DICTIONARY
  5
15
330
A
100
AcDbDictionary
281
1
  0
DICTIONARY
  5
16
330
A
100
AcDbDictionary
281
1
  0
LAYOUT
  5
1A
330
D
100
AcDbPlotSettings
  1

  4
A3
  6

 40
7.5
 41
20.0
 42
7.5
 43
20.0
 44
420.0
 45
297.0
 46
0.0
 47
0.0
 48
0.0
 49
0.0
140
0.0
141
0.0
142
1.0
143
1.0
 70
1024
 72
1
 73
0
 74
5
  7

 75
16
 76
0
 77
2
 78
300
147
1.0
148
0.0
149
0.0
100
AcDbLayout
  1
Model
 70
1
 71
0
 10
0.0
 20
0.0
 11
420.0
 21
297.0
 12
0.0
 22
0.0
 32
0.0
 14
1e+20
 24
1e+20
 34
1e+20
 15
-1e+20
 25
-1e+20
 35
-1e+20
146
0.0
 13
0.0
 23
0.0
 33
0.0
 16
1.0
 26
0.0
 36
0.0
 17
0.0
 27
1.0
 37
0.0
 76
1
330
17
  0
MATERIAL
  5
1F
102
{ACAD_REACTORS
330
E
102
}
330
E
100
AcDbMaterial
  1
ByBlock
  2

 70
0
 40
1.0
 71
1
 41
1.0
 91
-1023410177
 42
1.0
 72
1
  3

 73
1
 74
1
 75
1
 44
0.5
 73
0
 45
1.0
 46
1.0
 77
1
  4

 78
1
 79
1
170
1
 48
1.0
171
1
  6

172
1
173
1
174
1
140
1.0
141
1.0
175
1
  7

176
1
177
1
178
1
143
1.0
179
1
  8

270
1
271
1
272
1
145
1.0
146
1.0
273
1
  9

274
1
275
1
276
1
 42
1.0
 72
1
  3

 73
1
 74
1
 75
1
 94
63
  0
MATERIAL
  5
20
102
{ACAD_REACTORS
330
E
102
}
330
E
100
AcDbMaterial
  1
ByLayer
  2

 70
0
 40
1.0
 71
1
 41
1.0
 91
-1023410177
 42
1.0
 72
1
  3

 73
1
 74
1
 75
1
 44
0.5
 73
0
 45
1.0
 46
1.0
 77
1
  4

 78
1
 79
1
170
1
 48
1.0
171
1
  6

172
1
173
1
174
1
140
1.0
141
1.0
175
1
  7

176
1
177
1
178
1
143
1.0
179
1
  8

270
1
271
1
272
1
145
1.0
146
1.0
273
1
  9

274
1
275
1
276
1
 42
1.0
 72
1
  3

 73
1
 74
1
 75
1
 94
63
  0
MATERIAL
  5
21
102
{ACAD_REACTORS
330
E
102
}
330
E
100
AcDbMaterial
  1
Global
  2

 70
0
 40
1.0
 71
1
 41
1.0
 91
-1023410177
 42
1.0
 72
1
  3

 73
1
 74
1
 75
1
 44
0.5
 73
0
 45
1.0
 46
1.0
 77
1
  4

 78
1
 79
1
170
1
 48
1.0
171
1
  6

172
1
173
1
174
1
140
1.0
141
1.0
175
1
  7

176
1
177
1
178
1
143
1.0
179
1
  8

270
1
271
1
272
1
145
1.0
146
1.0
273
1
  9

274
1
275
1
276
1
 42
1.0
 72
1
  3

 73
1
 74
1
 75
1
 94
63
  0
MLINESTYLE
  5
22
102
{ACAD_REACTORS
330
10
102
}
330
10
100
AcDbMlineStyle
  2
Standard
 70
0
  3

 62
256
 51
90.0
 52
90.0
 71
2
 49
0.5
 62
256
  6
BYLAYER
 49
-0.5
 62
256
  6
BYLAYER
  0
MLEADERSTYLE
  5
2C
102
{ACAD_REACTORS
330
F
102
}
330
F
100
AcDbMLeaderStyle
179
2
170
2
171
1
172
0
 90
2
 40
0.0
 41
0.0
173
1
 91
-1056964608
 92
-2
290
1
 42
2.0
291
1
 43
8.0
  3
Standard
 44
4.0
300

342
29
174
1
175
1
176
0
178
1
 93
-1056964608
 45
4.0
292
0
297
0
 46
4.0
 94
-1056964608
 47
1.0
 49
1.0
140
1.0
294
1
141
0.0
177
0
142
1.0
295
0
296
0
143
3.75
271
0
272
9
273
9
  0
DICTIONARY
  5
2D
330
A
100
AcDbDictionary
280
1
281
1
  3
CREATED_BY_EZDXF
350
2E
  3
WRITTEN_BY_EZDXF
350
2D3
  0
DICTIONARYVAR
  5
2E
330
2D
100
DictionaryVariables
280
0
  1
1.4.4 @ 2026-09-28T23:50:41.838361+00:00
  0
LAYOUT
  5
2CE
330
D
100
AcDbPlotSettings
  1

  2
DWG To PDF.pc3
  4
ISO_full_bleed_A2_(594.00_x_420.00_MM)_(594.00_x_420.00_MM)
  6

 40
0.0
 41
0.0
 42
0.0
 43
0.0
 44
594.0
 45
420.0
 46
0.0
 47
0.0
 48
0.0
 49
0.0
140
0.0
141
0.0
142
0.0078125
143
12.0
 70
672
 72
1
 73
0
 74
5
  7

 75
1
 76
0
 77
2
 78
300
147
1.0
148
0.0
149
0.0
100
AcDbLayout
  1
Lamina_A2
 70
1
 71
3
 10
-0.0
 20
-0.0
 11
594.0
 21
420.0
 12
0.0
 22
0.0
 32
0.0
 14
1e+20
 24
1e+20
 34
1e+20
 15
-1e+20
 25
-1e+20
 35
-1e+20
146
0.0
 13
0.0
 23
0.0
 33
0.0
 16
1.0
 26
0.0
 36
0.0
 17
0.0
 27
1.0
 37
0.0
 76
1
330
2CB
331
2CF
  0
DICTIONARYVAR
  5
2D3
330
2D
100
DictionaryVariables
280
0
  1
1.4.4 @ 2026-09-28T23:50:47.138881+00:00
  0
ENDSEC
  0
EOF
