  0
SECTION
  2
HEADER
  9
$ACADVER
  1
AC1032
  9
$ACADMAINTVER
 90
4
  9
$DWGCODEPAGE
  3
ANSI_1252
  9
$LASTSAVEDBY
  1
ezdxf
  9
$REQUIREDVERSIONS
160
0
  9
$INSBASE
 10
0.0
 20
0.0
 30
0.0
  9
$EXTMIN
 10
1e+20
 20
1e+20
 30
1e+20
  9
$EXTMAX
 10
-1e+20
 20
-1e+20
 30
-1e+20
  9
$LIMMIN
 10
0.0
 20
0.0
  9
$LIMMAX
 10
420.0
 20
297.0
  9
$ORTHOMODE
 70
0
  9
$REGENMODE
 70
1
  9
$FILLMODE
 70
1
  9
$QTEXTMODE
 70
0
  9
$MIRRTEXT
 70
1
  9
$LTSCALE
 40
1.0
  9
$ATTMODE
 70
1
  9
$TEXTSIZE
 40
2.5
  9
$TRACEWID
 40
1.0
  9
$TEXTSTYLE
  7
Standard
  9
$CLAYER
  8
0
  9
$CELTYPE
  6
ByLayer
  9
$CECOLOR
 62
256
  9
$CELTSCALE
 40
1.0
  9
$DISPSILH
 70
0
  9
$DIMSCALE
 40
1.0
  9
$DIMASZ
 40
2.5
  9
$DIMEXO
 40
0.625
  9
$DIMDLI
 40
3.75
  9
$DIMRND
 40
0.0
  9
$DIMDLE
 40
0.0
  9
$DIMEXE
 40
1.25
  9
$DIMTP
 40
0.0
  9
$DIMTM
 40
0.0
  9
$DIMTXT
 40
2.5
  9
$DIMCEN
 40
2.5
  9
$DIMTSZ
 40
0.0
  9
$DIMTOL
 70
0
  9
$DIMLIM
 70
0
  9
$DIMTIH
 70
0
  9
$DIMTOH
 70
0
  9
$DIMSE1
 70
0
  9
$DIMSE2
 70
0
  9
$DIMTAD
 70
1
  9
$DIMZIN
 70
8
  9
$DIMBLK
  1

  9
$DIMASO
 70
1
  9
$DIMSHO
 70
1
  9
$DIMPOST
  1

  9
$DIMAPOST
  1

  9
$DIMALT
 70
0
  9
$DIMALTD
 70
3
  9
$DIMALTF
 40
0.03937007874
  9
$DIMLFAC
 40
1.0
  9
$DIMTOFL
 70
1
  9
$DIMTVP
 40
0.0
  9
$DIMTIX
 70
0
  9
$DIMSOXD
 70
0
  9
$DIMSAH
 70
0
  9
$DIMBLK1
  1

  9
$DIMBLK2
  1

  9
$DIMSTYLE
  2
ISO-25
  9
$DIMCLRD
 70
0
  9
$DIMCLRE
 70
0
  9
$DIMCLRT
 70
0
  9
$DIMTFAC
 40
1.0
  9
$DIMGAP
 40
0.625
  9
$DIMJUST
 70
0
  9
$DIMSD1
 70
0
  9
$DIMSD2
 70
0
  9
$DIMTOLJ
 70
0
  9
$DIMTZIN
 70
8
  9
$DIMALTZ
 70
0
  9
$DIMALTTZ
 70
0
  9
$DIMUPT
 70
0
  9
$DIMDEC
 70
2
  9
$DIMTDEC
 70
2
  9
$DIMALTU
 70
2
  9
$DIMALTTD
 70
3
  9
$DIMTXSTY
  7
Standard
  9
$DIMAUNIT
 70
0
  9
$DIMADEC
 70
0
  9
$DIMALTRND
 40
0.0
  9
$DIMAZIN
 70
0
  9
$DIMDSEP
 70
44
  9
$DIMATFIT
 70
3
  9
$DIMFRAC
 70
0
  9
$DIMLDRBLK
  1

  9
$DIMLUNIT
 70
2
  9
$DIMLWD
 70
-2
  9
$DIMLWE
 70
-2
  9
$DIMTMOVE
 70
0
  9
$DIMFXL
 40
1.0
  9
$DIMFXLON
 70
0
  9
$DIMJOGANG
 40
0.785398163397
  9
$DIMTFILL
 70
0
  9
$DIMTFILLCLR
 70
0
  9
$DIMARCSYM
 70
0
  9
$DIMLTYPE
  6

  9
$DIMLTEX1
  6

  9
$DIMLTEX2
  6

  9
$DIMTXTDIRECTION
 70
0
  9
$LUNITS
 70
2
  9
$LUPREC
 70
4
  9
$SKETCHINC
 40
1.0
  9
$FILLETRAD
 40
10.0
  9
$AUNITS
 70
0
  9
$AUPREC
 70
2
  9
$MENU
  1
.
  9
$ELEVATION
 40
0.0
  9
$PELEVATION
 40
0.0
  9
$THICKNESS
 40
0.0
  9
$LIMCHECK
 70
0
  9
$CHAMFERA
 40
0.0
  9
$CHAMFERB
 40
0.0
  9
$CHAMFERC
 40
0.0
  9
$CHAMFERD
 40
0.0
  9
$SKPOLY
 70
0
  9
$TDCREATE
 40
2461312.991030093
  9
$TDUCREATE
 40
2458532.153996898
  9
$TDUPDATE
 40
2461312.991053241
  9
$TDUUPDATE
 40
2458532.1544311
  9
$TDINDWG
 40
0.0
  9
$TDUSRTIMER
 40
0.0
  9
$USRTIMER
 70
1
  9
$ANGBASE
 50
0.0
  9
$ANGDIR
 70
0
  9
$PDMODE
 70
0
  9
$PDSIZE
 40
0.0
  9
$PLINEWID
 40
0.0
  9
$SPLFRAME
 70
0
  9
$SPLINETYPE
 70
6
  9
$SPLINESEGS
 70
8
  9
$HANDSEED
  5
4F0
  9
$SURFTAB1
 70
6
  9
$SURFTAB2
 70
6
  9
$SURFTYPE
 70
6
  9
$SURFU
 70
6
  9
$SURFV
 70
6
  9
$UCSBASE
  2

  9
$UCSNAME
  2

  9
$UCSORG
 10
0.0
 20
0.0
 30
0.0
  9
$UCSXDIR
 10
1.0
 20
0.0
 30
0.0
  9
$UCSYDIR
 10
0.0
 20
1.0
 30
0.0
  9
$UCSORTHOREF
  2

  9
$UCSORTHOVIEW
 70
0
  9
$UCSORGTOP
 10
0.0
 20
0.0
 30
0.0
  9
$UCSORGBOTTOM
 10
0.0
 20
0.0
 30
0.0
  9
$UCSORGLEFT
 10
0.0
 20
0.0
 30
0.0
  9
$UCSORGRIGHT
 10
0.0
 20
0.0
 30
0.0
  9
$UCSORGFRONT
 10
0.0
 20
0.0
 30
0.0
  9
$UCSORGBACK
 10
0.0
 20
0.0
 30
0.0
  9
$PUCSBASE
  2

  9
$PUCSNAME
  2

  9
$PUCSORG
 10
0.0
 20
0.0
 30
0.0
  9
$PUCSXDIR
 10
1.0
 20
0.0
 30
0.0
  9
$PUCSYDIR
 10
0.0
 20
1.0
 30
0.0
  9
$PUCSORTHOREF
  2

  9
$PUCSORTHOVIEW
 70
0
  9
$PUCSORGTOP
 10
0.0
 20
0.0
 30
0.0
  9
$PUCSORGBOTTOM
 10
0.0
 20
0.0
 30
0.0
  9
$PUCSORGLEFT
 10
0.0
 20
0.0
 30
0.0
  9
$PUCSORGRIGHT
 10
0.0
 20
0.0
 30
0.0
  9
$PUCSORGFRONT
 10
0.0
 20
0.0
 30
0.0
  9
$PUCSORGBACK
 10
0.0
 20
0.0
 30
0.0
  9
$USERI1
 70
0
  9
$USERI2
 70
0
  9
$USERI3
 70
0
  9
$USERI4
 70
0
  9
$USERI5
 70
0
  9
$USERR1
 40
0.0
  9
$USERR2
 40
0.0
  9
$USERR3
 40
0.0
  9
$USERR4
 40
0.0
  9
$USERR5
 40
0.0
  9
$WORLDVIEW
 70
1
  9
$SHADEDGE
 70
3
  9
$SHADEDIF
 70
70
  9
$TILEMODE
 70
1
  9
$MAXACTVP
 70
64
  9
$PINSBASE
 10
0.0
 20
0.0
 30
0.0
  9
$PLIMCHECK
 70
0
  9
$PEXTMIN
 10
1e+20
 20
1e+20
 30
1e+20
  9
$PEXTMAX
 10
-1e+20
 20
-1e+20
 30
-1e+20
  9
$PLIMMIN
 10
-0.0
 20
-0.0
  9
$PLIMMAX
 10
594.0
 20
420.0
  9
$UNITMODE
 70
0
  9
$VISRETAIN
 70
1
  9
$PLINEGEN
 70
0
  9
$PSLTSCALE
 70
0
  9
$TREEDEPTH
 70
3020
  9
$CMLSTYLE
  2
Standard
  9
$CMLJUST
 70
0
  9
$CMLSCALE
 40
20.0
  9
$PROXYGRAPHICS
 70
1
  9
$MEASUREMENT
 70
1
  9
$CELWEIGHT
370
-1
  9
$ENDCAPS
280
0
  9
$JOINSTYLE
280
0
  9
$LWDISPLAY
290
1
  9
$INSUNITS
 70
4
  9
$HYPERLINKBASE
  1

  9
$STYLESHEET
  1

  9
$XEDIT
290
1
  9
$CEPSNTYPE
380
0
  9
$PSTYLEMODE
290
1
  9
$FINGERPRINTGUID
  2
{CE093506-8699-4B93-B754-9445EA9FFE87}
  9
$VERSIONGUID
  2
{34444A86-37E9-490A-B894-F90C42917F48}
  9
$EXTNAMES
290
1
  9
$PSVPSCALE
 40
0.0
  9
$OLESTARTUP
290
0
  9
$SORTENTS
280
127
  9
$INDEXCTL
280
0
  9
$HIDETEXT
280
1
  9
$XCLIPFRAME
280
1
  9
$HALOGAP
280
0
  9
$OBSCOLOR
 70
257
  9
$OBSLTYPE
280
0
  9
$INTERSECTIONDISPLAY
280
0
  9
$INTERSECTIONCOLOR
 70
257
  9
$DIMASSOC
280
2
  9
$PROJECTNAME
  1

  9
$CAMERADISPLAY
290
0
  9
$LENSLENGTH
 40
50.0
  9
$CAMERAHEIGHT
 40
0.0
  9
$STEPSPERSEC
 40
24.0
  9
$STEPSIZE
 40
100.0
  9
$3DDWFPREC
 40
2.0
  9
$PSOLWIDTH
 40
0.005
  9
$PSOLHEIGHT
 40
0.08
  9
$LOFTANG1
 40
1.570796326795
  9
$LOFTANG2
 40
1.570796326795
  9
$LOFTMAG1
 40
0.0
  9
$LOFTMAG2
 40
0.0
  9
$LOFTPARAM
 70
7
  9
$LOFTNORMALS
280
1
  9
$LATITUDE
 40
37.795
  9
$LONGITUDE
 40
-122.394
  9
$NORTHDIRECTION
 40
0.0
  9
$TIMEZONE
 70
-8000
  9
$LIGHTGLYPHDISPLAY
280
1
  9
$TILEMODELIGHTSYNCH
280
1
  9
$CMATERIAL
347
20
  9
$SOLIDHIST
280
0
  9
$SHOWHIST
280
1
  9
$DWFFRAME
280
2
  9
$DGNFRAME
280
2
  9
$REALWORLDSCALE
290
1
  9
$INTERFERECOLOR
 62
256
  9
$CSHADOW
280
0
  9
$SHADOWPLANELOCATION
 40
0.0
  0
ENDSEC
  0
SECTION
  2
CLASSES
  0
CLASS
  1
ACDBDICTIONARYWDFLT
  2
AcDbDictionaryWithDefault
  3
ObjectDBX Classes
 90
0
 91
0
280
0
281
0
  0
CLASS
  1
SUN
  2
AcDbSun
  3
SCENEOE
 90
1153
 91
0
280
0
281
0
  0
CLASS
  1
VISUALSTYLE
  2
AcDbVisualStyle
  3
ObjectDBX Classes
 90
4095
 91
0
280
0
281
0
  0
CLASS
  1
MATERIAL
  2
AcDbMaterial
  3
ObjectDBX Classes
 90
1153
 91
0
280
0
281
0
  0
CLASS
  1
SCALE
  2
AcDbScale
  3
ObjectDBX Classes
 90
1153
 91
0
280
0
281
0
  0
CLASS
  1
TABLESTYLE
  2
AcDbTableStyle
  3
ObjectDBX Classes
 90
4095
 91
0
280
0
281
0
  0
CLASS
  1
MLEADERSTYLE
  2
AcDbMLeaderStyle
  3
ACDB_MLEADERSTYLE_CLASS
 90
4095
 91
0
280
0
281
0
  0
CLASS
  1
DICTIONARYVAR
  2
AcDbDictionaryVar
  3
ObjectDBX Classes
 90
0
 91
0
280
0
281
0
  0
CLASS
  1
CELLSTYLEMAP
  2
AcDbCellStyleMap
  3
ObjectDBX Classes
 90
1152
 91
0
280
0
281
0
  0
CLASS
  1
MENTALRAYRENDERSETTINGS
  2
AcDbMentalRayRenderSettings
  3
SCENEOE
 90
1024
 91
0
280
0
281
0
  0
CLASS
  1
ACDBDETAILVIEWSTYLE
  2
AcDbDetailViewStyle
  3
ObjectDBX Classes
 90
1025
 91
0
280
0
281
0
  0
CLASS
  1
ACDBSECTIONVIEWSTYLE
  2
AcDbSectionViewStyle
  3
ObjectDBX Classes
 90
1025
 91
0
280
0
281
0
  0
CLASS
  1
RASTERVARIABLES
  2
AcDbRasterVariables
  3
ISM
 90
0
 91
0
280
0
281
0
  0
CLASS
  1
ACDBPLACEHOLDER
  2
AcDbPlaceHolder
  3
ObjectDBX Classes
 90
0
 91
0
280
0
281
0
  0
CLASS
  1
LAYOUT
  2
AcDbLayout
  3
ObjectDBX Classes
 90
0
 91
0
280
0
281
0
  0
ENDSEC
  0
SECTION
  2
TABLES
  0
TABLE
  2
VPORT
  5
8
330
0
100
AcDbSymbolTable
 70
1
  0
VPORT
  5
23
330
8
100
AcDbSymbolTableRecord
100
AcDbViewportTableRecord
  2
*Active
 70
0
 10
0.0
 20
0.0
 11
1.0
 21
1.0
 12
0.0
 22
0.0
 13
0.0
 23
0.0
 14
0.5
 24
0.5
 15
0.5
 25
0.5
 16
0.0
 26
0.0
 36
1.0
 17
0.0
 27
0.0
 37
0.0
 40
1000.0
 41
1.34
 42
50.0
 43
0.0
 44
0.0
 50
0.0
 51
0.0
 71
0
 72
1000
 73
1
 74
3
 75
0
 76
0
 77
0
 78
0
281
0
 65
0
146
0.0
  0
ENDTAB
  0
TABLE
  2
LTYPE
  5
2
330
0
100
AcDbSymbolTable
 70
5
  0
LTYPE
  5
24
330
2
100
AcDbSymbolTableRecord
100
AcDbLinetypeTableRecord
  2
ByBlock
 70
0
  3

 72
65
 73
0
 40
0.0
  0
LTYPE
  5
25
330
2
100
AcDbSymbolTableRecord
100
AcDbLinetypeTableRecord
  2
ByLayer
 70
0
  3

 72
65
 73
0
 40
0.0
  0
LTYPE
  5
26
330
2
100
AcDbSymbolTableRecord
100
AcDbLinetypeTableRecord
  2
Continuous
 70
0
  3

 72
65
 73
0
 40
0.0
  0
LTYPE
  5
2F
330
2
100
AcDbSymbolTableRecord
100
AcDbLinetypeTableRecord
  2
ISO02-TRAZOS
 70
0
  3
ISO 128 tipo 02 - trazos (d=0,25) __ __ __
 72
65
 73
2
 40
3.75
 49
3.0
 74
0
 49
-0.75
 74
0
  0
LTYPE
  5
30
330
2
100
AcDbSymbolTableRecord
100
AcDbLinetypeTableRecord
  2
ISO04-TRAZO-PUNTO
 70
0
  3
ISO 128 tipo 04 - trazo largo y punto (d=0,25) ____ . ____
 72
65
 73
4
 40
7.625
 49
6.0
 74
0
 49
-0.75
 74
0
 49
0.125
 74
0
 49
-0.75
 74
0
  0
ENDTAB
  0
TABLE
  2
LAYER
  5
1
330
0
100
AcDbSymbolTable
 70
14
  0
LAYER
  5
27
330
1
100
AcDbSymbolTableRecord
100
AcDbLayerTableRecord
  2
0
 70
0
 62
7
  6
Continuous
370
-3
390
13
347
21
  0
LAYER
  5
28
330
1
100
AcDbSymbolTableRecord
100
AcDbLayerTableRecord
  2
Defpoints
 70
0
 62
7
  6
Continuous
290
0
370
-3
390
13
347
21
  0
LAYER
  5
31
330
1
100
AcDbSymbolTableRecord
100
AcDbLayerTableRecord
  2
01-VISIBLE
 70
0
 62
7
  6
CONTINUOUS
370
50
390
13
347
21
  0
LAYER
  5
32
330
1
100
AcDbSymbolTableRecord
100
AcDbLayerTableRecord
  2
02-OCULTA
 70
0
 62
4
  6
ISO02-TRAZOS
370
25
390
13
347
21
  0
LAYER
  5
33
330
1
100
AcDbSymbolTableRecord
100
AcDbLayerTableRecord
  2
03-EJE
 70
0
 62
1
  6
ISO04-TRAZO-PUNTO
370
25
390
13
347
21
  0
LAYER
  5
34
330
1
100
AcDbSymbolTableRecord
100
AcDbLayerTableRecord
  2
04-COTA
 70
0
 62
3
  6
CONTINUOUS
370
25
390
13
347
21
  0
LAYER
  5
35
330
1
100
AcDbSymbolTableRecord
100
AcDbLayerTableRecord
  2
05-RAYADO
 70
0
 62
8
  6
CONTINUOUS
370
25
390
13
347
21
  0
LAYER
  5
36
330
1
100
AcDbSymbolTableRecord
100
AcDbLayerTableRecord
  2
06-TEXTO
 70
0
 62
7
  6
CONTINUOUS
370
25
390
13
347
21
  0
LAYER
  5
37
330
1
100
AcDbSymbolTableRecord
100
AcDbLayerTableRecord
  2
07-RECUADRO
 70
0
 62
7
  6
CONTINUOUS
370
70
390
13
347
21
  0
LAYER
  5
38
330
1
100
AcDbSymbolTableRecord
100
AcDbLayerTableRecord
  2
08-FINA
 70
0
 62
5
  6
CONTINUOUS
370
25
390
13
347
21
  0
LAYER
  5
39
330
1
100
AcDbSymbolTableRecord
100
AcDbLayerTableRecord
  2
09-PLANO-CORTE
 70
0
 62
1
  6
ISO04-TRAZO-PUNTO
370
50
390
13
347
21
  0
LAYER
  5
3A
330
1
100
AcDbSymbolTableRecord
100
AcDbLayerTableRecord
  2
10-ROTULO
 70
0
 62
7
  6
CONTINUOUS
370
35
390
13
347
21
  0
LAYER
  5
3B
330
1
100
AcDbSymbolTableRecord
100
AcDbLayerTableRecord
  2
11-TEXTO-ROTULO
 70
0
 62
7
  6
CONTINUOUS
370
25
390
13
347
21
  0
LAYER
  5
3C
330
1
100
AcDbSymbolTableRecord
100
AcDbLayerTableRecord
  2
12-SOLDADURA
 70
0
 62
6
  6
CONTINUOUS
370
25
390
13
347
21
  0
ENDTAB
  0
TABLE
  2
STYLE
  5
5
330
0
100
AcDbSymbolTable
 70
2
  0
STYLE
  5
29
330
5
100
AcDbSymbolTableRecord
100
AcDbTextStyleTableRecord
  2
Standard
 70
0
 40
0.0
 41
1.0
 50
0.0
 71
0
 42
2.5
  3
txt
  4

  0
STYLE
  5
3D
330
5
100
AcDbSymbolTableRecord
100
AcDbTextStyleTableRecord
  2
ISO3098
 70
0
 40
0.0
 41
1.0
 50
0.0
 71
0
 42
2.5
  3
isocpeur.ttf
  4

  0
ENDTAB
  0
TABLE
  2
VIEW
  5
7
330
0
100
AcDbSymbolTable
 70
0
  0
ENDTAB
  0
TABLE
  2
UCS
  5
6
330
0
100
AcDbSymbolTable
 70
0
  0
ENDTAB
  0
TABLE
  2
APPID
  5
3
330
0
100
AcDbSymbolTable
 70
3
  0
APPID
  5
2A
330
3
100
AcDbSymbolTableRecord
100
AcDbRegAppTableRecord
  2
ACAD
 70
0
  0
APPID
  5
4ED
330
3
100
AcDbSymbolTableRecord
100
AcDbRegAppTableRecord
  2
HATCHBACKGROUNDCOLOR
 70
0
  0
APPID
  5
4EE
330
3
100
AcDbSymbolTableRecord
100
AcDbRegAppTableRecord
  2
EZDXF
 70
0
  0
ENDTAB
  0
TABLE
  2
DIMSTYLE
  5
4
330
0
100
AcDbSymbolTable
 70
2
100
AcDbDimStyleTable
  0
DIMSTYLE
105
2B
330
4
100
AcDbSymbolTableRecord
100
AcDbDimStyleTableRecord
  2
Standard
 70
0
 40
1.0
 41
2.5
 42
0.625
 43
3.75
 44
1.25
 45
0.0
 46
0.0
 47
0.0
 48
0.0
 49
2.5
140
2.5
141
2.5
142
0.0
143
0.03937007874
144
1.0
145
0.0
146
1.0
147
0.625
148
0.0
 69
0
 70
0
 71
0
 72
0
 73
0
 74
0
 75
0
 76
0
 77
1
 78
8
 79
3
170
0
171
3
172
1
173
0
174
0
175
0
176
0
177
0
178
0
179
2
271
2
272
2
273
2
274
3
275
0
276
0
277
2
278
44
279
0
280
0
281
0
282
0
283
0
284
8
285
0
286
0
288
0
289
3
290
0
371
-2
372
-2
  0
DIMSTYLE
105
3E
330
4
100
AcDbSymbolTableRecord
100
AcDbDimStyleTableRecord
  2
FLAMA-ISO
 70
0
 40
1.0
 41
3.0
 42
1.0
 43
3.75
 44
2.0
 45
0.0
 46
0.0
 47
0.0
 48
0.0
 49
2.5
140
3.5
141
2.5
142
0.0
143
0.03937007874
144
1.0
145
0.0
146
1.0
147
1.0
148
0.0
 69
0
 70
0
 71
0
 72
0
 73
0
 74
0
 75
0
 76
0
 77
1
 78
8
 79
3
170
0
171
3
172
1
173
0
174
0
175
0
176
3
177
3
178
3
179
2
271
1
272
2
273
2
274
3
275
0
276
0
277
2
278
44
279
0
280
0
281
0
282
0
283
0
284
8
285
0
286
0
288
0
289
3
290
0
340
3D
371
25
372
25
  0
ENDTAB
  0
TABLE
  2
BLOCK_RECORD
  5
9
330
0
100
AcDbSymbolTable
 70
8
  0
BLOCK_RECORD
  5
17
330
9
100
AcDbSymbolTableRecord
100
AcDbBlockTableRecord
  2
*Model_Space
340
1A
 70
0
280
1
281
0
  0
BLOCK_RECORD
  5
416
330
9
100
AcDbSymbolTableRecord
100
AcDbBlockTableRecord
  2
*D1
340
0
 70
0
280
1
281
0
  0
BLOCK_RECORD
  5
41B
330
9
100
AcDbSymbolTableRecord
100
AcDbBlockTableRecord
  2
_CLOSEDFILLED
340
0
 70
0
280
1
281
0
  0
BLOCK_RECORD
  5
429
330
9
100
AcDbSymbolTableRecord
100
AcDbBlockTableRecord
  2
*D2
340
0
 70
0
280
1
281
0
  0
BLOCK_RECORD
  5
438
330
9
100
AcDbSymbolTableRecord
100
AcDbBlockTableRecord
  2
*D3
340
0
 70
0
280
1
281
0
  0
BLOCK_RECORD
  5
447
330
9
100
AcDbSymbolTableRecord
100
AcDbBlockTableRecord
  2
*D4
340
0
 70
0
280
1
281
0
  0
BLOCK_RECORD
  5
456
330
9
100
AcDbSymbolTableRecord
100
AcDbBlockTableRecord
  2
*D5
340
0
 70
0
280
1
281
0
  0
BLOCK_RECORD
  5
4E7
330
9
100
AcDbSymbolTableRecord
100
AcDbBlockTableRecord
  2
*Paper_Space
340
4EA
 70
0
280
1
281
0
  0
ENDTAB
  0
ENDSEC
  0
SECTION
  2
BLOCKS
  0
BLOCK
  5
18
330
17
100
AcDbEntity
  8
0
100
AcDbBlockBegin
  2
*Model_Space
 70
0
 10
0.0
 20
0.0
 30
0.0
  3
*Model_Space
  1

  0
ENDBLK
  5
19
330
17
100
AcDbEntity
  8
0
100
AcDbBlockEnd
  0
BLOCK
  5
417
330
416
100
AcDbEntity
  8
0
100
AcDbBlockBegin
  2
*D1
 70
1
 10
0.0
 20
0.0
 30
0.0
  3
*D1
  1

  0
LINE
  5
419
330
416
100
AcDbEntity
  8
0
 62
3
370
25
100
AcDbLine
 10
63.0
 20
220.00020324239483
 30
0.0
 11
40.0
 21
220.00020324239483
 31
0.0
  0
LINE
  5
41A
330
416
100
AcDbEntity
  8
0
 62
3
370
25
100
AcDbLine
 10
63.0
 20
390.0
 30
0.0
 11
40.0
 21
390.0
 31
0.0
  0
INSERT
  5
41F
330
416
100
AcDbEntity
  8
04-COTA
 62
3
100
AcDbBlockReference
  2
_CLOSEDFILLED
 10
42.0
 20
220.00020324239483
 30
0.0
 41
3.0
 42
3.0
 50
270.0
  0
INSERT
  5
421
330
416
100
AcDbEntity
  8
04-COTA
 62
3
100
AcDbBlockReference
  2
_CLOSEDFILLED
 10
42.0
 20
390.0
 30
0.0
 41
3.0
 42
3.0
 50
90.0
  0
LINE
  5
423
330
416
100
AcDbEntity
  8
0
 62
3
370
25
100
AcDbLine
 10
42.0
 20
223.00020324239483
 30
0.0
 11
42.0
 21
387.0
 31
0.0
  0
MTEXT
  5
424
330
416
100
AcDbEntity
  8
04-COTA
 62
3
100
AcDbMText
 10
39.25
 20
305.0001016211974
 30
0.0
 40
3.5
 71
5
  1
340
  7
ISO3098
 50
90.0
  0
POINT
  5
425
330
416
100
AcDbEntity
  8
Defpoints
100
AcDbPoint
 10
42.0
 20
220.00020324239483
 30
0.0
  0
POINT
  5
426
330
416
100
AcDbEntity
  8
Defpoints
100
AcDbPoint
 10
64.0
 20
220.00020324239483
 30
0.0
  0
POINT
  5
427
330
416
100
AcDbEntity
  8
Defpoints
100
AcDbPoint
 10
64.0
 20
390.0
 30
0.0
  0
ENDBLK
  5
418
330
416
100
AcDbEntity
  8
0
100
AcDbBlockEnd
  0
BLOCK
  5
41C
330
41B
100
AcDbEntity
  8
0
100
AcDbBlockBegin
  2
_CLOSEDFILLED
 70
0
 10
0.0
 20
0.0
 30
0.0
  3
_CLOSEDFILLED
  1

  0
SOLID
  5
41E
330
41B
100
AcDbEntity
  8
0
  6
BYBLOCK
 62
0
100
AcDbTrace
 10
-1.0
 20
0.16439898372402537
 30
0.0
 11
0.0
 21
0.0
 31
0.0
 12
-1.0
 22
-0.16439898372402537
 32
0.0
 13
-1.0
 23
-0.16439898372402537
 33
0.0
  0
ENDBLK
  5
41D
330
41B
100
AcDbEntity
  8
0
100
AcDbBlockEnd
  0
BLOCK
  5
42A
330
429
100
AcDbEntity
  8
0
100
AcDbBlockBegin
  2
*D2
 70
1
 10
0.0
 20
0.0
 30
0.0
  3
*D2
  1

  0
LINE
  5
42C
330
429
100
AcDbEntity
  8
0
 62
3
370
25
100
AcDbLine
 10
68.15
 20
220.00020324239483
 30
0.0
 11
51.0
 21
220.00020324239483
 31
0.0
  0
LINE
  5
42D
330
429
100
AcDbEntity
  8
0
 62
3
370
25
100
AcDbLine
 10
84.2
 20
369.0002032923949
 30
0.0
 11
51.0
 21
369.0002032923949
 31
0.0
  0
INSERT
  5
42E
330
429
100
AcDbEntity
  8
04-COTA
 62
3
100
AcDbBlockReference
  2
_CLOSEDFILLED
 10
53.0
 20
220.00020324239483
 30
0.0
 41
3.0
 42
3.0
 50
270.0
  0
INSERT
  5
430
330
429
100
AcDbEntity
  8
04-COTA
 62
3
100
AcDbBlockReference
  2
_CLOSEDFILLED
 10
53.0
 20
369.0002032923949
 30
0.0
 41
3.0
 42
3.0
 50
90.0
  0
LINE
  5
432
330
429
100
AcDbEntity
  8
0
 62
3
370
25
100
AcDbLine
 10
53.0
 20
223.00020324239483
 30
0.0
 11
53.0
 21
366.0002032923949
 31
0.0
  0
MTEXT
  5
433
330
429
100
AcDbEntity
  8
04-COTA
 62
3
100
AcDbMText
 10
50.25
 20
294.50020326739485
 30
0.0
 40
3.5
 71
5
  1
298
  7
ISO3098
 50
90.0
  0
POINT
  5
434
330
429
100
AcDbEntity
  8
Defpoints
100
AcDbPoint
 10
53.0
 20
220.00020324239483
 30
0.0
  0
POINT
  5
435
330
429
100
AcDbEntity
  8
Defpoints
100
AcDbPoint
 10
69.15
 20
220.00020324239483
 30
0.0
  0
POINT
  5
436
330
429
100
AcDbEntity
  8
Defpoints
100
AcDbPoint
 10
85.2
 20
369.0002032923949
 30
0.0
  0
ENDBLK
  5
42B
330
429
100
AcDbEntity
  8
0
100
AcDbBlockEnd
  0
BLOCK
  5
439
330
438
100
AcDbEntity
  8
0
100
AcDbBlockBegin
  2
*D3
 70
1
 10
0.0
 20
0.0
 30
0.0
  3
*D3
  1

  0
LINE
  5
43B
330
438
100
AcDbEntity
  8
0
 62
3
370
25
100
AcDbLine
 10
64.0
 20
391.0
 30
0.0
 11
64.0
 21
401.0
 31
0.0
  0
LINE
  5
43C
330
438
100
AcDbEntity
  8
0
 62
3
370
25
100
AcDbLine
 10
109.99834431631045
 20
391.0
 30
0.0
 11
109.99834431631045
 21
401.0
 31
0.0
  0
INSERT
  5
43D
330
438
100
AcDbEntity
  8
04-COTA
 62
3
100
AcDbBlockReference
  2
_CLOSEDFILLED
 10
64.0
 20
399.0
 30
0.0
 41
3.0
 42
3.0
 50
180.0
  0
INSERT
  5
43F
330
438
100
AcDbEntity
  8
04-COTA
 62
3
100
AcDbBlockReference
  2
_CLOSEDFILLED
 10
109.99834431631045
 20
399.0
 30
0.0
 41
3.0
 42
3.0
  0
LINE
  5
441
330
438
100
AcDbEntity
  8
0
 62
3
370
25
100
AcDbLine
 10
67.0
 20
399.0
 30
0.0
 11
106.99834431631045
 21
399.0
 31
0.0
  0
MTEXT
  5
442
330
438
100
AcDbEntity
  8
04-COTA
 62
3
100
AcDbMText
 10
86.99917215815523
 20
401.75
 30
0.0
 40
3.5
 71
5
  1
92
  7
ISO3098
  0
POINT
  5
443
330
438
100
AcDbEntity
  8
Defpoints
100
AcDbPoint
 10
64.0
 20
399.0
 30
0.0
  0
POINT
  5
444
330
438
100
AcDbEntity
  8
Defpoints
100
AcDbPoint
 10
64.0
 20
390.0
 30
0.0
  0
POINT
  5
445
330
438
100
AcDbEntity
  8
Defpoints
100
AcDbPoint
 10
109.99834431631045
 20
390.0
 30
0.0
  0
ENDBLK
  5
43A
330
438
100
AcDbEntity
  8
0
100
AcDbBlockEnd
  0
BLOCK
  5
448
330
447
100
AcDbEntity
  8
0
100
AcDbBlockBegin
  2
*D4
 70
1
 10
0.0
 20
0.0
 30
0.0
  3
*D4
  1

  0
LINE
  5
44A
330
447
100
AcDbEntity
  8
0
 62
3
370
25
100
AcDbLine
 10
69.15
 20
173.7627641200468
 30
0.0
 11
69.15
 21
143.52526412004678
 31
0.0
  0
LINE
  5
44B
330
447
100
AcDbEntity
  8
0
 62
3
370
25
100
AcDbLine
 10
107.25
 20
173.7627641200468
 30
0.0
 11
107.25
 21
143.52526412004678
 31
0.0
  0
INSERT
  5
44C
330
447
100
AcDbEntity
  8
04-COTA
 62
3
100
AcDbBlockReference
  2
_CLOSEDFILLED
 10
69.15
 20
145.52526412004678
 30
0.0
 41
3.0
 42
3.0
 50
180.0
  0
INSERT
  5
44E
330
447
100
AcDbEntity
  8
04-COTA
 62
3
100
AcDbBlockReference
  2
_CLOSEDFILLED
 10
107.25
 20
145.52526412004678
 30
0.0
 41
3.0
 42
3.0
  0
LINE
  5
450
330
447
100
AcDbEntity
  8
0
 62
3
370
25
100
AcDbLine
 10
72.15
 20
145.52526412004678
 30
0.0
 11
104.25
 21
145.52526412004678
 31
0.0
  0
MTEXT
  5
451
330
447
100
AcDbEntity
  8
04-COTA
 62
3
100
AcDbMText
 10
88.2
 20
148.27526412004678
 30
0.0
 40
3.5
 71
5
  1
%%c76,2
  7
ISO3098
  0
POINT
  5
452
330
447
100
AcDbEntity
  8
Defpoints
100
AcDbPoint
 10
69.15
 20
145.52526412004678
 30
0.0
  0
POINT
  5
453
330
447
100
AcDbEntity
  8
Defpoints
100
AcDbPoint
 10
69.15
 20
174.7627641200468
 30
0.0
  0
POINT
  5
454
330
447
100
AcDbEntity
  8
Defpoints
100
AcDbPoint
 10
107.25
 20
174.7627641200468
 30
0.0
  0
ENDBLK
  5
449
330
447
100
AcDbEntity
  8
0
100
AcDbBlockEnd
  0
BLOCK
  5
457
330
456
100
AcDbEntity
  8
0
100
AcDbBlockBegin
  2
*D5
 70
1
 10
0.0
 20
0.0
 30
0.0
  3
*D5
  1

  0
LINE
  5
459
330
456
100
AcDbEntity
  8
0
 62
3
370
25
100
AcDbLine
 10
145.99834426631048
 20
391.0
 30
0.0
 11
145.99834426631048
 21
401.0
 31
0.0
  0
LINE
  5
45A
330
456
100
AcDbEntity
  8
0
 62
3
370
25
100
AcDbLine
 10
184.47334436631047
 20
391.0
 30
0.0
 11
184.47334436631047
 21
401.0
 31
0.0
  0
INSERT
  5
45B
330
456
100
AcDbEntity
  8
04-COTA
 62
3
100
AcDbBlockReference
  2
_CLOSEDFILLED
 10
145.99834426631048
 20
399.0
 30
0.0
 41
3.0
 42
3.0
 50
180.0
  0
INSERT
  5
45D
330
456
100
AcDbEntity
  8
04-COTA
 62
3
100
AcDbBlockReference
  2
_CLOSEDFILLED
 10
184.47334436631047
 20
399.0
 30
0.0
 41
3.0
 42
3.0
  0
LINE
  5
45F
330
456
100
AcDbEntity
  8
0
 62
3
370
25
100
AcDbLine
 10
148.99834426631048
 20
399.0
 30
0.0
 11
181.47334436631047
 21
399.0
 31
0.0
  0
MTEXT
  5
460
330
456
100
AcDbEntity
  8
04-COTA
 62
3
100
AcDbMText
 10
165.23584431631048
 20
401.75
 30
0.0
 40
3.5
 71
5
  1
77
  7
ISO3098
  0
POINT
  5
461
330
456
100
AcDbEntity
  8
Defpoints
100
AcDbPoint
 10
145.99834426631048
 20
399.0
 30
0.0
  0
POINT
  5
462
330
456
100
AcDbEntity
  8
Defpoints
100
AcDbPoint
 10
145.99834426631048
 20
390.0
 30
0.0
  0
POINT
  5
463
330
456
100
AcDbEntity
  8
Defpoints
100
AcDbPoint
 10
184.47334436631047
 20
390.0
 30
0.0
  0
ENDBLK
  5
458
330
456
100
AcDbEntity
  8
0
100
AcDbBlockEnd
  0
BLOCK
  5
4E8
330
4E7
100
AcDbEntity
  8
0
100
AcDbBlockBegin
  2
*Paper_Space
 70
0
 10
0.0
 20
0.0
 30
0.0
  3
*Paper_Space
  1

  0
ENDBLK
  5
4E9
330
4E7
100
AcDbEntity
  8
0
100
AcDbBlockEnd
  0
ENDSEC
  0
SECTION
  2
ENTITIES
  0
LWPOLYLINE
  5
3F
330
17
100
AcDbEntity
  8
08-FINA
100
AcDbPolyline
 90
4
 70
1
 10
0.0
 20
0.0
 10
594.0
 20
0.0
 10
594.0
 20
420.0
 10
0.0
 20
420.0
  0
LWPOLYLINE
  5
40
330
17
100
AcDbEntity
  8
07-RECUADRO
100
AcDbPolyline
 90
4
 70
1
 10
20.0
 20
10.0
 10
584.0
 20
10.0
 10
584.0
 20
410.0
 10
20.0
 20
410.0
  0
LINE
  5
41
330
17
100
AcDbEntity
  8
07-RECUADRO
100
AcDbLine
 10
297.0
 20
0.0
 30
0.0
 11
297.0
 21
15.0
 31
0.0
  0
LINE
  5
42
330
17
100
AcDbEntity
  8
07-RECUADRO
100
AcDbLine
 10
297.0
 20
420.0
 30
0.0
 11
297.0
 21
405.0
 31
0.0
  0
LINE
  5
43
330
17
100
AcDbEntity
  8
07-RECUADRO
100
AcDbLine
 10
0.0
 20
210.0
 30
0.0
 11
25.0
 21
210.0
 31
0.0
  0
LINE
  5
44
330
17
100
AcDbEntity
  8
07-RECUADRO
100
AcDbLine
 10
594.0
 20
210.0
 30
0.0
 11
579.0
 21
210.0
 31
0.0
  0
LINE
  5
45
330
17
100
AcDbEntity
  8
08-FINA
100
AcDbLine
 10
47.0
 20
10.0
 30
0.0
 11
47.0
 21
5.0
 31
0.0
  0
LINE
  5
46
330
17
100
AcDbEntity
  8
08-FINA
100
AcDbLine
 10
47.0
 20
410.0
 30
0.0
 11
47.0
 21
415.0
 31
0.0
  0
LINE
  5
47
330
17
100
AcDbEntity
  8
08-FINA
100
AcDbLine
 10
97.0
 20
10.0
 30
0.0
 11
97.0
 21
5.0
 31
0.0
  0
LINE
  5
48
330
17
100
AcDbEntity
  8
08-FINA
100
AcDbLine
 10
97.0
 20
410.0
 30
0.0
 11
97.0
 21
415.0
 31
0.0
  0
LINE
  5
49
330
17
100
AcDbEntity
  8
08-FINA
100
AcDbLine
 10
147.0
 20
10.0
 30
0.0
 11
147.0
 21
5.0
 31
0.0
  0
LINE
  5
4A
330
17
100
AcDbEntity
  8
08-FINA
100
AcDbLine
 10
147.0
 20
410.0
 30
0.0
 11
147.0
 21
415.0
 31
0.0
  0
LINE
  5
4B
330
17
100
AcDbEntity
  8
08-FINA
100
AcDbLine
 10
197.0
 20
10.0
 30
0.0
 11
197.0
 21
5.0
 31
0.0
  0
LINE
  5
4C
330
17
100
AcDbEntity
  8
08-FINA
100
AcDbLine
 10
197.0
 20
410.0
 30
0.0
 11
197.0
 21
415.0
 31
0.0
  0
LINE
  5
4D
330
17
100
AcDbEntity
  8
08-FINA
100
AcDbLine
 10
247.0
 20
10.0
 30
0.0
 11
247.0
 21
5.0
 31
0.0
  0
LINE
  5
4E
330
17
100
AcDbEntity
  8
08-FINA
100
AcDbLine
 10
247.0
 20
410.0
 30
0.0
 11
247.0
 21
415.0
 31
0.0
  0
LINE
  5
4F
330
17
100
AcDbEntity
  8
08-FINA
100
AcDbLine
 10
347.0
 20
10.0
 30
0.0
 11
347.0
 21
5.0
 31
0.0
  0
LINE
  5
50
330
17
100
AcDbEntity
  8
08-FINA
100
AcDbLine
 10
347.0
 20
410.0
 30
0.0
 11
347.0
 21
415.0
 31
0.0
  0
LINE
  5
51
330
17
100
AcDbEntity
  8
08-FINA
100
AcDbLine
 10
397.0
 20
10.0
 30
0.0
 11
397.0
 21
5.0
 31
0.0
  0
LINE
  5
52
330
17
100
AcDbEntity
  8
08-FINA
100
AcDbLine
 10
397.0
 20
410.0
 30
0.0
 11
397.0
 21
415.0
 31
0.0
  0
LINE
  5
53
330
17
100
AcDbEntity
  8
08-FINA
100
AcDbLine
 10
447.0
 20
10.0
 30
0.0
 11
447.0
 21
5.0
 31
0.0
  0
LINE
  5
54
330
17
100
AcDbEntity
  8
08-FINA
100
AcDbLine
 10
447.0
 20
410.0
 30
0.0
 11
447.0
 21
415.0
 31
0.0
  0
LINE
  5
55
330
17
100
AcDbEntity
  8
08-FINA
100
AcDbLine
 10
497.0
 20
10.0
 30
0.0
 11
497.0
 21
5.0
 31
0.0
  0
LINE
  5
56
330
17
100
AcDbEntity
  8
08-FINA
100
AcDbLine
 10
497.0
 20
410.0
 30
0.0
 11
497.0
 21
415.0
 31
0.0
  0
LINE
  5
57
330
17
100
AcDbEntity
  8
08-FINA
100
AcDbLine
 10
547.0
 20
10.0
 30
0.0
 11
547.0
 21
5.0
 31
0.0
  0
LINE
  5
58
330
17
100
AcDbEntity
  8
08-FINA
100
AcDbLine
 10
547.0
 20
410.0
 30
0.0
 11
547.0
 21
415.0
 31
0.0
  0
LINE
  5
59
330
17
100
AcDbEntity
  8
08-FINA
100
AcDbLine
 10
20.0
 20
60.0
 30
0.0
 11
15.0
 21
60.0
 31
0.0
  0
LINE
  5
5A
330
17
100
AcDbEntity
  8
08-FINA
100
AcDbLine
 10
584.0
 20
60.0
 30
0.0
 11
589.0
 21
60.0
 31
0.0
  0
LINE
  5
5B
330
17
100
AcDbEntity
  8
08-FINA
100
AcDbLine
 10
20.0
 20
110.0
 30
0.0
 11
15.0
 21
110.0
 31
0.0
  0
LINE
  5
5C
330
17
100
AcDbEntity
  8
08-FINA
100
AcDbLine
 10
584.0
 20
110.0
 30
0.0
 11
589.0
 21
110.0
 31
0.0
  0
LINE
  5
5D
330
17
100
AcDbEntity
  8
08-FINA
100
AcDbLine
 10
20.0
 20
160.0
 30
0.0
 11
15.0
 21
160.0
 31
0.0
  0
LINE
  5
5E
330
17
100
AcDbEntity
  8
08-FINA
100
AcDbLine
 10
584.0
 20
160.0
 30
0.0
 11
589.0
 21
160.0
 31
0.0
  0
LINE
  5
5F
330
17
100
AcDbEntity
  8
08-FINA
100
AcDbLine
 10
20.0
 20
260.0
 30
0.0
 11
15.0
 21
260.0
 31
0.0
  0
LINE
  5
60
330
17
100
AcDbEntity
  8
08-FINA
100
AcDbLine
 10
584.0
 20
260.0
 30
0.0
 11
589.0
 21
260.0
 31
0.0
  0
LINE
  5
61
330
17
100
AcDbEntity
  8
08-FINA
100
AcDbLine
 10
20.0
 20
310.0
 30
0.0
 11
15.0
 21
310.0
 31
0.0
  0
LINE
  5
62
330
17
100
AcDbEntity
  8
08-FINA
100
AcDbLine
 10
584.0
 20
310.0
 30
0.0
 11
589.0
 21
310.0
 31
0.0
  0
LINE
  5
63
330
17
100
AcDbEntity
  8
08-FINA
100
AcDbLine
 10
20.0
 20
360.0
 30
0.0
 11
15.0
 21
360.0
 31
0.0
  0
LINE
  5
64
330
17
100
AcDbEntity
  8
08-FINA
100
AcDbLine
 10
584.0
 20
360.0
 30
0.0
 11
589.0
 21
360.0
 31
0.0
  0
TEXT
  5
65
330
17
100
AcDbEntity
  8
06-TEXTO
100
AcDbText
 10
33.5
 20
5.0
 30
0.0
 40
3.5
  1
1
  7
ISO3098
 72
1
 11
33.5
 21
5.0
 31
0.0
100
AcDbText
 73
2
  0
TEXT
  5
66
330
17
100
AcDbEntity
  8
06-TEXTO
100
AcDbText
 10
33.5
 20
415.0
 30
0.0
 40
3.5
  1
1
  7
ISO3098
 72
1
 11
33.5
 21
415.0
 31
0.0
100
AcDbText
 73
2
  0
TEXT
  5
67
330
17
100
AcDbEntity
  8
06-TEXTO
100
AcDbText
 10
72.0
 20
5.0
 30
0.0
 40
3.5
  1
2
  7
ISO3098
 72
1
 11
72.0
 21
5.0
 31
0.0
100
AcDbText
 73
2
  0
TEXT
  5
68
330
17
100
AcDbEntity
  8
06-TEXTO
100
AcDbText
 10
72.0
 20
415.0
 30
0.0
 40
3.5
  1
2
  7
ISO3098
 72
1
 11
72.0
 21
415.0
 31
0.0
100
AcDbText
 73
2
  0
TEXT
  5
69
330
17
100
AcDbEntity
  8
06-TEXTO
100
AcDbText
 10
122.0
 20
5.0
 30
0.0
 40
3.5
  1
3
  7
ISO3098
 72
1
 11
122.0
 21
5.0
 31
0.0
100
AcDbText
 73
2
  0
TEXT
  5
6A
330
17
100
AcDbEntity
  8
06-TEXTO
100
AcDbText
 10
122.0
 20
415.0
 30
0.0
 40
3.5
  1
3
  7
ISO3098
 72
1
 11
122.0
 21
415.0
 31
0.0
100
AcDbText
 73
2
  0
TEXT
  5
6B
330
17
100
AcDbEntity
  8
06-TEXTO
100
AcDbText
 10
172.0
 20
5.0
 30
0.0
 40
3.5
  1
4
  7
ISO3098
 72
1
 11
172.0
 21
5.0
 31
0.0
100
AcDbText
 73
2
  0
TEXT
  5
6C
330
17
100
AcDbEntity
  8
06-TEXTO
100
AcDbText
 10
172.0
 20
415.0
 30
0.0
 40
3.5
  1
4
  7
ISO3098
 72
1
 11
172.0
 21
415.0
 31
0.0
100
AcDbText
 73
2
  0
TEXT
  5
6D
330
17
100
AcDbEntity
  8
06-TEXTO
100
AcDbText
 10
222.0
 20
5.0
 30
0.0
 40
3.5
  1
5
  7
ISO3098
 72
1
 11
222.0
 21
5.0
 31
0.0
100
AcDbText
 73
2
  0
TEXT
  5
6E
330
17
100
AcDbEntity
  8
06-TEXTO
100
AcDbText
 10
222.0
 20
415.0
 30
0.0
 40
3.5
  1
5
  7
ISO3098
 72
1
 11
222.0
 21
415.0
 31
0.0
100
AcDbText
 73
2
  0
TEXT
  5
6F
330
17
100
AcDbEntity
  8
06-TEXTO
100
AcDbText
 10
272.0
 20
5.0
 30
0.0
 40
3.5
  1
6
  7
ISO3098
 72
1
 11
272.0
 21
5.0
 31
0.0
100
AcDbText
 73
2
  0
TEXT
  5
70
330
17
100
AcDbEntity
  8
06-TEXTO
100
AcDbText
 10
272.0
 20
415.0
 30
0.0
 40
3.5
  1
6
  7
ISO3098
 72
1
 11
272.0
 21
415.0
 31
0.0
100
AcDbText
 73
2
  0
TEXT
  5
71
330
17
100
AcDbEntity
  8
06-TEXTO
100
AcDbText
 10
322.0
 20
5.0
 30
0.0
 40
3.5
  1
7
  7
ISO3098
 72
1
 11
322.0
 21
5.0
 31
0.0
100
AcDbText
 73
2
  0
TEXT
  5
72
330
17
100
AcDbEntity
  8
06-TEXTO
100
AcDbText
 10
322.0
 20
415.0
 30
0.0
 40
3.5
  1
7
  7
ISO3098
 72
1
 11
322.0
 21
415.0
 31
0.0
100
AcDbText
 73
2
  0
TEXT
  5
73
330
17
100
AcDbEntity
  8
06-TEXTO
100
AcDbText
 10
372.0
 20
5.0
 30
0.0
 40
3.5
  1
8
  7
ISO3098
 72
1
 11
372.0
 21
5.0
 31
0.0
100
AcDbText
 73
2
  0
TEXT
  5
74
330
17
100
AcDbEntity
  8
06-TEXTO
100
AcDbText
 10
372.0
 20
415.0
 30
0.0
 40
3.5
  1
8
  7
ISO3098
 72
1
 11
372.0
 21
415.0
 31
0.0
100
AcDbText
 73
2
  0
TEXT
  5
75
330
17
100
AcDbEntity
  8
06-TEXTO
100
AcDbText
 10
422.0
 20
5.0
 30
0.0
 40
3.5
  1
9
  7
ISO3098
 72
1
 11
422.0
 21
5.0
 31
0.0
100
AcDbText
 73
2
  0
TEXT
  5
76
330
17
100
AcDbEntity
  8
06-TEXTO
100
AcDbText
 10
422.0
 20
415.0
 30
0.0
 40
3.5
  1
9
  7
ISO3098
 72
1
 11
422.0
 21
415.0
 31
0.0
100
AcDbText
 73
2
  0
TEXT
  5
77
330
17
100
AcDbEntity
  8
06-TEXTO
100
AcDbText
 10
472.0
 20
5.0
 30
0.0
 40
3.5
  1
10
  7
ISO3098
 72
1
 11
472.0
 21
5.0
 31
0.0
100
AcDbText
 73
2
  0
TEXT
  5
78
330
17
100
AcDbEntity
  8
06-TEXTO
100
AcDbText
 10
472.0
 20
415.0
 30
0.0
 40
3.5
  1
10
  7
ISO3098
 72
1
 11
472.0
 21
415.0
 31
0.0
100
AcDbText
 73
2
  0
TEXT
  5
79
330
17
100
AcDbEntity
  8
06-TEXTO
100
AcDbText
 10
522.0
 20
5.0
 30
0.0
 40
3.5
  1
11
  7
ISO3098
 72
1
 11
522.0
 21
5.0
 31
0.0
100
AcDbText
 73
2
  0
TEXT
  5
7A
330
17
100
AcDbEntity
  8
06-TEXTO
100
AcDbText
 10
522.0
 20
415.0
 30
0.0
 40
3.5
  1
11
  7
ISO3098
 72
1
 11
522.0
 21
415.0
 31
0.0
100
AcDbText
 73
2
  0
TEXT
  5
7B
330
17
100
AcDbEntity
  8
06-TEXTO
100
AcDbText
 10
565.5
 20
5.0
 30
0.0
 40
3.5
  1
12
  7
ISO3098
 72
1
 11
565.5
 21
5.0
 31
0.0
100
AcDbText
 73
2
  0
TEXT
  5
7C
330
17
100
AcDbEntity
  8
06-TEXTO
100
AcDbText
 10
565.5
 20
415.0
 30
0.0
 40
3.5
  1
12
  7
ISO3098
 72
1
 11
565.5
 21
415.0
 31
0.0
100
AcDbText
 73
2
  0
TEXT
  5
7D
330
17
100
AcDbEntity
  8
06-TEXTO
100
AcDbText
 10
10.0
 20
35.0
 30
0.0
 40
3.5
  1
H
  7
ISO3098
 72
1
 11
10.0
 21
35.0
 31
0.0
100
AcDbText
 73
2
  0
TEXT
  5
7E
330
17
100
AcDbEntity
  8
06-TEXTO
100
AcDbText
 10
589.0
 20
35.0
 30
0.0
 40
3.5
  1
H
  7
ISO3098
 72
1
 11
589.0
 21
35.0
 31
0.0
100
AcDbText
 73
2
  0
TEXT
  5
7F
330
17
100
AcDbEntity
  8
06-TEXTO
100
AcDbText
 10
10.0
 20
85.0
 30
0.0
 40
3.5
  1
G
  7
ISO3098
 72
1
 11
10.0
 21
85.0
 31
0.0
100
AcDbText
 73
2
  0
TEXT
  5
80
330
17
100
AcDbEntity
  8
06-TEXTO
100
AcDbText
 10
589.0
 20
85.0
 30
0.0
 40
3.5
  1
G
  7
ISO3098
 72
1
 11
589.0
 21
85.0
 31
0.0
100
AcDbText
 73
2
  0
TEXT
  5
81
330
17
100
AcDbEntity
  8
06-TEXTO
100
AcDbText
 10
10.0
 20
135.0
 30
0.0
 40
3.5
  1
F
  7
ISO3098
 72
1
 11
10.0
 21
135.0
 31
0.0
100
AcDbText
 73
2
  0
TEXT
  5
82
330
17
100
AcDbEntity
  8
06-TEXTO
100
AcDbText
 10
589.0
 20
135.0
 30
0.0
 40
3.5
  1
F
  7
ISO3098
 72
1
 11
589.0
 21
135.0
 31
0.0
100
AcDbText
 73
2
  0
TEXT
  5
83
330
17
100
AcDbEntity
  8
06-TEXTO
100
AcDbText
 10
10.0
 20
185.0
 30
0.0
 40
3.5
  1
E
  7
ISO3098
 72
1
 11
10.0
 21
185.0
 31
0.0
100
AcDbText
 73
2
  0
TEXT
  5
84
330
17
100
AcDbEntity
  8
06-TEXTO
100
AcDbText
 10
589.0
 20
185.0
 30
0.0
 40
3.5
  1
E
  7
ISO3098
 72
1
 11
589.0
 21
185.0
 31
0.0
100
AcDbText
 73
2
  0
TEXT
  5
85
330
17
100
AcDbEntity
  8
06-TEXTO
100
AcDbText
 10
10.0
 20
235.0
 30
0.0
 40
3.5
  1
D
  7
ISO3098
 72
1
 11
10.0
 21
235.0
 31
0.0
100
AcDbText
 73
2
  0
TEXT
  5
86
330
17
100
AcDbEntity
  8
06-TEXTO
100
AcDbText
 10
589.0
 20
235.0
 30
0.0
 40
3.5
  1
D
  7
ISO3098
 72
1
 11
589.0
 21
235.0
 31
0.0
100
AcDbText
 73
2
  0
TEXT
  5
87
330
17
100
AcDbEntity
  8
06-TEXTO
100
AcDbText
 10
10.0
 20
285.0
 30
0.0
 40
3.5
  1
C
  7
ISO3098
 72
1
 11
10.0
 21
285.0
 31
0.0
100
AcDbText
 73
2
  0
TEXT
  5
88
330
17
100
AcDbEntity
  8
06-TEXTO
100
AcDbText
 10
589.0
 20
285.0
 30
0.0
 40
3.5
  1
C
  7
ISO3098
 72
1
 11
589.0
 21
285.0
 31
0.0
100
AcDbText
 73
2
  0
TEXT
  5
89
330
17
100
AcDbEntity
  8
06-TEXTO
100
AcDbText
 10
10.0
 20
335.0
 30
0.0
 40
3.5
  1
B
  7
ISO3098
 72
1
 11
10.0
 21
335.0
 31
0.0
100
AcDbText
 73
2
  0
TEXT
  5
8A
330
17
100
AcDbEntity
  8
06-TEXTO
100
AcDbText
 10
589.0
 20
335.0
 30
0.0
 40
3.5
  1
B
  7
ISO3098
 72
1
 11
589.0
 21
335.0
 31
0.0
100
AcDbText
 73
2
  0
TEXT
  5
8B
330
17
100
AcDbEntity
  8
06-TEXTO
100
AcDbText
 10
10.0
 20
385.0
 30
0.0
 40
3.5
  1
A
  7
ISO3098
 72
1
 11
10.0
 21
385.0
 31
0.0
100
AcDbText
 73
2
  0
TEXT
  5
8C
330
17
100
AcDbEntity
  8
06-TEXTO
100
AcDbText
 10
589.0
 20
385.0
 30
0.0
 40
3.5
  1
A
  7
ISO3098
 72
1
 11
589.0
 21
385.0
 31
0.0
100
AcDbText
 73
2
  0
LWPOLYLINE
  5
8D
330
17
100
AcDbEntity
  8
10-ROTULO
100
AcDbPolyline
 90
4
 70
1
 10
404.0
 20
60.0
 10
418.0
 20
60.0
 10
418.0
 20
66.0
 10
404.0
 20
66.0
  0
LWPOLYLINE
  5
8E
330
17
100
AcDbEntity
  8
10-ROTULO
100
AcDbPolyline
 90
4
 70
1
 10
418.0
 20
60.0
 10
437.0
 20
60.0
 10
437.0
 20
66.0
 10
418.0
 20
66.0
  0
TEXT
  5
8F
330
17
100
AcDbEntity
  8
11-TEXTO-ROTULO
100
AcDbText
 10
427.5
 20
63.0
 30
0.0
 40
2.2
  1
Fecha
  7
ISO3098
 72
1
 11
427.5
 21
63.0
 31
0.0
100
AcDbText
 73
2
  0
LWPOLYLINE
  5
90
330
17
100
AcDbEntity
  8
10-ROTULO
100
AcDbPolyline
 90
4
 70
1
 10
437.0
 20
60.0
 10
460.0
 20
60.0
 10
460.0
 20
66.0
 10
437.0
 20
66.0
  0
TEXT
  5
91
330
17
100
AcDbEntity
  8
11-TEXTO-ROTULO
100
AcDbText
 10
448.5
 20
63.0
 30
0.0
 40
2.2
  1
Nombre
  7
ISO3098
 72
1
 11
448.5
 21
63.0
 31
0.0
100
AcDbText
 73
2
  0
LWPOLYLINE
  5
92
330
17
100
AcDbEntity
  8
10-ROTULO
100
AcDbPolyline
 90
4
 70
1
 10
404.0
 20
54.0
 10
418.0
 20
54.0
 10
418.0
 20
60.0
 10
404.0
 20
60.0
  0
TEXT
  5
93
330
17
100
AcDbEntity
  8
11-TEXTO-ROTULO
100
AcDbText
 10
405.5
 20
57.0
 30
0.0
 40
2.2
  1
Dibujó
  7
ISO3098
 11
405.5
 21
57.0
 31
0.0
100
AcDbText
 73
2
  0
LWPOLYLINE
  5
94
330
17
100
AcDbEntity
  8
10-ROTULO
100
AcDbPolyline
 90
4
 70
1
 10
418.0
 20
54.0
 10
437.0
 20
54.0
 10
437.0
 20
60.0
 10
418.0
 20
60.0
  0
TEXT
  5
95
330
17
100
AcDbEntity
  8
11-TEXTO-ROTULO
100
AcDbText
 10
427.5
 20
57.0
 30
0.0
 40
2.2
  1
28/09/2026
  7
ISO3098
 72
1
 11
427.5
 21
57.0
 31
0.0
100
AcDbText
 73
2
  0
LWPOLYLINE
  5
96
330
17
100
AcDbEntity
  8
10-ROTULO
100
AcDbPolyline
 90
4
 70
1
 10
437.0
 20
54.0
 10
460.0
 20
54.0
 10
460.0
 20
60.0
 10
437.0
 20
60.0
  0
TEXT
  5
97
330
17
100
AcDbEntity
  8
11-TEXTO-ROTULO
100
AcDbText
 10
448.5
 20
57.0
 30
0.0
 40
2.2
  1
T. Sinay
  7
ISO3098
 72
1
 11
448.5
 21
57.0
 31
0.0
100
AcDbText
 73
2
  0
LWPOLYLINE
  5
98
330
17
100
AcDbEntity
  8
10-ROTULO
100
AcDbPolyline
 90
4
 70
1
 10
404.0
 20
48.0
 10
418.0
 20
48.0
 10
418.0
 20
54.0
 10
404.0
 20
54.0
  0
TEXT
  5
99
330
17
100
AcDbEntity
  8
11-TEXTO-ROTULO
100
AcDbText
 10
405.5
 20
51.0
 30
0.0
 40
2.2
  1
Revisó
  7
ISO3098
 11
405.5
 21
51.0
 31
0.0
100
AcDbText
 73
2
  0
LWPOLYLINE
  5
9A
330
17
100
AcDbEntity
  8
10-ROTULO
100
AcDbPolyline
 90
4
 70
1
 10
418.0
 20
48.0
 10
437.0
 20
48.0
 10
437.0
 20
54.0
 10
418.0
 20
54.0
  0
LWPOLYLINE
  5
9B
330
17
100
AcDbEntity
  8
10-ROTULO
100
AcDbPolyline
 90
4
 70
1
 10
437.0
 20
48.0
 10
460.0
 20
48.0
 10
460.0
 20
54.0
 10
437.0
 20
54.0
  0
LWPOLYLINE
  5
9C
330
17
100
AcDbEntity
  8
10-ROTULO
100
AcDbPolyline
 90
4
 70
1
 10
404.0
 20
42.0
 10
418.0
 20
42.0
 10
418.0
 20
48.0
 10
404.0
 20
48.0
  0
TEXT
  5
9D
330
17
100
AcDbEntity
  8
11-TEXTO-ROTULO
100
AcDbText
 10
405.5
 20
45.0
 30
0.0
 40
2.2
  1
Aprobó
  7
ISO3098
 11
405.5
 21
45.0
 31
0.0
100
AcDbText
 73
2
  0
LWPOLYLINE
  5
9E
330
17
100
AcDbEntity
  8
10-ROTULO
100
AcDbPolyline
 90
4
 70
1
 10
418.0
 20
42.0
 10
437.0
 20
42.0
 10
437.0
 20
48.0
 10
418.0
 20
48.0
  0
LWPOLYLINE
  5
9F
330
17
100
AcDbEntity
  8
10-ROTULO
100
AcDbPolyline
 90
4
 70
1
 10
437.0
 20
42.0
 10
460.0
 20
42.0
 10
460.0
 20
48.0
 10
437.0
 20
48.0
  0
LWPOLYLINE
  5
A0
330
17
100
AcDbEntity
  8
10-ROTULO
100
AcDbPolyline
 90
4
 70
1
 10
404.0
 20
28.0
 10
426.0
 20
28.0
 10
426.0
 20
42.0
 10
404.0
 20
42.0
  0
TEXT
  5
A1
330
17
100
AcDbEntity
  8
11-TEXTO-ROTULO
100
AcDbText
 10
405.0
 20
41.0
 30
0.0
 40
1.8
  1
Escala
  7
ISO3098
 11
405.0
 21
41.0
 31
0.0
100
AcDbText
 73
3
  0
TEXT
  5
A2
330
17
100
AcDbEntity
  8
11-TEXTO-ROTULO
100
AcDbText
 10
415.0
 20
33.6
 30
0.0
 40
5.0
  1
1:2
  7
ISO3098
 72
1
 11
415.0
 21
33.6
 31
0.0
100
AcDbText
 73
2
  0
LWPOLYLINE
  5
A3
330
17
100
AcDbEntity
  8
10-ROTULO
100
AcDbPolyline
 90
4
 70
1
 10
426.0
 20
28.0
 10
460.0
 20
28.0
 10
460.0
 20
42.0
 10
426.0
 20
42.0
  0
TEXT
  5
A4
330
17
100
AcDbEntity
  8
11-TEXTO-ROTULO
100
AcDbText
 10
427.0
 20
41.0
 30
0.0
 40
1.8
  1
Método de proyección
  7
ISO3098
 11
427.0
 21
41.0
 31
0.0
100
AcDbText
 73
3
  0
CIRCLE
  5
A5
330
17
100
AcDbEntity
  8
01-VISIBLE
100
AcDbCircle
 10
438.0
 20
33.5
 30
0.0
 40
3.5
  0
CIRCLE
  5
A6
330
17
100
AcDbEntity
  8
01-VISIBLE
100
AcDbCircle
 10
438.0
 20
33.5
 30
0.0
 40
1.75
  0
LWPOLYLINE
  5
A7
330
17
100
AcDbEntity
  8
01-VISIBLE
100
AcDbPolyline
 90
4
 70
1
 10
445.0
 20
30.0
 10
452.0
 20
31.75
 10
452.0
 20
35.25
 10
445.0
 20
37.0
  0
LINE
  5
A8
330
17
100
AcDbEntity
  8
03-EJE
100
AcDbLine
 10
433.0
 20
33.5
 30
0.0
 11
453.5
 21
33.5
 31
0.0
  0
LINE
  5
A9
330
17
100
AcDbEntity
  8
03-EJE
100
AcDbLine
 10
438.0
 20
28.5
 30
0.0
 11
438.0
 21
38.5
 31
0.0
  0
LWPOLYLINE
  5
AA
330
17
100
AcDbEntity
  8
10-ROTULO
100
AcDbPolyline
 90
4
 70
1
 10
404.0
 20
18.0
 10
460.0
 20
18.0
 10
460.0
 20
28.0
 10
404.0
 20
28.0
  0
TEXT
  5
AB
330
17
100
AcDbEntity
  8
11-TEXTO-ROTULO
100
AcDbText
 10
405.0
 20
27.0
 30
0.0
 40
1.8
  1
Tolerancias generales
  7
ISO3098
 11
405.0
 21
27.0
 31
0.0
100
AcDbText
 73
3
  0
TEXT
  5
AC
330
17
100
AcDbEntity
  8
11-TEXTO-ROTULO
100
AcDbText
 10
432.0
 20
21.6
 30
0.0
 40
3.5
  1
ISO 2768-m
  7
ISO3098
 72
1
 11
432.0
 21
21.6
 31
0.0
100
AcDbText
 73
2
  0
LWPOLYLINE
  5
AD
330
17
100
AcDbEntity
  8
10-ROTULO
100
AcDbPolyline
 90
4
 70
1
 10
404.0
 20
10.0
 10
460.0
 20
10.0
 10
460.0
 20
18.0
 10
404.0
 20
18.0
  0
TEXT
  5
AE
330
17
100
AcDbEntity
  8
11-TEXTO-ROTULO
100
AcDbText
 10
405.0
 20
17.0
 30
0.0
 40
1.8
  1
Formato
  7
ISO3098
 11
405.0
 21
17.0
 31
0.0
100
AcDbText
 73
3
  0
TEXT
  5
AF
330
17
100
AcDbEntity
  8
11-TEXTO-ROTULO
100
AcDbText
 10
432.0
 20
12.6
 30
0.0
 40
3.5
  1
A2
  7
ISO3098
 72
1
 11
432.0
 21
12.6
 31
0.0
100
AcDbText
 73
2
  0
LWPOLYLINE
  5
B0
330
17
100
AcDbEntity
  8
10-ROTULO
100
AcDbPolyline
 90
4
 70
1
 10
460.0
 20
54.0
 10
532.0
 20
54.0
 10
532.0
 20
66.0
 10
460.0
 20
66.0
  0
TEXT
  5
B1
330
17
100
AcDbEntity
  8
11-TEXTO-ROTULO
100
AcDbText
 10
461.0
 20
65.0
 30
0.0
 40
1.8
  1
Propietario
  7
ISO3098
 11
461.0
 21
65.0
 31
0.0
100
AcDbText
 73
3
  0
TEXT
  5
B2
330
17
100
AcDbEntity
  8
11-TEXTO-ROTULO
100
AcDbText
 10
496.0
 20
58.6
 30
0.0
 40
5.0
  1
FLAMA S.A.
  7
ISO3098
 72
1
 11
496.0
 21
58.6
 31
0.0
100
AcDbText
 73
2
  0
LWPOLYLINE
  5
B3
330
17
100
AcDbEntity
  8
10-ROTULO
100
AcDbPolyline
 90
4
 70
1
 10
460.0
 20
22.0
 10
532.0
 20
22.0
 10
532.0
 20
54.0
 10
460.0
 20
54.0
  0
TEXT
  5
B4
330
17
100
AcDbEntity
  8
11-TEXTO-ROTULO
100
AcDbText
 10
461.0
 20
53.0
 30
0.0
 40
1.8
  1
Denominación
  7
ISO3098
 11
461.0
 21
53.0
 31
0.0
100
AcDbText
 73
3
  0
TEXT
  5
B5
330
17
100
AcDbEntity
  8
11-TEXTO-ROTULO
100
AcDbText
 10
496.0
 20
35.0
 30
0.0
 40
5.0
  1
Extintor ABC 1 kg
  7
ISO3098
 72
1
 11
496.0
 21
35.0
 31
0.0
100
AcDbText
 73
2
  0
TEXT
  5
B6
330
17
100
AcDbEntity
  8
11-TEXTO-ROTULO
100
AcDbText
 10
496.0
 20
25.5
 30
0.0
 40
2.2
  1
Agente: Polvo químico seco ABC
  7
ISO3098
 72
1
 11
496.0
 21
25.5
 31
0.0
100
AcDbText
 73
2
  0
LWPOLYLINE
  5
B7
330
17
100
AcDbEntity
  8
10-ROTULO
100
AcDbPolyline
 90
4
 70
1
 10
460.0
 20
10.0
 10
532.0
 20
10.0
 10
532.0
 20
22.0
 10
460.0
 20
22.0
  0
TEXT
  5
B8
330
17
100
AcDbEntity
  8
11-TEXTO-ROTULO
100
AcDbText
 10
461.0
 20
21.0
 30
0.0
 40
1.8
  1
Tipo de documento
  7
ISO3098
 11
461.0
 21
21.0
 31
0.0
100
AcDbText
 73
3
  0
TEXT
  5
B9
330
17
100
AcDbEntity
  8
11-TEXTO-ROTULO
100
AcDbText
 10
496.0
 20
14.6
 30
0.0
 40
3.5
  1
Plano de conjunto
  7
ISO3098
 72
1
 11
496.0
 21
14.6
 31
0.0
100
AcDbText
 73
2
  0
LWPOLYLINE
  5
BA
330
17
100
AcDbEntity
  8
10-ROTULO
100
AcDbPolyline
 90
4
 70
1
 10
532.0
 20
10.0
 10
584.0
 20
10.0
 10
584.0
 20
24.0
 10
532.0
 20
24.0
  0
TEXT
  5
BB
330
17
100
AcDbEntity
  8
11-TEXTO-ROTULO
100
AcDbText
 10
533.0
 20
23.0
 30
0.0
 40
1.8
  1
N° de plano
  7
ISO3098
 11
533.0
 21
23.0
 31
0.0
100
AcDbText
 73
3
  0
TEXT
  5
BC
330
17
100
AcDbEntity
  8
11-TEXTO-ROTULO
100
AcDbText
 10
558.0
 20
15.6
 30
0.0
 40
5.0
  1
FL-ABC-001
  7
ISO3098
 72
1
 11
558.0
 21
15.6
 31
0.0
100
AcDbText
 73
2
  0
LWPOLYLINE
  5
BD
330
17
100
AcDbEntity
  8
10-ROTULO
100
AcDbPolyline
 90
4
 70
1
 10
532.0
 20
24.0
 10
556.0
 20
24.0
 10
556.0
 20
34.0
 10
532.0
 20
34.0
  0
TEXT
  5
BE
330
17
100
AcDbEntity
  8
11-TEXTO-ROTULO
100
AcDbText
 10
533.0
 20
33.0
 30
0.0
 40
1.8
  1
Hoja
  7
ISO3098
 11
533.0
 21
33.0
 31
0.0
100
AcDbText
 73
3
  0
TEXT
  5
BF
330
17
100
AcDbEntity
  8
11-TEXTO-ROTULO
100
AcDbText
 10
544.0
 20
27.6
 30
0.0
 40
3.5
  1
1 / 3
  7
ISO3098
 72
1
 11
544.0
 21
27.6
 31
0.0
100
AcDbText
 73
2
  0
LWPOLYLINE
  5
C0
330
17
100
AcDbEntity
  8
10-ROTULO
100
AcDbPolyline
 90
4
 70
1
 10
556.0
 20
24.0
 10
584.0
 20
24.0
 10
584.0
 20
34.0
 10
556.0
 20
34.0
  0
TEXT
  5
C1
330
17
100
AcDbEntity
  8
11-TEXTO-ROTULO
100
AcDbText
 10
557.0
 20
33.0
 30
0.0
 40
1.8
  1
Idioma
  7
ISO3098
 11
557.0
 21
33.0
 31
0.0
100
AcDbText
 73
3
  0
TEXT
  5
C2
330
17
100
AcDbEntity
  8
11-TEXTO-ROTULO
100
AcDbText
 10
570.0
 20
27.6
 30
0.0
 40
3.5
  1
es
  7
ISO3098
 72
1
 11
570.0
 21
27.6
 31
0.0
100
AcDbText
 73
2
  0
LWPOLYLINE
  5
C3
330
17
100
AcDbEntity
  8
10-ROTULO
100
AcDbPolyline
 90
4
 70
1
 10
532.0
 20
34.0
 10
556.0
 20
34.0
 10
556.0
 20
44.0
 10
532.0
 20
44.0
  0
TEXT
  5
C4
330
17
100
AcDbEntity
  8
11-TEXTO-ROTULO
100
AcDbText
 10
533.0
 20
43.0
 30
0.0
 40
1.8
  1
Edición
  7
ISO3098
 11
533.0
 21
43.0
 31
0.0
100
AcDbText
 73
3
  0
TEXT
  5
C5
330
17
100
AcDbEntity
  8
11-TEXTO-ROTULO
100
AcDbText
 10
544.0
 20
37.6
 30
0.0
 40
3.5
  1
0
  7
ISO3098
 72
1
 11
544.0
 21
37.6
 31
0.0
100
AcDbText
 73
2
  0
LWPOLYLINE
  5
C6
330
17
100
AcDbEntity
  8
10-ROTULO
100
AcDbPolyline
 90
4
 70
1
 10
556.0
 20
34.0
 10
584.0
 20
34.0
 10
584.0
 20
44.0
 10
556.0
 20
44.0
  0
TEXT
  5
C7
330
17
100
AcDbEntity
  8
11-TEXTO-ROTULO
100
AcDbText
 10
557.0
 20
43.0
 30
0.0
 40
1.8
  1
Fecha de emisión
  7
ISO3098
 11
557.0
 21
43.0
 31
0.0
100
AcDbText
 73
3
  0
TEXT
  5
C8
330
17
100
AcDbEntity
  8
11-TEXTO-ROTULO
100
AcDbText
 10
570.0
 20
37.6
 30
0.0
 40
2.5
  1
28/09/2026
  7
ISO3098
 72
1
 11
570.0
 21
37.6
 31
0.0
100
AcDbText
 73
2
  0
LWPOLYLINE
  5
C9
330
17
100
AcDbEntity
  8
10-ROTULO
100
AcDbPolyline
 90
4
 70
1
 10
532.0
 20
44.0
 10
584.0
 20
44.0
 10
584.0
 20
55.0
 10
532.0
 20
55.0
  0
TEXT
  5
CA
330
17
100
AcDbEntity
  8
11-TEXTO-ROTULO
100
AcDbText
 10
533.0
 20
54.0
 30
0.0
 40
1.8
  1
Material
  7
ISO3098
 11
533.0
 21
54.0
 31
0.0
100
AcDbText
 73
3
  0
TEXT
  5
CB
330
17
100
AcDbEntity
  8
11-TEXTO-ROTULO
100
AcDbText
 10
558.0
 20
48.1
 30
0.0
 40
2.5
  1
Ver lista de piezas
  7
ISO3098
 72
1
 11
558.0
 21
48.1
 31
0.0
100
AcDbText
 73
2
  0
LWPOLYLINE
  5
CC
330
17
100
AcDbEntity
  8
10-ROTULO
100
AcDbPolyline
 90
4
 70
1
 10
532.0
 20
55.0
 10
584.0
 20
55.0
 10
584.0
 20
66.0
 10
532.0
 20
66.0
  0
TEXT
  5
CD
330
17
100
AcDbEntity
  8
11-TEXTO-ROTULO
100
AcDbText
 10
533.0
 20
65.0
 30
0.0
 40
1.8
  1
Reemplaza a / Reemplazado por
  7
ISO3098
 11
533.0
 21
65.0
 31
0.0
100
AcDbText
 73
3
  0
TEXT
  5
CE
330
17
100
AcDbEntity
  8
11-TEXTO-ROTULO
100
AcDbText
 10
558.0
 20
59.1
 30
0.0
 40
2.5
  1
-
  7
ISO3098
 72
1
 11
558.0
 21
59.1
 31
0.0
100
AcDbText
 73
2
  0
LWPOLYLINE
  5
CF
330
17
100
AcDbEntity
  8
07-RECUADRO
100
AcDbPolyline
 90
4
 70
1
 10
404.0
 20
10.0
 10
584.0
 20
10.0
 10
584.0
 20
66.0
 10
404.0
 20
66.0
  0
LWPOLYLINE
  5
D0
330
17
100
AcDbEntity
  8
10-ROTULO
100
AcDbPolyline
 90
4
 70
1
 10
404.0
 20
66.0
 10
584.0
 20
66.0
 10
584.0
 20
146.0
 10
404.0
 20
146.0
  0
LINE
  5
D1
330
17
100
AcDbEntity
  8
10-ROTULO
100
AcDbLine
 10
404.0
 20
71.0
 30
0.0
 11
584.0
 21
71.0
 31
0.0
  0
LINE
  5
D2
330
17
100
AcDbEntity
  8
10-ROTULO
100
AcDbLine
 10
404.0
 20
76.0
 30
0.0
 11
584.0
 21
76.0
 31
0.0
  0
LINE
  5
D3
330
17
100
AcDbEntity
  8
10-ROTULO
100
AcDbLine
 10
404.0
 20
81.0
 30
0.0
 11
584.0
 21
81.0
 31
0.0
  0
LINE
  5
D4
330
17
100
AcDbEntity
  8
10-ROTULO
100
AcDbLine
 10
404.0
 20
86.0
 30
0.0
 11
584.0
 21
86.0
 31
0.0
  0
LINE
  5
D5
330
17
100
AcDbEntity
  8
10-ROTULO
100
AcDbLine
 10
404.0
 20
91.0
 30
0.0
 11
584.0
 21
91.0
 31
0.0
  0
LINE
  5
D6
330
17
100
AcDbEntity
  8
10-ROTULO
100
AcDbLine
 10
404.0
 20
96.0
 30
0.0
 11
584.0
 21
96.0
 31
0.0
  0
LINE
  5
D7
330
17
100
AcDbEntity
  8
10-ROTULO
100
AcDbLine
 10
404.0
 20
101.0
 30
0.0
 11
584.0
 21
101.0
 31
0.0
  0
LINE
  5
D8
330
17
100
AcDbEntity
  8
10-ROTULO
100
AcDbLine
 10
404.0
 20
106.0
 30
0.0
 11
584.0
 21
106.0
 31
0.0
  0
LINE
  5
D9
330
17
100
AcDbEntity
  8
10-ROTULO
100
AcDbLine
 10
404.0
 20
111.0
 30
0.0
 11
584.0
 21
111.0
 31
0.0
  0
LINE
  5
DA
330
17
100
AcDbEntity
  8
10-ROTULO
100
AcDbLine
 10
404.0
 20
116.0
 30
0.0
 11
584.0
 21
116.0
 31
0.0
  0
LINE
  5
DB
330
17
100
AcDbEntity
  8
10-ROTULO
100
AcDbLine
 10
404.0
 20
121.0
 30
0.0
 11
584.0
 21
121.0
 31
0.0
  0
LINE
  5
DC
330
17
100
AcDbEntity
  8
10-ROTULO
100
AcDbLine
 10
404.0
 20
126.0
 30
0.0
 11
584.0
 21
126.0
 31
0.0
  0
LINE
  5
DD
330
17
100
AcDbEntity
  8
10-ROTULO
100
AcDbLine
 10
404.0
 20
131.0
 30
0.0
 11
584.0
 21
131.0
 31
0.0
  0
LINE
  5
DE
330
17
100
AcDbEntity
  8
10-ROTULO
100
AcDbLine
 10
404.0
 20
136.0
 30
0.0
 11
584.0
 21
136.0
 31
0.0
  0
LINE
  5
DF
330
17
100
AcDbEntity
  8
10-ROTULO
100
AcDbLine
 10
404.0
 20
141.0
 30
0.0
 11
584.0
 21
141.0
 31
0.0
  0
LINE
  5
E0
330
17
100
AcDbEntity
  8
10-ROTULO
100
AcDbLine
 10
414.0
 20
66.0
 30
0.0
 11
414.0
 21
146.0
 31
0.0
  0
LINE
  5
E1
330
17
100
AcDbEntity
  8
10-ROTULO
100
AcDbLine
 10
424.0
 20
66.0
 30
0.0
 11
424.0
 21
146.0
 31
0.0
  0
LINE
  5
E2
330
17
100
AcDbEntity
  8
10-ROTULO
100
AcDbLine
 10
490.0
 20
66.0
 30
0.0
 11
490.0
 21
146.0
 31
0.0
  0
LINE
  5
E3
330
17
100
AcDbEntity
  8
10-ROTULO
100
AcDbLine
 10
540.0
 20
66.0
 30
0.0
 11
540.0
 21
146.0
 31
0.0
  0
TEXT
  5
E4
330
17
100
AcDbEntity
  8
11-TEXTO-ROTULO
100
AcDbText
 10
409.0
 20
68.5
 30
0.0
 40
2.5
  1
Pos.
  7
ISO3098
 72
1
 11
409.0
 21
68.5
 31
0.0
100
AcDbText
 73
2
  0
TEXT
  5
E5
330
17
100
AcDbEntity
  8
11-TEXTO-ROTULO
100
AcDbText
 10
419.0
 20
68.5
 30
0.0
 40
2.5
  1
Cant.
  7
ISO3098
 72
1
 11
419.0
 21
68.5
 31
0.0
100
AcDbText
 73
2
  0
TEXT
  5
E6
330
17
100
AcDbEntity
  8
11-TEXTO-ROTULO
100
AcDbText
 10
457.0
 20
68.5
 30
0.0
 40
2.5
  1
Denominación
  7
ISO3098
 72
1
 11
457.0
 21
68.5
 31
0.0
100
AcDbText
 73
2
  0
TEXT
  5
E7
330
17
100
AcDbEntity
  8
11-TEXTO-ROTULO
100
AcDbText
 10
515.0
 20
68.5
 30
0.0
 40
2.5
  1
Material
  7
ISO3098
 72
1
 11
515.0
 21
68.5
 31
0.0
100
AcDbText
 73
2
  0
TEXT
  5
E8
330
17
100
AcDbEntity
  8
11-TEXTO-ROTULO
100
AcDbText
 10
562.0
 20
68.5
 30
0.0
 40
2.5
  1
Observaciones
  7
ISO3098
 72
1
 11
562.0
 21
68.5
 31
0.0
100
AcDbText
 73
2
  0
TEXT
  5
E9
330
17
100
AcDbEntity
  8
11-TEXTO-ROTULO
100
AcDbText
 10
409.0
 20
73.5
 30
0.0
 40
2.5
  1
1
  7
ISO3098
 72
1
 11
409.0
 21
73.5
 31
0.0
100
AcDbText
 73
2
  0
TEXT
  5
EA
330
17
100
AcDbEntity
  8
11-TEXTO-ROTULO
100
AcDbText
 10
419.0
 20
73.5
 30
0.0
 40
2.5
  1
1
  7
ISO3098
 72
1
 11
419.0
 21
73.5
 31
0.0
100
AcDbText
 73
2
  0
TEXT
  5
EB
330
17
100
AcDbEntity
  8
11-TEXTO-ROTULO
100
AcDbText
 10
425.2
 20
73.5
 30
0.0
 40
2.5
  1
Cuerpo (virola) del recipiente
  7
ISO3098
 11
425.2
 21
73.5
 31
0.0
100
AcDbText
 73
2
  0
TEXT
  5
EC
330
17
100
AcDbEntity
  8
11-TEXTO-ROTULO
100
AcDbText
 10
491.2
 20
73.5
 30
0.0
 40
2.5
  1
Chapa de acero e=1,25
  7
ISO3098
 11
491.2
 21
73.5
 31
0.0
100
AcDbText
 73
2
  0
TEXT
  5
ED
330
17
100
AcDbEntity
  8
11-TEXTO-ROTULO
100
AcDbText
 10
541.2
 20
73.5
 30
0.0
 40
2.0
  1
costura longitudinal MIG
  7
ISO3098
 11
541.2
 21
73.5
 31
0.0
100
AcDbText
 73
2
  0
TEXT
  5
EE
330
17
100
AcDbEntity
  8
11-TEXTO-ROTULO
100
AcDbText
 10
409.0
 20
78.5
 30
0.0
 40
2.5
  1
2
  7
ISO3098
 72
1
 11
409.0
 21
78.5
 31
0.0
100
AcDbText
 73
2
  0
TEXT
  5
EF
330
17
100
AcDbEntity
  8
11-TEXTO-ROTULO
100
AcDbText
 10
419.0
 20
78.5
 30
0.0
 40
2.5
  1
1
  7
ISO3098
 72
1
 11
419.0
 21
78.5
 31
0.0
100
AcDbText
 73
2
  0
TEXT
  5
F0
330
17
100
AcDbEntity
  8
11-TEXTO-ROTULO
100
AcDbText
 10
425.2
 20
78.5
 30
0.0
 40
2.5
  1
Cúpula del recipiente
  7
ISO3098
 11
425.2
 21
78.5
 31
0.0
100
AcDbText
 73
2
  0
TEXT
  5
F1
330
17
100
AcDbEntity
  8
11-TEXTO-ROTULO
100
AcDbText
 10
491.2
 20
78.5
 30
0.0
 40
2.5
  1
Chapa de acero e=0,9
  7
ISO3098
 11
491.2
 21
78.5
 31
0.0
100
AcDbText
 73
2
  0
TEXT
  5
F2
330
17
100
AcDbEntity
  8
11-TEXTO-ROTULO
100
AcDbText
 10
541.2
 20
78.5
 30
0.0
 40
2.5
  1

  7
ISO3098
 11
541.2
 21
78.5
 31
0.0
100
AcDbText
 73
2
  0
TEXT
  5
F3
330
17
100
AcDbEntity
  8
11-TEXTO-ROTULO
100
AcDbText
 10
409.0
 20
83.5
 30
0.0
 40
2.5
  1
3
  7
ISO3098
 72
1
 11
409.0
 21
83.5
 31
0.0
100
AcDbText
 73
2
  0
TEXT
  5
F4
330
17
100
AcDbEntity
  8
11-TEXTO-ROTULO
100
AcDbText
 10
419.0
 20
83.5
 30
0.0
 40
2.5
  1
1
  7
ISO3098
 72
1
 11
419.0
 21
83.5
 31
0.0
100
AcDbText
 73
2
  0
TEXT
  5
F5
330
17
100
AcDbEntity
  8
11-TEXTO-ROTULO
100
AcDbText
 10
425.2
 20
83.5
 30
0.0
 40
2.5
  1
Fondo del recipiente
  7
ISO3098
 11
425.2
 21
83.5
 31
0.0
100
AcDbText
 73
2
  0
TEXT
  5
F6
330
17
100
AcDbEntity
  8
11-TEXTO-ROTULO
100
AcDbText
 10
491.2
 20
83.5
 30
0.0
 40
2.5
  1
Chapa de acero e=1,25
  7
ISO3098
 11
491.2
 21
83.5
 31
0.0
100
AcDbText
 73
2
  0
TEXT
  5
F7
330
17
100
AcDbEntity
  8
11-TEXTO-ROTULO
100
AcDbText
 10
541.2
 20
83.5
 30
0.0
 40
2.5
  1

  7
ISO3098
 11
541.2
 21
83.5
 31
0.0
100
AcDbText
 73
2
  0
TEXT
  5
F8
330
17
100
AcDbEntity
  8
11-TEXTO-ROTULO
100
AcDbText
 10
409.0
 20
88.5
 30
0.0
 40
2.5
  1
4
  7
ISO3098
 72
1
 11
409.0
 21
88.5
 31
0.0
100
AcDbText
 73
2
  0
TEXT
  5
F9
330
17
100
AcDbEntity
  8
11-TEXTO-ROTULO
100
AcDbText
 10
419.0
 20
88.5
 30
0.0
 40
2.5
  1
1
  7
ISO3098
 72
1
 11
419.0
 21
88.5
 31
0.0
100
AcDbText
 73
2
  0
TEXT
  5
FA
330
17
100
AcDbEntity
  8
11-TEXTO-ROTULO
100
AcDbText
 10
425.2
 20
88.5
 30
0.0
 40
2.5
  1
Cuello roscado
  7
ISO3098
 11
425.2
 21
88.5
 31
0.0
100
AcDbText
 73
2
  0
TEXT
  5
FB
330
17
100
AcDbEntity
  8
11-TEXTO-ROTULO
100
AcDbText
 10
491.2
 20
88.5
 30
0.0
 40
2.5
  1
Acero
  7
ISO3098
 11
491.2
 21
88.5
 31
0.0
100
AcDbText
 73
2
  0
TEXT
  5
FC
330
17
100
AcDbEntity
  8
11-TEXTO-ROTULO
100
AcDbText
 10
541.2
 20
88.5
 30
0.0
 40
2.5
  1
M22x1,5
  7
ISO3098
 11
541.2
 21
88.5
 31
0.0
100
AcDbText
 73
2
  0
TEXT
  5
FD
330
17
100
AcDbEntity
  8
11-TEXTO-ROTULO
100
AcDbText
 10
409.0
 20
93.5
 30
0.0
 40
2.5
  1
5
  7
ISO3098
 72
1
 11
409.0
 21
93.5
 31
0.0
100
AcDbText
 73
2
  0
TEXT
  5
FE
330
17
100
AcDbEntity
  8
11-TEXTO-ROTULO
100
AcDbText
 10
419.0
 20
93.5
 30
0.0
 40
2.5
  1
1
  7
ISO3098
 72
1
 11
419.0
 21
93.5
 31
0.0
100
AcDbText
 73
2
  0
TEXT
  5
FF
330
17
100
AcDbEntity
  8
11-TEXTO-ROTULO
100
AcDbText
 10
425.2
 20
93.5
 30
0.0
 40
2.5
  1
Collarín de válvula
  7
ISO3098
 11
425.2
 21
93.5
 31
0.0
100
AcDbText
 73
2
  0
TEXT
  5
100
330
17
100
AcDbEntity
  8
11-TEXTO-ROTULO
100
AcDbText
 10
491.2
 20
93.5
 30
0.0
 40
2.5
  1
Latón forjado
  7
ISO3098
 11
491.2
 21
93.5
 31
0.0
100
AcDbText
 73
2
  0
TEXT
  5
101
330
17
100
AcDbEntity
  8
11-TEXTO-ROTULO
100
AcDbText
 10
541.2
 20
93.5
 30
0.0
 40
2.5
  1

  7
ISO3098
 11
541.2
 21
93.5
 31
0.0
100
AcDbText
 73
2
  0
TEXT
  5
102
330
17
100
AcDbEntity
  8
11-TEXTO-ROTULO
100
AcDbText
 10
409.0
 20
98.5
 30
0.0
 40
2.5
  1
6
  7
ISO3098
 72
1
 11
409.0
 21
98.5
 31
0.0
100
AcDbText
 73
2
  0
TEXT
  5
103
330
17
100
AcDbEntity
  8
11-TEXTO-ROTULO
100
AcDbText
 10
419.0
 20
98.5
 30
0.0
 40
2.5
  1
1
  7
ISO3098
 72
1
 11
419.0
 21
98.5
 31
0.0
100
AcDbText
 73
2
  0
TEXT
  5
104
330
17
100
AcDbEntity
  8
11-TEXTO-ROTULO
100
AcDbText
 10
425.2
 20
98.5
 30
0.0
 40
2.5
  1
Espiga roscada de válvula
  7
ISO3098
 11
425.2
 21
98.5
 31
0.0
100
AcDbText
 73
2
  0
TEXT
  5
105
330
17
100
AcDbEntity
  8
11-TEXTO-ROTULO
100
AcDbText
 10
491.2
 20
98.5
 30
0.0
 40
2.5
  1
Latón forjado
  7
ISO3098
 11
491.2
 21
98.5
 31
0.0
100
AcDbText
 73
2
  0
TEXT
  5
106
330
17
100
AcDbEntity
  8
11-TEXTO-ROTULO
100
AcDbText
 10
541.2
 20
98.5
 30
0.0
 40
2.5
  1

  7
ISO3098
 11
541.2
 21
98.5
 31
0.0
100
AcDbText
 73
2
  0
TEXT
  5
107
330
17
100
AcDbEntity
  8
11-TEXTO-ROTULO
100
AcDbText
 10
409.0
 20
103.5
 30
0.0
 40
2.5
  1
7
  7
ISO3098
 72
1
 11
409.0
 21
103.5
 31
0.0
100
AcDbText
 73
2
  0
TEXT
  5
108
330
17
100
AcDbEntity
  8
11-TEXTO-ROTULO
100
AcDbText
 10
419.0
 20
103.5
 30
0.0
 40
2.5
  1
1
  7
ISO3098
 72
1
 11
419.0
 21
103.5
 31
0.0
100
AcDbText
 73
2
  0
TEXT
  5
109
330
17
100
AcDbEntity
  8
11-TEXTO-ROTULO
100
AcDbText
 10
425.2
 20
103.5
 30
0.0
 40
2.5
  1
Cuerpo de válvula
  7
ISO3098
 11
425.2
 21
103.5
 31
0.0
100
AcDbText
 73
2
  0
TEXT
  5
10A
330
17
100
AcDbEntity
  8
11-TEXTO-ROTULO
100
AcDbText
 10
491.2
 20
103.5
 30
0.0
 40
2.5
  1
Latón forjado
  7
ISO3098
 11
491.2
 21
103.5
 31
0.0
100
AcDbText
 73
2
  0
TEXT
  5
10B
330
17
100
AcDbEntity
  8
11-TEXTO-ROTULO
100
AcDbText
 10
541.2
 20
103.5
 30
0.0
 40
2.5
  1

  7
ISO3098
 11
541.2
 21
103.5
 31
0.0
100
AcDbText
 73
2
  0
TEXT
  5
10C
330
17
100
AcDbEntity
  8
11-TEXTO-ROTULO
100
AcDbText
 10
409.0
 20
108.5
 30
0.0
 40
2.5
  1
8
  7
ISO3098
 72
1
 11
409.0
 21
108.5
 31
0.0
100
AcDbText
 73
2
  0
TEXT
  5
10D
330
17
100
AcDbEntity
  8
11-TEXTO-ROTULO
100
AcDbText
 10
419.0
 20
108.5
 30
0.0
 40
2.5
  1
1
  7
ISO3098
 72
1
 11
419.0
 21
108.5
 31
0.0
100
AcDbText
 73
2
  0
TEXT
  5
10E
330
17
100
AcDbEntity
  8
11-TEXTO-ROTULO
100
AcDbText
 10
425.2
 20
108.5
 30
0.0
 40
2.5
  1
Manómetro indicador de presión
  7
ISO3098
 11
425.2
 21
108.5
 31
0.0
100
AcDbText
 73
2
  0
TEXT
  5
10F
330
17
100
AcDbEntity
  8
11-TEXTO-ROTULO
100
AcDbText
 10
491.2
 20
108.5
 30
0.0
 40
2.5
  1
-
  7
ISO3098
 11
491.2
 21
108.5
 31
0.0
100
AcDbText
 73
2
  0
TEXT
  5
110
330
17
100
AcDbEntity
  8
11-TEXTO-ROTULO
100
AcDbText
 10
541.2
 20
108.5
 30
0.0
 40
2.5
  1
comercial
  7
ISO3098
 11
541.2
 21
108.5
 31
0.0
100
AcDbText
 73
2
  0
TEXT
  5
111
330
17
100
AcDbEntity
  8
11-TEXTO-ROTULO
100
AcDbText
 10
409.0
 20
113.5
 30
0.0
 40
2.5
  1
9
  7
ISO3098
 72
1
 11
409.0
 21
113.5
 31
0.0
100
AcDbText
 73
2
  0
TEXT
  5
112
330
17
100
AcDbEntity
  8
11-TEXTO-ROTULO
100
AcDbText
 10
419.0
 20
113.5
 30
0.0
 40
2.5
  1
1
  7
ISO3098
 72
1
 11
419.0
 21
113.5
 31
0.0
100
AcDbText
 73
2
  0
TEXT
  5
113
330
17
100
AcDbEntity
  8
11-TEXTO-ROTULO
100
AcDbText
 10
425.2
 20
113.5
 30
0.0
 40
2.5
  1
Manija inferior (transporte)
  7
ISO3098
 11
425.2
 21
113.5
 31
0.0
100
AcDbText
 73
2
  0
TEXT
  5
114
330
17
100
AcDbEntity
  8
11-TEXTO-ROTULO
100
AcDbText
 10
491.2
 20
113.5
 30
0.0
 40
2.5
  1
A definir
  7
ISO3098
 11
491.2
 21
113.5
 31
0.0
100
AcDbText
 73
2
  0
TEXT
  5
115
330
17
100
AcDbEntity
  8
11-TEXTO-ROTULO
100
AcDbText
 10
541.2
 20
113.5
 30
0.0
 40
2.5
  1

  7
ISO3098
 11
541.2
 21
113.5
 31
0.0
100
AcDbText
 73
2
  0
TEXT
  5
116
330
17
100
AcDbEntity
  8
11-TEXTO-ROTULO
100
AcDbText
 10
409.0
 20
118.5
 30
0.0
 40
2.5
  1
10
  7
ISO3098
 72
1
 11
409.0
 21
118.5
 31
0.0
100
AcDbText
 73
2
  0
TEXT
  5
117
330
17
100
AcDbEntity
  8
11-TEXTO-ROTULO
100
AcDbText
 10
419.0
 20
118.5
 30
0.0
 40
2.5
  1
1
  7
ISO3098
 72
1
 11
419.0
 21
118.5
 31
0.0
100
AcDbText
 73
2
  0
TEXT
  5
118
330
17
100
AcDbEntity
  8
11-TEXTO-ROTULO
100
AcDbText
 10
425.2
 20
118.5
 30
0.0
 40
2.5
  1
Manija superior (accionamiento)
  7
ISO3098
 11
425.2
 21
118.5
 31
0.0
100
AcDbText
 73
2
  0
TEXT
  5
119
330
17
100
AcDbEntity
  8
11-TEXTO-ROTULO
100
AcDbText
 10
491.2
 20
118.5
 30
0.0
 40
2.5
  1
A definir
  7
ISO3098
 11
491.2
 21
118.5
 31
0.0
100
AcDbText
 73
2
  0
TEXT
  5
11A
330
17
100
AcDbEntity
  8
11-TEXTO-ROTULO
100
AcDbText
 10
541.2
 20
118.5
 30
0.0
 40
2.5
  1

  7
ISO3098
 11
541.2
 21
118.5
 31
0.0
100
AcDbText
 73
2
  0
TEXT
  5
11B
330
17
100
AcDbEntity
  8
11-TEXTO-ROTULO
100
AcDbText
 10
409.0
 20
123.5
 30
0.0
 40
2.5
  1
11
  7
ISO3098
 72
1
 11
409.0
 21
123.5
 31
0.0
100
AcDbText
 73
2
  0
TEXT
  5
11C
330
17
100
AcDbEntity
  8
11-TEXTO-ROTULO
100
AcDbText
 10
419.0
 20
123.5
 30
0.0
 40
2.5
  1
1
  7
ISO3098
 72
1
 11
419.0
 21
123.5
 31
0.0
100
AcDbText
 73
2
  0
TEXT
  5
11D
330
17
100
AcDbEntity
  8
11-TEXTO-ROTULO
100
AcDbText
 10
425.2
 20
123.5
 30
0.0
 40
2.5
  1
Eje de palanca
  7
ISO3098
 11
425.2
 21
123.5
 31
0.0
100
AcDbText
 73
2
  0
TEXT
  5
11E
330
17
100
AcDbEntity
  8
11-TEXTO-ROTULO
100
AcDbText
 10
491.2
 20
123.5
 30
0.0
 40
2.5
  1
A definir
  7
ISO3098
 11
491.2
 21
123.5
 31
0.0
100
AcDbText
 73
2
  0
TEXT
  5
11F
330
17
100
AcDbEntity
  8
11-TEXTO-ROTULO
100
AcDbText
 10
541.2
 20
123.5
 30
0.0
 40
2.5
  1

  7
ISO3098
 11
541.2
 21
123.5
 31
0.0
100
AcDbText
 73
2
  0
TEXT
  5
120
330
17
100
AcDbEntity
  8
11-TEXTO-ROTULO
100
AcDbText
 10
409.0
 20
128.5
 30
0.0
 40
2.5
  1
12
  7
ISO3098
 72
1
 11
409.0
 21
128.5
 31
0.0
100
AcDbText
 73
2
  0
TEXT
  5
121
330
17
100
AcDbEntity
  8
11-TEXTO-ROTULO
100
AcDbText
 10
419.0
 20
128.5
 30
0.0
 40
2.5
  1
1
  7
ISO3098
 72
1
 11
419.0
 21
128.5
 31
0.0
100
AcDbText
 73
2
  0
TEXT
  5
122
330
17
100
AcDbEntity
  8
11-TEXTO-ROTULO
100
AcDbText
 10
425.2
 20
128.5
 30
0.0
 40
2.5
  1
Vástago
  7
ISO3098
 11
425.2
 21
128.5
 31
0.0
100
AcDbText
 73
2
  0
TEXT
  5
123
330
17
100
AcDbEntity
  8
11-TEXTO-ROTULO
100
AcDbText
 10
491.2
 20
128.5
 30
0.0
 40
2.5
  1
A definir
  7
ISO3098
 11
491.2
 21
128.5
 31
0.0
100
AcDbText
 73
2
  0
TEXT
  5
124
330
17
100
AcDbEntity
  8
11-TEXTO-ROTULO
100
AcDbText
 10
541.2
 20
128.5
 30
0.0
 40
2.5
  1

  7
ISO3098
 11
541.2
 21
128.5
 31
0.0
100
AcDbText
 73
2
  0
TEXT
  5
125
330
17
100
AcDbEntity
  8
11-TEXTO-ROTULO
100
AcDbText
 10
409.0
 20
133.5
 30
0.0
 40
2.5
  1
13
  7
ISO3098
 72
1
 11
409.0
 21
133.5
 31
0.0
100
AcDbText
 73
2
  0
TEXT
  5
126
330
17
100
AcDbEntity
  8
11-TEXTO-ROTULO
100
AcDbText
 10
419.0
 20
133.5
 30
0.0
 40
2.5
  1
1
  7
ISO3098
 72
1
 11
419.0
 21
133.5
 31
0.0
100
AcDbText
 73
2
  0
TEXT
  5
127
330
17
100
AcDbEntity
  8
11-TEXTO-ROTULO
100
AcDbText
 10
425.2
 20
133.5
 30
0.0
 40
2.5
  1
Pasador de seguridad con anilla
  7
ISO3098
 11
425.2
 21
133.5
 31
0.0
100
AcDbText
 73
2
  0
TEXT
  5
128
330
17
100
AcDbEntity
  8
11-TEXTO-ROTULO
100
AcDbText
 10
491.2
 20
133.5
 30
0.0
 40
2.5
  1
A definir
  7
ISO3098
 11
491.2
 21
133.5
 31
0.0
100
AcDbText
 73
2
  0
TEXT
  5
129
330
17
100
AcDbEntity
  8
11-TEXTO-ROTULO
100
AcDbText
 10
541.2
 20
133.5
 30
0.0
 40
2.5
  1
con precinto
  7
ISO3098
 11
541.2
 21
133.5
 31
0.0
100
AcDbText
 73
2
  0
TEXT
  5
12A
330
17
100
AcDbEntity
  8
11-TEXTO-ROTULO
100
AcDbText
 10
409.0
 20
138.5
 30
0.0
 40
2.5
  1
14
  7
ISO3098
 72
1
 11
409.0
 21
138.5
 31
0.0
100
AcDbText
 73
2
  0
TEXT
  5
12B
330
17
100
AcDbEntity
  8
11-TEXTO-ROTULO
100
AcDbText
 10
419.0
 20
138.5
 30
0.0
 40
2.5
  1
1
  7
ISO3098
 72
1
 11
419.0
 21
138.5
 31
0.0
100
AcDbText
 73
2
  0
TEXT
  5
12C
330
17
100
AcDbEntity
  8
11-TEXTO-ROTULO
100
AcDbText
 10
425.2
 20
138.5
 30
0.0
 40
2.5
  1
Caño de pesca (sifón)
  7
ISO3098
 11
425.2
 21
138.5
 31
0.0
100
AcDbText
 73
2
  0
TEXT
  5
12D
330
17
100
AcDbEntity
  8
11-TEXTO-ROTULO
100
AcDbText
 10
491.2
 20
138.5
 30
0.0
 40
2.5
  1
A definir
  7
ISO3098
 11
491.2
 21
138.5
 31
0.0
100
AcDbText
 73
2
  0
TEXT
  5
12E
330
17
100
AcDbEntity
  8
11-TEXTO-ROTULO
100
AcDbText
 10
541.2
 20
138.5
 30
0.0
 40
2.5
  1

  7
ISO3098
 11
541.2
 21
138.5
 31
0.0
100
AcDbText
 73
2
  0
TEXT
  5
12F
330
17
100
AcDbEntity
  8
11-TEXTO-ROTULO
100
AcDbText
 10
409.0
 20
143.5
 30
0.0
 40
2.5
  1
15
  7
ISO3098
 72
1
 11
409.0
 21
143.5
 31
0.0
100
AcDbText
 73
2
  0
TEXT
  5
130
330
17
100
AcDbEntity
  8
11-TEXTO-ROTULO
100
AcDbText
 10
419.0
 20
143.5
 30
0.0
 40
2.5
  1
1
  7
ISO3098
 72
1
 11
419.0
 21
143.5
 31
0.0
100
AcDbText
 73
2
  0
TEXT
  5
131
330
17
100
AcDbEntity
  8
11-TEXTO-ROTULO
100
AcDbText
 10
425.2
 20
143.5
 30
0.0
 40
2.5
  1
Tobera
  7
ISO3098
 11
425.2
 21
143.5
 31
0.0
100
AcDbText
 73
2
  0
TEXT
  5
132
330
17
100
AcDbEntity
  8
11-TEXTO-ROTULO
100
AcDbText
 10
491.2
 20
143.5
 30
0.0
 40
2.5
  1
A definir
  7
ISO3098
 11
491.2
 21
143.5
 31
0.0
100
AcDbText
 73
2
  0
TEXT
  5
133
330
17
100
AcDbEntity
  8
11-TEXTO-ROTULO
100
AcDbText
 10
541.2
 20
143.5
 30
0.0
 40
2.5
  1

  7
ISO3098
 11
541.2
 21
143.5
 31
0.0
100
AcDbText
 73
2
  0
LWPOLYLINE
  5
134
330
17
100
AcDbEntity
  8
02-OCULTA
100
AcDbPolyline
 90
153
 70
0
 10
107.25
 20
356.8752779440232
 10
106.99934210526317
 20
356.8752779440232
 10
106.74868421052632
 20
356.8752779440232
 10
106.49802631578947
 20
356.8752779440232
 10
106.24736842105264
 20
356.8752779440232
 10
105.9967105263158
 20
356.8752779440232
 10
105.74605263157895
 20
356.8752779440232
 10
105.49539473684212
 20
356.8752779440232
 10
105.24473684210527
 20
356.8752779440232
 10
104.99407894736842
 20
356.8752779440232
 10
104.74342105263159
 20
356.8752779440232
 10
104.49276315789474
 20
356.8752779440232
 10
104.2421052631579
 20
356.8752779440232
 10
103.99144736842105
 20
356.8752779440232
 10
103.74078947368422
 20
356.8752779440232
 10
103.49013157894737
 20
356.8752779440232
 10
103.23947368421054
 20
356.8752779440232
 10
102.98881578947369
 20
356.8752779440232
 10
102.73815789473684
 20
356.8752779440232
 10
102.4875
 20
356.8752779440232
 10
102.23684210526316
 20
356.8752779440232
 10
101.98618421052632
 20
356.8752779440232
 10
101.73552631578947
 20
356.8752779440232
 10
101.48486842105264
 20
356.8752779440232
 10
101.23421052631579
 20
356.8752779440232
 10
100.98355263157895
 20
356.8752779440232
 10
100.73289473684211
 20
356.8752779440232
 10
100.48223684210527
 20
356.8752779440232
 10
100.23157894736842
 20
356.8752779440232
 10
99.98092105263159
 20
356.8752779440232
 10
99.73026315789474
 20
356.8752779440232
 10
99.4796052631579
 20
356.8752779440232
 10
99.22894736842106
 20
356.8752779440232
 10
98.97828947368421
 20
356.8752779440232
 10
98.72763157894737
 20
356.8752779440232
 10
98.47697368421052
 20
356.8752779440232
 10
98.22631578947369
 20
356.8752779440232
 10
97.97565789473684
 20
356.8752779440232
 10
97.725
 20
356.8752779440232
 10
97.47434210526316
 20
356.8752779440232
 10
97.22368421052632
 20
356.8752779440232
 10
96.97302631578948
 20
356.8752779440232
 10
96.72236842105264
 20
356.8752779440232
 10
96.47171052631579
 20
356.8752779440232
 10
96.22105263157894
 20
356.8752779440232
 10
95.97039473684211
 20
356.8752779440232
 10
95.71973684210526
 20
356.8752779440232
 10
95.46907894736842
 20
356.8752779440232
 10
95.21842105263158
 20
356.8752779440232
 10
94.96776315789474
 20
356.8752779440232
 10
94.71710526315789
 20
356.8752779440232
 10
94.46644736842106
 20
356.8752779440232
 10
94.21578947368421
 20
356.8752779440232
 10
93.96513157894736
 20
356.8752779440232
 10
93.71447368421053
 20
356.8752779440232
 10
93.46381578947368
 20
356.8752779440232
 10
93.21315789473684
 20
356.8752779440232
 10
92.9625
 20
356.8752779440232
 10
92.71184210526316
 20
356.8752779440232
 10
92.46118421052631
 20
356.8752779440232
 10
92.21052631578948
 20
356.8752779440232
 10
91.95986842105263
 20
356.8752779440232
 10
91.70921052631579
 20
356.8752779440232
 10
91.45855263157895
 20
356.8752779440232
 10
91.2078947368421
 20
356.8752779440232
 10
90.95723684210526
 20
356.8752779440232
 10
90.70657894736843
 20
356.8752779440232
 10
90.45592105263158
 20
356.8752779440232
 10
90.20526315789473
 20
356.8752779440232
 10
89.9546052631579
 20
356.8752779440232
 10
89.70394736842105
 20
356.8752779440232
 10
89.45328947368421
 20
356.8752779440232
 10
89.20263157894738
 20
356.8752779440232
 10
88.95197368421053
 20
356.8752779440232
 10
88.70131578947368
 20
356.8752779440232
 10
88.45065789473685
 20
356.8752779440232
 10
88.2
 20
356.8752779440232
 10
87.94934210526316
 20
356.8752779440232
 10
87.69868421052632
 20
356.8752779440232
 10
87.44802631578948
 20
356.8752779440232
 10
87.19736842105263
 20
356.8752779440232
 10
86.9467105263158
 20
356.8752779440232
 10
86.69605263157895
 20
356.8752779440232
 10
86.4453947368421
 20
356.8752779440232
 10
86.19473684210527
 20
356.8752779440232
 10
85.94407894736842
 20
356.8752779440232
 10
85.69342105263158
 20
356.8752779440232
 10
85.44276315789475
 20
356.8752779440232
 10
85.1921052631579
 20
356.8752779440232
 10
84.94144736842105
 20
356.8752779440232
 10
84.69078947368422
 20
356.8752779440232
 10
84.44013157894737
 20
356.8752779440232
 10
84.18947368421053
 20
356.8752779440232
 10
83.93881578947368
 20
356.8752779440232
 10
83.68815789473685
 20
356.8752779440232
 10
83.4375
 20
356.8752779440232
 10
83.18684210526315
 20
356.8752779440232
 10
82.93618421052632
 20
356.8752779440232
 10
82.68552631578947
 20
356.8752779440232
 10
82.43486842105263
 20
356.8752779440232
 10
82.1842105263158
 20
356.8752779440232
 10
81.93355263157895
 20
356.8752779440232
 10
81.6828947368421
 20
356.8752779440232
 10
81.43223684210527
 20
356.8752779440232
 10
81.18157894736842
 20
356.8752779440232
 10
80.93092105263158
 20
356.8752779440232
 10
80.68026315789474
 20
356.8752779440232
 10
80.4296052631579
 20
356.8752779440232
 10
80.17894736842105
 20
356.8752779440232
 10
79.92828947368422
 20
356.8752779440232
 10
79.67763157894737
 20
356.8752779440232
 10
79.42697368421052
 20
356.8752779440232
 10
79.17631578947368
 20
356.8752779440232
 10
78.92565789473684
 20
356.8752779440232
 10
78.675
 20
356.8752779440232
 10
78.42434210526315
 20
356.8752779440232
 10
78.17368421052632
 20
356.8752779440232
 10
77.92302631578947
 20
356.8752779440232
 10
77.67236842105262
 20
356.8752779440232
 10
77.42171052631579
 20
356.8752779440232
 10
77.17105263157895
 20
356.8752779440232
 10
76.9203947368421
 20
356.8752779440232
 10
76.66973684210527
 20
356.8752779440232
 10
76.41907894736843
 20
356.8752779440232
 10
76.16842105263159
 20
356.8752779440232
 10
75.91776315789474
 20
356.8752779440232
 10
75.6671052631579
 20
356.8752779440232
 10
75.41644736842106
 20
356.8752779440232
 10
75.16578947368421
 20
356.8752779440232
 10
74.91513157894738
 20
356.8752779440232
 10
74.66447368421053
 20
356.8752779440232
 10
74.41381578947369
 20
356.8752779440232
 10
74.16315789473686
 20
356.8752779440232
 10
73.91250000000001
 20
356.8752779440232
 10
73.66184210526316
 20
356.8752779440232
 10
73.41118421052632
 20
356.8752779440232
 10
73.16052631578947
 20
356.8752779440232
 10
72.90986842105264
 20
356.8752779440232
 10
72.65921052631579
 20
356.8752779440232
 10
72.40855263157894
 20
356.8752779440232
 10
72.15789473684211
 20
356.8752779440232
 10
71.90723684210526
 20
356.8752779440232
 10
71.65657894736842
 20
356.8752779440232
 10
71.40592105263158
 20
356.8752779440232
 10
71.15526315789474
 20
356.8752779440232
 10
70.9046052631579
 20
356.8752779440232
 10
70.65394736842106
 20
356.8752779440232
 10
70.40328947368421
 20
356.8752779440232
 10
70.15263157894736
 20
356.8752779440232
 10
69.90197368421053
 20
356.8752779440232
 10
69.65131578947368
 20
356.8752779440232
 10
69.40065789473685
 20
356.8752779440232
 10
69.15
 20
356.8752779440232
  0
LWPOLYLINE
  5
135
330
17
100
AcDbEntity
  8
02-OCULTA
100
AcDbPolyline
 90
153
 70
0
 10
69.15
 20
356.8752779440232
 10
69.40065789473684
 20
356.8752779440232
 10
69.65131578947368
 20
356.8752779440232
 10
69.90197368421053
 20
356.8752779440232
 10
70.15263157894736
 20
356.8752779440232
 10
70.40328947368421
 20
356.8752779440232
 10
70.65394736842106
 20
356.8752779440232
 10
70.90460526315789
 20
356.8752779440232
 10
71.15526315789474
 20
356.8752779440232
 10
71.40592105263158
 20
356.8752779440232
 10
71.65657894736842
 20
356.8752779440232
 10
71.90723684210526
 20
356.8752779440232
 10
72.15789473684211
 20
356.8752779440232
 10
72.40855263157894
 20
356.8752779440232
 10
72.65921052631579
 20
356.8752779440232
 10
72.90986842105264
 20
356.8752779440232
 10
73.16052631578947
 20
356.8752779440232
 10
73.41118421052632
 20
356.8752779440232
 10
73.66184210526316
 20
356.8752779440232
 10
73.91250000000001
 20
356.8752779440232
 10
74.16315789473684
 20
356.8752779440232
 10
74.41381578947369
 20
356.8752779440232
 10
74.66447368421053
 20
356.8752779440232
 10
74.91513157894737
 20
356.8752779440232
 10
75.16578947368421
 20
356.8752779440232
 10
75.41644736842106
 20
356.8752779440232
 10
75.6671052631579
 20
356.8752779440232
 10
75.91776315789474
 20
356.8752779440232
 10
76.16842105263157
 20
356.8752779440232
 10
76.41907894736842
 20
356.8752779440232
 10
76.66973684210527
 20
356.8752779440232
 10
76.92039473684211
 20
356.8752779440232
 10
77.17105263157895
 20
356.8752779440232
 10
77.42171052631579
 20
356.8752779440232
 10
77.67236842105264
 20
356.8752779440232
 10
77.92302631578949
 20
356.8752779440232
 10
78.17368421052632
 20
356.8752779440232
 10
78.42434210526316
 20
356.8752779440232
 10
78.67500000000001
 20
356.8752779440232
 10
78.92565789473684
 20
356.8752779440232
 10
79.17631578947369
 20
356.8752779440232
 10
79.42697368421054
 20
356.8752779440232
 10
79.67763157894737
 20
356.8752779440232
 10
79.92828947368422
 20
356.8752779440232
 10
80.17894736842106
 20
356.8752779440232
 10
80.4296052631579
 20
356.8752779440232
 10
80.68026315789473
 20
356.8752779440232
 10
80.93092105263158
 20
356.8752779440232
 10
81.18157894736842
 20
356.8752779440232
 10
81.43223684210527
 20
356.8752779440232
 10
81.6828947368421
 20
356.8752779440232
 10
81.93355263157895
 20
356.8752779440232
 10
82.1842105263158
 20
356.8752779440232
 10
82.43486842105264
 20
356.8752779440232
 10
82.68552631578947
 20
356.8752779440232
 10
82.93618421052632
 20
356.8752779440232
 10
83.18684210526317
 20
356.8752779440232
 10
83.43750000000001
 20
356.8752779440232
 10
83.68815789473685
 20
356.8752779440232
 10
83.93881578947368
 20
356.8752779440232
 10
84.18947368421054
 20
356.8752779440232
 10
84.44013157894737
 20
356.8752779440232
 10
84.69078947368422
 20
356.8752779440232
 10
84.94144736842105
 20
356.8752779440232
 10
85.1921052631579
 20
356.8752779440232
 10
85.44276315789473
 20
356.8752779440232
 10
85.69342105263158
 20
356.8752779440232
 10
85.94407894736841
 20
356.8752779440232
 10
86.19473684210527
 20
356.8752779440232
 10
86.44539473684212
 20
356.8752779440232
 10
86.69605263157895
 20
356.8752779440232
 10
86.9467105263158
 20
356.8752779440232
 10
87.19736842105263
 20
356.8752779440232
 10
87.44802631578949
 20
356.8752779440232
 10
87.69868421052632
 20
356.8752779440232
 10
87.94934210526317
 20
356.8752779440232
 10
88.2
 20
356.8752779440232
 10
88.45065789473685
 20
356.8752779440232
 10
88.70131578947368
 20
356.8752779440232
 10
88.95197368421053
 20
356.8752779440232
 10
89.20263157894736
 20
356.8752779440232
 10
89.45328947368422
 20
356.8752779440232
 10
89.70394736842105
 20
356.8752779440232
 10
89.9546052631579
 20
356.8752779440232
 10
90.20526315789473
 20
356.8752779440232
 10
90.45592105263158
 20
356.8752779440232
 10
90.70657894736843
 20
356.8752779440232
 10
90.95723684210526
 20
356.8752779440232
 10
91.20789473684212
 20
356.8752779440232
 10
91.45855263157895
 20
356.8752779440232
 10
91.70921052631579
 20
356.8752779440232
 10
91.95986842105263
 20
356.8752779440232
 10
92.21052631578948
 20
356.8752779440232
 10
92.46118421052631
 20
356.8752779440232
 10
92.71184210526316
 20
356.8752779440232
 10
92.9625
 20
356.8752779440232
 10
93.21315789473685
 20
356.8752779440232
 10
93.46381578947367
 20
356.8752779440232
 10
93.71447368421053
 20
356.8752779440232
 10
93.96513157894736
 20
356.8752779440232
 10
94.21578947368421
 20
356.8752779440232
 10
94.46644736842104
 20
356.8752779440232
 10
94.71710526315789
 20
356.8752779440232
 10
94.96776315789474
 20
356.8752779440232
 10
95.21842105263158
 20
356.8752779440232
 10
95.46907894736842
 20
356.8752779440232
 10
95.71973684210526
 20
356.8752779440232
 10
95.97039473684211
 20
356.8752779440232
 10
96.22105263157896
 20
356.8752779440232
 10
96.4717105263158
 20
356.8752779440232
 10
96.72236842105262
 20
356.8752779440232
 10
96.97302631578948
 20
356.8752779440232
 10
97.22368421052633
 20
356.8752779440232
 10
97.47434210526315
 20
356.8752779440232
 10
97.72500000000001
 20
356.8752779440232
 10
97.97565789473686
 20
356.8752779440232
 10
98.22631578947369
 20
356.8752779440232
 10
98.47697368421053
 20
356.8752779440232
 10
98.72763157894737
 20
356.8752779440232
 10
98.97828947368421
 20
356.8752779440232
 10
99.22894736842106
 20
356.8752779440232
 10
99.4796052631579
 20
356.8752779440232
 10
99.73026315789474
 20
356.8752779440232
 10
99.98092105263159
 20
356.8752779440232
 10
100.23157894736842
 20
356.8752779440232
 10
100.48223684210527
 20
356.8752779440232
 10
100.73289473684211
 20
356.8752779440232
 10
100.98355263157896
 20
356.8752779440232
 10
101.23421052631579
 20
356.8752779440232
 10
101.48486842105262
 20
356.8752779440232
 10
101.73552631578947
 20
356.8752779440232
 10
101.98618421052632
 20
356.8752779440232
 10
102.23684210526315
 20
356.8752779440232
 10
102.4875
 20
356.8752779440232
 10
102.73815789473684
 20
356.8752779440232
 10
102.98881578947369
 20
356.8752779440232
 10
103.23947368421052
 20
356.8752779440232
 10
103.49013157894737
 20
356.8752779440232
 10
103.74078947368422
 20
356.8752779440232
 10
103.99144736842105
 20
356.8752779440232
 10
104.2421052631579
 20
356.8752779440232
 10
104.49276315789473
 20
356.8752779440232
 10
104.74342105263158
 20
356.8752779440232
 10
104.99407894736842
 20
356.8752779440232
 10
105.24473684210527
 20
356.8752779440232
 10
105.4953947368421
 20
356.8752779440232
 10
105.74605263157895
 20
356.8752779440232
 10
105.99671052631578
 20
356.8752779440232
 10
106.24736842105263
 20
356.8752779440232
 10
106.49802631578947
 20
356.8752779440232
 10
106.7486842105263
 20
356.8752779440232
 10
106.99934210526315
 20
356.8752779440232
 10
107.25
 20
356.8752779440232
  0
LWPOLYLINE
  5
136
330
17
100
AcDbEntity
  8
02-OCULTA
100
AcDbPolyline
 90
153
 70
0
 10
107.25
 20
231.00020329239484
 10
106.99934210526317
 20
231.00020329239484
 10
106.74868421052632
 20
231.00020329239484
 10
106.49802631578947
 20
231.00020329239484
 10
106.24736842105264
 20
231.00020329239484
 10
105.9967105263158
 20
231.00020329239484
 10
105.74605263157895
 20
231.00020329239484
 10
105.49539473684212
 20
231.00020329239484
 10
105.24473684210527
 20
231.00020329239484
 10
104.99407894736842
 20
231.00020329239484
 10
104.74342105263159
 20
231.00020329239484
 10
104.49276315789474
 20
231.00020329239484
 10
104.2421052631579
 20
231.00020329239484
 10
103.99144736842105
 20
231.00020329239484
 10
103.74078947368422
 20
231.00020329239484
 10
103.49013157894737
 20
231.00020329239484
 10
103.23947368421054
 20
231.00020329239484
 10
102.98881578947369
 20
231.00020329239484
 10
102.73815789473684
 20
231.00020329239484
 10
102.4875
 20
231.00020329239484
 10
102.23684210526316
 20
231.00020329239484
 10
101.98618421052632
 20
231.00020329239484
 10
101.73552631578947
 20
231.00020329239484
 10
101.48486842105264
 20
231.00020329239484
 10
101.23421052631579
 20
231.00020329239484
 10
100.98355263157895
 20
231.00020329239484
 10
100.73289473684211
 20
231.00020329239484
 10
100.48223684210527
 20
231.00020329239484
 10
100.23157894736842
 20
231.00020329239484
 10
99.98092105263159
 20
231.00020329239484
 10
99.73026315789474
 20
231.00020329239484
 10
99.4796052631579
 20
231.00020329239484
 10
99.22894736842106
 20
231.00020329239484
 10
98.97828947368421
 20
231.00020329239484
 10
98.72763157894737
 20
231.00020329239484
 10
98.47697368421052
 20
231.00020329239484
 10
98.22631578947369
 20
231.00020329239484
 10
97.97565789473684
 20
231.00020329239484
 10
97.725
 20
231.00020329239484
 10
97.47434210526316
 20
231.00020329239484
 10
97.22368421052632
 20
231.00020329239484
 10
96.97302631578948
 20
231.00020329239484
 10
96.72236842105264
 20
231.00020329239484
 10
96.47171052631579
 20
231.00020329239484
 10
96.22105263157894
 20
231.00020329239484
 10
95.97039473684211
 20
231.00020329239484
 10
95.71973684210526
 20
231.00020329239484
 10
95.46907894736842
 20
231.00020329239484
 10
95.21842105263158
 20
231.00020329239484
 10
94.96776315789474
 20
231.00020329239484
 10
94.71710526315789
 20
231.00020329239484
 10
94.46644736842106
 20
231.00020329239484
 10
94.21578947368421
 20
231.00020329239484
 10
93.96513157894736
 20
231.00020329239484
 10
93.71447368421053
 20
231.00020329239484
 10
93.46381578947368
 20
231.00020329239484
 10
93.21315789473684
 20
231.00020329239484
 10
92.9625
 20
231.00020329239484
 10
92.71184210526316
 20
231.00020329239484
 10
92.46118421052631
 20
231.00020329239484
 10
92.21052631578948
 20
231.00020329239484
 10
91.95986842105263
 20
231.00020329239484
 10
91.70921052631579
 20
231.00020329239484
 10
91.45855263157895
 20
231.00020329239484
 10
91.2078947368421
 20
231.00020329239484
 10
90.95723684210526
 20
231.00020329239484
 10
90.70657894736843
 20
231.00020329239484
 10
90.45592105263158
 20
231.00020329239484
 10
90.20526315789473
 20
231.00020329239484
 10
89.9546052631579
 20
231.00020329239484
 10
89.70394736842105
 20
231.00020329239484
 10
89.45328947368421
 20
231.00020329239484
 10
89.20263157894738
 20
231.00020329239484
 10
88.95197368421053
 20
231.00020329239484
 10
88.70131578947368
 20
231.00020329239484
 10
88.45065789473685
 20
231.00020329239484
 10
88.2
 20
231.00020329239484
 10
87.94934210526316
 20
231.00020329239484
 10
87.69868421052632
 20
231.00020329239484
 10
87.44802631578948
 20
231.00020329239484
 10
87.19736842105263
 20
231.00020329239484
 10
86.9467105263158
 20
231.00020329239484
 10
86.69605263157895
 20
231.00020329239484
 10
86.4453947368421
 20
231.00020329239484
 10
86.19473684210527
 20
231.00020329239484
 10
85.94407894736842
 20
231.00020329239484
 10
85.69342105263158
 20
231.00020329239484
 10
85.44276315789475
 20
231.00020329239484
 10
85.1921052631579
 20
231.00020329239484
 10
84.94144736842105
 20
231.00020329239484
 10
84.69078947368422
 20
231.00020329239484
 10
84.44013157894737
 20
231.00020329239484
 10
84.18947368421053
 20
231.00020329239484
 10
83.93881578947368
 20
231.00020329239484
 10
83.68815789473685
 20
231.00020329239484
 10
83.4375
 20
231.00020329239484
 10
83.18684210526315
 20
231.00020329239484
 10
82.93618421052632
 20
231.00020329239484
 10
82.68552631578947
 20
231.00020329239484
 10
82.43486842105263
 20
231.00020329239484
 10
82.1842105263158
 20
231.00020329239484
 10
81.93355263157895
 20
231.00020329239484
 10
81.6828947368421
 20
231.00020329239484
 10
81.43223684210527
 20
231.00020329239484
 10
81.18157894736842
 20
231.00020329239484
 10
80.93092105263158
 20
231.00020329239484
 10
80.68026315789474
 20
231.00020329239484
 10
80.4296052631579
 20
231.00020329239484
 10
80.17894736842105
 20
231.00020329239484
 10
79.92828947368422
 20
231.00020329239484
 10
79.67763157894737
 20
231.00020329239484
 10
79.42697368421052
 20
231.00020329239484
 10
79.17631578947368
 20
231.00020329239484
 10
78.92565789473684
 20
231.00020329239484
 10
78.675
 20
231.00020329239484
 10
78.42434210526315
 20
231.00020329239484
 10
78.17368421052632
 20
231.00020329239484
 10
77.92302631578947
 20
231.00020329239484
 10
77.67236842105262
 20
231.00020329239484
 10
77.42171052631579
 20
231.00020329239484
 10
77.17105263157895
 20
231.00020329239484
 10
76.9203947368421
 20
231.00020329239484
 10
76.66973684210527
 20
231.00020329239484
 10
76.41907894736843
 20
231.00020329239484
 10
76.16842105263159
 20
231.00020329239484
 10
75.91776315789474
 20
231.00020329239484
 10
75.6671052631579
 20
231.00020329239484
 10
75.41644736842106
 20
231.00020329239484
 10
75.16578947368421
 20
231.00020329239484
 10
74.91513157894738
 20
231.00020329239484
 10
74.66447368421053
 20
231.00020329239484
 10
74.41381578947369
 20
231.00020329239484
 10
74.16315789473686
 20
231.00020329239484
 10
73.91250000000001
 20
231.00020329239484
 10
73.66184210526316
 20
231.00020329239484
 10
73.41118421052632
 20
231.00020329239484
 10
73.16052631578947
 20
231.00020329239484
 10
72.90986842105264
 20
231.00020329239484
 10
72.65921052631579
 20
231.00020329239484
 10
72.40855263157894
 20
231.00020329239484
 10
72.15789473684211
 20
231.00020329239484
 10
71.90723684210526
 20
231.00020329239484
 10
71.65657894736842
 20
231.00020329239484
 10
71.40592105263158
 20
231.00020329239484
 10
71.15526315789474
 20
231.00020329239484
 10
70.9046052631579
 20
231.00020329239484
 10
70.65394736842106
 20
231.00020329239484
 10
70.40328947368421
 20
231.00020329239484
 10
70.15263157894736
 20
231.00020329239484
 10
69.90197368421053
 20
231.00020329239484
 10
69.65131578947368
 20
231.00020329239484
 10
69.40065789473685
 20
231.00020329239484
 10
69.15
 20
231.00020329239484
  0
LWPOLYLINE
  5
137
330
17
100
AcDbEntity
  8
02-OCULTA
100
AcDbPolyline
 90
153
 70
0
 10
69.15
 20
231.00020329239484
 10
69.40065789473684
 20
231.00020329239484
 10
69.65131578947368
 20
231.00020329239484
 10
69.90197368421053
 20
231.00020329239484
 10
70.15263157894736
 20
231.00020329239484
 10
70.40328947368421
 20
231.00020329239484
 10
70.65394736842106
 20
231.00020329239484
 10
70.90460526315789
 20
231.00020329239484
 10
71.15526315789474
 20
231.00020329239484
 10
71.40592105263158
 20
231.00020329239484
 10
71.65657894736842
 20
231.00020329239484
 10
71.90723684210526
 20
231.00020329239484
 10
72.15789473684211
 20
231.00020329239484
 10
72.40855263157894
 20
231.00020329239484
 10
72.65921052631579
 20
231.00020329239484
 10
72.90986842105264
 20
231.00020329239484
 10
73.16052631578947
 20
231.00020329239484
 10
73.41118421052632
 20
231.00020329239484
 10
73.66184210526316
 20
231.00020329239484
 10
73.91250000000001
 20
231.00020329239484
 10
74.16315789473684
 20
231.00020329239484
 10
74.41381578947369
 20
231.00020329239484
 10
74.66447368421053
 20
231.00020329239484
 10
74.91513157894737
 20
231.00020329239484
 10
75.16578947368421
 20
231.00020329239484
 10
75.41644736842106
 20
231.00020329239484
 10
75.6671052631579
 20
231.00020329239484
 10
75.91776315789474
 20
231.00020329239484
 10
76.16842105263157
 20
231.00020329239484
 10
76.41907894736842
 20
231.00020329239484
 10
76.66973684210527
 20
231.00020329239484
 10
76.92039473684211
 20
231.00020329239484
 10
77.17105263157895
 20
231.00020329239484
 10
77.42171052631579
 20
231.00020329239484
 10
77.67236842105264
 20
231.00020329239484
 10
77.92302631578949
 20
231.00020329239484
 10
78.17368421052632
 20
231.00020329239484
 10
78.42434210526316
 20
231.00020329239484
 10
78.67500000000001
 20
231.00020329239484
 10
78.92565789473684
 20
231.00020329239484
 10
79.17631578947369
 20
231.00020329239484
 10
79.42697368421054
 20
231.00020329239484
 10
79.67763157894737
 20
231.00020329239484
 10
79.92828947368422
 20
231.00020329239484
 10
80.17894736842106
 20
231.00020329239484
 10
80.4296052631579
 20
231.00020329239484
 10
80.68026315789473
 20
231.00020329239484
 10
80.93092105263158
 20
231.00020329239484
 10
81.18157894736842
 20
231.00020329239484
 10
81.43223684210527
 20
231.00020329239484
 10
81.6828947368421
 20
231.00020329239484
 10
81.93355263157895
 20
231.00020329239484
 10
82.1842105263158
 20
231.00020329239484
 10
82.43486842105264
 20
231.00020329239484
 10
82.68552631578947
 20
231.00020329239484
 10
82.93618421052632
 20
231.00020329239484
 10
83.18684210526317
 20
231.00020329239484
 10
83.43750000000001
 20
231.00020329239484
 10
83.68815789473685
 20
231.00020329239484
 10
83.93881578947368
 20
231.00020329239484
 10
84.18947368421054
 20
231.00020329239484
 10
84.44013157894737
 20
231.00020329239484
 10
84.69078947368422
 20
231.00020329239484
 10
84.94144736842105
 20
231.00020329239484
 10
85.1921052631579
 20
231.00020329239484
 10
85.44276315789473
 20
231.00020329239484
 10
85.69342105263158
 20
231.00020329239484
 10
85.94407894736841
 20
231.00020329239484
 10
86.19473684210527
 20
231.00020329239484
 10
86.44539473684212
 20
231.00020329239484
 10
86.69605263157895
 20
231.00020329239484
 10
86.9467105263158
 20
231.00020329239484
 10
87.19736842105263
 20
231.00020329239484
 10
87.44802631578949
 20
231.00020329239484
 10
87.69868421052632
 20
231.00020329239484
 10
87.94934210526317
 20
231.00020329239484
 10
88.2
 20
231.00020329239484
 10
88.45065789473685
 20
231.00020329239484
 10
88.70131578947368
 20
231.00020329239484
 10
88.95197368421053
 20
231.00020329239484
 10
89.20263157894736
 20
231.00020329239484
 10
89.45328947368422
 20
231.00020329239484
 10
89.70394736842105
 20
231.00020329239484
 10
89.9546052631579
 20
231.00020329239484
 10
90.20526315789473
 20
231.00020329239484
 10
90.45592105263158
 20
231.00020329239484
 10
90.70657894736843
 20
231.00020329239484
 10
90.95723684210526
 20
231.00020329239484
 10
91.20789473684212
 20
231.00020329239484
 10
91.45855263157895
 20
231.00020329239484
 10
91.70921052631579
 20
231.00020329239484
 10
91.95986842105263
 20
231.00020329239484
 10
92.21052631578948
 20
231.00020329239484
 10
92.46118421052631
 20
231.00020329239484
 10
92.71184210526316
 20
231.00020329239484
 10
92.9625
 20
231.00020329239484
 10
93.21315789473685
 20
231.00020329239484
 10
93.46381578947367
 20
231.00020329239484
 10
93.71447368421053
 20
231.00020329239484
 10
93.96513157894736
 20
231.00020329239484
 10
94.21578947368421
 20
231.00020329239484
 10
94.46644736842104
 20
231.00020329239484
 10
94.71710526315789
 20
231.00020329239484
 10
94.96776315789474
 20
231.00020329239484
 10
95.21842105263158
 20
231.00020329239484
 10
95.46907894736842
 20
231.00020329239484
 10
95.71973684210526
 20
231.00020329239484
 10
95.97039473684211
 20
231.00020329239484
 10
96.22105263157896
 20
231.00020329239484
 10
96.4717105263158
 20
231.00020329239484
 10
96.72236842105262
 20
231.00020329239484
 10
96.97302631578948
 20
231.00020329239484
 10
97.22368421052633
 20
231.00020329239484
 10
97.47434210526315
 20
231.00020329239484
 10
97.72500000000001
 20
231.00020329239484
 10
97.97565789473686
 20
231.00020329239484
 10
98.22631578947369
 20
231.00020329239484
 10
98.47697368421053
 20
231.00020329239484
 10
98.72763157894737
 20
231.00020329239484
 10
98.97828947368421
 20
231.00020329239484
 10
99.22894736842106
 20
231.00020329239484
 10
99.4796052631579
 20
231.00020329239484
 10
99.73026315789474
 20
231.00020329239484
 10
99.98092105263159
 20
231.00020329239484
 10
100.23157894736842
 20
231.00020329239484
 10
100.48223684210527
 20
231.00020329239484
 10
100.73289473684211
 20
231.00020329239484
 10
100.98355263157896
 20
231.00020329239484
 10
101.23421052631579
 20
231.00020329239484
 10
101.48486842105262
 20
231.00020329239484
 10
101.73552631578947
 20
231.00020329239484
 10
101.98618421052632
 20
231.00020329239484
 10
102.23684210526315
 20
231.00020329239484
 10
102.4875
 20
231.00020329239484
 10
102.73815789473684
 20
231.00020329239484
 10
102.98881578947369
 20
231.00020329239484
 10
103.23947368421052
 20
231.00020329239484
 10
103.49013157894737
 20
231.00020329239484
 10
103.74078947368422
 20
231.00020329239484
 10
103.99144736842105
 20
231.00020329239484
 10
104.2421052631579
 20
231.00020329239484
 10
104.49276315789473
 20
231.00020329239484
 10
104.74342105263158
 20
231.00020329239484
 10
104.99407894736842
 20
231.00020329239484
 10
105.24473684210527
 20
231.00020329239484
 10
105.4953947368421
 20
231.00020329239484
 10
105.74605263157895
 20
231.00020329239484
 10
105.99671052631578
 20
231.00020329239484
 10
106.24736842105263
 20
231.00020329239484
 10
106.49802631578947
 20
231.00020329239484
 10
106.7486842105263
 20
231.00020329239484
 10
106.99934210526315
 20
231.00020329239484
 10
107.25
 20
231.00020329239484
  0
LWPOLYLINE
  5
138
330
17
100
AcDbEntity
  8
02-OCULTA
100
AcDbPolyline
 90
148
 70
0
 10
106.625
 20
356.8752779440232
 10
106.37431972789116
 20
356.8752779440232
 10
106.12363945578232
 20
356.8752779440232
 10
105.87295918367347
 20
356.8752779440232
 10
105.62227891156462
 20
356.8752779440232
 10
105.37159863945578
 20
356.8752779440232
 10
105.12091836734695
 20
356.8752779440232
 10
104.8702380952381
 20
356.8752779440232
 10
104.61955782312926
 20
356.8752779440232
 10
104.3688775510204
 20
356.8752779440232
 10
104.11819727891157
 20
356.8752779440232
 10
103.86751700680273
 20
356.8752779440232
 10
103.61683673469388
 20
356.8752779440232
 10
103.36615646258504
 20
356.8752779440232
 10
103.11547619047619
 20
356.8752779440232
 10
102.86479591836735
 20
356.8752779440232
 10
102.61411564625851
 20
356.8752779440232
 10
102.36343537414966
 20
356.8752779440232
 10
102.11275510204082
 20
356.8752779440232
 10
101.86207482993197
 20
356.8752779440232
 10
101.61139455782313
 20
356.8752779440232
 10
101.3607142857143
 20
356.8752779440232
 10
101.11003401360544
 20
356.8752779440232
 10
100.8593537414966
 20
356.8752779440232
 10
100.60867346938775
 20
356.8752779440232
 10
100.35799319727892
 20
356.8752779440232
 10
100.10731292517008
 20
356.8752779440232
 10
99.85663265306123
 20
356.8752779440232
 10
99.60595238095239
 20
356.8752779440232
 10
99.35527210884354
 20
356.8752779440232
 10
99.1045918367347
 20
356.8752779440232
 10
98.85391156462586
 20
356.8752779440232
 10
98.60323129251701
 20
356.8752779440232
 10
98.35255102040817
 20
356.8752779440232
 10
98.10187074829932
 20
356.8752779440232
 10
97.85119047619048
 20
356.8752779440232
 10
97.60051020408164
 20
356.8752779440232
 10
97.34982993197279
 20
356.8752779440232
 10
97.09914965986395
 20
356.8752779440232
 10
96.8484693877551
 20
356.8752779440232
 10
96.59778911564626
 20
356.8752779440232
 10
96.34710884353743
 20
356.8752779440232
 10
96.09642857142858
 20
356.8752779440232
 10
95.84574829931972
 20
356.8752779440232
 10
95.59506802721089
 20
356.8752779440232
 10
95.34438775510205
 20
356.8752779440232
 10
95.0937074829932
 20
356.8752779440232
 10
94.84302721088436
 20
356.8752779440232
 10
94.5923469387755
 20
356.8752779440232
 10
94.34166666666667
 20
356.8752779440232
 10
94.09098639455783
 20
356.8752779440232
 10
93.84030612244898
 20
356.8752779440232
 10
93.58962585034014
 20
356.8752779440232
 10
93.33894557823129
 20
356.8752779440232
 10
93.08826530612245
 20
356.8752779440232
 10
92.83758503401361
 20
356.8752779440232
 10
92.58690476190476
 20
356.8752779440232
 10
92.33622448979592
 20
356.8752779440232
 10
92.08554421768707
 20
356.8752779440232
 10
91.83486394557823
 20
356.8752779440232
 10
91.5841836734694
 20
356.8752779440232
 10
91.33350340136055
 20
356.8752779440232
 10
91.08282312925171
 20
356.8752779440232
 10
90.83214285714286
 20
356.8752779440232
 10
90.58146258503402
 20
356.8752779440232
 10
90.33078231292518
 20
356.8752779440232
 10
90.08010204081633
 20
356.8752779440232
 10
89.82942176870749
 20
356.8752779440232
 10
89.57874149659865
 20
356.8752779440232
 10
89.3280612244898
 20
356.8752779440232
 10
89.07738095238095
 20
356.8752779440232
 10
88.82670068027211
 20
356.8752779440232
 10
88.57602040816327
 20
356.8752779440232
 10
88.32534013605442
 20
356.8752779440232
 10
88.07465986394558
 20
356.8752779440232
 10
87.82397959183673
 20
356.8752779440232
 10
87.5732993197279
 20
356.8752779440232
 10
87.32261904761904
 20
356.8752779440232
 10
87.0719387755102
 20
356.8752779440232
 10
86.82125850340137
 20
356.8752779440232
 10
86.57057823129253
 20
356.8752779440232
 10
86.31989795918368
 20
356.8752779440232
 10
86.06921768707484
 20
356.8752779440232
 10
85.81853741496599
 20
356.8752779440232
 10
85.56785714285715
 20
356.8752779440232
 10
85.3171768707483
 20
356.8752779440232
 10
85.06649659863946
 20
356.8752779440232
 10
84.81581632653062
 20
356.8752779440232
 10
84.56513605442177
 20
356.8752779440232
 10
84.31445578231293
 20
356.8752779440232
 10
84.06377551020408
 20
356.8752779440232
 10
83.81309523809524
 20
356.8752779440232
 10
83.56241496598639
 20
356.8752779440232
 10
83.31173469387755
 20
356.8752779440232
 10
83.06105442176872
 20
356.8752779440232
 10
82.81037414965986
 20
356.8752779440232
 10
82.55969387755103
 20
356.8752779440232
 10
82.30901360544217
 20
356.8752779440232
 10
82.05833333333334
 20
356.8752779440232
 10
81.80765306122449
 20
356.8752779440232
 10
81.55697278911565
 20
356.8752779440232
 10
81.30629251700681
 20
356.8752779440232
 10
81.05561224489796
 20
356.8752779440232
 10
80.80493197278912
 20
356.8752779440232
 10
80.55425170068027
 20
356.8752779440232
 10
80.30357142857143
 20
356.8752779440232
 10
80.0528911564626
 20
356.8752779440232
 10
79.80221088435374
 20
356.8752779440232
 10
79.5515306122449
 20
356.8752779440232
 10
79.30085034013607
 20
356.8752779440232
 10
79.05017006802721
 20
356.8752779440232
 10
78.79948979591838
 20
356.8752779440232
 10
78.54880952380952
 20
356.8752779440232
 10
78.29812925170069
 20
356.8752779440232
 10
78.04744897959185
 20
356.8752779440232
 10
77.796768707483
 20
356.8752779440232
 10
77.54608843537416
 20
356.8752779440232
 10
77.29540816326531
 20
356.8752779440232
 10
77.04472789115647
 20
356.8752779440232
 10
76.79404761904762
 20
356.8752779440232
 10
76.54336734693878
 20
356.8752779440232
 10
76.29268707482994
 20
356.8752779440232
 10
76.04200680272109
 20
356.8752779440232
 10
75.79132653061225
 20
356.8752779440232
 10
75.54064625850341
 20
356.8752779440232
 10
75.28996598639456
 20
356.8752779440232
 10
75.03928571428571
 20
356.8752779440232
 10
74.78860544217687
 20
356.8752779440232
 10
74.53792517006804
 20
356.8752779440232
 10
74.28724489795918
 20
356.8752779440232
 10
74.03656462585035
 20
356.8752779440232
 10
73.7858843537415
 20
356.8752779440232
 10
73.53520408163266
 20
356.8752779440232
 10
73.28452380952382
 20
356.8752779440232
 10
73.03384353741497
 20
356.8752779440232
 10
72.78316326530613
 20
356.8752779440232
 10
72.53248299319729
 20
356.8752779440232
 10
72.28180272108844
 20
356.8752779440232
 10
72.0311224489796
 20
356.8752779440232
 10
71.78044217687076
 20
356.8752779440232
 10
71.52976190476191
 20
356.8752779440232
 10
71.27908163265306
 20
356.8752779440232
 10
71.02840136054422
 20
356.8752779440232
 10
70.77772108843538
 20
356.8752779440232
 10
70.52704081632655
 20
356.8752779440232
 10
70.2763605442177
 20
356.8752779440232
 10
70.02568027210884
 20
356.8752779440232
 10
69.775
 20
356.8752779440232
  0
LWPOLYLINE
  5
139
330
17
100
AcDbEntity
  8
02-OCULTA
100
AcDbPolyline
 90
148
 70
0
 10
69.775
 20
356.8752779440232
 10
70.02568027210884
 20
356.8752779440232
 10
70.2763605442177
 20
356.8752779440232
 10
70.52704081632653
 20
356.8752779440232
 10
70.77772108843537
 20
356.8752779440232
 10
71.02840136054422
 20
356.8752779440232
 10
71.27908163265306
 20
356.8752779440232
 10
71.52976190476191
 20
356.8752779440232
 10
71.78044217687075
 20
356.8752779440232
 10
72.0311224489796
 20
356.8752779440232
 10
72.28180272108844
 20
356.8752779440232
 10
72.53248299319728
 20
356.8752779440232
 10
72.78316326530613
 20
356.8752779440232
 10
73.03384353741497
 20
356.8752779440232
 10
73.28452380952382
 20
356.8752779440232
 10
73.53520408163266
 20
356.8752779440232
 10
73.7858843537415
 20
356.8752779440232
 10
74.03656462585035
 20
356.8752779440232
 10
74.28724489795918
 20
356.8752779440232
 10
74.53792517006804
 20
356.8752779440232
 10
74.78860544217687
 20
356.8752779440232
 10
75.03928571428571
 20
356.8752779440232
 10
75.28996598639456
 20
356.8752779440232
 10
75.5406462585034
 20
356.8752779440232
 10
75.79132653061225
 20
356.8752779440232
 10
76.04200680272109
 20
356.8752779440232
 10
76.29268707482993
 20
356.8752779440232
 10
76.54336734693878
 20
356.8752779440232
 10
76.79404761904763
 20
356.8752779440232
 10
77.04472789115647
 20
356.8752779440232
 10
77.29540816326531
 20
356.8752779440232
 10
77.54608843537414
 20
356.8752779440232
 10
77.79676870748301
 20
356.8752779440232
 10
78.04744897959185
 20
356.8752779440232
 10
78.29812925170069
 20
356.8752779440232
 10
78.54880952380952
 20
356.8752779440232
 10
78.79948979591836
 20
356.8752779440232
 10
79.05017006802723
 20
356.8752779440232
 10
79.30085034013607
 20
356.8752779440232
 10
79.5515306122449
 20
356.8752779440232
 10
79.80221088435374
 20
356.8752779440232
 10
80.05289115646258
 20
356.8752779440232
 10
80.30357142857143
 20
356.8752779440232
 10
80.55425170068028
 20
356.8752779440232
 10
80.80493197278912
 20
356.8752779440232
 10
81.05561224489797
 20
356.8752779440232
 10
81.30629251700681
 20
356.8752779440232
 10
81.55697278911566
 20
356.8752779440232
 10
81.80765306122449
 20
356.8752779440232
 10
82.05833333333334
 20
356.8752779440232
 10
82.30901360544219
 20
356.8752779440232
 10
82.55969387755103
 20
356.8752779440232
 10
82.81037414965988
 20
356.8752779440232
 10
83.06105442176872
 20
356.8752779440232
 10
83.31173469387755
 20
356.8752779440232
 10
83.56241496598639
 20
356.8752779440232
 10
83.81309523809524
 20
356.8752779440232
 10
84.06377551020408
 20
356.8752779440232
 10
84.31445578231293
 20
356.8752779440232
 10
84.56513605442177
 20
356.8752779440232
 10
84.81581632653062
 20
356.8752779440232
 10
85.06649659863946
 20
356.8752779440232
 10
85.31717687074831
 20
356.8752779440232
 10
85.56785714285715
 20
356.8752779440232
 10
85.81853741496599
 20
356.8752779440232
 10
86.06921768707484
 20
356.8752779440232
 10
86.31989795918368
 20
356.8752779440232
 10
86.57057823129253
 20
356.8752779440232
 10
86.82125850340137
 20
356.8752779440232
 10
87.0719387755102
 20
356.8752779440232
 10
87.32261904761906
 20
356.8752779440232
 10
87.5732993197279
 20
356.8752779440232
 10
87.82397959183675
 20
356.8752779440232
 10
88.0746598639456
 20
356.8752779440232
 10
88.32534013605444
 20
356.8752779440232
 10
88.57602040816327
 20
356.8752779440232
 10
88.82670068027211
 20
356.8752779440232
 10
89.07738095238096
 20
356.8752779440232
 10
89.32806122448982
 20
356.8752779440232
 10
89.57874149659864
 20
356.8752779440232
 10
89.82942176870749
 20
356.8752779440232
 10
90.08010204081633
 20
356.8752779440232
 10
90.33078231292518
 20
356.8752779440232
 10
90.58146258503403
 20
356.8752779440232
 10
90.83214285714287
 20
356.8752779440232
 10
91.08282312925171
 20
356.8752779440232
 10
91.33350340136055
 20
356.8752779440232
 10
91.5841836734694
 20
356.8752779440232
 10
91.83486394557825
 20
356.8752779440232
 10
92.08554421768709
 20
356.8752779440232
 10
92.33622448979594
 20
356.8752779440232
 10
92.58690476190478
 20
356.8752779440232
 10
92.83758503401361
 20
356.8752779440232
 10
93.08826530612245
 20
356.8752779440232
 10
93.3389455782313
 20
356.8752779440232
 10
93.58962585034014
 20
356.8752779440232
 10
93.840306122449
 20
356.8752779440232
 10
94.09098639455783
 20
356.8752779440232
 10
94.34166666666667
 20
356.8752779440232
 10
94.59234693877552
 20
356.8752779440232
 10
94.84302721088436
 20
356.8752779440232
 10
95.09370748299321
 20
356.8752779440232
 10
95.34438775510205
 20
356.8752779440232
 10
95.5950680272109
 20
356.8752779440232
 10
95.84574829931975
 20
356.8752779440232
 10
96.09642857142858
 20
356.8752779440232
 10
96.34710884353743
 20
356.8752779440232
 10
96.59778911564626
 20
356.8752779440232
 10
96.8484693877551
 20
356.8752779440232
 10
97.09914965986395
 20
356.8752779440232
 10
97.34982993197279
 20
356.8752779440232
 10
97.60051020408164
 20
356.8752779440232
 10
97.85119047619048
 20
356.8752779440232
 10
98.10187074829933
 20
356.8752779440232
 10
98.35255102040817
 20
356.8752779440232
 10
98.60323129251702
 20
356.8752779440232
 10
98.85391156462586
 20
356.8752779440232
 10
99.1045918367347
 20
356.8752779440232
 10
99.35527210884355
 20
356.8752779440232
 10
99.60595238095239
 20
356.8752779440232
 10
99.85663265306123
 20
356.8752779440232
 10
100.10731292517008
 20
356.8752779440232
 10
100.35799319727892
 20
356.8752779440232
 10
100.60867346938775
 20
356.8752779440232
 10
100.8593537414966
 20
356.8752779440232
 10
101.11003401360544
 20
356.8752779440232
 10
101.3607142857143
 20
356.8752779440232
 10
101.61139455782313
 20
356.8752779440232
 10
101.86207482993198
 20
356.8752779440232
 10
102.11275510204082
 20
356.8752779440232
 10
102.36343537414967
 20
356.8752779440232
 10
102.61411564625851
 20
356.8752779440232
 10
102.86479591836735
 20
356.8752779440232
 10
103.1154761904762
 20
356.8752779440232
 10
103.36615646258504
 20
356.8752779440232
 10
103.61683673469389
 20
356.8752779440232
 10
103.86751700680273
 20
356.8752779440232
 10
104.11819727891157
 20
356.8752779440232
 10
104.3688775510204
 20
356.8752779440232
 10
104.61955782312926
 20
356.8752779440232
 10
104.8702380952381
 20
356.8752779440232
 10
105.12091836734695
 20
356.8752779440232
 10
105.37159863945578
 20
356.8752779440232
 10
105.62227891156462
 20
356.8752779440232
 10
105.87295918367347
 20
356.8752779440232
 10
106.12363945578231
 20
356.8752779440232
 10
106.37431972789116
 20
356.8752779440232
 10
106.625
 20
356.8752779440232
  0
LWPOLYLINE
  5
13A
330
17
100
AcDbEntity
  8
02-OCULTA
100
AcDbPolyline
 90
148
 70
0
 10
106.625
 20
231.00020329239484
 10
106.37431972789116
 20
231.00020329239484
 10
106.12363945578232
 20
231.00020329239484
 10
105.87295918367347
 20
231.00020329239484
 10
105.62227891156462
 20
231.00020329239484
 10
105.37159863945578
 20
231.00020329239484
 10
105.12091836734695
 20
231.00020329239484
 10
104.8702380952381
 20
231.00020329239484
 10
104.61955782312926
 20
231.00020329239484
 10
104.3688775510204
 20
231.00020329239484
 10
104.11819727891157
 20
231.00020329239484
 10
103.86751700680273
 20
231.00020329239484
 10
103.61683673469388
 20
231.00020329239484
 10
103.36615646258504
 20
231.00020329239484
 10
103.11547619047619
 20
231.00020329239484
 10
102.86479591836735
 20
231.00020329239484
 10
102.61411564625851
 20
231.00020329239484
 10
102.36343537414966
 20
231.00020329239484
 10
102.11275510204082
 20
231.00020329239484
 10
101.86207482993197
 20
231.00020329239484
 10
101.61139455782313
 20
231.00020329239484
 10
101.3607142857143
 20
231.00020329239484
 10
101.11003401360544
 20
231.00020329239484
 10
100.8593537414966
 20
231.00020329239484
 10
100.60867346938775
 20
231.00020329239484
 10
100.35799319727892
 20
231.00020329239484
 10
100.10731292517008
 20
231.00020329239484
 10
99.85663265306123
 20
231.00020329239484
 10
99.60595238095239
 20
231.00020329239484
 10
99.35527210884354
 20
231.00020329239484
 10
99.1045918367347
 20
231.00020329239484
 10
98.85391156462586
 20
231.00020329239484
 10
98.60323129251701
 20
231.00020329239484
 10
98.35255102040817
 20
231.00020329239484
 10
98.10187074829932
 20
231.00020329239484
 10
97.85119047619048
 20
231.00020329239484
 10
97.60051020408164
 20
231.00020329239484
 10
97.34982993197279
 20
231.00020329239484
 10
97.09914965986395
 20
231.00020329239484
 10
96.8484693877551
 20
231.00020329239484
 10
96.59778911564626
 20
231.00020329239484
 10
96.34710884353743
 20
231.00020329239484
 10
96.09642857142858
 20
231.00020329239484
 10
95.84574829931972
 20
231.00020329239484
 10
95.59506802721089
 20
231.00020329239484
 10
95.34438775510205
 20
231.00020329239484
 10
95.0937074829932
 20
231.00020329239484
 10
94.84302721088436
 20
231.00020329239484
 10
94.5923469387755
 20
231.00020329239484
 10
94.34166666666667
 20
231.00020329239484
 10
94.09098639455783
 20
231.00020329239484
 10
93.84030612244898
 20
231.00020329239484
 10
93.58962585034014
 20
231.00020329239484
 10
93.33894557823129
 20
231.00020329239484
 10
93.08826530612245
 20
231.00020329239484
 10
92.83758503401361
 20
231.00020329239484
 10
92.58690476190476
 20
231.00020329239484
 10
92.33622448979592
 20
231.00020329239484
 10
92.08554421768707
 20
231.00020329239484
 10
91.83486394557823
 20
231.00020329239484
 10
91.5841836734694
 20
231.00020329239484
 10
91.33350340136055
 20
231.00020329239484
 10
91.08282312925171
 20
231.00020329239484
 10
90.83214285714286
 20
231.00020329239484
 10
90.58146258503402
 20
231.00020329239484
 10
90.33078231292518
 20
231.00020329239484
 10
90.08010204081633
 20
231.00020329239484
 10
89.82942176870749
 20
231.00020329239484
 10
89.57874149659865
 20
231.00020329239484
 10
89.3280612244898
 20
231.00020329239484
 10
89.07738095238095
 20
231.00020329239484
 10
88.82670068027211
 20
231.00020329239484
 10
88.57602040816327
 20
231.00020329239484
 10
88.32534013605442
 20
231.00020329239484
 10
88.07465986394558
 20
231.00020329239484
 10
87.82397959183673
 20
231.00020329239484
 10
87.5732993197279
 20
231.00020329239484
 10
87.32261904761904
 20
231.00020329239484
 10
87.0719387755102
 20
231.00020329239484
 10
86.82125850340137
 20
231.00020329239484
 10
86.57057823129253
 20
231.00020329239484
 10
86.31989795918368
 20
231.00020329239484
 10
86.06921768707484
 20
231.00020329239484
 10
85.81853741496599
 20
231.00020329239484
 10
85.56785714285715
 20
231.00020329239484
 10
85.3171768707483
 20
231.00020329239484
 10
85.06649659863946
 20
231.00020329239484
 10
84.81581632653062
 20
231.00020329239484
 10
84.56513605442177
 20
231.00020329239484
 10
84.31445578231293
 20
231.00020329239484
 10
84.06377551020408
 20
231.00020329239484
 10
83.81309523809524
 20
231.00020329239484
 10
83.56241496598639
 20
231.00020329239484
 10
83.31173469387755
 20
231.00020329239484
 10
83.06105442176872
 20
231.00020329239484
 10
82.81037414965986
 20
231.00020329239484
 10
82.55969387755103
 20
231.00020329239484
 10
82.30901360544217
 20
231.00020329239484
 10
82.05833333333334
 20
231.00020329239484
 10
81.80765306122449
 20
231.00020329239484
 10
81.55697278911565
 20
231.00020329239484
 10
81.30629251700681
 20
231.00020329239484
 10
81.05561224489796
 20
231.00020329239484
 10
80.80493197278912
 20
231.00020329239484
 10
80.55425170068027
 20
231.00020329239484
 10
80.30357142857143
 20
231.00020329239484
 10
80.0528911564626
 20
231.00020329239484
 10
79.80221088435374
 20
231.00020329239484
 10
79.5515306122449
 20
231.00020329239484
 10
79.30085034013607
 20
231.00020329239484
 10
79.05017006802721
 20
231.00020329239484
 10
78.79948979591838
 20
231.00020329239484
 10
78.54880952380952
 20
231.00020329239484
 10
78.29812925170069
 20
231.00020329239484
 10
78.04744897959185
 20
231.00020329239484
 10
77.796768707483
 20
231.00020329239484
 10
77.54608843537416
 20
231.00020329239484
 10
77.29540816326531
 20
231.00020329239484
 10
77.04472789115647
 20
231.00020329239484
 10
76.79404761904762
 20
231.00020329239484
 10
76.54336734693878
 20
231.00020329239484
 10
76.29268707482994
 20
231.00020329239484
 10
76.04200680272109
 20
231.00020329239484
 10
75.79132653061225
 20
231.00020329239484
 10
75.54064625850341
 20
231.00020329239484
 10
75.28996598639456
 20
231.00020329239484
 10
75.03928571428571
 20
231.00020329239484
 10
74.78860544217687
 20
231.00020329239484
 10
74.53792517006804
 20
231.00020329239484
 10
74.28724489795918
 20
231.00020329239484
 10
74.03656462585035
 20
231.00020329239484
 10
73.7858843537415
 20
231.00020329239484
 10
73.53520408163266
 20
231.00020329239484
 10
73.28452380952382
 20
231.00020329239484
 10
73.03384353741497
 20
231.00020329239484
 10
72.78316326530613
 20
231.00020329239484
 10
72.53248299319729
 20
231.00020329239484
 10
72.28180272108844
 20
231.00020329239484
 10
72.0311224489796
 20
231.00020329239484
 10
71.78044217687076
 20
231.00020329239484
 10
71.52976190476191
 20
231.00020329239484
 10
71.27908163265306
 20
231.00020329239484
 10
71.02840136054422
 20
231.00020329239484
 10
70.77772108843538
 20
231.00020329239484
 10
70.52704081632655
 20
231.00020329239484
 10
70.2763605442177
 20
231.00020329239484
 10
70.02568027210884
 20
231.00020329239484
 10
69.775
 20
231.00020329239484
  0
LWPOLYLINE
  5
13B
330
17
100
AcDbEntity
  8
02-OCULTA
100
AcDbPolyline
 90
148
 70
0
 10
69.775
 20
231.00020329239484
 10
70.02568027210884
 20
231.00020329239484
 10
70.2763605442177
 20
231.00020329239484
 10
70.52704081632653
 20
231.00020329239484
 10
70.77772108843537
 20
231.00020329239484
 10
71.02840136054422
 20
231.00020329239484
 10
71.27908163265306
 20
231.00020329239484
 10
71.52976190476191
 20
231.00020329239484
 10
71.78044217687075
 20
231.00020329239484
 10
72.0311224489796
 20
231.00020329239484
 10
72.28180272108844
 20
231.00020329239484
 10
72.53248299319728
 20
231.00020329239484
 10
72.78316326530613
 20
231.00020329239484
 10
73.03384353741497
 20
231.00020329239484
 10
73.28452380952382
 20
231.00020329239484
 10
73.53520408163266
 20
231.00020329239484
 10
73.7858843537415
 20
231.00020329239484
 10
74.03656462585035
 20
231.00020329239484
 10
74.28724489795918
 20
231.00020329239484
 10
74.53792517006804
 20
231.00020329239484
 10
74.78860544217687
 20
231.00020329239484
 10
75.03928571428571
 20
231.00020329239484
 10
75.28996598639456
 20
231.00020329239484
 10
75.5406462585034
 20
231.00020329239484
 10
75.79132653061225
 20
231.00020329239484
 10
76.04200680272109
 20
231.00020329239484
 10
76.29268707482993
 20
231.00020329239484
 10
76.54336734693878
 20
231.00020329239484
 10
76.79404761904763
 20
231.00020329239484
 10
77.04472789115647
 20
231.00020329239484
 10
77.29540816326531
 20
231.00020329239484
 10
77.54608843537414
 20
231.00020329239484
 10
77.79676870748301
 20
231.00020329239484
 10
78.04744897959185
 20
231.00020329239484
 10
78.29812925170069
 20
231.00020329239484
 10
78.54880952380952
 20
231.00020329239484
 10
78.79948979591836
 20
231.00020329239484
 10
79.05017006802723
 20
231.00020329239484
 10
79.30085034013607
 20
231.00020329239484
 10
79.5515306122449
 20
231.00020329239484
 10
79.80221088435374
 20
231.00020329239484
 10
80.05289115646258
 20
231.00020329239484
 10
80.30357142857143
 20
231.00020329239484
 10
80.55425170068028
 20
231.00020329239484
 10
80.80493197278912
 20
231.00020329239484
 10
81.05561224489797
 20
231.00020329239484
 10
81.30629251700681
 20
231.00020329239484
 10
81.55697278911566
 20
231.00020329239484
 10
81.80765306122449
 20
231.00020329239484
 10
82.05833333333334
 20
231.00020329239484
 10
82.30901360544219
 20
231.00020329239484
 10
82.55969387755103
 20
231.00020329239484
 10
82.81037414965988
 20
231.00020329239484
 10
83.06105442176872
 20
231.00020329239484
 10
83.31173469387755
 20
231.00020329239484
 10
83.56241496598639
 20
231.00020329239484
 10
83.81309523809524
 20
231.00020329239484
 10
84.06377551020408
 20
231.00020329239484
 10
84.31445578231293
 20
231.00020329239484
 10
84.56513605442177
 20
231.00020329239484
 10
84.81581632653062
 20
231.00020329239484
 10
85.06649659863946
 20
231.00020329239484
 10
85.31717687074831
 20
231.00020329239484
 10
85.56785714285715
 20
231.00020329239484
 10
85.81853741496599
 20
231.00020329239484
 10
86.06921768707484
 20
231.00020329239484
 10
86.31989795918368
 20
231.00020329239484
 10
86.57057823129253
 20
231.00020329239484
 10
86.82125850340137
 20
231.00020329239484
 10
87.0719387755102
 20
231.00020329239484
 10
87.32261904761906
 20
231.00020329239484
 10
87.5732993197279
 20
231.00020329239484
 10
87.82397959183675
 20
231.00020329239484
 10
88.0746598639456
 20
231.00020329239484
 10
88.32534013605444
 20
231.00020329239484
 10
88.57602040816327
 20
231.00020329239484
 10
88.82670068027211
 20
231.00020329239484
 10
89.07738095238096
 20
231.00020329239484
 10
89.32806122448982
 20
231.00020329239484
 10
89.57874149659864
 20
231.00020329239484
 10
89.82942176870749
 20
231.00020329239484
 10
90.08010204081633
 20
231.00020329239484
 10
90.33078231292518
 20
231.00020329239484
 10
90.58146258503403
 20
231.00020329239484
 10
90.83214285714287
 20
231.00020329239484
 10
91.08282312925171
 20
231.00020329239484
 10
91.33350340136055
 20
231.00020329239484
 10
91.5841836734694
 20
231.00020329239484
 10
91.83486394557825
 20
231.00020329239484
 10
92.08554421768709
 20
231.00020329239484
 10
92.33622448979594
 20
231.00020329239484
 10
92.58690476190478
 20
231.00020329239484
 10
92.83758503401361
 20
231.00020329239484
 10
93.08826530612245
 20
231.00020329239484
 10
93.3389455782313
 20
231.00020329239484
 10
93.58962585034014
 20
231.00020329239484
 10
93.840306122449
 20
231.00020329239484
 10
94.09098639455783
 20
231.00020329239484
 10
94.34166666666667
 20
231.00020329239484
 10
94.59234693877552
 20
231.00020329239484
 10
94.84302721088436
 20
231.00020329239484
 10
95.09370748299321
 20
231.00020329239484
 10
95.34438775510205
 20
231.00020329239484
 10
95.5950680272109
 20
231.00020329239484
 10
95.84574829931975
 20
231.00020329239484
 10
96.09642857142858
 20
231.00020329239484
 10
96.34710884353743
 20
231.00020329239484
 10
96.59778911564626
 20
231.00020329239484
 10
96.8484693877551
 20
231.00020329239484
 10
97.09914965986395
 20
231.00020329239484
 10
97.34982993197279
 20
231.00020329239484
 10
97.60051020408164
 20
231.00020329239484
 10
97.85119047619048
 20
231.00020329239484
 10
98.10187074829933
 20
231.00020329239484
 10
98.35255102040817
 20
231.00020329239484
 10
98.60323129251702
 20
231.00020329239484
 10
98.85391156462586
 20
231.00020329239484
 10
99.1045918367347
 20
231.00020329239484
 10
99.35527210884355
 20
231.00020329239484
 10
99.60595238095239
 20
231.00020329239484
 10
99.85663265306123
 20
231.00020329239484
 10
100.10731292517008
 20
231.00020329239484
 10
100.35799319727892
 20
231.00020329239484
 10
100.60867346938775
 20
231.00020329239484
 10
100.8593537414966
 20
231.00020329239484
 10
101.11003401360544
 20
231.00020329239484
 10
101.3607142857143
 20
231.00020329239484
 10
101.61139455782313
 20
231.00020329239484
 10
101.86207482993198
 20
231.00020329239484
 10
102.11275510204082
 20
231.00020329239484
 10
102.36343537414967
 20
231.00020329239484
 10
102.61411564625851
 20
231.00020329239484
 10
102.86479591836735
 20
231.00020329239484
 10
103.1154761904762
 20
231.00020329239484
 10
103.36615646258504
 20
231.00020329239484
 10
103.61683673469389
 20
231.00020329239484
 10
103.86751700680273
 20
231.00020329239484
 10
104.11819727891157
 20
231.00020329239484
 10
104.3688775510204
 20
231.00020329239484
 10
104.61955782312926
 20
231.00020329239484
 10
104.8702380952381
 20
231.00020329239484
 10
105.12091836734695
 20
231.00020329239484
 10
105.37159863945578
 20
231.00020329239484
 10
105.62227891156462
 20
231.00020329239484
 10
105.87295918367347
 20
231.00020329239484
 10
106.12363945578231
 20
231.00020329239484
 10
106.37431972789116
 20
231.00020329239484
 10
106.625
 20
231.00020329239484
  0
LINE
  5
13C
330
17
100
AcDbEntity
  8
02-OCULTA
100
AcDbLine
 10
106.625
 20
231.00020329239484
 30
0.0
 11
106.625
 21
356.8752779440232
 31
0.0
  0
LWPOLYLINE
  5
13D
330
17
100
AcDbEntity
  8
02-OCULTA
100
AcDbPolyline
 90
153
 70
0
 10
107.25
 20
356.8752779440232
 10
106.99934210526317
 20
356.8752779440232
 10
106.74868421052632
 20
356.8752779440232
 10
106.49802631578947
 20
356.8752779440232
 10
106.24736842105264
 20
356.8752779440232
 10
105.9967105263158
 20
356.8752779440232
 10
105.74605263157895
 20
356.8752779440232
 10
105.49539473684212
 20
356.8752779440232
 10
105.24473684210527
 20
356.8752779440232
 10
104.99407894736842
 20
356.8752779440232
 10
104.74342105263159
 20
356.8752779440232
 10
104.49276315789474
 20
356.8752779440232
 10
104.2421052631579
 20
356.8752779440232
 10
103.99144736842105
 20
356.8752779440232
 10
103.74078947368422
 20
356.8752779440232
 10
103.49013157894737
 20
356.8752779440232
 10
103.23947368421054
 20
356.8752779440232
 10
102.98881578947369
 20
356.8752779440232
 10
102.73815789473684
 20
356.8752779440232
 10
102.4875
 20
356.8752779440232
 10
102.23684210526316
 20
356.8752779440232
 10
101.98618421052632
 20
356.8752779440232
 10
101.73552631578947
 20
356.8752779440232
 10
101.48486842105264
 20
356.8752779440232
 10
101.23421052631579
 20
356.8752779440232
 10
100.98355263157895
 20
356.8752779440232
 10
100.73289473684211
 20
356.8752779440232
 10
100.48223684210527
 20
356.8752779440232
 10
100.23157894736842
 20
356.8752779440232
 10
99.98092105263159
 20
356.8752779440232
 10
99.73026315789474
 20
356.8752779440232
 10
99.4796052631579
 20
356.8752779440232
 10
99.22894736842106
 20
356.8752779440232
 10
98.97828947368421
 20
356.8752779440232
 10
98.72763157894737
 20
356.8752779440232
 10
98.47697368421052
 20
356.8752779440232
 10
98.22631578947369
 20
356.8752779440232
 10
97.97565789473684
 20
356.8752779440232
 10
97.725
 20
356.8752779440232
 10
97.47434210526316
 20
356.8752779440232
 10
97.22368421052632
 20
356.8752779440232
 10
96.97302631578948
 20
356.8752779440232
 10
96.72236842105264
 20
356.8752779440232
 10
96.47171052631579
 20
356.8752779440232
 10
96.22105263157894
 20
356.8752779440232
 10
95.97039473684211
 20
356.8752779440232
 10
95.71973684210526
 20
356.8752779440232
 10
95.46907894736842
 20
356.8752779440232
 10
95.21842105263158
 20
356.8752779440232
 10
94.96776315789474
 20
356.8752779440232
 10
94.71710526315789
 20
356.8752779440232
 10
94.46644736842106
 20
356.8752779440232
 10
94.21578947368421
 20
356.8752779440232
 10
93.96513157894736
 20
356.8752779440232
 10
93.71447368421053
 20
356.8752779440232
 10
93.46381578947368
 20
356.8752779440232
 10
93.21315789473684
 20
356.8752779440232
 10
92.9625
 20
356.8752779440232
 10
92.71184210526316
 20
356.8752779440232
 10
92.46118421052631
 20
356.8752779440232
 10
92.21052631578948
 20
356.8752779440232
 10
91.95986842105263
 20
356.8752779440232
 10
91.70921052631579
 20
356.8752779440232
 10
91.45855263157895
 20
356.8752779440232
 10
91.2078947368421
 20
356.8752779440232
 10
90.95723684210526
 20
356.8752779440232
 10
90.70657894736843
 20
356.8752779440232
 10
90.45592105263158
 20
356.8752779440232
 10
90.20526315789473
 20
356.8752779440232
 10
89.9546052631579
 20
356.8752779440232
 10
89.70394736842105
 20
356.8752779440232
 10
89.45328947368421
 20
356.8752779440232
 10
89.20263157894738
 20
356.8752779440232
 10
88.95197368421053
 20
356.8752779440232
 10
88.70131578947368
 20
356.8752779440232
 10
88.45065789473685
 20
356.8752779440232
 10
88.2
 20
356.8752779440232
 10
87.94934210526316
 20
356.8752779440232
 10
87.69868421052632
 20
356.8752779440232
 10
87.44802631578948
 20
356.8752779440232
 10
87.19736842105263
 20
356.8752779440232
 10
86.9467105263158
 20
356.8752779440232
 10
86.69605263157895
 20
356.8752779440232
 10
86.4453947368421
 20
356.8752779440232
 10
86.19473684210527
 20
356.8752779440232
 10
85.94407894736842
 20
356.8752779440232
 10
85.69342105263158
 20
356.8752779440232
 10
85.44276315789475
 20
356.8752779440232
 10
85.1921052631579
 20
356.8752779440232
 10
84.94144736842105
 20
356.8752779440232
 10
84.69078947368422
 20
356.8752779440232
 10
84.44013157894737
 20
356.8752779440232
 10
84.18947368421053
 20
356.8752779440232
 10
83.93881578947368
 20
356.8752779440232
 10
83.68815789473685
 20
356.8752779440232
 10
83.4375
 20
356.8752779440232
 10
83.18684210526315
 20
356.8752779440232
 10
82.93618421052632
 20
356.8752779440232
 10
82.68552631578947
 20
356.8752779440232
 10
82.43486842105263
 20
356.8752779440232
 10
82.1842105263158
 20
356.8752779440232
 10
81.93355263157895
 20
356.8752779440232
 10
81.6828947368421
 20
356.8752779440232
 10
81.43223684210527
 20
356.8752779440232
 10
81.18157894736842
 20
356.8752779440232
 10
80.93092105263158
 20
356.8752779440232
 10
80.68026315789474
 20
356.8752779440232
 10
80.4296052631579
 20
356.8752779440232
 10
80.17894736842105
 20
356.8752779440232
 10
79.92828947368422
 20
356.8752779440232
 10
79.67763157894737
 20
356.8752779440232
 10
79.42697368421052
 20
356.8752779440232
 10
79.17631578947368
 20
356.8752779440232
 10
78.92565789473684
 20
356.8752779440232
 10
78.675
 20
356.8752779440232
 10
78.42434210526315
 20
356.8752779440232
 10
78.17368421052632
 20
356.8752779440232
 10
77.92302631578947
 20
356.8752779440232
 10
77.67236842105262
 20
356.8752779440232
 10
77.42171052631579
 20
356.8752779440232
 10
77.17105263157895
 20
356.8752779440232
 10
76.9203947368421
 20
356.8752779440232
 10
76.66973684210527
 20
356.8752779440232
 10
76.41907894736843
 20
356.8752779440232
 10
76.16842105263159
 20
356.8752779440232
 10
75.91776315789474
 20
356.8752779440232
 10
75.6671052631579
 20
356.8752779440232
 10
75.41644736842106
 20
356.8752779440232
 10
75.16578947368421
 20
356.8752779440232
 10
74.91513157894738
 20
356.8752779440232
 10
74.66447368421053
 20
356.8752779440232
 10
74.41381578947369
 20
356.8752779440232
 10
74.16315789473686
 20
356.8752779440232
 10
73.91250000000001
 20
356.8752779440232
 10
73.66184210526316
 20
356.8752779440232
 10
73.41118421052632
 20
356.8752779440232
 10
73.16052631578947
 20
356.8752779440232
 10
72.90986842105264
 20
356.8752779440232
 10
72.65921052631579
 20
356.8752779440232
 10
72.40855263157894
 20
356.8752779440232
 10
72.15789473684211
 20
356.8752779440232
 10
71.90723684210526
 20
356.8752779440232
 10
71.65657894736842
 20
356.8752779440232
 10
71.40592105263158
 20
356.8752779440232
 10
71.15526315789474
 20
356.8752779440232
 10
70.9046052631579
 20
356.8752779440232
 10
70.65394736842106
 20
356.8752779440232
 10
70.40328947368421
 20
356.8752779440232
 10
70.15263157894736
 20
356.8752779440232
 10
69.90197368421053
 20
356.8752779440232
 10
69.65131578947368
 20
356.8752779440232
 10
69.40065789473685
 20
356.8752779440232
 10
69.15
 20
356.8752779440232
  0
LWPOLYLINE
  5
13E
330
17
100
AcDbEntity
  8
02-OCULTA
100
AcDbPolyline
 90
153
 70
0
 10
69.15
 20
356.8752779440232
 10
69.40065789473684
 20
356.8752779440232
 10
69.65131578947368
 20
356.8752779440232
 10
69.90197368421053
 20
356.8752779440232
 10
70.15263157894736
 20
356.8752779440232
 10
70.40328947368421
 20
356.8752779440232
 10
70.65394736842106
 20
356.8752779440232
 10
70.90460526315789
 20
356.8752779440232
 10
71.15526315789474
 20
356.8752779440232
 10
71.40592105263158
 20
356.8752779440232
 10
71.65657894736842
 20
356.8752779440232
 10
71.90723684210526
 20
356.8752779440232
 10
72.15789473684211
 20
356.8752779440232
 10
72.40855263157894
 20
356.8752779440232
 10
72.65921052631579
 20
356.8752779440232
 10
72.90986842105264
 20
356.8752779440232
 10
73.16052631578947
 20
356.8752779440232
 10
73.41118421052632
 20
356.8752779440232
 10
73.66184210526316
 20
356.8752779440232
 10
73.91250000000001
 20
356.8752779440232
 10
74.16315789473684
 20
356.8752779440232
 10
74.41381578947369
 20
356.8752779440232
 10
74.66447368421053
 20
356.8752779440232
 10
74.91513157894737
 20
356.8752779440232
 10
75.16578947368421
 20
356.8752779440232
 10
75.41644736842106
 20
356.8752779440232
 10
75.6671052631579
 20
356.8752779440232
 10
75.91776315789474
 20
356.8752779440232
 10
76.16842105263157
 20
356.8752779440232
 10
76.41907894736842
 20
356.8752779440232
 10
76.66973684210527
 20
356.8752779440232
 10
76.92039473684211
 20
356.8752779440232
 10
77.17105263157895
 20
356.8752779440232
 10
77.42171052631579
 20
356.8752779440232
 10
77.67236842105264
 20
356.8752779440232
 10
77.92302631578949
 20
356.8752779440232
 10
78.17368421052632
 20
356.8752779440232
 10
78.42434210526316
 20
356.8752779440232
 10
78.67500000000001
 20
356.8752779440232
 10
78.92565789473684
 20
356.8752779440232
 10
79.17631578947369
 20
356.8752779440232
 10
79.42697368421054
 20
356.8752779440232
 10
79.67763157894737
 20
356.8752779440232
 10
79.92828947368422
 20
356.8752779440232
 10
80.17894736842106
 20
356.8752779440232
 10
80.4296052631579
 20
356.8752779440232
 10
80.68026315789473
 20
356.8752779440232
 10
80.93092105263158
 20
356.8752779440232
 10
81.18157894736842
 20
356.8752779440232
 10
81.43223684210527
 20
356.8752779440232
 10
81.6828947368421
 20
356.8752779440232
 10
81.93355263157895
 20
356.8752779440232
 10
82.1842105263158
 20
356.8752779440232
 10
82.43486842105264
 20
356.8752779440232
 10
82.68552631578947
 20
356.8752779440232
 10
82.93618421052632
 20
356.8752779440232
 10
83.18684210526317
 20
356.8752779440232
 10
83.43750000000001
 20
356.8752779440232
 10
83.68815789473685
 20
356.8752779440232
 10
83.93881578947368
 20
356.8752779440232
 10
84.18947368421054
 20
356.8752779440232
 10
84.44013157894737
 20
356.8752779440232
 10
84.69078947368422
 20
356.8752779440232
 10
84.94144736842105
 20
356.8752779440232
 10
85.1921052631579
 20
356.8752779440232
 10
85.44276315789473
 20
356.8752779440232
 10
85.69342105263158
 20
356.8752779440232
 10
85.94407894736841
 20
356.8752779440232
 10
86.19473684210527
 20
356.8752779440232
 10
86.44539473684212
 20
356.8752779440232
 10
86.69605263157895
 20
356.8752779440232
 10
86.9467105263158
 20
356.8752779440232
 10
87.19736842105263
 20
356.8752779440232
 10
87.44802631578949
 20
356.8752779440232
 10
87.69868421052632
 20
356.8752779440232
 10
87.94934210526317
 20
356.8752779440232
 10
88.2
 20
356.8752779440232
 10
88.45065789473685
 20
356.8752779440232
 10
88.70131578947368
 20
356.8752779440232
 10
88.95197368421053
 20
356.8752779440232
 10
89.20263157894736
 20
356.8752779440232
 10
89.45328947368422
 20
356.8752779440232
 10
89.70394736842105
 20
356.8752779440232
 10
89.9546052631579
 20
356.8752779440232
 10
90.20526315789473
 20
356.8752779440232
 10
90.45592105263158
 20
356.8752779440232
 10
90.70657894736843
 20
356.8752779440232
 10
90.95723684210526
 20
356.8752779440232
 10
91.20789473684212
 20
356.8752779440232
 10
91.45855263157895
 20
356.8752779440232
 10
91.70921052631579
 20
356.8752779440232
 10
91.95986842105263
 20
356.8752779440232
 10
92.21052631578948
 20
356.8752779440232
 10
92.46118421052631
 20
356.8752779440232
 10
92.71184210526316
 20
356.8752779440232
 10
92.9625
 20
356.8752779440232
 10
93.21315789473685
 20
356.8752779440232
 10
93.46381578947367
 20
356.8752779440232
 10
93.71447368421053
 20
356.8752779440232
 10
93.96513157894736
 20
356.8752779440232
 10
94.21578947368421
 20
356.8752779440232
 10
94.46644736842104
 20
356.8752779440232
 10
94.71710526315789
 20
356.8752779440232
 10
94.96776315789474
 20
356.8752779440232
 10
95.21842105263158
 20
356.8752779440232
 10
95.46907894736842
 20
356.8752779440232
 10
95.71973684210526
 20
356.8752779440232
 10
95.97039473684211
 20
356.8752779440232
 10
96.22105263157896
 20
356.8752779440232
 10
96.4717105263158
 20
356.8752779440232
 10
96.72236842105262
 20
356.8752779440232
 10
96.97302631578948
 20
356.8752779440232
 10
97.22368421052633
 20
356.8752779440232
 10
97.47434210526315
 20
356.8752779440232
 10
97.72500000000001
 20
356.8752779440232
 10
97.97565789473686
 20
356.8752779440232
 10
98.22631578947369
 20
356.8752779440232
 10
98.47697368421053
 20
356.8752779440232
 10
98.72763157894737
 20
356.8752779440232
 10
98.97828947368421
 20
356.8752779440232
 10
99.22894736842106
 20
356.8752779440232
 10
99.4796052631579
 20
356.8752779440232
 10
99.73026315789474
 20
356.8752779440232
 10
99.98092105263159
 20
356.8752779440232
 10
100.23157894736842
 20
356.8752779440232
 10
100.48223684210527
 20
356.8752779440232
 10
100.73289473684211
 20
356.8752779440232
 10
100.98355263157896
 20
356.8752779440232
 10
101.23421052631579
 20
356.8752779440232
 10
101.48486842105262
 20
356.8752779440232
 10
101.73552631578947
 20
356.8752779440232
 10
101.98618421052632
 20
356.8752779440232
 10
102.23684210526315
 20
356.8752779440232
 10
102.4875
 20
356.8752779440232
 10
102.73815789473684
 20
356.8752779440232
 10
102.98881578947369
 20
356.8752779440232
 10
103.23947368421052
 20
356.8752779440232
 10
103.49013157894737
 20
356.8752779440232
 10
103.74078947368422
 20
356.8752779440232
 10
103.99144736842105
 20
356.8752779440232
 10
104.2421052631579
 20
356.8752779440232
 10
104.49276315789473
 20
356.8752779440232
 10
104.74342105263158
 20
356.8752779440232
 10
104.99407894736842
 20
356.8752779440232
 10
105.24473684210527
 20
356.8752779440232
 10
105.4953947368421
 20
356.8752779440232
 10
105.74605263157895
 20
356.8752779440232
 10
105.99671052631578
 20
356.8752779440232
 10
106.24736842105263
 20
356.8752779440232
 10
106.49802631578947
 20
356.8752779440232
 10
106.7486842105263
 20
356.8752779440232
 10
106.99934210526315
 20
356.8752779440232
 10
107.25
 20
356.8752779440232
  0
LWPOLYLINE
  5
13F
330
17
100
AcDbEntity
  8
02-OCULTA
100
AcDbPolyline
 90
53
 70
0
 10
94.7
 20
362.7502032923949
 10
94.45
 20
362.7502032923949
 10
94.2
 20
362.7502032923949
 10
93.95
 20
362.7502032923949
 10
93.7
 20
362.7502032923949
 10
93.45
 20
362.7502032923949
 10
93.2
 20
362.7502032923949
 10
92.95
 20
362.7502032923949
 10
92.7
 20
362.7502032923949
 10
92.45
 20
362.7502032923949
 10
92.2
 20
362.7502032923949
 10
91.95
 20
362.7502032923949
 10
91.7
 20
362.7502032923949
 10
91.45
 20
362.7502032923949
 10
91.2
 20
362.7502032923949
 10
90.95
 20
362.7502032923949
 10
90.7
 20
362.7502032923949
 10
90.45
 20
362.7502032923949
 10
90.2
 20
362.7502032923949
 10
89.95
 20
362.7502032923949
 10
89.7
 20
362.7502032923949
 10
89.45
 20
362.7502032923949
 10
89.2
 20
362.7502032923949
 10
88.95
 20
362.7502032923949
 10
88.7
 20
362.7502032923949
 10
88.45
 20
362.7502032923949
 10
88.2
 20
362.7502032923949
 10
87.95
 20
362.7502032923949
 10
87.7
 20
362.7502032923949
 10
87.45
 20
362.7502032923949
 10
87.2
 20
362.7502032923949
 10
86.95
 20
362.7502032923949
 10
86.7
 20
362.7502032923949
 10
86.45
 20
362.7502032923949
 10
86.2
 20
362.7502032923949
 10
85.95
 20
362.7502032923949
 10
85.7
 20
362.7502032923949
 10
85.45
 20
362.7502032923949
 10
85.2
 20
362.7502032923949
 10
84.95
 20
362.7502032923949
 10
84.7
 20
362.7502032923949
 10
84.45
 20
362.7502032923949
 10
84.2
 20
362.7502032923949
 10
83.95
 20
362.7502032923949
 10
83.7
 20
362.7502032923949
 10
83.45
 20
362.7502032923949
 10
83.2
 20
362.7502032923949
 10
82.95
 20
362.7502032923949
 10
82.7
 20
362.7502032923949
 10
82.45
 20
362.7502032923949
 10
82.2
 20
362.7502032923949
 10
81.95
 20
362.7502032923949
 10
81.7
 20
362.7502032923949
  0
LWPOLYLINE
  5
140
330
17
100
AcDbEntity
  8
02-OCULTA
100
AcDbPolyline
 90
53
 70
0
 10
81.7
 20
362.7502032923949
 10
81.95
 20
362.7502032923949
 10
82.2
 20
362.7502032923949
 10
82.45
 20
362.7502032923949
 10
82.7
 20
362.7502032923949
 10
82.95
 20
362.7502032923949
 10
83.2
 20
362.7502032923949
 10
83.45
 20
362.7502032923949
 10
83.7
 20
362.7502032923949
 10
83.95
 20
362.7502032923949
 10
84.2
 20
362.7502032923949
 10
84.45
 20
362.7502032923949
 10
84.7
 20
362.7502032923949
 10
84.95
 20
362.7502032923949
 10
85.2
 20
362.7502032923949
 10
85.45
 20
362.7502032923949
 10
85.7
 20
362.7502032923949
 10
85.95
 20
362.7502032923949
 10
86.2
 20
362.7502032923949
 10
86.45
 20
362.7502032923949
 10
86.7
 20
362.7502032923949
 10
86.95
 20
362.7502032923949
 10
87.2
 20
362.7502032923949
 10
87.45
 20
362.7502032923949
 10
87.7
 20
362.7502032923949
 10
87.95
 20
362.7502032923949
 10
88.2
 20
362.7502032923949
 10
88.45
 20
362.7502032923949
 10
88.7
 20
362.7502032923949
 10
88.95
 20
362.7502032923949
 10
89.2
 20
362.7502032923949
 10
89.45
 20
362.7502032923949
 10
89.7
 20
362.7502032923949
 10
89.95
 20
362.7502032923949
 10
90.2
 20
362.7502032923949
 10
90.45
 20
362.7502032923949
 10
90.7
 20
362.7502032923949
 10
90.95
 20
362.7502032923949
 10
91.2
 20
362.7502032923949
 10
91.45
 20
362.7502032923949
 10
91.7
 20
362.7502032923949
 10
91.95
 20
362.7502032923949
 10
92.2
 20
362.7502032923949
 10
92.45
 20
362.7502032923949
 10
92.7
 20
362.7502032923949
 10
92.95
 20
362.7502032923949
 10
93.2
 20
362.7502032923949
 10
93.45
 20
362.7502032923949
 10
93.7
 20
362.7502032923949
 10
93.95
 20
362.7502032923949
 10
94.2
 20
362.7502032923949
 10
94.45
 20
362.7502032923949
 10
94.7
 20
362.7502032923949
  0
LWPOLYLINE
  5
141
330
17
100
AcDbEntity
  8
02-OCULTA
100
AcDbPolyline
 90
7
 70
0
 10
94.705
 20
362.74960782772496
 10
94.70416666677676
 20
362.749707072761
 10
94.70333333350942
 20
362.7498063174268
 10
94.70250000019806
 20
362.7499055617228
 10
94.70166666684266
 20
362.75000480564927
 10
94.7008333334433
 20
362.75010404920647
 10
94.7
 20
362.7502032923949
  0
LWPOLYLINE
  5
142
330
17
100
AcDbEntity
  8
02-OCULTA
100
AcDbPolyline
 90
53
 70
0
 10
94.7
 20
362.30959027323155
 10
94.45
 20
362.30959027323155
 10
94.2
 20
362.30959027323155
 10
93.95
 20
362.30959027323155
 10
93.7
 20
362.30959027323155
 10
93.45
 20
362.30959027323155
 10
93.2
 20
362.30959027323155
 10
92.95
 20
362.30959027323155
 10
92.7
 20
362.30959027323155
 10
92.45
 20
362.30959027323155
 10
92.2
 20
362.30959027323155
 10
91.95
 20
362.30959027323155
 10
91.7
 20
362.30959027323155
 10
91.45
 20
362.30959027323155
 10
91.2
 20
362.30959027323155
 10
90.95
 20
362.30959027323155
 10
90.7
 20
362.30959027323155
 10
90.45
 20
362.30959027323155
 10
90.2
 20
362.30959027323155
 10
89.95
 20
362.30959027323155
 10
89.7
 20
362.30959027323155
 10
89.45
 20
362.30959027323155
 10
89.2
 20
362.30959027323155
 10
88.95
 20
362.30959027323155
 10
88.7
 20
362.30959027323155
 10
88.45
 20
362.30959027323155
 10
88.2
 20
362.30959027323155
 10
87.95
 20
362.30959027323155
 10
87.7
 20
362.30959027323155
 10
87.45
 20
362.30959027323155
 10
87.2
 20
362.30959027323155
 10
86.95
 20
362.30959027323155
 10
86.7
 20
362.30959027323155
 10
86.45
 20
362.30959027323155
 10
86.2
 20
362.30959027323155
 10
85.95
 20
362.30959027323155
 10
85.7
 20
362.30959027323155
 10
85.45
 20
362.30959027323155
 10
85.2
 20
362.30959027323155
 10
84.95
 20
362.30959027323155
 10
84.7
 20
362.30959027323155
 10
84.45
 20
362.30959027323155
 10
84.2
 20
362.30959027323155
 10
83.95
 20
362.30959027323155
 10
83.7
 20
362.30959027323155
 10
83.45
 20
362.30959027323155
 10
83.2
 20
362.30959027323155
 10
82.95
 20
362.30959027323155
 10
82.7
 20
362.30959027323155
 10
82.45
 20
362.30959027323155
 10
82.2
 20
362.30959027323155
 10
81.95
 20
362.30959027323155
 10
81.7
 20
362.30959027323155
  0
LWPOLYLINE
  5
143
330
17
100
AcDbEntity
  8
02-OCULTA
100
AcDbPolyline
 90
53
 70
0
 10
81.7
 20
362.30959027323155
 10
81.95
 20
362.30959027323155
 10
82.2
 20
362.30959027323155
 10
82.45
 20
362.30959027323155
 10
82.7
 20
362.30959027323155
 10
82.95
 20
362.30959027323155
 10
83.2
 20
362.30959027323155
 10
83.45
 20
362.30959027323155
 10
83.7
 20
362.30959027323155
 10
83.95
 20
362.30959027323155
 10
84.2
 20
362.30959027323155
 10
84.45
 20
362.30959027323155
 10
84.7
 20
362.30959027323155
 10
84.95
 20
362.30959027323155
 10
85.2
 20
362.30959027323155
 10
85.45
 20
362.30959027323155
 10
85.7
 20
362.30959027323155
 10
85.95
 20
362.30959027323155
 10
86.2
 20
362.30959027323155
 10
86.45
 20
362.30959027323155
 10
86.7
 20
362.30959027323155
 10
86.95
 20
362.30959027323155
 10
87.2
 20
362.30959027323155
 10
87.45
 20
362.30959027323155
 10
87.7
 20
362.30959027323155
 10
87.95
 20
362.30959027323155
 10
88.2
 20
362.30959027323155
 10
88.45
 20
362.30959027323155
 10
88.7
 20
362.30959027323155
 10
88.95
 20
362.30959027323155
 10
89.2
 20
362.30959027323155
 10
89.45
 20
362.30959027323155
 10
89.7
 20
362.30959027323155
 10
89.95
 20
362.30959027323155
 10
90.2
 20
362.30959027323155
 10
90.45
 20
362.30959027323155
 10
90.7
 20
362.30959027323155
 10
90.95
 20
362.30959027323155
 10
91.2
 20
362.30959027323155
 10
91.45
 20
362.30959027323155
 10
91.7
 20
362.30959027323155
 10
91.95
 20
362.30959027323155
 10
92.2
 20
362.30959027323155
 10
92.45
 20
362.30959027323155
 10
92.7
 20
362.30959027323155
 10
92.95
 20
362.30959027323155
 10
93.2
 20
362.30959027323155
 10
93.45
 20
362.30959027323155
 10
93.7
 20
362.30959027323155
 10
93.95
 20
362.30959027323155
 10
94.2
 20
362.30959027323155
 10
94.45
 20
362.30959027323155
 10
94.7
 20
362.30959027323155
  0
LINE
  5
144
330
17
100
AcDbEntity
  8
02-OCULTA
100
AcDbLine
 10
94.7
 20
362.7502032923949
 30
0.0
 11
94.7
 21
362.30959027323155
 31
0.0
  0
LWPOLYLINE
  5
145
330
17
100
AcDbEntity
  8
02-OCULTA
100
AcDbPolyline
 90
149
 70
0
 10
106.80000000000001
 20
356.8752779440232
 10
106.54864864864865
 20
356.8752779440232
 10
106.2972972972973
 20
356.8752779440232
 10
106.04594594594595
 20
356.8752779440232
 10
105.7945945945946
 20
356.8752779440232
 10
105.54324324324324
 20
356.8752779440232
 10
105.2918918918919
 20
356.8752779440232
 10
105.04054054054055
 20
356.8752779440232
 10
104.78918918918919
 20
356.8752779440232
 10
104.53783783783784
 20
356.8752779440232
 10
104.2864864864865
 20
356.8752779440232
 10
104.03513513513514
 20
356.8752779440232
 10
103.78378378378379
 20
356.8752779440232
 10
103.53243243243244
 20
356.8752779440232
 10
103.28108108108108
 20
356.8752779440232
 10
103.02972972972974
 20
356.8752779440232
 10
102.77837837837838
 20
356.8752779440232
 10
102.52702702702703
 20
356.8752779440232
 10
102.27567567567567
 20
356.8752779440232
 10
102.02432432432433
 20
356.8752779440232
 10
101.77297297297298
 20
356.8752779440232
 10
101.52162162162162
 20
356.8752779440232
 10
101.27027027027027
 20
356.8752779440232
 10
101.01891891891893
 20
356.8752779440232
 10
100.76756756756757
 20
356.8752779440232
 10
100.51621621621622
 20
356.8752779440232
 10
100.26486486486488
 20
356.8752779440232
 10
100.01351351351352
 20
356.8752779440232
 10
99.76216216216217
 20
356.8752779440232
 10
99.51081081081081
 20
356.8752779440232
 10
99.25945945945946
 20
356.8752779440232
 10
99.0081081081081
 20
356.8752779440232
 10
98.75675675675676
 20
356.8752779440232
 10
98.50540540540541
 20
356.8752779440232
 10
98.25405405405405
 20
356.8752779440232
 10
98.0027027027027
 20
356.8752779440232
 10
97.75135135135136
 20
356.8752779440232
 10
97.5
 20
356.8752779440232
 10
97.24864864864865
 20
356.8752779440232
 10
96.99729729729731
 20
356.8752779440232
 10
96.74594594594595
 20
356.8752779440232
 10
96.4945945945946
 20
356.8752779440232
 10
96.24324324324326
 20
356.8752779440232
 10
95.9918918918919
 20
356.8752779440232
 10
95.74054054054055
 20
356.8752779440232
 10
95.48918918918919
 20
356.8752779440232
 10
95.23783783783784
 20
356.8752779440232
 10
94.98648648648648
 20
356.8752779440232
 10
94.73513513513514
 20
356.8752779440232
 10
94.48378378378379
 20
356.8752779440232
 10
94.23243243243243
 20
356.8752779440232
 10
93.98108108108109
 20
356.8752779440232
 10
93.72972972972974
 20
356.8752779440232
 10
93.47837837837838
 20
356.8752779440232
 10
93.22702702702702
 20
356.8752779440232
 10
92.97567567567567
 20
356.8752779440232
 10
92.72432432432433
 20
356.8752779440232
 10
92.47297297297297
 20
356.8752779440232
 10
92.22162162162162
 20
356.8752779440232
 10
91.97027027027028
 20
356.8752779440232
 10
91.71891891891892
 20
356.8752779440232
 10
91.46756756756757
 20
356.8752779440232
 10
91.21621621621621
 20
356.8752779440232
 10
90.96486486486486
 20
356.8752779440232
 10
90.71351351351352
 20
356.8752779440232
 10
90.46216216216216
 20
356.8752779440232
 10
90.21081081081081
 20
356.8752779440232
 10
89.95945945945945
 20
356.8752779440232
 10
89.7081081081081
 20
356.8752779440232
 10
89.45675675675676
 20
356.8752779440232
 10
89.2054054054054
 20
356.8752779440232
 10
88.95405405405405
 20
356.8752779440232
 10
88.70270270270271
 20
356.8752779440232
 10
88.45135135135135
 20
356.8752779440232
 10
88.2
 20
356.8752779440232
 10
87.94864864864866
 20
356.8752779440232
 10
87.6972972972973
 20
356.8752779440232
 10
87.44594594594595
 20
356.8752779440232
 10
87.19459459459459
 20
356.8752779440232
 10
86.94324324324324
 20
356.8752779440232
 10
86.6918918918919
 20
356.8752779440232
 10
86.44054054054054
 20
356.8752779440232
 10
86.1891891891892
 20
356.8752779440232
 10
85.93783783783785
 20
356.8752779440232
 10
85.68648648648649
 20
356.8752779440232
 10
85.43513513513514
 20
356.8752779440232
 10
85.18378378378378
 20
356.8752779440232
 10
84.93243243243244
 20
356.8752779440232
 10
84.68108108108109
 20
356.8752779440232
 10
84.42972972972973
 20
356.8752779440232
 10
84.17837837837838
 20
356.8752779440232
 10
83.92702702702702
 20
356.8752779440232
 10
83.67567567567568
 20
356.8752779440232
 10
83.42432432432433
 20
356.8752779440232
 10
83.17297297297297
 20
356.8752779440232
 10
82.92162162162163
 20
356.8752779440232
 10
82.67027027027027
 20
356.8752779440232
 10
82.41891891891892
 20
356.8752779440232
 10
82.16756756756757
 20
356.8752779440232
 10
81.91621621621621
 20
356.8752779440232
 10
81.66486486486487
 20
356.8752779440232
 10
81.41351351351352
 20
356.8752779440232
 10
81.16216216216216
 20
356.8752779440232
 10
80.91081081081082
 20
356.8752779440232
 10
80.65945945945947
 20
356.8752779440232
 10
80.40810810810811
 20
356.8752779440232
 10
80.15675675675676
 20
356.8752779440232
 10
79.9054054054054
 20
356.8752779440232
 10
79.65405405405406
 20
356.8752779440232
 10
79.4027027027027
 20
356.8752779440232
 10
79.15135135135135
 20
356.8752779440232
 10
78.9
 20
356.8752779440232
 10
78.64864864864866
 20
356.8752779440232
 10
78.3972972972973
 20
356.8752779440232
 10
78.14594594594595
 20
356.8752779440232
 10
77.8945945945946
 20
356.8752779440232
 10
77.64324324324325
 20
356.8752779440232
 10
77.3918918918919
 20
356.8752779440232
 10
77.14054054054054
 20
356.8752779440232
 10
76.8891891891892
 20
356.8752779440232
 10
76.63783783783784
 20
356.8752779440232
 10
76.38648648648649
 20
356.8752779440232
 10
76.13513513513513
 20
356.8752779440232
 10
75.88378378378378
 20
356.8752779440232
 10
75.63243243243244
 20
356.8752779440232
 10
75.38108108108109
 20
356.8752779440232
 10
75.12972972972973
 20
356.8752779440232
 10
74.87837837837839
 20
356.8752779440232
 10
74.62702702702703
 20
356.8752779440232
 10
74.37567567567567
 20
356.8752779440232
 10
74.12432432432432
 20
356.8752779440232
 10
73.87297297297297
 20
356.8752779440232
 10
73.62162162162163
 20
356.8752779440232
 10
73.37027027027027
 20
356.8752779440232
 10
73.11891891891892
 20
356.8752779440232
 10
72.86756756756756
 20
356.8752779440232
 10
72.61621621621622
 20
356.8752779440232
 10
72.36486486486487
 20
356.8752779440232
 10
72.11351351351352
 20
356.8752779440232
 10
71.86216216216216
 20
356.8752779440232
 10
71.61081081081082
 20
356.8752779440232
 10
71.35945945945946
 20
356.8752779440232
 10
71.10810810810811
 20
356.8752779440232
 10
70.85675675675677
 20
356.8752779440232
 10
70.6054054054054
 20
356.8752779440232
 10
70.35405405405406
 20
356.8752779440232
 10
70.1027027027027
 20
356.8752779440232
 10
69.85135135135135
 20
356.8752779440232
 10
69.6
 20
356.8752779440232
  0
LWPOLYLINE
  5
146
330
17
100
AcDbEntity
  8
02-OCULTA
100
AcDbPolyline
 90
149
 70
0
 10
69.6
 20
356.8752779440232
 10
69.85135135135135
 20
356.8752779440232
 10
70.1027027027027
 20
356.8752779440232
 10
70.35405405405405
 20
356.8752779440232
 10
70.6054054054054
 20
356.8752779440232
 10
70.85675675675677
 20
356.8752779440232
 10
71.10810810810811
 20
356.8752779440232
 10
71.35945945945946
 20
356.8752779440232
 10
71.61081081081082
 20
356.8752779440232
 10
71.86216216216216
 20
356.8752779440232
 10
72.11351351351351
 20
356.8752779440232
 10
72.36486486486487
 20
356.8752779440232
 10
72.61621621621622
 20
356.8752779440232
 10
72.86756756756758
 20
356.8752779440232
 10
73.11891891891892
 20
356.8752779440232
 10
73.37027027027027
 20
356.8752779440232
 10
73.62162162162163
 20
356.8752779440232
 10
73.87297297297297
 20
356.8752779440232
 10
74.12432432432433
 20
356.8752779440232
 10
74.37567567567568
 20
356.8752779440232
 10
74.62702702702703
 20
356.8752779440232
 10
74.87837837837839
 20
356.8752779440232
 10
75.12972972972973
 20
356.8752779440232
 10
75.38108108108108
 20
356.8752779440232
 10
75.63243243243244
 20
356.8752779440232
 10
75.88378378378378
 20
356.8752779440232
 10
76.13513513513514
 20
356.8752779440232
 10
76.38648648648649
 20
356.8752779440232
 10
76.63783783783785
 20
356.8752779440232
 10
76.8891891891892
 20
356.8752779440232
 10
77.14054054054054
 20
356.8752779440232
 10
77.3918918918919
 20
356.8752779440232
 10
77.64324324324326
 20
356.8752779440232
 10
77.8945945945946
 20
356.8752779440232
 10
78.14594594594595
 20
356.8752779440232
 10
78.3972972972973
 20
356.8752779440232
 10
78.64864864864865
 20
356.8752779440232
 10
78.9
 20
356.8752779440232
 10
79.15135135135135
 20
356.8752779440232
 10
79.40270270270271
 20
356.8752779440232
 10
79.65405405405406
 20
356.8752779440232
 10
79.9054054054054
 20
356.8752779440232
 10
80.15675675675676
 20
356.8752779440232
 10
80.40810810810811
 20
356.8752779440232
 10
80.65945945945947
 20
356.8752779440232
 10
80.91081081081082
 20
356.8752779440232
 10
81.16216216216218
 20
356.8752779440232
 10
81.41351351351352
 20
356.8752779440232
 10
81.66486486486487
 20
356.8752779440232
 10
81.91621621621623
 20
356.8752779440232
 10
82.16756756756757
 20
356.8752779440232
 10
82.41891891891892
 20
356.8752779440232
 10
82.67027027027028
 20
356.8752779440232
 10
82.92162162162163
 20
356.8752779440232
 10
83.17297297297297
 20
356.8752779440232
 10
83.42432432432433
 20
356.8752779440232
 10
83.67567567567569
 20
356.8752779440232
 10
83.92702702702702
 20
356.8752779440232
 10
84.17837837837838
 20
356.8752779440232
 10
84.42972972972974
 20
356.8752779440232
 10
84.68108108108109
 20
356.8752779440232
 10
84.93243243243244
 20
356.8752779440232
 10
85.1837837837838
 20
356.8752779440232
 10
85.43513513513514
 20
356.8752779440232
 10
85.68648648648649
 20
356.8752779440232
 10
85.93783783783785
 20
356.8752779440232
 10
86.1891891891892
 20
356.8752779440232
 10
86.44054054054054
 20
356.8752779440232
 10
86.6918918918919
 20
356.8752779440232
 10
86.94324324324324
 20
356.8752779440232
 10
87.19459459459459
 20
356.8752779440232
 10
87.44594594594595
 20
356.8752779440232
 10
87.6972972972973
 20
356.8752779440232
 10
87.94864864864867
 20
356.8752779440232
 10
88.2
 20
356.8752779440232
 10
88.45135135135136
 20
356.8752779440232
 10
88.70270270270272
 20
356.8752779440232
 10
88.95405405405407
 20
356.8752779440232
 10
89.20540540540541
 20
356.8752779440232
 10
89.45675675675677
 20
356.8752779440232
 10
89.70810810810812
 20
356.8752779440232
 10
89.95945945945947
 20
356.8752779440232
 10
90.21081081081083
 20
356.8752779440232
 10
90.46216216216217
 20
356.8752779440232
 10
90.71351351351352
 20
356.8752779440232
 10
90.96486486486488
 20
356.8752779440232
 10
91.21621621621622
 20
356.8752779440232
 10
91.46756756756757
 20
356.8752779440232
 10
91.71891891891893
 20
356.8752779440232
 10
91.97027027027028
 20
356.8752779440232
 10
92.22162162162162
 20
356.8752779440232
 10
92.47297297297298
 20
356.8752779440232
 10
92.72432432432433
 20
356.8752779440232
 10
92.97567567567569
 20
356.8752779440232
 10
93.22702702702703
 20
356.8752779440232
 10
93.47837837837838
 20
356.8752779440232
 10
93.72972972972974
 20
356.8752779440232
 10
93.98108108108109
 20
356.8752779440232
 10
94.23243243243245
 20
356.8752779440232
 10
94.48378378378379
 20
356.8752779440232
 10
94.73513513513515
 20
356.8752779440232
 10
94.9864864864865
 20
356.8752779440232
 10
95.23783783783786
 20
356.8752779440232
 10
95.4891891891892
 20
356.8752779440232
 10
95.74054054054055
 20
356.8752779440232
 10
95.99189189189191
 20
356.8752779440232
 10
96.24324324324326
 20
356.8752779440232
 10
96.49459459459462
 20
356.8752779440232
 10
96.74594594594595
 20
356.8752779440232
 10
96.99729729729731
 20
356.8752779440232
 10
97.24864864864867
 20
356.8752779440232
 10
97.5
 20
356.8752779440232
 10
97.75135135135136
 20
356.8752779440232
 10
98.00270270270272
 20
356.8752779440232
 10
98.25405405405407
 20
356.8752779440232
 10
98.50540540540541
 20
356.8752779440232
 10
98.75675675675676
 20
356.8752779440232
 10
99.00810810810812
 20
356.8752779440232
 10
99.25945945945948
 20
356.8752779440232
 10
99.51081081081082
 20
356.8752779440232
 10
99.76216216216217
 20
356.8752779440232
 10
100.01351351351353
 20
356.8752779440232
 10
100.26486486486488
 20
356.8752779440232
 10
100.51621621621624
 20
356.8752779440232
 10
100.76756756756758
 20
356.8752779440232
 10
101.01891891891893
 20
356.8752779440232
 10
101.27027027027027
 20
356.8752779440232
 10
101.52162162162163
 20
356.8752779440232
 10
101.772972972973
 20
356.8752779440232
 10
102.02432432432434
 20
356.8752779440232
 10
102.27567567567569
 20
356.8752779440232
 10
102.52702702702705
 20
356.8752779440232
 10
102.77837837837839
 20
356.8752779440232
 10
103.02972972972974
 20
356.8752779440232
 10
103.2810810810811
 20
356.8752779440232
 10
103.53243243243244
 20
356.8752779440232
 10
103.7837837837838
 20
356.8752779440232
 10
104.03513513513515
 20
356.8752779440232
 10
104.2864864864865
 20
356.8752779440232
 10
104.53783783783786
 20
356.8752779440232
 10
104.7891891891892
 20
356.8752779440232
 10
105.04054054054055
 20
356.8752779440232
 10
105.29189189189191
 20
356.8752779440232
 10
105.54324324324325
 20
356.8752779440232
 10
105.79459459459461
 20
356.8752779440232
 10
106.04594594594596
 20
356.8752779440232
 10
106.29729729729732
 20
356.8752779440232
 10
106.54864864864867
 20
356.8752779440232
 10
106.80000000000001
 20
356.8752779440232
  0
LWPOLYLINE
  5
147
330
17
100
AcDbEntity
  8
02-OCULTA
100
AcDbPolyline
 90
56
 70
0
 10
94.7
 20
362.30959027323155
 10
94.95263874956238
 20
362.27955360457696
 10
95.20511919972375
 20
362.2482142220936
 10
95.45743189020183
 20
362.2155517659292
 10
95.70956698482352
 20
362.18154560573004
 10
95.9615142582321
 20
362.146174838398
 10
96.21326297855052
 20
362.1094175844904
 10
96.46480130424213
 20
362.0712472101833
 10
96.71611664136648
 20
362.03163533299676
 10
96.96719589997376
 20
361.9905537316455
 10
97.21802548893187
 20
361.9479743724836
 10
97.46859111979526
 20
361.90386835836875
 10
97.7188766675865
 20
361.8581998837277
 10
97.96886476067486
 20
361.81093036756397
 10
98.21853724246171
 20
361.76202132741764
 10
98.46787515556863
 20
361.71143441532695
 10
98.71685817582906
 20
361.6591288535209
 10
98.96546292159648
 20
361.6050540956792
 10
99.21366434021292
 20
361.54915743067613
 10
99.46143615800997
 20
361.49138642229616
 10
99.70875079629806
 20
361.4316887372779
 10
99.95557712426344
 20
361.3700033927721
 10
100.20187940282881
 20
361.3062579835906
 10
100.44761975234313
 20
361.24037975633075
 10
100.69275828695443
 20
361.17229650926095
 10
100.93725145762618
 20
361.10193117231756
 10
101.1810469651161
 20
361.029185764047
 10
101.42408781462294
 20
360.9539578450116
 10
101.66631366145323
 20
360.87614601035716
 10
101.90765894848069
 20
360.7956448816908
 10
102.14804332515105
 20
360.7123187291263
 10
102.38737699756325
 20
360.6260215597904
 10
102.62556429971366
 20
360.53660945581476
 10
102.86249869924227
 20
360.4439289090022
 10
103.09804563339111
 20
360.3477775818916
 10
103.33205491857075
 20
360.24794311158394
 10
103.56436501460513
 20
360.14421701797437
 10
103.79478140800492
 20
360.03635092327863
 10
104.02306318550497
 20
359.9240392061329
 10
104.24894694411607
 20
359.80698077597367
 10
104.47212572462158
 20
359.6848461001978
 10
104.69218576144542
 20
359.55718030636547
 10
104.90865604859239
 20
359.4235208620251
 10
105.12099719259663
 20
359.2833977872021
 10
105.32851308873244
 20
359.13622756265653
 10
105.53040179814124
 20
358.98143298566174
 10
105.72557660125304
 20
358.8182637187156
 10
105.91244599133907
 20
358.6456564199101
 10
106.08925934525666
 20
358.46277234067793
 10
106.25435423994088
 20
358.26925361469046
 10
106.40561898293163
 20
358.06476241691206
 10
106.53789168302094
 20
357.847565361893
 10
106.64518871710978
 20
357.6170291475844
 10
106.72884683431143
 20
357.3768518483401
 10
106.78547083355394
 20
357.1290840070958
 10
106.80000000000001
 20
356.8752779440232
  0
LWPOLYLINE
  5
148
330
17
100
AcDbEntity
  8
02-OCULTA
100
AcDbPolyline
 90
153
 70
0
 10
107.25
 20
231.00020329239484
 10
106.99934210526317
 20
231.00020329239484
 10
106.74868421052632
 20
231.00020329239484
 10
106.49802631578947
 20
231.00020329239484
 10
106.24736842105264
 20
231.00020329239484
 10
105.9967105263158
 20
231.00020329239484
 10
105.74605263157895
 20
231.00020329239484
 10
105.49539473684212
 20
231.00020329239484
 10
105.24473684210527
 20
231.00020329239484
 10
104.99407894736842
 20
231.00020329239484
 10
104.74342105263159
 20
231.00020329239484
 10
104.49276315789474
 20
231.00020329239484
 10
104.2421052631579
 20
231.00020329239484
 10
103.99144736842105
 20
231.00020329239484
 10
103.74078947368422
 20
231.00020329239484
 10
103.49013157894737
 20
231.00020329239484
 10
103.23947368421054
 20
231.00020329239484
 10
102.98881578947369
 20
231.00020329239484
 10
102.73815789473684
 20
231.00020329239484
 10
102.4875
 20
231.00020329239484
 10
102.23684210526316
 20
231.00020329239484
 10
101.98618421052632
 20
231.00020329239484
 10
101.73552631578947
 20
231.00020329239484
 10
101.48486842105264
 20
231.00020329239484
 10
101.23421052631579
 20
231.00020329239484
 10
100.98355263157895
 20
231.00020329239484
 10
100.73289473684211
 20
231.00020329239484
 10
100.48223684210527
 20
231.00020329239484
 10
100.23157894736842
 20
231.00020329239484
 10
99.98092105263159
 20
231.00020329239484
 10
99.73026315789474
 20
231.00020329239484
 10
99.4796052631579
 20
231.00020329239484
 10
99.22894736842106
 20
231.00020329239484
 10
98.97828947368421
 20
231.00020329239484
 10
98.72763157894737
 20
231.00020329239484
 10
98.47697368421052
 20
231.00020329239484
 10
98.22631578947369
 20
231.00020329239484
 10
97.97565789473684
 20
231.00020329239484
 10
97.725
 20
231.00020329239484
 10
97.47434210526316
 20
231.00020329239484
 10
97.22368421052632
 20
231.00020329239484
 10
96.97302631578948
 20
231.00020329239484
 10
96.72236842105264
 20
231.00020329239484
 10
96.47171052631579
 20
231.00020329239484
 10
96.22105263157894
 20
231.00020329239484
 10
95.97039473684211
 20
231.00020329239484
 10
95.71973684210526
 20
231.00020329239484
 10
95.46907894736842
 20
231.00020329239484
 10
95.21842105263158
 20
231.00020329239484
 10
94.96776315789474
 20
231.00020329239484
 10
94.71710526315789
 20
231.00020329239484
 10
94.46644736842106
 20
231.00020329239484
 10
94.21578947368421
 20
231.00020329239484
 10
93.96513157894736
 20
231.00020329239484
 10
93.71447368421053
 20
231.00020329239484
 10
93.46381578947368
 20
231.00020329239484
 10
93.21315789473684
 20
231.00020329239484
 10
92.9625
 20
231.00020329239484
 10
92.71184210526316
 20
231.00020329239484
 10
92.46118421052631
 20
231.00020329239484
 10
92.21052631578948
 20
231.00020329239484
 10
91.95986842105263
 20
231.00020329239484
 10
91.70921052631579
 20
231.00020329239484
 10
91.45855263157895
 20
231.00020329239484
 10
91.2078947368421
 20
231.00020329239484
 10
90.95723684210526
 20
231.00020329239484
 10
90.70657894736843
 20
231.00020329239484
 10
90.45592105263158
 20
231.00020329239484
 10
90.20526315789473
 20
231.00020329239484
 10
89.9546052631579
 20
231.00020329239484
 10
89.70394736842105
 20
231.00020329239484
 10
89.45328947368421
 20
231.00020329239484
 10
89.20263157894738
 20
231.00020329239484
 10
88.95197368421053
 20
231.00020329239484
 10
88.70131578947368
 20
231.00020329239484
 10
88.45065789473685
 20
231.00020329239484
 10
88.2
 20
231.00020329239484
 10
87.94934210526316
 20
231.00020329239484
 10
87.69868421052632
 20
231.00020329239484
 10
87.44802631578948
 20
231.00020329239484
 10
87.19736842105263
 20
231.00020329239484
 10
86.9467105263158
 20
231.00020329239484
 10
86.69605263157895
 20
231.00020329239484
 10
86.4453947368421
 20
231.00020329239484
 10
86.19473684210527
 20
231.00020329239484
 10
85.94407894736842
 20
231.00020329239484
 10
85.69342105263158
 20
231.00020329239484
 10
85.44276315789475
 20
231.00020329239484
 10
85.1921052631579
 20
231.00020329239484
 10
84.94144736842105
 20
231.00020329239484
 10
84.69078947368422
 20
231.00020329239484
 10
84.44013157894737
 20
231.00020329239484
 10
84.18947368421053
 20
231.00020329239484
 10
83.93881578947368
 20
231.00020329239484
 10
83.68815789473685
 20
231.00020329239484
 10
83.4375
 20
231.00020329239484
 10
83.18684210526315
 20
231.00020329239484
 10
82.93618421052632
 20
231.00020329239484
 10
82.68552631578947
 20
231.00020329239484
 10
82.43486842105263
 20
231.00020329239484
 10
82.1842105263158
 20
231.00020329239484
 10
81.93355263157895
 20
231.00020329239484
 10
81.6828947368421
 20
231.00020329239484
 10
81.43223684210527
 20
231.00020329239484
 10
81.18157894736842
 20
231.00020329239484
 10
80.93092105263158
 20
231.00020329239484
 10
80.68026315789474
 20
231.00020329239484
 10
80.4296052631579
 20
231.00020329239484
 10
80.17894736842105
 20
231.00020329239484
 10
79.92828947368422
 20
231.00020329239484
 10
79.67763157894737
 20
231.00020329239484
 10
79.42697368421052
 20
231.00020329239484
 10
79.17631578947368
 20
231.00020329239484
 10
78.92565789473684
 20
231.00020329239484
 10
78.675
 20
231.00020329239484
 10
78.42434210526315
 20
231.00020329239484
 10
78.17368421052632
 20
231.00020329239484
 10
77.92302631578947
 20
231.00020329239484
 10
77.67236842105262
 20
231.00020329239484
 10
77.42171052631579
 20
231.00020329239484
 10
77.17105263157895
 20
231.00020329239484
 10
76.9203947368421
 20
231.00020329239484
 10
76.66973684210527
 20
231.00020329239484
 10
76.41907894736843
 20
231.00020329239484
 10
76.16842105263159
 20
231.00020329239484
 10
75.91776315789474
 20
231.00020329239484
 10
75.6671052631579
 20
231.00020329239484
 10
75.41644736842106
 20
231.00020329239484
 10
75.16578947368421
 20
231.00020329239484
 10
74.91513157894738
 20
231.00020329239484
 10
74.66447368421053
 20
231.00020329239484
 10
74.41381578947369
 20
231.00020329239484
 10
74.16315789473686
 20
231.00020329239484
 10
73.91250000000001
 20
231.00020329239484
 10
73.66184210526316
 20
231.00020329239484
 10
73.41118421052632
 20
231.00020329239484
 10
73.16052631578947
 20
231.00020329239484
 10
72.90986842105264
 20
231.00020329239484
 10
72.65921052631579
 20
231.00020329239484
 10
72.40855263157894
 20
231.00020329239484
 10
72.15789473684211
 20
231.00020329239484
 10
71.90723684210526
 20
231.00020329239484
 10
71.65657894736842
 20
231.00020329239484
 10
71.40592105263158
 20
231.00020329239484
 10
71.15526315789474
 20
231.00020329239484
 10
70.9046052631579
 20
231.00020329239484
 10
70.65394736842106
 20
231.00020329239484
 10
70.40328947368421
 20
231.00020329239484
 10
70.15263157894736
 20
231.00020329239484
 10
69.90197368421053
 20
231.00020329239484
 10
69.65131578947368
 20
231.00020329239484
 10
69.40065789473685
 20
231.00020329239484
 10
69.15
 20
231.00020329239484
  0
LWPOLYLINE
  5
149
330
17
100
AcDbEntity
  8
02-OCULTA
100
AcDbPolyline
 90
153
 70
0
 10
69.15
 20
231.00020329239484
 10
69.40065789473684
 20
231.00020329239484
 10
69.65131578947368
 20
231.00020329239484
 10
69.90197368421053
 20
231.00020329239484
 10
70.15263157894736
 20
231.00020329239484
 10
70.40328947368421
 20
231.00020329239484
 10
70.65394736842106
 20
231.00020329239484
 10
70.90460526315789
 20
231.00020329239484
 10
71.15526315789474
 20
231.00020329239484
 10
71.40592105263158
 20
231.00020329239484
 10
71.65657894736842
 20
231.00020329239484
 10
71.90723684210526
 20
231.00020329239484
 10
72.15789473684211
 20
231.00020329239484
 10
72.40855263157894
 20
231.00020329239484
 10
72.65921052631579
 20
231.00020329239484
 10
72.90986842105264
 20
231.00020329239484
 10
73.16052631578947
 20
231.00020329239484
 10
73.41118421052632
 20
231.00020329239484
 10
73.66184210526316
 20
231.00020329239484
 10
73.91250000000001
 20
231.00020329239484
 10
74.16315789473684
 20
231.00020329239484
 10
74.41381578947369
 20
231.00020329239484
 10
74.66447368421053
 20
231.00020329239484
 10
74.91513157894737
 20
231.00020329239484
 10
75.16578947368421
 20
231.00020329239484
 10
75.41644736842106
 20
231.00020329239484
 10
75.6671052631579
 20
231.00020329239484
 10
75.91776315789474
 20
231.00020329239484
 10
76.16842105263157
 20
231.00020329239484
 10
76.41907894736842
 20
231.00020329239484
 10
76.66973684210527
 20
231.00020329239484
 10
76.92039473684211
 20
231.00020329239484
 10
77.17105263157895
 20
231.00020329239484
 10
77.42171052631579
 20
231.00020329239484
 10
77.67236842105264
 20
231.00020329239484
 10
77.92302631578949
 20
231.00020329239484
 10
78.17368421052632
 20
231.00020329239484
 10
78.42434210526316
 20
231.00020329239484
 10
78.67500000000001
 20
231.00020329239484
 10
78.92565789473684
 20
231.00020329239484
 10
79.17631578947369
 20
231.00020329239484
 10
79.42697368421054
 20
231.00020329239484
 10
79.67763157894737
 20
231.00020329239484
 10
79.92828947368422
 20
231.00020329239484
 10
80.17894736842106
 20
231.00020329239484
 10
80.4296052631579
 20
231.00020329239484
 10
80.68026315789473
 20
231.00020329239484
 10
80.93092105263158
 20
231.00020329239484
 10
81.18157894736842
 20
231.00020329239484
 10
81.43223684210527
 20
231.00020329239484
 10
81.6828947368421
 20
231.00020329239484
 10
81.93355263157895
 20
231.00020329239484
 10
82.1842105263158
 20
231.00020329239484
 10
82.43486842105264
 20
231.00020329239484
 10
82.68552631578947
 20
231.00020329239484
 10
82.93618421052632
 20
231.00020329239484
 10
83.18684210526317
 20
231.00020329239484
 10
83.43750000000001
 20
231.00020329239484
 10
83.68815789473685
 20
231.00020329239484
 10
83.93881578947368
 20
231.00020329239484
 10
84.18947368421054
 20
231.00020329239484
 10
84.44013157894737
 20
231.00020329239484
 10
84.69078947368422
 20
231.00020329239484
 10
84.94144736842105
 20
231.00020329239484
 10
85.1921052631579
 20
231.00020329239484
 10
85.44276315789473
 20
231.00020329239484
 10
85.69342105263158
 20
231.00020329239484
 10
85.94407894736841
 20
231.00020329239484
 10
86.19473684210527
 20
231.00020329239484
 10
86.44539473684212
 20
231.00020329239484
 10
86.69605263157895
 20
231.00020329239484
 10
86.9467105263158
 20
231.00020329239484
 10
87.19736842105263
 20
231.00020329239484
 10
87.44802631578949
 20
231.00020329239484
 10
87.69868421052632
 20
231.00020329239484
 10
87.94934210526317
 20
231.00020329239484
 10
88.2
 20
231.00020329239484
 10
88.45065789473685
 20
231.00020329239484
 10
88.70131578947368
 20
231.00020329239484
 10
88.95197368421053
 20
231.00020329239484
 10
89.20263157894736
 20
231.00020329239484
 10
89.45328947368422
 20
231.00020329239484
 10
89.70394736842105
 20
231.00020329239484
 10
89.9546052631579
 20
231.00020329239484
 10
90.20526315789473
 20
231.00020329239484
 10
90.45592105263158
 20
231.00020329239484
 10
90.70657894736843
 20
231.00020329239484
 10
90.95723684210526
 20
231.00020329239484
 10
91.20789473684212
 20
231.00020329239484
 10
91.45855263157895
 20
231.00020329239484
 10
91.70921052631579
 20
231.00020329239484
 10
91.95986842105263
 20
231.00020329239484
 10
92.21052631578948
 20
231.00020329239484
 10
92.46118421052631
 20
231.00020329239484
 10
92.71184210526316
 20
231.00020329239484
 10
92.9625
 20
231.00020329239484
 10
93.21315789473685
 20
231.00020329239484
 10
93.46381578947367
 20
231.00020329239484
 10
93.71447368421053
 20
231.00020329239484
 10
93.96513157894736
 20
231.00020329239484
 10
94.21578947368421
 20
231.00020329239484
 10
94.46644736842104
 20
231.00020329239484
 10
94.71710526315789
 20
231.00020329239484
 10
94.96776315789474
 20
231.00020329239484
 10
95.21842105263158
 20
231.00020329239484
 10
95.46907894736842
 20
231.00020329239484
 10
95.71973684210526
 20
231.00020329239484
 10
95.97039473684211
 20
231.00020329239484
 10
96.22105263157896
 20
231.00020329239484
 10
96.4717105263158
 20
231.00020329239484
 10
96.72236842105262
 20
231.00020329239484
 10
96.97302631578948
 20
231.00020329239484
 10
97.22368421052633
 20
231.00020329239484
 10
97.47434210526315
 20
231.00020329239484
 10
97.72500000000001
 20
231.00020329239484
 10
97.97565789473686
 20
231.00020329239484
 10
98.22631578947369
 20
231.00020329239484
 10
98.47697368421053
 20
231.00020329239484
 10
98.72763157894737
 20
231.00020329239484
 10
98.97828947368421
 20
231.00020329239484
 10
99.22894736842106
 20
231.00020329239484
 10
99.4796052631579
 20
231.00020329239484
 10
99.73026315789474
 20
231.00020329239484
 10
99.98092105263159
 20
231.00020329239484
 10
100.23157894736842
 20
231.00020329239484
 10
100.48223684210527
 20
231.00020329239484
 10
100.73289473684211
 20
231.00020329239484
 10
100.98355263157896
 20
231.00020329239484
 10
101.23421052631579
 20
231.00020329239484
 10
101.48486842105262
 20
231.00020329239484
 10
101.73552631578947
 20
231.00020329239484
 10
101.98618421052632
 20
231.00020329239484
 10
102.23684210526315
 20
231.00020329239484
 10
102.4875
 20
231.00020329239484
 10
102.73815789473684
 20
231.00020329239484
 10
102.98881578947369
 20
231.00020329239484
 10
103.23947368421052
 20
231.00020329239484
 10
103.49013157894737
 20
231.00020329239484
 10
103.74078947368422
 20
231.00020329239484
 10
103.99144736842105
 20
231.00020329239484
 10
104.2421052631579
 20
231.00020329239484
 10
104.49276315789473
 20
231.00020329239484
 10
104.74342105263158
 20
231.00020329239484
 10
104.99407894736842
 20
231.00020329239484
 10
105.24473684210527
 20
231.00020329239484
 10
105.4953947368421
 20
231.00020329239484
 10
105.74605263157895
 20
231.00020329239484
 10
105.99671052631578
 20
231.00020329239484
 10
106.24736842105263
 20
231.00020329239484
 10
106.49802631578947
 20
231.00020329239484
 10
106.7486842105263
 20
231.00020329239484
 10
106.99934210526315
 20
231.00020329239484
 10
107.25
 20
231.00020329239484
  0
LWPOLYLINE
  5
14A
330
17
100
AcDbEntity
  8
02-OCULTA
100
AcDbPolyline
 90
148
 70
0
 10
106.625
 20
231.00020329239484
 10
106.37431972789116
 20
231.00020329239484
 10
106.12363945578232
 20
231.00020329239484
 10
105.87295918367347
 20
231.00020329239484
 10
105.62227891156462
 20
231.00020329239484
 10
105.37159863945578
 20
231.00020329239484
 10
105.12091836734695
 20
231.00020329239484
 10
104.8702380952381
 20
231.00020329239484
 10
104.61955782312926
 20
231.00020329239484
 10
104.3688775510204
 20
231.00020329239484
 10
104.11819727891157
 20
231.00020329239484
 10
103.86751700680273
 20
231.00020329239484
 10
103.61683673469388
 20
231.00020329239484
 10
103.36615646258504
 20
231.00020329239484
 10
103.11547619047619
 20
231.00020329239484
 10
102.86479591836735
 20
231.00020329239484
 10
102.61411564625851
 20
231.00020329239484
 10
102.36343537414966
 20
231.00020329239484
 10
102.11275510204082
 20
231.00020329239484
 10
101.86207482993197
 20
231.00020329239484
 10
101.61139455782313
 20
231.00020329239484
 10
101.3607142857143
 20
231.00020329239484
 10
101.11003401360544
 20
231.00020329239484
 10
100.8593537414966
 20
231.00020329239484
 10
100.60867346938775
 20
231.00020329239484
 10
100.35799319727892
 20
231.00020329239484
 10
100.10731292517008
 20
231.00020329239484
 10
99.85663265306123
 20
231.00020329239484
 10
99.60595238095239
 20
231.00020329239484
 10
99.35527210884354
 20
231.00020329239484
 10
99.1045918367347
 20
231.00020329239484
 10
98.85391156462586
 20
231.00020329239484
 10
98.60323129251701
 20
231.00020329239484
 10
98.35255102040817
 20
231.00020329239484
 10
98.10187074829932
 20
231.00020329239484
 10
97.85119047619048
 20
231.00020329239484
 10
97.60051020408164
 20
231.00020329239484
 10
97.34982993197279
 20
231.00020329239484
 10
97.09914965986395
 20
231.00020329239484
 10
96.8484693877551
 20
231.00020329239484
 10
96.59778911564626
 20
231.00020329239484
 10
96.34710884353743
 20
231.00020329239484
 10
96.09642857142858
 20
231.00020329239484
 10
95.84574829931972
 20
231.00020329239484
 10
95.59506802721089
 20
231.00020329239484
 10
95.34438775510205
 20
231.00020329239484
 10
95.0937074829932
 20
231.00020329239484
 10
94.84302721088436
 20
231.00020329239484
 10
94.5923469387755
 20
231.00020329239484
 10
94.34166666666667
 20
231.00020329239484
 10
94.09098639455783
 20
231.00020329239484
 10
93.84030612244898
 20
231.00020329239484
 10
93.58962585034014
 20
231.00020329239484
 10
93.33894557823129
 20
231.00020329239484
 10
93.08826530612245
 20
231.00020329239484
 10
92.83758503401361
 20
231.00020329239484
 10
92.58690476190476
 20
231.00020329239484
 10
92.33622448979592
 20
231.00020329239484
 10
92.08554421768707
 20
231.00020329239484
 10
91.83486394557823
 20
231.00020329239484
 10
91.5841836734694
 20
231.00020329239484
 10
91.33350340136055
 20
231.00020329239484
 10
91.08282312925171
 20
231.00020329239484
 10
90.83214285714286
 20
231.00020329239484
 10
90.58146258503402
 20
231.00020329239484
 10
90.33078231292518
 20
231.00020329239484
 10
90.08010204081633
 20
231.00020329239484
 10
89.82942176870749
 20
231.00020329239484
 10
89.57874149659865
 20
231.00020329239484
 10
89.3280612244898
 20
231.00020329239484
 10
89.07738095238095
 20
231.00020329239484
 10
88.82670068027211
 20
231.00020329239484
 10
88.57602040816327
 20
231.00020329239484
 10
88.32534013605442
 20
231.00020329239484
 10
88.07465986394558
 20
231.00020329239484
 10
87.82397959183673
 20
231.00020329239484
 10
87.5732993197279
 20
231.00020329239484
 10
87.32261904761904
 20
231.00020329239484
 10
87.0719387755102
 20
231.00020329239484
 10
86.82125850340137
 20
231.00020329239484
 10
86.57057823129253
 20
231.00020329239484
 10
86.31989795918368
 20
231.00020329239484
 10
86.06921768707484
 20
231.00020329239484
 10
85.81853741496599
 20
231.00020329239484
 10
85.56785714285715
 20
231.00020329239484
 10
85.3171768707483
 20
231.00020329239484
 10
85.06649659863946
 20
231.00020329239484
 10
84.81581632653062
 20
231.00020329239484
 10
84.56513605442177
 20
231.00020329239484
 10
84.31445578231293
 20
231.00020329239484
 10
84.06377551020408
 20
231.00020329239484
 10
83.81309523809524
 20
231.00020329239484
 10
83.56241496598639
 20
231.00020329239484
 10
83.31173469387755
 20
231.00020329239484
 10
83.06105442176872
 20
231.00020329239484
 10
82.81037414965986
 20
231.00020329239484
 10
82.55969387755103
 20
231.00020329239484
 10
82.30901360544217
 20
231.00020329239484
 10
82.05833333333334
 20
231.00020329239484
 10
81.80765306122449
 20
231.00020329239484
 10
81.55697278911565
 20
231.00020329239484
 10
81.30629251700681
 20
231.00020329239484
 10
81.05561224489796
 20
231.00020329239484
 10
80.80493197278912
 20
231.00020329239484
 10
80.55425170068027
 20
231.00020329239484
 10
80.30357142857143
 20
231.00020329239484
 10
80.0528911564626
 20
231.00020329239484
 10
79.80221088435374
 20
231.00020329239484
 10
79.5515306122449
 20
231.00020329239484
 10
79.30085034013607
 20
231.00020329239484
 10
79.05017006802721
 20
231.00020329239484
 10
78.79948979591838
 20
231.00020329239484
 10
78.54880952380952
 20
231.00020329239484
 10
78.29812925170069
 20
231.00020329239484
 10
78.04744897959185
 20
231.00020329239484
 10
77.796768707483
 20
231.00020329239484
 10
77.54608843537416
 20
231.00020329239484
 10
77.29540816326531
 20
231.00020329239484
 10
77.04472789115647
 20
231.00020329239484
 10
76.79404761904762
 20
231.00020329239484
 10
76.54336734693878
 20
231.00020329239484
 10
76.29268707482994
 20
231.00020329239484
 10
76.04200680272109
 20
231.00020329239484
 10
75.79132653061225
 20
231.00020329239484
 10
75.54064625850341
 20
231.00020329239484
 10
75.28996598639456
 20
231.00020329239484
 10
75.03928571428571
 20
231.00020329239484
 10
74.78860544217687
 20
231.00020329239484
 10
74.53792517006804
 20
231.00020329239484
 10
74.28724489795918
 20
231.00020329239484
 10
74.03656462585035
 20
231.00020329239484
 10
73.7858843537415
 20
231.00020329239484
 10
73.53520408163266
 20
231.00020329239484
 10
73.28452380952382
 20
231.00020329239484
 10
73.03384353741497
 20
231.00020329239484
 10
72.78316326530613
 20
231.00020329239484
 10
72.53248299319729
 20
231.00020329239484
 10
72.28180272108844
 20
231.00020329239484
 10
72.0311224489796
 20
231.00020329239484
 10
71.78044217687076
 20
231.00020329239484
 10
71.52976190476191
 20
231.00020329239484
 10
71.27908163265306
 20
231.00020329239484
 10
71.02840136054422
 20
231.00020329239484
 10
70.77772108843538
 20
231.00020329239484
 10
70.52704081632655
 20
231.00020329239484
 10
70.2763605442177
 20
231.00020329239484
 10
70.02568027210884
 20
231.00020329239484
 10
69.775
 20
231.00020329239484
  0
LWPOLYLINE
  5
14B
330
17
100
AcDbEntity
  8
02-OCULTA
100
AcDbPolyline
 90
148
 70
0
 10
69.775
 20
231.00020329239484
 10
70.02568027210884
 20
231.00020329239484
 10
70.2763605442177
 20
231.00020329239484
 10
70.52704081632653
 20
231.00020329239484
 10
70.77772108843537
 20
231.00020329239484
 10
71.02840136054422
 20
231.00020329239484
 10
71.27908163265306
 20
231.00020329239484
 10
71.52976190476191
 20
231.00020329239484
 10
71.78044217687075
 20
231.00020329239484
 10
72.0311224489796
 20
231.00020329239484
 10
72.28180272108844
 20
231.00020329239484
 10
72.53248299319728
 20
231.00020329239484
 10
72.78316326530613
 20
231.00020329239484
 10
73.03384353741497
 20
231.00020329239484
 10
73.28452380952382
 20
231.00020329239484
 10
73.53520408163266
 20
231.00020329239484
 10
73.7858843537415
 20
231.00020329239484
 10
74.03656462585035
 20
231.00020329239484
 10
74.28724489795918
 20
231.00020329239484
 10
74.53792517006804
 20
231.00020329239484
 10
74.78860544217687
 20
231.00020329239484
 10
75.03928571428571
 20
231.00020329239484
 10
75.28996598639456
 20
231.00020329239484
 10
75.5406462585034
 20
231.00020329239484
 10
75.79132653061225
 20
231.00020329239484
 10
76.04200680272109
 20
231.00020329239484
 10
76.29268707482993
 20
231.00020329239484
 10
76.54336734693878
 20
231.00020329239484
 10
76.79404761904763
 20
231.00020329239484
 10
77.04472789115647
 20
231.00020329239484
 10
77.29540816326531
 20
231.00020329239484
 10
77.54608843537414
 20
231.00020329239484
 10
77.79676870748301
 20
231.00020329239484
 10
78.04744897959185
 20
231.00020329239484
 10
78.29812925170069
 20
231.00020329239484
 10
78.54880952380952
 20
231.00020329239484
 10
78.79948979591836
 20
231.00020329239484
 10
79.05017006802723
 20
231.00020329239484
 10
79.30085034013607
 20
231.00020329239484
 10
79.5515306122449
 20
231.00020329239484
 10
79.80221088435374
 20
231.00020329239484
 10
80.05289115646258
 20
231.00020329239484
 10
80.30357142857143
 20
231.00020329239484
 10
80.55425170068028
 20
231.00020329239484
 10
80.80493197278912
 20
231.00020329239484
 10
81.05561224489797
 20
231.00020329239484
 10
81.30629251700681
 20
231.00020329239484
 10
81.55697278911566
 20
231.00020329239484
 10
81.80765306122449
 20
231.00020329239484
 10
82.05833333333334
 20
231.00020329239484
 10
82.30901360544219
 20
231.00020329239484
 10
82.55969387755103
 20
231.00020329239484
 10
82.81037414965988
 20
231.00020329239484
 10
83.06105442176872
 20
231.00020329239484
 10
83.31173469387755
 20
231.00020329239484
 10
83.56241496598639
 20
231.00020329239484
 10
83.81309523809524
 20
231.00020329239484
 10
84.06377551020408
 20
231.00020329239484
 10
84.31445578231293
 20
231.00020329239484
 10
84.56513605442177
 20
231.00020329239484
 10
84.81581632653062
 20
231.00020329239484
 10
85.06649659863946
 20
231.00020329239484
 10
85.31717687074831
 20
231.00020329239484
 10
85.56785714285715
 20
231.00020329239484
 10
85.81853741496599
 20
231.00020329239484
 10
86.06921768707484
 20
231.00020329239484
 10
86.31989795918368
 20
231.00020329239484
 10
86.57057823129253
 20
231.00020329239484
 10
86.82125850340137
 20
231.00020329239484
 10
87.0719387755102
 20
231.00020329239484
 10
87.32261904761906
 20
231.00020329239484
 10
87.5732993197279
 20
231.00020329239484
 10
87.82397959183675
 20
231.00020329239484
 10
88.0746598639456
 20
231.00020329239484
 10
88.32534013605444
 20
231.00020329239484
 10
88.57602040816327
 20
231.00020329239484
 10
88.82670068027211
 20
231.00020329239484
 10
89.07738095238096
 20
231.00020329239484
 10
89.32806122448982
 20
231.00020329239484
 10
89.57874149659864
 20
231.00020329239484
 10
89.82942176870749
 20
231.00020329239484
 10
90.08010204081633
 20
231.00020329239484
 10
90.33078231292518
 20
231.00020329239484
 10
90.58146258503403
 20
231.00020329239484
 10
90.83214285714287
 20
231.00020329239484
 10
91.08282312925171
 20
231.00020329239484
 10
91.33350340136055
 20
231.00020329239484
 10
91.5841836734694
 20
231.00020329239484
 10
91.83486394557825
 20
231.00020329239484
 10
92.08554421768709
 20
231.00020329239484
 10
92.33622448979594
 20
231.00020329239484
 10
92.58690476190478
 20
231.00020329239484
 10
92.83758503401361
 20
231.00020329239484
 10
93.08826530612245
 20
231.00020329239484
 10
93.3389455782313
 20
231.00020329239484
 10
93.58962585034014
 20
231.00020329239484
 10
93.840306122449
 20
231.00020329239484
 10
94.09098639455783
 20
231.00020329239484
 10
94.34166666666667
 20
231.00020329239484
 10
94.59234693877552
 20
231.00020329239484
 10
94.84302721088436
 20
231.00020329239484
 10
95.09370748299321
 20
231.00020329239484
 10
95.34438775510205
 20
231.00020329239484
 10
95.5950680272109
 20
231.00020329239484
 10
95.84574829931975
 20
231.00020329239484
 10
96.09642857142858
 20
231.00020329239484
 10
96.34710884353743
 20
231.00020329239484
 10
96.59778911564626
 20
231.00020329239484
 10
96.8484693877551
 20
231.00020329239484
 10
97.09914965986395
 20
231.00020329239484
 10
97.34982993197279
 20
231.00020329239484
 10
97.60051020408164
 20
231.00020329239484
 10
97.85119047619048
 20
231.00020329239484
 10
98.10187074829933
 20
231.00020329239484
 10
98.35255102040817
 20
231.00020329239484
 10
98.60323129251702
 20
231.00020329239484
 10
98.85391156462586
 20
231.00020329239484
 10
99.1045918367347
 20
231.00020329239484
 10
99.35527210884355
 20
231.00020329239484
 10
99.60595238095239
 20
231.00020329239484
 10
99.85663265306123
 20
231.00020329239484
 10
100.10731292517008
 20
231.00020329239484
 10
100.35799319727892
 20
231.00020329239484
 10
100.60867346938775
 20
231.00020329239484
 10
100.8593537414966
 20
231.00020329239484
 10
101.11003401360544
 20
231.00020329239484
 10
101.3607142857143
 20
231.00020329239484
 10
101.61139455782313
 20
231.00020329239484
 10
101.86207482993198
 20
231.00020329239484
 10
102.11275510204082
 20
231.00020329239484
 10
102.36343537414967
 20
231.00020329239484
 10
102.61411564625851
 20
231.00020329239484
 10
102.86479591836735
 20
231.00020329239484
 10
103.1154761904762
 20
231.00020329239484
 10
103.36615646258504
 20
231.00020329239484
 10
103.61683673469389
 20
231.00020329239484
 10
103.86751700680273
 20
231.00020329239484
 10
104.11819727891157
 20
231.00020329239484
 10
104.3688775510204
 20
231.00020329239484
 10
104.61955782312926
 20
231.00020329239484
 10
104.8702380952381
 20
231.00020329239484
 10
105.12091836734695
 20
231.00020329239484
 10
105.37159863945578
 20
231.00020329239484
 10
105.62227891156462
 20
231.00020329239484
 10
105.87295918367347
 20
231.00020329239484
 10
106.12363945578231
 20
231.00020329239484
 10
106.37431972789116
 20
231.00020329239484
 10
106.625
 20
231.00020329239484
  0
LWPOLYLINE
  5
14C
330
17
100
AcDbEntity
  8
02-OCULTA
100
AcDbPolyline
 90
93
 70
0
 10
106.625
 20
231.00020329239484
 10
106.61963773745177
 20
230.74843189927662
 10
106.60346715821765
 20
230.49712351365727
 10
106.57647522632425
 20
230.24674605854725
 10
106.53880113520658
 20
229.99775132393233
 10
106.49072665360457
 20
229.75055295698505
 10
106.43259999773079
 20
229.50552250897928
 10
106.36473897986168
 20
229.26300683993892
 10
106.28741812583252
 20
229.0233389531608
 10
106.2008877105148
 20
228.78683955754238
 10
106.10550401928043
 20
228.55376895129763
 10
106.00167987387319
 20
228.32433275251861
 10
105.88982452448664
 20
228.09870197460577
 10
105.7703381285058
 20
227.8770168658906
 10
105.64361124744764
 20
227.65938877619013
 10
105.51002540902385
 20
227.44590132486084
 10
105.36994892579082
 20
227.2366144335716
 10
105.22373432411916
 20
227.03156798904388
 10
105.07171696820065
 20
226.83078506302158
 10
104.9142183356325
 20
226.63427162294573
 10
104.75154950619074
 20
226.44201533180612
 10
104.58400996941765
 20
226.2539876835557
 10
104.41188630843021
 20
226.07014648707639
 10
104.23544438509893
 20
225.89044507774236
 10
104.0549237441439
 20
225.71484087163722
 10
103.87055332931679
 20
225.54328251084155
 10
103.68255297834358
 20
225.3757093558577
 10
103.4911329347965
 20
225.2120529317999
 10
103.2964883518896
 20
225.05224466569166
 10
103.09879257193651
 20
224.89622640810444
 10
102.89821044311353
 20
224.74393640296478
 10
102.69490039218887
 20
224.5953074275498
 10
102.48901423648613
 20
224.45026761224784
 10
102.28069566269845
 20
224.30874332033636
 10
102.07007089713719
 20
224.1706743583436
 10
101.85725627698731
 20
224.03600497861433
 10
101.64236394528592
 20
223.9046761471193
 10
101.42550179270233
 20
223.77662595288186
 10
101.20677340695978
 20
223.65179003919496
 10
100.98627606417669
 20
223.53010564764134
 10
100.76409719573974
 20
223.4115190944422
 10
100.54031984829226
 20
223.29597703238224
 10
100.31502385498302
 20
223.18342467944328
 10
100.08828585163573
 20
223.07380606674184
 10
99.86017930543944
 20
222.967064276155
 10
99.63077121495726
 20
222.86314909228037
 10
99.40011710178811
 20
222.76202964912423
 10
99.16826983924216
 20
222.6636765454317
 10
98.93528127295124
 20
222.56805835333614
 10
98.7012021374084
 20
222.47514175898235
 10
98.46608198291159
 20
222.38489170306912
 10
98.229970393075
 20
222.2972680370529
 10
97.99292239367684
 20
222.21220997963894
 10
97.7549920944587
 20
222.12965191369963
 10
97.51622992439269
 20
222.04953125937269
 10
97.27668291182074
 20
221.97178840850933
 10
97.03639494527916
 20
221.89636664868175
 10
96.79540663248181
 20
221.82321335925084
 10
96.55373944017678
 20
221.75233519823922
 10
96.31139399846897
 20
221.6838121995618
 10
96.06837519421043
 20
221.61771719574776
 10
95.82469383316635
 20
221.55410852104583
 10
95.5803662304491
 20
221.49302923698914
 10
95.33541364026937
 20
221.43450677071547
 10
95.0898652009562
 20
221.37853674059954
 10
94.8437926427739
 20
221.32491672918218
 10
94.5972811231404
 20
221.27335142597303
 10
94.35040062735925
 20
221.22358188200346
 10
94.1032099270081
 20
221.17537602044519
 10
93.85576005030738
 20
221.12851819963836
 10
93.60809721061706
 20
221.08279888088472
 10
93.36024782369927
 20
221.03810223519972
 10
93.11209242816226
 20
220.9951408823063
 10
92.86347293273712
 20
220.95495770382598
 10
92.61431019603734
 20
220.91829772805968
 10
92.36461112196442
 20
220.88549040477454
 10
92.11444060324905
 20
220.8564941128856
 10
91.86388576805354
 20
220.83102720900726
 10
91.61303664985476
 20
220.80863665679226
 10
91.36200352460631
 20
220.78840393446848
 10
91.11086676960669
 20
220.76949688905594
 10
90.85967744064932
 20
220.75129974535548
 10
90.60848176474653
 20
220.73319021735094
 10
90.35735165201996
 20
220.71419909033693
 10
90.10655632402951
 20
220.69131513335824
 10
89.96279341675677
 20
220.63600055046606
 10
89.71096177805914
 20
220.63025581903247
 10
89.45900607675567
 20
220.6279386452246
 10
89.20757404712938
 20
220.6266650612118
 10
88.95519760791015
 20
220.6259132390334
 10
88.70376133116784
 20
220.62548290296897
 10
88.45219684812963
 20
220.62526632342963
 10
88.2
 20
220.62520329239484
  0
LWPOLYLINE
  5
14D
330
17
100
AcDbEntity
  8
02-OCULTA
100
AcDbPolyline
 90
53
 70
0
 10
94.705
 20
362.7502032923949
 10
94.4548076923077
 20
362.7502032923949
 10
94.20461538461538
 20
362.7502032923949
 10
93.95442307692308
 20
362.7502032923949
 10
93.70423076923078
 20
362.7502032923949
 10
93.45403846153846
 20
362.7502032923949
 10
93.20384615384616
 20
362.7502032923949
 10
92.95365384615386
 20
362.7502032923949
 10
92.70346153846154
 20
362.7502032923949
 10
92.45326923076924
 20
362.7502032923949
 10
92.20307692307692
 20
362.7502032923949
 10
91.95288461538462
 20
362.7502032923949
 10
91.70269230769232
 20
362.7502032923949
 10
91.4525
 20
362.7502032923949
 10
91.2023076923077
 20
362.7502032923949
 10
90.95211538461538
 20
362.7502032923949
 10
90.70192307692308
 20
362.7502032923949
 10
90.45173076923078
 20
362.7502032923949
 10
90.20153846153846
 20
362.7502032923949
 10
89.95134615384616
 20
362.7502032923949
 10
89.70115384615384
 20
362.7502032923949
 10
89.45096153846154
 20
362.7502032923949
 10
89.20076923076923
 20
362.7502032923949
 10
88.95057692307692
 20
362.7502032923949
 10
88.70038461538462
 20
362.7502032923949
 10
88.4501923076923
 20
362.7502032923949
 10
88.2
 20
362.7502032923949
 10
87.94980769230769
 20
362.7502032923949
 10
87.69961538461538
 20
362.7502032923949
 10
87.44942307692308
 20
362.7502032923949
 10
87.19923076923077
 20
362.7502032923949
 10
86.94903846153846
 20
362.7502032923949
 10
86.69884615384616
 20
362.7502032923949
 10
86.44865384615385
 20
362.7502032923949
 10
86.19846153846154
 20
362.7502032923949
 10
85.94826923076923
 20
362.7502032923949
 10
85.69807692307693
 20
362.7502032923949
 10
85.44788461538462
 20
362.7502032923949
 10
85.19769230769231
 20
362.7502032923949
 10
84.9475
 20
362.7502032923949
 10
84.6973076923077
 20
362.7502032923949
 10
84.44711538461539
 20
362.7502032923949
 10
84.19692307692308
 20
362.7502032923949
 10
83.94673076923077
 20
362.7502032923949
 10
83.69653846153847
 20
362.7502032923949
 10
83.44634615384615
 20
362.7502032923949
 10
83.19615384615385
 20
362.7502032923949
 10
82.94596153846155
 20
362.7502032923949
 10
82.69576923076923
 20
362.7502032923949
 10
82.44557692307693
 20
362.7502032923949
 10
82.19538461538463
 20
362.7502032923949
 10
81.94519230769231
 20
362.7502032923949
 10
81.69500000000001
 20
362.7502032923949
  0
LWPOLYLINE
  5
14E
330
17
100
AcDbEntity
  8
02-OCULTA
100
AcDbPolyline
 90
53
 70
0
 10
81.69500000000001
 20
362.7502032923949
 10
81.94519230769231
 20
362.7502032923949
 10
82.19538461538463
 20
362.7502032923949
 10
82.44557692307693
 20
362.7502032923949
 10
82.69576923076923
 20
362.7502032923949
 10
82.94596153846155
 20
362.7502032923949
 10
83.19615384615385
 20
362.7502032923949
 10
83.44634615384616
 20
362.7502032923949
 10
83.69653846153847
 20
362.7502032923949
 10
83.94673076923077
 20
362.7502032923949
 10
84.19692307692308
 20
362.7502032923949
 10
84.44711538461539
 20
362.7502032923949
 10
84.69730769230769
 20
362.7502032923949
 10
84.9475
 20
362.7502032923949
 10
85.19769230769231
 20
362.7502032923949
 10
85.44788461538462
 20
362.7502032923949
 10
85.69807692307693
 20
362.7502032923949
 10
85.94826923076923
 20
362.7502032923949
 10
86.19846153846154
 20
362.7502032923949
 10
86.44865384615385
 20
362.7502032923949
 10
86.69884615384616
 20
362.7502032923949
 10
86.94903846153846
 20
362.7502032923949
 10
87.19923076923078
 20
362.7502032923949
 10
87.44942307692308
 20
362.7502032923949
 10
87.69961538461538
 20
362.7502032923949
 10
87.9498076923077
 20
362.7502032923949
 10
88.2
 20
362.7502032923949
 10
88.4501923076923
 20
362.7502032923949
 10
88.70038461538462
 20
362.7502032923949
 10
88.95057692307692
 20
362.7502032923949
 10
89.20076923076924
 20
362.7502032923949
 10
89.45096153846154
 20
362.7502032923949
 10
89.70115384615384
 20
362.7502032923949
 10
89.95134615384616
 20
362.7502032923949
 10
90.20153846153846
 20
362.7502032923949
 10
90.45173076923076
 20
362.7502032923949
 10
90.70192307692308
 20
362.7502032923949
 10
90.95211538461538
 20
362.7502032923949
 10
91.2023076923077
 20
362.7502032923949
 10
91.4525
 20
362.7502032923949
 10
91.70269230769232
 20
362.7502032923949
 10
91.95288461538462
 20
362.7502032923949
 10
92.20307692307694
 20
362.7502032923949
 10
92.45326923076924
 20
362.7502032923949
 10
92.70346153846154
 20
362.7502032923949
 10
92.95365384615386
 20
362.7502032923949
 10
93.20384615384616
 20
362.7502032923949
 10
93.45403846153846
 20
362.7502032923949
 10
93.70423076923078
 20
362.7502032923949
 10
93.95442307692308
 20
362.7502032923949
 10
94.2046153846154
 20
362.7502032923949
 10
94.4548076923077
 20
362.7502032923949
 10
94.705
 20
362.7502032923949
  0
LINE
  5
14F
330
17
100
AcDbEntity
  8
02-OCULTA
100
AcDbLine
 10
94.705
 20
361.80959027323155
 30
0.0
 11
94.705
 21
362.7502032923949
 31
0.0
  0
LWPOLYLINE
  5
150
330
17
100
AcDbEntity
  8
02-OCULTA
100
AcDbPolyline
 90
53
 70
0
 10
94.705
 20
361.80959027323155
 10
94.4548076923077
 20
361.80959027323155
 10
94.20461538461538
 20
361.80959027323155
 10
93.95442307692308
 20
361.80959027323155
 10
93.70423076923078
 20
361.80959027323155
 10
93.45403846153846
 20
361.80959027323155
 10
93.20384615384616
 20
361.80959027323155
 10
92.95365384615386
 20
361.80959027323155
 10
92.70346153846154
 20
361.80959027323155
 10
92.45326923076924
 20
361.80959027323155
 10
92.20307692307692
 20
361.80959027323155
 10
91.95288461538462
 20
361.80959027323155
 10
91.70269230769232
 20
361.80959027323155
 10
91.4525
 20
361.80959027323155
 10
91.2023076923077
 20
361.80959027323155
 10
90.95211538461538
 20
361.80959027323155
 10
90.70192307692308
 20
361.80959027323155
 10
90.45173076923078
 20
361.80959027323155
 10
90.20153846153846
 20
361.80959027323155
 10
89.95134615384616
 20
361.80959027323155
 10
89.70115384615384
 20
361.80959027323155
 10
89.45096153846154
 20
361.80959027323155
 10
89.20076923076923
 20
361.80959027323155
 10
88.95057692307692
 20
361.80959027323155
 10
88.70038461538462
 20
361.80959027323155
 10
88.4501923076923
 20
361.80959027323155
 10
88.2
 20
361.80959027323155
 10
87.94980769230769
 20
361.80959027323155
 10
87.69961538461538
 20
361.80959027323155
 10
87.44942307692308
 20
361.80959027323155
 10
87.19923076923077
 20
361.80959027323155
 10
86.94903846153846
 20
361.80959027323155
 10
86.69884615384616
 20
361.80959027323155
 10
86.44865384615385
 20
361.80959027323155
 10
86.19846153846154
 20
361.80959027323155
 10
85.94826923076923
 20
361.80959027323155
 10
85.69807692307693
 20
361.80959027323155
 10
85.44788461538462
 20
361.80959027323155
 10
85.19769230769231
 20
361.80959027323155
 10
84.9475
 20
361.80959027323155
 10
84.6973076923077
 20
361.80959027323155
 10
84.44711538461539
 20
361.80959027323155
 10
84.19692307692308
 20
361.80959027323155
 10
83.94673076923077
 20
361.80959027323155
 10
83.69653846153847
 20
361.80959027323155
 10
83.44634615384615
 20
361.80959027323155
 10
83.19615384615385
 20
361.80959027323155
 10
82.94596153846155
 20
361.80959027323155
 10
82.69576923076923
 20
361.80959027323155
 10
82.44557692307693
 20
361.80959027323155
 10
82.19538461538463
 20
361.80959027323155
 10
81.94519230769231
 20
361.80959027323155
 10
81.69500000000001
 20
361.80959027323155
  0
LWPOLYLINE
  5
151
330
17
100
AcDbEntity
  8
02-OCULTA
100
AcDbPolyline
 90
53
 70
0
 10
81.69500000000001
 20
361.80959027323155
 10
81.94519230769231
 20
361.80959027323155
 10
82.19538461538463
 20
361.80959027323155
 10
82.44557692307693
 20
361.80959027323155
 10
82.69576923076923
 20
361.80959027323155
 10
82.94596153846155
 20
361.80959027323155
 10
83.19615384615385
 20
361.80959027323155
 10
83.44634615384616
 20
361.80959027323155
 10
83.69653846153847
 20
361.80959027323155
 10
83.94673076923077
 20
361.80959027323155
 10
84.19692307692308
 20
361.80959027323155
 10
84.44711538461539
 20
361.80959027323155
 10
84.69730769230769
 20
361.80959027323155
 10
84.9475
 20
361.80959027323155
 10
85.19769230769231
 20
361.80959027323155
 10
85.44788461538462
 20
361.80959027323155
 10
85.69807692307693
 20
361.80959027323155
 10
85.94826923076923
 20
361.80959027323155
 10
86.19846153846154
 20
361.80959027323155
 10
86.44865384615385
 20
361.80959027323155
 10
86.69884615384616
 20
361.80959027323155
 10
86.94903846153846
 20
361.80959027323155
 10
87.19923076923078
 20
361.80959027323155
 10
87.44942307692308
 20
361.80959027323155
 10
87.69961538461538
 20
361.80959027323155
 10
87.9498076923077
 20
361.80959027323155
 10
88.2
 20
361.80959027323155
 10
88.4501923076923
 20
361.80959027323155
 10
88.70038461538462
 20
361.80959027323155
 10
88.95057692307692
 20
361.80959027323155
 10
89.20076923076924
 20
361.80959027323155
 10
89.45096153846154
 20
361.80959027323155
 10
89.70115384615384
 20
361.80959027323155
 10
89.95134615384616
 20
361.80959027323155
 10
90.20153846153846
 20
361.80959027323155
 10
90.45173076923076
 20
361.80959027323155
 10
90.70192307692308
 20
361.80959027323155
 10
90.95211538461538
 20
361.80959027323155
 10
91.2023076923077
 20
361.80959027323155
 10
91.4525
 20
361.80959027323155
 10
91.70269230769232
 20
361.80959027323155
 10
91.95288461538462
 20
361.80959027323155
 10
92.20307692307694
 20
361.80959027323155
 10
92.45326923076924
 20
361.80959027323155
 10
92.70346153846154
 20
361.80959027323155
 10
92.95365384615386
 20
361.80959027323155
 10
93.20384615384616
 20
361.80959027323155
 10
93.45403846153846
 20
361.80959027323155
 10
93.70423076923078
 20
361.80959027323155
 10
93.95442307692308
 20
361.80959027323155
 10
94.2046153846154
 20
361.80959027323155
 10
94.4548076923077
 20
361.80959027323155
 10
94.705
 20
361.80959027323155
  0
LWPOLYLINE
  5
152
330
17
100
AcDbEntity
  8
02-OCULTA
100
AcDbPolyline
 90
41
 70
0
 10
93.294
 20
361.80959027323155
 10
93.0393
 20
361.80959027323155
 10
92.7846
 20
361.80959027323155
 10
92.5299
 20
361.80959027323155
 10
92.2752
 20
361.80959027323155
 10
92.0205
 20
361.80959027323155
 10
91.7658
 20
361.80959027323155
 10
91.5111
 20
361.80959027323155
 10
91.2564
 20
361.80959027323155
 10
91.0017
 20
361.80959027323155
 10
90.747
 20
361.80959027323155
 10
90.4923
 20
361.80959027323155
 10
90.2376
 20
361.80959027323155
 10
89.9829
 20
361.80959027323155
 10
89.7282
 20
361.80959027323155
 10
89.4735
 20
361.80959027323155
 10
89.2188
 20
361.80959027323155
 10
88.9641
 20
361.80959027323155
 10
88.7094
 20
361.80959027323155
 10
88.4547
 20
361.80959027323155
 10
88.2
 20
361.80959027323155
 10
87.9453
 20
361.80959027323155
 10
87.6906
 20
361.80959027323155
 10
87.4359
 20
361.80959027323155
 10
87.1812
 20
361.80959027323155
 10
86.9265
 20
361.80959027323155
 10
86.6718
 20
361.80959027323155
 10
86.4171
 20
361.80959027323155
 10
86.1624
 20
361.80959027323155
 10
85.9077
 20
361.80959027323155
 10
85.653
 20
361.80959027323155
 10
85.3983
 20
361.80959027323155
 10
85.14359999999999
 20
361.80959027323155
 10
84.88889999999999
 20
361.80959027323155
 10
84.63419999999999
 20
361.80959027323155
 10
84.37950000000001
 20
361.80959027323155
 10
84.1248
 20
361.80959027323155
 10
83.8701
 20
361.80959027323155
 10
83.6154
 20
361.80959027323155
 10
83.3607
 20
361.80959027323155
 10
83.10600000000001
 20
361.80959027323155
  0
LWPOLYLINE
  5
153
330
17
100
AcDbEntity
  8
02-OCULTA
100
AcDbPolyline
 90
41
 70
0
 10
83.10600000000001
 20
361.80959027323155
 10
83.36070000000001
 20
361.80959027323155
 10
83.61540000000001
 20
361.80959027323155
 10
83.87010000000001
 20
361.80959027323155
 10
84.12480000000001
 20
361.80959027323155
 10
84.37950000000001
 20
361.80959027323155
 10
84.6342
 20
361.80959027323155
 10
84.8889
 20
361.80959027323155
 10
85.1436
 20
361.80959027323155
 10
85.3983
 20
361.80959027323155
 10
85.653
 20
361.80959027323155
 10
85.9077
 20
361.80959027323155
 10
86.1624
 20
361.80959027323155
 10
86.4171
 20
361.80959027323155
 10
86.6718
 20
361.80959027323155
 10
86.9265
 20
361.80959027323155
 10
87.1812
 20
361.80959027323155
 10
87.4359
 20
361.80959027323155
 10
87.6906
 20
361.80959027323155
 10
87.9453
 20
361.80959027323155
 10
88.2
 20
361.80959027323155
 10
88.4547
 20
361.80959027323155
 10
88.7094
 20
361.80959027323155
 10
88.9641
 20
361.80959027323155
 10
89.2188
 20
361.80959027323155
 10
89.4735
 20
361.80959027323155
 10
89.7282
 20
361.80959027323155
 10
89.9829
 20
361.80959027323155
 10
90.2376
 20
361.80959027323155
 10
90.4923
 20
361.80959027323155
 10
90.747
 20
361.80959027323155
 10
91.0017
 20
361.80959027323155
 10
91.2564
 20
361.80959027323155
 10
91.5111
 20
361.80959027323155
 10
91.7658
 20
361.80959027323155
 10
92.0205
 20
361.80959027323155
 10
92.2752
 20
361.80959027323155
 10
92.52990000000001
 20
361.80959027323155
 10
92.78460000000001
 20
361.80959027323155
 10
93.0393
 20
361.80959027323155
 10
93.294
 20
361.80959027323155
  0
LINE
  5
154
330
17
100
AcDbEntity
  8
02-OCULTA
100
AcDbLine
 10
93.294
 20
369.0002032923949
 30
0.0
 11
93.294
 21
361.80959027323155
 31
0.0
  0
LWPOLYLINE
  5
155
330
17
100
AcDbEntity
  8
02-OCULTA
100
AcDbPolyline
 90
41
 70
0
 10
93.294
 20
369.0002032923949
 10
93.0393
 20
369.0002032923949
 10
92.7846
 20
369.0002032923949
 10
92.5299
 20
369.0002032923949
 10
92.2752
 20
369.0002032923949
 10
92.0205
 20
369.0002032923949
 10
91.7658
 20
369.0002032923949
 10
91.5111
 20
369.0002032923949
 10
91.2564
 20
369.0002032923949
 10
91.0017
 20
369.0002032923949
 10
90.747
 20
369.0002032923949
 10
90.4923
 20
369.0002032923949
 10
90.2376
 20
369.0002032923949
 10
89.9829
 20
369.0002032923949
 10
89.7282
 20
369.0002032923949
 10
89.4735
 20
369.0002032923949
 10
89.2188
 20
369.0002032923949
 10
88.9641
 20
369.0002032923949
 10
88.7094
 20
369.0002032923949
 10
88.4547
 20
369.0002032923949
 10
88.2
 20
369.0002032923949
 10
87.9453
 20
369.0002032923949
 10
87.6906
 20
369.0002032923949
 10
87.4359
 20
369.0002032923949
 10
87.1812
 20
369.0002032923949
 10
86.9265
 20
369.0002032923949
 10
86.6718
 20
369.0002032923949
 10
86.4171
 20
369.0002032923949
 10
86.1624
 20
369.0002032923949
 10
85.9077
 20
369.0002032923949
 10
85.653
 20
369.0002032923949
 10
85.3983
 20
369.0002032923949
 10
85.14359999999999
 20
369.0002032923949
 10
84.88889999999999
 20
369.0002032923949
 10
84.63419999999999
 20
369.0002032923949
 10
84.37950000000001
 20
369.0002032923949
 10
84.1248
 20
369.0002032923949
 10
83.8701
 20
369.0002032923949
 10
83.6154
 20
369.0002032923949
 10
83.3607
 20
369.0002032923949
 10
83.10600000000001
 20
369.0002032923949
  0
LWPOLYLINE
  5
156
330
17
100
AcDbEntity
  8
02-OCULTA
100
AcDbPolyline
 90
41
 70
0
 10
83.10600000000001
 20
369.0002032923949
 10
83.36070000000001
 20
369.0002032923949
 10
83.61540000000001
 20
369.0002032923949
 10
83.87010000000001
 20
369.0002032923949
 10
84.12480000000001
 20
369.0002032923949
 10
84.37950000000001
 20
369.0002032923949
 10
84.6342
 20
369.0002032923949
 10
84.8889
 20
369.0002032923949
 10
85.1436
 20
369.0002032923949
 10
85.3983
 20
369.0002032923949
 10
85.653
 20
369.0002032923949
 10
85.9077
 20
369.0002032923949
 10
86.1624
 20
369.0002032923949
 10
86.4171
 20
369.0002032923949
 10
86.6718
 20
369.0002032923949
 10
86.9265
 20
369.0002032923949
 10
87.1812
 20
369.0002032923949
 10
87.4359
 20
369.0002032923949
 10
87.6906
 20
369.0002032923949
 10
87.9453
 20
369.0002032923949
 10
88.2
 20
369.0002032923949
 10
88.4547
 20
369.0002032923949
 10
88.7094
 20
369.0002032923949
 10
88.9641
 20
369.0002032923949
 10
89.2188
 20
369.0002032923949
 10
89.4735
 20
369.0002032923949
 10
89.7282
 20
369.0002032923949
 10
89.9829
 20
369.0002032923949
 10
90.2376
 20
369.0002032923949
 10
90.4923
 20
369.0002032923949
 10
90.747
 20
369.0002032923949
 10
91.0017
 20
369.0002032923949
 10
91.2564
 20
369.0002032923949
 10
91.5111
 20
369.0002032923949
 10
91.7658
 20
369.0002032923949
 10
92.0205
 20
369.0002032923949
 10
92.2752
 20
369.0002032923949
 10
92.52990000000001
 20
369.0002032923949
 10
92.78460000000001
 20
369.0002032923949
 10
93.0393
 20
369.0002032923949
 10
93.294
 20
369.0002032923949
  0
LWPOLYLINE
  5
157
330
17
100
AcDbEntity
  8
02-OCULTA
100
AcDbPolyline
 90
59
 70
0
 10
95.45
 20
369.0002032923949
 10
95.2
 20
369.0002032923949
 10
94.95
 20
369.0002032923949
 10
94.7
 20
369.0002032923949
 10
94.45
 20
369.0002032923949
 10
94.2
 20
369.0002032923949
 10
93.95
 20
369.0002032923949
 10
93.7
 20
369.0002032923949
 10
93.45
 20
369.0002032923949
 10
93.2
 20
369.0002032923949
 10
92.95
 20
369.0002032923949
 10
92.7
 20
369.0002032923949
 10
92.45
 20
369.0002032923949
 10
92.2
 20
369.0002032923949
 10
91.95
 20
369.0002032923949
 10
91.7
 20
369.0002032923949
 10
91.45
 20
369.0002032923949
 10
91.2
 20
369.0002032923949
 10
90.95
 20
369.0002032923949
 10
90.7
 20
369.0002032923949
 10
90.45
 20
369.0002032923949
 10
90.2
 20
369.0002032923949
 10
89.95
 20
369.0002032923949
 10
89.7
 20
369.0002032923949
 10
89.45
 20
369.0002032923949
 10
89.2
 20
369.0002032923949
 10
88.95
 20
369.0002032923949
 10
88.7
 20
369.0002032923949
 10
88.45
 20
369.0002032923949
 10
88.2
 20
369.0002032923949
 10
87.95
 20
369.0002032923949
 10
87.7
 20
369.0002032923949
 10
87.45
 20
369.0002032923949
 10
87.2
 20
369.0002032923949
 10
86.95
 20
369.0002032923949
 10
86.7
 20
369.0002032923949
 10
86.45
 20
369.0002032923949
 10
86.2
 20
369.0002032923949
 10
85.95
 20
369.0002032923949
 10
85.7
 20
369.0002032923949
 10
85.45
 20
369.0002032923949
 10
85.2
 20
369.0002032923949
 10
84.95
 20
369.0002032923949
 10
84.7
 20
369.0002032923949
 10
84.45
 20
369.0002032923949
 10
84.2
 20
369.0002032923949
 10
83.95
 20
369.0002032923949
 10
83.7
 20
369.0002032923949
 10
83.45
 20
369.0002032923949
 10
83.2
 20
369.0002032923949
 10
82.95
 20
369.0002032923949
 10
82.7
 20
369.0002032923949
 10
82.45
 20
369.0002032923949
 10
82.2
 20
369.0002032923949
 10
81.95
 20
369.0002032923949
 10
81.7
 20
369.0002032923949
 10
81.45
 20
369.0002032923949
 10
81.2
 20
369.0002032923949
 10
80.95
 20
369.0002032923949
  0
LWPOLYLINE
  5
158
330
17
100
AcDbEntity
  8
02-OCULTA
100
AcDbPolyline
 90
59
 70
0
 10
80.95
 20
369.0002032923949
 10
81.2
 20
369.0002032923949
 10
81.45
 20
369.0002032923949
 10
81.7
 20
369.0002032923949
 10
81.95
 20
369.0002032923949
 10
82.2
 20
369.0002032923949
 10
82.45
 20
369.0002032923949
 10
82.7
 20
369.0002032923949
 10
82.95
 20
369.0002032923949
 10
83.2
 20
369.0002032923949
 10
83.45
 20
369.0002032923949
 10
83.7
 20
369.0002032923949
 10
83.95
 20
369.0002032923949
 10
84.2
 20
369.0002032923949
 10
84.45
 20
369.0002032923949
 10
84.7
 20
369.0002032923949
 10
84.95
 20
369.0002032923949
 10
85.2
 20
369.0002032923949
 10
85.45
 20
369.0002032923949
 10
85.7
 20
369.0002032923949
 10
85.95
 20
369.0002032923949
 10
86.2
 20
369.0002032923949
 10
86.45
 20
369.0002032923949
 10
86.7
 20
369.0002032923949
 10
86.95
 20
369.0002032923949
 10
87.2
 20
369.0002032923949
 10
87.45
 20
369.0002032923949
 10
87.7
 20
369.0002032923949
 10
87.95
 20
369.0002032923949
 10
88.2
 20
369.0002032923949
 10
88.45
 20
369.0002032923949
 10
88.7
 20
369.0002032923949
 10
88.95
 20
369.0002032923949
 10
89.2
 20
369.0002032923949
 10
89.45
 20
369.0002032923949
 10
89.7
 20
369.0002032923949
 10
89.95
 20
369.0002032923949
 10
90.2
 20
369.0002032923949
 10
90.45
 20
369.0002032923949
 10
90.7
 20
369.0002032923949
 10
90.95
 20
369.0002032923949
 10
91.2
 20
369.0002032923949
 10
91.45
 20
369.0002032923949
 10
91.7
 20
369.0002032923949
 10
91.95
 20
369.0002032923949
 10
92.2
 20
369.0002032923949
 10
92.45
 20
369.0002032923949
 10
92.69999999999999
 20
369.0002032923949
 10
92.95
 20
369.0002032923949
 10
93.2
 20
369.0002032923949
 10
93.45
 20
369.0002032923949
 10
93.7
 20
369.0002032923949
 10
93.95
 20
369.0002032923949
 10
94.2
 20
369.0002032923949
 10
94.45
 20
369.0002032923949
 10
94.7
 20
369.0002032923949
 10
94.95
 20
369.0002032923949
 10
95.2
 20
369.0002032923949
 10
95.45
 20
369.0002032923949
  0
LWPOLYLINE
  5
159
330
17
100
AcDbEntity
  8
02-OCULTA
100
AcDbPolyline
 90
59
 70
0
 10
95.45
 20
362.7502032923949
 10
95.2
 20
362.7502032923949
 10
94.95
 20
362.7502032923949
 10
94.7
 20
362.7502032923949
 10
94.45
 20
362.7502032923949
 10
94.2
 20
362.7502032923949
 10
93.95
 20
362.7502032923949
 10
93.7
 20
362.7502032923949
 10
93.45
 20
362.7502032923949
 10
93.2
 20
362.7502032923949
 10
92.95
 20
362.7502032923949
 10
92.7
 20
362.7502032923949
 10
92.45
 20
362.7502032923949
 10
92.2
 20
362.7502032923949
 10
91.95
 20
362.7502032923949
 10
91.7
 20
362.7502032923949
 10
91.45
 20
362.7502032923949
 10
91.2
 20
362.7502032923949
 10
90.95
 20
362.7502032923949
 10
90.7
 20
362.7502032923949
 10
90.45
 20
362.7502032923949
 10
90.2
 20
362.7502032923949
 10
89.95
 20
362.7502032923949
 10
89.7
 20
362.7502032923949
 10
89.45
 20
362.7502032923949
 10
89.2
 20
362.7502032923949
 10
88.95
 20
362.7502032923949
 10
88.7
 20
362.7502032923949
 10
88.45
 20
362.7502032923949
 10
88.2
 20
362.7502032923949
 10
87.95
 20
362.7502032923949
 10
87.7
 20
362.7502032923949
 10
87.45
 20
362.7502032923949
 10
87.2
 20
362.7502032923949
 10
86.95
 20
362.7502032923949
 10
86.7
 20
362.7502032923949
 10
86.45
 20
362.7502032923949
 10
86.2
 20
362.7502032923949
 10
85.95
 20
362.7502032923949
 10
85.7
 20
362.7502032923949
 10
85.45
 20
362.7502032923949
 10
85.2
 20
362.7502032923949
 10
84.95
 20
362.7502032923949
 10
84.7
 20
362.7502032923949
 10
84.45
 20
362.7502032923949
 10
84.2
 20
362.7502032923949
 10
83.95
 20
362.7502032923949
 10
83.7
 20
362.7502032923949
 10
83.45
 20
362.7502032923949
 10
83.2
 20
362.7502032923949
 10
82.95
 20
362.7502032923949
 10
82.7
 20
362.7502032923949
 10
82.45
 20
362.7502032923949
 10
82.2
 20
362.7502032923949
 10
81.95
 20
362.7502032923949
 10
81.7
 20
362.7502032923949
 10
81.45
 20
362.7502032923949
 10
81.2
 20
362.7502032923949
 10
80.95
 20
362.7502032923949
  0
LWPOLYLINE
  5
15A
330
17
100
AcDbEntity
  8
02-OCULTA
100
AcDbPolyline
 90
59
 70
0
 10
80.95
 20
362.7502032923949
 10
81.2
 20
362.7502032923949
 10
81.45
 20
362.7502032923949
 10
81.7
 20
362.7502032923949
 10
81.95
 20
362.7502032923949
 10
82.2
 20
362.7502032923949
 10
82.45
 20
362.7502032923949
 10
82.7
 20
362.7502032923949
 10
82.95
 20
362.7502032923949
 10
83.2
 20
362.7502032923949
 10
83.45
 20
362.7502032923949
 10
83.7
 20
362.7502032923949
 10
83.95
 20
362.7502032923949
 10
84.2
 20
362.7502032923949
 10
84.45
 20
362.7502032923949
 10
84.7
 20
362.7502032923949
 10
84.95
 20
362.7502032923949
 10
85.2
 20
362.7502032923949
 10
85.45
 20
362.7502032923949
 10
85.7
 20
362.7502032923949
 10
85.95
 20
362.7502032923949
 10
86.2
 20
362.7502032923949
 10
86.45
 20
362.7502032923949
 10
86.7
 20
362.7502032923949
 10
86.95
 20
362.7502032923949
 10
87.2
 20
362.7502032923949
 10
87.45
 20
362.7502032923949
 10
87.7
 20
362.7502032923949
 10
87.95
 20
362.7502032923949
 10
88.2
 20
362.7502032923949
 10
88.45
 20
362.7502032923949
 10
88.7
 20
362.7502032923949
 10
88.95
 20
362.7502032923949
 10
89.2
 20
362.7502032923949
 10
89.45
 20
362.7502032923949
 10
89.7
 20
362.7502032923949
 10
89.95
 20
362.7502032923949
 10
90.2
 20
362.7502032923949
 10
90.45
 20
362.7502032923949
 10
90.7
 20
362.7502032923949
 10
90.95
 20
362.7502032923949
 10
91.2
 20
362.7502032923949
 10
91.45
 20
362.7502032923949
 10
91.7
 20
362.7502032923949
 10
91.95
 20
362.7502032923949
 10
92.2
 20
362.7502032923949
 10
92.45
 20
362.7502032923949
 10
92.69999999999999
 20
362.7502032923949
 10
92.95
 20
362.7502032923949
 10
93.2
 20
362.7502032923949
 10
93.45
 20
362.7502032923949
 10
93.7
 20
362.7502032923949
 10
93.95
 20
362.7502032923949
 10
94.2
 20
362.7502032923949
 10
94.45
 20
362.7502032923949
 10
94.7
 20
362.7502032923949
 10
94.95
 20
362.7502032923949
 10
95.2
 20
362.7502032923949
 10
95.45
 20
362.7502032923949
  0
CIRCLE
  5
15B
330
17
100
AcDbEntity
  8
02-OCULTA
100
AcDbCircle
 10
106.9375
 20
356.8752779440232
 30
0.0
 40
0.5
  0
CIRCLE
  5
15C
330
17
100
AcDbEntity
  8
02-OCULTA
100
AcDbCircle
 10
106.9375
 20
231.00020329239484
 30
0.0
 40
0.5
  0
LINE
  5
15D
330
17
100
AcDbEntity
  8
02-OCULTA
100
AcDbLine
 10
87.45
 20
231.50020329239484
 30
0.0
 11
87.45
 21
356.3752779440232
 31
0.0
  0
LINE
  5
15E
330
17
100
AcDbEntity
  8
02-OCULTA
100
AcDbLine
 10
88.95
 20
231.50020329239484
 30
0.0
 11
87.45
 21
231.50020329239484
 31
0.0
  0
LINE
  5
15F
330
17
100
AcDbEntity
  8
02-OCULTA
100
AcDbLine
 10
88.95
 20
231.50020329239484
 30
0.0
 11
88.95
 21
356.3752779440232
 31
0.0
  0
LINE
  5
160
330
17
100
AcDbEntity
  8
02-OCULTA
100
AcDbLine
 10
88.95
 20
356.3752779440232
 30
0.0
 11
87.45
 21
356.3752779440232
 31
0.0
  0
CIRCLE
  5
161
330
17
100
AcDbEntity
  8
02-OCULTA
100
AcDbCircle
 10
95.45
 20
362.7502032923949
 30
0.0
 40
0.5
  0
LWPOLYLINE
  5
162
330
17
100
AcDbEntity
  8
02-OCULTA
100
AcDbPolyline
 90
68
 70
0
 10
96.65
 20
373.0002032923949
 10
96.39776119402985
 20
373.0002032923949
 10
96.1455223880597
 20
373.0002032923949
 10
95.89328358208955
 20
373.0002032923949
 10
95.6410447761194
 20
373.0002032923949
 10
95.38880597014926
 20
373.0002032923949
 10
95.13656716417911
 20
373.0002032923949
 10
94.88432835820896
 20
373.0002032923949
 10
94.63208955223881
 20
373.0002032923949
 10
94.37985074626866
 20
373.0002032923949
 10
94.12761194029851
 20
373.0002032923949
 10
93.87537313432836
 20
373.0002032923949
 10
93.62313432835822
 20
373.0002032923949
 10
93.37089552238807
 20
373.0002032923949
 10
93.11865671641792
 20
373.0002032923949
 10
92.86641791044777
 20
373.0002032923949
 10
92.61417910447761
 20
373.0002032923949
 10
92.36194029850746
 20
373.0002032923949
 10
92.10970149253731
 20
373.0002032923949
 10
91.85746268656717
 20
373.0002032923949
 10
91.60522388059702
 20
373.0002032923949
 10
91.35298507462687
 20
373.0002032923949
 10
91.10074626865672
 20
373.0002032923949
 10
90.84850746268657
 20
373.0002032923949
 10
90.59626865671642
 20
373.0002032923949
 10
90.34402985074627
 20
373.0002032923949
 10
90.09179104477612
 20
373.0002032923949
 10
89.83955223880598
 20
373.0002032923949
 10
89.58731343283583
 20
373.0002032923949
 10
89.33507462686568
 20
373.0002032923949
 10
89.08283582089553
 20
373.0002032923949
 10
88.83059701492537
 20
373.0002032923949
 10
88.57835820895522
 20
373.0002032923949
 10
88.32611940298509
 20
373.0002032923949
 10
88.07388059701493
 20
373.0002032923949
 10
87.82164179104478
 20
373.0002032923949
 10
87.56940298507463
 20
373.0002032923949
 10
87.31716417910448
 20
373.0002032923949
 10
87.06492537313433
 20
373.0002032923949
 10
86.81268656716418
 20
373.0002032923949
 10
86.56044776119404
 20
373.0002032923949
 10
86.30820895522389
 20
373.0002032923949
 10
86.05597014925374
 20
373.0002032923949
 10
85.80373134328359
 20
373.0002032923949
 10
85.55149253731344
 20
373.0002032923949
 10
85.29925373134328
 20
373.0002032923949
 10
85.04701492537313
 20
373.0002032923949
 10
84.794776119403
 20
373.0002032923949
 10
84.54253731343285
 20
373.0002032923949
 10
84.2902985074627
 20
373.0002032923949
 10
84.03805970149254
 20
373.0002032923949
 10
83.78582089552239
 20
373.0002032923949
 10
83.53358208955224
 20
373.0002032923949
 10
83.28134328358209
 20
373.0002032923949
 10
83.02910447761195
 20
373.0002032923949
 10
82.7768656716418
 20
373.0002032923949
 10
82.52462686567165
 20
373.0002032923949
 10
82.2723880597015
 20
373.0002032923949
 10
82.02014925373135
 20
373.0002032923949
 10
81.7679104477612
 20
373.0002032923949
 10
81.51567164179104
 20
373.0002032923949
 10
81.26343283582091
 20
373.0002032923949
 10
81.01119402985076
 20
373.0002032923949
 10
80.7589552238806
 20
373.0002032923949
 10
80.50671641791045
 20
373.0002032923949
 10
80.2544776119403
 20
373.0002032923949
 10
80.00223880597015
 20
373.0002032923949
 10
79.75
 20
373.0002032923949
  0
LWPOLYLINE
  5
163
330
17
100
AcDbEntity
  8
02-OCULTA
100
AcDbPolyline
 90
32
 70
0
 10
84.28692116165708
 20
373.0002032923949
 10
84.539377860905
 20
373.0002032923949
 10
84.79183456015294
 20
373.0002032923949
 10
85.04429125940086
 20
373.0002032923949
 10
85.2967479586488
 20
373.0002032923949
 10
85.54920465789672
 20
373.0002032923949
 10
85.80166135714467
 20
373.0002032923949
 10
86.05411805639258
 20
373.0002032923949
 10
86.30657475564053
 20
373.0002032923949
 10
86.55903145488845
 20
373.0002032923949
 10
86.81148815413638
 20
373.0002032923949
 10
87.06394485338431
 20
373.0002032923949
 10
87.31640155263224
 20
373.0002032923949
 10
87.56885825188017
 20
373.0002032923949
 10
87.8213149511281
 20
373.0002032923949
 10
88.07377165037603
 20
373.0002032923949
 10
88.32622834962396
 20
373.0002032923949
 10
88.5786850488719
 20
373.0002032923949
 10
88.83114174811983
 20
373.0002032923949
 10
89.08359844736776
 20
373.0002032923949
 10
89.33605514661569
 20
373.0002032923949
 10
89.58851184586362
 20
373.0002032923949
 10
89.84096854511155
 20
373.0002032923949
 10
90.09342524435948
 20
373.0002032923949
 10
90.34588194360741
 20
373.0002032923949
 10
90.59833864285534
 20
373.0002032923949
 10
90.85079534210327
 20
373.0002032923949
 10
91.10325204135121
 20
373.0002032923949
 10
91.35570874059914
 20
373.0002032923949
 10
91.60816543984707
 20
373.0002032923949
 10
91.860622139095
 20
373.0002032923949
 10
92.11307883834293
 20
373.0002032923949
  0
LWPOLYLINE
  5
164
330
17
100
AcDbEntity
  8
02-OCULTA
100
AcDbPolyline
 90
68
 70
0
 10
96.65
 20
369.0002032923949
 10
96.39776119402985
 20
369.0002032923949
 10
96.1455223880597
 20
369.0002032923949
 10
95.89328358208955
 20
369.0002032923949
 10
95.6410447761194
 20
369.0002032923949
 10
95.38880597014926
 20
369.0002032923949
 10
95.13656716417911
 20
369.0002032923949
 10
94.88432835820896
 20
369.0002032923949
 10
94.63208955223881
 20
369.0002032923949
 10
94.37985074626866
 20
369.0002032923949
 10
94.12761194029851
 20
369.0002032923949
 10
93.87537313432836
 20
369.0002032923949
 10
93.62313432835822
 20
369.0002032923949
 10
93.37089552238807
 20
369.0002032923949
 10
93.11865671641792
 20
369.0002032923949
 10
92.86641791044777
 20
369.0002032923949
 10
92.61417910447761
 20
369.0002032923949
 10
92.36194029850746
 20
369.0002032923949
 10
92.10970149253731
 20
369.0002032923949
 10
91.85746268656717
 20
369.0002032923949
 10
91.60522388059702
 20
369.0002032923949
 10
91.35298507462687
 20
369.0002032923949
 10
91.10074626865672
 20
369.0002032923949
 10
90.84850746268657
 20
369.0002032923949
 10
90.59626865671642
 20
369.0002032923949
 10
90.34402985074627
 20
369.0002032923949
 10
90.09179104477612
 20
369.0002032923949
 10
89.83955223880598
 20
369.0002032923949
 10
89.58731343283583
 20
369.0002032923949
 10
89.33507462686568
 20
369.0002032923949
 10
89.08283582089553
 20
369.0002032923949
 10
88.83059701492537
 20
369.0002032923949
 10
88.57835820895522
 20
369.0002032923949
 10
88.32611940298509
 20
369.0002032923949
 10
88.07388059701493
 20
369.0002032923949
 10
87.82164179104478
 20
369.0002032923949
 10
87.56940298507463
 20
369.0002032923949
 10
87.31716417910448
 20
369.0002032923949
 10
87.06492537313433
 20
369.0002032923949
 10
86.81268656716418
 20
369.0002032923949
 10
86.56044776119404
 20
369.0002032923949
 10
86.30820895522389
 20
369.0002032923949
 10
86.05597014925374
 20
369.0002032923949
 10
85.80373134328359
 20
369.0002032923949
 10
85.55149253731344
 20
369.0002032923949
 10
85.29925373134328
 20
369.0002032923949
 10
85.04701492537313
 20
369.0002032923949
 10
84.794776119403
 20
369.0002032923949
 10
84.54253731343285
 20
369.0002032923949
 10
84.2902985074627
 20
369.0002032923949
 10
84.03805970149254
 20
369.0002032923949
 10
83.78582089552239
 20
369.0002032923949
 10
83.53358208955224
 20
369.0002032923949
 10
83.28134328358209
 20
369.0002032923949
 10
83.02910447761195
 20
369.0002032923949
 10
82.7768656716418
 20
369.0002032923949
 10
82.52462686567165
 20
369.0002032923949
 10
82.2723880597015
 20
369.0002032923949
 10
82.02014925373135
 20
369.0002032923949
 10
81.7679104477612
 20
369.0002032923949
 10
81.51567164179104
 20
369.0002032923949
 10
81.26343283582091
 20
369.0002032923949
 10
81.01119402985076
 20
369.0002032923949
 10
80.7589552238806
 20
369.0002032923949
 10
80.50671641791045
 20
369.0002032923949
 10
80.2544776119403
 20
369.0002032923949
 10
80.00223880597015
 20
369.0002032923949
 10
79.75
 20
369.0002032923949
  0
LWPOLYLINE
  5
165
330
17
100
AcDbEntity
  8
02-OCULTA
100
AcDbPolyline
 90
33
 70
0
 10
92.294
 20
373.0002032923949
 10
92.03812500000001
 20
373.0002032923949
 10
91.78225
 20
373.0002032923949
 10
91.526375
 20
373.0002032923949
 10
91.2705
 20
373.0002032923949
 10
91.014625
 20
373.0002032923949
 10
90.75875
 20
373.0002032923949
 10
90.502875
 20
373.0002032923949
 10
90.247
 20
373.0002032923949
 10
89.991125
 20
373.0002032923949
 10
89.73525000000001
 20
373.0002032923949
 10
89.479375
 20
373.0002032923949
 10
89.2235
 20
373.0002032923949
 10
88.967625
 20
373.0002032923949
 10
88.71175
 20
373.0002032923949
 10
88.455875
 20
373.0002032923949
 10
88.2
 20
373.0002032923949
 10
87.944125
 20
373.0002032923949
 10
87.68825
 20
373.0002032923949
 10
87.43237500000001
 20
373.0002032923949
 10
87.1765
 20
373.0002032923949
 10
86.920625
 20
373.0002032923949
 10
86.66475
 20
373.0002032923949
 10
86.408875
 20
373.0002032923949
 10
86.153
 20
373.0002032923949
 10
85.897125
 20
373.0002032923949
 10
85.64125
 20
373.0002032923949
 10
85.385375
 20
373.0002032923949
 10
85.12950000000001
 20
373.0002032923949
 10
84.873625
 20
373.0002032923949
 10
84.61775
 20
373.0002032923949
 10
84.361875
 20
373.0002032923949
 10
84.10600000000001
 20
373.0002032923949
  0
LWPOLYLINE
  5
166
330
17
100
AcDbEntity
  8
02-OCULTA
100
AcDbPolyline
 90
33
 70
0
 10
84.10600000000001
 20
373.0002032923949
 10
84.361875
 20
373.0002032923949
 10
84.61775
 20
373.0002032923949
 10
84.873625
 20
373.0002032923949
 10
85.12950000000001
 20
373.0002032923949
 10
85.385375
 20
373.0002032923949
 10
85.64125
 20
373.0002032923949
 10
85.897125
 20
373.0002032923949
 10
86.153
 20
373.0002032923949
 10
86.40887500000001
 20
373.0002032923949
 10
86.66475
 20
373.0002032923949
 10
86.920625
 20
373.0002032923949
 10
87.1765
 20
373.0002032923949
 10
87.43237500000001
 20
373.0002032923949
 10
87.68825
 20
373.0002032923949
 10
87.944125
 20
373.0002032923949
 10
88.2
 20
373.0002032923949
 10
88.455875
 20
373.0002032923949
 10
88.71175
 20
373.0002032923949
 10
88.967625
 20
373.0002032923949
 10
89.2235
 20
373.0002032923949
 10
89.479375
 20
373.0002032923949
 10
89.73525000000001
 20
373.0002032923949
 10
89.991125
 20
373.0002032923949
 10
90.247
 20
373.0002032923949
 10
90.502875
 20
373.0002032923949
 10
90.75875
 20
373.0002032923949
 10
91.014625
 20
373.0002032923949
 10
91.2705
 20
373.0002032923949
 10
91.526375
 20
373.0002032923949
 10
91.78225
 20
373.0002032923949
 10
92.03812500000001
 20
373.0002032923949
 10
92.294
 20
373.0002032923949
  0
LWPOLYLINE
  5
167
330
17
100
AcDbEntity
  8
02-OCULTA
100
AcDbPolyline
 90
33
 70
0
 10
92.294
 20
369.0002032923949
 10
92.03812500000001
 20
369.0002032923949
 10
91.78225
 20
369.0002032923949
 10
91.526375
 20
369.0002032923949
 10
91.2705
 20
369.0002032923949
 10
91.014625
 20
369.0002032923949
 10
90.75875
 20
369.0002032923949
 10
90.502875
 20
369.0002032923949
 10
90.247
 20
369.0002032923949
 10
89.991125
 20
369.0002032923949
 10
89.73525000000001
 20
369.0002032923949
 10
89.479375
 20
369.0002032923949
 10
89.2235
 20
369.0002032923949
 10
88.967625
 20
369.0002032923949
 10
88.71175
 20
369.0002032923949
 10
88.455875
 20
369.0002032923949
 10
88.2
 20
369.0002032923949
 10
87.944125
 20
369.0002032923949
 10
87.68825
 20
369.0002032923949
 10
87.43237500000001
 20
369.0002032923949
 10
87.1765
 20
369.0002032923949
 10
86.920625
 20
369.0002032923949
 10
86.66475
 20
369.0002032923949
 10
86.408875
 20
369.0002032923949
 10
86.153
 20
369.0002032923949
 10
85.897125
 20
369.0002032923949
 10
85.64125
 20
369.0002032923949
 10
85.385375
 20
369.0002032923949
 10
85.12950000000001
 20
369.0002032923949
 10
84.873625
 20
369.0002032923949
 10
84.61775
 20
369.0002032923949
 10
84.361875
 20
369.0002032923949
 10
84.10600000000001
 20
369.0002032923949
  0
LWPOLYLINE
  5
168
330
17
100
AcDbEntity
  8
02-OCULTA
100
AcDbPolyline
 90
33
 70
0
 10
84.10600000000001
 20
369.0002032923949
 10
84.361875
 20
369.0002032923949
 10
84.61775
 20
369.0002032923949
 10
84.873625
 20
369.0002032923949
 10
85.12950000000001
 20
369.0002032923949
 10
85.385375
 20
369.0002032923949
 10
85.64125
 20
369.0002032923949
 10
85.897125
 20
369.0002032923949
 10
86.153
 20
369.0002032923949
 10
86.40887500000001
 20
369.0002032923949
 10
86.66475
 20
369.0002032923949
 10
86.920625
 20
369.0002032923949
 10
87.1765
 20
369.0002032923949
 10
87.43237500000001
 20
369.0002032923949
 10
87.68825
 20
369.0002032923949
 10
87.944125
 20
369.0002032923949
 10
88.2
 20
369.0002032923949
 10
88.455875
 20
369.0002032923949
 10
88.71175
 20
369.0002032923949
 10
88.967625
 20
369.0002032923949
 10
89.2235
 20
369.0002032923949
 10
89.479375
 20
369.0002032923949
 10
89.73525000000001
 20
369.0002032923949
 10
89.991125
 20
369.0002032923949
 10
90.247
 20
369.0002032923949
 10
90.502875
 20
369.0002032923949
 10
90.75875
 20
369.0002032923949
 10
91.014625
 20
369.0002032923949
 10
91.2705
 20
369.0002032923949
 10
91.526375
 20
369.0002032923949
 10
91.78225
 20
369.0002032923949
 10
92.03812500000001
 20
369.0002032923949
 10
92.294
 20
369.0002032923949
  0
LINE
  5
169
330
17
100
AcDbEntity
  8
02-OCULTA
100
AcDbLine
 10
92.294
 20
369.0002032923949
 30
0.0
 11
92.294
 21
373.0002032923949
 31
0.0
  0
LWPOLYLINE
  5
16A
330
17
100
AcDbEntity
  8
02-OCULTA
100
AcDbPolyline
 90
41
 70
0
 10
93.294
 20
369.0002032923949
 10
93.0393
 20
369.0002032923949
 10
92.7846
 20
369.0002032923949
 10
92.5299
 20
369.0002032923949
 10
92.2752
 20
369.0002032923949
 10
92.0205
 20
369.0002032923949
 10
91.7658
 20
369.0002032923949
 10
91.5111
 20
369.0002032923949
 10
91.2564
 20
369.0002032923949
 10
91.0017
 20
369.0002032923949
 10
90.747
 20
369.0002032923949
 10
90.4923
 20
369.0002032923949
 10
90.2376
 20
369.0002032923949
 10
89.9829
 20
369.0002032923949
 10
89.7282
 20
369.0002032923949
 10
89.4735
 20
369.0002032923949
 10
89.2188
 20
369.0002032923949
 10
88.9641
 20
369.0002032923949
 10
88.7094
 20
369.0002032923949
 10
88.4547
 20
369.0002032923949
 10
88.2
 20
369.0002032923949
 10
87.9453
 20
369.0002032923949
 10
87.6906
 20
369.0002032923949
 10
87.4359
 20
369.0002032923949
 10
87.1812
 20
369.0002032923949
 10
86.9265
 20
369.0002032923949
 10
86.6718
 20
369.0002032923949
 10
86.4171
 20
369.0002032923949
 10
86.1624
 20
369.0002032923949
 10
85.9077
 20
369.0002032923949
 10
85.653
 20
369.0002032923949
 10
85.3983
 20
369.0002032923949
 10
85.14359999999999
 20
369.0002032923949
 10
84.88889999999999
 20
369.0002032923949
 10
84.63419999999999
 20
369.0002032923949
 10
84.37950000000001
 20
369.0002032923949
 10
84.1248
 20
369.0002032923949
 10
83.8701
 20
369.0002032923949
 10
83.6154
 20
369.0002032923949
 10
83.3607
 20
369.0002032923949
 10
83.10600000000001
 20
369.0002032923949
  0
LWPOLYLINE
  5
16B
330
17
100
AcDbEntity
  8
02-OCULTA
100
AcDbPolyline
 90
41
 70
0
 10
83.10600000000001
 20
369.0002032923949
 10
83.36070000000001
 20
369.0002032923949
 10
83.61540000000001
 20
369.0002032923949
 10
83.87010000000001
 20
369.0002032923949
 10
84.12480000000001
 20
369.0002032923949
 10
84.37950000000001
 20
369.0002032923949
 10
84.6342
 20
369.0002032923949
 10
84.8889
 20
369.0002032923949
 10
85.1436
 20
369.0002032923949
 10
85.3983
 20
369.0002032923949
 10
85.653
 20
369.0002032923949
 10
85.9077
 20
369.0002032923949
 10
86.1624
 20
369.0002032923949
 10
86.4171
 20
369.0002032923949
 10
86.6718
 20
369.0002032923949
 10
86.9265
 20
369.0002032923949
 10
87.1812
 20
369.0002032923949
 10
87.4359
 20
369.0002032923949
 10
87.6906
 20
369.0002032923949
 10
87.9453
 20
369.0002032923949
 10
88.2
 20
369.0002032923949
 10
88.4547
 20
369.0002032923949
 10
88.7094
 20
369.0002032923949
 10
88.9641
 20
369.0002032923949
 10
89.2188
 20
369.0002032923949
 10
89.4735
 20
369.0002032923949
 10
89.7282
 20
369.0002032923949
 10
89.9829
 20
369.0002032923949
 10
90.2376
 20
369.0002032923949
 10
90.4923
 20
369.0002032923949
 10
90.747
 20
369.0002032923949
 10
91.0017
 20
369.0002032923949
 10
91.2564
 20
369.0002032923949
 10
91.5111
 20
369.0002032923949
 10
91.7658
 20
369.0002032923949
 10
92.0205
 20
369.0002032923949
 10
92.2752
 20
369.0002032923949
 10
92.52990000000001
 20
369.0002032923949
 10
92.78460000000001
 20
369.0002032923949
 10
93.0393
 20
369.0002032923949
 10
93.294
 20
369.0002032923949
  0
LINE
  5
16C
330
17
100
AcDbEntity
  8
02-OCULTA
100
AcDbLine
 10
93.294
 20
364.2002032923948
 30
0.0
 11
93.294
 21
369.0002032923949
 31
0.0
  0
LWPOLYLINE
  5
16D
330
17
100
AcDbEntity
  8
02-OCULTA
100
AcDbPolyline
 90
41
 70
0
 10
93.294
 20
364.2002032923948
 10
93.0393
 20
364.2002032923948
 10
92.7846
 20
364.2002032923948
 10
92.5299
 20
364.2002032923948
 10
92.2752
 20
364.2002032923948
 10
92.0205
 20
364.2002032923948
 10
91.7658
 20
364.2002032923948
 10
91.5111
 20
364.2002032923948
 10
91.2564
 20
364.2002032923948
 10
91.0017
 20
364.2002032923948
 10
90.747
 20
364.2002032923948
 10
90.4923
 20
364.2002032923948
 10
90.2376
 20
364.2002032923948
 10
89.9829
 20
364.2002032923948
 10
89.7282
 20
364.2002032923948
 10
89.4735
 20
364.2002032923948
 10
89.2188
 20
364.2002032923948
 10
88.9641
 20
364.2002032923948
 10
88.7094
 20
364.2002032923948
 10
88.4547
 20
364.2002032923948
 10
88.2
 20
364.2002032923948
 10
87.9453
 20
364.2002032923948
 10
87.6906
 20
364.2002032923948
 10
87.4359
 20
364.2002032923948
 10
87.1812
 20
364.2002032923948
 10
86.9265
 20
364.2002032923948
 10
86.6718
 20
364.2002032923948
 10
86.4171
 20
364.2002032923948
 10
86.1624
 20
364.2002032923948
 10
85.9077
 20
364.2002032923948
 10
85.653
 20
364.2002032923948
 10
85.3983
 20
364.2002032923948
 10
85.14359999999999
 20
364.2002032923948
 10
84.88889999999999
 20
364.2002032923948
 10
84.63419999999999
 20
364.2002032923948
 10
84.37950000000001
 20
364.2002032923948
 10
84.1248
 20
364.2002032923948
 10
83.8701
 20
364.2002032923948
 10
83.6154
 20
364.2002032923948
 10
83.3607
 20
364.2002032923948
 10
83.10600000000001
 20
364.2002032923948
  0
LWPOLYLINE
  5
16E
330
17
100
AcDbEntity
  8
02-OCULTA
100
AcDbPolyline
 90
41
 70
0
 10
83.10600000000001
 20
364.2002032923948
 10
83.36070000000001
 20
364.2002032923948
 10
83.61540000000001
 20
364.2002032923948
 10
83.87010000000001
 20
364.2002032923948
 10
84.12480000000001
 20
364.2002032923948
 10
84.37950000000001
 20
364.2002032923948
 10
84.6342
 20
364.2002032923948
 10
84.8889
 20
364.2002032923948
 10
85.1436
 20
364.2002032923948
 10
85.3983
 20
364.2002032923948
 10
85.653
 20
364.2002032923948
 10
85.9077
 20
364.2002032923948
 10
86.1624
 20
364.2002032923948
 10
86.4171
 20
364.2002032923948
 10
86.6718
 20
364.2002032923948
 10
86.9265
 20
364.2002032923948
 10
87.1812
 20
364.2002032923948
 10
87.4359
 20
364.2002032923948
 10
87.6906
 20
364.2002032923948
 10
87.9453
 20
364.2002032923948
 10
88.2
 20
364.2002032923948
 10
88.4547
 20
364.2002032923948
 10
88.7094
 20
364.2002032923948
 10
88.9641
 20
364.2002032923948
 10
89.2188
 20
364.2002032923948
 10
89.4735
 20
364.2002032923948
 10
89.7282
 20
364.2002032923948
 10
89.9829
 20
364.2002032923948
 10
90.2376
 20
364.2002032923948
 10
90.4923
 20
364.2002032923948
 10
90.747
 20
364.2002032923948
 10
91.0017
 20
364.2002032923948
 10
91.2564
 20
364.2002032923948
 10
91.5111
 20
364.2002032923948
 10
91.7658
 20
364.2002032923948
 10
92.0205
 20
364.2002032923948
 10
92.2752
 20
364.2002032923948
 10
92.52990000000001
 20
364.2002032923948
 10
92.78460000000001
 20
364.2002032923948
 10
93.0393
 20
364.2002032923948
 10
93.294
 20
364.2002032923948
  0
LWPOLYLINE
  5
16F
330
17
100
AcDbEntity
  8
02-OCULTA
100
AcDbPolyline
 90
32
 70
0
 10
92.09400000000001
 20
369.0002032923949
 10
91.8427741935484
 20
369.0002032923949
 10
91.59154838709678
 20
369.0002032923949
 10
91.34032258064516
 20
369.0002032923949
 10
91.08909677419355
 20
369.0002032923949
 10
90.83787096774194
 20
369.0002032923949
 10
90.58664516129032
 20
369.0002032923949
 10
90.3354193548387
 20
369.0002032923949
 10
90.0841935483871
 20
369.0002032923949
 10
89.83296774193549
 20
369.0002032923949
 10
89.58174193548388
 20
369.0002032923949
 10
89.33051612903226
 20
369.0002032923949
 10
89.07929032258065
 20
369.0002032923949
 10
88.82806451612903
 20
369.0002032923949
 10
88.57683870967742
 20
369.0002032923949
 10
88.3256129032258
 20
369.0002032923949
 10
88.0743870967742
 20
369.0002032923949
 10
87.82316129032259
 20
369.0002032923949
 10
87.57193548387097
 20
369.0002032923949
 10
87.32070967741936
 20
369.0002032923949
 10
87.06948387096774
 20
369.0002032923949
 10
86.81825806451613
 20
369.0002032923949
 10
86.56703225806451
 20
369.0002032923949
 10
86.3158064516129
 20
369.0002032923949
 10
86.0645806451613
 20
369.0002032923949
 10
85.81335483870969
 20
369.0002032923949
 10
85.56212903225807
 20
369.0002032923949
 10
85.31090322580646
 20
369.0002032923949
 10
85.05967741935484
 20
369.0002032923949
 10
84.80845161290323
 20
369.0002032923949
 10
84.55722580645161
 20
369.0002032923949
 10
84.306
 20
369.0002032923949
  0
LWPOLYLINE
  5
170
330
17
100
AcDbEntity
  8
02-OCULTA
100
AcDbPolyline
 90
32
 70
0
 10
84.306
 20
369.0002032923949
 10
84.55722580645161
 20
369.0002032923949
 10
84.80845161290323
 20
369.0002032923949
 10
85.05967741935484
 20
369.0002032923949
 10
85.31090322580646
 20
369.0002032923949
 10
85.56212903225807
 20
369.0002032923949
 10
85.81335483870969
 20
369.0002032923949
 10
86.06458064516129
 20
369.0002032923949
 10
86.3158064516129
 20
369.0002032923949
 10
86.56703225806451
 20
369.0002032923949
 10
86.81825806451613
 20
369.0002032923949
 10
87.06948387096774
 20
369.0002032923949
 10
87.32070967741936
 20
369.0002032923949
 10
87.57193548387097
 20
369.0002032923949
 10
87.82316129032259
 20
369.0002032923949
 10
88.0743870967742
 20
369.0002032923949
 10
88.32561290322582
 20
369.0002032923949
 10
88.57683870967742
 20
369.0002032923949
 10
88.82806451612903
 20
369.0002032923949
 10
89.07929032258065
 20
369.0002032923949
 10
89.33051612903226
 20
369.0002032923949
 10
89.58174193548388
 20
369.0002032923949
 10
89.83296774193549
 20
369.0002032923949
 10
90.0841935483871
 20
369.0002032923949
 10
90.3354193548387
 20
369.0002032923949
 10
90.58664516129032
 20
369.0002032923949
 10
90.83787096774194
 20
369.0002032923949
 10
91.08909677419355
 20
369.0002032923949
 10
91.34032258064516
 20
369.0002032923949
 10
91.59154838709678
 20
369.0002032923949
 10
91.8427741935484
 20
369.0002032923949
 10
92.09400000000001
 20
369.0002032923949
  0
LWPOLYLINE
  5
171
330
17
100
AcDbEntity
  8
02-OCULTA
100
AcDbPolyline
 90
32
 70
0
 10
92.09400000000001
 20
364.2002032923948
 10
91.8427741935484
 20
364.2002032923948
 10
91.59154838709678
 20
364.2002032923948
 10
91.34032258064516
 20
364.2002032923948
 10
91.08909677419355
 20
364.2002032923948
 10
90.83787096774194
 20
364.2002032923948
 10
90.58664516129032
 20
364.2002032923948
 10
90.3354193548387
 20
364.2002032923948
 10
90.0841935483871
 20
364.2002032923948
 10
89.83296774193549
 20
364.2002032923948
 10
89.58174193548388
 20
364.2002032923948
 10
89.33051612903226
 20
364.2002032923948
 10
89.07929032258065
 20
364.2002032923948
 10
88.82806451612903
 20
364.2002032923948
 10
88.57683870967742
 20
364.2002032923948
 10
88.3256129032258
 20
364.2002032923948
 10
88.0743870967742
 20
364.2002032923948
 10
87.82316129032259
 20
364.2002032923948
 10
87.57193548387097
 20
364.2002032923948
 10
87.32070967741936
 20
364.2002032923948
 10
87.06948387096774
 20
364.2002032923948
 10
86.81825806451613
 20
364.2002032923948
 10
86.56703225806451
 20
364.2002032923948
 10
86.3158064516129
 20
364.2002032923948
 10
86.0645806451613
 20
364.2002032923948
 10
85.81335483870969
 20
364.2002032923948
 10
85.56212903225807
 20
364.2002032923948
 10
85.31090322580646
 20
364.2002032923948
 10
85.05967741935484
 20
364.2002032923948
 10
84.80845161290323
 20
364.2002032923948
 10
84.55722580645161
 20
364.2002032923948
 10
84.306
 20
364.2002032923948
  0
LWPOLYLINE
  5
172
330
17
100
AcDbEntity
  8
02-OCULTA
100
AcDbPolyline
 90
32
 70
0
 10
84.306
 20
364.2002032923948
 10
84.55722580645161
 20
364.2002032923948
 10
84.80845161290323
 20
364.2002032923948
 10
85.05967741935484
 20
364.2002032923948
 10
85.31090322580646
 20
364.2002032923948
 10
85.56212903225807
 20
364.2002032923948
 10
85.81335483870969
 20
364.2002032923948
 10
86.06458064516129
 20
364.2002032923948
 10
86.3158064516129
 20
364.2002032923948
 10
86.56703225806451
 20
364.2002032923948
 10
86.81825806451613
 20
364.2002032923948
 10
87.06948387096774
 20
364.2002032923948
 10
87.32070967741936
 20
364.2002032923948
 10
87.57193548387097
 20
364.2002032923948
 10
87.82316129032259
 20
364.2002032923948
 10
88.0743870967742
 20
364.2002032923948
 10
88.32561290322582
 20
364.2002032923948
 10
88.57683870967742
 20
364.2002032923948
 10
88.82806451612903
 20
364.2002032923948
 10
89.07929032258065
 20
364.2002032923948
 10
89.33051612903226
 20
364.2002032923948
 10
89.58174193548388
 20
364.2002032923948
 10
89.83296774193549
 20
364.2002032923948
 10
90.0841935483871
 20
364.2002032923948
 10
90.3354193548387
 20
364.2002032923948
 10
90.58664516129032
 20
364.2002032923948
 10
90.83787096774194
 20
364.2002032923948
 10
91.08909677419355
 20
364.2002032923948
 10
91.34032258064516
 20
364.2002032923948
 10
91.59154838709678
 20
364.2002032923948
 10
91.8427741935484
 20
364.2002032923948
 10
92.09400000000001
 20
364.2002032923948
  0
LINE
  5
173
330
17
100
AcDbEntity
  8
02-OCULTA
100
AcDbLine
 10
92.09400000000001
 20
364.2002032923948
 30
0.0
 11
92.09400000000001
 21
369.0002032923949
 31
0.0
  0
LINE
  5
174
330
17
100
AcDbEntity
  8
02-OCULTA
100
AcDbLine
 10
82.2
 20
375.1987724502879
 30
0.0
 11
82.2
 21
382.4098750012159
 31
0.0
  0
LINE
  5
175
330
17
100
AcDbEntity
  8
02-OCULTA
100
AcDbLine
 10
82.2
 20
383.0587223438622
 30
0.0
 11
82.2
 21
383.5531495348622
 31
0.0
  0
LINE
  5
176
330
17
100
AcDbEntity
  8
02-OCULTA
100
AcDbLine
 10
82.2
 20
373.0002032923949
 30
0.0
 11
82.2
 21
383.5531495348622
 31
0.0
  0
LWPOLYLINE
  5
177
330
17
100
AcDbEntity
  8
02-OCULTA
100
AcDbPolyline
 90
23
 70
0
 10
82.2
 20
373.89373447725836
 10
82.2
 20
374.1482799318038
 10
82.2
 20
374.40282538634926
 10
82.2
 20
374.65737084089477
 10
82.2
 20
374.9119162954402
 10
82.2
 20
375.1664617499857
 10
82.2
 20
375.4210072045311
 10
82.2
 20
375.6755526590766
 10
82.2
 20
375.930098113622
 10
82.2
 20
376.18464356816753
 10
82.2
 20
376.439189022713
 10
82.2
 20
376.69373447725843
 10
82.2
 20
376.9482799318039
 10
82.2
 20
377.20282538634933
 10
82.2
 20
377.4573708408948
 10
82.2
 20
377.71191629544023
 10
82.2
 20
377.9664617499857
 10
82.2
 20
378.22100720453113
 10
82.2
 20
378.4755526590766
 10
82.2
 20
378.73009811362203
 10
82.2
 20
378.9846435681675
 10
82.2
 20
379.23918902271294
 10
82.2
 20
379.4937344772584
  0
LWPOLYLINE
  5
178
330
17
100
AcDbEntity
  8
02-OCULTA
100
AcDbPolyline
 90
23
 70
0
 10
82.2
 20
379.4937344772584
 10
82.2
 20
379.23918902271294
 10
82.2
 20
378.9846435681675
 10
82.2
 20
378.73009811362203
 10
82.2
 20
378.4755526590766
 10
82.2
 20
378.22100720453113
 10
82.2
 20
377.9664617499857
 10
82.2
 20
377.71191629544023
 10
82.2
 20
377.4573708408948
 10
82.2
 20
377.20282538634933
 10
82.2
 20
376.9482799318039
 10
82.2
 20
376.69373447725843
 10
82.2
 20
376.439189022713
 10
82.2
 20
376.18464356816753
 10
82.2
 20
375.930098113622
 10
82.2
 20
375.6755526590766
 10
82.2
 20
375.4210072045311
 10
82.2
 20
375.1664617499857
 10
82.2
 20
374.9119162954402
 10
82.2
 20
374.65737084089477
 10
82.2
 20
374.40282538634926
 10
82.2
 20
374.1482799318038
 10
82.2
 20
373.89373447725836
  0
LWPOLYLINE
  5
179
330
17
100
AcDbEntity
  8
02-OCULTA
100
AcDbPolyline
 90
7
 70
0
 10
82.2
 20
383.5531495348622
 10
82.25522847498308
 20
383.5531495348622
 10
82.31045694996617
 20
383.5531495348622
 10
82.36568542494925
 20
383.5531495348622
 10
82.42091389993233
 20
383.5531495348622
 10
82.47614237491541
 20
383.5531495348622
 10
82.5313708498985
 20
383.5531495348622
  0
LWPOLYLINE
  5
17A
330
17
100
AcDbEntity
  8
02-OCULTA
100
AcDbPolyline
 90
7
 70
0
 10
83.05717456695952
 20
383.5531495348622
 10
83.1809788057996
 20
383.5531495348622
 10
83.30478304463968
 20
383.5531495348622
 10
83.42858728347976
 20
383.5531495348622
 10
83.55239152231984
 20
383.5531495348622
 10
83.67619576115992
 20
383.5531495348622
 10
83.8
 20
383.5531495348622
  0
LWPOLYLINE
  5
17B
330
17
100
AcDbEntity
  8
02-OCULTA
100
AcDbPolyline
 90
7
 70
0
 10
82.2
 20
383.5531495348622
 10
82.46666666666667
 20
383.5531495348622
 10
82.73333333333333
 20
383.5531495348622
 10
83.0
 20
383.5531495348622
 10
83.26666666666667
 20
383.5531495348622
 10
83.53333333333333
 20
383.5531495348622
 10
83.8
 20
383.5531495348622
  0
LINE
  5
17C
330
17
100
AcDbEntity
  8
02-OCULTA
100
AcDbLine
 10
83.8
 20
383.5531495348622
 30
0.0
 11
92.60000000000001
 21
383.5531495348622
 31
0.0
  0
LINE
  5
17D
330
17
100
AcDbEntity
  8
02-OCULTA
100
AcDbLine
 10
83.8
 20
383.5531495348622
 30
0.0
 11
92.60000000000001
 21
383.5531495348622
 31
0.0
  0
LWPOLYLINE
  5
17E
330
17
100
AcDbEntity
  8
02-OCULTA
100
AcDbPolyline
 90
7
 70
0
 10
93.34282543304049
 20
383.5531495348622
 10
93.21902119420041
 20
383.5531495348622
 10
93.09521695536033
 20
383.5531495348622
 10
92.97141271652025
 20
383.5531495348622
 10
92.84760847768017
 20
383.5531495348622
 10
92.72380423884009
 20
383.5531495348622
 10
92.60000000000001
 20
383.5531495348622
  0
LWPOLYLINE
  5
17F
330
17
100
AcDbEntity
  8
02-OCULTA
100
AcDbPolyline
 90
7
 70
0
 10
94.2
 20
383.5531495348622
 10
93.93333333333334
 20
383.5531495348622
 10
93.66666666666667
 20
383.5531495348622
 10
93.4
 20
383.5531495348622
 10
93.13333333333334
 20
383.5531495348622
 10
92.86666666666667
 20
383.5531495348622
 10
92.60000000000001
 20
383.5531495348622
  0
LWPOLYLINE
  5
180
330
17
100
AcDbEntity
  8
02-OCULTA
100
AcDbPolyline
 90
7
 70
0
 10
82.2
 20
373.0002032923949
 10
82.46666666666667
 20
373.0002032923949
 10
82.73333333333333
 20
373.0002032923949
 10
83.0
 20
373.0002032923949
 10
83.26666666666667
 20
373.0002032923949
 10
83.53333333333333
 20
373.0002032923949
 10
83.8
 20
373.0002032923949
  0
LWPOLYLINE
  5
181
330
17
100
AcDbEntity
  8
02-OCULTA
100
AcDbPolyline
 90
7
 70
0
 10
82.2
 20
373.0002032923949
 10
82.46666666666667
 20
373.0002032923949
 10
82.73333333333333
 20
373.0002032923949
 10
83.0
 20
373.0002032923949
 10
83.26666666666667
 20
373.0002032923949
 10
83.53333333333333
 20
373.0002032923949
 10
83.8
 20
373.0002032923949
  0
LINE
  5
182
330
17
100
AcDbEntity
  8
02-OCULTA
100
AcDbLine
 10
83.8
 20
373.0002032923949
 30
0.0
 11
92.60000000000001
 21
373.0002032923949
 31
0.0
  0
LINE
  5
183
330
17
100
AcDbEntity
  8
02-OCULTA
100
AcDbLine
 10
83.8
 20
373.0002032923949
 30
0.0
 11
92.60000000000001
 21
373.0002032923949
 31
0.0
  0
LWPOLYLINE
  5
184
330
17
100
AcDbEntity
  8
02-OCULTA
100
AcDbPolyline
 90
7
 70
0
 10
94.2
 20
373.0002032923949
 10
93.93333333333334
 20
373.0002032923949
 10
93.66666666666667
 20
373.0002032923949
 10
93.4
 20
373.0002032923949
 10
93.13333333333334
 20
373.0002032923949
 10
92.86666666666667
 20
373.0002032923949
 10
92.60000000000001
 20
373.0002032923949
  0
LWPOLYLINE
  5
185
330
17
100
AcDbEntity
  8
02-OCULTA
100
AcDbPolyline
 90
7
 70
0
 10
94.2
 20
373.0002032923949
 10
93.93333333333334
 20
373.0002032923949
 10
93.66666666666667
 20
373.0002032923949
 10
93.4
 20
373.0002032923949
 10
93.13333333333334
 20
373.0002032923949
 10
92.86666666666667
 20
373.0002032923949
 10
92.60000000000001
 20
373.0002032923949
  0
LWPOLYLINE
  5
186
330
17
100
AcDbEntity
  8
02-OCULTA
100
AcDbPolyline
 90
23
 70
0
 10
77.1
 20
379.4937344772584
 10
77.1
 20
379.23918902271294
 10
77.1
 20
378.9846435681675
 10
77.1
 20
378.73009811362203
 10
77.1
 20
378.4755526590766
 10
77.1
 20
378.22100720453113
 10
77.1
 20
377.9664617499857
 10
77.1
 20
377.71191629544023
 10
77.1
 20
377.4573708408948
 10
77.1
 20
377.20282538634933
 10
77.1
 20
376.9482799318039
 10
77.1
 20
376.69373447725843
 10
77.1
 20
376.439189022713
 10
77.1
 20
376.18464356816753
 10
77.1
 20
375.930098113622
 10
77.1
 20
375.6755526590766
 10
77.1
 20
375.4210072045311
 10
77.1
 20
375.1664617499857
 10
77.1
 20
374.9119162954402
 10
77.1
 20
374.65737084089477
 10
77.1
 20
374.40282538634926
 10
77.1
 20
374.1482799318038
 10
77.1
 20
373.89373447725836
  0
CIRCLE
  5
187
330
17
100
AcDbEntity
  8
02-OCULTA
100
AcDbCircle
 10
88.2
 20
378.8043237257519
 30
0.0
 40
1.8
  0
LINE
  5
188
330
17
100
AcDbEntity
  8
02-OCULTA
100
AcDbLine
 10
94.2
 20
375.1987724502879
 30
0.0
 11
94.2
 21
382.6297710585469
 31
0.0
  0
LINE
  5
189
330
17
100
AcDbEntity
  8
02-OCULTA
100
AcDbLine
 10
94.2
 20
373.0002032923949
 30
0.0
 11
94.2
 21
383.5531495348622
 31
0.0
  0
CIRCLE
  5
18A
330
17
100
AcDbEntity
  8
02-OCULTA
100
AcDbCircle
 10
88.2
 20
378.8043237257519
 30
0.0
 40
1.8
  0
CIRCLE
  5
18B
330
17
100
AcDbEntity
  8
02-OCULTA
100
AcDbCircle
 10
88.2
 20
378.8043237257519
 30
0.0
 40
7.0
  0
LINE
  5
18C
330
17
100
AcDbEntity
  8
02-OCULTA
100
AcDbLine
 10
92.21095620926346
 20
379.7520868892599
 30
0.0
 11
92.3782017504917
 21
381.3433219218491
 31
0.0
  0
LINE
  5
18D
330
17
100
AcDbEntity
  8
02-OCULTA
100
AcDbLine
 10
92.21095620926346
 20
379.7520868892599
 30
0.0
 11
92.3782017504917
 21
381.3433219218491
 31
0.0
  0
LINE
  5
18E
330
17
100
AcDbEntity
  8
02-OCULTA
100
AcDbLine
 10
105.36064870789531
 20
378.3699985152124
 30
0.0
 11
105.52789424912356
 21
379.9612335478016
 31
0.0
  0
LINE
  5
18F
330
17
100
AcDbEntity
  8
02-OCULTA
100
AcDbLine
 10
92.21095620926346
 20
379.7520868892599
 30
0.0
 11
95.17098810458826
 21
379.44097500053977
 31
0.0
  0
LINE
  5
190
330
17
100
AcDbEntity
  8
02-OCULTA
100
AcDbLine
 10
99.97667180035505
 20
378.93587729076745
 30
0.0
 11
101.09459545471651
 21
378.8183787799904
 31
0.0
  0
LINE
  5
191
330
17
100
AcDbEntity
  8
02-OCULTA
100
AcDbLine
 10
92.3782017504917
 20
381.3433219218491
 30
0.0
 11
94.81737068295504
 21
381.08695493651874
 31
0.0
  0
LINE
  5
192
330
17
100
AcDbEntity
  8
02-OCULTA
100
AcDbLine
 10
99.86985297823479
 20
380.55591764868
 30
0.0
 11
101.06650713852916
 21
380.4301442282848
 31
0.0
  0
LINE
  5
193
330
17
100
AcDbEntity
  8
02-OCULTA
100
AcDbLine
 10
92.21095620926346
 20
379.7520868892599
 30
0.0
 11
105.36064870789532
 21
378.3699985152124
 31
0.0
  0
LINE
  5
194
330
17
100
AcDbEntity
  8
02-OCULTA
100
AcDbLine
 10
92.3782017504917
 20
381.3433219218491
 30
0.0
 11
105.52789424912356
 21
379.9612335478016
 31
0.0
  0
LINE
  5
195
330
17
100
AcDbEntity
  8
02-OCULTA
100
AcDbLine
 10
80.2
 20
384.75314953486213
 30
0.0
 11
80.00500905055176
 21
386.3412233774883
 31
0.0
  0
LINE
  5
196
330
17
100
AcDbEntity
  8
02-OCULTA
100
AcDbLine
 10
109.99834431631045
 20
388.4119261573739
 30
0.0
 11
109.80335336686221
 21
390.0
 31
0.0
  0
LINE
  5
197
330
17
100
AcDbEntity
  8
02-OCULTA
100
AcDbLine
 10
80.54539694461887
 20
384.79555894704436
 30
0.0
 11
82.02542041043259
 21
384.97728297842036
 31
0.0
  0
LINE
  5
198
330
17
100
AcDbEntity
  8
02-OCULTA
100
AcDbLine
 10
86.07768055055381
 20
385.47483796038944
 30
0.0
 11
88.64553404332199
 21
385.79013072396197
 31
0.0
  0
LINE
  5
199
330
17
100
AcDbEntity
  8
02-OCULTA
100
AcDbLine
 10
80.2
 20
384.75314953486213
 30
0.0
 11
109.99834431631045
 21
388.4119261573739
 31
0.0
  0
LINE
  5
19A
330
17
100
AcDbEntity
  8
02-OCULTA
100
AcDbLine
 10
80.00500905055176
 20
386.3412233774883
 30
0.0
 11
109.80335336686221
 21
390.0
 31
0.0
  0
CIRCLE
  5
19B
330
17
100
AcDbEntity
  8
02-OCULTA
100
AcDbCircle
 10
81.4
 20
383.9531495348622
 30
0.0
 40
1.2000000000000002
  0
LWPOLYLINE
  5
19C
330
17
100
AcDbEntity
  8
02-OCULTA
100
AcDbPolyline
 90
13
 70
0
 10
89.8
 20
384.75314953486213
 10
89.53333333333333
 20
384.75314953486213
 10
89.26666666666667
 20
384.75314953486213
 10
89.0
 20
384.75314953486213
 10
88.73333333333333
 20
384.75314953486213
 10
88.46666666666667
 20
384.75314953486213
 10
88.2
 20
384.75314953486213
 10
87.93333333333334
 20
384.75314953486213
 10
87.66666666666667
 20
384.75314953486213
 10
87.4
 20
384.75314953486213
 10
87.13333333333334
 20
384.75314953486213
 10
86.86666666666667
 20
384.75314953486213
 10
86.60000000000001
 20
384.75314953486213
  0
LWPOLYLINE
  5
19D
330
17
100
AcDbEntity
  8
02-OCULTA
100
AcDbPolyline
 90
13
 70
0
 10
86.60000000000001
 20
384.75314953486213
 10
86.86666666666667
 20
384.75314953486213
 10
87.13333333333334
 20
384.75314953486213
 10
87.4
 20
384.75314953486213
 10
87.66666666666667
 20
384.75314953486213
 10
87.93333333333334
 20
384.75314953486213
 10
88.2
 20
384.75314953486213
 10
88.46666666666667
 20
384.75314953486213
 10
88.73333333333333
 20
384.75314953486213
 10
89.0
 20
384.75314953486213
 10
89.26666666666667
 20
384.75314953486213
 10
89.53333333333333
 20
384.75314953486213
 10
89.8
 20
384.75314953486213
  0
LINE
  5
19E
330
17
100
AcDbEntity
  8
02-OCULTA
100
AcDbLine
 10
89.8
 20
383.0531495348622
 30
0.0
 11
89.8
 21
384.75314953486213
 31
0.0
  0
LWPOLYLINE
  5
19F
330
17
100
AcDbEntity
  8
02-OCULTA
100
AcDbPolyline
 90
13
 70
0
 10
89.8
 20
383.0531495348622
 10
89.53333333333333
 20
383.0531495348622
 10
89.26666666666667
 20
383.0531495348622
 10
89.0
 20
383.0531495348622
 10
88.73333333333333
 20
383.0531495348622
 10
88.46666666666667
 20
383.0531495348622
 10
88.2
 20
383.0531495348622
 10
87.93333333333334
 20
383.0531495348622
 10
87.66666666666667
 20
383.0531495348622
 10
87.4
 20
383.0531495348622
 10
87.13333333333334
 20
383.0531495348622
 10
86.86666666666667
 20
383.0531495348622
 10
86.60000000000001
 20
383.0531495348622
  0
LWPOLYLINE
  5
1A0
330
17
100
AcDbEntity
  8
02-OCULTA
100
AcDbPolyline
 90
13
 70
0
 10
86.60000000000001
 20
383.0531495348622
 10
86.86666666666667
 20
383.0531495348622
 10
87.13333333333334
 20
383.0531495348622
 10
87.4
 20
383.0531495348622
 10
87.66666666666667
 20
383.0531495348622
 10
87.93333333333334
 20
383.0531495348622
 10
88.2
 20
383.0531495348622
 10
88.46666666666667
 20
383.0531495348622
 10
88.73333333333333
 20
383.0531495348622
 10
89.0
 20
383.0531495348622
 10
89.26666666666667
 20
383.0531495348622
 10
89.53333333333333
 20
383.0531495348622
 10
89.8
 20
383.0531495348622
  0
LWPOLYLINE
  5
1A1
330
17
100
AcDbEntity
  8
02-OCULTA
100
AcDbPolyline
 90
7
 70
0
 10
96.66720042736353
 20
383.69981620152987
 10
96.49765463338197
 20
383.5496960394953
 10
96.39100237801281
 20
383.34992833516606
 10
96.36059650645477
 20
383.1255239627699
 10
96.41024382681717
 20
382.904578306112
 10
96.53372849965231
 20
382.7147537154467
 10
96.71559027989727
 20
382.57981620152896
  0
LWPOLYLINE
  5
1A2
330
17
100
AcDbEntity
  8
02-OCULTA
100
AcDbPolyline
 90
7
 70
0
 10
97.33279957263649
 20
383.69981620152987
 10
97.50234536661804
 20
383.5496960394953
 10
97.6089976219872
 20
383.34992833516606
 10
97.63940349354525
 20
383.1255239627699
 10
97.58975617318285
 20
382.90457830611194
 10
97.4662715003477
 20
382.7147537154467
 10
97.28440972010273
 20
382.57981620152896
  0
CIRCLE
  5
1A3
330
17
100
AcDbEntity
  8
02-OCULTA
100
AcDbCircle
 10
97.0
 20
383.15314953486217
 30
0.0
 40
0.6400000000000001
  0
ARC
  5
1A4
330
17
100
AcDbEntity
  8
02-OCULTA
100
AcDbCircle
 10
97.0
 20
379.5531495348622
 30
0.0
 40
4.16
100
AcDbArc
 50
133.92754254783958
 51
-124.19994043633257
  0
LWPOLYLINE
  5
1A5
330
17
100
AcDbEntity
  8
02-OCULTA
100
AcDbPolyline
 90
20
 70
0
 10
90.60000000000001
 20
364.2002032923948
 10
90.34736842105264
 20
364.2002032923948
 10
90.09473684210526
 20
364.2002032923948
 10
89.8421052631579
 20
364.2002032923948
 10
89.58947368421053
 20
364.2002032923948
 10
89.33684210526316
 20
364.2002032923948
 10
89.08421052631579
 20
364.2002032923948
 10
88.83157894736843
 20
364.2002032923948
 10
88.57894736842105
 20
364.2002032923948
 10
88.32631578947368
 20
364.2002032923948
 10
88.07368421052632
 20
364.2002032923948
 10
87.82105263157895
 20
364.2002032923948
 10
87.56842105263158
 20
364.2002032923948
 10
87.31578947368422
 20
364.2002032923948
 10
87.06315789473685
 20
364.2002032923948
 10
86.81052631578947
 20
364.2002032923948
 10
86.55789473684212
 20
364.2002032923948
 10
86.30526315789474
 20
364.2002032923948
 10
86.05263157894737
 20
364.2002032923948
 10
85.8
 20
364.2002032923948
  0
LWPOLYLINE
  5
1A6
330
17
100
AcDbEntity
  8
02-OCULTA
100
AcDbPolyline
 90
20
 70
0
 10
85.8
 20
364.2002032923948
 10
86.05263157894737
 20
364.2002032923948
 10
86.30526315789474
 20
364.2002032923948
 10
86.5578947368421
 20
364.2002032923948
 10
86.81052631578947
 20
364.2002032923948
 10
87.06315789473685
 20
364.2002032923948
 10
87.31578947368422
 20
364.2002032923948
 10
87.56842105263158
 20
364.2002032923948
 10
87.82105263157895
 20
364.2002032923948
 10
88.07368421052632
 20
364.2002032923948
 10
88.32631578947368
 20
364.2002032923948
 10
88.57894736842105
 20
364.2002032923948
 10
88.83157894736843
 20
364.2002032923948
 10
89.0842105263158
 20
364.2002032923948
 10
89.33684210526316
 20
364.2002032923948
 10
89.58947368421053
 20
364.2002032923948
 10
89.8421052631579
 20
364.2002032923948
 10
90.09473684210526
 20
364.2002032923948
 10
90.34736842105264
 20
364.2002032923948
 10
90.60000000000001
 20
364.2002032923948
  0
LINE
  5
1A7
330
17
100
AcDbEntity
  8
02-OCULTA
100
AcDbLine
 10
90.60000000000001
 20
229.62520329239484
 30
0.0
 11
90.60000000000001
 21
364.2002032923948
 31
0.0
  0
LWPOLYLINE
  5
1A8
330
17
100
AcDbEntity
  8
02-OCULTA
100
AcDbPolyline
 90
20
 70
0
 10
90.60000000000001
 20
229.62520329239484
 10
90.34736842105264
 20
229.62520329239484
 10
90.09473684210526
 20
229.62520329239484
 10
89.8421052631579
 20
229.62520329239484
 10
89.58947368421053
 20
229.62520329239484
 10
89.33684210526316
 20
229.62520329239484
 10
89.08421052631579
 20
229.62520329239484
 10
88.83157894736843
 20
229.62520329239484
 10
88.57894736842105
 20
229.62520329239484
 10
88.32631578947368
 20
229.62520329239484
 10
88.07368421052632
 20
229.62520329239484
 10
87.82105263157895
 20
229.62520329239484
 10
87.56842105263158
 20
229.62520329239484
 10
87.31578947368422
 20
229.62520329239484
 10
87.06315789473685
 20
229.62520329239484
 10
86.81052631578947
 20
229.62520329239484
 10
86.55789473684212
 20
229.62520329239484
 10
86.30526315789474
 20
229.62520329239484
 10
86.05263157894737
 20
229.62520329239484
 10
85.8
 20
229.62520329239484
  0
LWPOLYLINE
  5
1A9
330
17
100
AcDbEntity
  8
02-OCULTA
100
AcDbPolyline
 90
20
 70
0
 10
85.8
 20
229.62520329239484
 10
86.05263157894737
 20
229.62520329239484
 10
86.30526315789474
 20
229.62520329239484
 10
86.5578947368421
 20
229.62520329239484
 10
86.81052631578947
 20
229.62520329239484
 10
87.06315789473685
 20
229.62520329239484
 10
87.31578947368422
 20
229.62520329239484
 10
87.56842105263158
 20
229.62520329239484
 10
87.82105263157895
 20
229.62520329239484
 10
88.07368421052632
 20
229.62520329239484
 10
88.32631578947368
 20
229.62520329239484
 10
88.57894736842105
 20
229.62520329239484
 10
88.83157894736843
 20
229.62520329239484
 10
89.0842105263158
 20
229.62520329239484
 10
89.33684210526316
 20
229.62520329239484
 10
89.58947368421053
 20
229.62520329239484
 10
89.8421052631579
 20
229.62520329239484
 10
90.09473684210526
 20
229.62520329239484
 10
90.34736842105264
 20
229.62520329239484
 10
90.60000000000001
 20
229.62520329239484
  0
LWPOLYLINE
  5
1AA
330
17
100
AcDbEntity
  8
02-OCULTA
100
AcDbPolyline
 90
15
 70
0
 10
90.0
 20
364.2002032923948
 10
89.74285714285715
 20
364.2002032923948
 10
89.4857142857143
 20
364.2002032923948
 10
89.22857142857143
 20
364.2002032923948
 10
88.97142857142858
 20
364.2002032923948
 10
88.71428571428572
 20
364.2002032923948
 10
88.45714285714286
 20
364.2002032923948
 10
88.2
 20
364.2002032923948
 10
87.94285714285715
 20
364.2002032923948
 10
87.68571428571428
 20
364.2002032923948
 10
87.42857142857143
 20
364.2002032923948
 10
87.17142857142858
 20
364.2002032923948
 10
86.91428571428571
 20
364.2002032923948
 10
86.65714285714286
 20
364.2002032923948
 10
86.4
 20
364.2002032923948
  0
LWPOLYLINE
  5
1AB
330
17
100
AcDbEntity
  8
02-OCULTA
100
AcDbPolyline
 90
15
 70
0
 10
86.4
 20
364.2002032923948
 10
86.65714285714286
 20
364.2002032923948
 10
86.91428571428571
 20
364.2002032923948
 10
87.17142857142858
 20
364.2002032923948
 10
87.42857142857143
 20
364.2002032923948
 10
87.68571428571428
 20
364.2002032923948
 10
87.94285714285715
 20
364.2002032923948
 10
88.2
 20
364.2002032923948
 10
88.45714285714286
 20
364.2002032923948
 10
88.71428571428572
 20
364.2002032923948
 10
88.97142857142858
 20
364.2002032923948
 10
89.22857142857143
 20
364.2002032923948
 10
89.4857142857143
 20
364.2002032923948
 10
89.74285714285715
 20
364.2002032923948
 10
90.0
 20
364.2002032923948
  0
LWPOLYLINE
  5
1AC
330
17
100
AcDbEntity
  8
02-OCULTA
100
AcDbPolyline
 90
15
 70
0
 10
90.0
 20
229.62520329239484
 10
89.74285714285715
 20
229.62520329239484
 10
89.4857142857143
 20
229.62520329239484
 10
89.22857142857143
 20
229.62520329239484
 10
88.97142857142858
 20
229.62520329239484
 10
88.71428571428572
 20
229.62520329239484
 10
88.45714285714286
 20
229.62520329239484
 10
88.2
 20
229.62520329239484
 10
87.94285714285715
 20
229.62520329239484
 10
87.68571428571428
 20
229.62520329239484
 10
87.42857142857143
 20
229.62520329239484
 10
87.17142857142858
 20
229.62520329239484
 10
86.91428571428571
 20
229.62520329239484
 10
86.65714285714286
 20
229.62520329239484
 10
86.4
 20
229.62520329239484
  0
LWPOLYLINE
  5
1AD
330
17
100
AcDbEntity
  8
02-OCULTA
100
AcDbPolyline
 90
15
 70
0
 10
86.4
 20
229.62520329239484
 10
86.65714285714286
 20
229.62520329239484
 10
86.91428571428571
 20
229.62520329239484
 10
87.17142857142858
 20
229.62520329239484
 10
87.42857142857143
 20
229.62520329239484
 10
87.68571428571428
 20
229.62520329239484
 10
87.94285714285715
 20
229.62520329239484
 10
88.2
 20
229.62520329239484
 10
88.45714285714286
 20
229.62520329239484
 10
88.71428571428572
 20
229.62520329239484
 10
88.97142857142858
 20
229.62520329239484
 10
89.22857142857143
 20
229.62520329239484
 10
89.4857142857143
 20
229.62520329239484
 10
89.74285714285715
 20
229.62520329239484
 10
90.0
 20
229.62520329239484
  0
LINE
  5
1AE
330
17
100
AcDbEntity
  8
02-OCULTA
100
AcDbLine
 10
90.0
 20
229.62520329239484
 30
0.0
 11
90.0
 21
364.2002032923948
 31
0.0
  0
LWPOLYLINE
  5
1AF
330
17
100
AcDbEntity
  8
02-OCULTA
100
AcDbPolyline
 90
13
 70
0
 10
64.0
 20
378.2937344772584
 10
64.0
 20
378.0270678105917
 10
64.0
 20
377.76040114392504
 10
64.0
 20
377.4937344772584
 10
64.0
 20
377.22706781059173
 10
64.0
 20
376.9604011439251
 10
64.0
 20
376.69373447725843
 10
64.0
 20
376.4270678105918
 10
64.0
 20
376.16040114392507
 10
64.0
 20
375.8937344772584
 10
64.0
 20
375.6270678105917
 10
64.0
 20
375.36040114392506
 10
64.0
 20
375.0937344772584
  0
LWPOLYLINE
  5
1B0
330
17
100
AcDbEntity
  8
02-OCULTA
100
AcDbPolyline
 90
20
 70
0
 10
77.0
 20
379.0937344772584
 10
77.0
 20
378.8411028983111
 10
77.0
 20
378.58847131936363
 10
77.0
 20
378.3358397404163
 10
77.0
 20
378.083208161469
 10
77.0
 20
377.83057658252153
 10
77.0
 20
377.5779450035742
 10
77.0
 20
377.3253134246268
 10
77.0
 20
377.0726818456794
 10
77.0
 20
376.8200502667321
 10
77.0
 20
376.5674186877847
 10
77.0
 20
376.3147871088373
 10
77.0
 20
376.06215552989
 10
77.0
 20
375.8095239509426
 10
77.0
 20
375.5568923719952
 10
77.0
 20
375.3042607930479
 10
77.0
 20
375.0516292141005
 10
77.0
 20
374.7989976351531
 10
77.0
 20
374.5463660562058
 10
77.0
 20
374.2937344772584
  0
LINE
  5
1B1
330
17
100
AcDbEntity
  8
02-OCULTA
100
AcDbLine
 10
69.15
 20
231.00020329239484
 30
0.0
 11
69.15
 21
231.39051903112303
 31
0.0
  0
LINE
  5
1B2
330
17
100
AcDbEntity
  8
02-OCULTA
100
AcDbLine
 10
69.15
 20
356.48496556910305
 30
0.0
 11
69.15
 21
356.8752779440232
 31
0.0
  0
LINE
  5
1B3
330
17
100
AcDbEntity
  8
02-OCULTA
100
AcDbLine
 10
69.775
 20
231.00020329239484
 30
0.0
 11
69.775
 21
356.8752779440232
 31
0.0
  0
LWPOLYLINE
  5
1B4
330
17
100
AcDbEntity
  8
02-OCULTA
100
AcDbPolyline
 90
7
 70
0
 10
69.15
 20
356.8752779440232
 10
69.1510558440929
 20
356.9459887857894
 10
69.15464318037887
 20
357.01661658273076
 10
69.16071637102846
 20
357.0870742918451
 10
69.16922412200593
 20
357.15727976967304
 10
69.1801102011093
 20
357.2271561128482
 10
69.19331415630371
 20
357.29663190088803
  0
LWPOLYLINE
  5
1B5
330
17
100
AcDbEntity
  8
02-OCULTA
100
AcDbPolyline
 90
7
 70
0
 10
81.7
 20
362.7502032923949
 10
81.49527730289859
 20
362.726316528622
 10
81.2906752041026
 20
362.7014116903473
 10
81.08602439379952
 20
362.6769102656981
 10
80.88136727825191
 20
362.65246145298306
 10
80.67672506629579
 20
362.627888212731
 10
80.4720956531901
 20
362.603208614692
  0
LWPOLYLINE
  5
1B6
330
17
100
AcDbEntity
  8
02-OCULTA
100
AcDbPolyline
 90
67
 70
0
 10
79.91752928847187
 20
362.5326049588838
 10
80.1685143032947
 20
362.53260495888264
 10
80.41949931811753
 20
362.53260495888264
 10
80.67048433294036
 20
362.5326049588827
 10
80.92146934776319
 20
362.53260495888276
 10
81.17245436258602
 20
362.5326049588828
 10
81.42343937740884
 20
362.53260495888287
 10
81.67442439223167
 20
362.53260495888287
 10
81.9254094070545
 20
362.53260495888287
 10
82.17639442187733
 20
362.53260495888287
 10
82.42737943670016
 20
362.53260495888287
 10
82.67836445152298
 20
362.53260495888287
 10
82.92934946634581
 20
362.53260495888287
 10
83.18033448116864
 20
362.5326049588828
 10
83.43131949599147
 20
362.5326049588828
 10
83.6823045108143
 20
362.53260495888276
 10
83.93328952563714
 20
362.53260495888276
 10
84.18427454045997
 20
362.53260495888276
 10
84.43525955528278
 20
362.53260495888276
 10
84.68624457010561
 20
362.53260495888276
 10
84.93722958492845
 20
362.53260495888276
 10
85.18821459975128
 20
362.53260495888276
 10
85.43919961457411
 20
362.53260495888276
 10
85.69018462939692
 20
362.53260495888276
 10
85.94116964421976
 20
362.53260495888276
 10
86.19215465904259
 20
362.53260495888276
 10
86.44313967386542
 20
362.53260495888276
 10
86.69412468868825
 20
362.53260495888276
 10
86.94510970351108
 20
362.53260495888276
 10
87.19609471833391
 20
362.53260495888276
 10
87.44707973315673
 20
362.53260495888276
 10
87.69806474797956
 20
362.53260495888276
 10
87.94904976280239
 20
362.53260495888276
 10
88.20003477762522
 20
362.5326049588828
 10
88.45101979244805
 20
362.5326049588828
 10
88.70200480727087
 20
362.5326049588828
 10
88.9529898220937
 20
362.5326049588828
 10
89.20397483691653
 20
362.53260495888287
 10
89.45495985173936
 20
362.53260495888287
 10
89.70594486656219
 20
362.53260495888287
 10
89.95692988138501
 20
362.5326049588828
 10
90.20791489620785
 20
362.5326049588828
 10
90.45889991103067
 20
362.5326049588828
 10
90.7098849258535
 20
362.53260495888276
 10
90.96086994067633
 20
362.53260495888276
 10
91.21185495549916
 20
362.53260495888276
 10
91.46283997032198
 20
362.53260495888276
 10
91.71382498514481
 20
362.53260495888276
 10
91.96480999996764
 20
362.5326049588827
 10
92.21579501479047
 20
362.5326049588827
 10
92.4667800296133
 20
362.5326049588827
 10
92.71776504443613
 20
362.5326049588827
 10
92.96875005925897
 20
362.5326049588827
 10
93.21973507408178
 20
362.53260495888276
 10
93.47072008890461
 20
362.53260495888276
 10
93.72170510372744
 20
362.53260495888276
 10
93.97269011855028
 20
362.53260495888276
 10
94.2236751333731
 20
362.53260495888276
 10
94.47466014819594
 20
362.53260495888276
 10
94.72564516301875
 20
362.53260495888276
 10
94.97663017784159
 20
362.53260495888276
 10
95.22761519266442
 20
362.53260495888276
 10
95.47860020748725
 20
362.53260495888276
 10
95.72958522231008
 20
362.53260495888276
 10
95.9805702371329
 20
362.53260495888276
 10
96.23155525195573
 20
362.53260495888276
 10
96.48254026677856
 20
362.53260495888276
  0
LWPOLYLINE
  5
1B7
330
17
100
AcDbEntity
  8
02-OCULTA
100
AcDbPolyline
 90
63
 70
0
 10
96.03706410361185
 20
362.57053781043146
 10
95.78428332345315
 20
362.57053781043146
 10
95.5314710194401
 20
362.57053781043146
 10
95.2786533495351
 20
362.57053781043146
 10
95.0258327685462
 20
362.57053781043146
 10
94.7730215220392
 20
362.57053781043146
 10
94.52021300572467
 20
362.57053781043146
 10
94.26740448941014
 20
362.57053781043146
 10
94.01459597309561
 20
362.57053781043146
 10
93.76178745678108
 20
362.57053781043146
 10
93.50897894046655
 20
362.57053781043146
 10
93.256170424152
 20
362.57053781043146
 10
93.00336190783747
 20
362.57053781043146
 10
92.75055339152294
 20
362.57053781043146
 10
92.49774487520841
 20
362.57053781043146
 10
92.24493635889388
 20
362.57053781043146
 10
91.99212784257935
 20
362.57053781043146
 10
91.73931932626482
 20
362.57053781043146
 10
91.48651080995029
 20
362.57053781043146
 10
91.23370229363576
 20
362.57053781043146
 10
90.98089377732123
 20
362.57053781043146
 10
90.7280852610067
 20
362.57053781043146
 10
90.47527674469217
 20
362.57053781043146
 10
90.22246822837764
 20
362.57053781043146
 10
89.9696597120631
 20
362.57053781043146
 10
89.71685119574857
 20
362.57053781043146
 10
89.46404267943404
 20
362.57053781043146
 10
89.21123416311951
 20
362.57053781043146
 10
88.95842564680498
 20
362.57053781043146
 10
88.70561713049045
 20
362.57053781043146
 10
88.45280861417592
 20
362.57053781043146
 10
88.20000009786139
 20
362.57053781043146
 10
87.94719158154686
 20
362.57053781043146
 10
87.69438306523233
 20
362.57053781043146
 10
87.4415745489178
 20
362.57053781043146
 10
87.18876603260327
 20
362.57053781043146
 10
86.93595751628874
 20
362.57053781043146
 10
86.68314899997421
 20
362.57053781043146
 10
86.43034048365968
 20
362.57053781043146
 10
86.17753196734515
 20
362.57053781043146
 10
85.92472345103062
 20
362.57053781043146
 10
85.67191493471609
 20
362.57053781043146
 10
85.41910641840155
 20
362.57053781043146
 10
85.16629790208702
 20
362.57053781043146
 10
84.9134893857725
 20
362.57053781043146
 10
84.66068086945796
 20
362.57053781043146
 10
84.40787235314343
 20
362.57053781043146
 10
84.1550638368289
 20
362.57053781043146
 10
83.90225532051437
 20
362.57053781043146
 10
83.64944680419984
 20
362.57053781043146
 10
83.39663828788531
 20
362.57053781043146
 10
83.14382977157078
 20
362.57053781043146
 10
82.89102125525625
 20
362.57053781043146
 10
82.63821273894172
 20
362.57053781043146
 10
82.38540422262719
 20
362.57053781043146
 10
82.13259570631264
 20
362.57053781043146
 10
81.87978718999811
 20
362.57053781043146
 10
81.6269786736836
 20
362.57053781043146
 10
81.37417015736905
 20
362.57053781043146
 10
81.12136164105452
 20
362.57053781043146
 10
80.86855312473999
 20
362.57053781043146
 10
80.61574460842547
 20
362.57053781043146
 10
80.36293609211094
 20
362.57053781043135
  0
LINE
  5
1B8
330
17
100
AcDbEntity
  8
02-OCULTA
100
AcDbLine
 10
81.7
 20
362.7502032923949
 30
0.0
 11
81.7
 21
362.30959027323155
 31
0.0
  0
LWPOLYLINE
  5
1B9
330
17
100
AcDbEntity
  8
02-OCULTA
100
AcDbPolyline
 90
56
 70
0
 10
81.7
 20
362.30959027323155
 10
81.44733519538758
 20
362.2797775345369
 10
81.19484113478634
 20
362.2485516806493
 10
80.94252505589216
 20
362.21591884941927
 10
80.69039464820298
 20
362.1818811843209
 10
80.43845815169759
 20
362.1464367820155
 10
80.1867244564036
 20
362.1095796474218
 10
79.93520320346474
 20
362.07129965542975
 10
79.6839048883725
 20
362.031582518479
 10
79.43284096707356
 20
361.9904097593287
 10
79.18202396570373
 20
361.94775868845784
 10
78.93146759472948
 20
361.90360238566336
 10
78.68118686830178
 20
361.8579096855635
 10
78.43119822964245
 20
361.81064516686763
 10
78.18151968328986
 20
361.7617691454441
 10
77.93217093502793
 20
361.7112376714026
 10
77.68317354030872
 20
361.6590025306097
 10
77.43455106195125
 20
361.60501125127996
 10
77.18632923785611
 20
361.5492071165264
 10
76.93853615941237
 20
361.49152918402035
 10
76.6912024611868
 20
361.4319123141991
 10
76.44436152237029
 20
361.3702872087723
 10
76.19804968030546
 20
361.30658046161784
 10
75.95230645622813
 20
361.2407146245185
 10
75.7071747931131
 20
361.17260829057784
 10
75.46270130521472
 20
361.1021761985553
 10
75.21893653852483
 20
361.02932936178047
 10
74.9759352409243
 20
360.95397522572586
 10
74.73375664027103
 20
360.8760178587361
 10
74.49246472803543
 20
360.79535818079853
 10
74.25212854535827
 20
360.71189423559224
 10
74.01282246755665
 20
360.6255215113234
 10
73.77462648214401
 20
360.5361333160297
 10
73.53762645435948
 20
360.44362121306074
 10
73.30194848523541
 20
360.34779313004725
 10
73.06792838933092
 20
360.24798533892067
 10
72.83563216883115
 20
360.1442293339803
 10
72.60523436175153
 20
360.0363244111919
 10
72.3769531758133
 20
359.9240122334555
 10
72.15105774700362
 20
359.8069772342342
 10
71.92787649259964
 20
359.68484795434006
 10
71.70780674192974
 20
359.55719961884097
 10
71.49132571205637
 20
359.42355850166894
 10
71.27900268369399
 20
359.2834089142531
 10
71.07151187582251
 20
359.136203975808
 10
70.86964495552317
 20
358.98138162950374
 10
70.67437514191427
 20
358.81832542572374
 10
70.48758802489606
 20
358.6456308144677
 10
70.3107572989704
 20
358.4627621910991
 10
70.14558737838249
 20
358.26930923979717
 10
69.99449978564927
 20
358.0646880156216
 10
69.86197467320875
 20
357.8476284179633
 10
69.75496366063555
 20
357.61697566957275
 10
69.6709399714871
 20
357.3769138230724
 10
69.61465290407207
 20
357.1290657182167
 10
69.6
 20
356.8752779440232
  0
LWPOLYLINE
  5
1BA
330
17
100
AcDbEntity
  8
02-OCULTA
100
AcDbPolyline
 90
7
 70
0
 10
69.15
 20
231.00020329239484
 10
69.14996330572464
 20
230.93432576732124
 10
69.15041068416818
 20
230.86844967137438
 10
69.1512501140396
 20
230.80257737652326
 10
69.15245927918227
 20
230.73671083602025
 10
69.15407735818043
 20
230.67085310729348
 10
69.1561962375259
 20
230.60500966251732
  0
LWPOLYLINE
  5
1BB
330
17
100
AcDbEntity
  8
02-OCULTA
100
AcDbPolyline
 90
93
 70
0
 10
69.775
 20
231.00020329239484
 10
69.7805194978379
 20
230.74843736032855
 10
69.7967891053527
 20
230.49714215093258
 10
69.82380226043219
 20
230.24677599742034
 10
69.86141547236453
 20
229.99778039713735
 10
69.9093571722642
 20
229.7505611395424
 10
69.96749296803799
 20
229.5055359523157
 10
70.03546411522375
 20
229.2630560251506
 10
70.11282701858991
 20
229.023409455833
 10
70.19933237263182
 20
228.7869090812544
 10
70.29463246687563
 20
228.5538106076633
 10
70.39833083143652
 20
228.32432019470505
 10
70.51030458323297
 20
228.09875073077401
 10
70.62984698042956
 20
227.87710167963348
 10
70.75657541259164
 20
227.65948155220008
 10
70.89011615842641
 20
227.4459723151922
 10
71.03010817942884
 20
227.2366331184424
 10
71.17633152068727
 20
227.03159607350594
 10
71.3284100782064
 20
226.83086385193747
 10
71.48592661941626
 20
226.6343707542185
 10
71.64857635664717
 20
226.4421044567116
 10
71.81606573192052
 20
226.25403714134416
 10
71.98813196742711
 20
226.07014539952345
 10
72.16463359324479
 20
225.89050594353466
 10
72.34518023304233
 20
225.71493360694626
 10
72.52954770328861
 20
225.5433778649849
 10
72.71752061290759
 20
225.37577930815797
 10
72.9088927747606
 20
225.21207095157902
 10
73.10355114206001
 20
225.05228313332407
 10
73.30127583856385
 20
224.89630611217098
 10
73.50186424455362
 20
224.74402990444403
 10
73.70516118761176
 20
224.59538860225507
 10
73.91101784532619
 20
224.4503118165723
 10
74.11931380166232
 20
224.3087582646346
 10
74.32996753891136
 20
224.1707377927256
 10
74.54279336820504
 20
224.0360915502731
 10
74.75768148391049
 20
223.90476164751945
 10
74.97452617812456
 20
223.77668744368333
 10
75.1932258768887
 20
223.6518059340776
 10
75.41373703189277
 20
223.53015114600143
 10
75.63592933361085
 20
223.41159521589427
 10
75.8597078123334
 20
223.29606144915863
 10
76.08499425529304
 20
223.18349613853132
 10
76.31171351627499
 20
223.07384441263386
 10
76.5398121925329
 20
222.9670910398885
 10
76.76923450905527
 20
222.86321289054735
 10
76.99989297995829
 20
222.76210988459226
 10
77.23173582120151
 20
222.6637531878616
 10
77.46471227267665
 20
222.56811210472083
 10
77.69877266715304
 20
222.47515419940433
 10
77.93390503827631
 20
222.38494198870637
 10
78.17002231602456
 20
222.29734067615763
 10
78.40706897216896
 20
222.21228646225444
 10
78.64499199496593
 20
222.12971508115714
 10
78.88374182562808
 20
222.0495649192037
 10
79.1232857996476
 20
221.97181979334687
 10
79.36358016134433
 20
221.8964259957921
 10
79.60456948879651
 20
221.8232844245416
 10
79.84623287313329
 20
221.7524020362017
 10
80.08856905920149
 20
221.6838549298046
 10
80.33158098361488
 20
221.61774297312812
 10
80.57526924963632
 20
221.5541696626177
 10
80.81959863504827
 20
221.49310775268071
 10
81.0645488353107
 20
221.43458633266903
 10
81.3100909181297
 20
221.3785996470718
 10
81.55615557394103
 20
221.324954221667
 10
81.8026602028236
 20
221.2733664106231
 10
82.04954262032088
 20
221.2236171710863
 10
82.29673270286958
 20
221.1754196996423
 10
82.54417967167569
 20
221.1285584581632
 10
82.79183743484771
 20
221.0828236597318
 10
83.03968652073121
 20
221.0381377254412
 10
83.28784616519295
 20
220.995214738807
 10
83.5364583094714
 20
220.95500097242765
 10
83.78562176554613
 20
220.91836285002285
 10
84.03532337447788
 20
220.8855960456912
 10
84.28549182352342
 20
220.8566085610309
 10
84.53604190504501
 20
220.83112407947823
 10
84.78688144258973
 20
220.80865099891608
 10
85.03791579138897
 20
220.78845976122506
 10
85.28904871248085
 20
220.76953186906798
 10
85.54023383045676
 20
220.7513063239733
 10
85.79142723307024
 20
220.73319484932864
 10
86.04255341580354
 20
220.7141805638922
 10
86.2933486372868
 20
220.6913083309962
 10
86.43717352471225
 20
220.63607709746645
 10
86.68894356139631
 20
220.63033973629697
 10
86.94077792357388
 20
220.62803696960498
 10
87.19261986094845
 20
220.62674498575134
 10
87.44446407253754
 20
220.62597510792685
 10
87.69630909642058
 20
220.62549181494109
 10
87.94815453645646
 20
220.62531761861803
 10
88.2
 20
220.62520329239484
  0
LINE
  5
1BC
330
17
100
AcDbEntity
  8
02-OCULTA
100
AcDbLine
 10
81.69500000000001
 20
361.80959027323155
 30
0.0
 11
81.69500000000001
 21
362.7502032923949
 31
0.0
  0
LINE
  5
1BD
330
17
100
AcDbEntity
  8
02-OCULTA
100
AcDbLine
 10
83.10600000000001
 20
361.80959027323155
 30
0.0
 11
83.10600000000001
 21
369.0002032923949
 31
0.0
  0
LINE
  5
1BE
330
17
100
AcDbEntity
  8
02-OCULTA
100
AcDbLine
 10
80.95
 20
362.7502032923949
 30
0.0
 11
80.95
 21
363.250203292395
 31
0.0
  0
LWPOLYLINE
  5
1BF
330
17
100
AcDbEntity
  8
02-OCULTA
100
AcDbPolyline
 90
7
 70
0
 10
68.9625
 20
356.8752779440232
 10
68.97953708671173
 20
356.7458684214184
 10
69.02948729788667
 20
356.6252779438486
 10
69.10894660910742
 20
356.5217245532406
 10
69.21249999994738
 20
356.44226524216106
 10
69.3330904774194
 20
356.3923150308865
 10
69.4625
 20
356.3752779440232
  0
LWPOLYLINE
  5
1C0
330
17
100
AcDbEntity
  8
02-OCULTA
100
AcDbPolyline
 90
150
 70
0
 10
106.9375
 20
357.3752779440232
 10
106.68604638573018
 20
357.3752779440232
 10
106.43454453332261
 20
357.3752779440232
 10
106.18303477146023
 20
357.3752779440232
 10
105.93152085913897
 20
357.3752779440232
 10
105.6800042532474
 20
357.3752779440232
 10
105.42848570111468
 20
357.3752779440232
 10
105.17696564659052
 20
357.3752779440232
 10
104.92544437867846
 20
357.3752779440232
 10
104.67392209788763
 20
357.3752779440232
 10
104.42239932966174
 20
357.3752779440232
 10
104.17088926262792
 20
357.3752779440232
 10
103.9193791955941
 20
357.3752779440232
 10
103.66786912856027
 20
357.3752779440232
 10
103.41635906152645
 20
357.3752779440232
 10
103.16484899449263
 20
357.3752779440232
 10
102.9133389274588
 20
357.3752779440232
 10
102.66182886042498
 20
357.3752779440232
 10
102.41031879339116
 20
357.3752779440232
 10
102.15880872635732
 20
357.3752779440232
 10
101.9072986593235
 20
357.3752779440232
 10
101.65578859228968
 20
357.3752779440232
 10
101.40427852525585
 20
357.3752779440232
 10
101.15276845822203
 20
357.3752779440232
 10
100.90125839118821
 20
357.3752779440232
 10
100.64974832415437
 20
357.3752779440232
 10
100.39823825712055
 20
357.3752779440232
 10
100.14672819008672
 20
357.3752779440232
 10
99.8952181230529
 20
357.3752779440232
 10
99.64370805601908
 20
357.3752779440232
 10
99.39219798898526
 20
357.3752779440232
 10
99.14068792195143
 20
357.3752779440232
 10
98.8891778549176
 20
357.3752779440232
 10
98.63766778788377
 20
357.3752779440232
 10
98.38615772084995
 20
357.3752779440232
 10
98.13464765381613
 20
357.3752779440232
 10
97.88313758678231
 20
357.3752779440232
 10
97.63162751974848
 20
357.3752779440232
 10
97.38011745271466
 20
357.3752779440232
 10
97.12860738568082
 20
357.3752779440232
 10
96.877097318647
 20
357.3752779440232
 10
96.62558725161318
 20
357.3752779440232
 10
96.37407718457935
 20
357.3752779440232
 10
96.12256711754553
 20
357.3752779440232
 10
95.87105705051171
 20
357.3752779440232
 10
95.61954698347787
 20
357.3752779440232
 10
95.36803691644405
 20
357.3752779440232
 10
95.11652684941023
 20
357.3752779440232
 10
94.86501678237641
 20
357.3752779440232
 10
94.61350671534258
 20
357.3752779440232
 10
94.36199664830875
 20
357.3752779440232
 10
94.11048658127493
 20
357.3752779440232
 10
93.8589765142411
 20
357.3752779440232
 10
93.60746644720729
 20
357.3752779440232
 10
93.35595638017345
 20
357.3752779440232
 10
93.10444631313963
 20
357.3752779440232
 10
92.8529362461058
 20
357.3752779440232
 10
92.60142617907198
 20
357.3752779440232
 10
92.34991611203816
 20
357.3752779440232
 10
92.09840604500434
 20
357.3752779440232
 10
91.8468959779705
 20
357.3752779440232
 10
91.59538591093668
 20
357.3752779440232
 10
91.34387584390285
 20
357.3752779440232
 10
91.09236577686903
 20
357.3752779440232
 10
90.84085570983521
 20
357.3752779440232
 10
90.58934564280138
 20
357.3752779440232
 10
90.33783557576756
 20
357.3752779440232
 10
90.08632550873372
 20
357.3752779440232
 10
89.8348154416999
 20
357.3752779440232
 10
89.58330537466608
 20
357.3752779440232
 10
89.33179530763225
 20
357.3752779440232
 10
89.08028524059843
 20
357.3752779440232
 10
88.82877517356461
 20
357.3752779440232
 10
88.57726510653079
 20
357.3752779440232
 10
88.32575503949695
 20
357.3752779440232
 10
88.07424497246313
 20
357.3752779440232
 10
87.8227349054293
 20
357.3752779440232
 10
87.57122483839548
 20
357.3752779440232
 10
87.31971477136166
 20
357.3752779440232
 10
87.06820470432783
 20
357.3752779440232
 10
86.816694637294
 20
357.3752779440232
 10
86.56518457026019
 20
357.3752779440232
 10
86.31367450322635
 20
357.3752779440232
 10
86.06216443619253
 20
357.3752779440232
 10
85.81065436915871
 20
357.3752779440232
 10
85.55914430212488
 20
357.3752779440232
 10
85.30763423509106
 20
357.3752779440232
 10
85.05612416805724
 20
357.3752779440232
 10
84.8046141010234
 20
357.3752779440232
 10
84.55310403398958
 20
357.3752779440232
 10
84.30159396695575
 20
357.3752779440232
 10
84.05008389992193
 20
357.3752779440232
 10
83.79857383288811
 20
357.3752779440232
 10
83.54706376585428
 20
357.3752779440232
 10
83.29555369882046
 20
357.3752779440232
 10
83.04404363178664
 20
357.3752779440232
 10
82.7925335647528
 20
357.3752779440232
 10
82.54102349771898
 20
357.3752779440232
 10
82.28951343068516
 20
357.3752779440232
 10
82.03800336365133
 20
357.3752779440232
 10
81.78649329661751
 20
357.3752779440232
 10
81.53498322958369
 20
357.3752779440232
 10
81.28347316254985
 20
357.3752779440232
 10
81.03196309551603
 20
357.3752779440232
 10
80.78045302848221
 20
357.3752779440232
 10
80.52894296144838
 20
357.3752779440232
 10
80.27743289441456
 20
357.3752779440232
 10
80.02592282738074
 20
357.3752779440232
 10
79.7744127603469
 20
357.3752779440232
 10
79.52290269331309
 20
357.3752779440232
 10
79.27139262627927
 20
357.3752779440232
 10
79.01988255924543
 20
357.3752779440232
 10
78.76837249221161
 20
357.3752779440232
 10
78.51686242517778
 20
357.3752779440232
 10
78.26535235814397
 20
357.3752779440232
 10
78.01384229111014
 20
357.3752779440232
 10
77.76233222407632
 20
357.3752779440232
 10
77.51082215704248
 20
357.3752779440232
 10
77.25931209000866
 20
357.3752779440232
 10
77.00780202297483
 20
357.3752779440232
 10
76.75629195594101
 20
357.3752779440232
 10
76.50478188890719
 20
357.3752779440232
 10
76.25327182187337
 20
357.3752779440232
 10
76.00176175483954
 20
357.3752779440232
 10
75.75025168780572
 20
357.3752779440232
 10
75.49874162077188
 20
357.3752779440232
 10
75.24723155373806
 20
357.3752779440232
 10
74.99572148670424
 20
357.3752779440232
 10
74.74421141967042
 20
357.3752779440232
 10
74.49270135263659
 20
357.3752779440232
 10
74.24119128560277
 20
357.3752779440232
 10
73.98968121856895
 20
357.3752779440232
 10
73.73817115153511
 20
357.3752779440232
 10
73.48666108450129
 20
357.3752779440232
 10
73.23515101746746
 20
357.3752779440232
 10
72.98364095043364
 20
357.3752779440232
 10
72.7321308833998
 20
357.3752779440232
 10
72.48062081636598
 20
357.3752779440232
 10
72.22911074933216
 20
357.3752779440232
 10
71.97760068229834
 20
357.3752779440232
 10
71.72609061526451
 20
357.3752779440232
 10
71.47458054823069
 20
357.3752779440232
 10
71.22307048119686
 20
357.3752779440232
 10
70.97156041416304
 20
357.3752779440232
 10
70.72005034712922
 20
357.3752779440232
 10
70.4685402800954
 20
357.3752779440232
 10
70.21703021306156
 20
357.3752779440232
 10
69.96552014602774
 20
357.3752779440232
 10
69.71401007899392
 20
357.3752779440232
 10
69.46250001196009
 20
357.3752779440232
  0
LWPOLYLINE
  5
1C1
330
17
100
AcDbEntity
  8
02-OCULTA
100
AcDbPolyline
 90
150
 70
0
 10
106.9375
 20
357.3752779440232
 10
106.68598993296618
 20
357.3752779440232
 10
106.43447986593235
 20
357.3752779440232
 10
106.18296979889853
 20
357.3752779440232
 10
105.9314597318647
 20
357.3752779440232
 10
105.67994966483087
 20
357.3752779440232
 10
105.42843959779705
 20
357.3752779440232
 10
105.17692953076323
 20
357.3752779440232
 10
104.9254194637294
 20
357.3752779440232
 10
104.67390939669558
 20
357.3752779440232
 10
104.42239932966174
 20
357.3752779440232
 10
104.17088926262792
 20
357.3752779440232
 10
103.9193791955941
 20
357.3752779440232
 10
103.66786912856028
 20
357.3752779440232
 10
103.41635906152645
 20
357.3752779440232
 10
103.16484899449263
 20
357.3752779440232
 10
102.9133389274588
 20
357.3752779440232
 10
102.66182886042498
 20
357.3752779440232
 10
102.41031879339116
 20
357.3752779440232
 10
102.15880872635732
 20
357.3752779440232
 10
101.9072986593235
 20
357.3752779440232
 10
101.65578859228968
 20
357.3752779440232
 10
101.40427852525585
 20
357.3752779440232
 10
101.15276845822203
 20
357.3752779440232
 10
100.90125839118821
 20
357.3752779440232
 10
100.64974832415437
 20
357.3752779440232
 10
100.39823825712055
 20
357.3752779440232
 10
100.14672819008673
 20
357.3752779440232
 10
99.8952181230529
 20
357.3752779440232
 10
99.64370805601908
 20
357.3752779440232
 10
99.39219798898526
 20
357.3752779440232
 10
99.14068792195143
 20
357.3752779440232
 10
98.8891778549176
 20
357.3752779440232
 10
98.63766778788379
 20
357.3752779440232
 10
98.38615772084995
 20
357.3752779440232
 10
98.13464765381613
 20
357.3752779440232
 10
97.88313758678231
 20
357.3752779440232
 10
97.63162751974848
 20
357.3752779440232
 10
97.38011745271466
 20
357.3752779440232
 10
97.12860738568082
 20
357.3752779440232
 10
96.877097318647
 20
357.3752779440232
 10
96.62558725161318
 20
357.3752779440232
 10
96.37407718457936
 20
357.3752779440232
 10
96.12256711754553
 20
357.3752779440232
 10
95.87105705051171
 20
357.3752779440232
 10
95.61954698347787
 20
357.3752779440232
 10
95.36803691644405
 20
357.3752779440232
 10
95.11652684941023
 20
357.3752779440232
 10
94.86501678237641
 20
357.3752779440232
 10
94.61350671534258
 20
357.3752779440232
 10
94.36199664830875
 20
357.3752779440232
 10
94.11048658127493
 20
357.3752779440232
 10
93.8589765142411
 20
357.3752779440232
 10
93.60746644720729
 20
357.3752779440232
 10
93.35595638017345
 20
357.3752779440232
 10
93.10444631313963
 20
357.3752779440232
 10
92.85293624610581
 20
357.3752779440232
 10
92.60142617907198
 20
357.3752779440232
 10
92.34991611203816
 20
357.3752779440232
 10
92.09840604500434
 20
357.3752779440232
 10
91.84689597797052
 20
357.3752779440232
 10
91.59538591093668
 20
357.3752779440232
 10
91.34387584390285
 20
357.3752779440232
 10
91.09236577686903
 20
357.3752779440232
 10
90.84085570983521
 20
357.3752779440232
 10
90.58934564280139
 20
357.3752779440232
 10
90.33783557576756
 20
357.3752779440232
 10
90.08632550873372
 20
357.3752779440232
 10
89.83481544169992
 20
357.3752779440232
 10
89.58330537466608
 20
357.3752779440232
 10
89.33179530763226
 20
357.3752779440232
 10
89.08028524059843
 20
357.3752779440232
 10
88.82877517356462
 20
357.3752779440232
 10
88.57726510653079
 20
357.3752779440232
 10
88.32575503949697
 20
357.3752779440232
 10
88.07424497246313
 20
357.3752779440232
 10
87.82273490542931
 20
357.3752779440232
 10
87.57122483839548
 20
357.3752779440232
 10
87.31971477136166
 20
357.3752779440232
 10
87.06820470432784
 20
357.3752779440232
 10
86.816694637294
 20
357.3752779440232
 10
86.56518457026019
 20
357.3752779440232
 10
86.31367450322637
 20
357.3752779440232
 10
86.06216443619253
 20
357.3752779440232
 10
85.81065436915871
 20
357.3752779440232
 10
85.55914430212489
 20
357.3752779440232
 10
85.30763423509107
 20
357.3752779440232
 10
85.05612416805724
 20
357.3752779440232
 10
84.80461410102342
 20
357.3752779440232
 10
84.55310403398958
 20
357.3752779440232
 10
84.30159396695576
 20
357.3752779440232
 10
84.05008389992193
 20
357.3752779440232
 10
83.79857383288811
 20
357.3752779440232
 10
83.54706376585429
 20
357.3752779440232
 10
83.29555369882047
 20
357.3752779440232
 10
83.04404363178664
 20
357.3752779440232
 10
82.79253356475282
 20
357.3752779440232
 10
82.541023497719
 20
357.3752779440232
 10
82.28951343068516
 20
357.3752779440232
 10
82.03800336365134
 20
357.3752779440232
 10
81.78649329661751
 20
357.3752779440232
 10
81.53498322958369
 20
357.3752779440232
 10
81.28347316254987
 20
357.3752779440232
 10
81.03196309551605
 20
357.3752779440232
 10
80.78045302848221
 20
357.3752779440232
 10
80.5289429614484
 20
357.3752779440232
 10
80.27743289441456
 20
357.3752779440232
 10
80.02592282738074
 20
357.3752779440232
 10
79.77441276034692
 20
357.3752779440232
 10
79.52290269331309
 20
357.3752779440232
 10
79.27139262627927
 20
357.3752779440232
 10
79.01988255924543
 20
357.3752779440232
 10
78.76837249221161
 20
357.3752779440232
 10
78.51686242517779
 20
357.3752779440232
 10
78.26535235814396
 20
357.3752779440232
 10
78.01384229111014
 20
357.3752779440232
 10
77.76233222407632
 20
357.3752779440232
 10
77.5108221570425
 20
357.3752779440232
 10
77.25931209000866
 20
357.3752779440232
 10
77.00780202297484
 20
357.3752779440232
 10
76.75629195594102
 20
357.3752779440232
 10
76.50478188890719
 20
357.3752779440232
 10
76.25327182187337
 20
357.3752779440232
 10
76.00176175483955
 20
357.3752779440232
 10
75.75025168780572
 20
357.3752779440232
 10
75.4987416207719
 20
357.3752779440232
 10
75.24723155373806
 20
357.3752779440232
 10
74.99572148670424
 20
357.3752779440232
 10
74.74421141967042
 20
357.3752779440232
 10
74.49270135263659
 20
357.3752779440232
 10
74.24119128560277
 20
357.3752779440232
 10
73.98968121856895
 20
357.3752779440232
 10
73.73817115153511
 20
357.3752779440232
 10
73.48666108450129
 20
357.3752779440232
 10
73.23515101746746
 20
357.3752779440232
 10
72.98364095043364
 20
357.3752779440232
 10
72.73213088339982
 20
357.3752779440232
 10
72.48062081636598
 20
357.3752779440232
 10
72.22911074933216
 20
357.3752779440232
 10
71.97760068229834
 20
357.3752779440232
 10
71.72609061526451
 20
357.3752779440232
 10
71.47458054823069
 20
357.3752779440232
 10
71.22307048119687
 20
357.3752779440232
 10
70.97156041416304
 20
357.3752779440232
 10
70.72005034712922
 20
357.3752779440232
 10
70.4685402800954
 20
357.3752779440232
 10
70.21703021306156
 20
357.3752779440232
 10
69.96552014602774
 20
357.3752779440232
 10
69.71401007899392
 20
357.3752779440232
 10
69.46250001196009
 20
357.3752779440232
  0
LWPOLYLINE
  5
1C2
330
17
100
AcDbEntity
  8
02-OCULTA
100
AcDbPolyline
 90
7
 70
0
 10
69.46250001196009
 20
357.3752779440232
 10
69.71250000863768
 20
357.3082906409286
 10
69.89551270588053
 20
357.1252779371164
 10
69.96250000000066
 20
356.87527793804514
 10
69.89551269990844
 20
356.6252779405674
 10
69.71249999828126
 20
356.4422652411261
 10
69.46249999999999
 20
356.3752779440232
  0
LWPOLYLINE
  5
1C3
330
17
100
AcDbEntity
  8
02-OCULTA
100
AcDbPolyline
 90
150
 70
0
 10
69.4625
 20
356.3752779440232
 10
69.71401006711409
 20
356.3752779440232
 10
69.96552013422819
 20
356.3752779440232
 10
70.21703020134228
 20
356.3752779440232
 10
70.46854026845638
 20
356.3752779440232
 10
70.72005033557048
 20
356.3752779440232
 10
70.97156040268456
 20
356.3752779440232
 10
71.22307046979866
 20
356.3752779440232
 10
71.47458053691275
 20
356.3752779440232
 10
71.72609060402684
 20
356.3752779440232
 10
71.97760067114093
 20
356.3752779440232
 10
72.22911073825503
 20
356.3752779440232
 10
72.48062080536913
 20
356.3752779440232
 10
72.73213087248322
 20
356.3752779440232
 10
72.98364093959731
 20
356.3752779440232
 10
73.2351510067114
 20
356.3752779440232
 10
73.4866610738255
 20
356.3752779440232
 10
73.7381711409396
 20
356.3752779440232
 10
73.9896812080537
 20
356.3752779440232
 10
74.24119127516778
 20
356.3752779440232
 10
74.49270134228188
 20
356.3752779440232
 10
74.74421140939597
 20
356.3752779440232
 10
74.99572147651007
 20
356.3752779440232
 10
75.24723154362417
 20
356.3752779440232
 10
75.49874161073825
 20
356.3752779440232
 10
75.75025167785235
 20
356.3752779440232
 10
76.00176174496644
 20
356.3752779440232
 10
76.25327181208054
 20
356.3752779440232
 10
76.50478187919464
 20
356.3752779440232
 10
76.75629194630872
 20
356.3752779440232
 10
77.00780201342282
 20
356.3752779440232
 10
77.25931208053692
 20
356.3752779440232
 10
77.510822147651
 20
356.3752779440232
 10
77.7623322147651
 20
356.3752779440232
 10
78.01384228187919
 20
356.3752779440232
 10
78.26535234899329
 20
356.3752779440232
 10
78.51686241610739
 20
356.3752779440232
 10
78.76837248322148
 20
356.3752779440232
 10
79.01988255033557
 20
356.3752779440232
 10
79.27139261744966
 20
356.3752779440232
 10
79.52290268456376
 20
356.3752779440232
 10
79.77441275167786
 20
356.3752779440232
 10
80.02592281879194
 20
356.3752779440232
 10
80.27743288590604
 20
356.3752779440232
 10
80.52894295302013
 20
356.3752779440232
 10
80.78045302013423
 20
356.3752779440232
 10
81.03196308724833
 20
356.3752779440232
 10
81.28347315436241
 20
356.3752779440232
 10
81.53498322147651
 20
356.3752779440232
 10
81.7864932885906
 20
356.3752779440232
 10
82.0380033557047
 20
356.3752779440232
 10
82.28951342281879
 20
356.3752779440232
 10
82.54102348993288
 20
356.3752779440232
 10
82.79253355704698
 20
356.3752779440232
 10
83.04404362416108
 20
356.3752779440232
 10
83.29555369127517
 20
356.3752779440232
 10
83.54706375838926
 20
356.3752779440232
 10
83.79857382550335
 20
356.3752779440232
 10
84.05008389261745
 20
356.3752779440232
 10
84.30159395973155
 20
356.3752779440232
 10
84.55310402684563
 20
356.3752779440232
 10
84.80461409395973
 20
356.3752779440232
 10
85.05612416107383
 20
356.3752779440232
 10
85.30763422818792
 20
356.3752779440232
 10
85.55914429530202
 20
356.3752779440232
 10
85.81065436241612
 20
356.3752779440232
 10
86.0621644295302
 20
356.3752779440232
 10
86.3136744966443
 20
356.3752779440232
 10
86.5651845637584
 20
356.3752779440232
 10
86.81669463087249
 20
356.3752779440232
 10
87.06820469798657
 20
356.3752779440232
 10
87.31971476510067
 20
356.3752779440232
 10
87.57122483221477
 20
356.3752779440232
 10
87.82273489932886
 20
356.3752779440232
 10
88.07424496644296
 20
356.3752779440232
 10
88.32575503355704
 20
356.3752779440232
 10
88.57726510067114
 20
356.3752779440232
 10
88.82877516778524
 20
356.3752779440232
 10
89.08028523489934
 20
356.3752779440232
 10
89.33179530201343
 20
356.3752779440232
 10
89.58330536912752
 20
356.3752779440232
 10
89.83481543624161
 20
356.3752779440232
 10
90.08632550335571
 20
356.3752779440232
 10
90.3378355704698
 20
356.3752779440232
 10
90.58934563758389
 20
356.3752779440232
 10
90.84085570469799
 20
356.3752779440232
 10
91.09236577181208
 20
356.3752779440232
 10
91.34387583892618
 20
356.3752779440232
 10
91.59538590604028
 20
356.3752779440232
 10
91.84689597315437
 20
356.3752779440232
 10
92.09840604026846
 20
356.3752779440232
 10
92.34991610738255
 20
356.3752779440232
 10
92.60142617449665
 20
356.3752779440232
 10
92.85293624161075
 20
356.3752779440232
 10
93.10444630872483
 20
356.3752779440232
 10
93.35595637583893
 20
356.3752779440232
 10
93.60746644295303
 20
356.3752779440232
 10
93.85897651006711
 20
356.3752779440232
 10
94.1104865771812
 20
356.3752779440232
 10
94.3619966442953
 20
356.3752779440232
 10
94.6135067114094
 20
356.3752779440232
 10
94.8650167785235
 20
356.3752779440232
 10
95.11652684563758
 20
356.3752779440232
 10
95.36803691275168
 20
356.3752779440232
 10
95.61954697986577
 20
356.3752779440232
 10
95.87105704697987
 20
356.3752779440232
 10
96.12256711409397
 20
356.3752779440232
 10
96.37407718120805
 20
356.3752779440232
 10
96.62558724832215
 20
356.3752779440232
 10
96.87709731543625
 20
356.3752779440232
 10
97.12860738255034
 20
356.3752779440232
 10
97.38011744966444
 20
356.3752779440232
 10
97.63162751677854
 20
356.3752779440232
 10
97.88313758389262
 20
356.3752779440232
 10
98.13464765100672
 20
356.3752779440232
 10
98.38615771812081
 20
356.3752779440232
 10
98.6376677852349
 20
356.3752779440232
 10
98.88917785234901
 20
356.3752779440232
 10
99.14068791946309
 20
356.3752779440232
 10
99.39219798657719
 20
356.3752779440232
 10
99.64370805369127
 20
356.3752779440232
 10
99.89521812080537
 20
356.3752779440232
 10
100.14672818791946
 20
356.3752779440232
 10
100.39823825503356
 20
356.3752779440232
 10
100.64974832214766
 20
356.3752779440232
 10
100.90125838926176
 20
356.3752779440232
 10
101.15276845637584
 20
356.3752779440232
 10
101.40427852348995
 20
356.3752779440232
 10
101.65578859060403
 20
356.3752779440232
 10
101.90729865771812
 20
356.3752779440232
 10
102.15880872483221
 20
356.3752779440232
 10
102.41031879194631
 20
356.3752779440232
 10
102.6618288590604
 20
356.3752779440232
 10
102.9133389261745
 20
356.3752779440232
 10
103.1648489932886
 20
356.3752779440232
 10
103.41635906040268
 20
356.3752779440232
 10
103.66786912751678
 20
356.3752779440232
 10
103.91937919463088
 20
356.3752779440232
 10
104.17088926174497
 20
356.3752779440232
 10
104.42239932885906
 20
356.3752779440232
 10
104.67390939597315
 20
356.3752779440232
 10
104.92541946308725
 20
356.3752779440232
 10
105.17692953020135
 20
356.3752779440232
 10
105.42843959731545
 20
356.3752779440232
 10
105.67994966442953
 20
356.3752779440232
 10
105.93145973154363
 20
356.3752779440232
 10
106.18296979865772
 20
356.3752779440232
 10
106.43447986577182
 20
356.3752779440232
 10
106.6859899328859
 20
356.3752779440232
 10
106.9375
 20
356.3752779440232
  0
LWPOLYLINE
  5
1C4
330
17
100
AcDbEntity
  8
02-OCULTA
100
AcDbPolyline
 90
150
 70
0
 10
69.4625
 20
356.3752779440232
 10
69.71396266568172
 20
356.3752779440232
 10
69.9654620789565
 20
356.3752779440232
 10
70.2169674582119
 20
356.3752779440232
 10
70.46847594829792
 20
356.3752779440232
 10
70.7199864457903
 20
356.3752779440232
 10
70.97149838604736
 20
356.3752779440232
 10
71.22301143442313
 20
356.3752779440232
 10
71.47452537341707
 20
356.3752779440232
 10
71.72604005235951
 20
356.3752779440232
 10
71.97755536187282
 20
356.3752779440232
 10
72.22907121965848
 20
356.3752779440232
 10
72.48058756201239
 20
356.3752779440232
 10
72.73210433848152
 20
356.3752779440232
 10
72.9836215083462
 20
356.3752779440232
 10
73.23513903821974
 20
356.3752779440232
 10
73.48665690036003
 20
356.3752779440232
 10
73.7381711409396
 20
356.3752779440232
 10
73.9896812080537
 20
356.3752779440232
 10
74.24119127516778
 20
356.3752779440232
 10
74.49270134228188
 20
356.3752779440232
 10
74.74421140939597
 20
356.3752779440232
 10
74.99572147651007
 20
356.3752779440232
 10
75.24723154362417
 20
356.3752779440232
 10
75.49874161073825
 20
356.3752779440232
 10
75.75025167785235
 20
356.3752779440232
 10
76.00176174496644
 20
356.3752779440232
 10
76.25327181208054
 20
356.3752779440232
 10
76.50478187919464
 20
356.3752779440232
 10
76.75629194630872
 20
356.3752779440232
 10
77.00780201342282
 20
356.3752779440232
 10
77.25931208053692
 20
356.3752779440232
 10
77.51082214765101
 20
356.3752779440232
 10
77.76233221476511
 20
356.3752779440232
 10
78.01384228187919
 20
356.3752779440232
 10
78.26535234899329
 20
356.3752779440232
 10
78.51686241610739
 20
356.3752779440232
 10
78.76837248322148
 20
356.3752779440232
 10
79.01988255033557
 20
356.3752779440232
 10
79.27139261744966
 20
356.3752779440232
 10
79.52290268456376
 20
356.3752779440232
 10
79.77441275167786
 20
356.3752779440232
 10
80.02592281879194
 20
356.3752779440232
 10
80.27743288590604
 20
356.3752779440232
 10
80.52894295302013
 20
356.3752779440232
 10
80.78045302013423
 20
356.3752779440232
 10
81.03196308724833
 20
356.3752779440232
 10
81.28347315436243
 20
356.3752779440232
 10
81.53498322147652
 20
356.3752779440232
 10
81.78649328859062
 20
356.3752779440232
 10
82.0380033557047
 20
356.3752779440232
 10
82.2895134228188
 20
356.3752779440232
 10
82.5410234899329
 20
356.3752779440232
 10
82.792533557047
 20
356.3752779440232
 10
83.04404362416108
 20
356.3752779440232
 10
83.29555369127517
 20
356.3752779440232
 10
83.54706375838927
 20
356.3752779440232
 10
83.79857382550335
 20
356.3752779440232
 10
84.05008389261745
 20
356.3752779440232
 10
84.30159395973155
 20
356.3752779440232
 10
84.55310402684565
 20
356.3752779440232
 10
84.80461409395974
 20
356.3752779440232
 10
85.05612416107384
 20
356.3752779440232
 10
85.30763422818792
 20
356.3752779440232
 10
85.55914429530202
 20
356.3752779440232
 10
85.81065436241612
 20
356.3752779440232
 10
86.06216442953021
 20
356.3752779440232
 10
86.3136744966443
 20
356.3752779440232
 10
86.5651845637584
 20
356.3752779440232
 10
86.81669463087249
 20
356.3752779440232
 10
87.06820469798659
 20
356.3752779440232
 10
87.31971476510068
 20
356.3752779440232
 10
87.57122483221477
 20
356.3752779440232
 10
87.82273489932888
 20
356.3752779440232
 10
88.07424496644296
 20
356.3752779440232
 10
88.32575503355706
 20
356.3752779440232
 10
88.57726510067116
 20
356.3752779440232
 10
88.82877516778524
 20
356.3752779440232
 10
89.08028523489934
 20
356.3752779440232
 10
89.33179530201343
 20
356.3752779440232
 10
89.58330536912752
 20
356.3752779440232
 10
89.83481543624163
 20
356.3752779440232
 10
90.08632550335572
 20
356.3752779440232
 10
90.3378355704698
 20
356.3752779440232
 10
90.5893456375839
 20
356.3752779440232
 10
90.840855704698
 20
356.3752779440232
 10
91.0923657718121
 20
356.3752779440232
 10
91.34387583892618
 20
356.3752779440232
 10
91.59538590604028
 20
356.3752779440232
 10
91.84689597315437
 20
356.3752779440232
 10
92.09840604026846
 20
356.3752779440232
 10
92.34991610738255
 20
356.3752779440232
 10
92.60142617449665
 20
356.3752779440232
 10
92.85293624161075
 20
356.3752779440232
 10
93.10444630872485
 20
356.3752779440232
 10
93.35595637583894
 20
356.3752779440232
 10
93.60746644295304
 20
356.3752779440232
 10
93.85897651006712
 20
356.3752779440232
 10
94.11048657718122
 20
356.3752779440232
 10
94.36199664429532
 20
356.3752779440232
 10
94.6135067114094
 20
356.3752779440232
 10
94.86501677852351
 20
356.3752779440232
 10
95.1165268456376
 20
356.3752779440232
 10
95.36803691275169
 20
356.3752779440232
 10
95.61954697986579
 20
356.3752779440232
 10
95.87105704697987
 20
356.3752779440232
 10
96.12256711409397
 20
356.3752779440232
 10
96.37407718120807
 20
356.3752779440232
 10
96.62558724832216
 20
356.3752779440232
 10
96.87709731543626
 20
356.3752779440232
 10
97.12860738255034
 20
356.3752779440232
 10
97.38011744966445
 20
356.3752779440232
 10
97.63162751677854
 20
356.3752779440232
 10
97.88313758389263
 20
356.3752779440232
 10
98.13464765100673
 20
356.3752779440232
 10
98.38615771812081
 20
356.3752779440232
 10
98.63766778523491
 20
356.3752779440232
 10
98.88917785234901
 20
356.3752779440232
 10
99.14068791946309
 20
356.3752779440232
 10
99.3921979865772
 20
356.3752779440232
 10
99.64370805369128
 20
356.3752779440232
 10
99.89521812080538
 20
356.3752779440232
 10
100.14672818791948
 20
356.3752779440232
 10
100.39823825503356
 20
356.3752779440232
 10
100.64974832214766
 20
356.3752779440232
 10
100.90125838926176
 20
356.3752779440232
 10
101.15276845637585
 20
356.3752779440232
 10
101.40427852348995
 20
356.3752779440232
 10
101.65578859060403
 20
356.3752779440232
 10
101.90729865771813
 20
356.3752779440232
 10
102.15880872483223
 20
356.3752779440232
 10
102.41031879194631
 20
356.3752779440232
 10
102.66182885906042
 20
356.3752779440232
 10
102.9133389261745
 20
356.3752779440232
 10
103.1648489932886
 20
356.3752779440232
 10
103.4163590604027
 20
356.3752779440232
 10
103.66786912751678
 20
356.3752779440232
 10
103.91937919463089
 20
356.3752779440232
 10
104.17088926174497
 20
356.3752779440232
 10
104.42239932885907
 20
356.3752779440232
 10
104.67390939597317
 20
356.3752779440232
 10
104.92541946308725
 20
356.3752779440232
 10
105.17692953020136
 20
356.3752779440232
 10
105.42843959731545
 20
356.3752779440232
 10
105.67994966442954
 20
356.3752779440232
 10
105.93145973154364
 20
356.3752779440232
 10
106.18296979865774
 20
356.3752779440232
 10
106.43447986577183
 20
356.3752779440232
 10
106.68598993288592
 20
356.3752779440232
 10
106.93750000000001
 20
356.3752779440232
  0
LWPOLYLINE
  5
1C5
330
17
100
AcDbEntity
  8
02-OCULTA
100
AcDbPolyline
 90
7
 70
0
 10
68.9625
 20
231.00020329239484
 10
68.97953708684132
 20
230.87079376983039
 10
69.02948729806758
 20
230.75020329234775
 10
69.10894660934116
 20
230.64664990179725
 10
69.21249999996274
 20
230.56719059049527
 10
69.33309047743296
 20
230.5172403792587
 10
69.46249999999999
 20
230.50020329239484
  0
LWPOLYLINE
  5
1C6
330
17
100
AcDbEntity
  8
02-OCULTA
100
AcDbPolyline
 90
150
 70
0
 10
106.9375
 20
231.50020329239484
 10
106.68604638573018
 20
231.50020329239484
 10
106.43454453332261
 20
231.50020329239484
 10
106.18303477146023
 20
231.50020329239484
 10
105.93152085913897
 20
231.50020329239484
 10
105.6800042532474
 20
231.50020329239484
 10
105.42848570111468
 20
231.50020329239484
 10
105.17696564659052
 20
231.50020329239484
 10
104.92544437867846
 20
231.50020329239484
 10
104.67392209788763
 20
231.50020329239484
 10
104.42239932966174
 20
231.50020329239484
 10
104.17088926262792
 20
231.50020329239484
 10
103.9193791955941
 20
231.50020329239484
 10
103.66786912856027
 20
231.50020329239484
 10
103.41635906152645
 20
231.50020329239484
 10
103.16484899449263
 20
231.50020329239484
 10
102.9133389274588
 20
231.50020329239484
 10
102.66182886042498
 20
231.50020329239484
 10
102.41031879339116
 20
231.50020329239484
 10
102.15880872635732
 20
231.50020329239484
 10
101.9072986593235
 20
231.50020329239484
 10
101.65578859228968
 20
231.50020329239484
 10
101.40427852525585
 20
231.50020329239484
 10
101.15276845822203
 20
231.50020329239484
 10
100.90125839118821
 20
231.50020329239484
 10
100.64974832415437
 20
231.50020329239484
 10
100.39823825712055
 20
231.50020329239484
 10
100.14672819008672
 20
231.50020329239484
 10
99.8952181230529
 20
231.50020329239484
 10
99.64370805601908
 20
231.50020329239484
 10
99.39219798898526
 20
231.50020329239484
 10
99.14068792195143
 20
231.50020329239484
 10
98.8891778549176
 20
231.50020329239484
 10
98.63766778788377
 20
231.50020329239484
 10
98.38615772084995
 20
231.50020329239484
 10
98.13464765381613
 20
231.50020329239484
 10
97.88313758678231
 20
231.50020329239484
 10
97.63162751974848
 20
231.50020329239484
 10
97.38011745271466
 20
231.50020329239484
 10
97.12860738568082
 20
231.50020329239484
 10
96.877097318647
 20
231.50020329239484
 10
96.62558725161318
 20
231.50020329239484
 10
96.37407718457935
 20
231.50020329239484
 10
96.12256711754553
 20
231.50020329239484
 10
95.87105705051171
 20
231.50020329239484
 10
95.61954698347787
 20
231.50020329239484
 10
95.36803691644405
 20
231.50020329239484
 10
95.11652684941023
 20
231.50020329239484
 10
94.86501678237641
 20
231.50020329239484
 10
94.61350671534258
 20
231.50020329239484
 10
94.36199664830875
 20
231.50020329239484
 10
94.11048658127493
 20
231.50020329239484
 10
93.8589765142411
 20
231.50020329239484
 10
93.60746644720729
 20
231.50020329239484
 10
93.35595638017345
 20
231.50020329239484
 10
93.10444631313963
 20
231.50020329239484
 10
92.8529362461058
 20
231.50020329239484
 10
92.60142617907198
 20
231.50020329239484
 10
92.34991611203816
 20
231.50020329239484
 10
92.09840604500434
 20
231.50020329239484
 10
91.8468959779705
 20
231.50020329239484
 10
91.59538591093668
 20
231.50020329239484
 10
91.34387584390285
 20
231.50020329239484
 10
91.09236577686903
 20
231.50020329239484
 10
90.84085570983521
 20
231.50020329239484
 10
90.58934564280138
 20
231.50020329239484
 10
90.33783557576756
 20
231.50020329239484
 10
90.08632550873372
 20
231.50020329239484
 10
89.8348154416999
 20
231.50020329239484
 10
89.58330537466608
 20
231.50020329239484
 10
89.33179530763225
 20
231.50020329239484
 10
89.08028524059843
 20
231.50020329239484
 10
88.82877517356461
 20
231.50020329239484
 10
88.57726510653079
 20
231.50020329239484
 10
88.32575503949695
 20
231.50020329239484
 10
88.07424497246313
 20
231.50020329239484
 10
87.8227349054293
 20
231.50020329239484
 10
87.57122483839548
 20
231.50020329239484
 10
87.31971477136166
 20
231.50020329239484
 10
87.06820470432783
 20
231.50020329239484
 10
86.816694637294
 20
231.50020329239484
 10
86.56518457026019
 20
231.50020329239484
 10
86.31367450322635
 20
231.50020329239484
 10
86.06216443619253
 20
231.50020329239484
 10
85.81065436915871
 20
231.50020329239484
 10
85.55914430212488
 20
231.50020329239484
 10
85.30763423509106
 20
231.50020329239484
 10
85.05612416805724
 20
231.50020329239484
 10
84.8046141010234
 20
231.50020329239484
 10
84.55310403398958
 20
231.50020329239484
 10
84.30159396695575
 20
231.50020329239484
 10
84.05008389992193
 20
231.50020329239484
 10
83.79857383288811
 20
231.50020329239484
 10
83.54706376585428
 20
231.50020329239484
 10
83.29555369882046
 20
231.50020329239484
 10
83.04404363178664
 20
231.50020329239484
 10
82.7925335647528
 20
231.50020329239484
 10
82.54102349771898
 20
231.50020329239484
 10
82.28951343068516
 20
231.50020329239484
 10
82.03800336365133
 20
231.50020329239484
 10
81.78649329661751
 20
231.50020329239484
 10
81.53498322958369
 20
231.50020329239484
 10
81.28347316254985
 20
231.50020329239484
 10
81.03196309551603
 20
231.50020329239484
 10
80.78045302848221
 20
231.50020329239484
 10
80.52894296144838
 20
231.50020329239484
 10
80.27743289441456
 20
231.50020329239484
 10
80.02592282738074
 20
231.50020329239484
 10
79.7744127603469
 20
231.50020329239484
 10
79.52290269331309
 20
231.50020329239484
 10
79.27139262627927
 20
231.50020329239484
 10
79.01988255924543
 20
231.50020329239484
 10
78.76837249221161
 20
231.50020329239484
 10
78.51686242517778
 20
231.50020329239484
 10
78.26535235814397
 20
231.50020329239484
 10
78.01384229111014
 20
231.50020329239484
 10
77.76233222407632
 20
231.50020329239484
 10
77.51082215704248
 20
231.50020329239484
 10
77.25931209000866
 20
231.50020329239484
 10
77.00780202297483
 20
231.50020329239484
 10
76.75629195594101
 20
231.50020329239484
 10
76.50478188890719
 20
231.50020329239484
 10
76.25327182187337
 20
231.50020329239484
 10
76.00176175483954
 20
231.50020329239484
 10
75.75025168780572
 20
231.50020329239484
 10
75.49874162077188
 20
231.50020329239484
 10
75.24723155373806
 20
231.50020329239484
 10
74.99572148670424
 20
231.50020329239484
 10
74.74421141967042
 20
231.50020329239484
 10
74.49270135263659
 20
231.50020329239484
 10
74.24119128560277
 20
231.50020329239484
 10
73.98968121856895
 20
231.50020329239484
 10
73.73817115153511
 20
231.50020329239484
 10
73.48666108450129
 20
231.50020329239484
 10
73.23515101746746
 20
231.50020329239484
 10
72.98364095043364
 20
231.50020329239484
 10
72.7321308833998
 20
231.50020329239484
 10
72.48062081636598
 20
231.50020329239484
 10
72.22911074933216
 20
231.50020329239484
 10
71.97760068229834
 20
231.50020329239484
 10
71.72609061526451
 20
231.50020329239484
 10
71.47458054823069
 20
231.50020329239484
 10
71.22307048119686
 20
231.50020329239484
 10
70.97156041416304
 20
231.50020329239484
 10
70.72005034712922
 20
231.50020329239484
 10
70.4685402800954
 20
231.50020329239484
 10
70.21703021306156
 20
231.50020329239484
 10
69.96552014602774
 20
231.50020329239484
 10
69.71401007899392
 20
231.50020329239484
 10
69.46250001196009
 20
231.50020329239484
  0
LWPOLYLINE
  5
1C7
330
17
100
AcDbEntity
  8
02-OCULTA
100
AcDbPolyline
 90
150
 70
0
 10
106.9375
 20
231.50020329239484
 10
106.68598993296618
 20
231.50020329239484
 10
106.43447986593235
 20
231.50020329239484
 10
106.18296979889853
 20
231.50020329239484
 10
105.9314597318647
 20
231.50020329239484
 10
105.67994966483087
 20
231.50020329239484
 10
105.42843959779705
 20
231.50020329239484
 10
105.17692953076323
 20
231.50020329239484
 10
104.9254194637294
 20
231.50020329239484
 10
104.67390939669558
 20
231.50020329239484
 10
104.42239932966174
 20
231.50020329239484
 10
104.17088926262792
 20
231.50020329239484
 10
103.9193791955941
 20
231.50020329239484
 10
103.66786912856028
 20
231.50020329239484
 10
103.41635906152645
 20
231.50020329239484
 10
103.16484899449263
 20
231.50020329239484
 10
102.9133389274588
 20
231.50020329239484
 10
102.66182886042498
 20
231.50020329239484
 10
102.41031879339116
 20
231.50020329239484
 10
102.15880872635732
 20
231.50020329239484
 10
101.9072986593235
 20
231.50020329239484
 10
101.65578859228968
 20
231.50020329239484
 10
101.40427852525585
 20
231.50020329239484
 10
101.15276845822203
 20
231.50020329239484
 10
100.90125839118821
 20
231.50020329239484
 10
100.64974832415437
 20
231.50020329239484
 10
100.39823825712055
 20
231.50020329239484
 10
100.14672819008673
 20
231.50020329239484
 10
99.8952181230529
 20
231.50020329239484
 10
99.64370805601908
 20
231.50020329239484
 10
99.39219798898526
 20
231.50020329239484
 10
99.14068792195143
 20
231.50020329239484
 10
98.8891778549176
 20
231.50020329239484
 10
98.63766778788379
 20
231.50020329239484
 10
98.38615772084995
 20
231.50020329239484
 10
98.13464765381613
 20
231.50020329239484
 10
97.88313758678231
 20
231.50020329239484
 10
97.63162751974848
 20
231.50020329239484
 10
97.38011745271466
 20
231.50020329239484
 10
97.12860738568082
 20
231.50020329239484
 10
96.877097318647
 20
231.50020329239484
 10
96.62558725161318
 20
231.50020329239484
 10
96.37407718457936
 20
231.50020329239484
 10
96.12256711754553
 20
231.50020329239484
 10
95.87105705051171
 20
231.50020329239484
 10
95.61954698347787
 20
231.50020329239484
 10
95.36803691644405
 20
231.50020329239484
 10
95.11652684941023
 20
231.50020329239484
 10
94.86501678237641
 20
231.50020329239484
 10
94.61350671534258
 20
231.50020329239484
 10
94.36199664830875
 20
231.50020329239484
 10
94.11048658127493
 20
231.50020329239484
 10
93.8589765142411
 20
231.50020329239484
 10
93.60746644720729
 20
231.50020329239484
 10
93.35595638017345
 20
231.50020329239484
 10
93.10444631313963
 20
231.50020329239484
 10
92.85293624610581
 20
231.50020329239484
 10
92.60142617907198
 20
231.50020329239484
 10
92.34991611203816
 20
231.50020329239484
 10
92.09840604500434
 20
231.50020329239484
 10
91.84689597797052
 20
231.50020329239484
 10
91.59538591093668
 20
231.50020329239484
 10
91.34387584390285
 20
231.50020329239484
 10
91.09236577686903
 20
231.50020329239484
 10
90.84085570983521
 20
231.50020329239484
 10
90.58934564280139
 20
231.50020329239484
 10
90.33783557576756
 20
231.50020329239484
 10
90.08632550873372
 20
231.50020329239484
 10
89.83481544169992
 20
231.50020329239484
 10
89.58330537466608
 20
231.50020329239484
 10
89.33179530763226
 20
231.50020329239484
 10
89.08028524059843
 20
231.50020329239484
 10
88.82877517356462
 20
231.50020329239484
 10
88.57726510653079
 20
231.50020329239484
 10
88.32575503949697
 20
231.50020329239484
 10
88.07424497246313
 20
231.50020329239484
 10
87.82273490542931
 20
231.50020329239484
 10
87.57122483839548
 20
231.50020329239484
 10
87.31971477136166
 20
231.50020329239484
 10
87.06820470432784
 20
231.50020329239484
 10
86.816694637294
 20
231.50020329239484
 10
86.56518457026019
 20
231.50020329239484
 10
86.31367450322637
 20
231.50020329239484
 10
86.06216443619253
 20
231.50020329239484
 10
85.81065436915871
 20
231.50020329239484
 10
85.55914430212489
 20
231.50020329239484
 10
85.30763423509107
 20
231.50020329239484
 10
85.05612416805724
 20
231.50020329239484
 10
84.80461410102342
 20
231.50020329239484
 10
84.55310403398958
 20
231.50020329239484
 10
84.30159396695576
 20
231.50020329239484
 10
84.05008389992193
 20
231.50020329239484
 10
83.79857383288811
 20
231.50020329239484
 10
83.54706376585429
 20
231.50020329239484
 10
83.29555369882047
 20
231.50020329239484
 10
83.04404363178664
 20
231.50020329239484
 10
82.79253356475282
 20
231.50020329239484
 10
82.541023497719
 20
231.50020329239484
 10
82.28951343068516
 20
231.50020329239484
 10
82.03800336365134
 20
231.50020329239484
 10
81.78649329661751
 20
231.50020329239484
 10
81.53498322958369
 20
231.50020329239484
 10
81.28347316254987
 20
231.50020329239484
 10
81.03196309551605
 20
231.50020329239484
 10
80.78045302848221
 20
231.50020329239484
 10
80.5289429614484
 20
231.50020329239484
 10
80.27743289441456
 20
231.50020329239484
 10
80.02592282738074
 20
231.50020329239484
 10
79.77441276034692
 20
231.50020329239484
 10
79.52290269331309
 20
231.50020329239484
 10
79.27139262627927
 20
231.50020329239484
 10
79.01988255924543
 20
231.50020329239484
 10
78.76837249221161
 20
231.50020329239484
 10
78.51686242517779
 20
231.50020329239484
 10
78.26535235814396
 20
231.50020329239484
 10
78.01384229111014
 20
231.50020329239484
 10
77.76233222407632
 20
231.50020329239484
 10
77.5108221570425
 20
231.50020329239484
 10
77.25931209000866
 20
231.50020329239484
 10
77.00780202297484
 20
231.50020329239484
 10
76.75629195594102
 20
231.50020329239484
 10
76.50478188890719
 20
231.50020329239484
 10
76.25327182187337
 20
231.50020329239484
 10
76.00176175483955
 20
231.50020329239484
 10
75.75025168780572
 20
231.50020329239484
 10
75.4987416207719
 20
231.50020329239484
 10
75.24723155373806
 20
231.50020329239484
 10
74.99572148670424
 20
231.50020329239484
 10
74.74421141967042
 20
231.50020329239484
 10
74.49270135263659
 20
231.50020329239484
 10
74.24119128560277
 20
231.50020329239484
 10
73.98968121856895
 20
231.50020329239484
 10
73.73817115153511
 20
231.50020329239484
 10
73.48666108450129
 20
231.50020329239484
 10
73.23515101746746
 20
231.50020329239484
 10
72.98364095043364
 20
231.50020329239484
 10
72.73213088339982
 20
231.50020329239484
 10
72.48062081636598
 20
231.50020329239484
 10
72.22911074933216
 20
231.50020329239484
 10
71.97760068229834
 20
231.50020329239484
 10
71.72609061526451
 20
231.50020329239484
 10
71.47458054823069
 20
231.50020329239484
 10
71.22307048119687
 20
231.50020329239484
 10
70.97156041416304
 20
231.50020329239484
 10
70.72005034712922
 20
231.50020329239484
 10
70.4685402800954
 20
231.50020329239484
 10
70.21703021306156
 20
231.50020329239484
 10
69.96552014602774
 20
231.50020329239484
 10
69.71401007899392
 20
231.50020329239484
 10
69.46250001196009
 20
231.50020329239484
  0
LWPOLYLINE
  5
1C8
330
17
100
AcDbEntity
  8
02-OCULTA
100
AcDbPolyline
 90
7
 70
0
 10
69.46250001196009
 20
231.50020329239484
 10
69.71250000869033
 20
231.43321598927633
 10
69.89551270594541
 20
231.25020328538028
 10
69.96249999999533
 20
231.00020328622313
 10
69.89551269980477
 20
230.75020328882488
 10
69.71249999843123
 20
230.56719058932632
 10
69.46249999999999
 20
230.50020329239484
  0
LWPOLYLINE
  5
1C9
330
17
100
AcDbEntity
  8
02-OCULTA
100
AcDbPolyline
 90
150
 70
0
 10
69.4625
 20
230.50020329239484
 10
69.71401006711409
 20
230.50020329239484
 10
69.96552013422819
 20
230.50020329239484
 10
70.21703020134228
 20
230.50020329239484
 10
70.46854026845638
 20
230.50020329239484
 10
70.72005033557048
 20
230.50020329239484
 10
70.97156040268456
 20
230.50020329239484
 10
71.22307046979866
 20
230.50020329239484
 10
71.47458053691275
 20
230.50020329239484
 10
71.72609060402684
 20
230.50020329239484
 10
71.97760067114093
 20
230.50020329239484
 10
72.22911073825503
 20
230.50020329239484
 10
72.48062080536913
 20
230.50020329239484
 10
72.73213087248322
 20
230.50020329239484
 10
72.98364093959731
 20
230.50020329239484
 10
73.2351510067114
 20
230.50020329239484
 10
73.4866610738255
 20
230.50020329239484
 10
73.7381711409396
 20
230.50020329239484
 10
73.9896812080537
 20
230.50020329239484
 10
74.24119127516778
 20
230.50020329239484
 10
74.49270134228188
 20
230.50020329239484
 10
74.74421140939597
 20
230.50020329239484
 10
74.99572147651007
 20
230.50020329239484
 10
75.24723154362417
 20
230.50020329239484
 10
75.49874161073825
 20
230.50020329239484
 10
75.75025167785235
 20
230.50020329239484
 10
76.00176174496644
 20
230.50020329239484
 10
76.25327181208054
 20
230.50020329239484
 10
76.50478187919464
 20
230.50020329239484
 10
76.75629194630872
 20
230.50020329239484
 10
77.00780201342282
 20
230.50020329239484
 10
77.25931208053692
 20
230.50020329239484
 10
77.510822147651
 20
230.50020329239484
 10
77.7623322147651
 20
230.50020329239484
 10
78.01384228187919
 20
230.50020329239484
 10
78.26535234899329
 20
230.50020329239484
 10
78.51686241610739
 20
230.50020329239484
 10
78.76837248322148
 20
230.50020329239484
 10
79.01988255033557
 20
230.50020329239484
 10
79.27139261744966
 20
230.50020329239484
 10
79.52290268456376
 20
230.50020329239484
 10
79.77441275167786
 20
230.50020329239484
 10
80.02592281879194
 20
230.50020329239484
 10
80.27743288590604
 20
230.50020329239484
 10
80.52894295302013
 20
230.50020329239484
 10
80.78045302013423
 20
230.50020329239484
 10
81.03196308724833
 20
230.50020329239484
 10
81.28347315436241
 20
230.50020329239484
 10
81.53498322147651
 20
230.50020329239484
 10
81.7864932885906
 20
230.50020329239484
 10
82.0380033557047
 20
230.50020329239484
 10
82.28951342281879
 20
230.50020329239484
 10
82.54102348993288
 20
230.50020329239484
 10
82.79253355704698
 20
230.50020329239484
 10
83.04404362416108
 20
230.50020329239484
 10
83.29555369127517
 20
230.50020329239484
 10
83.54706375838926
 20
230.50020329239484
 10
83.79857382550335
 20
230.50020329239484
 10
84.05008389261745
 20
230.50020329239484
 10
84.30159395973155
 20
230.50020329239484
 10
84.55310402684563
 20
230.50020329239484
 10
84.80461409395973
 20
230.50020329239484
 10
85.05612416107383
 20
230.50020329239484
 10
85.30763422818792
 20
230.50020329239484
 10
85.55914429530202
 20
230.50020329239484
 10
85.81065436241612
 20
230.50020329239484
 10
86.0621644295302
 20
230.50020329239484
 10
86.3136744966443
 20
230.50020329239484
 10
86.5651845637584
 20
230.50020329239484
 10
86.81669463087249
 20
230.50020329239484
 10
87.06820469798657
 20
230.50020329239484
 10
87.31971476510067
 20
230.50020329239484
 10
87.57122483221477
 20
230.50020329239484
 10
87.82273489932886
 20
230.50020329239484
 10
88.07424496644296
 20
230.50020329239484
 10
88.32575503355704
 20
230.50020329239484
 10
88.57726510067114
 20
230.50020329239484
 10
88.82877516778524
 20
230.50020329239484
 10
89.08028523489934
 20
230.50020329239484
 10
89.33179530201343
 20
230.50020329239484
 10
89.58330536912752
 20
230.50020329239484
 10
89.83481543624161
 20
230.50020329239484
 10
90.08632550335571
 20
230.50020329239484
 10
90.3378355704698
 20
230.50020329239484
 10
90.58934563758389
 20
230.50020329239484
 10
90.84085570469799
 20
230.50020329239484
 10
91.09236577181208
 20
230.50020329239484
 10
91.34387583892618
 20
230.50020329239484
 10
91.59538590604028
 20
230.50020329239484
 10
91.84689597315437
 20
230.50020329239484
 10
92.09840604026846
 20
230.50020329239484
 10
92.34991610738255
 20
230.50020329239484
 10
92.60142617449665
 20
230.50020329239484
 10
92.85293624161075
 20
230.50020329239484
 10
93.10444630872483
 20
230.50020329239484
 10
93.35595637583893
 20
230.50020329239484
 10
93.60746644295303
 20
230.50020329239484
 10
93.85897651006711
 20
230.50020329239484
 10
94.1104865771812
 20
230.50020329239484
 10
94.3619966442953
 20
230.50020329239484
 10
94.6135067114094
 20
230.50020329239484
 10
94.8650167785235
 20
230.50020329239484
 10
95.11652684563758
 20
230.50020329239484
 10
95.36803691275168
 20
230.50020329239484
 10
95.61954697986577
 20
230.50020329239484
 10
95.87105704697987
 20
230.50020329239484
 10
96.12256711409397
 20
230.50020329239484
 10
96.37407718120805
 20
230.50020329239484
 10
96.62558724832215
 20
230.50020329239484
 10
96.87709731543625
 20
230.50020329239484
 10
97.12860738255034
 20
230.50020329239484
 10
97.38011744966444
 20
230.50020329239484
 10
97.63162751677854
 20
230.50020329239484
 10
97.88313758389262
 20
230.50020329239484
 10
98.13464765100672
 20
230.50020329239484
 10
98.38615771812081
 20
230.50020329239484
 10
98.6376677852349
 20
230.50020329239484
 10
98.88917785234901
 20
230.50020329239484
 10
99.14068791946309
 20
230.50020329239484
 10
99.39219798657719
 20
230.50020329239484
 10
99.64370805369127
 20
230.50020329239484
 10
99.89521812080537
 20
230.50020329239484
 10
100.14672818791946
 20
230.50020329239484
 10
100.39823825503356
 20
230.50020329239484
 10
100.64974832214766
 20
230.50020329239484
 10
100.90125838926176
 20
230.50020329239484
 10
101.15276845637584
 20
230.50020329239484
 10
101.40427852348995
 20
230.50020329239484
 10
101.65578859060403
 20
230.50020329239484
 10
101.90729865771812
 20
230.50020329239484
 10
102.15880872483221
 20
230.50020329239484
 10
102.41031879194631
 20
230.50020329239484
 10
102.6618288590604
 20
230.50020329239484
 10
102.9133389261745
 20
230.50020329239484
 10
103.1648489932886
 20
230.50020329239484
 10
103.41635906040268
 20
230.50020329239484
 10
103.66786912751678
 20
230.50020329239484
 10
103.91937919463088
 20
230.50020329239484
 10
104.17088926174497
 20
230.50020329239484
 10
104.42239932885906
 20
230.50020329239484
 10
104.67390939597315
 20
230.50020329239484
 10
104.92541946308725
 20
230.50020329239484
 10
105.17692953020135
 20
230.50020329239484
 10
105.42843959731545
 20
230.50020329239484
 10
105.67994966442953
 20
230.50020329239484
 10
105.93145973154363
 20
230.50020329239484
 10
106.18296979865772
 20
230.50020329239484
 10
106.43447986577182
 20
230.50020329239484
 10
106.6859899328859
 20
230.50020329239484
 10
106.9375
 20
230.50020329239484
  0
LWPOLYLINE
  5
1CA
330
17
100
AcDbEntity
  8
02-OCULTA
100
AcDbPolyline
 90
150
 70
0
 10
69.4625
 20
230.50020329239484
 10
69.71396266568172
 20
230.50020329239484
 10
69.9654620789565
 20
230.50020329239484
 10
70.2169674582119
 20
230.50020329239484
 10
70.46847594829792
 20
230.50020329239484
 10
70.7199864457903
 20
230.50020329239484
 10
70.97149838604736
 20
230.50020329239484
 10
71.22301143442313
 20
230.50020329239484
 10
71.47452537341707
 20
230.50020329239484
 10
71.72604005235951
 20
230.50020329239484
 10
71.97755536187282
 20
230.50020329239484
 10
72.22907121965848
 20
230.50020329239484
 10
72.48058756201239
 20
230.50020329239484
 10
72.73210433848152
 20
230.50020329239484
 10
72.9836215083462
 20
230.50020329239484
 10
73.23513903821974
 20
230.50020329239484
 10
73.48665690036003
 20
230.50020329239484
 10
73.7381711409396
 20
230.50020329239484
 10
73.9896812080537
 20
230.50020329239484
 10
74.24119127516778
 20
230.50020329239484
 10
74.49270134228188
 20
230.50020329239484
 10
74.74421140939597
 20
230.50020329239484
 10
74.99572147651007
 20
230.50020329239484
 10
75.24723154362417
 20
230.50020329239484
 10
75.49874161073825
 20
230.50020329239484
 10
75.75025167785235
 20
230.50020329239484
 10
76.00176174496644
 20
230.50020329239484
 10
76.25327181208054
 20
230.50020329239484
 10
76.50478187919464
 20
230.50020329239484
 10
76.75629194630872
 20
230.50020329239484
 10
77.00780201342282
 20
230.50020329239484
 10
77.25931208053692
 20
230.50020329239484
 10
77.51082214765101
 20
230.50020329239484
 10
77.76233221476511
 20
230.50020329239484
 10
78.01384228187919
 20
230.50020329239484
 10
78.26535234899329
 20
230.50020329239484
 10
78.51686241610739
 20
230.50020329239484
 10
78.76837248322148
 20
230.50020329239484
 10
79.01988255033557
 20
230.50020329239484
 10
79.27139261744966
 20
230.50020329239484
 10
79.52290268456376
 20
230.50020329239484
 10
79.77441275167786
 20
230.50020329239484
 10
80.02592281879194
 20
230.50020329239484
 10
80.27743288590604
 20
230.50020329239484
 10
80.52894295302013
 20
230.50020329239484
 10
80.78045302013423
 20
230.50020329239484
 10
81.03196308724833
 20
230.50020329239484
 10
81.28347315436243
 20
230.50020329239484
 10
81.53498322147652
 20
230.50020329239484
 10
81.78649328859062
 20
230.50020329239484
 10
82.0380033557047
 20
230.50020329239484
 10
82.2895134228188
 20
230.50020329239484
 10
82.5410234899329
 20
230.50020329239484
 10
82.792533557047
 20
230.50020329239484
 10
83.04404362416108
 20
230.50020329239484
 10
83.29555369127517
 20
230.50020329239484
 10
83.54706375838927
 20
230.50020329239484
 10
83.79857382550335
 20
230.50020329239484
 10
84.05008389261745
 20
230.50020329239484
 10
84.30159395973155
 20
230.50020329239484
 10
84.55310402684565
 20
230.50020329239484
 10
84.80461409395974
 20
230.50020329239484
 10
85.05612416107384
 20
230.50020329239484
 10
85.30763422818792
 20
230.50020329239484
 10
85.55914429530202
 20
230.50020329239484
 10
85.81065436241612
 20
230.50020329239484
 10
86.06216442953021
 20
230.50020329239484
 10
86.3136744966443
 20
230.50020329239484
 10
86.5651845637584
 20
230.50020329239484
 10
86.81669463087249
 20
230.50020329239484
 10
87.06820469798659
 20
230.50020329239484
 10
87.31971476510068
 20
230.50020329239484
 10
87.57122483221477
 20
230.50020329239484
 10
87.82273489932888
 20
230.50020329239484
 10
88.07424496644296
 20
230.50020329239484
 10
88.32575503355706
 20
230.50020329239484
 10
88.57726510067116
 20
230.50020329239484
 10
88.82877516778524
 20
230.50020329239484
 10
89.08028523489934
 20
230.50020329239484
 10
89.33179530201343
 20
230.50020329239484
 10
89.58330536912752
 20
230.50020329239484
 10
89.83481543624163
 20
230.50020329239484
 10
90.08632550335572
 20
230.50020329239484
 10
90.3378355704698
 20
230.50020329239484
 10
90.5893456375839
 20
230.50020329239484
 10
90.840855704698
 20
230.50020329239484
 10
91.0923657718121
 20
230.50020329239484
 10
91.34387583892618
 20
230.50020329239484
 10
91.59538590604028
 20
230.50020329239484
 10
91.84689597315437
 20
230.50020329239484
 10
92.09840604026846
 20
230.50020329239484
 10
92.34991610738255
 20
230.50020329239484
 10
92.60142617449665
 20
230.50020329239484
 10
92.85293624161075
 20
230.50020329239484
 10
93.10444630872485
 20
230.50020329239484
 10
93.35595637583894
 20
230.50020329239484
 10
93.60746644295304
 20
230.50020329239484
 10
93.85897651006712
 20
230.50020329239484
 10
94.11048657718122
 20
230.50020329239484
 10
94.36199664429532
 20
230.50020329239484
 10
94.6135067114094
 20
230.50020329239484
 10
94.86501677852351
 20
230.50020329239484
 10
95.1165268456376
 20
230.50020329239484
 10
95.36803691275169
 20
230.50020329239484
 10
95.61954697986579
 20
230.50020329239484
 10
95.87105704697987
 20
230.50020329239484
 10
96.12256711409397
 20
230.50020329239484
 10
96.37407718120807
 20
230.50020329239484
 10
96.62558724832216
 20
230.50020329239484
 10
96.87709731543626
 20
230.50020329239484
 10
97.12860738255034
 20
230.50020329239484
 10
97.38011744966445
 20
230.50020329239484
 10
97.63162751677854
 20
230.50020329239484
 10
97.88313758389263
 20
230.50020329239484
 10
98.13464765100673
 20
230.50020329239484
 10
98.38615771812081
 20
230.50020329239484
 10
98.63766778523491
 20
230.50020329239484
 10
98.88917785234901
 20
230.50020329239484
 10
99.14068791946309
 20
230.50020329239484
 10
99.3921979865772
 20
230.50020329239484
 10
99.64370805369128
 20
230.50020329239484
 10
99.89521812080538
 20
230.50020329239484
 10
100.14672818791948
 20
230.50020329239484
 10
100.39823825503356
 20
230.50020329239484
 10
100.64974832214766
 20
230.50020329239484
 10
100.90125838926176
 20
230.50020329239484
 10
101.15276845637585
 20
230.50020329239484
 10
101.40427852348995
 20
230.50020329239484
 10
101.65578859060403
 20
230.50020329239484
 10
101.90729865771813
 20
230.50020329239484
 10
102.15880872483223
 20
230.50020329239484
 10
102.41031879194631
 20
230.50020329239484
 10
102.66182885906042
 20
230.50020329239484
 10
102.9133389261745
 20
230.50020329239484
 10
103.1648489932886
 20
230.50020329239484
 10
103.4163590604027
 20
230.50020329239484
 10
103.66786912751678
 20
230.50020329239484
 10
103.91937919463089
 20
230.50020329239484
 10
104.17088926174497
 20
230.50020329239484
 10
104.42239932885907
 20
230.50020329239484
 10
104.67390939597317
 20
230.50020329239484
 10
104.92541946308725
 20
230.50020329239484
 10
105.17692953020136
 20
230.50020329239484
 10
105.42843959731545
 20
230.50020329239484
 10
105.67994966442954
 20
230.50020329239484
 10
105.93145973154364
 20
230.50020329239484
 10
106.18296979865774
 20
230.50020329239484
 10
106.43447986577183
 20
230.50020329239484
 10
106.68598993288592
 20
230.50020329239484
 10
106.93750000000001
 20
230.50020329239484
  0
LWPOLYLINE
  5
1CB
330
17
100
AcDbEntity
  8
02-OCULTA
100
AcDbPolyline
 90
7
 70
0
 10
80.45
 20
362.7502032923949
 10
80.46703708671173
 20
362.62079376979005
 10
80.51698729788667
 20
362.50020329222025
 10
80.59644660910743
 20
362.39664990161225
 10
80.69999999994738
 20
362.31719059053273
 10
80.8205904774194
 20
362.26724037925817
 10
80.95
 20
362.2502032923949
  0
LWPOLYLINE
  5
1CC
330
17
100
AcDbEntity
  8
02-OCULTA
100
AcDbPolyline
 90
58
 70
0
 10
95.45
 20
363.2502032923949
 10
95.19563942670604
 20
363.2502032923949
 10
94.94124858694308
 20
363.2502032923949
 10
94.68685256199296
 20
363.2502032923949
 10
94.4324561408035
 20
363.2502032923949
 10
94.17807017600437
 20
363.2502032923949
 10
93.92368421120524
 20
363.2502032923949
 10
93.66929824640611
 20
363.2502032923949
 10
93.41491228160699
 20
363.2502032923949
 10
93.16052631680787
 20
363.2502032923949
 10
92.90614035200875
 20
363.2502032923949
 10
92.65175438720962
 20
363.2502032923949
 10
92.3973684224105
 20
363.2502032923949
 10
92.14298245761137
 20
363.2502032923949
 10
91.88859649281224
 20
363.2502032923949
 10
91.63421052801311
 20
363.2502032923949
 10
91.37982456321399
 20
363.2502032923949
 10
91.12543859841486
 20
363.2502032923949
 10
90.87105263361573
 20
363.2502032923949
 10
90.6166666688166
 20
363.2502032923949
 10
90.36228070401748
 20
363.2502032923949
 10
90.10789473921835
 20
363.2502032923949
 10
89.85350877441924
 20
363.2502032923949
 10
89.59912280962011
 20
363.2502032923949
 10
89.34473684482099
 20
363.2502032923949
 10
89.09035088002186
 20
363.2502032923949
 10
88.83596491522273
 20
363.2502032923949
 10
88.5815789504236
 20
363.2502032923949
 10
88.32719298562448
 20
363.2502032923949
 10
88.07280702082535
 20
363.2502032923949
 10
87.81842105602622
 20
363.2502032923949
 10
87.5640350912271
 20
363.2502032923949
 10
87.30964912642797
 20
363.2502032923949
 10
87.05526316162884
 20
363.2502032923949
 10
86.80087719682972
 20
363.2502032923949
 10
86.5464912320306
 20
363.2502032923949
 10
86.29210526723148
 20
363.2502032923949
 10
86.03771930243235
 20
363.2502032923949
 10
85.78333333763322
 20
363.2502032923949
 10
85.5289473728341
 20
363.2502032923949
 10
85.27456140803497
 20
363.2502032923949
 10
85.02017544323584
 20
363.2502032923949
 10
84.76578947843672
 20
363.2502032923949
 10
84.51140351363759
 20
363.2502032923949
 10
84.25701754883846
 20
363.2502032923949
 10
84.00263158403934
 20
363.2502032923949
 10
83.74824561924021
 20
363.2502032923949
 10
83.49385965444108
 20
363.2502032923949
 10
83.23947368964197
 20
363.2502032923949
 10
82.98508772484284
 20
363.2502032923949
 10
82.73070176004371
 20
363.2502032923949
 10
82.47631579524459
 20
363.2502032923949
 10
82.22192983044546
 20
363.2502032923949
 10
81.96754386564633
 20
363.2502032923949
 10
81.71315790084721
 20
363.2502032923949
 10
81.45877193604808
 20
363.2502032923949
 10
81.20438597124895
 20
363.2502032923949
 10
80.95000000644983
 20
363.2502032923949
  0
LWPOLYLINE
  5
1CD
330
17
100
AcDbEntity
  8
02-OCULTA
100
AcDbPolyline
 90
7
 70
0
 10
80.95000000644983
 20
363.2502032923949
 10
81.19997956072902
 20
363.1832277942691
 10
81.38298909582022
 20
363.0002441748595
 10
81.44999999498047
 20
362.7502741080534
 10
81.38305990571989
 20
362.50028506969664
 10
81.20010221078978
 20
362.31724961774574
 10
80.9501416381481
 20
362.2502033124495
  0
LWPOLYLINE
  5
1CE
330
17
100
AcDbEntity
  8
02-OCULTA
100
AcDbPolyline
 90
59
 70
0
 10
80.95
 20
362.2502032923949
 10
81.19999794731055
 20
362.2502032923949
 10
81.45
 20
362.2502032923949
 10
81.7
 20
362.2502032923949
 10
81.95
 20
362.2502032923949
 10
82.2
 20
362.2502032923949
 10
82.45
 20
362.2502032923949
 10
82.7
 20
362.2502032923949
 10
82.95
 20
362.2502032923949
 10
83.2
 20
362.2502032923949
 10
83.45
 20
362.2502032923949
 10
83.7
 20
362.2502032923949
 10
83.95
 20
362.2502032923949
 10
84.2
 20
362.2502032923949
 10
84.45
 20
362.2502032923949
 10
84.7
 20
362.2502032923949
 10
84.95
 20
362.2502032923949
 10
85.2
 20
362.2502032923949
 10
85.45
 20
362.2502032923949
 10
85.7
 20
362.2502032923949
 10
85.95
 20
362.2502032923949
 10
86.2
 20
362.2502032923949
 10
86.45
 20
362.2502032923949
 10
86.7
 20
362.2502032923949
 10
86.95
 20
362.2502032923949
 10
87.2
 20
362.2502032923949
 10
87.45
 20
362.2502032923949
 10
87.7
 20
362.2502032923949
 10
87.95
 20
362.2502032923949
 10
88.2
 20
362.2502032923949
 10
88.45
 20
362.2502032923949
 10
88.7
 20
362.2502032923949
 10
88.95
 20
362.2502032923949
 10
89.2
 20
362.2502032923949
 10
89.45
 20
362.2502032923949
 10
89.7
 20
362.2502032923949
 10
89.95
 20
362.2502032923949
 10
90.2
 20
362.2502032923949
 10
90.45
 20
362.2502032923949
 10
90.7
 20
362.2502032923949
 10
90.95
 20
362.2502032923949
 10
91.2
 20
362.2502032923949
 10
91.45
 20
362.2502032923949
 10
91.7
 20
362.2502032923949
 10
91.95
 20
362.2502032923949
 10
92.2
 20
362.2502032923949
 10
92.45
 20
362.2502032923949
 10
92.7
 20
362.2502032923949
 10
92.95
 20
362.2502032923949
 10
93.2
 20
362.2502032923949
 10
93.45
 20
362.2502032923949
 10
93.7
 20
362.2502032923949
 10
93.95
 20
362.2502032923949
 10
94.2
 20
362.2502032923949
 10
94.45
 20
362.2502032923949
 10
94.7
 20
362.2502032923949
 10
94.95
 20
362.2502032923949
 10
95.2
 20
362.2502032923949
 10
95.45
 20
362.2502032923949
  0
LWPOLYLINE
  5
1CF
330
17
100
AcDbEntity
  8
02-OCULTA
100
AcDbPolyline
 90
59
 70
0
 10
80.95
 20
362.2502032923949
 10
81.2
 20
362.2502032923949
 10
81.45
 20
362.2502032923949
 10
81.7
 20
362.2502032923949
 10
81.95
 20
362.2502032923949
 10
82.2
 20
362.2502032923949
 10
82.45
 20
362.2502032923949
 10
82.7
 20
362.2502032923949
 10
82.95
 20
362.2502032923949
 10
83.2
 20
362.2502032923949
 10
83.45
 20
362.2502032923949
 10
83.7
 20
362.2502032923949
 10
83.95
 20
362.2502032923949
 10
84.2
 20
362.2502032923949
 10
84.45
 20
362.2502032923949
 10
84.7
 20
362.2502032923949
 10
84.95
 20
362.2502032923949
 10
85.2
 20
362.2502032923949
 10
85.45
 20
362.2502032923949
 10
85.7
 20
362.2502032923949
 10
85.95
 20
362.2502032923949
 10
86.2
 20
362.2502032923949
 10
86.45
 20
362.2502032923949
 10
86.7
 20
362.2502032923949
 10
86.95
 20
362.2502032923949
 10
87.2
 20
362.2502032923949
 10
87.45
 20
362.2502032923949
 10
87.7
 20
362.2502032923949
 10
87.95
 20
362.2502032923949
 10
88.2
 20
362.2502032923949
 10
88.45
 20
362.2502032923949
 10
88.7
 20
362.2502032923949
 10
88.95
 20
362.2502032923949
 10
89.2
 20
362.2502032923949
 10
89.45
 20
362.2502032923949
 10
89.7
 20
362.2502032923949
 10
89.95
 20
362.2502032923949
 10
90.2
 20
362.2502032923949
 10
90.45
 20
362.2502032923949
 10
90.7
 20
362.2502032923949
 10
90.95
 20
362.2502032923949
 10
91.2
 20
362.2502032923949
 10
91.45
 20
362.2502032923949
 10
91.7
 20
362.2502032923949
 10
91.95
 20
362.2502032923949
 10
92.2
 20
362.2502032923949
 10
92.45
 20
362.2502032923949
 10
92.7
 20
362.2502032923949
 10
92.95
 20
362.2502032923949
 10
93.2
 20
362.2502032923949
 10
93.45
 20
362.2502032923949
 10
93.7
 20
362.2502032923949
 10
93.95
 20
362.2502032923949
 10
94.2
 20
362.2502032923949
 10
94.45
 20
362.2502032923949
 10
94.7
 20
362.2502032923949
 10
94.95
 20
362.2502032923949
 10
95.2
 20
362.2502032923949
 10
95.45
 20
362.2502032923949
  0
LINE
  5
1D0
330
17
100
AcDbEntity
  8
02-OCULTA
100
AcDbLine
 10
84.10600000000001
 20
369.0002032923949
 30
0.0
 11
84.10600000000001
 21
373.0002032923949
 31
0.0
  0
LINE
  5
1D1
330
17
100
AcDbEntity
  8
02-OCULTA
100
AcDbLine
 10
83.10600000000001
 20
364.2002032923948
 30
0.0
 11
83.10600000000001
 21
369.0002032923949
 31
0.0
  0
LINE
  5
1D2
330
17
100
AcDbEntity
  8
02-OCULTA
100
AcDbLine
 10
84.306
 20
364.2002032923948
 30
0.0
 11
84.306
 21
369.0002032923949
 31
0.0
  0
LINE
  5
1D3
330
17
100
AcDbEntity
  8
02-OCULTA
100
AcDbLine
 10
82.2
 20
379.4937344772584
 30
0.0
 11
81.23403181060183
 21
379.4937344772584
 31
0.0
  0
LINE
  5
1D4
330
17
100
AcDbEntity
  8
02-OCULTA
100
AcDbLine
 10
86.60000000000001
 20
383.0531495348622
 30
0.0
 11
86.60000000000001
 21
384.75314953486213
 31
0.0
  0
LWPOLYLINE
  5
1D5
330
17
100
AcDbEntity
  8
02-OCULTA
100
AcDbPolyline
 90
19
 70
0
 10
95.02370185762429
 20
377.24320458928133
 10
94.83160222947005
 20
377.42250383138094
 10
94.65570422307452
 20
377.61772262330635
 10
94.49732209867297
 20
377.8274023503461
 10
94.35763924133809
 20
378.0499763487197
 10
94.23769931623842
 20
378.28378160895693
 10
94.13839847804498
 20
378.5270712077836
 10
94.06047867504427
 20
378.7780273586345
 10
94.0045220959426
 20
379.03477499076934
 10
93.97094684731175
 20
379.29539576518306
 10
93.9600037779824
 20
379.5579423983439
 10
93.97177465487499
 20
379.82045322063436
 10
94.00617152946465
 20
380.0809668294318
 10
94.06293739514581
 20
380.3375367455801
 10
94.14164812918088
 20
380.5882459510227
 10
94.24171561333253
 20
380.831221225415
 10
94.36239217782517
 20
381.0646471283153
 10
94.50277616137811
 20
381.28677957193645
 10
94.66181865780997
 20
381.4959588484198
  0
LINE
  5
1D6
330
17
100
AcDbEntity
  8
02-OCULTA
100
AcDbLine
 10
85.8
 20
229.62520329239484
 30
0.0
 11
85.8
 21
364.2002032923948
 31
0.0
  0
LINE
  5
1D7
330
17
100
AcDbEntity
  8
02-OCULTA
100
AcDbLine
 10
86.4
 20
229.62520329239484
 30
0.0
 11
86.4
 21
364.2002032923948
 31
0.0
  0
LINE
  5
1D8
330
17
100
AcDbEntity
  8
01-VISIBLE
100
AcDbLine
 10
107.25
 20
231.00020329239484
 30
0.0
 11
107.25
 21
356.8752779440232
 31
0.0
  0
LWPOLYLINE
  5
1D9
330
17
100
AcDbEntity
  8
01-VISIBLE
100
AcDbPolyline
 90
63
 70
0
 10
107.25
 20
356.8752779440232
 10
107.2348724025998
 20
357.12568548482955
 10
107.18960451365201
 20
357.3724382362147
 10
107.1167720921477
 20
357.61253321668295
 10
107.01982138925555
 20
357.84396468567166
 10
106.90160687054347
 20
358.0653107511655
 10
106.76537593708663
 20
358.2760708042148
 10
106.61424421830853
 20
358.47643400266537
 10
106.45063747407467
 20
358.66676081887977
 10
106.27659932990548
 20
358.84761023286615
 10
106.09377709097373
 20
359.0195832545892
 10
105.90350663545733
 20
359.1832852323471
 10
105.70695673953043
 20
359.3393980597863
 10
105.50499953526177
 20
359.48845380657275
 10
105.29836454114081
 20
359.63095794420235
 10
105.08769449080451
 20
359.7674293116693
 10
104.87347654245045
 20
359.89826345008487
 10
104.65612940636845
 20
360.023832830925
 10
104.43603287285498
 20
360.1445201118237
 10
104.21348472729937
 20
360.260625772693
 10
103.98873158614715
 20
360.3724045787897
 10
103.7620025470338
 20
360.48012028166306
 10
103.53349944929401
 20
360.58402049103097
 10
103.30338409648452
 20
360.6843000901587
 10
103.07180349167118
 20
360.7811486363653
 10
102.83889420012504
 20
360.8747574536691
 10
102.60476884074565
 20
360.9652822731089
 10
102.3695129788215
 20
361.0528275363297
 10
102.13320776534356
 20
361.13749988311076
 10
101.89593155584508
 20
361.21941219320627
 10
101.65776443265572
 20
361.29869729451633
 10
101.41878940836517
 20
361.37551342882364
 10
101.17908125250854
 20
361.4500107122855
 10
100.93870653510712
 20
361.52232873521206
 10
100.69771558927643
 20
361.5925660067266
 10
100.45610378261969
 20
361.66063650461786
 10
100.21386007092279
 20
361.7264225660637
 10
99.97098947585565
 20
361.7898550488343
 10
99.72751184634242
 20
361.8509161461584
 10
99.4834999495828
 20
361.9098073657369
 10
99.2390905083905
 20
361.96702755717985
 10
98.99439761573552
 20
362.0230240244713
 10
98.74952162639255
 20
362.07821483748586
 10
98.50456387850376
 20
362.1330418836119
 10
98.25939303055412
 20
362.18690476317045
 10
98.01360569191154
 20
362.23787291415726
 10
97.76706426701726
 20
362.2850576613776
 10
97.51988238399646
 20
362.3287678749632
 10
97.27223036255205
 20
362.36973501540217
 10
97.02428768229285
 20
362.4089089979372
 10
96.77620723341141
 20
362.4472022123339
 10
96.52808288182189
 20
362.48521026844367
 10
96.28002809509732
 20
362.52366846244973
 10
96.03283272414834
 20
362.5669536050524
 10
96.27221114207558
 20
362.55141232136015
 10
96.44725572871103
 20
362.5387768295773
 10
96.19897724155534
 20
362.5702080416281
 10
95.95010291328738
 20
362.60052600871154
 10
95.69963093304887
 20
362.6307286543599
 10
95.45139395753877
 20
362.66050950174275
 10
95.19766283152049
 20
362.69085470383516
 10
94.95352462445413
 20
362.71999163560366
 10
94.705
 20
362.74960782772496
  0
LWPOLYLINE
  5
1DA
330
17
100
AcDbEntity
  8
01-VISIBLE
100
AcDbPolyline
 90
97
 70
0
 10
88.2
 20
220.00020329239484
 10
88.45028411224341
 20
220.00114980575609
 10
88.70055386582355
 20
220.00399262868348
 10
88.95079480836004
 20
220.0087361037803
 10
89.2009924043236
 20
220.0153837907246
 10
89.45113205638414
 20
220.02393845844327
 10
89.7011991270679
 20
220.0344020789932
 10
89.95117896063873
 20
220.04677582318297
 10
90.20105689548684
 20
220.0610602185234
 10
90.4508180753651
 20
220.0772582829838
 10
90.70044735122796
 20
220.0953758608542
 10
90.94992939051981
 20
220.11541910609563
 10
91.19924867297023
 20
220.13739437638586
 10
91.44838948099083
 20
220.16130822728275
 10
91.69733589011814
 20
220.18716740613556
 10
91.9460717593857
 20
220.21497884677552
 10
92.19458061842174
 20
220.2447505136527
 10
92.44284544751807
 20
220.27649284411706
 10
92.69084888036254
 20
220.3102166323474
 10
92.93857324924117
 20
220.34593258524
 10
93.18600058342966
 20
220.38365130876798
 10
93.4331126080145
 20
220.42338329394306
 10
93.67989074316867
 20
220.46513890238597
 10
93.92631601122036
 20
220.5089288656623
 10
94.17236839346947
 20
220.55476762688997
 10
94.41802709368258
 20
220.6026713107271
 10
94.66327081694783
 20
220.65265599896108
 10
94.90807776552384
 20
220.7047377001878
 10
95.15242563392125
 20
220.7589323269779
 10
95.39629160474495
 20
220.81525567209388
 10
95.63965228093423
 20
220.87372364834573
 10
95.8824827998508
 20
220.93435575081247
 10
96.1247569335138
 20
220.9971741111301
 10
96.3664476945521
 20
221.06220077888418
 10
96.60752734499944
 20
221.1294576200082
 10
96.84796739117218
 20
221.1989662783148
 10
97.08773858012914
 20
221.2707481352124
 10
97.32681078891807
 20
221.34482461509566
 10
97.56515153025315
 20
221.42122174503035
 10
97.80272613749595
 20
221.49996893820105
 10
98.03949880103455
 20
221.58109540650034
 10
98.27543258594022
 20
221.66463001279334
 10
98.51048942634235
 20
221.75060120553724
 10
98.7446301231072
 20
221.83903694983505
 10
98.97781391786718
 20
221.92996574064824
 10
99.20999594813946
 20
222.0234227265669
 10
99.44112860709936
 20
222.11944549950496
 10
99.67116262028034
 20
222.21807108766504
 10
99.90004704140044
 20
222.31933583910106
 10
100.12772925140273
 20
222.42327530704725
 10
100.35415493046791
 20
222.52992420036506
 10
100.57926547934346
 20
222.63932155414514
 10
100.80299584266105
 20
222.75151436738665
 10
101.02527806796508
 20
222.8665494772442
 10
101.24604169337654
 20
222.98447252874485
 10
101.46521375583035
 20
223.10532777472181
 10
101.68271881481414
 20
223.22915786291065
 10
101.89847715141384
 20
223.3560067200305
 10
102.1123999640838
 20
223.48592695261016
 10
102.32439354157327
 20
223.61897168869365
 10
102.53436048590407
 20
223.75519210181415
 10
102.74219974423579
 20
223.8946370704843
 10
102.94780666917855
 20
224.0373528193735
 10
103.15106834930518
 20
224.1833891200066
 10
103.3518536999399
 20
224.3328115429321
 10
103.55002363191176
 20
224.48568533852392
 10
103.74543354370132
 20
224.64207134725248
 10
103.93793352064667
 20
224.8020253117842
 10
104.12736872982595
 20
224.96559702522205
 10
104.31358207482012
 20
225.13282707000744
 10
104.49641253243811
 20
225.30374871598303
 10
104.6756911877779
 20
225.47839186424113
 10
104.85124106668418
 20
225.65678238614166
 10
105.02287720414898
 20
225.83894121720925
 10
105.19037800394383
 20
226.02490908333112
 10
105.35343562193593
 20
226.21478397126089
 10
105.51172224911107
 20
226.40865323381283
 10
105.66490616401595
 20
226.6065782715007
 10
105.81265541645507
 20
226.8085918339072
 10
105.95472165141615
 20
227.0146416110873
 10
106.09108911884516
 20
227.2245068067774
 10
106.22174635991367
 20
227.43797402712403
 10
106.34663226212895
 20
227.6548682091147
 10
106.46562403138984
 20
227.87505089712965
 10
106.5780635420428
 20
228.09864698590886
 10
106.6825689578413
 20
228.32605521649933
 10
106.77796017895363
 20
228.55743129336716
 10
106.86345792781941
 20
228.79264133821064
 10
106.93894190575925
 20
229.0312566402599
 10
107.00619631191506
 20
229.27232847724332
 10
107.06716229627267
 20
229.51507062769542
 10
107.12316983842805
 20
229.75900665283345
 10
107.1751971764465
 20
230.0038232099039
 10
107.21684192617478
 20
230.2505623785648
 10
107.23897488702528
 20
230.49981527341743
 10
107.2478603270091
 20
230.74992969382598
 10
107.25
 20
231.00020329239484
  0
LINE
  5
1DB
330
17
100
AcDbEntity
  8
01-VISIBLE
100
AcDbLine
 10
95.45
 20
362.7502032923949
 30
0.0
 11
95.45
 21
369.0002032923949
 31
0.0
  0
LINE
  5
1DC
330
17
100
AcDbEntity
  8
01-VISIBLE
100
AcDbLine
 10
87.45
 20
231.50020329239484
 30
0.0
 11
87.45
 21
356.3752779440232
 31
0.0
  0
LINE
  5
1DD
330
17
100
AcDbEntity
  8
01-VISIBLE
100
AcDbLine
 10
87.45
 20
231.50020329239484
 30
0.0
 11
88.95
 21
231.50020329239484
 31
0.0
  0
LINE
  5
1DE
330
17
100
AcDbEntity
  8
01-VISIBLE
100
AcDbLine
 10
88.95
 20
231.50020329239484
 30
0.0
 11
88.95
 21
356.3752779440232
 31
0.0
  0
LINE
  5
1DF
330
17
100
AcDbEntity
  8
01-VISIBLE
100
AcDbLine
 10
87.45
 20
356.3752779440232
 30
0.0
 11
88.95
 21
356.3752779440232
 31
0.0
  0
LWPOLYLINE
  5
1E0
330
17
100
AcDbEntity
  8
01-VISIBLE
100
AcDbPolyline
 90
19
 70
0
 10
79.75
 20
373.0002032923949
 10
80.00205117564762
 20
373.0002032923949
 10
80.25410235129523
 20
373.0002032923949
 10
80.50615352694285
 20
373.0002032923949
 10
80.75820470259046
 20
373.0002032923949
 10
81.01025587823808
 20
373.0002032923949
 10
81.26230705388569
 20
373.0002032923949
 10
81.51435822953331
 20
373.0002032923949
 10
81.76640940518092
 20
373.0002032923949
 10
82.01846058082853
 20
373.0002032923949
 10
82.27051175647615
 20
373.0002032923949
 10
82.52256293212376
 20
373.0002032923949
 10
82.77461410777138
 20
373.0002032923949
 10
83.02666528341899
 20
373.0002032923949
 10
83.27871645906662
 20
373.0002032923949
 10
83.53076763471422
 20
373.0002032923949
 10
83.78281881036185
 20
373.0002032923949
 10
84.03486998600945
 20
373.0002032923949
 10
84.28692116165708
 20
373.0002032923949
  0
LWPOLYLINE
  5
1E1
330
17
100
AcDbEntity
  8
01-VISIBLE
100
AcDbPolyline
 90
19
 70
0
 10
92.11307883834293
 20
373.0002032923949
 10
92.36513001399055
 20
373.0002032923949
 10
92.61718118963816
 20
373.0002032923949
 10
92.86923236528577
 20
373.0002032923949
 10
93.12128354093339
 20
373.0002032923949
 10
93.373334716581
 20
373.0002032923949
 10
93.62538589222862
 20
373.0002032923949
 10
93.87743706787623
 20
373.0002032923949
 10
94.12948824352385
 20
373.0002032923949
 10
94.38153941917146
 20
373.0002032923949
 10
94.63359059481908
 20
373.0002032923949
 10
94.88564177046669
 20
373.0002032923949
 10
95.13769294611431
 20
373.0002032923949
 10
95.38974412176192
 20
373.0002032923949
 10
95.64179529740954
 20
373.0002032923949
 10
95.89384647305715
 20
373.0002032923949
 10
96.14589764870477
 20
373.0002032923949
 10
96.39794882435238
 20
373.0002032923949
 10
96.65
 20
373.0002032923949
  0
LINE
  5
1E2
330
17
100
AcDbEntity
  8
01-VISIBLE
100
AcDbLine
 10
96.65
 20
369.0002032923949
 30
0.0
 11
96.65
 21
373.0002032923949
 31
0.0
  0
LWPOLYLINE
  5
1E3
330
17
100
AcDbEntity
  8
01-VISIBLE
100
AcDbPolyline
 90
68
 70
0
 10
79.75
 20
369.0002032923949
 10
80.00223880597015
 20
369.0002032923949
 10
80.2544776119403
 20
369.0002032923949
 10
80.50671641791045
 20
369.0002032923949
 10
80.7589552238806
 20
369.0002032923949
 10
81.01119402985076
 20
369.0002032923949
 10
81.2634328358209
 20
369.0002032923949
 10
81.51567164179104
 20
369.0002032923949
 10
81.7679104477612
 20
369.0002032923949
 10
82.02014925373135
 20
369.0002032923949
 10
82.2723880597015
 20
369.0002032923949
 10
82.52462686567165
 20
369.0002032923949
 10
82.77686567164179
 20
369.0002032923949
 10
83.02910447761194
 20
369.0002032923949
 10
83.28134328358209
 20
369.0002032923949
 10
83.53358208955224
 20
369.0002032923949
 10
83.78582089552239
 20
369.0002032923949
 10
84.03805970149254
 20
369.0002032923949
 10
84.2902985074627
 20
369.0002032923949
 10
84.54253731343285
 20
369.0002032923949
 10
84.79477611940298
 20
369.0002032923949
 10
85.04701492537313
 20
369.0002032923949
 10
85.29925373134328
 20
369.0002032923949
 10
85.55149253731344
 20
369.0002032923949
 10
85.80373134328359
 20
369.0002032923949
 10
86.05597014925374
 20
369.0002032923949
 10
86.30820895522388
 20
369.0002032923949
 10
86.56044776119404
 20
369.0002032923949
 10
86.81268656716418
 20
369.0002032923949
 10
87.06492537313433
 20
369.0002032923949
 10
87.31716417910448
 20
369.0002032923949
 10
87.56940298507463
 20
369.0002032923949
 10
87.82164179104478
 20
369.0002032923949
 10
88.07388059701493
 20
369.0002032923949
 10
88.32611940298509
 20
369.0002032923949
 10
88.57835820895522
 20
369.0002032923949
 10
88.83059701492537
 20
369.0002032923949
 10
89.08283582089553
 20
369.0002032923949
 10
89.33507462686568
 20
369.0002032923949
 10
89.58731343283583
 20
369.0002032923949
 10
89.83955223880596
 20
369.0002032923949
 10
90.09179104477612
 20
369.0002032923949
 10
90.34402985074627
 20
369.0002032923949
 10
90.59626865671642
 20
369.0002032923949
 10
90.84850746268657
 20
369.0002032923949
 10
91.10074626865672
 20
369.0002032923949
 10
91.35298507462687
 20
369.0002032923949
 10
91.60522388059702
 20
369.0002032923949
 10
91.85746268656716
 20
369.0002032923949
 10
92.10970149253731
 20
369.0002032923949
 10
92.36194029850746
 20
369.0002032923949
 10
92.61417910447761
 20
369.0002032923949
 10
92.86641791044777
 20
369.0002032923949
 10
93.1186567164179
 20
369.0002032923949
 10
93.37089552238805
 20
369.0002032923949
 10
93.6231343283582
 20
369.0002032923949
 10
93.87537313432836
 20
369.0002032923949
 10
94.12761194029851
 20
369.0002032923949
 10
94.37985074626866
 20
369.0002032923949
 10
94.63208955223881
 20
369.0002032923949
 10
94.88432835820896
 20
369.0002032923949
 10
95.1365671641791
 20
369.0002032923949
 10
95.38880597014926
 20
369.0002032923949
 10
95.6410447761194
 20
369.0002032923949
 10
95.89328358208955
 20
369.0002032923949
 10
96.1455223880597
 20
369.0002032923949
 10
96.39776119402985
 20
369.0002032923949
 10
96.65
 20
369.0002032923949
  0
LINE
  5
1E4
330
17
100
AcDbEntity
  8
01-VISIBLE
100
AcDbLine
 10
82.2
 20
373.0002032923949
 30
0.0
 11
82.2
 21
375.1987724502879
 31
0.0
  0
LINE
  5
1E5
330
17
100
AcDbEntity
  8
01-VISIBLE
100
AcDbLine
 10
82.2
 20
382.4098750012159
 30
0.0
 11
82.2
 21
383.0587223438622
 31
0.0
  0
LWPOLYLINE
  5
1E6
330
17
100
AcDbEntity
  8
01-VISIBLE
100
AcDbPolyline
 90
7
 70
0
 10
82.5313708498985
 20
383.5531495348622
 10
82.619004802742
 20
383.5531495348622
 10
82.7066387555855
 20
383.5531495348622
 10
82.794272708429
 20
383.5531495348622
 10
82.88190666127251
 20
383.5531495348622
 10
82.96954061411601
 20
383.5531495348622
 10
83.05717456695952
 20
383.5531495348622
  0
LWPOLYLINE
  5
1E7
330
17
100
AcDbEntity
  8
01-VISIBLE
100
AcDbPolyline
 90
7
 70
0
 10
94.2
 20
383.5531495348622
 10
94.05713757217342
 20
383.5531495348622
 10
93.91427514434683
 20
383.5531495348622
 10
93.77141271652025
 20
383.5531495348622
 10
93.62855028869366
 20
383.5531495348622
 10
93.48568786086707
 20
383.5531495348622
 10
93.34282543304049
 20
383.5531495348622
  0
LINE
  5
1E8
330
17
100
AcDbEntity
  8
01-VISIBLE
100
AcDbLine
 10
82.2
 20
373.89373447725836
 30
0.0
 11
77.1
 21
373.89373447725836
 31
0.0
  0
LWPOLYLINE
  5
1E9
330
17
100
AcDbEntity
  8
01-VISIBLE
100
AcDbPolyline
 90
23
 70
0
 10
77.1
 20
373.89373447725836
 10
77.1
 20
374.1482799318038
 10
77.1
 20
374.40282538634926
 10
77.1
 20
374.65737084089477
 10
77.1
 20
374.9119162954402
 10
77.1
 20
375.1664617499857
 10
77.1
 20
375.4210072045311
 10
77.1
 20
375.6755526590766
 10
77.1
 20
375.930098113622
 10
77.1
 20
376.18464356816753
 10
77.1
 20
376.439189022713
 10
77.1
 20
376.69373447725843
 10
77.1
 20
376.9482799318039
 10
77.1
 20
377.20282538634933
 10
77.1
 20
377.4573708408948
 10
77.1
 20
377.71191629544023
 10
77.1
 20
377.9664617499857
 10
77.1
 20
378.22100720453113
 10
77.1
 20
378.4755526590766
 10
77.1
 20
378.73009811362203
 10
77.1
 20
378.9846435681675
 10
77.1
 20
379.23918902271294
 10
77.1
 20
379.4937344772584
  0
LINE
  5
1EA
330
17
100
AcDbEntity
  8
01-VISIBLE
100
AcDbLine
 10
94.2
 20
373.0002032923949
 30
0.0
 11
94.2
 21
375.1987724502879
 31
0.0
  0
LINE
  5
1EB
330
17
100
AcDbEntity
  8
01-VISIBLE
100
AcDbLine
 10
94.2
 20
382.6297710585469
 30
0.0
 11
94.2
 21
383.5531495348622
 31
0.0
  0
ARC
  5
1EC
330
17
100
AcDbEntity
  8
01-VISIBLE
100
AcDbCircle
 10
88.2
 20
378.8043237257519
 30
0.0
 40
7.0
100
AcDbArc
 50
90.0
 51
-90.00000000000001
  0
ARC
  5
1ED
330
17
100
AcDbEntity
  8
01-VISIBLE
100
AcDbCircle
 10
88.2
 20
378.8043237257519
 30
0.0
 40
7.0
100
AcDbArc
 50
-90.0
 51
90.0
  0
CIRCLE
  5
1EE
330
17
100
AcDbEntity
  8
01-VISIBLE
100
AcDbCircle
 10
88.2
 20
378.8043237257519
 30
0.0
 40
6.039999999999999
  0
LINE
  5
1EF
330
17
100
AcDbEntity
  8
01-VISIBLE
100
AcDbLine
 10
105.36064870789531
 20
378.3699985152124
 30
0.0
 11
105.52789424912356
 21
379.9612335478016
 31
0.0
  0
LINE
  5
1F0
330
17
100
AcDbEntity
  8
01-VISIBLE
100
AcDbLine
 10
95.17098810458826
 20
379.44097500053977
 30
0.0
 11
99.97667180035505
 21
378.93587729076745
 31
0.0
  0
LINE
  5
1F1
330
17
100
AcDbEntity
  8
01-VISIBLE
100
AcDbLine
 10
101.09459545471651
 20
378.8183787799904
 30
0.0
 11
105.36064870789532
 21
378.3699985152124
 31
0.0
  0
LINE
  5
1F2
330
17
100
AcDbEntity
  8
01-VISIBLE
100
AcDbLine
 10
94.81737068295504
 20
381.08695493651874
 30
0.0
 11
99.86985297823479
 21
380.55591764868
 31
0.0
  0
LINE
  5
1F3
330
17
100
AcDbEntity
  8
01-VISIBLE
100
AcDbLine
 10
101.06650713852916
 20
380.4301442282848
 30
0.0
 11
105.52789424912356
 21
379.9612335478016
 31
0.0
  0
LINE
  5
1F4
330
17
100
AcDbEntity
  8
01-VISIBLE
100
AcDbLine
 10
80.2
 20
384.75314953486213
 30
0.0
 11
80.00500905055176
 21
386.3412233774883
 31
0.0
  0
LINE
  5
1F5
330
17
100
AcDbEntity
  8
01-VISIBLE
100
AcDbLine
 10
109.99834431631045
 20
388.4119261573739
 30
0.0
 11
109.80335336686221
 21
390.0
 31
0.0
  0
LINE
  5
1F6
330
17
100
AcDbEntity
  8
01-VISIBLE
100
AcDbLine
 10
80.2
 20
384.75314953486213
 30
0.0
 11
80.54539694461887
 21
384.79555894704436
 31
0.0
  0
LINE
  5
1F7
330
17
100
AcDbEntity
  8
01-VISIBLE
100
AcDbLine
 10
82.02542041043259
 20
384.97728297842036
 30
0.0
 11
86.07768055055381
 21
385.47483796038944
 31
0.0
  0
LINE
  5
1F8
330
17
100
AcDbEntity
  8
01-VISIBLE
100
AcDbLine
 10
88.64553404332199
 20
385.79013072396197
 30
0.0
 11
109.99834431631045
 21
388.4119261573739
 31
0.0
  0
LINE
  5
1F9
330
17
100
AcDbEntity
  8
01-VISIBLE
100
AcDbLine
 10
80.00500905055176
 20
386.3412233774883
 30
0.0
 11
109.80335336686221
 21
390.0
 31
0.0
  0
CIRCLE
  5
1FA
330
17
100
AcDbEntity
  8
01-VISIBLE
100
AcDbCircle
 10
81.4
 20
383.9531495348622
 30
0.0
 40
1.2000000000000002
  0
ARC
  5
1FB
330
17
100
AcDbEntity
  8
01-VISIBLE
100
AcDbCircle
 10
97.0
 20
383.15314953486217
 30
0.0
 40
0.6400000000000001
100
AcDbArc
 50
90.0
 51
121.332206707231
  0
ARC
  5
1FC
330
17
100
AcDbEntity
  8
01-VISIBLE
100
AcDbCircle
 10
97.0
 20
383.15314953486217
 30
0.0
 40
0.6400000000000001
100
AcDbArc
 50
-116.38432974940905
 51
-63.61567025059138
  0
ARC
  5
1FD
330
17
100
AcDbEntity
  8
01-VISIBLE
100
AcDbCircle
 10
97.0
 20
383.15314953486217
 30
0.0
 40
0.6400000000000001
100
AcDbArc
 50
58.66779329276888
 51
90.0
  0
ARC
  5
1FE
330
17
100
AcDbEntity
  8
01-VISIBLE
100
AcDbCircle
 10
97.0
 20
379.5531495348622
 30
0.0
 40
4.16
100
AcDbArc
 50
90.00000000000003
 51
94.58855983094837
  0
ARC
  5
1FF
330
17
100
AcDbEntity
  8
01-VISIBLE
100
AcDbCircle
 10
97.0
 20
379.5531495348622
 30
0.0
 40
4.16
100
AcDbArc
 50
85.41144016905162
 51
90.0
  0
ARC
  5
200
330
17
100
AcDbEntity
  8
01-VISIBLE
100
AcDbCircle
 10
97.0
 20
379.5531495348622
 30
0.0
 40
3.04
100
AcDbArc
 50
90.0
 51
95.36820469916194
  0
ARC
  5
201
330
17
100
AcDbEntity
  8
01-VISIBLE
100
AcDbCircle
 10
97.0
 20
379.5531495348622
 30
0.0
 40
4.16
100
AcDbArc
 50
-124.19994043633257
 51
85.41144016905162
  0
ARC
  5
202
330
17
100
AcDbEntity
  8
01-VISIBLE
100
AcDbCircle
 10
97.0
 20
379.5531495348622
 30
0.0
 40
4.16
100
AcDbArc
 50
94.58855983094837
 51
133.92754254783958
  0
ARC
  5
203
330
17
100
AcDbEntity
  8
01-VISIBLE
100
AcDbCircle
 10
97.0
 20
379.5531495348622
 30
0.0
 40
3.04
100
AcDbArc
 50
84.6317953008381
 51
90.0
  0
LWPOLYLINE
  5
204
330
17
100
AcDbEntity
  8
01-VISIBLE
100
AcDbPolyline
 90
13
 70
0
 10
64.0
 20
375.0937344772584
 10
64.0
 20
375.36040114392506
 10
64.0
 20
375.6270678105917
 10
64.0
 20
375.8937344772584
 10
64.0
 20
376.16040114392507
 10
64.0
 20
376.4270678105917
 10
64.0
 20
376.69373447725843
 10
64.0
 20
376.9604011439251
 10
64.0
 20
377.22706781059173
 10
64.0
 20
377.4937344772584
 10
64.0
 20
377.76040114392504
 10
64.0
 20
378.02706781059175
 10
64.0
 20
378.2937344772584
  0
LINE
  5
205
330
17
100
AcDbEntity
  8
01-VISIBLE
100
AcDbLine
 10
77.0
 20
374.2937344772584
 30
0.0
 11
64.0
 21
375.0937344772584
 31
0.0
  0
LWPOLYLINE
  5
206
330
17
100
AcDbEntity
  8
01-VISIBLE
100
AcDbPolyline
 90
20
 70
0
 10
77.0
 20
374.2937344772584
 10
77.0
 20
374.5463660562058
 10
77.0
 20
374.7989976351531
 10
77.0
 20
375.0516292141005
 10
77.0
 20
375.3042607930479
 10
77.0
 20
375.5568923719952
 10
77.0
 20
375.8095239509426
 10
77.0
 20
376.06215552989
 10
77.0
 20
376.3147871088373
 10
77.0
 20
376.5674186877847
 10
77.0
 20
376.8200502667321
 10
77.0
 20
377.0726818456794
 10
77.0
 20
377.3253134246268
 10
77.0
 20
377.5779450035742
 10
77.0
 20
377.83057658252153
 10
77.0
 20
378.083208161469
 10
77.0
 20
378.3358397404163
 10
77.0
 20
378.58847131936363
 10
77.0
 20
378.8411028983111
 10
77.0
 20
379.0937344772584
  0
LINE
  5
207
330
17
100
AcDbEntity
  8
01-VISIBLE
100
AcDbLine
 10
69.15
 20
231.39051903112303
 30
0.0
 11
69.15
 21
356.48496556910305
 31
0.0
  0
LWPOLYLINE
  5
208
330
17
100
AcDbEntity
  8
01-VISIBLE
100
AcDbPolyline
 90
52
 70
0
 10
69.19331415630371
 20
357.29663190088803
 10
69.25847709163003
 20
357.54079318128515
 10
69.34927292233041
 20
357.77664970448814
 10
69.46241640235843
 20
358.002660980822
 10
69.5946999583657
 20
358.21805087388407
 10
69.74311452934924
 20
358.42267955756756
 10
69.90477347781491
 20
358.61703357858335
 10
70.07745855794603
 20
358.8016713555571
 10
70.25946714769414
 20
358.9771349654915
 10
70.44935488774621
 20
359.14404782692816
 10
70.64591801691611
 20
359.30305175816164
 10
70.84816532085442
 20
359.45476503243844
 10
71.05528775655368
 20
359.5997560030502
 10
71.26662983597731
 20
359.73852742875147
 10
71.48166437337336
 20
359.8715078695799
 10
71.69997082207962
 20
359.99904778780956
 10
71.92121916716457
 20
360.12141496590334
 10
72.14496085606656
 20
360.23916401357235
 10
72.37092673014209
 20
360.3525872240429
 10
72.59891815784017
 20
360.46188274284043
 10
72.82875290839218
 20
360.5672476837517
 10
73.06026469164351
 20
360.66887563732155
 10
73.293302489506
 20
360.7669545711049
 10
73.52772974819788
 20
360.8616650878402
 10
73.76342348796824
 20
360.95317900072314
 10
74.00027337511663
 20
361.0416581819892
 10
74.23818079041682
 20
361.1272536409343
 10
74.47705791881322
 20
361.21010478937023
 10
74.71682687754199
 20
361.2903388555431
 10
74.95741889355082
 20
361.36807041117027
 10
75.19877353609404
 20
361.44340098003386
 10
75.4408380064622
 20
361.51641870024577
 10
75.6835661867304
 20
361.5871990507177
 10
75.9268871984469
 20
361.65591413885886
 10
76.17083413898595
 20
361.72237192945033
 10
76.41543588003547
 20
361.78637748427485
 10
76.66065398628898
 20
361.8479800128812
 10
76.90640484342981
 20
361.90742269726354
 10
77.15257569870752
 20
361.965102602373
 10
77.39905205745832
 20
362.02146322149355
 10
77.6456887421232
 20
362.0771193764175
 10
77.89239385076877
 20
362.13247118501585
 10
78.13937526014172
 20
362.18657383009537
 10
78.38694234081233
 20
362.23792345681017
 10
78.63525276369694
 20
362.2855459641464
 10
78.88423687055585
 20
362.32951437241604
 10
79.13370764934422
 20
362.3706377953712
 10
79.38345161150357
 20
362.41007287502805
 10
79.63332768548791
 20
362.4486622516373
 10
79.88325064683926
 20
362.4869477062682
 10
80.13309339903148
 20
362.5257519304979
 10
80.36293609211094
 20
362.57053781043135
  0
LWPOLYLINE
  5
209
330
17
100
AcDbEntity
  8
01-VISIBLE
100
AcDbPolyline
 90
7
 70
0
 10
80.4720956531901
 20
362.603208614692
 10
80.37899103667868
 20
362.5919319481261
 10
80.28589266867895
 20
362.58060381901737
 10
80.19280379944236
 20
362.5691979155848
 10
80.09972988231972
 20
362.5576706920832
 10
80.00668553068495
 20
362.5459075881887
 10
79.91745948693722
 20
362.5326049588838
  0
LWPOLYLINE
  5
20A
330
17
100
AcDbEntity
  8
01-VISIBLE
100
AcDbPolyline
 90
7
 70
0
 10
79.91745948693722
 20
362.5326049588838
 10
79.91745254867365
 20
362.5326049588837
 10
79.9174678726576
 20
362.5326049588837
 10
79.91748322432456
 20
362.53260495888367
 10
79.91749854892419
 20
362.53260495888367
 10
79.91751397758635
 20
362.53260495888367
 10
79.91752928847187
 20
362.5326049588838
  0
LWPOLYLINE
  5
20B
330
17
100
AcDbEntity
  8
01-VISIBLE
100
AcDbPolyline
 90
63
 70
0
 10
96.03706410361185
 20
362.57053781043146
 10
95.78425558729732
 20
362.57053781043146
 10
95.5314470709828
 20
362.57053781043146
 10
95.27863855466826
 20
362.57053781043146
 10
95.02583003835373
 20
362.57053781043146
 10
94.7730215220392
 20
362.57053781043146
 10
94.52021300572467
 20
362.57053781043146
 10
94.26740448941014
 20
362.57053781043146
 10
94.01459597309561
 20
362.57053781043146
 10
93.76178745678108
 20
362.57053781043146
 10
93.50897894046655
 20
362.57053781043146
 10
93.256170424152
 20
362.57053781043146
 10
93.00336190783747
 20
362.57053781043146
 10
92.75055339152294
 20
362.57053781043146
 10
92.49774487520841
 20
362.57053781043146
 10
92.24493635889388
 20
362.57053781043146
 10
91.99212784257935
 20
362.57053781043146
 10
91.73931932626482
 20
362.57053781043146
 10
91.48651080995029
 20
362.57053781043146
 10
91.23370229363576
 20
362.57053781043146
 10
90.98089377732123
 20
362.57053781043146
 10
90.7280852610067
 20
362.57053781043146
 10
90.47527674469217
 20
362.57053781043146
 10
90.22246822837764
 20
362.57053781043146
 10
89.9696597120631
 20
362.57053781043146
 10
89.71685119574857
 20
362.57053781043146
 10
89.46404267943404
 20
362.57053781043146
 10
89.21123416311951
 20
362.57053781043146
 10
88.95842564680498
 20
362.57053781043146
 10
88.70561713049045
 20
362.57053781043146
 10
88.45280861417592
 20
362.57053781043146
 10
88.20000009786139
 20
362.57053781043146
 10
87.94719158154686
 20
362.57053781043146
 10
87.69438306523233
 20
362.57053781043146
 10
87.4415745489178
 20
362.57053781043146
 10
87.18876603260327
 20
362.57053781043146
 10
86.93595751628874
 20
362.57053781043146
 10
86.68314899997421
 20
362.57053781043146
 10
86.43034048365968
 20
362.57053781043146
 10
86.17753196734515
 20
362.57053781043146
 10
85.92472345103062
 20
362.57053781043146
 10
85.67191493471609
 20
362.57053781043146
 10
85.41910641840155
 20
362.57053781043146
 10
85.16629790208702
 20
362.57053781043146
 10
84.9134893857725
 20
362.57053781043146
 10
84.66068086945796
 20
362.57053781043146
 10
84.40787235314343
 20
362.57053781043146
 10
84.1550638368289
 20
362.57053781043146
 10
83.90225532051437
 20
362.57053781043146
 10
83.64944680419984
 20
362.57053781043146
 10
83.39663828788531
 20
362.57053781043146
 10
83.14382977157078
 20
362.57053781043146
 10
82.89102125525625
 20
362.57053781043146
 10
82.63821273894172
 20
362.57053781043146
 10
82.38540422262719
 20
362.57053781043146
 10
82.13259570631266
 20
362.57053781043146
 10
81.87978718999813
 20
362.5705378104315
 10
81.6269786736836
 20
362.5705378104315
 10
81.37417015736906
 20
362.57053781043146
 10
81.12136164105453
 20
362.57053781043146
 10
80.86855312474
 20
362.57053781043146
 10
80.61574460842547
 20
362.57053781043146
 10
80.36293609211094
 20
362.57053781043135
  0
LWPOLYLINE
  5
20C
330
17
100
AcDbEntity
  8
01-VISIBLE
100
AcDbPolyline
 90
67
 70
0
 10
79.91745948693722
 20
362.5326049588838
 10
80.16844022793805
 20
362.5326049588827
 10
80.4194316317809
 20
362.53260495888264
 10
80.67041770420273
 20
362.53260495888264
 10
80.92140377662457
 20
362.5326049588827
 10
81.17238984904641
 20
362.53260495888276
 10
81.42337592146825
 20
362.5326049588828
 10
81.67436199389009
 20
362.53260495888287
 10
81.92534806631193
 20
362.53260495888287
 10
82.17633413873376
 20
362.53260495888287
 10
82.4273202111556
 20
362.53260495888287
 10
82.67830628357744
 20
362.53260495888287
 10
82.92929235599928
 20
362.53260495888287
 10
83.18027842842112
 20
362.53260495888287
 10
83.43126450084296
 20
362.53260495888287
 10
83.6822505732648
 20
362.5326049588828
 10
83.93323664568663
 20
362.53260495888276
 10
84.18422271810847
 20
362.53260495888276
 10
84.43520879053031
 20
362.53260495888276
 10
84.68619486295215
 20
362.53260495888276
 10
84.93718093537399
 20
362.5326049588827
 10
85.18816700779583
 20
362.5326049588827
 10
85.43915308021766
 20
362.5326049588827
 10
85.6901391526395
 20
362.5326049588827
 10
85.94112522506134
 20
362.53260495888276
 10
86.19211129748318
 20
362.53260495888276
 10
86.44309736990502
 20
362.53260495888276
 10
86.69408344232686
 20
362.53260495888276
 10
86.9450695147487
 20
362.53260495888276
 10
87.19605558717053
 20
362.53260495888276
 10
87.44704165959237
 20
362.53260495888276
 10
87.69802773201421
 20
362.53260495888276
 10
87.94901380443605
 20
362.53260495888276
 10
88.19999987685789
 20
362.53260495888276
 10
88.45098594927973
 20
362.53260495888276
 10
88.70197202170156
 20
362.53260495888276
 10
88.9529580941234
 20
362.53260495888276
 10
89.20394416654524
 20
362.53260495888276
 10
89.45493023896708
 20
362.53260495888276
 10
89.70591631138892
 20
362.53260495888276
 10
89.95690238381076
 20
362.53260495888276
 10
90.2078884562326
 20
362.53260495888276
 10
90.45887452865443
 20
362.53260495888276
 10
90.70986060107627
 20
362.53260495888276
 10
90.96084667349811
 20
362.53260495888276
 10
91.21183274591995
 20
362.53260495888276
 10
91.46281881834179
 20
362.53260495888276
 10
91.71380489076363
 20
362.53260495888276
 10
91.96479096318546
 20
362.53260495888276
 10
92.2157770356073
 20
362.53260495888276
 10
92.46676310802914
 20
362.53260495888276
 10
92.71774918045098
 20
362.53260495888276
 10
92.96873525287282
 20
362.53260495888276
 10
93.21972132529466
 20
362.53260495888276
 10
93.4707073977165
 20
362.53260495888276
 10
93.72169347013833
 20
362.53260495888276
 10
93.97267954256017
 20
362.53260495888276
 10
94.22366561498201
 20
362.53260495888276
 10
94.47465168740385
 20
362.53260495888276
 10
94.72563775982569
 20
362.53260495888276
 10
94.97662383224753
 20
362.53260495888276
 10
95.22760990466936
 20
362.53260495888276
 10
95.4785959770912
 20
362.53260495888276
 10
95.72958204951304
 20
362.53260495888276
 10
95.98056812193488
 20
362.53260495888276
 10
96.23155419435672
 20
362.53260495888276
 10
96.48254026677856
 20
362.53260495888276
  0
LWPOLYLINE
  5
20D
330
17
100
AcDbEntity
  8
01-VISIBLE
100
AcDbPolyline
 90
7
 70
0
 10
80.36293609211094
 20
362.57053781043135
 10
80.28857142024539
 20
362.5658900049366
 10
80.21432841185604
 20
362.55943853249084
 10
80.14012235974981
 20
362.55257283358094
 10
80.06593005597705
 20
362.54555978304074
 10
79.9917329606908
 20
362.5385978055634
 10
79.91745948693722
 20
362.5326049588838
  0
LWPOLYLINE
  5
20E
330
17
100
AcDbEntity
  8
01-VISIBLE
100
AcDbPolyline
 90
95
 70
0
 10
69.1561962375259
 20
230.60500966251732
 10
69.17170193580418
 20
230.35411642810067
 10
69.20556749305236
 20
230.1050724629918
 10
69.25505674648119
 20
229.8586010869141
 10
69.3099326212783
 20
229.61325817043354
 10
69.36866020444185
 20
229.3688118853822
 10
69.43382951978087
 20
229.12600821030176
 10
69.5058328388501
 20
228.88514167284717
 10
69.58780711265004
 20
228.64749981134744
 10
69.68001049696716
 20
228.41363268839424
 10
69.7817464970201
 20
228.18374739540556
 10
69.89173591965917
 20
227.95769078946583
 10
70.00887399890703
 20
227.73525150609697
 10
70.13232347147466
 20
227.51625014616806
 10
70.26156107938917
 20
227.3006130497879
 10
70.39639534425817
 20
227.0884306987614
 10
70.53697288392314
 20
226.88001043696292
 10
70.68354555872052
 20
226.67576130435756
 10
70.83560645752134
 20
226.47556403665854
 10
70.99290045606313
 20
226.27945080591866
 10
71.15509166535497
 20
226.0873671896833
 10
71.3218707274208
 20
225.89925255426226
 10
71.4929552561596
 20
225.71504427724983
 10
71.66808965338706
 20
225.53468144931415
 10
71.84704446137373
 20
225.35810807994477
 10
72.02961538339245
 20
225.18527585033644
 10
72.21562207456812
 20
225.01614646542967
 10
72.40490677861717
 20
224.85069365889285
 10
72.59733286277233
 20
224.68890490165006
 10
72.79278328354643
 20
224.53078285807004
 10
72.99116399666069
 20
224.37635299459964
 10
73.19220614313687
 20
224.22540310223886
 10
73.39573253676801
 20
224.07781959983475
 10
73.6016310336945
 20
223.93356372421988
 10
73.8097938014642
 20
223.79259467258186
 10
74.02011733799921
 20
223.6548700153802
 10
74.23250245475255
 20
223.52034607578207
 10
74.44685422945898
 20
223.3889782757629
 10
74.66308193346599
 20
223.26072144955404
 10
74.88109893818273
 20
223.13553012553623
 10
75.1008226047246
 20
223.01335877798874
 10
75.32217416037687
 20
222.89416205032316
 10
75.54507856506193
 20
222.77789495157128
 10
75.76946437057921
 20
222.66451302797608
 10
75.99526357500261
 20
222.55397251155827
 10
76.22241147426642
 20
222.44623044751663
 10
76.4508465126523
 20
222.34124480227354
 10
76.68051013360437
 20
222.23897455390545
 10
76.91134663204664
 20
222.13937976661313
 10
77.14330300915606
 20
222.0424216507868
 10
77.37632883035144
 20
221.94806261011846
 10
77.6103760870927
 20
221.85626627710693
 10
77.84539906294307
 20
221.76699753819358
 10
78.08135420422643
 20
221.68022254966388
 10
78.31819999551085
 20
221.59590874534857
 10
78.55589684006557
 20
221.51402483706335
 10
78.7944069453684
 20
221.43454080863665
 10
79.03369421368461
 20
221.35742790429168
 10
79.27372413769268
 20
221.2826586120719
 10
79.51446370109521
 20
221.21020664292925
 10
79.75588128412627
 20
221.14004690602945
 10
79.99794657384413
 20
221.07215548077235
 10
80.24063047908281
 20
221.00650958597137
 10
80.48390504992447
 20
220.94308754659096
 10
80.72774340154767
 20
220.8818687583987
 10
80.97211964230193
 20
220.82283365085266
 10
81.21700880585732
 20
220.7659636485116
 10
81.46238678727818
 20
220.71124113122767
 10
81.70823028287154
 20
220.6586493933571
 10
81.95451673366361
 20
220.60817260220142
 10
82.2012242723615
 20
220.55979575587514
 10
82.44833167366113
 20
220.51350464077842
 10
82.69581830776686
 20
220.46928578884015
 10
82.94366409699293
 20
220.42712643468556
 10
83.19184947532108
 20
220.3870144728716
 10
83.44035535079311
 20
220.34893841532613
 10
83.68916307062142
 20
220.31288734911826
 10
83.93825438890393
 20
220.2788508946822
 10
84.18761143683359
 20
220.24681916461105
 10
84.43721669529532
 20
220.21678272313193
 10
84.68705296974625
 20
220.18873254636986
 10
84.93710336727676
 20
220.16265998350423
 10
85.18735127575248
 20
220.13855671891673
 10
85.43778034493765
 20
220.116414735427
 10
85.68837446950269
 20
220.09622627870834
 10
85.93911777381838
 20
220.07798382297108
 10
86.18999459844039
 20
220.06168003799868
 10
86.44098948818777
 20
220.04730775761593
 10
86.69208718171923
 20
220.03485994966502
 10
86.943272602511
 20
220.02432968756025
 10
87.19453085113994
 20
220.01571012348683
 10
87.44584719877541
 20
220.0089944633038
 10
87.69720708178338
 20
220.00417594320632
 10
87.94859609734597
 20
220.0012478081949
 10
88.2
 20
220.00020329239484
  0
LINE
  5
20F
330
17
100
AcDbEntity
  8
01-VISIBLE
100
AcDbLine
 10
80.95
 20
363.250203292395
 30
0.0
 11
80.95
 21
369.0002032923949
 31
0.0
  0
LWPOLYLINE
  5
210
330
17
100
AcDbEntity
  8
01-VISIBLE
100
AcDbPolyline
 90
7
 70
0
 10
69.46250001196009
 20
357.3752779440232
 10
69.33309044629806
 20
357.35824083986415
 10
69.21249991336421
 20
357.3082906039906
 10
69.1089461182525
 20
357.2288319622542
 10
69.02948713632209
 20
357.1252779719041
 10
68.97953788400524
 20
357.00468710794854
 10
68.9625
 20
356.8752779440232
  0
LWPOLYLINE
  5
211
330
17
100
AcDbEntity
  8
01-VISIBLE
100
AcDbPolyline
 90
7
 70
0
 10
69.46250001196009
 20
231.50020329239484
 10
69.33309038923187
 20
231.483166198051
 10
69.21249979440566
 20
231.4332159765369
 10
69.10894746353692
 20
231.3537560688673
 10
69.02948668315227
 20
231.25020353087177
 10
68.9795383557052
 20
231.12961213877773
 10
68.9625
 20
231.00020329239484
  0
LWPOLYLINE
  5
212
330
17
100
AcDbEntity
  8
01-VISIBLE
100
AcDbPolyline
 90
7
 70
0
 10
80.95000000644983
 20
363.2502032923949
 10
80.82059044127575
 20
363.23316618776323
 10
80.69999990810423
 20
363.1832159526731
 10
80.59644612966925
 20
363.10375729727946
 10
80.51698713027827
 20
363.00020332109307
 10
80.46703788944484
 20
362.87961245237767
 10
80.45
 20
362.7502032923949
  0
LWPOLYLINE
  5
213
330
17
100
AcDbEntity
  8
01-VISIBLE
100
AcDbPolyline
 90
58
 70
0
 10
95.45
 20
363.2502032923949
 10
95.19561403520088
 20
363.2502032923949
 10
94.94122807040175
 20
363.2502032923949
 10
94.68684210560262
 20
363.2502032923949
 10
94.4324561408035
 20
363.2502032923949
 10
94.17807017600437
 20
363.2502032923949
 10
93.92368421120524
 20
363.2502032923949
 10
93.66929824640611
 20
363.2502032923949
 10
93.414912281607
 20
363.2502032923949
 10
93.16052631680787
 20
363.2502032923949
 10
92.90614035200875
 20
363.2502032923949
 10
92.65175438720962
 20
363.2502032923949
 10
92.3973684224105
 20
363.2502032923949
 10
92.14298245761137
 20
363.2502032923949
 10
91.88859649281224
 20
363.2502032923949
 10
91.63421052801311
 20
363.2502032923949
 10
91.37982456321399
 20
363.2502032923949
 10
91.12543859841486
 20
363.2502032923949
 10
90.87105263361573
 20
363.2502032923949
 10
90.6166666688166
 20
363.2502032923949
 10
90.36228070401748
 20
363.2502032923949
 10
90.10789473921835
 20
363.2502032923949
 10
89.85350877441924
 20
363.2502032923949
 10
89.59912280962011
 20
363.2502032923949
 10
89.34473684482099
 20
363.2502032923949
 10
89.09035088002186
 20
363.2502032923949
 10
88.83596491522273
 20
363.2502032923949
 10
88.5815789504236
 20
363.2502032923949
 10
88.32719298562448
 20
363.2502032923949
 10
88.07280702082535
 20
363.2502032923949
 10
87.81842105602622
 20
363.2502032923949
 10
87.5640350912271
 20
363.2502032923949
 10
87.30964912642797
 20
363.2502032923949
 10
87.05526316162884
 20
363.2502032923949
 10
86.80087719682973
 20
363.2502032923949
 10
86.5464912320306
 20
363.2502032923949
 10
86.29210526723148
 20
363.2502032923949
 10
86.03771930243235
 20
363.2502032923949
 10
85.78333333763322
 20
363.2502032923949
 10
85.5289473728341
 20
363.2502032923949
 10
85.27456140803497
 20
363.2502032923949
 10
85.02017544323584
 20
363.2502032923949
 10
84.76578947843672
 20
363.2502032923949
 10
84.51140351363759
 20
363.2502032923949
 10
84.25701754883846
 20
363.2502032923949
 10
84.00263158403934
 20
363.2502032923949
 10
83.74824561924021
 20
363.2502032923949
 10
83.49385965444108
 20
363.2502032923949
 10
83.23947368964195
 20
363.2502032923949
 10
82.98508772484283
 20
363.2502032923949
 10
82.73070176004371
 20
363.2502032923949
 10
82.47631579524459
 20
363.2502032923949
 10
82.22192983044546
 20
363.2502032923949
 10
81.96754386564633
 20
363.2502032923949
 10
81.71315790084721
 20
363.2502032923949
 10
81.45877193604808
 20
363.2502032923949
 10
81.20438597124895
 20
363.2502032923949
 10
80.95000000644983
 20
363.2502032923949
  0
LWPOLYLINE
  5
214
330
17
100
AcDbEntity
  8
01-VISIBLE
100
AcDbPolyline
 90
7
 70
0
 10
80.9501416381481
 20
362.2502033124495
 10
80.95011803179057
 20
362.25020330632077
 10
80.95009442543277
 20
362.25020330130656
 10
80.95007081907475
 20
362.2502032974068
 10
80.95004721271658
 20
362.25020329462166
 10
80.95002360635831
 20
362.25020329295097
 10
80.95
 20
362.2502032923949
  0
LINE
  5
215
330
17
100
AcDbEntity
  8
01-VISIBLE
100
AcDbLine
 10
79.75
 20
369.0002032923949
 30
0.0
 11
79.75
 21
373.0002032923949
 31
0.0
  0
LINE
  5
216
330
17
100
AcDbEntity
  8
01-VISIBLE
100
AcDbLine
 10
81.23403181060183
 20
379.4937344772584
 30
0.0
 11
77.1
 21
379.4937344772584
 31
0.0
  0
LWPOLYLINE
  5
217
330
17
100
AcDbEntity
  8
01-VISIBLE
100
AcDbPolyline
 90
47
 70
0
 10
97.0
 20
382.59314953486216
 10
97.25409214195608
 20
382.5825120392176
 10
97.50640605758666
 20
382.55067399763846
 10
97.75517596524955
 20
382.4978582237918
 10
97.99866088565318
 20
382.42443434174777
 10
98.23515682696065
 20
382.3309162007988
 10
98.46300870152692
 20
382.21795826098503
 10
98.68062192767387
 20
382.0863510547815
 10
98.8864735691435
 20
381.93701561146486
 10
99.07912300532274
 20
381.77099703522015
 10
99.25722200639404
 20
381.5894571807696
 10
99.41952417330586
 20
381.39366652863623
 10
99.56489365272714
 20
381.18499528624227
 10
99.6923131049519
 20
380.9649038140953
 10
99.80089080273999
 20
380.7349323887613
 10
99.88986688044277
 20
380.4966904308337
 10
99.95861865583456
 20
380.2518452423907
 10
100.0066649646134
 20
380.00211033263344
 10
100.03366957764854
 20
379.7492334380985
 10
100.03944350200246
 20
379.4949842793453
 10
100.02394633184147
 20
379.24114218151215
 10
99.98728652069454
 20
378.9894836207767
 10
99.92972062467967
 20
378.7417697930399
 10
99.8516515078527
 20
378.4997342874978
 10
99.7536255310418
 20
378.26507095250764
 10
99.63632871406372
 20
378.03942204457235
 10
99.50058194035434
 20
377.82436673458886
 10
99.34733521592436
 20
377.62141005362963
 10
99.17766100490304
 20
377.4319723724071
 10
98.99274675844889
 20
377.2573794333447
 10
98.7938865682711
 20
377.0988531021143
 10
98.58247212877976
 20
376.95750280077954
 10
98.35998299254805
 20
376.83431774807093
 10
98.12797621455182
 20
376.73016004167187
 10
97.88807546102659
 20
376.6457586116056
 10
97.64195964309367
 20
376.5817041263326
 10
97.39135116577089
 20
376.53844486122597
 10
97.13800387508901
 20
376.5162835608566
 10
96.8836907846701
 20
376.51537531673
 10
96.63019166728614
 20
376.53572649464326
 10
96.37928059878283
 20
376.57719465850175
 10
96.1327135431864
 20
376.63948960232733
 10
95.8922160634869
 20
376.7221753639169
 10
95.65947124469824
 20
376.8246732774734
 10
95.43610792144818
 20
376.946266034991
 10
95.2236892655578
 20
377.08610268098414
 10
95.02370185762429
 20
377.24320458928133
  0
LWPOLYLINE
  5
218
330
17
100
AcDbEntity
  8
01-VISIBLE
100
AcDbPolyline
 90
11
 70
0
 10
94.66181865780997
 20
381.4959588484198
 10
94.8410760963851
 20
381.6933942857136
 10
95.03694642497354
 20
381.8743605689232
 10
95.24792242201282
 20
382.0374651670861
 10
95.47238063058425
 20
382.1814529925008
 10
95.70859384768545
 20
382.3052160619201
 10
95.95474441898845
 20
382.4078020136566
 10
96.20893821640192
 20
382.4884214568382
 10
96.4692192229783
 20
382.54645402430316
 10
96.73358458004243
 20
382.58145315629145
 10
97.0
 20
382.59314953486216
  0
LINE
  5
219
330
17
100
AcDbEntity
  8
01-VISIBLE
100
AcDbLine
 10
64.0
 20
378.2937344772584
 30
0.0
 11
77.0
 21
379.0937344772584
 31
0.0
  0
CIRCLE
  5
21A
330
17
100
AcDbEntity
  8
02-OCULTA
100
AcDbCircle
 10
88.2
 20
174.7627641200468
 30
0.0
 40
19.05
  0
CIRCLE
  5
21B
330
17
100
AcDbEntity
  8
02-OCULTA
100
AcDbCircle
 10
88.2
 20
174.7627641200468
 30
0.0
 40
19.05
  0
CIRCLE
  5
21C
330
17
100
AcDbEntity
  8
02-OCULTA
100
AcDbCircle
 10
88.2
 20
174.7627641200468
 30
0.0
 40
18.425
  0
CIRCLE
  5
21D
330
17
100
AcDbEntity
  8
02-OCULTA
100
AcDbCircle
 10
88.2
 20
174.7627641200468
 30
0.0
 40
18.425
  0
CIRCLE
  5
21E
330
17
100
AcDbEntity
  8
02-OCULTA
100
AcDbCircle
 10
88.2
 20
174.7627641200468
 30
0.0
 40
19.05
  0
CIRCLE
  5
21F
330
17
100
AcDbEntity
  8
02-OCULTA
100
AcDbCircle
 10
88.2
 20
174.7627641200468
 30
0.0
 40
6.499999999999997
  0
CIRCLE
  5
220
330
17
100
AcDbEntity
  8
02-OCULTA
100
AcDbCircle
 10
88.2
 20
174.7627641200468
 30
0.0
 40
6.5
  0
CIRCLE
  5
221
330
17
100
AcDbEntity
  8
02-OCULTA
100
AcDbCircle
 10
88.2
 20
174.7627641200468
 30
0.0
 40
18.6
  0
CIRCLE
  5
222
330
17
100
AcDbEntity
  8
02-OCULTA
100
AcDbCircle
 10
88.2
 20
174.7627641200468
 30
0.0
 40
19.05
  0
CIRCLE
  5
223
330
17
100
AcDbEntity
  8
02-OCULTA
100
AcDbCircle
 10
88.2
 20
174.7627641200468
 30
0.0
 40
18.425
  0
CIRCLE
  5
224
330
17
100
AcDbEntity
  8
02-OCULTA
100
AcDbCircle
 10
88.2
 20
174.7627641200468
 30
0.0
 40
6.505
  0
CIRCLE
  5
225
330
17
100
AcDbEntity
  8
02-OCULTA
100
AcDbCircle
 10
88.2
 20
174.7627641200468
 30
0.0
 40
6.505
  0
CIRCLE
  5
226
330
17
100
AcDbEntity
  8
02-OCULTA
100
AcDbCircle
 10
88.2
 20
174.7627641200468
 30
0.0
 40
5.094
  0
CIRCLE
  5
227
330
17
100
AcDbEntity
  8
02-OCULTA
100
AcDbCircle
 10
88.2
 20
174.7627641200468
 30
0.0
 40
5.094
  0
CIRCLE
  5
228
330
17
100
AcDbEntity
  8
02-OCULTA
100
AcDbCircle
 10
88.2
 20
174.7627641200468
 30
0.0
 40
7.25
  0
CIRCLE
  5
229
330
17
100
AcDbEntity
  8
02-OCULTA
100
AcDbCircle
 10
88.2
 20
174.7627641200468
 30
0.0
 40
7.25
  0
ARC
  5
22A
330
17
100
AcDbEntity
  8
02-OCULTA
100
AcDbCircle
 10
88.2
 20
174.7627641200468
 30
0.0
 40
19.2375
100
AcDbArc
 50
0.0
 51
12.000909956302579
  0
ARC
  5
22B
330
17
100
AcDbEntity
  8
02-OCULTA
100
AcDbCircle
 10
88.2
 20
174.7627641200468
 30
0.0
 40
19.2375
100
AcDbArc
 50
174.298270189808
 51
-174.29827018980802
  0
ARC
  5
22C
330
17
100
AcDbEntity
  8
02-OCULTA
100
AcDbCircle
 10
88.2
 20
174.7627641200468
 30
0.0
 40
19.2375
100
AcDbArc
 50
-12.000909956302603
 51
-1.4033418597069752e-14
  0
CIRCLE
  5
22D
330
17
100
AcDbEntity
  8
02-OCULTA
100
AcDbCircle
 10
88.2
 20
174.7627641200468
 30
0.0
 40
19.2375
  0
LINE
  5
22E
330
17
100
AcDbEntity
  8
02-OCULTA
100
AcDbLine
 10
87.45
 20
155.53988956263473
 30
0.0
 11
87.45
 21
156.02526412004678
 31
0.0
  0
LINE
  5
22F
330
17
100
AcDbEntity
  8
02-OCULTA
100
AcDbLine
 10
87.45
 20
155.52526412004678
 30
0.0
 11
87.45
 21
156.02526412004678
 31
0.0
  0
LINE
  5
230
330
17
100
AcDbEntity
  8
02-OCULTA
100
AcDbLine
 10
87.45
 20
155.52526412004678
 30
0.0
 11
88.95
 21
155.52526412004678
 31
0.0
  0
LINE
  5
231
330
17
100
AcDbEntity
  8
02-OCULTA
100
AcDbLine
 10
88.95
 20
155.52526412004678
 30
0.0
 11
88.95
 21
156.02526412004678
 31
0.0
  0
LINE
  5
232
330
17
100
AcDbEntity
  8
02-OCULTA
100
AcDbLine
 10
88.95
 20
156.02526412004678
 30
0.0
 11
87.45
 21
156.02526412004678
 31
0.0
  0
LINE
  5
233
330
17
100
AcDbEntity
  8
02-OCULTA
100
AcDbLine
 10
88.95
 20
155.53988956263473
 30
0.0
 11
88.95
 21
156.02526412004678
 31
0.0
  0
LINE
  5
234
330
17
100
AcDbEntity
  8
02-OCULTA
100
AcDbLine
 10
88.95
 20
156.02526412004678
 30
0.0
 11
87.45
 21
156.02526412004678
 31
0.0
  0
CIRCLE
  5
235
330
17
100
AcDbEntity
  8
02-OCULTA
100
AcDbCircle
 10
88.2
 20
174.7627641200468
 30
0.0
 40
7.75
  0
ARC
  5
236
330
17
100
AcDbEntity
  8
02-OCULTA
100
AcDbCircle
 10
88.2
 20
174.7627641200468
 30
0.0
 40
8.45
100
AcDbArc
 50
0.0
 51
28.25345474227384
  0
ARC
  5
237
330
17
100
AcDbEntity
  8
02-OCULTA
100
AcDbCircle
 10
88.2
 20
174.7627641200468
 30
0.0
 40
8.45
100
AcDbArc
 50
131.50779172300457
 51
-131.50779172300457
  0
ARC
  5
238
330
17
100
AcDbEntity
  8
02-OCULTA
100
AcDbCircle
 10
88.2
 20
174.7627641200468
 30
0.0
 40
8.45
100
AcDbArc
 50
-108.78287089503257
 51
-71.21712910496744
  0
ARC
  5
239
330
17
100
AcDbEntity
  8
02-OCULTA
100
AcDbCircle
 10
88.2
 20
174.7627641200468
 30
0.0
 40
8.45
100
AcDbArc
 50
-28.25345474227384
 51
-1.4033418597069752e-14
  0
CIRCLE
  5
23A
330
17
100
AcDbEntity
  8
02-OCULTA
100
AcDbCircle
 10
88.2
 20
174.7627641200468
 30
0.0
 40
8.45
  0
CIRCLE
  5
23B
330
17
100
AcDbEntity
  8
02-OCULTA
100
AcDbCircle
 10
88.2
 20
174.7627641200468
 30
0.0
 40
4.094
  0
CIRCLE
  5
23C
330
17
100
AcDbEntity
  8
02-OCULTA
100
AcDbCircle
 10
88.2
 20
174.7627641200468
 30
0.0
 40
4.094
  0
CIRCLE
  5
23D
330
17
100
AcDbEntity
  8
02-OCULTA
100
AcDbCircle
 10
88.2
 20
174.7627641200468
 30
0.0
 40
5.094
  0
CIRCLE
  5
23E
330
17
100
AcDbEntity
  8
02-OCULTA
100
AcDbCircle
 10
88.2
 20
174.7627641200468
 30
0.0
 40
5.094
  0
CIRCLE
  5
23F
330
17
100
AcDbEntity
  8
02-OCULTA
100
AcDbCircle
 10
88.2
 20
174.7627641200468
 30
0.0
 40
3.894
  0
CIRCLE
  5
240
330
17
100
AcDbEntity
  8
02-OCULTA
100
AcDbCircle
 10
88.2
 20
174.7627641200468
 30
0.0
 40
3.894
  0
LINE
  5
241
330
17
100
AcDbEntity
  8
02-OCULTA
100
AcDbLine
 10
82.2
 20
170.7627641200468
 30
0.0
 11
82.2
 21
178.7627641200468
 31
0.0
  0
LINE
  5
242
330
17
100
AcDbEntity
  8
02-OCULTA
100
AcDbLine
 10
82.2
 20
170.7627641200468
 30
0.0
 11
82.2
 21
178.7627641200468
 31
0.0
  0
LWPOLYLINE
  5
243
330
17
100
AcDbEntity
  8
02-OCULTA
100
AcDbPolyline
 90
12
 70
0
 10
82.2
 20
174.7627641200468
 10
82.2
 20
174.50821866550135
 10
82.2
 20
174.2536732109559
 10
82.2
 20
173.99912775641045
 10
82.2
 20
173.74458230186497
 10
82.2
 20
173.49003684731952
 10
82.2
 20
173.23549139277407
 10
82.2
 20
172.98094593822861
 10
82.2
 20
172.72640048368316
 10
82.2
 20
172.4718550291377
 10
82.2
 20
172.21730957459226
 10
82.2
 20
171.96276412004678
  0
LWPOLYLINE
  5
244
330
17
100
AcDbEntity
  8
02-OCULTA
100
AcDbPolyline
 90
23
 70
0
 10
82.2
 20
171.96276412004678
 10
82.2
 20
172.21730957459226
 10
82.2
 20
172.4718550291377
 10
82.2
 20
172.72640048368316
 10
82.2
 20
172.98094593822861
 10
82.2
 20
173.23549139277407
 10
82.2
 20
173.49003684731952
 10
82.2
 20
173.74458230186497
 10
82.2
 20
173.99912775641045
 10
82.2
 20
174.2536732109559
 10
82.2
 20
174.50821866550135
 10
82.2
 20
174.7627641200468
 10
82.2
 20
175.01730957459225
 10
82.2
 20
175.2718550291377
 10
82.2
 20
175.52640048368315
 10
82.2
 20
175.78094593822863
 10
82.2
 20
176.03549139277408
 10
82.2
 20
176.29003684731953
 10
82.2
 20
176.54458230186498
 10
82.2
 20
176.79912775641043
 10
82.2
 20
177.05367321095588
 10
82.2
 20
177.30821866550133
 10
82.2
 20
177.5627641200468
  0
LWPOLYLINE
  5
245
330
17
100
AcDbEntity
  8
02-OCULTA
100
AcDbPolyline
 90
12
 70
0
 10
82.2
 20
177.5627641200468
 10
82.2
 20
177.30821866550133
 10
82.2
 20
177.05367321095588
 10
82.2
 20
176.79912775641043
 10
82.2
 20
176.54458230186498
 10
82.2
 20
176.29003684731953
 10
82.2
 20
176.03549139277408
 10
82.2
 20
175.78094593822863
 10
82.2
 20
175.52640048368315
 10
82.2
 20
175.2718550291377
 10
82.2
 20
175.01730957459225
 10
82.2
 20
174.7627641200468
  0
ARC
  5
246
330
17
100
AcDbEntity
  8
02-OCULTA
100
AcDbCircle
 10
83.8
 20
170.7627641200468
 30
0.0
 40
1.6
100
AcDbArc
 50
180.0
 51
-138.59037789072914
  0
ARC
  5
247
330
17
100
AcDbEntity
  8
02-OCULTA
100
AcDbCircle
 10
83.8
 20
178.7627641200468
 30
0.0
 40
1.6
100
AcDbArc
 50
138.59037789072912
 51
180.0
  0
LINE
  5
248
330
17
100
AcDbEntity
  8
02-OCULTA
100
AcDbLine
 10
94.2
 20
170.7627641200468
 30
0.0
 11
94.2
 21
178.7627641200468
 31
0.0
  0
ARC
  5
249
330
17
100
AcDbEntity
  8
02-OCULTA
100
AcDbCircle
 10
83.8
 20
170.7627641200468
 30
0.0
 40
1.6
100
AcDbArc
 50
180.0
 51
-90.0
  0
ARC
  5
24A
330
17
100
AcDbEntity
  8
02-OCULTA
100
AcDbCircle
 10
83.8
 20
178.7627641200468
 30
0.0
 40
1.6
100
AcDbArc
 50
90.0
 51
180.0
  0
LINE
  5
24B
330
17
100
AcDbEntity
  8
02-OCULTA
100
AcDbLine
 10
83.8
 20
169.1627641200468
 30
0.0
 11
92.60000000000001
 21
169.1627641200468
 31
0.0
  0
LINE
  5
24C
330
17
100
AcDbEntity
  8
02-OCULTA
100
AcDbLine
 10
83.8
 20
180.3627641200468
 30
0.0
 11
92.60000000000001
 21
180.3627641200468
 31
0.0
  0
ARC
  5
24D
330
17
100
AcDbEntity
  8
02-OCULTA
100
AcDbCircle
 10
92.60000000000001
 20
170.7627641200468
 30
0.0
 40
1.6
100
AcDbArc
 50
-90.0
 51
0.0
  0
ARC
  5
24E
330
17
100
AcDbEntity
  8
02-OCULTA
100
AcDbCircle
 10
92.60000000000001
 20
178.7627641200468
 30
0.0
 40
1.6
100
AcDbArc
 50
0.0
 51
90.0
  0
LINE
  5
24F
330
17
100
AcDbEntity
  8
02-OCULTA
100
AcDbLine
 10
94.2
 20
170.7627641200468
 30
0.0
 11
94.2
 21
178.7627641200468
 31
0.0
  0
LWPOLYLINE
  5
250
330
17
100
AcDbEntity
  8
02-OCULTA
100
AcDbPolyline
 90
12
 70
0
 10
77.1
 20
174.7627641200468
 10
77.1
 20
174.50821866550135
 10
77.1
 20
174.2536732109559
 10
77.1
 20
173.99912775641045
 10
77.1
 20
173.74458230186497
 10
77.1
 20
173.49003684731952
 10
77.1
 20
173.23549139277407
 10
77.1
 20
172.98094593822861
 10
77.1
 20
172.72640048368316
 10
77.1
 20
172.4718550291377
 10
77.1
 20
172.21730957459226
 10
77.1
 20
171.96276412004678
  0
LWPOLYLINE
  5
251
330
17
100
AcDbEntity
  8
02-OCULTA
100
AcDbPolyline
 90
12
 70
0
 10
77.1
 20
177.5627641200468
 10
77.1
 20
177.30821866550133
 10
77.1
 20
177.05367321095588
 10
77.1
 20
176.79912775641043
 10
77.1
 20
176.54458230186498
 10
77.1
 20
176.29003684731953
 10
77.1
 20
176.03549139277408
 10
77.1
 20
175.78094593822863
 10
77.1
 20
175.52640048368315
 10
77.1
 20
175.2718550291377
 10
77.1
 20
175.01730957459225
 10
77.1
 20
174.7627641200468
  0
LWPOLYLINE
  5
252
330
17
100
AcDbEntity
  8
02-OCULTA
100
AcDbPolyline
 90
8
 70
0
 10
88.2
 20
169.1627641200468
 10
88.45714285714286
 20
169.1627641200468
 10
88.71428571428572
 20
169.1627641200468
 10
88.97142857142858
 20
169.1627641200468
 10
89.22857142857143
 20
169.1627641200468
 10
89.4857142857143
 20
169.1627641200468
 10
89.74285714285715
 20
169.1627641200468
 10
90.0
 20
169.1627641200468
  0
LWPOLYLINE
  5
253
330
17
100
AcDbEntity
  8
02-OCULTA
100
AcDbPolyline
 90
15
 70
0
 10
90.0
 20
169.1627641200468
 10
89.74285714285715
 20
169.1627641200468
 10
89.4857142857143
 20
169.1627641200468
 10
89.22857142857143
 20
169.1627641200468
 10
88.97142857142858
 20
169.1627641200468
 10
88.71428571428572
 20
169.1627641200468
 10
88.45714285714286
 20
169.1627641200468
 10
88.2
 20
169.1627641200468
 10
87.94285714285715
 20
169.1627641200468
 10
87.68571428571428
 20
169.1627641200468
 10
87.42857142857143
 20
169.1627641200468
 10
87.17142857142858
 20
169.1627641200468
 10
86.91428571428571
 20
169.1627641200468
 10
86.65714285714286
 20
169.1627641200468
 10
86.4
 20
169.1627641200468
  0
LWPOLYLINE
  5
254
330
17
100
AcDbEntity
  8
02-OCULTA
100
AcDbPolyline
 90
8
 70
0
 10
86.4
 20
169.1627641200468
 10
86.65714285714286
 20
169.1627641200468
 10
86.91428571428571
 20
169.1627641200468
 10
87.17142857142858
 20
169.1627641200468
 10
87.42857142857143
 20
169.1627641200468
 10
87.68571428571428
 20
169.1627641200468
 10
87.94285714285715
 20
169.1627641200468
 10
88.2
 20
169.1627641200468
  0
LWPOLYLINE
  5
255
330
17
100
AcDbEntity
  8
02-OCULTA
100
AcDbPolyline
 90
8
 70
0
 10
88.2
 20
166.8627641200468
 10
88.45714285714286
 20
166.8627641200468
 10
88.71428571428572
 20
166.8627641200468
 10
88.97142857142858
 20
166.8627641200468
 10
89.22857142857143
 20
166.8627641200468
 10
89.4857142857143
 20
166.8627641200468
 10
89.74285714285715
 20
166.8627641200468
 10
90.0
 20
166.8627641200468
  0
LWPOLYLINE
  5
256
330
17
100
AcDbEntity
  8
02-OCULTA
100
AcDbPolyline
 90
8
 70
0
 10
86.4
 20
166.8627641200468
 10
86.65714285714286
 20
166.8627641200468
 10
86.91428571428571
 20
166.8627641200468
 10
87.17142857142858
 20
166.8627641200468
 10
87.42857142857143
 20
166.8627641200468
 10
87.68571428571428
 20
166.8627641200468
 10
87.94285714285715
 20
166.8627641200468
 10
88.2
 20
166.8627641200468
  0
LWPOLYLINE
  5
257
330
17
100
AcDbEntity
  8
02-OCULTA
100
AcDbPolyline
 90
28
 70
0
 10
81.2
 20
162.3627641200468
 10
81.45925925925926
 20
162.3627641200468
 10
81.71851851851852
 20
162.3627641200468
 10
81.97777777777779
 20
162.3627641200468
 10
82.23703703703704
 20
162.3627641200468
 10
82.4962962962963
 20
162.3627641200468
 10
82.75555555555556
 20
162.3627641200468
 10
83.01481481481481
 20
162.3627641200468
 10
83.27407407407408
 20
162.3627641200468
 10
83.53333333333333
 20
162.3627641200468
 10
83.7925925925926
 20
162.3627641200468
 10
84.05185185185185
 20
162.3627641200468
 10
84.31111111111112
 20
162.3627641200468
 10
84.57037037037037
 20
162.3627641200468
 10
84.82962962962964
 20
162.3627641200468
 10
85.08888888888889
 20
162.3627641200468
 10
85.34814814814816
 20
162.3627641200468
 10
85.60740740740741
 20
162.3627641200468
 10
85.86666666666666
 20
162.3627641200468
 10
86.12592592592593
 20
162.3627641200468
 10
86.3851851851852
 20
162.3627641200468
 10
86.64444444444445
 20
162.3627641200468
 10
86.9037037037037
 20
162.3627641200468
 10
87.16296296296296
 20
162.3627641200468
 10
87.42222222222223
 20
162.3627641200468
 10
87.68148148148148
 20
162.3627641200468
 10
87.94074074074074
 20
162.3627641200468
 10
88.2
 20
162.3627641200468
  0
LWPOLYLINE
  5
258
330
17
100
AcDbEntity
  8
02-OCULTA
100
AcDbPolyline
 90
29
 70
0
 10
88.2
 20
166.7627641200468
 10
88.45
 20
166.7627641200468
 10
88.7
 20
166.7627641200468
 10
88.95
 20
166.7627641200468
 10
89.2
 20
166.7627641200468
 10
89.45
 20
166.7627641200468
 10
89.7
 20
166.7627641200468
 10
89.95
 20
166.7627641200468
 10
90.2
 20
166.7627641200468
 10
90.45
 20
166.7627641200468
 10
90.7
 20
166.7627641200468
 10
90.95
 20
166.7627641200468
 10
91.2
 20
166.7627641200468
 10
91.45
 20
166.7627641200468
 10
91.7
 20
166.7627641200468
 10
91.95
 20
166.7627641200468
 10
92.2
 20
166.7627641200468
 10
92.45
 20
166.7627641200468
 10
92.7
 20
166.7627641200468
 10
92.95
 20
166.7627641200468
 10
93.2
 20
166.7627641200468
 10
93.45
 20
166.7627641200468
 10
93.7
 20
166.7627641200468
 10
93.95
 20
166.7627641200468
 10
94.2
 20
166.7627641200468
 10
94.45
 20
166.7627641200468
 10
94.7
 20
166.7627641200468
 10
94.95
 20
166.7627641200468
 10
95.2
 20
166.7627641200468
  0
LWPOLYLINE
  5
259
330
17
100
AcDbEntity
  8
02-OCULTA
100
AcDbPolyline
 90
28
 70
0
 10
81.2
 20
166.7627641200468
 10
81.45925925925926
 20
166.7627641200468
 10
81.71851851851852
 20
166.7627641200468
 10
81.97777777777779
 20
166.7627641200468
 10
82.23703703703704
 20
166.7627641200468
 10
82.4962962962963
 20
166.7627641200468
 10
82.75555555555556
 20
166.7627641200468
 10
83.01481481481481
 20
166.7627641200468
 10
83.27407407407408
 20
166.7627641200468
 10
83.53333333333333
 20
166.7627641200468
 10
83.7925925925926
 20
166.7627641200468
 10
84.05185185185185
 20
166.7627641200468
 10
84.31111111111112
 20
166.7627641200468
 10
84.57037037037037
 20
166.7627641200468
 10
84.82962962962964
 20
166.7627641200468
 10
85.08888888888889
 20
166.7627641200468
 10
85.34814814814816
 20
166.7627641200468
 10
85.60740740740741
 20
166.7627641200468
 10
85.86666666666666
 20
166.7627641200468
 10
86.12592592592593
 20
166.7627641200468
 10
86.3851851851852
 20
166.7627641200468
 10
86.64444444444445
 20
166.7627641200468
 10
86.9037037037037
 20
166.7627641200468
 10
87.16296296296296
 20
166.7627641200468
 10
87.42222222222223
 20
166.7627641200468
 10
87.68148148148148
 20
166.7627641200468
 10
87.94074074074074
 20
166.7627641200468
 10
88.2
 20
166.7627641200468
  0
LWPOLYLINE
  5
25A
330
17
100
AcDbEntity
  8
02-OCULTA
100
AcDbPolyline
 90
29
 70
0
 10
88.2
 20
162.3627641200468
 10
88.45
 20
162.3627641200468
 10
88.7
 20
162.3627641200468
 10
88.95
 20
162.3627641200468
 10
89.2
 20
162.3627641200468
 10
89.45
 20
162.3627641200468
 10
89.7
 20
162.3627641200468
 10
89.95
 20
162.3627641200468
 10
90.2
 20
162.3627641200468
 10
90.45
 20
162.3627641200468
 10
90.7
 20
162.3627641200468
 10
90.95
 20
162.3627641200468
 10
91.2
 20
162.3627641200468
 10
91.45
 20
162.3627641200468
 10
91.7
 20
162.3627641200468
 10
91.95
 20
162.3627641200468
 10
92.2
 20
162.3627641200468
 10
92.45
 20
162.3627641200468
 10
92.7
 20
162.3627641200468
 10
92.95
 20
162.3627641200468
 10
93.2
 20
162.3627641200468
 10
93.45
 20
162.3627641200468
 10
93.7
 20
162.3627641200468
 10
93.95
 20
162.3627641200468
 10
94.2
 20
162.3627641200468
 10
94.45
 20
162.3627641200468
 10
94.7
 20
162.3627641200468
 10
94.95
 20
162.3627641200468
 10
95.2
 20
162.3627641200468
  0
LWPOLYLINE
  5
25B
330
17
100
AcDbEntity
  8
02-OCULTA
100
AcDbPolyline
 90
25
 70
0
 10
88.2
 20
162.3627641200468
 10
88.45166666666667
 20
162.3627641200468
 10
88.70333333333333
 20
162.3627641200468
 10
88.955
 20
162.3627641200468
 10
89.20666666666666
 20
162.3627641200468
 10
89.45833333333334
 20
162.3627641200468
 10
89.71000000000001
 20
162.3627641200468
 10
89.96166666666667
 20
162.3627641200468
 10
90.21333333333334
 20
162.3627641200468
 10
90.465
 20
162.3627641200468
 10
90.71666666666667
 20
162.3627641200468
 10
90.96833333333333
 20
162.3627641200468
 10
91.22
 20
162.3627641200468
 10
91.47166666666666
 20
162.3627641200468
 10
91.72333333333333
 20
162.3627641200468
 10
91.97500000000001
 20
162.3627641200468
 10
92.22666666666667
 20
162.3627641200468
 10
92.47833333333334
 20
162.3627641200468
 10
92.73
 20
162.3627641200468
 10
92.98166666666667
 20
162.3627641200468
 10
93.23333333333333
 20
162.3627641200468
 10
93.485
 20
162.3627641200468
 10
93.73666666666666
 20
162.3627641200468
 10
93.98833333333333
 20
162.3627641200468
 10
94.24000000000001
 20
162.3627641200468
  0
LWPOLYLINE
  5
25C
330
17
100
AcDbEntity
  8
02-OCULTA
100
AcDbPolyline
 90
49
 70
0
 10
94.24000000000001
 20
162.3627641200468
 10
93.98833333333333
 20
162.3627641200468
 10
93.73666666666666
 20
162.3627641200468
 10
93.485
 20
162.3627641200468
 10
93.23333333333333
 20
162.3627641200468
 10
92.98166666666667
 20
162.3627641200468
 10
92.73
 20
162.3627641200468
 10
92.47833333333334
 20
162.3627641200468
 10
92.22666666666667
 20
162.3627641200468
 10
91.97500000000001
 20
162.3627641200468
 10
91.72333333333333
 20
162.3627641200468
 10
91.47166666666666
 20
162.3627641200468
 10
91.22
 20
162.3627641200468
 10
90.96833333333333
 20
162.3627641200468
 10
90.71666666666667
 20
162.3627641200468
 10
90.465
 20
162.3627641200468
 10
90.21333333333334
 20
162.3627641200468
 10
89.96166666666667
 20
162.3627641200468
 10
89.71000000000001
 20
162.3627641200468
 10
89.45833333333334
 20
162.3627641200468
 10
89.20666666666668
 20
162.3627641200468
 10
88.955
 20
162.3627641200468
 10
88.70333333333333
 20
162.3627641200468
 10
88.45166666666667
 20
162.3627641200468
 10
88.2
 20
162.3627641200468
 10
87.94833333333334
 20
162.3627641200468
 10
87.69666666666667
 20
162.3627641200468
 10
87.44500000000001
 20
162.3627641200468
 10
87.19333333333334
 20
162.3627641200468
 10
86.94166666666668
 20
162.3627641200468
 10
86.69
 20
162.3627641200468
 10
86.43833333333333
 20
162.3627641200468
 10
86.18666666666667
 20
162.3627641200468
 10
85.935
 20
162.3627641200468
 10
85.68333333333334
 20
162.3627641200468
 10
85.43166666666667
 20
162.3627641200468
 10
85.18
 20
162.3627641200468
 10
84.92833333333334
 20
162.3627641200468
 10
84.67666666666668
 20
162.3627641200468
 10
84.42500000000001
 20
162.3627641200468
 10
84.17333333333335
 20
162.3627641200468
 10
83.92166666666667
 20
162.3627641200468
 10
83.67
 20
162.3627641200468
 10
83.41833333333334
 20
162.3627641200468
 10
83.16666666666667
 20
162.3627641200468
 10
82.915
 20
162.3627641200468
 10
82.66333333333334
 20
162.3627641200468
 10
82.41166666666668
 20
162.3627641200468
 10
82.16
 20
162.3627641200468
  0
LWPOLYLINE
  5
25D
330
17
100
AcDbEntity
  8
02-OCULTA
100
AcDbPolyline
 90
25
 70
0
 10
82.16
 20
162.3627641200468
 10
82.41166666666668
 20
162.3627641200468
 10
82.66333333333334
 20
162.3627641200468
 10
82.915
 20
162.3627641200468
 10
83.16666666666667
 20
162.3627641200468
 10
83.41833333333334
 20
162.3627641200468
 10
83.67
 20
162.3627641200468
 10
83.92166666666667
 20
162.3627641200468
 10
84.17333333333333
 20
162.3627641200468
 10
84.425
 20
162.3627641200468
 10
84.67666666666668
 20
162.3627641200468
 10
84.92833333333334
 20
162.3627641200468
 10
85.18
 20
162.3627641200468
 10
85.43166666666667
 20
162.3627641200468
 10
85.68333333333334
 20
162.3627641200468
 10
85.935
 20
162.3627641200468
 10
86.18666666666667
 20
162.3627641200468
 10
86.43833333333333
 20
162.3627641200468
 10
86.69
 20
162.3627641200468
 10
86.94166666666668
 20
162.3627641200468
 10
87.19333333333333
 20
162.3627641200468
 10
87.44500000000001
 20
162.3627641200468
 10
87.69666666666667
 20
162.3627641200468
 10
87.94833333333334
 20
162.3627641200468
 10
88.2
 20
162.3627641200468
  0
LINE
  5
25E
330
17
100
AcDbEntity
  8
02-OCULTA
100
AcDbLine
 10
92.21095620926346
 20
170.7627641200468
 30
0.0
 11
92.3782017504917
 21
170.7627641200468
 31
0.0
  0
LINE
  5
25F
330
17
100
AcDbEntity
  8
02-OCULTA
100
AcDbLine
 10
92.3782017504917
 20
170.7627641200468
 30
0.0
 11
92.3782017504917
 21
178.7627641200468
 31
0.0
  0
LINE
  5
260
330
17
100
AcDbEntity
  8
02-OCULTA
100
AcDbLine
 10
92.21095620926346
 20
178.7627641200468
 30
0.0
 11
92.3782017504917
 21
178.7627641200468
 31
0.0
  0
LINE
  5
261
330
17
100
AcDbEntity
  8
02-OCULTA
100
AcDbLine
 10
92.21095620926346
 20
170.7627641200468
 30
0.0
 11
92.21095620926346
 21
178.7627641200468
 31
0.0
  0
LINE
  5
262
330
17
100
AcDbEntity
  8
02-OCULTA
100
AcDbLine
 10
105.36064870789531
 20
170.7627641200468
 30
0.0
 11
105.52789424912356
 21
170.7627641200468
 31
0.0
  0
LINE
  5
263
330
17
100
AcDbEntity
  8
02-OCULTA
100
AcDbLine
 10
105.52789424912356
 20
170.7627641200468
 30
0.0
 11
105.52789424912356
 21
178.7627641200468
 31
0.0
  0
LINE
  5
264
330
17
100
AcDbEntity
  8
02-OCULTA
100
AcDbLine
 10
105.36064870789531
 20
178.7627641200468
 30
0.0
 11
105.52789424912356
 21
178.7627641200468
 31
0.0
  0
LINE
  5
265
330
17
100
AcDbEntity
  8
02-OCULTA
100
AcDbLine
 10
105.36064870789531
 20
170.7627641200468
 30
0.0
 11
105.36064870789531
 21
178.7627641200468
 31
0.0
  0
LINE
  5
266
330
17
100
AcDbEntity
  8
02-OCULTA
100
AcDbLine
 10
92.21095620926346
 20
170.7627641200468
 30
0.0
 11
105.36064870789532
 21
170.7627641200468
 31
0.0
  0
LINE
  5
267
330
17
100
AcDbEntity
  8
02-OCULTA
100
AcDbLine
 10
92.3782017504917
 20
170.7627641200468
 30
0.0
 11
105.52789424912356
 21
170.7627641200468
 31
0.0
  0
LINE
  5
268
330
17
100
AcDbEntity
  8
02-OCULTA
100
AcDbLine
 10
92.21095620926346
 20
178.7627641200468
 30
0.0
 11
105.36064870789532
 21
178.7627641200468
 31
0.0
  0
LINE
  5
269
330
17
100
AcDbEntity
  8
02-OCULTA
100
AcDbLine
 10
92.3782017504917
 20
178.7627641200468
 30
0.0
 11
105.52789424912356
 21
178.7627641200468
 31
0.0
  0
LINE
  5
26A
330
17
100
AcDbEntity
  8
02-OCULTA
100
AcDbLine
 10
80.2
 20
170.7627641200468
 30
0.0
 11
80.00500905055176
 21
170.7627641200468
 31
0.0
  0
LINE
  5
26B
330
17
100
AcDbEntity
  8
02-OCULTA
100
AcDbLine
 10
80.2
 20
178.7627641200468
 30
0.0
 11
80.00500905055176
 21
178.7627641200468
 31
0.0
  0
LINE
  5
26C
330
17
100
AcDbEntity
  8
02-OCULTA
100
AcDbLine
 10
80.2
 20
170.7627641200468
 30
0.0
 11
80.2
 21
178.7627641200468
 31
0.0
  0
LINE
  5
26D
330
17
100
AcDbEntity
  8
02-OCULTA
100
AcDbLine
 10
80.2
 20
170.7627641200468
 30
0.0
 11
109.99834431631045
 21
170.7627641200468
 31
0.0
  0
LINE
  5
26E
330
17
100
AcDbEntity
  8
02-OCULTA
100
AcDbLine
 10
80.2
 20
178.7627641200468
 30
0.0
 11
109.99834431631045
 21
178.7627641200468
 31
0.0
  0
LWPOLYLINE
  5
26F
330
17
100
AcDbEntity
  8
02-OCULTA
100
AcDbPolyline
 90
10
 70
0
 10
82.60000000000001
 20
181.96276412004678
 10
82.33333333333334
 20
181.96276412004678
 10
82.06666666666666
 20
181.96276412004678
 10
81.8
 20
181.96276412004678
 10
81.53333333333333
 20
181.96276412004678
 10
81.26666666666667
 20
181.96276412004678
 10
81.0
 20
181.96276412004678
 10
80.73333333333333
 20
181.96276412004678
 10
80.46666666666667
 20
181.96276412004678
 10
80.2
 20
181.96276412004678
  0
LWPOLYLINE
  5
270
330
17
100
AcDbEntity
  8
02-OCULTA
100
AcDbPolyline
 90
10
 70
0
 10
82.60000000000001
 20
167.5627641200468
 10
82.33333333333334
 20
167.5627641200468
 10
82.06666666666666
 20
167.5627641200468
 10
81.8
 20
167.5627641200468
 10
81.53333333333333
 20
167.5627641200468
 10
81.26666666666667
 20
167.5627641200468
 10
81.0
 20
167.5627641200468
 10
80.73333333333333
 20
167.5627641200468
 10
80.46666666666667
 20
167.5627641200468
 10
80.2
 20
167.5627641200468
  0
CIRCLE
  5
271
330
17
100
AcDbEntity
  8
02-OCULTA
100
AcDbCircle
 10
88.2
 20
174.7627641200468
 30
0.0
 40
1.6
  0
CIRCLE
  5
272
330
17
100
AcDbEntity
  8
02-OCULTA
100
AcDbCircle
 10
88.2
 20
174.7627641200468
 30
0.0
 40
1.6
  0
LWPOLYLINE
  5
273
330
17
100
AcDbEntity
  8
02-OCULTA
100
AcDbPolyline
 90
7
 70
0
 10
96.36253340881395
 20
164.92276411851793
 10
96.44781386239555
 20
164.84925627202955
 10
96.52263309232924
 20
164.76406421158606
 10
96.59123440438647
 20
164.67379121849143
 10
96.65153918253887
 20
164.57781254332315
 10
96.6972374323312
 20
164.4742086560674
 10
96.71559027989727
 20
164.3627641200468
  0
LWPOLYLINE
  5
274
330
17
100
AcDbEntity
  8
02-OCULTA
100
AcDbPolyline
 90
7
 70
0
 10
97.2844097201027
 20
164.3627641200468
 10
97.18960648006846
 20
164.3627641200468
 10
97.09480324003422
 20
164.3627641200468
 10
97.0
 20
164.3627641200468
 10
96.90519675996578
 20
164.3627641200468
 10
96.81039351993154
 20
164.3627641200468
 10
96.71559027989731
 20
164.3627641200468
  0
LWPOLYLINE
  5
275
330
17
100
AcDbEntity
  8
02-OCULTA
100
AcDbPolyline
 90
7
 70
0
 10
97.63746659118607
 20
164.92276411851793
 10
97.55218613760445
 20
164.84925627202958
 10
97.47736690767076
 20
164.76406421158606
 10
97.40876559561354
 20
164.67379121849143
 10
97.34846081746113
 20
164.57781254332315
 10
97.3027625676688
 20
164.4742086560674
 10
97.28440972010273
 20
164.3627641200468
  0
LWPOLYLINE
  5
276
330
17
100
AcDbEntity
  8
02-OCULTA
100
AcDbPolyline
 90
7
 70
0
 10
97.64
 20
181.96276412004678
 10
97.42666666666668
 20
181.96276412004678
 10
97.21333333333334
 20
181.96276412004678
 10
97.0
 20
181.96276412004678
 10
96.78666666666668
 20
181.96276412004678
 10
96.57333333333334
 20
181.96276412004678
 10
96.36
 20
181.96276412004678
  0
LWPOLYLINE
  5
277
330
17
100
AcDbEntity
  8
02-OCULTA
100
AcDbPolyline
 90
7
 70
0
 10
96.66720042735072
 20
164.3627641200468
 10
96.72266702279227
 20
164.3627641200468
 10
96.77813361823382
 20
164.3627641200468
 10
96.83360021367537
 20
164.3627641200468
 10
96.88906680911691
 20
164.3627641200468
 10
96.94453340455846
 20
164.3627641200468
 10
97.0
 20
164.3627641200468
  0
LWPOLYLINE
  5
278
330
17
100
AcDbEntity
  8
02-OCULTA
100
AcDbPolyline
 90
7
 70
0
 10
97.0
 20
164.3627641200468
 10
97.05546659544154
 20
164.3627641200468
 10
97.1109331908831
 20
164.3627641200468
 10
97.16639978632465
 20
164.3627641200468
 10
97.22186638176619
 20
164.3627641200468
 10
97.27733297720773
 20
164.3627641200468
 10
97.3327995726493
 20
164.3627641200468
  0
LWPOLYLINE
  5
279
330
17
100
AcDbEntity
  8
02-OCULTA
100
AcDbPolyline
 90
7
 70
0
 10
96.71559027989731
 20
164.3627641200468
 10
96.76299189991443
 20
164.3627641200468
 10
96.81039351993155
 20
164.3627641200468
 10
96.85779513994866
 20
164.3627641200468
 10
96.90519675996578
 20
164.3627641200468
 10
96.95259837998289
 20
164.3627641200468
 10
97.0
 20
164.3627641200468
  0
LWPOLYLINE
  5
27A
330
17
100
AcDbEntity
  8
02-OCULTA
100
AcDbPolyline
 90
7
 70
0
 10
97.0
 20
164.3627641200468
 10
97.04740162001711
 20
164.3627641200468
 10
97.09480324003424
 20
164.3627641200468
 10
97.14220486005135
 20
164.3627641200468
 10
97.18960648006846
 20
164.3627641200468
 10
97.23700810008557
 20
164.3627641200468
 10
97.28440972010269
 20
164.3627641200468
  0
CIRCLE
  5
27B
330
17
100
AcDbEntity
  8
02-OCULTA
100
AcDbCircle
 10
88.2
 20
174.7627641200468
 30
0.0
 40
2.4000000000000004
  0
CIRCLE
  5
27C
330
17
100
AcDbEntity
  8
02-OCULTA
100
AcDbCircle
 10
88.2
 20
174.7627641200468
 30
0.0
 40
2.4000000000000004
  0
CIRCLE
  5
27D
330
17
100
AcDbEntity
  8
02-OCULTA
100
AcDbCircle
 10
88.2
 20
174.7627641200468
 30
0.0
 40
1.8
  0
CIRCLE
  5
27E
330
17
100
AcDbEntity
  8
02-OCULTA
100
AcDbCircle
 10
88.2
 20
174.7627641200468
 30
0.0
 40
1.8
  0
LWPOLYLINE
  5
27F
330
17
100
AcDbEntity
  8
02-OCULTA
100
AcDbPolyline
 90
7
 70
0
 10
64.0
 20
174.7627641200468
 10
64.0
 20
174.49609745338012
 10
64.0
 20
174.22943078671346
 10
64.0
 20
173.96276412004678
 10
64.0
 20
173.69609745338013
 10
64.0
 20
173.42943078671345
 10
64.0
 20
173.1627641200468
  0
LWPOLYLINE
  5
280
330
17
100
AcDbEntity
  8
02-OCULTA
100
AcDbPolyline
 90
7
 70
0
 10
64.0
 20
176.3627641200468
 10
64.0
 20
176.09609745338014
 10
64.0
 20
175.82943078671346
 10
64.0
 20
175.5627641200468
 10
64.0
 20
175.29609745338013
 10
64.0
 20
175.02943078671348
 10
64.0
 20
174.7627641200468
  0
LWPOLYLINE
  5
281
330
17
100
AcDbEntity
  8
02-OCULTA
100
AcDbPolyline
 90
10
 70
0
 10
77.0
 20
174.7627641200468
 10
77.0
 20
174.49609745338012
 10
77.0
 20
174.22943078671346
 10
77.0
 20
173.96276412004678
 10
77.0
 20
173.69609745338013
 10
77.0
 20
173.42943078671345
 10
77.0
 20
173.1627641200468
 10
77.0
 20
172.89609745338012
 10
77.0
 20
172.62943078671347
 10
77.0
 20
172.3627641200468
  0
LWPOLYLINE
  5
282
330
17
100
AcDbEntity
  8
02-OCULTA
100
AcDbPolyline
 90
10
 70
0
 10
77.0
 20
177.1627641200468
 10
77.0
 20
176.89609745338012
 10
77.0
 20
176.62943078671347
 10
77.0
 20
176.3627641200468
 10
77.0
 20
176.09609745338014
 10
77.0
 20
175.82943078671346
 10
77.0
 20
175.5627641200468
 10
77.0
 20
175.29609745338013
 10
77.0
 20
175.02943078671348
 10
77.0
 20
174.7627641200468
  0
LWPOLYLINE
  5
283
330
17
100
AcDbEntity
  8
02-OCULTA
100
AcDbPolyline
 90
197
 70
0
 10
96.02785186517906
 20
174.7627641200468
 10
96.0238306668207
 20
175.01365993565219
 10
96.01176883882147
 20
175.26429791053363
 10
95.99167975968182
 20
175.51442050429407
 10
95.9635844621949
 20
175.76377073488723
 10
95.92751183612145
 20
176.01209239876366
 10
95.88349878348245
 20
176.2591303189673
 10
95.83159032351827
 20
176.50463061294025
 10
95.77183964548414
 20
176.74834097154
 10
95.70430810862332
 20
176.99001094065434
 10
95.62906518985608
 20
177.2293921968281
 10
95.54618838091803
 20
177.4662388084909
 10
95.45576303784908
 20
177.70030747470145
 10
95.35788218684702
 20
177.9313577337869
 10
95.25264629153384
 20
178.15915213484902
 10
95.14016298761942
 20
178.38345636580763
 10
95.02055885906499
 20
178.6040460427718
 10
94.89395305522767
 20
178.8206927990376
 10
94.7604506939214
 20
179.03315922394523
 10
94.62019798885375
 20
179.24123145255027
 10
94.47334524854608
 20
179.44469927339966
 10
94.32004727202255
 20
179.64335630646818
 10
94.16046369206006
 20
179.8370002322404
 10
93.9947592623622
 20
180.02543306306234
 10
93.82310408584168
 20
180.20846144765028
 10
93.64567378209495
 20
180.3858969994583
 10
93.46264959312744
 20
180.55755663949807
 10
93.27421842742936
 20
180.72326294420134
 10
93.08057284359319
 20
180.88284448903818
 10
92.88191097578343
 20
181.03613617887055
 10
92.6784364044906
 20
181.18297955644027
 10
92.47035797709539
 20
181.3232230809691
 10
92.25788958380592
 20
181.45672236958183
 10
92.04124989548076
 20
181.58334039514023
 10
91.82066207068793
 20
181.70294763507883
 10
91.5963534400501
 20
181.81542216694297
 10
91.3685551764749
 20
181.92064970751088
 10
91.1375019602533
 20
182.01852359361266
 10
90.90343164822656
 20
182.1089447040013
 10
90.66658495627719
 20
182.19182132285758
 10
90.42720516430077
 20
182.26706894669277
 10
90.18553785258213
 20
182.33461003752592
 10
89.94183067815094
 20
182.39437372623937
 10
89.6963331992548
 20
182.44629547094314
 10
89.44929675558791
 20
182.4903166760058
 10
89.20097441137943
 20
182.52638427813355
 10
88.95162096790193
 20
182.55445030651984
 10
88.70149933786864
 20
182.57455150615635
 10
88.45086141668753
 20
182.58661382099177
 10
88.19996550251818
 20
182.59062831551128
 10
87.9490698561609
 20
182.58659637863428
 10
87.69843230205069
 20
182.57452567431076
 10
87.44831018773492
 20
182.55443052464474
 10
87.19896028250182
 20
182.52633226589978
 10
86.95063862148959
 20
182.49025957043142
 10
86.70360030225078
 20
182.44624872831895
 10
86.45809924134592
 20
182.3943438833061
 10
86.21438789906817
 20
182.3345972186086
 10
85.97271698083121
 20
182.26706908919556
 10
85.73333512406197
 20
182.19182809829059
 10
85.49648857961022
 20
182.10895111704255
 10
85.2624208967021
 20
182.0185232475651
 10
85.03137262031808
 20
181.92063773080366
 10
84.80358100956505
 20
181.81539580193277
 10
84.5792797851428
 20
181.7029064971826
 10
84.35869891338926
 20
181.5832864171128
 10
84.14206443364402
 20
181.45665945236874
 10
83.92959833481875
 20
181.32315647885176
 10
83.72151848613194
 20
181.18291502999287
 10
83.5180386259818
 20
181.03607895443636
 10
83.31936841192248
 20
180.8827980679105
 10
83.1257135337025
 20
180.72322780839752
 10
82.937275890341
 20
180.55752890392597
 10
82.75425383127775
 20
180.38586706241455
 10
82.57682041203114
 20
180.20843438903628
 10
82.40515950532027
 20
180.02541146305637
 10
82.23946319213916
 20
179.8369715471305
 10
82.07989657710462
 20
179.64331366901558
 10
81.92661987849816
 20
179.44464022482597
 10
81.77978812422657
 20
179.24115724583535
 10
81.6395508221748
 20
179.03307460085077
 10
81.50605161442819
 20
178.82060613388228
 10
81.37942792477037
 20
178.60396973775013
 10
81.25981060869661
 20
178.38338736523727
 10
81.14732361489816
 20
178.1590849803957
 10
81.04208366675577
 20
177.93129245362547
 10
80.94419997182094
 20
177.70024340514445
 10
80.85377396655637
 20
177.46617500242291
 10
80.77089910276077
 20
177.22932771804497
 10
80.69566068112464
 20
176.9899450552502
 10
80.62813573627544
 20
176.74827324907778
 10
80.5683929764924
 20
176.50456095156497
 10
80.5164927800334
 20
176.25905890982293
 10
80.47248724874876
 20
176.01201964602265
 10
80.43642031838952
 20
175.76369714836434
 10
80.4083279237832
 20
175.51434658198684
 10
80.38823821587309
 20
175.26422402850736
 10
80.37617182652306
 20
175.01358626248438
 10
80.37214217599536
 20
174.7626905725923
 10
80.37615581712306
 20
174.51179463470663
 10
80.3882128094287
 20
174.26115644345325
 10
80.40830711577837
 20
174.01103430809934
 10
80.4364238477935
 20
173.76168651368187
 10
80.47249680064365
 20
173.51336491022636
 10
80.51651330228634
 20
173.266327609216
 10
80.5684259008022
 20
173.02082818998574
 10
80.6281800858614
 20
172.77711868848988
 10
80.69571403813919
 20
172.53544939122128
 10
80.77095842590495
 20
172.29606859466392
 10
80.85383625221687
 20
172.0592223385848
 10
80.94426275509652
 20
171.82515412175792
 10
81.04214536193355
 20
171.5941046088784
 10
81.14738369820043
 20
171.36631133745328
 10
81.25986964936459
 20
171.1420084333367
 10
81.37948747369792
 20
170.92142634330781
 10
81.50611396252903
 20
170.70479159266765
 10
81.6396186433893
 20
170.4923265752694
 10
81.77986402049412
 20
170.2842493827048
 10
81.9267058460972
 20
170.08077367856637
 10
82.07999341547487
 20
169.8821086228181
 10
82.23956987764792
 20
169.6884588503524
 10
82.40527255343618
 20
169.50002450682433
 10
82.5767330360658
 20
169.31681094023546
 10
82.75389205336876
 20
169.13910539214834
 10
82.93679122598762
 20
168.96731324666519
 10
83.12520216308182
 20
168.80158447084438
 10
83.31889813130805
 20
168.64206446823027
 10
83.51765348469074
 20
168.48889426276753
 10
83.72124312699692
 20
168.34221060444546
 10
83.92944201000479
 20
168.20214600386956
 10
84.14202467056839
 20
168.0688287024901
 10
84.35876480899913
 20
167.94238258485152
 10
84.57943491097393
 20
167.82292703895678
 10
84.80380591490857
 20
167.7105767706557
 10
85.03164692647948
 20
167.60544157785765
 10
85.26272498171856
 20
167.50762609032012
 10
85.49680485982636
 20
167.41722948076463
 10
85.73364894653888
 20
167.33434515310157
 10
85.97301714853324
 20
167.25906041359224
 10
86.21466685896245
 20
167.19145613082298
 10
86.45835297377023
 20
167.13160639039498
 10
86.70382795795169
 20
167.07957815023119
 10
86.95084196040334
 20
167.0354309023522
 10
87.19914297545242
 20
166.99921634686314
 10
87.44847704858073
 20
166.97097808371404
 10
87.69858852327874
 20
166.95075132753584
 10
87.9492203253898
 20
166.93856265051014
 10
88.20011428075573
 20
166.9344297577975
 10
88.45101146146214
 20
166.93836129953206
 10
88.70165255552708
 20
166.95035672278902
 10
88.9517782544905
 20
166.9704061662583
 10
89.20112965306146
 20
166.99849039962317
 10
89.44944865477243
 20
167.03458080885846
 10
89.6964783774872
 20
167.07863942785005
 10
89.94196355261265
 20
167.13061901590908
 10
90.18565091197675
 20
167.19046317993423
 10
90.42728955655448
 20
167.2581065391772
 10
90.66663130154083
 20
167.33347492981258
 10
90.90343099267928
 20
167.41648564581607
 10
91.1374467892398
 20
167.50704771203021
 10
91.36844040959099
 20
167.6050621847548
 10
91.59617733590737
 20
167.71042247474404
 10
91.82042697518177
 20
167.82301468713538
 10
92.04096277435363
 20
167.94271797256505
 10
92.25756228800536
 20
168.06940488355048
 10
92.47000719770196
 20
168.20294173012422
 10
92.67808328264489
 20
168.34318892868322
 10
92.88158034186777
 20
168.49000133805882
 10
93.08029206871258
 20
168.6432285769008
 10
93.27401587878649
 20
168.80271531659113
 10
93.46255269301075
 20
168.9683015440434
 10
93.6457066777361
 20
169.1398227888852
 10
93.8232849442206
 20
169.3171103096503
 10
93.9950972100541
 20
169.49999123370904
 10
94.16095542538154
 20
169.68828864572666
 10
94.32067336704085
 20
169.88182161944763
 10
94.47406620400898
 20
170.08040518755146
 10
94.62095003786634
 20
170.2838502442026
 10
94.76114142237049
 20
170.49196337472074
 10
94.89445686670868
 20
170.7045466065266
 10
95.02071232761074
 20
170.92139707517518
 10
95.1401629876194
 20
171.14207187428596
 10
95.25264629153382
 20
171.36637610524457
 10
95.35788218684702
 20
171.59417050630668
 10
95.45576303784907
 20
171.82522076539215
 10
95.54618838091803
 20
172.05928943160268
 10
95.62906518985609
 20
172.2961360432655
 10
95.70430810862332
 20
172.53551729943925
 10
95.77183964548414
 20
172.7771872685536
 10
95.83159032351827
 20
173.02089762715332
 10
95.88349878348247
 20
173.2663979211263
 10
95.92751183612145
 20
173.51343584132994
 10
95.9635844621949
 20
173.76175750520636
 10
95.9916797596818
 20
174.01110773579953
 10
96.01176883882145
 20
174.26123032955994
 10
96.0238306668207
 20
174.5118683044414
 10
96.02785186517906
 20
174.7627641200468
  0
LWPOLYLINE
  5
284
330
17
100
AcDbEntity
  8
02-OCULTA
100
AcDbPolyline
 90
209
 70
0
 10
96.4843017379878
 20
174.7627641200468
 10
96.48054358663656
 20
175.0129754547885
 10
96.46921222942976
 20
175.26295834970753
 10
96.45032604250223
 20
175.5124842360797
 10
96.42390805659532
 20
175.7613254547004
 10
96.38998628538997
 20
176.00925524194238
 10
96.34859403718774
 20
176.25604776598811
 10
96.29977020481908
 20
176.50147820899227
 10
96.24355952907285
 20
176.74532289053064
 10
96.18001283141409
 20
176.98735942729942
 10
96.10918721229524
 20
177.2273669236614
 10
96.03114621197005
 20
177.4651261873071
 10
95.94595993138654
 20
177.700419964023
 10
95.85370511145958
 20
177.9330331853551
 10
95.75446516979513
 20
178.1627532228299
 10
95.64833019474182
 20
178.38937014236384
 10
95.53539689746775
 20
178.6126769525566
 10
95.41576852358244
 20
178.8324698407331
 10
95.28955472662798
 20
179.0485483908677
 10
95.15687140653158
 20
179.26071577789133
 10
95.01784051682785
 20
179.46877893333965
 10
94.8725898451071
 20
179.67254867783473
 10
94.72125277171601
 20
179.87183981649343
 10
94.56396801221793
 20
180.06647119400458
 10
94.40087934951002
 20
180.256265706799
 10
94.23213536179013
 20
180.4410502704335
 10
94.05788915277228
 20
180.62065574100694
 10
93.87829809067253
 20
180.79491679010985
 10
93.69352356253651
 20
180.96367173346303
 10
93.50373075046875
 20
181.12676231402236
 10
93.30908843626854
 20
181.2840334409057
 10
93.10980416711033
 20
181.43537967106943
 10
92.90603480912448
 20
181.580630813938
 10
92.6979653141711
 20
181.7196521795721
 10
92.48578932698852
 20
181.85232173793383
 10
92.26970280813609
 20
181.9785219036874
 10
92.04990420437275
 20
182.09813980231561
 10
91.82659456932701
 20
182.2110675482427
 10
91.5999776351502
 20
182.3172025283824
 10
91.37025983643984
 20
182.4164476846543
 10
91.13765028833826
 20
182.50871178920096
 10
90.90236072134026
 20
182.5939097063002
 10
90.66460537597172
 20
182.67196263531227
 10
90.42460086111187
 20
182.74279832943478
 10
90.18256598030884
 20
182.80635128555642
 10
89.93872153096697
 20
182.86256290110367
 10
89.69329008174732
 20
182.91138159445373
 10
89.44649573390761
 20
182.95276288622915
 10
89.19856387260312
 20
182.98666943958517
 10
88.9497209143668
 20
183.01307105842778
 10
88.70019405708132
 20
183.03194464334567
 10
88.45021103874699
 20
183.04327410588158
 10
88.1999999112393
 20
183.0470502425914
 10
87.94978883504697
 20
183.04327057112462
 10
87.69980590069302
 20
183.0319391312944
 10
87.45027898218251
 20
183.0130662547788
 10
87.20143562740353
 20
182.98666830769506
 10
86.9535029899493
 20
182.95276741081665
 10
86.7067078063445
 20
182.91139114265587
 10
86.46127642216251
 20
182.86257223101637
 10
86.21743487002678
 20
182.80634823894013
 10
85.97539689190774
 20
182.74280645110335
 10
85.73538848858739
 20
182.67198406506355
 10
85.4976323836741
 20
182.59393351639187
 10
85.2623440139919
 20
182.5087323222837
 10
85.0297367366113
 20
182.41646250364178
 10
84.80002172989775
 20
182.31721088755594
 10
84.57340785373306
 20
182.21106937846943
 10
84.35010147448861
 20
182.09813519446203
 10
84.1303062606008
 20
181.9785110656183
 10
83.91422295483508
 20
181.85230539204443
 10
83.70204912951235
 20
181.71963235974596
 10
83.49397893109521
 20
181.58061201327953
 10
83.29020282057745
 20
181.43537028483422
 10
83.09090731607861
 20
181.28403898016762
 10
82.89627474390889
 20
181.12675572260946
 10
82.70648300413325
 20
180.9636638571285
 10
82.52170535632798
 20
180.79491231722312
 10
82.34211023079081
 20
180.62065545812337
 10
82.16786106994562
 20
180.4410528604656
 10
81.99911620408423
 20
180.25626910920562
 10
81.83602876492566
 20
180.06647355305896
 10
81.67874663976178
 20
179.87184005018932
 10
81.52741246821697
 20
179.67254670620412
 10
81.38216368289206
 20
179.46877561075226
 10
81.24313259441048
 20
179.26071257916433
 10
81.11044652064875
 20
179.04854690562703
 10
80.98422795922977
 20
178.8324711343571
 10
80.86459480169562
 20
178.61268085514305
 10
80.75166058716155
 20
178.38937452947377
 10
80.64553479269014
 20
178.16275335328217
 10
80.5462905732431
 20
177.93303495606702
 10
80.45402057479963
 20
177.70042779881697
 10
80.36883063927372
 20
177.46513536985816
 10
80.2907923046979
 20
177.22737524326845
 10
80.21997232327283
 20
176.98736608810387
 10
80.15643236235164
 20
176.7453277840067
 10
80.10022870412476
 20
176.50148148505542
 10
80.0514119502818
 20
176.2560496339916
 10
80.01002673767661
 20
176.0092559295006
 10
79.97611147070856
 20
175.76132524977294
 10
79.94969807574655
 20
175.5124835361225
 10
79.93081178245728
 20
175.26295764096733
 10
79.91947093635423
 20
175.01297514497764
 10
79.91568684626097
 20
174.76276414864438
 10
79.91946366968808
 20
174.5125530439068
 10
79.93079833836765
 20
174.26257027178528
 10
79.9496805253851
 20
174.0130440721833
 10
79.97609265451327
 20
173.76420223214404
 10
80.01000995150218
 20
173.51627183886436
 10
80.05140053623222
 20
173.26947904368407
 10
80.10022555381308
 20
173.0240488430805
 10
80.1564393419263
 20
172.78020488241677
 10
80.2199896309779
 20
172.53816928782462
 10
80.29081777296423
 20
172.29816253116076
 10
80.36885899436673
 20
172.0604033324776
 10
80.45404266788549
 20
171.8251086039046
 10
80.54629259739845
 20
171.5924934382676
 10
80.64552731019126
 20
171.36277114519143
 10
80.7516603502337
 20
171.13615333685175
 10
80.86460056607433
 20
170.9128500649782
 10
80.98423116310155
 20
170.6930581904805
 10
81.1104284977996
 20
170.4769700764263
 10
81.24310719320367
 20
170.26479982727918
 10
81.38213975796198
 20
170.05673780669352
 10
81.52739494973764
 20
169.85297129091083
 10
81.67873749441199
 20
169.65368430915927
 10
81.83602784499234
 20
169.45905745031476
 10
81.99912198247229
 20
169.26926764206786
 10
82.16787126031916
 20
169.08448790897916
 10
82.34212229364363
 20
168.90488711590524
 10
82.52171689344247
 20
168.73062970331668
 10
82.7064920456063
 20
168.56187542100218
 10
82.89627993365875
 20
168.3987790665391
 10
83.09090800345821
 20
168.24149023471034
 10
83.29019906736046
 20
168.09015308374978
 10
83.4939714446298
 20
167.94490612390544
 10
83.7020391342137
 20
167.8058820333223
 10
83.91421201537796
 20
167.67320750567382
 10
84.13029607115129
 20
167.5470031333213
 10
84.35009362906311
 20
167.42738332906697
 10
84.57340361328492
 20
167.3144562888072
 10
84.80002180201154
 20
167.20832399660137
 10
85.02974108374492
 20
167.10908227286967
 10
85.26235170606911
 20
167.01682086563642
 10
85.4976415105256
 20
166.93162358395958
 10
85.73539614730468
 20
166.85356847194794
 10
85.97539926364863
 20
166.78272802107614
 10
86.21743266010424
 20
166.71916941787072
 10
86.46127640904947
 20
166.66295482346345
 10
86.7067089302357
 20
166.61414168099205
 10
86.9535049586685
 20
166.57276978111267
 10
87.20143379660064
 20
166.53884147936688
 10
87.45027597386218
 20
166.51243276534333
 10
87.69980290298078
 20
166.4935603232536
 10
87.94978614931827
 20
166.4822360329047
 10
88.1999973766191
 20
166.47846664883622
 10
88.45020834407882
 20
166.48225348922534
 10
88.70019095145022
 20
166.49359214021527
 10
88.94971732824402
 20
166.51247218096685
 10
89.19855996262119
 20
166.53887693431147
 10
89.44649186513199
 20
166.57278324739747
 10
89.69328676204346
 20
166.6141613061615
 10
89.93871931263376
 20
166.66297448682712
 10
90.18256534452733
 20
166.71917924693665
 10
90.42460210091868
 20
166.78272505766998
 10
90.6646084933922
 20
166.8535543784072
 10
90.90236535400207
 20
166.93160267366483
 10
91.13765568033382
 20
167.01679847169643
 10
91.37026486743062
 20
167.10906346321445
 10
91.5999809207293
 20
167.2083126378798
 10
91.82659464450907
 20
167.3144544554375
 10
92.0498998007992
 20
167.4273910476642
 10
92.26969323420867
 20
167.54701844665288
 10
92.48577495871865
 20
167.67322683439923
 10
92.69794820309667
 20
167.80590080818064
 10
92.90601941223947
 20
167.94491965583575
 10
93.10979820240729
 20
168.09015763475702
 10
93.30909726896643
 20
168.24148424819657
 10
93.50373224589111
 20
168.39876451234912
 10
93.6935215168851
 20
168.5618592075996
 10
93.87828743202385
 20
168.73062356147926
 10
94.05789351108247
 20
168.90486908659787
 10
94.23214730839189
 20
169.08446716247104
 10
94.40089339053571
 20
169.26924979201593
 10
94.56398038826879
 20
169.45904572271786
 10
94.72126123087708
 20
169.6536802593082
 10
94.87259339751382
 20
169.8529751226475
 10
95.01783917897656
 20
170.0567483549756
 10
95.15686594344426
 20
170.26481427106478
 10
95.28954639981517
 20
170.47698345415793
 10
95.41575885248169
 20
170.69306279490556
 10
95.53538744165944
 20
170.91285557084154
 10
95.64832236375612
 20
171.13616156327734
 10
95.75446006672333
 20
171.3627772078585
 10
95.85370341587817
 20
171.5924957744381
 10
95.94596182630342
 20
171.82510757138854
 10
96.03115135862596
 20
172.0604001690133
 10
96.10919477571917
 20
172.2981586363453
 10
96.18002155866074
 20
172.53816578533542
 10
96.24356788108594
 20
172.78020241624915
 10
96.29977654189014
 20
173.02404755800524
 10
96.34859685703645
 20
173.26947869720163
 10
96.38998451199829
 20
173.5162719896779
 10
96.42390137709964
 20
173.76420244865153
 10
96.45031528869568
 20
174.01304410372308
 10
96.46919979975632
 20
174.26257012536297
 10
96.48053390397142
 20
174.51255290985333
 10
96.4843017379878
 20
174.7627641200468
  0
LWPOLYLINE
  5
285
330
17
100
AcDbEntity
  8
02-OCULTA
100
AcDbPolyline
 90
46
 70
0
 10
89.99622809671459
 20
174.7627641200468
 10
89.97879784117649
 20
175.01275085417782
 10
89.92662485442382
 20
175.2578573740324
 10
89.84089712641976
 20
175.49333613625032
 10
89.72327301654306
 20
175.7146138547405
 10
89.57600240349693
 20
175.91737087880574
 10
89.401933086517
 20
176.09764524993855
 10
89.20445580284566
 20
176.25192337608064
 10
88.9874239468
 20
176.37720810513113
 10
88.75506817650648
 20
176.47106935121644
 10
88.51191209865912
 20
176.53168511866528
 10
88.26268696235938
 20
176.55787625408612
 10
88.01224198208276
 20
176.54913241861956
 10
87.76545019570965
 20
176.5056242260379
 10
87.52711342812272
 20
176.4281985899963
 10
87.30187054423637
 20
176.31835893452742
 10
87.09411020293814
 20
176.178235138362
 10
86.90788545948409
 20
176.0105469610369
 10
86.74682708693672
 20
175.8185594322012
 10
86.61405861901389
 20
175.60602302908464
 10
86.51212886071019
 20
175.37709122767228
 10
86.44299369227458
 20
175.1362183765494
 10
86.40809605353299
 20
174.88806479030646
 10
86.4080761880828
 20
174.6374654981975
 10
86.44302753513978
 20
174.38931775146906
 10
86.51214147631427
 20
174.14843853379992
 10
86.6140508662528
 20
173.9194978596227
 10
86.74681521512213
 20
173.70695911435845
 10
86.90787916313691
 20
173.51497636745506
 10
87.09411024501043
 20
173.34729519295786
 10
87.30187351382415
 20
173.20717561747955
 10
87.52711630899896
 20
173.09733565654966
 10
87.76545204544392
 20
173.01990679343396
 10
88.01224323935334
 20
172.9763953299001
 10
88.26268814451937
 20
172.96765007223416
 10
88.51191322488181
 20
172.99384159763707
 10
88.7550690834485
 20
173.0544582550123
 10
88.98742477487444
 20
173.14831972673443
 10
89.20445690536206
 20
173.27360398986858
 10
89.4019343435268
 20
173.42788189953063
 10
89.57600275888778
 20
173.60815711173538
 10
89.72327123472895
 20
173.81091567868242
 10
89.84089383600335
 20
174.03219423439967
 10
89.9266240163209
 20
174.26767217216909
 10
89.97880333498016
 20
174.51277734871735
 10
89.99622809671459
 20
174.7627641200468
  0
LWPOLYLINE
  5
286
330
17
100
AcDbEntity
  8
02-OCULTA
100
AcDbPolyline
 90
47
 70
0
 10
90.04427046042836
 20
174.7627641200468
 10
90.02709372186752
 20
175.01389191678655
 10
89.97587705783
 20
175.26034148904125
 10
89.89158782943575
 20
175.49752448800515
 10
89.77578119764955
 20
175.72101770504324
 10
89.63061863119998
 20
175.92665894507792
 10
89.45881532475615
 20
176.1106266899869
 10
89.26355791292957
 20
176.26948211283394
 10
89.04848376297066
 20
176.4002625215344
 10
88.81760809121823
 20
176.50054687015333
 10
88.5752285702976
 20
176.56846286275163
 10
88.32585754093616
 20
176.60273388657137
 10
88.07414237339134
 20
176.60273295762406
 10
87.8247708508749
 20
176.56846557785173
 10
87.58239034662455
 20
176.50055242167434
 10
87.35151749119287
 20
176.4002616940732
 10
87.13644507623378
 20
176.2694781023841
 10
86.9411859145887
 20
176.11062516997828
 10
86.76938090545376
 20
175.92665917677797
 10
86.62421872746249
 20
175.7210175453413
 10
86.50841402545842
 20
175.4975237216942
 10
86.42411932903599
 20
175.26034313520043
 10
86.37291017751919
 20
175.01389200223105
 10
86.35572722975807
 20
174.76276415324557
 10
86.37290633120418
 20
174.51163615359857
 10
86.42412343341603
 20
174.2651867723723
 10
86.5084104824981
 20
174.0280028723664
 10
86.62421455061802
 20
173.80450809294078
 10
86.76937982848392
 20
173.59886898426308
 10
86.94118829265392
 20
173.41490600207388
 10
87.13644367767758
 20
173.2560483623473
 10
87.35151594948083
 20
173.12526483731392
 10
87.58239235791078
 20
173.02498219289757
 10
87.8247708769675
 20
172.9570626283304
 10
88.07414168603174
 20
172.92278860959973
 10
88.3258568096152
 20
172.92279646184235
 10
88.57522797957559
 20
172.9570676209795
 10
88.81760910050687
 20
173.0249777593018
 10
89.04848285421991
 20
173.12526612586663
 10
89.26355502870068
 20
173.25605029304305
 10
89.45881288644024
 20
173.41490429728526
 10
89.63062110117077
 20
173.5988670165956
 10
89.77577951193022
 20
173.80451122649598
 10
89.89158709156571
 20
174.02800403524606
 10
89.97587893518522
 20
174.26518606415124
 10
90.02709264755647
 20
174.51163618169042
 10
90.04427046042836
 20
174.7627641200468
  0
LWPOLYLINE
  5
287
330
17
100
AcDbEntity
  8
02-OCULTA
100
AcDbPolyline
 90
401
 70
0
 10
106.4375
 20
174.7627641200468
 10
106.43525430697967
 20
175.04922732167446
 10
106.42850659874705
 20
175.3356198464053
 10
106.41725945774748
 20
175.6218709812864
 10
106.40151638718228
 20
175.9079100810795
 10
106.3812818323537
 20
176.19366657538066
 10
106.35656120092699
 20
176.47906997740742
 10
106.32736088201325
 20
176.76404989434542
 10
106.29368826398273
 20
177.04853603914262
 10
106.25555175092515
 20
177.33245824363408
 10
106.21296077768051
 20
177.61574647287676
 10
106.16592582337123
 20
177.89833084057
 10
106.11445842337417
 20
178.1801416254337
 10
106.0585711796794
 20
178.46110928841327
 10
105.99827776959084
 20
178.7411644905785
 10
105.93359295273234
 20
179.02023811158003
 10
105.86453257633235
 20
179.2982612685268
 10
105.79111357876855
 20
179.57516533514672
 10
105.7133539913641
 20
179.85088196109086
 10
105.63127293843544
 20
180.12534309124348
 10
105.54489063560219
 20
180.39848098489944
 10
105.45422838637788
 20
180.67022823467244
 10
105.35930857707088
 20
180.94051778499886
 10
105.26015467003315
 20
181.2092829501049
 10
105.15679119530407
 20
181.47645743130747
 10
105.04924374070549
 20
181.74197533352228
 10
104.93753894045271
 20
182.00577118085766
 10
104.82170446235419
 20
182.2677799311764
 10
104.70176899368161
 20
182.5279369895129
 10
104.57776222579835
 20
182.78617822023932
 10
104.44971483764269
 20
183.04243995787877
 10
104.31765847816825
 20
183.29665901647144
 10
104.18162574785059
 20
183.54877269740487
 10
104.04165017937457
 20
183.79871879562688
 10
103.89776621762269
 20
184.04643560416685
 10
103.75000919908908
 20
184.29186191689757
 10
103.59841533084816
 20
184.53493702947827
 10
103.44302166921086
 20
184.77560073842534
 10
103.28386609820477
 20
185.01379333826637
 10
103.12098730801671
 20
185.24945561673894
 10
102.95442477835573
 20
185.4825288515028
 10
102.78424978063032
 20
185.71297769691827
 10
102.61046544704413
 20
185.94071703926656
 10
102.43311729595844
 20
186.1656922336361
 10
102.25225131808631
 20
186.38784917060497
 10
102.06791400352041
 20
186.60713428773775
 10
101.88015236703013
 20
186.82349458281976
 10
101.68901397157084
 20
187.03687762868677
 10
101.49454694995433
 20
187.24723158950766
 10
101.29680002463482
 20
187.4545052383751
 10
101.09582252557198
 20
187.65864797605886
 10
100.89166440613803
 20
187.85960985077475
 10
100.68437625704354
 20
188.05734157882148
 10
100.47400931826333
 20
188.2517945659372
 10
100.26061548895106
 20
188.4429209292267
 10
100.04424733533888
 20
188.63067351951068
 10
99.82495809662628
 20
188.81500594394836
 10
99.60280168887003
 20
188.99587258878614
 10
99.37783270689565
 20
189.17322864208558
 10
99.15010642425861
 20
189.3470301162865
 10
98.91967879129231
 20
189.51723387046252
 10
98.68660643128783
 20
189.68379763212974
 10
98.45094663485901
 20
189.84668001847288
 10
98.21275735255469
 20
190.00584055685655
 10
97.97209718578796
 20
190.16123970449425
 10
97.7290253761604
 20
190.3128388671532
 10
97.48360179326687
 20
190.4606004167785
 10
97.235886921074
 20
190.60448770792604
 10
96.98594184297244
 20
190.7444650929015
 10
96.73382822560981
 20
190.88049793550869
 10
96.47960830161759
 20
191.01255262331964
 10
96.22334485135059
 20
191.140596578386
 10
95.96510118376364
 20
191.26459826632052
 10
95.70494111655401
 20
191.38452720368554
 10
95.44292895570277
 20
191.5003539636362
 10
95.17912947455179
 20
191.61205017977298
 10
94.91360789255565
 20
191.71958854817052
 10
94.6464298538504
 20
191.82294282755677
 10
94.37766140578256
 20
191.92208783762842
 10
94.10736897754262
 20
192.0169994554965
 10
93.8356193590483
 20
192.1076546102667
 10
93.56247968022181
 20
192.1940312757686
 10
93.28801739080522
 20
192.27610846145578
 10
93.01230024085638
 20
192.3538662015103
 10
92.73539626206613
 20
192.42728554219156
 10
92.45737375003527
 20
192.49634852747965
 10
92.1783012476466
 20
192.56103818307062
 10
91.89824752966469
 20
192.62133849878956
 10
91.61728158869224
 20
192.677234409494
 10
91.33547262260802
 20
192.72871177454823
 10
91.05289002360733
 20
192.77575735595502
 10
90.76960336896198
 20
192.8183587952376
 10
90.48568241361171
 20
192.85650458917084
 10
90.20119708469505
 20
192.89018406446584
 10
89.91621747812283
 20
192.9193873515174
 10
89.6308138572926
 20
192.94410535732845
 10
89.34505665403849
 20
192.96432973772988
 10
89.0590164719055
 20
192.98005286901898
 10
88.77276409235527
 20
192.99126783575994
 10
88.48637184028163
 20
192.99802684740288
 10
88.19990870437655
 20
193.00028060262662
 10
87.91344554009565
 20
192.99803020426046
 10
87.62705313116011
 20
192.99127758819773
 10
87.34080218866437
 20
192.98002554853628
 10
87.05476334813591
 20
192.96427776199224
 10
86.76900716463868
 20
192.94403881147048
 10
86.48360410601748
 20
192.9193142086797
 10
86.19862454438439
 20
192.8901104156859
 10
85.91413874595435
 20
192.85643486530302
 10
85.63021685934108
 20
192.81829598022594
 10
85.34692890242928
 20
192.77570319081738
 10
85.0643447479432
 20
192.72866695146658
 10
84.7825341078361
 20
192.67719875544554
 10
84.50156651662834
 20
192.62131114819573
 10
84.22151131382542
 20
192.56101773898607
 10
83.9424376255502
 20
192.4963332108918
 10
83.66441434552608
 20
192.42727332905181
 10
83.38751011554936
 20
192.35385494717156
 10
83.11179330559138
 20
192.27609601224717
 10
82.83733199367092
 20
192.1940155674962
 10
82.5641939456383
 20
192.1076337534899
 10
82.29244659501224
 20
192.01697180749105
 10
82.02215702300936
 20
191.92205206101147
 10
81.75339193890495
 20
191.8228979356129
 10
81.48621766086181
 20
191.71953393698385
 10
81.22070009736032
 20
191.61198564733564
 10
80.95690472936093
 20
191.50027971616876
 10
80.69489659332518
 20
191.38444384947041
 10
80.43474026521788
 20
191.26450679741313
 10
80.1764998456074
 20
191.14049834063155
 10
79.92023894597624
 20
191.01244927516393
 10
79.66602067634801
 20
190.88039139615145
 10
79.41390763433053
 20
190.74435748039602
 10
79.16396189566817
 20
190.6043812678838
 10
78.9162450063903
 20
190.4604974423881
 10
78.6708179766346
 20
190.31274161127047
 10
78.42774127621719
 20
190.16115028460467
 10
78.18707483201428
 20
190.00576085375167
 10
77.9488780272115
 20
189.8466115695194
 10
77.7132097024708
 20
189.68374152004316
 10
77.48012815905543
 20
189.51719060852605
 10
77.24969116394752
 20
189.3469995309822
 10
77.02195595698427
 20
189.1732097541259
 10
76.79697926003135
 20
188.99586349355323
 10
76.57481728820514
 20
188.8150036923627
 10
76.35552576314832
 20
188.630674000363
 10
76.13915992835568
 20
188.44291875401652
 10
75.92577332046808
 20
188.25178433988896
 10
75.71541729735797
 20
188.05731955333061
 10
75.50814301486905
 20
187.8595732960059
 10
75.30400098887742
 20
187.6585950774718
 10
75.10304107628507
 20
187.45443502966435
 10
74.90531245525845
 20
187.24714391944
 10
74.71086360485921
 20
187.03677315916178
 10
74.51974228421304
 20
186.82337481532667
 10
74.33199551136245
 20
186.60700161523772
 10
74.1476695419486
 20
186.38770695173324
 10
73.96680984786516
 20
186.16554488599218
 10
73.78946109602623
 20
185.94057014844378
 10
73.61566712738721
 20
185.71283813781648
 10
73.44547093635528
 20
185.4824049183705
 10
73.27891465072224
 20
185.24932721536507
 10
73.11603951224899
 20
185.0136624088207
 10
72.95688585802594
 20
184.77546852564342
 10
72.80149310272925
 20
184.53480423018672
 10
72.6498997218866
 20
184.29172881333344
 10
72.50214323626055
 20
184.04630218018775
 10
72.35826019745095
 20
183.79858483647402
 10
72.21828617481059
 20
183.5486378737453
 10
72.08225574376102
 20
183.2965229535114
 10
71.95020247558773
 20
183.0423022904011
 10
71.82215892878503
 20
182.78603863447856
 10
71.69815664201354
 20
182.52779525283893
 10
71.57822612872312
 20
182.2676359106118
 10
71.46239687348603
 20
182.0056248515048
 10
71.35069733007565
 20
181.74182677802284
 10
71.2431549213164
 20
181.47630683150032
 10
71.1397960407221
 20
181.209130572086
 10
71.04064605592947
 20
180.94036395882083
 10
70.94572931392537
 20
180.67007332995027
 10
70.8550691480565
 20
180.3983253836118
 10
70.76868788680143
 20
180.1251871590385
 10
70.686606864276
 20
179.8507260184185
 10
70.60884643243472
 20
179.57500962954805
 10
70.53542597492229
 20
179.2981059494142
 10
70.46636392252125
 20
179.02008320884127
 10
70.40167777013448
 20
178.7410098983312
 10
70.34138409523337
 20
178.46095475522634
 10
70.28549857769596
 20
178.179986752318
 10
70.23403602095262
 20
177.89817508802253
 10
70.18701035790231
 20
177.61558918084575
 10
70.14440525886565
 20
177.3323030890506
 10
70.10626339945182
 20
177.04838161298005
 10
70.07259209382451
 20
176.76389532038488
 10
70.04339786777602
 20
176.47891478436998
 10
70.01868643264925
 20
176.19351058898457
 10
69.99846265954338
 20
175.90775333255402
 10
69.98273055393585
 20
175.6217136288233
 10
69.97149323085006
 20
175.33546210598632
 10
69.96475289069376
 20
175.04906940368295
 10
69.9625107958891
 20
174.76260616804876
 10
69.96476724841045
 20
174.4761430449096
 10
69.97152156834093
 20
174.18975067121804
 10
69.98277207355325
 20
173.9034996648338
 10
69.99851606061426
 20
173.61746061275613
 10
70.01874978700656
 20
173.3317040579206
 10
70.04346845475322
 20
173.0463004846775
 10
70.07266619552495
 20
172.7613203030736
 10
70.10633605730082
 20
172.47683383206382
 10
70.14446999264618
 20
172.1929112817814
 10
70.18705884866239
 20
171.90962273500034
 10
70.23409235865486
 20
171.62703812792563
 10
70.28555913555621
 20
171.34522723044904
 10
70.34144666713263
 20
171.06425962601062
 10
70.40174131299166
 20
170.78420469120698
 10
70.46642830340008
 20
170.50513157528752
 10
70.535491739911
 20
170.22710917968087
 10
70.60891459778907
 20
169.95020613769216
 10
70.68667873021349
 20
169.6744907945111
 10
70.76876487422814
 20
169.4000311876688
 10
70.85515265839942
 20
169.12689502807856
 10
70.9458206121318
 20
168.85514968179396
 10
71.04074617658344
 20
168.58486215261158
 10
71.13990571711392
 20
168.31609906564447
 10
71.24327453718848
 20
168.0489266519853
 10
71.35082689365464
 20
167.78341073457472
 10
71.46253601329973
 20
167.51961671538263
 10
71.57837411058965
 20
167.25760956400777
 10
71.69831240648378
 20
166.99745380778973
 10
71.8223211482132
 20
166.73921352352548
 10
71.95036962990476
 20
166.48295233087217
 10
72.08242621392719
 20
166.22873338751288
 10
72.2184583528321
 20
165.97661938615346
 10
72.35843261175688
 20
165.7266725534123
 10
72.50231469115413
 20
165.4789546506559
 10
72.65006944970833
 20
165.23352697682776
 10
72.80166092729826
 20
164.99045037330816
 10
72.95705236786068
 20
164.74978523083763
 10
73.11620624200978
 20
164.5115914985275
 10
73.27908426926483
 20
164.2759286949754
 10
73.44564743973744
 20
164.0428559214954
 10
73.61585603512944
 20
163.81243187746713
 10
73.78966923935785
 20
163.5847145609341
 10
73.96651429525302
 20
163.35934392327405
 10
74.14698679075263
 20
163.13686743295256
 10
74.33102760190214
 20
162.9173336048899
 10
74.51857788777022
 20
162.70079025407168
 10
74.70957905193859
 20
162.48728452174024
 10
74.90397270446593
 20
162.2768628984707
 10
75.10170062441942
 20
162.06957124426015
 10
75.30270472305874
 20
161.86545480575364
 10
75.50692700775095
 20
161.6645582307257
 10
75.71430954668824
 20
161.46692557993254
 10
75.9247944344757
 20
161.27260033644433
 10
76.13832375865063
 20
161.08162541256607
 10
76.35483956719222
 20
160.89404315444924
 10
76.57428383707523
 20
160.7098953444955
 10
76.7965984439193
 20
160.52922320165047
 10
77.02172513278208
 20
160.35206737968295
 10
77.24960549014166
 20
160.17846796354382
 10
77.48018091711185
 20
160.00846446389647
 10
77.71339260393123
 20
159.8420958099097
 10
77.94918150576486
 20
159.67940034040322
 10
78.1874883198559
 20
159.52041579343472
 10
78.42825346406165
 20
159.36517929441717
 10
78.67141705680746
 20
159.2137273428551
 10
78.91691889848867
 20
159.066095797788
 10
79.16469845435064
 20
158.92231986202964
 10
79.41469483887197
 20
158.7824340652923
 10
79.66684680167661
 20
158.646472246285
 10
79.92109271499596
 20
158.514467533876
 10
80.17737056270049
 20
158.38645232741
 10
80.4356179309176
 20
158.2624582762713
 10
80.69577200024912
 20
158.14251625878464
 10
80.95776953959931
 20
158.02665636054675
 10
81.22154690162027
 20
157.9149078522815
 10
81.48704001977903
 20
157.80729916731224
 10
81.75418440704578
 20
157.70385787874648
 10
82.02291515620081
 20
157.60461067646585
 10
82.29316694175061
 20
157.50958334401784
 10
82.56487402344366
 20
157.4188007355024
 10
82.83797025136748
 20
157.33228675254895
 10
83.11238907260828
 20
157.2500643214768
 10
83.38806353944697
 20
157.17215537073292
 10
83.66492631906235
 20
157.0985808086986
 10
83.94290970470706
 20
157.02936050195606
 10
84.22194562831717
 20
156.96451325410416
 10
84.50196567451133
 20
156.90405678521023
 10
84.78290109593146
 20
156.84800771198314
 10
85.0646828298712
 20
156.7963815287498
 10
85.34724151613456
 20
156.74919258931396
 10
85.63050751606258
 20
156.70645408977376
 10
85.91441093266062
 20
156.66817805236997
 10
86.19888163175675
 20
156.63437531043297
 10
86.48384926411445
 20
156.60505549449263
 10
86.76924328842334
 20
156.5802270196101
 10
87.05499299508347
 20
156.55989707398564
 10
87.34102753069952
 20
156.5440716088916
 10
87.62727592319617
 20
156.53275532997424
 10
87.91366710746343
 20
156.52595168996126
 10
88.20012995143965
 20
156.5236628828083
 10
88.48659328253672
 20
156.52588983930863
 10
88.77298591431175
 20
156.53263222418641
 10
89.05923667328732
 20
156.54388843468624
 10
89.34527442582282
 20
156.55965560066568
 10
89.63102810493858
 20
156.57992958619113
 10
89.91642673699455
 20
156.60470499263022
 10
90.20139946812662
 20
156.63397516322848
 10
90.48587559034382
 20
156.66773218915097
 10
90.76978456719195
 20
156.70596691696295
 10
91.05305605889035
 20
156.74866895751887
 10
91.33561994685074
 20
156.7958266962212
 10
91.61740635749095
 20
156.84742730460653
 10
91.89834568525634
 20
156.90345675320896
 10
92.17836861476908
 20
156.96389982564796
 10
92.45740614202481
 20
157.02874013388015
 10
92.73538959456306
 20
157.09796013455153
 10
93.01225065054032
 20
157.17154114638194
 10
93.28792135663952
 20
157.24946336850888
 10
93.56233414475363
 20
157.3317058997145
 10
93.83542184738602
 20
157.4182467584562
 10
94.10711771171518
 20
157.50906290361826
 10
94.37735541227521
 20
157.60413025589855
 10
94.6460690622097
 20
157.70342371974314
 10
94.91319322305984
 20
157.80691720573893
 10
95.17866291305425
 20
157.9145836533723
 10
95.44241361387141
 20
158.02639505406208
 10
95.70438127585075
 20
158.14232247437178
 10
95.9645023216337
 20
158.26233607930766
 10
96.22271364821964
 20
158.3864051556068
 10
96.47895262742713
 20
158.51449813492061
 10
96.73315710475377
 20
158.64658261679776
 10
96.98526539663412
 20
158.78262539137273
 10
97.23521628609677
 20
158.92259246166412
 10
97.48294901682756
 20
159.06644906538963
 10
97.7284032856482
 20
159.214159696204
 10
97.97151923342342
 20
159.36568812426728
 10
98.21223743441331
 20
159.5209974160518
 10
98.4504988840897
 20
159.68004995329707
 10
98.68624498543949
 20
159.8428074510221
 10
98.91941753377947
 20
160.00923097450678
 10
99.14995870011019
 20
160.17928095515302
 10
99.37781101303898
 20
160.3529172051387
 10
99.60291733930408
 20
160.53009893077697
 10
99.82522086293442
 20
160.71078474449442
 10
100.0446650630812
 20
160.89493267534152
 10
100.26119369055986
 20
161.08250017794964
 10
100.47475074314316
 20
161.27344413984758
 10
100.68528043964709
 20
161.46772088705174
 10
100.89272719285505
 20
161.66528618784176
 10
101.09703558132642
 20
161.86609525463444
 10
101.29815032013848
 20
162.07010274386573
 10
101.49601623061355
 20
162.2772627537909
 10
101.69057820908537
 20
162.48752882010962
 10
101.88178119476159
 20
162.70085390932184
 10
102.06957013674347
 20
162.91719040971748
 10
102.25388996026716
 20
163.13649011989978
 10
102.4346855322347
 20
163.35870423473997
 10
102.61190162610924
 20
163.58378332865695
 10
102.78548288625298
 20
163.81167733611187
 10
102.95537379179379
 20
164.04233552920437
 10
103.12151862011294
 20
164.27570649225189
 10
103.28386141005545
 20
164.51173809323018
 10
103.44301979809342
 20
164.74992880959098
 10
103.59841546054277
 20
164.99059122508476
 10
103.75001059720013
 20
165.23366554539624
 10
103.89776829836765
 20
165.47909144621727
 10
104.04165248889538
 20
165.7268081211839
 10
104.18162794958764
 20
165.97675427928309
 10
104.31766033840724
 20
166.22886814416714
 10
104.44971621134214
 20
166.48308745532836
 10
104.57776304280327
 20
166.7393494710796
 10
104.70176924542561
 20
166.99759097327816
 10
104.82170418914927
 20
167.25774827372433
 10
104.93753821946216
 20
167.51975722215806
 10
105.04924267469124
 20
167.78355321577078
 10
105.15678990223522
 20
168.0490712101423
 10
105.26015327363791
 20
168.3162457315067
 10
105.35930719840826
 20
168.5850108902451
 10
105.45422713650055
 20
168.8553003954967
 10
105.54488960937555
 20
169.12704757077577
 10
105.63127220957176
 20
169.4001853704748
 10
105.71335360872439
 20
169.67464639713296
 10
105.79111356397767
 20
169.9503629193418
 10
105.86453292274628
 20
170.22726689015954
 10
105.93359362578921
 20
170.5052899659001
 10
105.99827870857038
 20
170.7843635251629
 10
106.05857230088804
 20
171.0644186879664
 10
106.11445962476579
 20
171.34538633484752
 10
106.16592699060632
 20
171.62719712578945
 10
106.21296179161942
 20
171.90978151883883
 10
106.2555524965438
 20
172.19306978827584
 10
106.2936886406925
 20
172.47699204220038
 10
106.32736081535973
 20
172.76147823939996
 10
106.35656065563595
 20
173.04645820536703
 10
106.3812808266863
 20
173.33186164733615
 10
106.40151500855535
 20
173.6176181682144
 10
106.41725787956925
 20
173.90365727928213
 10
106.42850509841283
 20
174.1899084115443
 10
106.43525328496735
 20
174.47630092561843
 10
106.4375
 20
174.7627641200468
  0
LWPOLYLINE
  5
288
330
17
100
AcDbEntity
  8
02-OCULTA
100
AcDbPolyline
 90
401
 70
0
 10
106.4375
 20
174.7627641200468
 10
106.43525430697967
 20
175.04922732167446
 10
106.42850659874705
 20
175.3356198464053
 10
106.41725945774748
 20
175.6218709812864
 10
106.40151638718228
 20
175.9079100810795
 10
106.3812818323537
 20
176.19366657538066
 10
106.35656120092699
 20
176.47906997740742
 10
106.32736088201325
 20
176.76404989434542
 10
106.29368826398273
 20
177.04853603914262
 10
106.25555175092515
 20
177.33245824363408
 10
106.21296077768051
 20
177.61574647287676
 10
106.16592582337123
 20
177.89833084057
 10
106.11445842337417
 20
178.1801416254337
 10
106.0585711796794
 20
178.46110928841327
 10
105.99827776959084
 20
178.7411644905785
 10
105.93359295273234
 20
179.02023811158003
 10
105.86453257633235
 20
179.2982612685268
 10
105.79111357876855
 20
179.57516533514672
 10
105.7133539913641
 20
179.85088196109086
 10
105.63127293843544
 20
180.12534309124348
 10
105.54489063560219
 20
180.39848098489944
 10
105.45422838637788
 20
180.67022823467244
 10
105.35930857707088
 20
180.94051778499886
 10
105.26015467003315
 20
181.2092829501049
 10
105.15679119530407
 20
181.47645743130747
 10
105.04924374070549
 20
181.74197533352228
 10
104.93753894045271
 20
182.00577118085766
 10
104.82170446235419
 20
182.2677799311764
 10
104.70176899368161
 20
182.5279369895129
 10
104.57776222579835
 20
182.78617822023932
 10
104.44971483764269
 20
183.04243995787877
 10
104.31765847816825
 20
183.29665901647144
 10
104.18162574785059
 20
183.54877269740487
 10
104.04165017937457
 20
183.79871879562688
 10
103.89776621762269
 20
184.04643560416685
 10
103.75000919908908
 20
184.29186191689757
 10
103.59841533084816
 20
184.53493702947827
 10
103.44302166921086
 20
184.77560073842534
 10
103.28386609820477
 20
185.01379333826637
 10
103.12098730801671
 20
185.24945561673894
 10
102.95442477835573
 20
185.4825288515028
 10
102.78424978063032
 20
185.71297769691827
 10
102.61046544704413
 20
185.94071703926656
 10
102.43311729595844
 20
186.1656922336361
 10
102.25225131808631
 20
186.38784917060497
 10
102.06791400352041
 20
186.60713428773775
 10
101.88015236703013
 20
186.82349458281976
 10
101.68901397157084
 20
187.03687762868677
 10
101.49454694995433
 20
187.24723158950766
 10
101.29680002463482
 20
187.4545052383751
 10
101.09582252557198
 20
187.65864797605886
 10
100.89166440613803
 20
187.85960985077475
 10
100.68437625704354
 20
188.05734157882148
 10
100.47400931826333
 20
188.2517945659372
 10
100.26061548895106
 20
188.4429209292267
 10
100.04424733533888
 20
188.63067351951068
 10
99.82495809662628
 20
188.81500594394836
 10
99.60280168887003
 20
188.99587258878614
 10
99.37783270689565
 20
189.17322864208558
 10
99.15010642425861
 20
189.3470301162865
 10
98.91967879129231
 20
189.51723387046252
 10
98.68660643128783
 20
189.68379763212974
 10
98.45094663485901
 20
189.84668001847288
 10
98.21275735255469
 20
190.00584055685655
 10
97.97209718578796
 20
190.16123970449425
 10
97.7290253761604
 20
190.3128388671532
 10
97.48360179326687
 20
190.4606004167785
 10
97.235886921074
 20
190.60448770792604
 10
96.98594184297244
 20
190.7444650929015
 10
96.73382822560981
 20
190.88049793550869
 10
96.47960830161759
 20
191.01255262331964
 10
96.22334485135059
 20
191.140596578386
 10
95.96510118376364
 20
191.26459826632052
 10
95.70494111655401
 20
191.38452720368554
 10
95.44292895570277
 20
191.5003539636362
 10
95.17912947455179
 20
191.61205017977298
 10
94.91360789255565
 20
191.71958854817052
 10
94.6464298538504
 20
191.82294282755677
 10
94.37766140578256
 20
191.92208783762842
 10
94.10736897754262
 20
192.0169994554965
 10
93.8356193590483
 20
192.1076546102667
 10
93.56247968022181
 20
192.1940312757686
 10
93.28801739080522
 20
192.27610846145578
 10
93.01230024085638
 20
192.3538662015103
 10
92.73539626206613
 20
192.42728554219156
 10
92.45737375003527
 20
192.49634852747965
 10
92.1783012476466
 20
192.56103818307062
 10
91.89824752966469
 20
192.62133849878956
 10
91.61728158869224
 20
192.677234409494
 10
91.33547262260802
 20
192.72871177454823
 10
91.05289002360733
 20
192.77575735595502
 10
90.76960336896198
 20
192.8183587952376
 10
90.48568241361171
 20
192.85650458917084
 10
90.20119708469505
 20
192.89018406446584
 10
89.91621747812283
 20
192.9193873515174
 10
89.6308138572926
 20
192.94410535732845
 10
89.34505665403849
 20
192.96432973772988
 10
89.0590164719055
 20
192.98005286901898
 10
88.77276409235527
 20
192.99126783575994
 10
88.48637184028163
 20
192.99802684740288
 10
88.19990870437655
 20
193.00028060262662
 10
87.91344554009565
 20
192.99803020426046
 10
87.62705313116011
 20
192.99127758819773
 10
87.34080218866437
 20
192.98002554853628
 10
87.05476334813591
 20
192.96427776199224
 10
86.76900716463868
 20
192.94403881147048
 10
86.48360410601748
 20
192.9193142086797
 10
86.19862454438439
 20
192.8901104156859
 10
85.91413874595435
 20
192.85643486530302
 10
85.63021685934108
 20
192.81829598022594
 10
85.34692890242928
 20
192.77570319081738
 10
85.0643447479432
 20
192.72866695146658
 10
84.7825341078361
 20
192.67719875544554
 10
84.50156651662834
 20
192.62131114819573
 10
84.22151131382542
 20
192.56101773898607
 10
83.9424376255502
 20
192.4963332108918
 10
83.66441434552608
 20
192.42727332905181
 10
83.38751011554936
 20
192.35385494717156
 10
83.11179330559138
 20
192.27609601224717
 10
82.83733199367092
 20
192.1940155674962
 10
82.5641939456383
 20
192.1076337534899
 10
82.29244659501224
 20
192.01697180749105
 10
82.02215702300936
 20
191.92205206101147
 10
81.75339193890495
 20
191.8228979356129
 10
81.48621766086181
 20
191.71953393698385
 10
81.22070009736032
 20
191.61198564733564
 10
80.95690472936093
 20
191.50027971616876
 10
80.69489659332518
 20
191.38444384947041
 10
80.43474026521788
 20
191.26450679741313
 10
80.1764998456074
 20
191.14049834063155
 10
79.92023894597624
 20
191.01244927516393
 10
79.66602067634801
 20
190.88039139615145
 10
79.41390763433053
 20
190.74435748039602
 10
79.16396189566817
 20
190.6043812678838
 10
78.9162450063903
 20
190.4604974423881
 10
78.6708179766346
 20
190.31274161127047
 10
78.42774127621719
 20
190.16115028460467
 10
78.18707483201428
 20
190.00576085375167
 10
77.9488780272115
 20
189.8466115695194
 10
77.7132097024708
 20
189.68374152004316
 10
77.48012815905543
 20
189.51719060852605
 10
77.24969116394752
 20
189.3469995309822
 10
77.02195595698427
 20
189.1732097541259
 10
76.79697926003135
 20
188.99586349355323
 10
76.57481728820514
 20
188.8150036923627
 10
76.35552576314832
 20
188.630674000363
 10
76.13915992835568
 20
188.44291875401652
 10
75.92577332046808
 20
188.25178433988896
 10
75.71541729735797
 20
188.05731955333061
 10
75.50814301486905
 20
187.8595732960059
 10
75.30400098887742
 20
187.6585950774718
 10
75.10304107628507
 20
187.45443502966435
 10
74.90531245525845
 20
187.24714391944
 10
74.71086360485921
 20
187.03677315916178
 10
74.51974228421304
 20
186.82337481532667
 10
74.33199551136245
 20
186.60700161523772
 10
74.1476695419486
 20
186.38770695173324
 10
73.96680984786516
 20
186.16554488599218
 10
73.78946109602623
 20
185.94057014844378
 10
73.61566712738721
 20
185.71283813781648
 10
73.44547093635528
 20
185.4824049183705
 10
73.27891465072224
 20
185.24932721536507
 10
73.11603951224899
 20
185.0136624088207
 10
72.95688585802594
 20
184.77546852564342
 10
72.80149310272925
 20
184.53480423018672
 10
72.6498997218866
 20
184.29172881333344
 10
72.50214323626055
 20
184.04630218018775
 10
72.35826019745095
 20
183.79858483647402
 10
72.21828617481059
 20
183.5486378737453
 10
72.08225574376102
 20
183.2965229535114
 10
71.95020247558773
 20
183.0423022904011
 10
71.82215892878503
 20
182.78603863447856
 10
71.69815664201354
 20
182.52779525283893
 10
71.57822612872312
 20
182.2676359106118
 10
71.46239687348603
 20
182.0056248515048
 10
71.35069733007565
 20
181.74182677802284
 10
71.2431549213164
 20
181.47630683150032
 10
71.1397960407221
 20
181.209130572086
 10
71.04064605592947
 20
180.94036395882083
 10
70.94572931392537
 20
180.67007332995027
 10
70.8550691480565
 20
180.3983253836118
 10
70.76868788680143
 20
180.1251871590385
 10
70.686606864276
 20
179.8507260184185
 10
70.60884643243472
 20
179.57500962954805
 10
70.53542597492229
 20
179.2981059494142
 10
70.46636392252125
 20
179.02008320884127
 10
70.40167777013448
 20
178.7410098983312
 10
70.34138409523337
 20
178.46095475522634
 10
70.28549857769596
 20
178.179986752318
 10
70.23403602095262
 20
177.89817508802253
 10
70.18701035790231
 20
177.61558918084575
 10
70.14440525886565
 20
177.3323030890506
 10
70.10626339945182
 20
177.04838161298005
 10
70.07259209382451
 20
176.76389532038488
 10
70.04339786777602
 20
176.47891478436998
 10
70.01868643264925
 20
176.19351058898457
 10
69.99846265954338
 20
175.90775333255402
 10
69.98273055393585
 20
175.6217136288233
 10
69.97149323085006
 20
175.33546210598632
 10
69.96475289069376
 20
175.04906940368295
 10
69.9625107958891
 20
174.76260616804876
 10
69.96476724841045
 20
174.4761430449096
 10
69.97152156834093
 20
174.18975067121804
 10
69.98277207355325
 20
173.9034996648338
 10
69.99851606061426
 20
173.61746061275613
 10
70.01874978700656
 20
173.3317040579206
 10
70.04346845475322
 20
173.0463004846775
 10
70.07266619552495
 20
172.7613203030736
 10
70.10633605730082
 20
172.47683383206382
 10
70.14446999264618
 20
172.1929112817814
 10
70.18705884866239
 20
171.90962273500034
 10
70.23409235865486
 20
171.62703812792563
 10
70.28555913555621
 20
171.34522723044904
 10
70.34144666713263
 20
171.06425962601062
 10
70.40174131299166
 20
170.78420469120698
 10
70.46642830340008
 20
170.50513157528752
 10
70.535491739911
 20
170.22710917968087
 10
70.60891459778907
 20
169.95020613769216
 10
70.68667873021349
 20
169.6744907945111
 10
70.76876487422814
 20
169.4000311876688
 10
70.85515265839942
 20
169.12689502807856
 10
70.9458206121318
 20
168.85514968179396
 10
71.04074617658344
 20
168.58486215261158
 10
71.13990571711392
 20
168.31609906564447
 10
71.24327453718848
 20
168.0489266519853
 10
71.35082689365464
 20
167.78341073457472
 10
71.46253601329973
 20
167.51961671538263
 10
71.57837411058965
 20
167.25760956400777
 10
71.69831240648378
 20
166.99745380778973
 10
71.8223211482132
 20
166.73921352352548
 10
71.95036962990476
 20
166.48295233087217
 10
72.08242621392719
 20
166.22873338751288
 10
72.2184583528321
 20
165.97661938615346
 10
72.35843261175688
 20
165.7266725534123
 10
72.50231469115413
 20
165.4789546506559
 10
72.65006944970833
 20
165.23352697682776
 10
72.80166092729826
 20
164.99045037330816
 10
72.95705236786068
 20
164.74978523083763
 10
73.11620624200978
 20
164.5115914985275
 10
73.27908426926483
 20
164.2759286949754
 10
73.44564743973744
 20
164.0428559214954
 10
73.61585603512944
 20
163.81243187746713
 10
73.78966923935785
 20
163.5847145609341
 10
73.96651429525302
 20
163.35934392327405
 10
74.14698679075263
 20
163.13686743295256
 10
74.33102760190214
 20
162.9173336048899
 10
74.51857788777022
 20
162.70079025407168
 10
74.70957905193859
 20
162.48728452174024
 10
74.90397270446593
 20
162.2768628984707
 10
75.10170062441942
 20
162.06957124426015
 10
75.30270472305874
 20
161.86545480575364
 10
75.50692700775095
 20
161.6645582307257
 10
75.71430954668824
 20
161.46692557993254
 10
75.9247944344757
 20
161.27260033644433
 10
76.13832375865063
 20
161.08162541256607
 10
76.35483956719222
 20
160.89404315444924
 10
76.57428383707523
 20
160.7098953444955
 10
76.7965984439193
 20
160.52922320165047
 10
77.02172513278208
 20
160.35206737968295
 10
77.24960549014166
 20
160.17846796354382
 10
77.48018091711185
 20
160.00846446389647
 10
77.71339260393123
 20
159.8420958099097
 10
77.94918150576486
 20
159.67940034040322
 10
78.1874883198559
 20
159.52041579343472
 10
78.42825346406165
 20
159.36517929441717
 10
78.67141705680746
 20
159.2137273428551
 10
78.91691889848867
 20
159.066095797788
 10
79.16469845435064
 20
158.92231986202964
 10
79.41469483887197
 20
158.7824340652923
 10
79.66684680167661
 20
158.646472246285
 10
79.92109271499596
 20
158.514467533876
 10
80.17737056270049
 20
158.38645232741
 10
80.4356179309176
 20
158.2624582762713
 10
80.69577200024912
 20
158.14251625878464
 10
80.95776953959931
 20
158.02665636054675
 10
81.22154690162027
 20
157.9149078522815
 10
81.48704001977903
 20
157.80729916731224
 10
81.75418440704578
 20
157.70385787874648
 10
82.02291515620081
 20
157.60461067646585
 10
82.29316694175061
 20
157.50958334401784
 10
82.56487402344366
 20
157.4188007355024
 10
82.83797025136748
 20
157.33228675254895
 10
83.11238907260828
 20
157.2500643214768
 10
83.38806353944697
 20
157.17215537073292
 10
83.66492631906235
 20
157.0985808086986
 10
83.94290970470706
 20
157.02936050195606
 10
84.22194562831717
 20
156.96451325410416
 10
84.50196567451133
 20
156.90405678521023
 10
84.78290109593146
 20
156.84800771198314
 10
85.0646828298712
 20
156.7963815287498
 10
85.34724151613456
 20
156.74919258931396
 10
85.63050751606258
 20
156.70645408977376
 10
85.91441093266062
 20
156.66817805236997
 10
86.19888163175675
 20
156.63437531043297
 10
86.48384926411445
 20
156.60505549449263
 10
86.76924328842334
 20
156.5802270196101
 10
87.05499299508347
 20
156.55989707398564
 10
87.34102753069952
 20
156.5440716088916
 10
87.62727592319617
 20
156.53275532997424
 10
87.91366710746343
 20
156.52595168996126
 10
88.20012995143965
 20
156.5236628828083
 10
88.48659328253672
 20
156.52588983930863
 10
88.77298591431175
 20
156.53263222418641
 10
89.05923667328732
 20
156.54388843468624
 10
89.34527442582282
 20
156.55965560066568
 10
89.63102810493858
 20
156.57992958619113
 10
89.91642673699455
 20
156.60470499263022
 10
90.20139946812662
 20
156.63397516322848
 10
90.48587559034382
 20
156.66773218915097
 10
90.76978456719195
 20
156.70596691696295
 10
91.05305605889035
 20
156.74866895751887
 10
91.33561994685074
 20
156.7958266962212
 10
91.61740635749095
 20
156.84742730460653
 10
91.89834568525634
 20
156.90345675320896
 10
92.17836861476908
 20
156.96389982564796
 10
92.45740614202481
 20
157.02874013388015
 10
92.73538959456306
 20
157.09796013455153
 10
93.01225065054032
 20
157.17154114638194
 10
93.28792135663952
 20
157.24946336850888
 10
93.56233414475363
 20
157.3317058997145
 10
93.83542184738602
 20
157.4182467584562
 10
94.10711771171518
 20
157.50906290361826
 10
94.37735541227521
 20
157.60413025589855
 10
94.6460690622097
 20
157.70342371974314
 10
94.91319322305984
 20
157.80691720573893
 10
95.17866291305425
 20
157.9145836533723
 10
95.44241361387141
 20
158.02639505406208
 10
95.70438127585075
 20
158.14232247437178
 10
95.9645023216337
 20
158.26233607930766
 10
96.22271364821964
 20
158.3864051556068
 10
96.47895262742713
 20
158.51449813492061
 10
96.73315710475377
 20
158.64658261679776
 10
96.98526539663412
 20
158.78262539137273
 10
97.23521628609677
 20
158.92259246166412
 10
97.48294901682756
 20
159.06644906538963
 10
97.7284032856482
 20
159.214159696204
 10
97.97151923342342
 20
159.36568812426728
 10
98.21223743441331
 20
159.5209974160518
 10
98.4504988840897
 20
159.68004995329707
 10
98.68624498543949
 20
159.8428074510221
 10
98.91941753377947
 20
160.00923097450678
 10
99.14995870011019
 20
160.17928095515302
 10
99.37781101303898
 20
160.3529172051387
 10
99.60291733930408
 20
160.53009893077697
 10
99.82522086293442
 20
160.71078474449442
 10
100.0446650630812
 20
160.89493267534152
 10
100.26119369055986
 20
161.08250017794964
 10
100.47475074314316
 20
161.27344413984758
 10
100.68528043964709
 20
161.46772088705174
 10
100.89272719285505
 20
161.66528618784176
 10
101.09703558132642
 20
161.86609525463444
 10
101.29815032013848
 20
162.07010274386573
 10
101.49601623061355
 20
162.2772627537909
 10
101.69057820908537
 20
162.48752882010962
 10
101.88178119476159
 20
162.70085390932184
 10
102.06957013674347
 20
162.91719040971748
 10
102.25388996026716
 20
163.13649011989978
 10
102.4346855322347
 20
163.35870423473997
 10
102.61190162610924
 20
163.58378332865695
 10
102.78548288625298
 20
163.81167733611187
 10
102.95537379179379
 20
164.04233552920437
 10
103.12151862011294
 20
164.27570649225189
 10
103.28386141005545
 20
164.51173809323018
 10
103.44301979809342
 20
164.74992880959098
 10
103.59841546054277
 20
164.99059122508476
 10
103.75001059720013
 20
165.23366554539624
 10
103.89776829836765
 20
165.47909144621727
 10
104.04165248889538
 20
165.7268081211839
 10
104.18162794958764
 20
165.97675427928309
 10
104.31766033840724
 20
166.22886814416714
 10
104.44971621134214
 20
166.48308745532836
 10
104.57776304280327
 20
166.7393494710796
 10
104.70176924542561
 20
166.99759097327816
 10
104.82170418914927
 20
167.25774827372433
 10
104.93753821946216
 20
167.51975722215806
 10
105.04924267469124
 20
167.78355321577078
 10
105.15678990223522
 20
168.0490712101423
 10
105.26015327363791
 20
168.3162457315067
 10
105.35930719840826
 20
168.5850108902451
 10
105.45422713650055
 20
168.8553003954967
 10
105.54488960937555
 20
169.12704757077577
 10
105.63127220957176
 20
169.4001853704748
 10
105.71335360872439
 20
169.67464639713296
 10
105.79111356397767
 20
169.9503629193418
 10
105.86453292274628
 20
170.22726689015954
 10
105.93359362578921
 20
170.5052899659001
 10
105.99827870857038
 20
170.7843635251629
 10
106.05857230088804
 20
171.0644186879664
 10
106.11445962476579
 20
171.34538633484752
 10
106.16592699060632
 20
171.62719712578945
 10
106.21296179161942
 20
171.90978151883883
 10
106.2555524965438
 20
172.19306978827584
 10
106.2936886406925
 20
172.47699204220038
 10
106.32736081535973
 20
172.76147823939996
 10
106.35656065563595
 20
173.04645820536703
 10
106.3812808266863
 20
173.33186164733615
 10
106.40151500855535
 20
173.6176181682144
 10
106.41725787956925
 20
173.90365727928213
 10
106.42850509841283
 20
174.1899084115443
 10
106.43525328496735
 20
174.47630092561843
 10
106.4375
 20
174.7627641200468
  0
LWPOLYLINE
  5
289
330
17
100
AcDbEntity
  8
02-OCULTA
100
AcDbPolyline
 90
170
 70
0
 10
94.95
 20
174.7627641200468
 10
94.94535447070048
 20
174.51186594877723
 10
94.93136672485255
 20
174.26131488258233
 10
94.90806710144872
 20
174.01145765294046
 10
94.87549492617659
 20
173.76263930646638
 10
94.8336992449727
 20
173.51520317026203
 10
94.78273950040796
 20
173.2694906835207
 10
94.72268613423758
 20
173.02584111130193
 10
94.65362110146457
 20
172.78459115806683
 10
94.5756382836163
 20
172.54607450010994
 10
94.48884379162969
 20
172.31062125734076
 10
94.3933561517506
 20
172.07855742586162
 10
94.28930637112381
 20
171.85020429337106
 10
94.17683788319692
 20
171.62587785952468
 10
94.05610637658197
 20
171.40588828296805
 10
93.92727951450058
 20
171.19053937580085
 10
93.79053655526387
 20
170.98012816475577
 10
93.64606788729714
 20
170.7749445364248
 10
93.49407449492023
 20
170.57527098150996
 10
93.33476737336052
 20
170.38138245040744
 10
93.16836691326806
 20
170.19354632955725
 10
92.99510227630446
 20
170.0120225450132
 10
92.81521078420928
 20
169.8370637967144
 10
92.62893734415577
 20
169.66891592405815
 10
92.43653393326429
 20
169.50781840065721
 10
92.23827635152655
 20
169.35398235560675
 10
92.03444311261697
 20
169.20761464331153
 10
91.8253059941678
 20
169.06893092510862
 10
91.61115758305847
 20
168.93811818518142
 10
91.39229556558536
 20
168.81535444623
 10
91.16902294183083
 20
168.70080814712603
 10
90.94164810685858
 20
168.5946375165786
 10
90.71048480469176
 20
168.496989964569
 10
90.47585196372295
 20
168.4080015121975
 10
90.23807342487402
 20
168.32779627904515
 10
89.99747757637432
 20
168.2564860451643
 10
89.75439691135472
 20
168.19416990238935
 10
89.50916752646576
 20
168.14093400683853
 10
89.26212858133553
 20
168.0968514413322
 10
89.01362173981833
 20
168.06198219307004
 10
88.76399061460918
 20
168.03637324839653
 10
88.51358023689643
 20
168.02005880295346
 10
88.26273657231049
 20
168.01306058208212
 10
88.01180610354486
 20
168.01538826309655
 10
87.76113549874117
 20
168.02703998808414
 10
87.51107138312788
 20
168.04800295326197
 10
87.261960229576
 20
168.07825405864938
 10
87.0141442883608
 20
168.1177362944972
 10
86.7679670924401
 20
168.16640124778155
 10
86.52377140759539
 20
168.22419373721837
 10
86.28189348458939
 20
168.29102624479137
 10
86.04266647680885
 20
168.36680195026565
 10
85.80642019097732
 20
168.45141408359822
 10
85.57348073081941
 20
168.54474536577894
 10
85.34417005305008
 20
168.64666755018334
 10
85.11880545625277
 20
168.75704107399275
 10
84.89769902413308
 20
168.8757148264101
 10
84.68115704520079
 20
169.00252603730635
 10
84.4694794310633
 20
169.13730028663986
 10
84.26295915515252
 20
169.27985163158917
 10
84.06188173282607
 20
169.42998284493135
 10
83.86652476238093
 20
169.58748575490046
 10
83.67715754462448
 20
169.75214167368037
 10
83.49404079632191
 20
169.92372189893015
 10
83.31742647016213
 20
170.10198827038786
 10
83.14755769095478
 20
170.28669376171095
 10
82.98466881469665
 20
170.47758308631754
 10
82.828985614035
 20
170.67439329509307
 10
82.68072559060573
 20
170.87685434338812
 10
82.54009841182051
 20
171.08468960470128
 10
82.40730646697574
 20
171.29761630873375
 10
82.28250242611348
 20
171.51532135863314
 10
82.16588431149495
 20
171.737518824527
 10
82.05761168432204
 20
171.96390024581316
 10
81.95782920775906
 20
172.19415005284316
 10
81.86667197544739
 20
172.42794885164508
 10
81.78426485931357
 20
172.66497329570188
 10
81.71072187142397
 20
172.9048960910281
 10
81.64614556073279
 20
173.1473861257186
 10
81.59062646411327
 20
173.39210871261275
 10
81.54424262918312
 20
173.63872593126626
 10
81.50705922412298
 20
173.88689705314883
 10
81.47912824696847
 20
174.1362790319853
 10
81.46048834378273
 20
174.38652703953161
 10
81.4511647417685
 20
174.63729502589277
 10
81.45116929985508
 20
174.8882362828106
 10
81.46050067570889
 20
175.13900398819916
 10
81.47914460458072
 20
175.3892517105842
 10
81.50707428203066
 20
175.6386338529825
 10
81.54425083945577
 20
175.88680601708
 10
81.59062389856334
 20
176.1334252702556
 10
81.64613218852953
 20
176.3781502999625
 10
81.71070420757702
 20
176.62064144211732
 10
81.78425645704348
 20
176.8605613715854
 10
81.8666515758653
 20
177.09758990258283
 10
81.95781507170581
 20
177.3313862136331
 10
82.05761179908725
 20
177.56162983040275
 10
82.16589822794735
 20
177.78800466593887
 10
82.28252179740082
 20
178.0101993174583
 10
82.40732036850284
 20
178.22790746468172
 10
82.5401217860911
 20
178.44082834913957
 10
82.68074355723495
 20
178.64866731298144
 10
82.82899265100039
 20
178.85113637519328
 10
82.98466542118594
 20
179.04795482285397
 10
83.14754765046197
 20
179.23884979522356
 10
83.31741471104422
 20
179.4235568391021
 10
83.49403183375443
 20
179.60182041505715
 10
83.67715447417879
 20
179.77339433578777
 10
83.86652876173765
 20
179.93804212003687
 10
84.06189201492782
 20
180.09553724802538
 10
84.26297330387091
 20
180.24566330727083
 10
84.46949403965527
 20
180.38821402077124
 10
84.6811685688212
 20
180.5229931527734
 10
84.89770475070597
 20
180.6498142905884
 10
85.11880449520548
 20
180.76850050407307
 10
85.34416423876141
 20
180.87888388737386
 10
85.57347533696893
 20
180.98080499027557
 10
85.80641564729858
 20
181.07413461369026
 10
86.04265999680767
 20
181.15875192572838
 10
86.28189081270011
 20
181.23451548327986
 10
86.52377390226485
 20
181.30132927315765
 10
86.76797322060594
 20
181.35910652806982
 10
87.01415069041325
 20
181.40777042249508
 10
87.26196616402335
 20
181.44725475618165
 10
87.51107751821637
 20
181.47750460436504
 10
87.76114086988534
 20
181.49847691519204
 10
88.01181089843396
 20
181.510141036609
 10
88.26274125860101
 20
181.51247915715555
 10
88.51358506547838
 20
181.50548664769462
 10
88.76399543188178
 20
181.48917229407854
 10
89.01362603703875
 20
181.46355841402834
 10
89.26213170484615
 20
181.42868085500777
 10
89.5091689697654
 20
181.3845888734941
 10
89.75439660878351
 20
181.3313448996685
 10
89.99747611876002
 20
181.26902419505248
 10
90.23807211985945
 20
181.1977144138933
 10
90.47585266756978
 20
181.11751508205643
 10
90.71048945794134
 20
181.02853700975052
 10
90.94165791304776
 20
180.93090165654607
 10
91.16903713616843
 20
180.8247404688481
 10
91.3923097287209
 20
180.71019421126496
 10
91.61116146344902
 20
180.58741231423568
 10
91.82532402483672
 20
180.45662267389594
 10
92.03446251983999
 20
180.31794116373555
 10
92.2382901639282
 20
180.17156566620778
 10
92.43653173573949
 20
180.01770927256845
 10
92.62891806334802
 20
179.85659123708803
 10
92.81518641713232
 20
179.6884376594133
 10
92.9950809989007
 20
179.51348204795448
 10
93.16835350496919
 20
179.3319657572602
 10
93.33476374037204
 20
179.144138294786
 10
93.49408026109744
 20
178.95025749515483
 10
93.64608102128517
 20
178.7505895629227
 10
93.79055400278298
 20
178.5454089879337
 10
93.9272978054002
 20
178.33499834049545
 10
94.05612217765321
 20
178.11964795671736
 10
94.17684846977382
 20
177.89965552732207
 10
94.28930999321659
 20
177.675325605945
 10
94.39335227379496
 20
177.4469690552766
 10
94.48883318881067
 20
177.21490245128282
 10
94.57562298200779
 20
176.97944746710442
 10
94.65360415376108
 20
176.74093025904313
 10
94.72267122747702
 20
176.4996808772971
 10
94.78273039662777
 20
176.25603272383393
 10
94.83369906005596
 20
176.01032207904774
 10
94.87550525610519
 20
175.76288771771817
 10
94.90808700870244
 20
175.5140706333696
 10
94.93139160073176
 20
175.2642138885255
 10
94.94537479191375
 20
175.01366260666845
 10
94.95
 20
174.7627641200468
  0
LINE
  5
28A
330
17
100
AcDbEntity
  8
02-OCULTA
100
AcDbLine
 10
82.2
 20
177.5627641200468
 30
0.0
 11
80.00500905055176
 21
177.5627641200468
 31
0.0
  0
LINE
  5
28B
330
17
100
AcDbEntity
  8
02-OCULTA
100
AcDbLine
 10
82.2
 20
171.96276412004678
 30
0.0
 11
80.00500905055176
 21
171.96276412004678
 31
0.0
  0
LINE
  5
28C
330
17
100
AcDbEntity
  8
02-OCULTA
100
AcDbLine
 10
95.2
 20
164.9227641200468
 30
0.0
 11
95.2
 21
163.8027641200468
 31
0.0
  0
LWPOLYLINE
  5
28D
330
17
100
AcDbEntity
  8
02-OCULTA
100
AcDbPolyline
 90
7
 70
0
 10
94.24000000000001
 20
162.3627641200468
 10
94.2563556058763
 20
162.23853093847893
 10
94.30430783302947
 20
162.1227640545267
 10
94.38058788780512
 20
162.0233520655508
 10
94.48000004769338
 20
161.9470719118866
 10
94.59576713054008
 20
161.8991203349173
 10
94.72
 20
161.8827641200468
  0
LWPOLYLINE
  5
28E
330
17
100
AcDbEntity
  8
02-OCULTA
100
AcDbPolyline
 90
7
 70
0
 10
82.16
 20
162.3627641200468
 10
82.14364439412371
 20
162.23853093847893
 10
82.09569216697054
 20
162.1227640545267
 10
82.01941211219487
 20
162.0233520655508
 10
81.91999995230661
 20
161.9470719118866
 10
81.80423286945992
 20
161.8991203349173
 10
81.68
 20
161.8827641200468
  0
LWPOLYLINE
  5
28F
330
17
100
AcDbEntity
  8
02-OCULTA
100
AcDbPolyline
 90
53
 70
0
 10
81.6801351542804
 20
161.8827641200468
 10
81.93090178592885
 20
161.8827641200468
 10
82.18166841757731
 20
161.8827641200468
 10
82.43243504922576
 20
161.8827641200468
 10
82.68320168087422
 20
161.8827641200468
 10
82.93396831252267
 20
161.8827641200468
 10
83.18473494417113
 20
161.8827641200468
 10
83.43550157581957
 20
161.8827641200468
 10
83.68626820746803
 20
161.8827641200468
 10
83.93703483911648
 20
161.8827641200468
 10
84.18780147076494
 20
161.8827641200468
 10
84.4385681024134
 20
161.8827641200468
 10
84.68933473406184
 20
161.8827641200468
 10
84.9401013657103
 20
161.8827641200468
 10
85.19086799735875
 20
161.8827641200468
 10
85.44163462900721
 20
161.8827641200468
 10
85.69240126065566
 20
161.8827641200468
 10
85.94316789230412
 20
161.8827641200468
 10
86.19393452395256
 20
161.8827641200468
 10
86.44470115560102
 20
161.8827641200468
 10
86.69546778724947
 20
161.8827641200468
 10
86.94623441889793
 20
161.8827641200468
 10
87.19700105054639
 20
161.8827641200468
 10
87.44776768219484
 20
161.8827641200468
 10
87.6985343138433
 20
161.8827641200468
 10
87.94930094549174
 20
161.8827641200468
 10
88.2000675771402
 20
161.8827641200468
 10
88.45083420878865
 20
161.8827641200468
 10
88.70160084043711
 20
161.8827641200468
 10
88.95236747208556
 20
161.8827641200468
 10
89.20313410373402
 20
161.8827641200468
 10
89.45390073538246
 20
161.8827641200468
 10
89.70466736703092
 20
161.8827641200468
 10
89.95543399867938
 20
161.8827641200468
 10
90.20620063032783
 20
161.8827641200468
 10
90.45696726197629
 20
161.8827641200468
 10
90.70773389362473
 20
161.8827641200468
 10
90.9585005252732
 20
161.8827641200468
 10
91.20926715692164
 20
161.8827641200468
 10
91.4600337885701
 20
161.8827641200468
 10
91.71080042021855
 20
161.8827641200468
 10
91.96156705186701
 20
161.8827641200468
 10
92.21233368351545
 20
161.8827641200468
 10
92.46310031516391
 20
161.8827641200468
 10
92.71386694681237
 20
161.8827641200468
 10
92.96463357846082
 20
161.8827641200468
 10
93.21540021010928
 20
161.8827641200468
 10
93.46616684175773
 20
161.8827641200468
 10
93.71693347340619
 20
161.8827641200468
 10
93.96770010505463
 20
161.8827641200468
 10
94.21846673670309
 20
161.8827641200468
 10
94.46923336835154
 20
161.8827641200468
 10
94.72
 20
161.8827641200468
  0
LINE
  5
290
330
17
100
AcDbEntity
  8
02-OCULTA
100
AcDbLine
 10
82.60000000000001
 20
170.7627641200468
 30
0.0
 11
82.60000000000001
 21
178.7627641200468
 31
0.0
  0
LINE
  5
291
330
17
100
AcDbEntity
  8
02-OCULTA
100
AcDbLine
 10
80.2
 20
170.7627641200468
 30
0.0
 11
80.2
 21
178.7627641200468
 31
0.0
  0
LINE
  5
292
330
17
100
AcDbEntity
  8
02-OCULTA
100
AcDbLine
 10
97.64
 20
170.7627641200468
 30
0.0
 11
97.64
 21
178.7627641200468
 31
0.0
  0
LINE
  5
293
330
17
100
AcDbEntity
  8
02-OCULTA
100
AcDbLine
 10
96.36
 20
170.7627641200468
 30
0.0
 11
96.36
 21
178.7627641200468
 31
0.0
  0
LWPOLYLINE
  5
294
330
17
100
AcDbEntity
  8
02-OCULTA
100
AcDbPolyline
 90
7
 70
0
 10
96.36253341175308
 20
164.9227641200468
 10
96.3621111764609
 20
164.9227641200468
 10
96.36168894116872
 20
164.9227641200468
 10
96.36126670587655
 20
164.9227641200468
 10
96.36084447058437
 20
164.9227641200468
 10
96.36042223529218
 20
164.9227641200468
 10
96.36
 20
164.9227641200468
  0
LWPOLYLINE
  5
295
330
17
100
AcDbEntity
  8
02-OCULTA
100
AcDbPolyline
 90
7
 70
0
 10
92.84
 20
164.3627641200468
 10
92.85908400254044
 20
164.50770052764352
 10
92.91503001583949
 20
164.64276253963362
 10
93.00401364067424
 20
164.75875047937257
 10
93.12000158041317
 20
164.84773410420732
 10
93.25506359240329
 20
164.90368011750635
 10
93.4
 20
164.9227641200468
  0
LWPOLYLINE
  5
296
330
17
100
AcDbEntity
  8
02-OCULTA
100
AcDbPolyline
 90
7
 70
0
 10
97.63746658824692
 20
164.9227641200468
 10
97.6378888235391
 20
164.9227641200468
 10
97.63831105883128
 20
164.9227641200468
 10
97.63873329412347
 20
164.9227641200468
 10
97.63915552941565
 20
164.9227641200468
 10
97.63957776470782
 20
164.9227641200468
 10
97.64
 20
164.9227641200468
  0
LWPOLYLINE
  5
297
330
17
100
AcDbEntity
  8
02-OCULTA
100
AcDbPolyline
 90
17
 70
0
 10
97.64
 20
164.9227641200468
 10
97.375
 20
164.9227641200468
 10
97.11
 20
164.9227641200468
 10
96.845
 20
164.9227641200468
 10
96.58000000000001
 20
164.9227641200468
 10
96.315
 20
164.9227641200468
 10
96.05000000000001
 20
164.9227641200468
 10
95.785
 20
164.9227641200468
 10
95.52000000000001
 20
164.9227641200468
 10
95.25500000000001
 20
164.9227641200468
 10
94.99000000000001
 20
164.9227641200468
 10
94.72500000000001
 20
164.9227641200468
 10
94.46000000000001
 20
164.9227641200468
 10
94.19500000000001
 20
164.9227641200468
 10
93.93
 20
164.9227641200468
 10
93.665
 20
164.9227641200468
 10
93.4
 20
164.9227641200468
  0
LWPOLYLINE
  5
298
330
17
100
AcDbEntity
  8
02-OCULTA
100
AcDbPolyline
 90
8
 70
0
 10
100.59999998783024
 20
163.8027641200468
 10
100.35702317572606
 20
163.85821872147602
 10
100.16217376595134
 20
164.01361085214216
 10
100.05401702018354
 20
164.23814552471785
 10
100.05403926283276
 20
164.48737659606556
 10
100.16218460762177
 20
164.7119133001423
 10
100.35702418474325
 20
164.86730626796685
 10
100.60000000000001
 20
164.9227641200468
  0
LWPOLYLINE
  5
299
330
17
100
AcDbEntity
  8
02-OCULTA
100
AcDbPolyline
 90
8
 70
0
 10
93.4
 20
164.9227641200468
 10
93.64297518124323
 20
164.86730700423993
 10
93.83782585046208
 20
164.7119182756904
 10
93.94596006649655
 20
164.48737555851181
 10
93.94596009875042
 20
164.2381517690238
 10
93.83782560655943
 20
164.01360900969897
 10
93.64297562997206
 20
163.85822028199826
 10
93.4
 20
163.8027641200468
  0
LWPOLYLINE
  5
29A
330
17
100
AcDbEntity
  8
02-OCULTA
100
AcDbPolyline
 90
29
 70
0
 10
93.4
 20
163.8027641200468
 10
93.65714285670822
 20
163.8027641200468
 10
93.91428571341645
 20
163.8027641200468
 10
94.17142857012468
 20
163.8027641200468
 10
94.42857142683289
 20
163.8027641200468
 10
94.68571428354112
 20
163.8027641200468
 10
94.94285714024934
 20
163.8027641200468
 10
95.19999999695756
 20
163.8027641200468
 10
95.45714285366579
 20
163.8027641200468
 10
95.71428571037401
 20
163.8027641200468
 10
95.97142856708223
 20
163.8027641200468
 10
96.22857142379046
 20
163.8027641200468
 10
96.48571428049868
 20
163.8027641200468
 10
96.7428571372069
 20
163.8027641200468
 10
96.99999999391513
 20
163.8027641200468
 10
97.25714285062335
 20
163.8027641200468
 10
97.51428570733157
 20
163.8027641200468
 10
97.7714285640398
 20
163.8027641200468
 10
98.02857142074802
 20
163.8027641200468
 10
98.28571427745624
 20
163.8027641200468
 10
98.54285713416446
 20
163.8027641200468
 10
98.79999999087269
 20
163.8027641200468
 10
99.0571428475809
 20
163.8027641200468
 10
99.31428570428913
 20
163.8027641200468
 10
99.57142856099736
 20
163.8027641200468
 10
99.82857141770558
 20
163.8027641200468
 10
100.0857142744138
 20
163.8027641200468
 10
100.34285713112203
 20
163.8027641200468
 10
100.59999998783024
 20
163.8027641200468
  0
LWPOLYLINE
  5
29B
330
17
100
AcDbEntity
  8
02-OCULTA
100
AcDbPolyline
 90
7
 70
0
 10
92.84
 20
164.3627641200468
 10
92.85908187816683
 20
164.21782557599153
 10
92.9150259908234
 20
164.08276424286822
 10
93.00401965959864
 20
163.9667837941447
 10
93.12000010980334
 20
163.87779014346577
 10
93.25506139400365
 20
163.82184585794357
 10
93.4
 20
163.8027641200468
  0
ARC
  5
29C
330
17
100
AcDbEntity
  8
01-VISIBLE
100
AcDbCircle
 10
88.2
 20
174.7627641200468
 30
0.0
 40
19.2375
100
AcDbArc
 50
12.000909956302579
 51
174.298270189808
  0
ARC
  5
29D
330
17
100
AcDbEntity
  8
01-VISIBLE
100
AcDbCircle
 10
88.2
 20
174.7627641200468
 30
0.0
 40
19.2375
100
AcDbArc
 50
-174.29827018980802
 51
-12.000909956302603
  0
LINE
  5
29E
330
17
100
AcDbEntity
  8
01-VISIBLE
100
AcDbLine
 10
87.45
 20
155.52526412004678
 30
0.0
 11
87.45
 21
155.53988956263473
 31
0.0
  0
LINE
  5
29F
330
17
100
AcDbEntity
  8
01-VISIBLE
100
AcDbLine
 10
88.95
 20
155.52526412004678
 30
0.0
 11
88.95
 21
155.53988956263473
 31
0.0
  0
LINE
  5
2A0
330
17
100
AcDbEntity
  8
01-VISIBLE
100
AcDbLine
 10
87.45
 20
155.52526412004678
 30
0.0
 11
88.95
 21
155.52526412004678
 31
0.0
  0
ARC
  5
2A1
330
17
100
AcDbEntity
  8
01-VISIBLE
100
AcDbCircle
 10
88.2
 20
174.7627641200468
 30
0.0
 40
8.45
100
AcDbArc
 50
28.25345474227384
 51
131.50779172300457
  0
ARC
  5
2A2
330
17
100
AcDbEntity
  8
01-VISIBLE
100
AcDbCircle
 10
88.2
 20
174.7627641200468
 30
0.0
 40
8.45
100
AcDbArc
 50
-131.50779172300457
 51
-108.78287089503257
  0
ARC
  5
2A3
330
17
100
AcDbEntity
  8
01-VISIBLE
100
AcDbCircle
 10
88.2
 20
174.7627641200468
 30
0.0
 40
8.45
100
AcDbArc
 50
-71.21712910496744
 51
-28.25345474227384
  0
ARC
  5
2A4
330
17
100
AcDbEntity
  8
01-VISIBLE
100
AcDbCircle
 10
83.8
 20
170.7627641200468
 30
0.0
 40
1.6
100
AcDbArc
 50
-138.59037789072914
 51
-90.0
  0
ARC
  5
2A5
330
17
100
AcDbEntity
  8
01-VISIBLE
100
AcDbCircle
 10
83.8
 20
178.7627641200468
 30
0.0
 40
1.6
100
AcDbArc
 50
90.0
 51
138.59037789072912
  0
LINE
  5
2A6
330
17
100
AcDbEntity
  8
01-VISIBLE
100
AcDbLine
 10
83.8
 20
169.1627641200468
 30
0.0
 11
92.60000000000001
 21
169.1627641200468
 31
0.0
  0
LINE
  5
2A7
330
17
100
AcDbEntity
  8
01-VISIBLE
100
AcDbLine
 10
83.8
 20
180.3627641200468
 30
0.0
 11
92.60000000000001
 21
180.3627641200468
 31
0.0
  0
ARC
  5
2A8
330
17
100
AcDbEntity
  8
01-VISIBLE
100
AcDbCircle
 10
92.60000000000001
 20
170.7627641200468
 30
0.0
 40
1.6
100
AcDbArc
 50
-90.0
 51
0.0
  0
ARC
  5
2A9
330
17
100
AcDbEntity
  8
01-VISIBLE
100
AcDbCircle
 10
92.60000000000001
 20
178.7627641200468
 30
0.0
 40
1.6
100
AcDbArc
 50
0.0
 51
90.0
  0
LWPOLYLINE
  5
2AA
330
17
100
AcDbEntity
  8
01-VISIBLE
100
AcDbPolyline
 90
23
 70
0
 10
77.1
 20
171.96276412004678
 10
77.1
 20
172.21730957459226
 10
77.1
 20
172.4718550291377
 10
77.1
 20
172.72640048368316
 10
77.1
 20
172.98094593822861
 10
77.1
 20
173.23549139277407
 10
77.1
 20
173.49003684731952
 10
77.1
 20
173.74458230186497
 10
77.1
 20
173.99912775641045
 10
77.1
 20
174.2536732109559
 10
77.1
 20
174.50821866550135
 10
77.1
 20
174.7627641200468
 10
77.1
 20
175.01730957459225
 10
77.1
 20
175.2718550291377
 10
77.1
 20
175.52640048368315
 10
77.1
 20
175.78094593822863
 10
77.1
 20
176.03549139277408
 10
77.1
 20
176.29003684731953
 10
77.1
 20
176.54458230186498
 10
77.1
 20
176.79912775641043
 10
77.1
 20
177.05367321095588
 10
77.1
 20
177.30821866550133
 10
77.1
 20
177.5627641200468
  0
LWPOLYLINE
  5
2AB
330
17
100
AcDbEntity
  8
01-VISIBLE
100
AcDbPolyline
 90
15
 70
0
 10
90.0
 20
166.8627641200468
 10
89.74285714285715
 20
166.8627641200468
 10
89.4857142857143
 20
166.8627641200468
 10
89.22857142857143
 20
166.8627641200468
 10
88.97142857142858
 20
166.8627641200468
 10
88.71428571428572
 20
166.8627641200468
 10
88.45714285714286
 20
166.8627641200468
 10
88.2
 20
166.8627641200468
 10
87.94285714285715
 20
166.8627641200468
 10
87.68571428571428
 20
166.8627641200468
 10
87.42857142857143
 20
166.8627641200468
 10
87.17142857142858
 20
166.8627641200468
 10
86.91428571428571
 20
166.8627641200468
 10
86.65714285714286
 20
166.8627641200468
 10
86.4
 20
166.8627641200468
  0
LWPOLYLINE
  5
2AC
330
17
100
AcDbEntity
  8
01-VISIBLE
100
AcDbPolyline
 90
29
 70
0
 10
88.2
 20
162.3627641200468
 10
87.95
 20
162.3627641200468
 10
87.7
 20
162.3627641200468
 10
87.45
 20
162.3627641200468
 10
87.2
 20
162.3627641200468
 10
86.95
 20
162.3627641200468
 10
86.7
 20
162.3627641200468
 10
86.45
 20
162.3627641200468
 10
86.2
 20
162.3627641200468
 10
85.95
 20
162.3627641200468
 10
85.7
 20
162.3627641200468
 10
85.45
 20
162.3627641200468
 10
85.2
 20
162.3627641200468
 10
84.95
 20
162.3627641200468
 10
84.7
 20
162.3627641200468
 10
84.45
 20
162.3627641200468
 10
84.2
 20
162.3627641200468
 10
83.95
 20
162.3627641200468
 10
83.7
 20
162.3627641200468
 10
83.45
 20
162.3627641200468
 10
83.2
 20
162.3627641200468
 10
82.95
 20
162.3627641200468
 10
82.7
 20
162.3627641200468
 10
82.45
 20
162.3627641200468
 10
82.2
 20
162.3627641200468
 10
81.95
 20
162.3627641200468
 10
81.7
 20
162.3627641200468
 10
81.45
 20
162.3627641200468
 10
81.2
 20
162.3627641200468
  0
LWPOLYLINE
  5
2AD
330
17
100
AcDbEntity
  8
01-VISIBLE
100
AcDbPolyline
 90
57
 70
0
 10
95.2
 20
166.7627641200468
 10
94.95
 20
166.7627641200468
 10
94.7
 20
166.7627641200468
 10
94.45
 20
166.7627641200468
 10
94.2
 20
166.7627641200468
 10
93.95
 20
166.7627641200468
 10
93.7
 20
166.7627641200468
 10
93.45
 20
166.7627641200468
 10
93.2
 20
166.7627641200468
 10
92.95
 20
166.7627641200468
 10
92.7
 20
166.7627641200468
 10
92.45
 20
166.7627641200468
 10
92.2
 20
166.7627641200468
 10
91.95
 20
166.7627641200468
 10
91.7
 20
166.7627641200468
 10
91.45
 20
166.7627641200468
 10
91.2
 20
166.7627641200468
 10
90.95
 20
166.7627641200468
 10
90.7
 20
166.7627641200468
 10
90.45
 20
166.7627641200468
 10
90.2
 20
166.7627641200468
 10
89.95
 20
166.7627641200468
 10
89.7
 20
166.7627641200468
 10
89.45
 20
166.7627641200468
 10
89.2
 20
166.7627641200468
 10
88.95
 20
166.7627641200468
 10
88.7
 20
166.7627641200468
 10
88.45
 20
166.7627641200468
 10
88.2
 20
166.7627641200468
 10
87.95
 20
166.7627641200468
 10
87.7
 20
166.7627641200468
 10
87.45
 20
166.7627641200468
 10
87.2
 20
166.7627641200468
 10
86.95
 20
166.7627641200468
 10
86.7
 20
166.7627641200468
 10
86.45
 20
166.7627641200468
 10
86.2
 20
166.7627641200468
 10
85.95
 20
166.7627641200468
 10
85.7
 20
166.7627641200468
 10
85.45
 20
166.7627641200468
 10
85.2
 20
166.7627641200468
 10
84.95
 20
166.7627641200468
 10
84.7
 20
166.7627641200468
 10
84.45
 20
166.7627641200468
 10
84.2
 20
166.7627641200468
 10
83.95
 20
166.7627641200468
 10
83.7
 20
166.7627641200468
 10
83.45
 20
166.7627641200468
 10
83.2
 20
166.7627641200468
 10
82.95
 20
166.7627641200468
 10
82.7
 20
166.7627641200468
 10
82.45
 20
166.7627641200468
 10
82.2
 20
166.7627641200468
 10
81.95
 20
166.7627641200468
 10
81.7
 20
166.7627641200468
 10
81.45
 20
166.7627641200468
 10
81.2
 20
166.7627641200468
  0
LWPOLYLINE
  5
2AE
330
17
100
AcDbEntity
  8
01-VISIBLE
100
AcDbPolyline
 90
29
 70
0
 10
95.2
 20
162.3627641200468
 10
94.95
 20
162.3627641200468
 10
94.7
 20
162.3627641200468
 10
94.45
 20
162.3627641200468
 10
94.2
 20
162.3627641200468
 10
93.95
 20
162.3627641200468
 10
93.7
 20
162.3627641200468
 10
93.45
 20
162.3627641200468
 10
93.2
 20
162.3627641200468
 10
92.95
 20
162.3627641200468
 10
92.7
 20
162.3627641200468
 10
92.45
 20
162.3627641200468
 10
92.2
 20
162.3627641200468
 10
91.95
 20
162.3627641200468
 10
91.7
 20
162.3627641200468
 10
91.45
 20
162.3627641200468
 10
91.2
 20
162.3627641200468
 10
90.95
 20
162.3627641200468
 10
90.7
 20
162.3627641200468
 10
90.45
 20
162.3627641200468
 10
90.2
 20
162.3627641200468
 10
89.95
 20
162.3627641200468
 10
89.7
 20
162.3627641200468
 10
89.45
 20
162.3627641200468
 10
89.2
 20
162.3627641200468
 10
88.95
 20
162.3627641200468
 10
88.7
 20
162.3627641200468
 10
88.45
 20
162.3627641200468
 10
88.2
 20
162.3627641200468
  0
LINE
  5
2AF
330
17
100
AcDbEntity
  8
01-VISIBLE
100
AcDbLine
 10
80.00500905055176
 20
170.7627641200468
 30
0.0
 11
80.00500905055176
 21
178.7627641200468
 31
0.0
  0
LINE
  5
2B0
330
17
100
AcDbEntity
  8
01-VISIBLE
100
AcDbLine
 10
109.99834431631045
 20
170.7627641200468
 30
0.0
 11
109.80335336686221
 21
170.7627641200468
 31
0.0
  0
LINE
  5
2B1
330
17
100
AcDbEntity
  8
01-VISIBLE
100
AcDbLine
 10
109.80335336686221
 20
170.7627641200468
 30
0.0
 11
109.80335336686221
 21
178.7627641200468
 31
0.0
  0
LINE
  5
2B2
330
17
100
AcDbEntity
  8
01-VISIBLE
100
AcDbLine
 10
109.99834431631045
 20
178.7627641200468
 30
0.0
 11
109.80335336686221
 21
178.7627641200468
 31
0.0
  0
LINE
  5
2B3
330
17
100
AcDbEntity
  8
01-VISIBLE
100
AcDbLine
 10
109.99834431631045
 20
170.7627641200468
 30
0.0
 11
109.99834431631045
 21
178.7627641200468
 31
0.0
  0
LINE
  5
2B4
330
17
100
AcDbEntity
  8
01-VISIBLE
100
AcDbLine
 10
80.00500905055176
 20
170.7627641200468
 30
0.0
 11
109.80335336686221
 21
170.7627641200468
 31
0.0
  0
LINE
  5
2B5
330
17
100
AcDbEntity
  8
01-VISIBLE
100
AcDbLine
 10
80.00500905055176
 20
178.7627641200468
 30
0.0
 11
109.80335336686221
 21
178.7627641200468
 31
0.0
  0
LWPOLYLINE
  5
2B6
330
17
100
AcDbEntity
  8
01-VISIBLE
100
AcDbPolyline
 90
7
 70
0
 10
81.4
 20
181.96276412004678
 10
81.60000000000001
 20
181.96276412004678
 10
81.8
 20
181.96276412004678
 10
82.0
 20
181.96276412004678
 10
82.2
 20
181.96276412004678
 10
82.4
 20
181.96276412004678
 10
82.60000000000001
 20
181.96276412004678
  0
LWPOLYLINE
  5
2B7
330
17
100
AcDbEntity
  8
01-VISIBLE
100
AcDbPolyline
 90
7
 70
0
 10
80.2
 20
181.96276412004678
 10
80.4
 20
181.96276412004678
 10
80.60000000000001
 20
181.96276412004678
 10
80.8
 20
181.96276412004678
 10
81.0
 20
181.96276412004678
 10
81.2
 20
181.96276412004678
 10
81.4
 20
181.96276412004678
  0
LWPOLYLINE
  5
2B8
330
17
100
AcDbEntity
  8
01-VISIBLE
100
AcDbPolyline
 90
7
 70
0
 10
81.4
 20
167.5627641200468
 10
81.60000000000001
 20
167.5627641200468
 10
81.8
 20
167.5627641200468
 10
82.0
 20
167.5627641200468
 10
82.2
 20
167.5627641200468
 10
82.4
 20
167.5627641200468
 10
82.60000000000001
 20
167.5627641200468
  0
LWPOLYLINE
  5
2B9
330
17
100
AcDbEntity
  8
01-VISIBLE
100
AcDbPolyline
 90
7
 70
0
 10
80.2
 20
167.5627641200468
 10
80.4
 20
167.5627641200468
 10
80.60000000000001
 20
167.5627641200468
 10
80.8
 20
167.5627641200468
 10
81.0
 20
167.5627641200468
 10
81.2
 20
167.5627641200468
 10
81.4
 20
167.5627641200468
  0
LWPOLYLINE
  5
2BA
330
17
100
AcDbEntity
  8
01-VISIBLE
100
AcDbPolyline
 90
7
 70
0
 10
96.66720042735072
 20
164.3627641200468
 10
96.72266702279227
 20
164.3627641200468
 10
96.77813361823382
 20
164.3627641200468
 10
96.83360021367537
 20
164.3627641200468
 10
96.88906680911691
 20
164.3627641200468
 10
96.94453340455846
 20
164.3627641200468
 10
97.0
 20
164.3627641200468
  0
LWPOLYLINE
  5
2BB
330
17
100
AcDbEntity
  8
01-VISIBLE
100
AcDbPolyline
 90
7
 70
0
 10
96.66720042736353
 20
164.3627641200468
 10
96.64885887719275
 20
164.46836939314156
 10
96.60394044900758
 20
164.5660439545328
 10
96.54613597296817
 20
164.65683582862542
 10
96.4827123084248
 20
164.7438336391986
 10
96.41770840342652
 20
164.82966534423625
 10
96.359999999996
 20
164.9199120431934
  0
LWPOLYLINE
  5
2BC
330
17
100
AcDbEntity
  8
01-VISIBLE
100
AcDbPolyline
 90
7
 70
0
 10
96.359999999996
 20
164.9199120431934
 10
96.36004769773666
 20
164.9206385580642
 10
96.36022116417352
 20
164.9213448318489
 10
96.36057457762851
 20
164.92197845382393
 10
96.36112752709889
 20
164.9224462298888
 10
96.36180927817311
 20
164.92269515032774
 10
96.36253340881395
 20
164.92276411851793
  0
LWPOLYLINE
  5
2BD
330
17
100
AcDbEntity
  8
01-VISIBLE
100
AcDbPolyline
 90
7
 70
0
 10
97.33279957263649
 20
164.3627641200468
 10
97.35114112280725
 20
164.46836939314156
 10
97.39605955099243
 20
164.5660439545328
 10
97.45386402703184
 20
164.65683582862542
 10
97.51728769157522
 20
164.7438336391986
 10
97.5822915965735
 20
164.82966534423625
 10
97.640000000004
 20
164.9199120431934
  0
LWPOLYLINE
  5
2BE
330
17
100
AcDbEntity
  8
01-VISIBLE
100
AcDbPolyline
 90
7
 70
0
 10
97.640000000004
 20
164.9199120431934
 10
97.63995230226335
 20
164.9206385580642
 10
97.63977883582648
 20
164.9213448318489
 10
97.63942542237149
 20
164.92197845382393
 10
97.63887247290113
 20
164.9224462298888
 10
97.6381907218269
 20
164.92269515032774
 10
97.63746659118607
 20
164.92276411851793
  0
LWPOLYLINE
  5
2BF
330
17
100
AcDbEntity
  8
01-VISIBLE
100
AcDbPolyline
 90
7
 70
0
 10
97.0
 20
164.3627641200468
 10
97.05546659544154
 20
164.3627641200468
 10
97.1109331908831
 20
164.3627641200468
 10
97.16639978632465
 20
164.3627641200468
 10
97.22186638176619
 20
164.3627641200468
 10
97.27733297720773
 20
164.3627641200468
 10
97.33279957264928
 20
164.3627641200468
  0
LWPOLYLINE
  5
2C0
330
17
100
AcDbEntity
  8
01-VISIBLE
100
AcDbPolyline
 90
7
 70
0
 10
97.0
 20
181.96276412004678
 10
97.10666666666667
 20
181.96276412004678
 10
97.21333333333334
 20
181.96276412004678
 10
97.32000000000001
 20
181.96276412004678
 10
97.42666666666668
 20
181.96276412004678
 10
97.53333333333333
 20
181.96276412004678
 10
97.64
 20
181.96276412004678
  0
LWPOLYLINE
  5
2C1
330
17
100
AcDbEntity
  8
01-VISIBLE
100
AcDbPolyline
 90
7
 70
0
 10
96.36
 20
181.96276412004678
 10
96.46666666666667
 20
181.96276412004678
 10
96.57333333333334
 20
181.96276412004678
 10
96.68
 20
181.96276412004678
 10
96.78666666666668
 20
181.96276412004678
 10
96.89333333333333
 20
181.96276412004678
 10
97.0
 20
181.96276412004678
  0
LWPOLYLINE
  5
2C2
330
17
100
AcDbEntity
  8
01-VISIBLE
100
AcDbPolyline
 90
13
 70
0
 10
64.0
 20
173.1627641200468
 10
64.0
 20
173.42943078671345
 10
64.0
 20
173.69609745338013
 10
64.0
 20
173.96276412004678
 10
64.0
 20
174.22943078671346
 10
64.0
 20
174.49609745338012
 10
64.0
 20
174.7627641200468
 10
64.0
 20
175.02943078671348
 10
64.0
 20
175.29609745338013
 10
64.0
 20
175.5627641200468
 10
64.0
 20
175.82943078671346
 10
64.0
 20
176.09609745338014
 10
64.0
 20
176.3627641200468
  0
LWPOLYLINE
  5
2C3
330
17
100
AcDbEntity
  8
01-VISIBLE
100
AcDbPolyline
 90
20
 70
0
 10
77.0
 20
172.3627641200468
 10
77.0
 20
172.61539569899418
 10
77.0
 20
172.86802727794154
 10
77.0
 20
173.1206588568889
 10
77.0
 20
173.37329043583628
 10
77.0
 20
173.62592201478364
 10
77.0
 20
173.878553593731
 10
77.0
 20
174.13118517267839
 10
77.0
 20
174.38381675162574
 10
77.0
 20
174.6364483305731
 10
77.0
 20
174.8890799095205
 10
77.0
 20
175.14171148846785
 10
77.0
 20
175.3943430674152
 10
77.0
 20
175.6469746463626
 10
77.0
 20
175.89960622530995
 10
77.0
 20
176.1522378042573
 10
77.0
 20
176.4048693832047
 10
77.0
 20
176.65750096215206
 10
77.0
 20
176.91013254109941
 10
77.0
 20
177.1627641200468
  0
LINE
  5
2C4
330
17
100
AcDbEntity
  8
01-VISIBLE
100
AcDbLine
 10
80.00500905055176
 20
177.5627641200468
 30
0.0
 11
77.1
 21
177.5627641200468
 31
0.0
  0
LINE
  5
2C5
330
17
100
AcDbEntity
  8
01-VISIBLE
100
AcDbLine
 10
80.00500905055176
 20
171.96276412004678
 30
0.0
 11
77.1
 21
171.96276412004678
 31
0.0
  0
LINE
  5
2C6
330
17
100
AcDbEntity
  8
01-VISIBLE
100
AcDbLine
 10
86.4
 20
169.1627641200468
 30
0.0
 11
86.4
 21
166.8627641200468
 31
0.0
  0
LINE
  5
2C7
330
17
100
AcDbEntity
  8
01-VISIBLE
100
AcDbLine
 10
90.0
 20
169.1627641200468
 30
0.0
 11
90.0
 21
166.8627641200468
 31
0.0
  0
LINE
  5
2C8
330
17
100
AcDbEntity
  8
01-VISIBLE
100
AcDbLine
 10
81.2
 20
166.7627641200468
 30
0.0
 11
81.2
 21
162.3627641200468
 31
0.0
  0
LINE
  5
2C9
330
17
100
AcDbEntity
  8
01-VISIBLE
100
AcDbLine
 10
95.2
 20
166.7627641200468
 30
0.0
 11
95.2
 21
164.9227641200468
 31
0.0
  0
LINE
  5
2CA
330
17
100
AcDbEntity
  8
01-VISIBLE
100
AcDbLine
 10
95.2
 20
163.8027641200468
 30
0.0
 11
95.2
 21
162.3627641200468
 31
0.0
  0
LWPOLYLINE
  5
2CB
330
17
100
AcDbEntity
  8
01-VISIBLE
100
AcDbPolyline
 90
27
 70
0
 10
88.2
 20
161.8827641200468
 10
87.94923076923077
 20
161.8827641200468
 10
87.69846153846154
 20
161.8827641200468
 10
87.44769230769231
 20
161.8827641200468
 10
87.19692307692308
 20
161.8827641200468
 10
86.94615384615385
 20
161.8827641200468
 10
86.69538461538461
 20
161.8827641200468
 10
86.44461538461539
 20
161.8827641200468
 10
86.19384615384615
 20
161.8827641200468
 10
85.94307692307693
 20
161.8827641200468
 10
85.6923076923077
 20
161.8827641200468
 10
85.44153846153847
 20
161.8827641200468
 10
85.19076923076923
 20
161.8827641200468
 10
84.94
 20
161.8827641200468
 10
84.68923076923078
 20
161.8827641200468
 10
84.43846153846154
 20
161.8827641200468
 10
84.18769230769232
 20
161.8827641200468
 10
83.93692307692308
 20
161.8827641200468
 10
83.68615384615384
 20
161.8827641200468
 10
83.43538461538462
 20
161.8827641200468
 10
83.18461538461538
 20
161.8827641200468
 10
82.93384615384616
 20
161.8827641200468
 10
82.68307692307692
 20
161.8827641200468
 10
82.43230769230769
 20
161.8827641200468
 10
82.18153846153847
 20
161.8827641200468
 10
81.93076923076923
 20
161.8827641200468
 10
81.68
 20
161.8827641200468
  0
LWPOLYLINE
  5
2CC
330
17
100
AcDbEntity
  8
01-VISIBLE
100
AcDbPolyline
 90
7
 70
0
 10
95.2
 20
162.3627641200468
 10
95.18364439877068
 20
162.23853094158653
 10
95.13569218595896
 20
162.1227640568454
 10
95.05941217333844
 20
162.02335197908934
 10
94.95999993024938
 20
161.94707196589738
 10
94.84423290356668
 20
161.89912026929255
 10
94.72
 20
161.8827641200468
  0
LWPOLYLINE
  5
2CD
330
17
100
AcDbEntity
  8
01-VISIBLE
100
AcDbPolyline
 90
7
 70
0
 10
81.2
 20
162.3627641200468
 10
81.21635560122932
 20
162.23853094158653
 10
81.26430781404105
 20
162.1227640568454
 10
81.34058782666156
 20
162.02335197908934
 10
81.44000006975062
 20
161.94707196589738
 10
81.55576709643333
 20
161.89912026929255
 10
81.68
 20
161.8827641200468
  0
LWPOLYLINE
  5
2CE
330
17
100
AcDbEntity
  8
01-VISIBLE
100
AcDbPolyline
 90
27
 70
0
 10
88.2
 20
161.8827641200468
 10
88.45076923076924
 20
161.8827641200468
 10
88.70153846153846
 20
161.8827641200468
 10
88.9523076923077
 20
161.8827641200468
 10
89.20307692307692
 20
161.8827641200468
 10
89.45384615384616
 20
161.8827641200468
 10
89.70461538461538
 20
161.8827641200468
 10
89.95538461538462
 20
161.8827641200468
 10
90.20615384615385
 20
161.8827641200468
 10
90.45692307692308
 20
161.8827641200468
 10
90.70769230769231
 20
161.8827641200468
 10
90.95846153846153
 20
161.8827641200468
 10
91.20923076923077
 20
161.8827641200468
 10
91.46
 20
161.8827641200468
 10
91.71076923076923
 20
161.8827641200468
 10
91.96153846153847
 20
161.8827641200468
 10
92.21230769230769
 20
161.8827641200468
 10
92.46307692307693
 20
161.8827641200468
 10
92.71384615384615
 20
161.8827641200468
 10
92.96461538461539
 20
161.8827641200468
 10
93.21538461538461
 20
161.8827641200468
 10
93.46615384615384
 20
161.8827641200468
 10
93.71692307692308
 20
161.8827641200468
 10
93.9676923076923
 20
161.8827641200468
 10
94.21846153846154
 20
161.8827641200468
 10
94.46923076923076
 20
161.8827641200468
 10
94.72
 20
161.8827641200468
  0
LWPOLYLINE
  5
2CF
330
17
100
AcDbEntity
  8
01-VISIBLE
100
AcDbPolyline
 90
7
 70
0
 10
81.68
 20
161.8827641200468
 10
81.68002244671476
 20
161.8827641200468
 10
81.68004499893267
 20
161.8827641200468
 10
81.68006753367214
 20
161.8827641200468
 10
81.68009007151159
 20
161.8827641200468
 10
81.6801126119668
 20
161.8827641200468
 10
81.6801351542804
 20
161.8827641200468
  0
LINE
  5
2D0
330
17
100
AcDbEntity
  8
01-VISIBLE
100
AcDbLine
 10
82.60000000000001
 20
167.5627641200468
 30
0.0
 11
82.60000000000001
 21
170.7627641200468
 31
0.0
  0
LINE
  5
2D1
330
17
100
AcDbEntity
  8
01-VISIBLE
100
AcDbLine
 10
82.60000000000001
 20
178.7627641200468
 30
0.0
 11
82.60000000000001
 21
181.96276412004678
 31
0.0
  0
LINE
  5
2D2
330
17
100
AcDbEntity
  8
01-VISIBLE
100
AcDbLine
 10
80.2
 20
167.5627641200468
 30
0.0
 11
80.2
 21
170.7627641200468
 31
0.0
  0
LINE
  5
2D3
330
17
100
AcDbEntity
  8
01-VISIBLE
100
AcDbLine
 10
80.2
 20
178.7627641200468
 30
0.0
 11
80.2
 21
181.96276412004678
 31
0.0
  0
LINE
  5
2D4
330
17
100
AcDbEntity
  8
01-VISIBLE
100
AcDbLine
 10
97.64
 20
164.9199120431934
 30
0.0
 11
97.64
 21
170.7627641200468
 31
0.0
  0
LINE
  5
2D5
330
17
100
AcDbEntity
  8
01-VISIBLE
100
AcDbLine
 10
97.64
 20
178.7627641200468
 30
0.0
 11
97.64
 21
181.96276412004678
 31
0.0
  0
LINE
  5
2D6
330
17
100
AcDbEntity
  8
01-VISIBLE
100
AcDbLine
 10
96.36
 20
164.9199120431934
 30
0.0
 11
96.36
 21
170.7627641200468
 31
0.0
  0
LINE
  5
2D7
330
17
100
AcDbEntity
  8
01-VISIBLE
100
AcDbLine
 10
96.36
 20
178.7627641200468
 30
0.0
 11
96.36
 21
181.96276412004678
 31
0.0
  0
LWPOLYLINE
  5
2D8
330
17
100
AcDbEntity
  8
01-VISIBLE
100
AcDbPolyline
 90
15
 70
0
 10
97.0
 20
163.8027641200468
 10
96.74285714285715
 20
163.8027641200468
 10
96.4857142857143
 20
163.8027641200468
 10
96.22857142857143
 20
163.8027641200468
 10
95.97142857142858
 20
163.8027641200468
 10
95.71428571428572
 20
163.8027641200468
 10
95.45714285714286
 20
163.8027641200468
 10
95.2
 20
163.8027641200468
 10
94.94285714285715
 20
163.8027641200468
 10
94.68571428571428
 20
163.8027641200468
 10
94.42857142857143
 20
163.8027641200468
 10
94.17142857142858
 20
163.8027641200468
 10
93.91428571428571
 20
163.8027641200468
 10
93.65714285714286
 20
163.8027641200468
 10
93.4
 20
163.8027641200468
  0
LWPOLYLINE
  5
2D9
330
17
100
AcDbEntity
  8
01-VISIBLE
100
AcDbPolyline
 90
12
 70
0
 10
96.36
 20
164.9227641200468
 10
96.0909090909091
 20
164.9227641200468
 10
95.82181818181819
 20
164.9227641200468
 10
95.55272727272728
 20
164.9227641200468
 10
95.28363636363636
 20
164.9227641200468
 10
95.01454545454546
 20
164.9227641200468
 10
94.74545454545455
 20
164.9227641200468
 10
94.47636363636364
 20
164.9227641200468
 10
94.20727272727274
 20
164.9227641200468
 10
93.93818181818182
 20
164.9227641200468
 10
93.66909090909091
 20
164.9227641200468
 10
93.4
 20
164.9227641200468
  0
LWPOLYLINE
  5
2DA
330
17
100
AcDbEntity
  8
01-VISIBLE
100
AcDbPolyline
 90
7
 70
0
 10
101.16
 20
164.3627641200468
 10
101.14091840642615
 20
164.50770279772934
 10
101.08497406353824
 20
164.64276411487828
 10
100.99598081543535
 20
164.75874487767112
 10
100.87999994916798
 20
164.8477383432644
 10
100.74493840152695
 20
164.90368193217878
 10
100.60000000000001
 20
164.9227641200468
  0
LWPOLYLINE
  5
2DB
330
17
100
AcDbEntity
  8
01-VISIBLE
100
AcDbPolyline
 90
12
 70
0
 10
97.64
 20
164.9227641200468
 10
97.9090909090909
 20
164.9227641200468
 10
98.17818181818183
 20
164.9227641200468
 10
98.44727272727273
 20
164.9227641200468
 10
98.71636363636364
 20
164.9227641200468
 10
98.98545454545454
 20
164.9227641200468
 10
99.25454545454545
 20
164.9227641200468
 10
99.52363636363637
 20
164.9227641200468
 10
99.79272727272728
 20
164.9227641200468
 10
100.06181818181818
 20
164.9227641200468
 10
100.33090909090909
 20
164.9227641200468
 10
100.60000000000001
 20
164.9227641200468
  0
LWPOLYLINE
  5
2DC
330
17
100
AcDbEntity
  8
01-VISIBLE
100
AcDbPolyline
 90
12
 70
0
 10
100.60000000000001
 20
164.9227641200468
 10
100.33090909090909
 20
164.9227641200468
 10
100.06181818181818
 20
164.9227641200468
 10
99.79272727272728
 20
164.9227641200468
 10
99.52363636363637
 20
164.9227641200468
 10
99.25454545454545
 20
164.9227641200468
 10
98.98545454545454
 20
164.9227641200468
 10
98.71636363636364
 20
164.9227641200468
 10
98.44727272727273
 20
164.9227641200468
 10
98.17818181818183
 20
164.9227641200468
 10
97.9090909090909
 20
164.9227641200468
 10
97.64
 20
164.9227641200468
  0
LWPOLYLINE
  5
2DD
330
17
100
AcDbEntity
  8
01-VISIBLE
100
AcDbPolyline
 90
15
 70
0
 10
97.0
 20
163.8027641200468
 10
97.25714285627359
 20
163.8027641200468
 10
97.51428571254718
 20
163.8027641200468
 10
97.77142856882077
 20
163.8027641200468
 10
98.02857142509436
 20
163.8027641200468
 10
98.28571428136794
 20
163.8027641200468
 10
98.54285713764153
 20
163.8027641200468
 10
98.79999999391512
 20
163.8027641200468
 10
99.05714285018871
 20
163.8027641200468
 10
99.3142857064623
 20
163.8027641200468
 10
99.57142856273589
 20
163.8027641200468
 10
99.82857141900948
 20
163.8027641200468
 10
100.08571427528307
 20
163.8027641200468
 10
100.34285713155666
 20
163.8027641200468
 10
100.59999998783024
 20
163.8027641200468
  0
LWPOLYLINE
  5
2DE
330
17
100
AcDbEntity
  8
01-VISIBLE
100
AcDbPolyline
 90
7
 70
0
 10
100.59999998783024
 20
163.8027641200468
 10
100.7449384048032
 20
163.8218462796275
 10
100.87999993361463
 20
163.87778991513957
 10
100.99598082472201
 20
163.96678333472272
 10
101.08497405059141
 20
164.08276413311492
 10
101.1409183960057
 20
164.21782544591824
 10
101.16
 20
164.3627641200468
  0
LINE
  5
2DF
330
17
100
AcDbEntity
  8
01-VISIBLE
100
AcDbLine
 10
64.0
 20
176.3627641200468
 30
0.0
 11
77.0
 21
177.1627641200468
 31
0.0
  0
LINE
  5
2E0
330
17
100
AcDbEntity
  8
01-VISIBLE
100
AcDbLine
 10
64.0
 20
173.1627641200468
 30
0.0
 11
77.0
 21
172.3627641200468
 31
0.0
  0
LWPOLYLINE
  5
2E1
330
17
100
AcDbEntity
  8
02-OCULTA
100
AcDbPolyline
 90
77
 70
0
 10
165.23584431631048
 20
356.8752779440232
 10
164.98518642157364
 20
356.8752779440232
 10
164.73452852683678
 20
356.8752779440232
 10
164.48387063209995
 20
356.8752779440232
 10
164.23321273736312
 20
356.8752779440232
 10
163.98255484262626
 20
356.8752779440232
 10
163.73189694788942
 20
356.8752779440232
 10
163.4812390531526
 20
356.8752779440232
 10
163.23058115841573
 20
356.8752779440232
 10
162.9799232636789
 20
356.8752779440232
 10
162.72926536894207
 20
356.8752779440232
 10
162.4786074742052
 20
356.8752779440232
 10
162.22794957946837
 20
356.8752779440232
 10
161.97729168473154
 20
356.8752779440232
 10
161.72663378999468
 20
356.8752779440232
 10
161.47597589525785
 20
356.8752779440232
 10
161.225318000521
 20
356.8752779440232
 10
160.97466010578415
 20
356.8752779440232
 10
160.72400221104732
 20
356.8752779440232
 10
160.4733443163105
 20
356.8752779440232
 10
160.22268642157363
 20
356.8752779440232
 10
159.9720285268368
 20
356.8752779440232
 10
159.72137063209996
 20
356.8752779440232
 10
159.4707127373631
 20
356.8752779440232
 10
159.22005484262627
 20
356.8752779440232
 10
158.96939694788944
 20
356.8752779440232
 10
158.71873905315258
 20
356.8752779440232
 10
158.46808115841574
 20
356.8752779440232
 10
158.2174232636789
 20
356.8752779440232
 10
157.96676536894205
 20
356.8752779440232
 10
157.71610747420522
 20
356.8752779440232
 10
157.46544957946838
 20
356.8752779440232
 10
157.21479168473152
 20
356.8752779440232
 10
156.9641337899947
 20
356.8752779440232
 10
156.71347589525786
 20
356.8752779440232
 10
156.462818000521
 20
356.8752779440232
 10
156.21216010578416
 20
356.8752779440232
 10
155.96150221104733
 20
356.8752779440232
 10
155.71084431631047
 20
356.8752779440232
 10
155.46018642157364
 20
356.8752779440232
 10
155.20952852683678
 20
356.8752779440232
 10
154.95887063209994
 20
356.8752779440232
 10
154.7082127373631
 20
356.8752779440232
 10
154.45755484262628
 20
356.8752779440232
 10
154.20689694788942
 20
356.8752779440232
 10
153.9562390531526
 20
356.8752779440232
 10
153.70558115841573
 20
356.8752779440232
 10
153.4549232636789
 20
356.8752779440232
 10
153.20426536894206
 20
356.8752779440232
 10
152.95360747420523
 20
356.8752779440232
 10
152.70294957946837
 20
356.8752779440232
 10
152.45229168473153
 20
356.8752779440232
 10
152.2016337899947
 20
356.8752779440232
 10
151.95097589525784
 20
356.8752779440232
 10
151.700318000521
 20
356.8752779440232
 10
151.44966010578418
 20
356.8752779440232
 10
151.19900221104731
 20
356.8752779440232
 10
150.94834431631048
 20
356.8752779440232
 10
150.69768642157362
 20
356.8752779440232
 10
150.4470285268368
 20
356.8752779440232
 10
150.19637063209996
 20
356.8752779440232
 10
149.9457127373631
 20
356.8752779440232
 10
149.69505484262626
 20
356.8752779440232
 10
149.44439694788943
 20
356.8752779440232
 10
149.19373905315257
 20
356.8752779440232
 10
148.94308115841574
 20
356.8752779440232
 10
148.6924232636789
 20
356.8752779440232
 10
148.44176536894204
 20
356.8752779440232
 10
148.1911074742052
 20
356.8752779440232
 10
147.94044957946838
 20
356.8752779440232
 10
147.68979168473152
 20
356.8752779440232
 10
147.43913378999468
 20
356.8752779440232
 10
147.18847589525785
 20
356.8752779440232
 10
146.937818000521
 20
356.8752779440232
 10
146.68716010578416
 20
356.8752779440232
 10
146.43650221104733
 20
356.8752779440232
 10
146.18584431631047
 20
356.8752779440232
  0
LWPOLYLINE
  5
2E2
330
17
100
AcDbEntity
  8
02-OCULTA
100
AcDbPolyline
 90
153
 70
0
 10
146.18584431631047
 20
356.8752779440232
 10
146.43650221104733
 20
356.8752779440232
 10
146.68716010578416
 20
356.8752779440232
 10
146.937818000521
 20
356.8752779440232
 10
147.18847589525785
 20
356.8752779440232
 10
147.43913378999468
 20
356.8752779440232
 10
147.68979168473152
 20
356.8752779440232
 10
147.94044957946838
 20
356.8752779440232
 10
148.1911074742052
 20
356.8752779440232
 10
148.44176536894204
 20
356.8752779440232
 10
148.6924232636789
 20
356.8752779440232
 10
148.94308115841574
 20
356.8752779440232
 10
149.19373905315257
 20
356.8752779440232
 10
149.44439694788943
 20
356.8752779440232
 10
149.69505484262626
 20
356.8752779440232
 10
149.94571273736312
 20
356.8752779440232
 10
150.19637063209996
 20
356.8752779440232
 10
150.4470285268368
 20
356.8752779440232
 10
150.69768642157362
 20
356.8752779440232
 10
150.94834431631048
 20
356.8752779440232
 10
151.19900221104731
 20
356.8752779440232
 10
151.44966010578415
 20
356.8752779440232
 10
151.700318000521
 20
356.8752779440232
 10
151.95097589525784
 20
356.8752779440232
 10
152.20163378999467
 20
356.8752779440232
 10
152.45229168473153
 20
356.8752779440232
 10
152.70294957946837
 20
356.8752779440232
 10
152.9536074742052
 20
356.8752779440232
 10
153.20426536894206
 20
356.8752779440232
 10
153.4549232636789
 20
356.8752779440232
 10
153.70558115841575
 20
356.8752779440232
 10
153.9562390531526
 20
356.8752779440232
 10
154.20689694788942
 20
356.8752779440232
 10
154.45755484262628
 20
356.8752779440232
 10
154.7082127373631
 20
356.8752779440232
 10
154.95887063209994
 20
356.8752779440232
 10
155.2095285268368
 20
356.8752779440232
 10
155.46018642157364
 20
356.8752779440232
 10
155.71084431631047
 20
356.8752779440232
 10
155.96150221104733
 20
356.8752779440232
 10
156.21216010578416
 20
356.8752779440232
 10
156.462818000521
 20
356.8752779440232
 10
156.71347589525783
 20
356.8752779440232
 10
156.9641337899947
 20
356.8752779440232
 10
157.21479168473152
 20
356.8752779440232
 10
157.46544957946838
 20
356.8752779440232
 10
157.71610747420522
 20
356.8752779440232
 10
157.96676536894205
 20
356.8752779440232
 10
158.21742326367888
 20
356.8752779440232
 10
158.46808115841574
 20
356.8752779440232
 10
158.71873905315258
 20
356.8752779440232
 10
158.96939694788944
 20
356.8752779440232
 10
159.22005484262627
 20
356.8752779440232
 10
159.4707127373631
 20
356.8752779440232
 10
159.72137063209993
 20
356.8752779440232
 10
159.9720285268368
 20
356.8752779440232
 10
160.22268642157363
 20
356.8752779440232
 10
160.4733443163105
 20
356.8752779440232
 10
160.72400221104732
 20
356.8752779440232
 10
160.97466010578415
 20
356.8752779440232
 10
161.225318000521
 20
356.8752779440232
 10
161.47597589525785
 20
356.8752779440232
 10
161.72663378999468
 20
356.8752779440232
 10
161.97729168473154
 20
356.8752779440232
 10
162.22794957946837
 20
356.8752779440232
 10
162.4786074742052
 20
356.8752779440232
 10
162.72926536894204
 20
356.8752779440232
 10
162.9799232636789
 20
356.8752779440232
 10
163.23058115841573
 20
356.8752779440232
 10
163.4812390531526
 20
356.8752779440232
 10
163.73189694788942
 20
356.8752779440232
 10
163.98255484262626
 20
356.8752779440232
 10
164.23321273736312
 20
356.8752779440232
 10
164.48387063209995
 20
356.8752779440232
 10
164.73452852683678
 20
356.8752779440232
 10
164.98518642157364
 20
356.8752779440232
 10
165.23584431631048
 20
356.8752779440232
 10
165.4865022110473
 20
356.8752779440232
 10
165.73716010578417
 20
356.8752779440232
 10
165.987818000521
 20
356.8752779440232
 10
166.23847589525784
 20
356.8752779440232
 10
166.4891337899947
 20
356.8752779440232
 10
166.73979168473153
 20
356.8752779440232
 10
166.99044957946836
 20
356.8752779440232
 10
167.2411074742052
 20
356.8752779440232
 10
167.49176536894205
 20
356.8752779440232
 10
167.7424232636789
 20
356.8752779440232
 10
167.99308115841575
 20
356.8752779440232
 10
168.24373905315258
 20
356.8752779440232
 10
168.4943969478894
 20
356.8752779440232
 10
168.74505484262627
 20
356.8752779440232
 10
168.9957127373631
 20
356.8752779440232
 10
169.24637063209994
 20
356.8752779440232
 10
169.4970285268368
 20
356.8752779440232
 10
169.74768642157363
 20
356.8752779440232
 10
169.99834431631047
 20
356.8752779440232
 10
170.24900221104733
 20
356.8752779440232
 10
170.49966010578416
 20
356.8752779440232
 10
170.750318000521
 20
356.8752779440232
 10
171.00097589525785
 20
356.8752779440232
 10
171.25163378999468
 20
356.8752779440232
 10
171.50229168473152
 20
356.8752779440232
 10
171.75294957946838
 20
356.8752779440232
 10
172.0036074742052
 20
356.8752779440232
 10
172.25426536894204
 20
356.8752779440232
 10
172.5049232636789
 20
356.8752779440232
 10
172.75558115841574
 20
356.8752779440232
 10
173.00623905315257
 20
356.8752779440232
 10
173.25689694788943
 20
356.8752779440232
 10
173.50755484262626
 20
356.8752779440232
 10
173.7582127373631
 20
356.8752779440232
 10
174.00887063209996
 20
356.8752779440232
 10
174.2595285268368
 20
356.8752779440232
 10
174.51018642157362
 20
356.8752779440232
 10
174.76084431631048
 20
356.8752779440232
 10
175.01150221104731
 20
356.8752779440232
 10
175.26216010578415
 20
356.8752779440232
 10
175.512818000521
 20
356.8752779440232
 10
175.76347589525784
 20
356.8752779440232
 10
176.01413378999467
 20
356.8752779440232
 10
176.26479168473153
 20
356.8752779440232
 10
176.51544957946837
 20
356.8752779440232
 10
176.7661074742052
 20
356.8752779440232
 10
177.01676536894206
 20
356.8752779440232
 10
177.2674232636789
 20
356.8752779440232
 10
177.51808115841573
 20
356.8752779440232
 10
177.7687390531526
 20
356.8752779440232
 10
178.01939694788942
 20
356.8752779440232
 10
178.27005484262625
 20
356.8752779440232
 10
178.5207127373631
 20
356.8752779440232
 10
178.77137063209994
 20
356.8752779440232
 10
179.02202852683678
 20
356.8752779440232
 10
179.2726864215736
 20
356.8752779440232
 10
179.52334431631047
 20
356.8752779440232
 10
179.7740022110473
 20
356.8752779440232
 10
180.02466010578416
 20
356.8752779440232
 10
180.275318000521
 20
356.8752779440232
 10
180.52597589525786
 20
356.8752779440232
 10
180.7766337899947
 20
356.8752779440232
 10
181.02729168473152
 20
356.8752779440232
 10
181.27794957946838
 20
356.8752779440232
 10
181.52860747420522
 20
356.8752779440232
 10
181.77926536894205
 20
356.8752779440232
 10
182.0299232636789
 20
356.8752779440232
 10
182.28058115841574
 20
356.8752779440232
 10
182.53123905315258
 20
356.8752779440232
 10
182.78189694788944
 20
356.8752779440232
 10
183.03255484262627
 20
356.8752779440232
 10
183.2832127373631
 20
356.8752779440232
 10
183.53387063209993
 20
356.8752779440232
 10
183.7845285268368
 20
356.8752779440232
 10
184.03518642157363
 20
356.8752779440232
 10
184.2858443163105
 20
356.8752779440232
  0
LWPOLYLINE
  5
2E3
330
17
100
AcDbEntity
  8
02-OCULTA
100
AcDbPolyline
 90
77
 70
0
 10
184.2858443163105
 20
356.8752779440232
 10
184.03518642157363
 20
356.8752779440232
 10
183.7845285268368
 20
356.8752779440232
 10
183.53387063209996
 20
356.8752779440232
 10
183.2832127373631
 20
356.8752779440232
 10
183.03255484262627
 20
356.8752779440232
 10
182.78189694788944
 20
356.8752779440232
 10
182.53123905315258
 20
356.8752779440232
 10
182.28058115841574
 20
356.8752779440232
 10
182.02992326367888
 20
356.8752779440232
 10
181.77926536894205
 20
356.8752779440232
 10
181.52860747420522
 20
356.8752779440232
 10
181.27794957946838
 20
356.8752779440232
 10
181.02729168473152
 20
356.8752779440232
 10
180.7766337899947
 20
356.8752779440232
 10
180.52597589525783
 20
356.8752779440232
 10
180.275318000521
 20
356.8752779440232
 10
180.02466010578416
 20
356.8752779440232
 10
179.77400221104733
 20
356.8752779440232
 10
179.52334431631047
 20
356.8752779440232
 10
179.27268642157364
 20
356.8752779440232
 10
179.0220285268368
 20
356.8752779440232
 10
178.77137063209994
 20
356.8752779440232
 10
178.5207127373631
 20
356.8752779440232
 10
178.27005484262628
 20
356.8752779440232
 10
178.01939694788942
 20
356.8752779440232
 10
177.7687390531526
 20
356.8752779440232
 10
177.51808115841575
 20
356.8752779440232
 10
177.2674232636789
 20
356.8752779440232
 10
177.01676536894206
 20
356.8752779440232
 10
176.7661074742052
 20
356.8752779440232
 10
176.51544957946837
 20
356.8752779440232
 10
176.26479168473153
 20
356.8752779440232
 10
176.0141337899947
 20
356.8752779440232
 10
175.76347589525784
 20
356.8752779440232
 10
175.512818000521
 20
356.8752779440232
 10
175.26216010578418
 20
356.8752779440232
 10
175.01150221104731
 20
356.8752779440232
 10
174.76084431631048
 20
356.8752779440232
 10
174.51018642157365
 20
356.8752779440232
 10
174.2595285268368
 20
356.8752779440232
 10
174.00887063209996
 20
356.8752779440232
 10
173.75821273736312
 20
356.8752779440232
 10
173.50755484262626
 20
356.8752779440232
 10
173.25689694788943
 20
356.8752779440232
 10
173.0062390531526
 20
356.8752779440232
 10
172.75558115841574
 20
356.8752779440232
 10
172.5049232636789
 20
356.8752779440232
 10
172.25426536894204
 20
356.8752779440232
 10
172.0036074742052
 20
356.8752779440232
 10
171.75294957946838
 20
356.8752779440232
 10
171.50229168473152
 20
356.8752779440232
 10
171.25163378999468
 20
356.8752779440232
 10
171.00097589525785
 20
356.8752779440232
 10
170.75031800052102
 20
356.8752779440232
 10
170.49966010578416
 20
356.8752779440232
 10
170.24900221104733
 20
356.8752779440232
 10
169.99834431631047
 20
356.8752779440232
 10
169.74768642157363
 20
356.8752779440232
 10
169.4970285268368
 20
356.8752779440232
 10
169.24637063209994
 20
356.8752779440232
 10
168.9957127373631
 20
356.8752779440232
 10
168.74505484262627
 20
356.8752779440232
 10
168.4943969478894
 20
356.8752779440232
 10
168.24373905315258
 20
356.8752779440232
 10
167.99308115841575
 20
356.8752779440232
 10
167.7424232636789
 20
356.8752779440232
 10
167.49176536894205
 20
356.8752779440232
 10
167.24110747420522
 20
356.8752779440232
 10
166.9904495794684
 20
356.8752779440232
 10
166.73979168473153
 20
356.8752779440232
 10
166.4891337899947
 20
356.8752779440232
 10
166.23847589525786
 20
356.8752779440232
 10
165.987818000521
 20
356.8752779440232
 10
165.73716010578417
 20
356.8752779440232
 10
165.4865022110473
 20
356.8752779440232
 10
165.23584431631048
 20
356.8752779440232
  0
LWPOLYLINE
  5
2E4
330
17
100
AcDbEntity
  8
02-OCULTA
100
AcDbPolyline
 90
77
 70
0
 10
165.23584431631048
 20
231.00020329239484
 10
164.98518642157364
 20
231.00020329239484
 10
164.73452852683678
 20
231.00020329239484
 10
164.48387063209995
 20
231.00020329239484
 10
164.23321273736312
 20
231.00020329239484
 10
163.98255484262626
 20
231.00020329239484
 10
163.73189694788942
 20
231.00020329239484
 10
163.4812390531526
 20
231.00020329239484
 10
163.23058115841573
 20
231.00020329239484
 10
162.9799232636789
 20
231.00020329239484
 10
162.72926536894207
 20
231.00020329239484
 10
162.4786074742052
 20
231.00020329239484
 10
162.22794957946837
 20
231.00020329239484
 10
161.97729168473154
 20
231.00020329239484
 10
161.72663378999468
 20
231.00020329239484
 10
161.47597589525785
 20
231.00020329239484
 10
161.225318000521
 20
231.00020329239484
 10
160.97466010578415
 20
231.00020329239484
 10
160.72400221104732
 20
231.00020329239484
 10
160.4733443163105
 20
231.00020329239484
 10
160.22268642157363
 20
231.00020329239484
 10
159.9720285268368
 20
231.00020329239484
 10
159.72137063209996
 20
231.00020329239484
 10
159.4707127373631
 20
231.00020329239484
 10
159.22005484262627
 20
231.00020329239484
 10
158.96939694788944
 20
231.00020329239484
 10
158.71873905315258
 20
231.00020329239484
 10
158.46808115841574
 20
231.00020329239484
 10
158.2174232636789
 20
231.00020329239484
 10
157.96676536894205
 20
231.00020329239484
 10
157.71610747420522
 20
231.00020329239484
 10
157.46544957946838
 20
231.00020329239484
 10
157.21479168473152
 20
231.00020329239484
 10
156.9641337899947
 20
231.00020329239484
 10
156.71347589525786
 20
231.00020329239484
 10
156.462818000521
 20
231.00020329239484
 10
156.21216010578416
 20
231.00020329239484
 10
155.96150221104733
 20
231.00020329239484
 10
155.71084431631047
 20
231.00020329239484
 10
155.46018642157364
 20
231.00020329239484
 10
155.20952852683678
 20
231.00020329239484
 10
154.95887063209994
 20
231.00020329239484
 10
154.7082127373631
 20
231.00020329239484
 10
154.45755484262628
 20
231.00020329239484
 10
154.20689694788942
 20
231.00020329239484
 10
153.9562390531526
 20
231.00020329239484
 10
153.70558115841573
 20
231.00020329239484
 10
153.4549232636789
 20
231.00020329239484
 10
153.20426536894206
 20
231.00020329239484
 10
152.95360747420523
 20
231.00020329239484
 10
152.70294957946837
 20
231.00020329239484
 10
152.45229168473153
 20
231.00020329239484
 10
152.2016337899947
 20
231.00020329239484
 10
151.95097589525784
 20
231.00020329239484
 10
151.700318000521
 20
231.00020329239484
 10
151.44966010578418
 20
231.00020329239484
 10
151.19900221104731
 20
231.00020329239484
 10
150.94834431631048
 20
231.00020329239484
 10
150.69768642157362
 20
231.00020329239484
 10
150.4470285268368
 20
231.00020329239484
 10
150.19637063209996
 20
231.00020329239484
 10
149.9457127373631
 20
231.00020329239484
 10
149.69505484262626
 20
231.00020329239484
 10
149.44439694788943
 20
231.00020329239484
 10
149.19373905315257
 20
231.00020329239484
 10
148.94308115841574
 20
231.00020329239484
 10
148.6924232636789
 20
231.00020329239484
 10
148.44176536894204
 20
231.00020329239484
 10
148.1911074742052
 20
231.00020329239484
 10
147.94044957946838
 20
231.00020329239484
 10
147.68979168473152
 20
231.00020329239484
 10
147.43913378999468
 20
231.00020329239484
 10
147.18847589525785
 20
231.00020329239484
 10
146.937818000521
 20
231.00020329239484
 10
146.68716010578416
 20
231.00020329239484
 10
146.43650221104733
 20
231.00020329239484
 10
146.18584431631047
 20
231.00020329239484
  0
LWPOLYLINE
  5
2E5
330
17
100
AcDbEntity
  8
02-OCULTA
100
AcDbPolyline
 90
153
 70
0
 10
146.18584431631047
 20
231.00020329239484
 10
146.43650221104733
 20
231.00020329239484
 10
146.68716010578416
 20
231.00020329239484
 10
146.937818000521
 20
231.00020329239484
 10
147.18847589525785
 20
231.00020329239484
 10
147.43913378999468
 20
231.00020329239484
 10
147.68979168473152
 20
231.00020329239484
 10
147.94044957946838
 20
231.00020329239484
 10
148.1911074742052
 20
231.00020329239484
 10
148.44176536894204
 20
231.00020329239484
 10
148.6924232636789
 20
231.00020329239484
 10
148.94308115841574
 20
231.00020329239484
 10
149.19373905315257
 20
231.00020329239484
 10
149.44439694788943
 20
231.00020329239484
 10
149.69505484262626
 20
231.00020329239484
 10
149.94571273736312
 20
231.00020329239484
 10
150.19637063209996
 20
231.00020329239484
 10
150.4470285268368
 20
231.00020329239484
 10
150.69768642157362
 20
231.00020329239484
 10
150.94834431631048
 20
231.00020329239484
 10
151.19900221104731
 20
231.00020329239484
 10
151.44966010578415
 20
231.00020329239484
 10
151.700318000521
 20
231.00020329239484
 10
151.95097589525784
 20
231.00020329239484
 10
152.20163378999467
 20
231.00020329239484
 10
152.45229168473153
 20
231.00020329239484
 10
152.70294957946837
 20
231.00020329239484
 10
152.9536074742052
 20
231.00020329239484
 10
153.20426536894206
 20
231.00020329239484
 10
153.4549232636789
 20
231.00020329239484
 10
153.70558115841575
 20
231.00020329239484
 10
153.9562390531526
 20
231.00020329239484
 10
154.20689694788942
 20
231.00020329239484
 10
154.45755484262628
 20
231.00020329239484
 10
154.7082127373631
 20
231.00020329239484
 10
154.95887063209994
 20
231.00020329239484
 10
155.2095285268368
 20
231.00020329239484
 10
155.46018642157364
 20
231.00020329239484
 10
155.71084431631047
 20
231.00020329239484
 10
155.96150221104733
 20
231.00020329239484
 10
156.21216010578416
 20
231.00020329239484
 10
156.462818000521
 20
231.00020329239484
 10
156.71347589525783
 20
231.00020329239484
 10
156.9641337899947
 20
231.00020329239484
 10
157.21479168473152
 20
231.00020329239484
 10
157.46544957946838
 20
231.00020329239484
 10
157.71610747420522
 20
231.00020329239484
 10
157.96676536894205
 20
231.00020329239484
 10
158.21742326367888
 20
231.00020329239484
 10
158.46808115841574
 20
231.00020329239484
 10
158.71873905315258
 20
231.00020329239484
 10
158.96939694788944
 20
231.00020329239484
 10
159.22005484262627
 20
231.00020329239484
 10
159.4707127373631
 20
231.00020329239484
 10
159.72137063209993
 20
231.00020329239484
 10
159.9720285268368
 20
231.00020329239484
 10
160.22268642157363
 20
231.00020329239484
 10
160.4733443163105
 20
231.00020329239484
 10
160.72400221104732
 20
231.00020329239484
 10
160.97466010578415
 20
231.00020329239484
 10
161.225318000521
 20
231.00020329239484
 10
161.47597589525785
 20
231.00020329239484
 10
161.72663378999468
 20
231.00020329239484
 10
161.97729168473154
 20
231.00020329239484
 10
162.22794957946837
 20
231.00020329239484
 10
162.4786074742052
 20
231.00020329239484
 10
162.72926536894204
 20
231.00020329239484
 10
162.9799232636789
 20
231.00020329239484
 10
163.23058115841573
 20
231.00020329239484
 10
163.4812390531526
 20
231.00020329239484
 10
163.73189694788942
 20
231.00020329239484
 10
163.98255484262626
 20
231.00020329239484
 10
164.23321273736312
 20
231.00020329239484
 10
164.48387063209995
 20
231.00020329239484
 10
164.73452852683678
 20
231.00020329239484
 10
164.98518642157364
 20
231.00020329239484
 10
165.23584431631048
 20
231.00020329239484
 10
165.4865022110473
 20
231.00020329239484
 10
165.73716010578417
 20
231.00020329239484
 10
165.987818000521
 20
231.00020329239484
 10
166.23847589525784
 20
231.00020329239484
 10
166.4891337899947
 20
231.00020329239484
 10
166.73979168473153
 20
231.00020329239484
 10
166.99044957946836
 20
231.00020329239484
 10
167.2411074742052
 20
231.00020329239484
 10
167.49176536894205
 20
231.00020329239484
 10
167.7424232636789
 20
231.00020329239484
 10
167.99308115841575
 20
231.00020329239484
 10
168.24373905315258
 20
231.00020329239484
 10
168.4943969478894
 20
231.00020329239484
 10
168.74505484262627
 20
231.00020329239484
 10
168.9957127373631
 20
231.00020329239484
 10
169.24637063209994
 20
231.00020329239484
 10
169.4970285268368
 20
231.00020329239484
 10
169.74768642157363
 20
231.00020329239484
 10
169.99834431631047
 20
231.00020329239484
 10
170.24900221104733
 20
231.00020329239484
 10
170.49966010578416
 20
231.00020329239484
 10
170.750318000521
 20
231.00020329239484
 10
171.00097589525785
 20
231.00020329239484
 10
171.25163378999468
 20
231.00020329239484
 10
171.50229168473152
 20
231.00020329239484
 10
171.75294957946838
 20
231.00020329239484
 10
172.0036074742052
 20
231.00020329239484
 10
172.25426536894204
 20
231.00020329239484
 10
172.5049232636789
 20
231.00020329239484
 10
172.75558115841574
 20
231.00020329239484
 10
173.00623905315257
 20
231.00020329239484
 10
173.25689694788943
 20
231.00020329239484
 10
173.50755484262626
 20
231.00020329239484
 10
173.7582127373631
 20
231.00020329239484
 10
174.00887063209996
 20
231.00020329239484
 10
174.2595285268368
 20
231.00020329239484
 10
174.51018642157362
 20
231.00020329239484
 10
174.76084431631048
 20
231.00020329239484
 10
175.01150221104731
 20
231.00020329239484
 10
175.26216010578415
 20
231.00020329239484
 10
175.512818000521
 20
231.00020329239484
 10
175.76347589525784
 20
231.00020329239484
 10
176.01413378999467
 20
231.00020329239484
 10
176.26479168473153
 20
231.00020329239484
 10
176.51544957946837
 20
231.00020329239484
 10
176.7661074742052
 20
231.00020329239484
 10
177.01676536894206
 20
231.00020329239484
 10
177.2674232636789
 20
231.00020329239484
 10
177.51808115841573
 20
231.00020329239484
 10
177.7687390531526
 20
231.00020329239484
 10
178.01939694788942
 20
231.00020329239484
 10
178.27005484262625
 20
231.00020329239484
 10
178.5207127373631
 20
231.00020329239484
 10
178.77137063209994
 20
231.00020329239484
 10
179.02202852683678
 20
231.00020329239484
 10
179.2726864215736
 20
231.00020329239484
 10
179.52334431631047
 20
231.00020329239484
 10
179.7740022110473
 20
231.00020329239484
 10
180.02466010578416
 20
231.00020329239484
 10
180.275318000521
 20
231.00020329239484
 10
180.52597589525786
 20
231.00020329239484
 10
180.7766337899947
 20
231.00020329239484
 10
181.02729168473152
 20
231.00020329239484
 10
181.27794957946838
 20
231.00020329239484
 10
181.52860747420522
 20
231.00020329239484
 10
181.77926536894205
 20
231.00020329239484
 10
182.0299232636789
 20
231.00020329239484
 10
182.28058115841574
 20
231.00020329239484
 10
182.53123905315258
 20
231.00020329239484
 10
182.78189694788944
 20
231.00020329239484
 10
183.03255484262627
 20
231.00020329239484
 10
183.2832127373631
 20
231.00020329239484
 10
183.53387063209993
 20
231.00020329239484
 10
183.7845285268368
 20
231.00020329239484
 10
184.03518642157363
 20
231.00020329239484
 10
184.2858443163105
 20
231.00020329239484
  0
LWPOLYLINE
  5
2E6
330
17
100
AcDbEntity
  8
02-OCULTA
100
AcDbPolyline
 90
77
 70
0
 10
184.2858443163105
 20
231.00020329239484
 10
184.03518642157363
 20
231.00020329239484
 10
183.7845285268368
 20
231.00020329239484
 10
183.53387063209996
 20
231.00020329239484
 10
183.2832127373631
 20
231.00020329239484
 10
183.03255484262627
 20
231.00020329239484
 10
182.78189694788944
 20
231.00020329239484
 10
182.53123905315258
 20
231.00020329239484
 10
182.28058115841574
 20
231.00020329239484
 10
182.02992326367888
 20
231.00020329239484
 10
181.77926536894205
 20
231.00020329239484
 10
181.52860747420522
 20
231.00020329239484
 10
181.27794957946838
 20
231.00020329239484
 10
181.02729168473152
 20
231.00020329239484
 10
180.7766337899947
 20
231.00020329239484
 10
180.52597589525783
 20
231.00020329239484
 10
180.275318000521
 20
231.00020329239484
 10
180.02466010578416
 20
231.00020329239484
 10
179.77400221104733
 20
231.00020329239484
 10
179.52334431631047
 20
231.00020329239484
 10
179.27268642157364
 20
231.00020329239484
 10
179.0220285268368
 20
231.00020329239484
 10
178.77137063209994
 20
231.00020329239484
 10
178.5207127373631
 20
231.00020329239484
 10
178.27005484262628
 20
231.00020329239484
 10
178.01939694788942
 20
231.00020329239484
 10
177.7687390531526
 20
231.00020329239484
 10
177.51808115841575
 20
231.00020329239484
 10
177.2674232636789
 20
231.00020329239484
 10
177.01676536894206
 20
231.00020329239484
 10
176.7661074742052
 20
231.00020329239484
 10
176.51544957946837
 20
231.00020329239484
 10
176.26479168473153
 20
231.00020329239484
 10
176.0141337899947
 20
231.00020329239484
 10
175.76347589525784
 20
231.00020329239484
 10
175.512818000521
 20
231.00020329239484
 10
175.26216010578418
 20
231.00020329239484
 10
175.01150221104731
 20
231.00020329239484
 10
174.76084431631048
 20
231.00020329239484
 10
174.51018642157365
 20
231.00020329239484
 10
174.2595285268368
 20
231.00020329239484
 10
174.00887063209996
 20
231.00020329239484
 10
173.75821273736312
 20
231.00020329239484
 10
173.50755484262626
 20
231.00020329239484
 10
173.25689694788943
 20
231.00020329239484
 10
173.0062390531526
 20
231.00020329239484
 10
172.75558115841574
 20
231.00020329239484
 10
172.5049232636789
 20
231.00020329239484
 10
172.25426536894204
 20
231.00020329239484
 10
172.0036074742052
 20
231.00020329239484
 10
171.75294957946838
 20
231.00020329239484
 10
171.50229168473152
 20
231.00020329239484
 10
171.25163378999468
 20
231.00020329239484
 10
171.00097589525785
 20
231.00020329239484
 10
170.75031800052102
 20
231.00020329239484
 10
170.49966010578416
 20
231.00020329239484
 10
170.24900221104733
 20
231.00020329239484
 10
169.99834431631047
 20
231.00020329239484
 10
169.74768642157363
 20
231.00020329239484
 10
169.4970285268368
 20
231.00020329239484
 10
169.24637063209994
 20
231.00020329239484
 10
168.9957127373631
 20
231.00020329239484
 10
168.74505484262627
 20
231.00020329239484
 10
168.4943969478894
 20
231.00020329239484
 10
168.24373905315258
 20
231.00020329239484
 10
167.99308115841575
 20
231.00020329239484
 10
167.7424232636789
 20
231.00020329239484
 10
167.49176536894205
 20
231.00020329239484
 10
167.24110747420522
 20
231.00020329239484
 10
166.9904495794684
 20
231.00020329239484
 10
166.73979168473153
 20
231.00020329239484
 10
166.4891337899947
 20
231.00020329239484
 10
166.23847589525786
 20
231.00020329239484
 10
165.987818000521
 20
231.00020329239484
 10
165.73716010578417
 20
231.00020329239484
 10
165.4865022110473
 20
231.00020329239484
 10
165.23584431631048
 20
231.00020329239484
  0
LWPOLYLINE
  5
2E7
330
17
100
AcDbEntity
  8
02-OCULTA
100
AcDbPolyline
 90
74
 70
0
 10
165.23584431631048
 20
356.8752779440232
 10
164.9834470560365
 20
356.8752779440232
 10
164.73104979576254
 20
356.8752779440232
 10
164.47865253548855
 20
356.8752779440232
 10
164.22625527521458
 20
356.8752779440232
 10
163.97385801494062
 20
356.8752779440232
 10
163.72146075466665
 20
356.8752779440232
 10
163.46906349439266
 20
356.8752779440232
 10
163.2166662341187
 20
356.8752779440232
 10
162.96426897384472
 20
356.8752779440232
 10
162.71187171357076
 20
356.8752779440232
 10
162.45947445329676
 20
356.8752779440232
 10
162.2070771930228
 20
356.8752779440232
 10
161.95467993274883
 20
356.8752779440232
 10
161.70228267247487
 20
356.8752779440232
 10
161.4498854122009
 20
356.8752779440232
 10
161.1974881519269
 20
356.8752779440232
 10
160.94509089165294
 20
356.8752779440232
 10
160.69269363137897
 20
356.8752779440232
 10
160.440296371105
 20
356.8752779440232
 10
160.187899110831
 20
356.8752779440232
 10
159.93550185055705
 20
356.8752779440232
 10
159.68310459028308
 20
356.8752779440232
 10
159.4307073300091
 20
356.8752779440232
 10
159.17831006973515
 20
356.8752779440232
 10
158.92591280946115
 20
356.8752779440232
 10
158.6735155491872
 20
356.8752779440232
 10
158.42111828891322
 20
356.8752779440232
 10
158.16872102863925
 20
356.8752779440232
 10
157.91632376836526
 20
356.8752779440232
 10
157.6639265080913
 20
356.8752779440232
 10
157.41152924781733
 20
356.8752779440232
 10
157.15913198754336
 20
356.8752779440232
 10
156.9067347272694
 20
356.8752779440232
 10
156.6543374669954
 20
356.8752779440232
 10
156.40194020672143
 20
356.8752779440232
 10
156.14954294644747
 20
356.8752779440232
 10
155.8971456861735
 20
356.8752779440232
 10
155.6447484258995
 20
356.8752779440232
 10
155.39235116562554
 20
356.8752779440232
 10
155.13995390535158
 20
356.8752779440232
 10
154.8875566450776
 20
356.8752779440232
 10
154.63515938480361
 20
356.8752779440232
 10
154.38276212452965
 20
356.8752779440232
 10
154.13036486425568
 20
356.8752779440232
 10
153.87796760398172
 20
356.8752779440232
 10
153.62557034370775
 20
356.8752779440232
 10
153.37317308343376
 20
356.8752779440232
 10
153.1207758231598
 20
356.8752779440232
 10
152.86837856288582
 20
356.8752779440232
 10
152.61598130261186
 20
356.8752779440232
 10
152.36358404233786
 20
356.8752779440232
 10
152.1111867820639
 20
356.8752779440232
 10
151.85878952178993
 20
356.8752779440232
 10
151.60639226151596
 20
356.8752779440232
 10
151.35399500124197
 20
356.8752779440232
 10
151.101597740968
 20
356.8752779440232
 10
150.84920048069404
 20
356.8752779440232
 10
150.59680322042007
 20
356.8752779440232
 10
150.3444059601461
 20
356.8752779440232
 10
150.0920086998721
 20
356.8752779440232
 10
149.83961143959814
 20
356.8752779440232
 10
149.58721417932418
 20
356.8752779440232
 10
149.3348169190502
 20
356.8752779440232
 10
149.08241965877625
 20
356.8752779440232
 10
148.83002239850225
 20
356.8752779440232
 10
148.57762513822829
 20
356.8752779440232
 10
148.32522787795432
 20
356.8752779440232
 10
148.07283061768035
 20
356.8752779440232
 10
147.82043335740636
 20
356.8752779440232
 10
147.5680360971324
 20
356.8752779440232
 10
147.31563883685843
 20
356.8752779440232
 10
147.06324157658446
 20
356.8752779440232
 10
146.81084431631047
 20
356.8752779440232
  0
LWPOLYLINE
  5
2E8
330
17
100
AcDbEntity
  8
02-OCULTA
100
AcDbPolyline
 90
148
 70
0
 10
146.81084431631047
 20
356.8752779440232
 10
147.06152458841933
 20
356.8752779440232
 10
147.31220486052817
 20
356.8752779440232
 10
147.562885132637
 20
356.8752779440232
 10
147.81356540474584
 20
356.8752779440232
 10
148.06424567685468
 20
356.8752779440232
 10
148.31492594896355
 20
356.8752779440232
 10
148.5656062210724
 20
356.8752779440232
 10
148.81628649318122
 20
356.8752779440232
 10
149.06696676529006
 20
356.8752779440232
 10
149.3176470373989
 20
356.8752779440232
 10
149.56832730950777
 20
356.8752779440232
 10
149.8190075816166
 20
356.8752779440232
 10
150.06968785372544
 20
356.8752779440232
 10
150.32036812583428
 20
356.8752779440232
 10
150.57104839794312
 20
356.8752779440232
 10
150.82172867005198
 20
356.8752779440232
 10
151.07240894216082
 20
356.8752779440232
 10
151.32308921426966
 20
356.8752779440232
 10
151.5737694863785
 20
356.8752779440232
 10
151.82444975848733
 20
356.8752779440232
 10
152.0751300305962
 20
356.8752779440232
 10
152.32581030270504
 20
356.8752779440232
 10
152.57649057481387
 20
356.8752779440232
 10
152.8271708469227
 20
356.8752779440232
 10
153.07785111903158
 20
356.8752779440232
 10
153.32853139114042
 20
356.8752779440232
 10
153.57921166324925
 20
356.8752779440232
 10
153.8298919353581
 20
356.8752779440232
 10
154.08057220746693
 20
356.8752779440232
 10
154.3312524795758
 20
356.8752779440232
 10
154.58193275168463
 20
356.8752779440232
 10
154.83261302379347
 20
356.8752779440232
 10
155.0832932959023
 20
356.8752779440232
 10
155.33397356801115
 20
356.8752779440232
 10
155.58465384012
 20
356.8752779440232
 10
155.83533411222885
 20
356.8752779440232
 10
156.0860143843377
 20
356.8752779440232
 10
156.33669465644653
 20
356.8752779440232
 10
156.5873749285554
 20
356.8752779440232
 10
156.83805520066423
 20
356.8752779440232
 10
157.08873547277307
 20
356.8752779440232
 10
157.3394157448819
 20
356.8752779440232
 10
157.59009601699074
 20
356.8752779440232
 10
157.8407762890996
 20
356.8752779440232
 10
158.09145656120845
 20
356.8752779440232
 10
158.34213683331728
 20
356.8752779440232
 10
158.59281710542612
 20
356.8752779440232
 10
158.84349737753496
 20
356.8752779440232
 10
159.0941776496438
 20
356.8752779440232
 10
159.34485792175266
 20
356.8752779440232
 10
159.5955381938615
 20
356.8752779440232
 10
159.84621846597034
 20
356.8752779440232
 10
160.09689873807918
 20
356.8752779440232
 10
160.34757901018804
 20
356.8752779440232
 10
160.59825928229688
 20
356.8752779440232
 10
160.84893955440572
 20
356.8752779440232
 10
161.09961982651456
 20
356.8752779440232
 10
161.3503000986234
 20
356.8752779440232
 10
161.60098037073226
 20
356.8752779440232
 10
161.8516606428411
 20
356.8752779440232
 10
162.10234091494993
 20
356.8752779440232
 10
162.35302118705877
 20
356.8752779440232
 10
162.6037014591676
 20
356.8752779440232
 10
162.85438173127648
 20
356.8752779440232
 10
163.1050620033853
 20
356.8752779440232
 10
163.35574227549415
 20
356.8752779440232
 10
163.606422547603
 20
356.8752779440232
 10
163.85710281971183
 20
356.8752779440232
 10
164.1077830918207
 20
356.8752779440232
 10
164.35846336392953
 20
356.8752779440232
 10
164.60914363603837
 20
356.8752779440232
 10
164.8598239081472
 20
356.8752779440232
 10
165.11050418025604
 20
356.8752779440232
 10
165.3611844523649
 20
356.8752779440232
 10
165.61186472447375
 20
356.8752779440232
 10
165.86254499658259
 20
356.8752779440232
 10
166.11322526869142
 20
356.8752779440232
 10
166.3639055408003
 20
356.8752779440232
 10
166.61458581290913
 20
356.8752779440232
 10
166.86526608501796
 20
356.8752779440232
 10
167.1159463571268
 20
356.8752779440232
 10
167.36662662923564
 20
356.8752779440232
 10
167.61730690134448
 20
356.8752779440232
 10
167.86798717345334
 20
356.8752779440232
 10
168.11866744556218
 20
356.8752779440232
 10
168.36934771767102
 20
356.8752779440232
 10
168.62002798977986
 20
356.8752779440232
 10
168.87070826188872
 20
356.8752779440232
 10
169.12138853399756
 20
356.8752779440232
 10
169.3720688061064
 20
356.8752779440232
 10
169.62274907821524
 20
356.8752779440232
 10
169.87342935032407
 20
356.8752779440232
 10
170.1241096224329
 20
356.8752779440232
 10
170.37478989454178
 20
356.8752779440232
 10
170.62547016665062
 20
356.8752779440232
 10
170.87615043875945
 20
356.8752779440232
 10
171.1268307108683
 20
356.8752779440232
 10
171.37751098297713
 20
356.8752779440232
 10
171.628191255086
 20
356.8752779440232
 10
171.87887152719483
 20
356.8752779440232
 10
172.12955179930367
 20
356.8752779440232
 10
172.3802320714125
 20
356.8752779440232
 10
172.63091234352137
 20
356.8752779440232
 10
172.8815926156302
 20
356.8752779440232
 10
173.13227288773905
 20
356.8752779440232
 10
173.3829531598479
 20
356.8752779440232
 10
173.63363343195672
 20
356.8752779440232
 10
173.8843137040656
 20
356.8752779440232
 10
174.13499397617443
 20
356.8752779440232
 10
174.38567424828327
 20
356.8752779440232
 10
174.6363545203921
 20
356.8752779440232
 10
174.88703479250094
 20
356.8752779440232
 10
175.1377150646098
 20
356.8752779440232
 10
175.38839533671865
 20
356.8752779440232
 10
175.63907560882748
 20
356.8752779440232
 10
175.88975588093632
 20
356.8752779440232
 10
176.1404361530452
 20
356.8752779440232
 10
176.39111642515402
 20
356.8752779440232
 10
176.64179669726286
 20
356.8752779440232
 10
176.8924769693717
 20
356.8752779440232
 10
177.14315724148054
 20
356.8752779440232
 10
177.39383751358938
 20
356.8752779440232
 10
177.6445177856982
 20
356.8752779440232
 10
177.89519805780708
 20
356.8752779440232
 10
178.14587832991592
 20
356.8752779440232
 10
178.39655860202475
 20
356.8752779440232
 10
178.6472388741336
 20
356.8752779440232
 10
178.89791914624243
 20
356.8752779440232
 10
179.1485994183513
 20
356.8752779440232
 10
179.39927969046013
 20
356.8752779440232
 10
179.64995996256897
 20
356.8752779440232
 10
179.90064023467784
 20
356.8752779440232
 10
180.15132050678665
 20
356.8752779440232
 10
180.4020007788955
 20
356.8752779440232
 10
180.65268105100435
 20
356.8752779440232
 10
180.9033613231132
 20
356.8752779440232
 10
181.15404159522203
 20
356.8752779440232
 10
181.40472186733086
 20
356.8752779440232
 10
181.65540213943973
 20
356.8752779440232
 10
181.90608241154857
 20
356.8752779440232
 10
182.1567626836574
 20
356.8752779440232
 10
182.40744295576624
 20
356.8752779440232
 10
182.6581232278751
 20
356.8752779440232
 10
182.90880349998395
 20
356.8752779440232
 10
183.15948377209278
 20
356.8752779440232
 10
183.41016404420162
 20
356.8752779440232
 10
183.6608443163105
 20
356.8752779440232
  0
LWPOLYLINE
  5
2E9
330
17
100
AcDbEntity
  8
02-OCULTA
100
AcDbPolyline
 90
74
 70
0
 10
183.6608443163105
 20
356.8752779440232
 10
183.4084470560365
 20
356.8752779440232
 10
183.15604979576253
 20
356.8752779440232
 10
182.90365253548856
 20
356.8752779440232
 10
182.6512552752146
 20
356.8752779440232
 10
182.39885801494063
 20
356.8752779440232
 10
182.14646075466663
 20
356.8752779440232
 10
181.89406349439267
 20
356.8752779440232
 10
181.6416662341187
 20
356.8752779440232
 10
181.38926897384474
 20
356.8752779440232
 10
181.13687171357074
 20
356.8752779440232
 10
180.88447445329678
 20
356.8752779440232
 10
180.6320771930228
 20
356.8752779440232
 10
180.37967993274884
 20
356.8752779440232
 10
180.12728267247485
 20
356.8752779440232
 10
179.87488541220088
 20
356.8752779440232
 10
179.62248815192692
 20
356.8752779440232
 10
179.37009089165295
 20
356.8752779440232
 10
179.11769363137896
 20
356.8752779440232
 10
178.865296371105
 20
356.8752779440232
 10
178.61289911083102
 20
356.8752779440232
 10
178.36050185055706
 20
356.8752779440232
 10
178.10810459028306
 20
356.8752779440232
 10
177.8557073300091
 20
356.8752779440232
 10
177.60331006973513
 20
356.8752779440232
 10
177.35091280946116
 20
356.8752779440232
 10
177.0985155491872
 20
356.8752779440232
 10
176.8461182889132
 20
356.8752779440232
 10
176.59372102863924
 20
356.8752779440232
 10
176.34132376836527
 20
356.8752779440232
 10
176.0889265080913
 20
356.8752779440232
 10
175.8365292478173
 20
356.8752779440232
 10
175.58413198754334
 20
356.8752779440232
 10
175.33173472726938
 20
356.8752779440232
 10
175.0793374669954
 20
356.8752779440232
 10
174.82694020672145
 20
356.8752779440232
 10
174.57454294644748
 20
356.8752779440232
 10
174.32214568617349
 20
356.8752779440232
 10
174.06974842589952
 20
356.8752779440232
 10
173.81735116562555
 20
356.8752779440232
 10
173.5649539053516
 20
356.8752779440232
 10
173.3125566450776
 20
356.8752779440232
 10
173.06015938480363
 20
356.8752779440232
 10
172.80776212452966
 20
356.8752779440232
 10
172.55536486425567
 20
356.8752779440232
 10
172.3029676039817
 20
356.8752779440232
 10
172.05057034370773
 20
356.8752779440232
 10
171.79817308343377
 20
356.8752779440232
 10
171.5457758231598
 20
356.8752779440232
 10
171.29337856288583
 20
356.8752779440232
 10
171.04098130261184
 20
356.8752779440232
 10
170.78858404233787
 20
356.8752779440232
 10
170.5361867820639
 20
356.8752779440232
 10
170.28378952178994
 20
356.8752779440232
 10
170.03139226151598
 20
356.8752779440232
 10
169.77899500124198
 20
356.8752779440232
 10
169.52659774096801
 20
356.8752779440232
 10
169.27420048069402
 20
356.8752779440232
 10
169.02180322042005
 20
356.8752779440232
 10
168.7694059601461
 20
356.8752779440232
 10
168.51700869987212
 20
356.8752779440232
 10
168.26461143959816
 20
356.8752779440232
 10
168.01221417932416
 20
356.8752779440232
 10
167.75981691905022
 20
356.8752779440232
 10
167.50741965877623
 20
356.8752779440232
 10
167.25502239850226
 20
356.8752779440232
 10
167.0026251382283
 20
356.8752779440232
 10
166.75022787795433
 20
356.8752779440232
 10
166.49783061768034
 20
356.8752779440232
 10
166.24543335740637
 20
356.8752779440232
 10
165.9930360971324
 20
356.8752779440232
 10
165.74063883685844
 20
356.8752779440232
 10
165.48824157658444
 20
356.8752779440232
 10
165.23584431631048
 20
356.8752779440232
  0
LWPOLYLINE
  5
2EA
330
17
100
AcDbEntity
  8
02-OCULTA
100
AcDbPolyline
 90
74
 70
0
 10
165.23584431631048
 20
231.00020329239484
 10
164.9834470560365
 20
231.00020329239484
 10
164.73104979576254
 20
231.00020329239484
 10
164.47865253548855
 20
231.00020329239484
 10
164.22625527521458
 20
231.00020329239484
 10
163.97385801494062
 20
231.00020329239484
 10
163.72146075466665
 20
231.00020329239484
 10
163.46906349439266
 20
231.00020329239484
 10
163.2166662341187
 20
231.00020329239484
 10
162.96426897384472
 20
231.00020329239484
 10
162.71187171357076
 20
231.00020329239484
 10
162.45947445329676
 20
231.00020329239484
 10
162.2070771930228
 20
231.00020329239484
 10
161.95467993274883
 20
231.00020329239484
 10
161.70228267247487
 20
231.00020329239484
 10
161.4498854122009
 20
231.00020329239484
 10
161.1974881519269
 20
231.00020329239484
 10
160.94509089165294
 20
231.00020329239484
 10
160.69269363137897
 20
231.00020329239484
 10
160.440296371105
 20
231.00020329239484
 10
160.187899110831
 20
231.00020329239484
 10
159.93550185055705
 20
231.00020329239484
 10
159.68310459028308
 20
231.00020329239484
 10
159.4307073300091
 20
231.00020329239484
 10
159.17831006973515
 20
231.00020329239484
 10
158.92591280946115
 20
231.00020329239484
 10
158.6735155491872
 20
231.00020329239484
 10
158.42111828891322
 20
231.00020329239484
 10
158.16872102863925
 20
231.00020329239484
 10
157.91632376836526
 20
231.00020329239484
 10
157.6639265080913
 20
231.00020329239484
 10
157.41152924781733
 20
231.00020329239484
 10
157.15913198754336
 20
231.00020329239484
 10
156.9067347272694
 20
231.00020329239484
 10
156.6543374669954
 20
231.00020329239484
 10
156.40194020672143
 20
231.00020329239484
 10
156.14954294644747
 20
231.00020329239484
 10
155.8971456861735
 20
231.00020329239484
 10
155.6447484258995
 20
231.00020329239484
 10
155.39235116562554
 20
231.00020329239484
 10
155.13995390535158
 20
231.00020329239484
 10
154.8875566450776
 20
231.00020329239484
 10
154.63515938480361
 20
231.00020329239484
 10
154.38276212452965
 20
231.00020329239484
 10
154.13036486425568
 20
231.00020329239484
 10
153.87796760398172
 20
231.00020329239484
 10
153.62557034370775
 20
231.00020329239484
 10
153.37317308343376
 20
231.00020329239484
 10
153.1207758231598
 20
231.00020329239484
 10
152.86837856288582
 20
231.00020329239484
 10
152.61598130261186
 20
231.00020329239484
 10
152.36358404233786
 20
231.00020329239484
 10
152.1111867820639
 20
231.00020329239484
 10
151.85878952178993
 20
231.00020329239484
 10
151.60639226151596
 20
231.00020329239484
 10
151.35399500124197
 20
231.00020329239484
 10
151.101597740968
 20
231.00020329239484
 10
150.84920048069404
 20
231.00020329239484
 10
150.59680322042007
 20
231.00020329239484
 10
150.3444059601461
 20
231.00020329239484
 10
150.0920086998721
 20
231.00020329239484
 10
149.83961143959814
 20
231.00020329239484
 10
149.58721417932418
 20
231.00020329239484
 10
149.3348169190502
 20
231.00020329239484
 10
149.08241965877625
 20
231.00020329239484
 10
148.83002239850225
 20
231.00020329239484
 10
148.57762513822829
 20
231.00020329239484
 10
148.32522787795432
 20
231.00020329239484
 10
148.07283061768035
 20
231.00020329239484
 10
147.82043335740636
 20
231.00020329239484
 10
147.5680360971324
 20
231.00020329239484
 10
147.31563883685843
 20
231.00020329239484
 10
147.06324157658446
 20
231.00020329239484
 10
146.81084431631047
 20
231.00020329239484
  0
LWPOLYLINE
  5
2EB
330
17
100
AcDbEntity
  8
02-OCULTA
100
AcDbPolyline
 90
148
 70
0
 10
146.81084431631047
 20
231.00020329239484
 10
147.06152458841933
 20
231.00020329239484
 10
147.31220486052817
 20
231.00020329239484
 10
147.562885132637
 20
231.00020329239484
 10
147.81356540474584
 20
231.00020329239484
 10
148.06424567685468
 20
231.00020329239484
 10
148.31492594896355
 20
231.00020329239484
 10
148.5656062210724
 20
231.00020329239484
 10
148.81628649318122
 20
231.00020329239484
 10
149.06696676529006
 20
231.00020329239484
 10
149.3176470373989
 20
231.00020329239484
 10
149.56832730950777
 20
231.00020329239484
 10
149.8190075816166
 20
231.00020329239484
 10
150.06968785372544
 20
231.00020329239484
 10
150.32036812583428
 20
231.00020329239484
 10
150.57104839794312
 20
231.00020329239484
 10
150.82172867005198
 20
231.00020329239484
 10
151.07240894216082
 20
231.00020329239484
 10
151.32308921426966
 20
231.00020329239484
 10
151.5737694863785
 20
231.00020329239484
 10
151.82444975848733
 20
231.00020329239484
 10
152.0751300305962
 20
231.00020329239484
 10
152.32581030270504
 20
231.00020329239484
 10
152.57649057481387
 20
231.00020329239484
 10
152.8271708469227
 20
231.00020329239484
 10
153.07785111903158
 20
231.00020329239484
 10
153.32853139114042
 20
231.00020329239484
 10
153.57921166324925
 20
231.00020329239484
 10
153.8298919353581
 20
231.00020329239484
 10
154.08057220746693
 20
231.00020329239484
 10
154.3312524795758
 20
231.00020329239484
 10
154.58193275168463
 20
231.00020329239484
 10
154.83261302379347
 20
231.00020329239484
 10
155.0832932959023
 20
231.00020329239484
 10
155.33397356801115
 20
231.00020329239484
 10
155.58465384012
 20
231.00020329239484
 10
155.83533411222885
 20
231.00020329239484
 10
156.0860143843377
 20
231.00020329239484
 10
156.33669465644653
 20
231.00020329239484
 10
156.5873749285554
 20
231.00020329239484
 10
156.83805520066423
 20
231.00020329239484
 10
157.08873547277307
 20
231.00020329239484
 10
157.3394157448819
 20
231.00020329239484
 10
157.59009601699074
 20
231.00020329239484
 10
157.8407762890996
 20
231.00020329239484
 10
158.09145656120845
 20
231.00020329239484
 10
158.34213683331728
 20
231.00020329239484
 10
158.59281710542612
 20
231.00020329239484
 10
158.84349737753496
 20
231.00020329239484
 10
159.0941776496438
 20
231.00020329239484
 10
159.34485792175266
 20
231.00020329239484
 10
159.5955381938615
 20
231.00020329239484
 10
159.84621846597034
 20
231.00020329239484
 10
160.09689873807918
 20
231.00020329239484
 10
160.34757901018804
 20
231.00020329239484
 10
160.59825928229688
 20
231.00020329239484
 10
160.84893955440572
 20
231.00020329239484
 10
161.09961982651456
 20
231.00020329239484
 10
161.3503000986234
 20
231.00020329239484
 10
161.60098037073226
 20
231.00020329239484
 10
161.8516606428411
 20
231.00020329239484
 10
162.10234091494993
 20
231.00020329239484
 10
162.35302118705877
 20
231.00020329239484
 10
162.6037014591676
 20
231.00020329239484
 10
162.85438173127648
 20
231.00020329239484
 10
163.1050620033853
 20
231.00020329239484
 10
163.35574227549415
 20
231.00020329239484
 10
163.606422547603
 20
231.00020329239484
 10
163.85710281971183
 20
231.00020329239484
 10
164.1077830918207
 20
231.00020329239484
 10
164.35846336392953
 20
231.00020329239484
 10
164.60914363603837
 20
231.00020329239484
 10
164.8598239081472
 20
231.00020329239484
 10
165.11050418025604
 20
231.00020329239484
 10
165.3611844523649
 20
231.00020329239484
 10
165.61186472447375
 20
231.00020329239484
 10
165.86254499658259
 20
231.00020329239484
 10
166.11322526869142
 20
231.00020329239484
 10
166.3639055408003
 20
231.00020329239484
 10
166.61458581290913
 20
231.00020329239484
 10
166.86526608501796
 20
231.00020329239484
 10
167.1159463571268
 20
231.00020329239484
 10
167.36662662923564
 20
231.00020329239484
 10
167.61730690134448
 20
231.00020329239484
 10
167.86798717345334
 20
231.00020329239484
 10
168.11866744556218
 20
231.00020329239484
 10
168.36934771767102
 20
231.00020329239484
 10
168.62002798977986
 20
231.00020329239484
 10
168.87070826188872
 20
231.00020329239484
 10
169.12138853399756
 20
231.00020329239484
 10
169.3720688061064
 20
231.00020329239484
 10
169.62274907821524
 20
231.00020329239484
 10
169.87342935032407
 20
231.00020329239484
 10
170.1241096224329
 20
231.00020329239484
 10
170.37478989454178
 20
231.00020329239484
 10
170.62547016665062
 20
231.00020329239484
 10
170.87615043875945
 20
231.00020329239484
 10
171.1268307108683
 20
231.00020329239484
 10
171.37751098297713
 20
231.00020329239484
 10
171.628191255086
 20
231.00020329239484
 10
171.87887152719483
 20
231.00020329239484
 10
172.12955179930367
 20
231.00020329239484
 10
172.3802320714125
 20
231.00020329239484
 10
172.63091234352137
 20
231.00020329239484
 10
172.8815926156302
 20
231.00020329239484
 10
173.13227288773905
 20
231.00020329239484
 10
173.3829531598479
 20
231.00020329239484
 10
173.63363343195672
 20
231.00020329239484
 10
173.8843137040656
 20
231.00020329239484
 10
174.13499397617443
 20
231.00020329239484
 10
174.38567424828327
 20
231.00020329239484
 10
174.6363545203921
 20
231.00020329239484
 10
174.88703479250094
 20
231.00020329239484
 10
175.1377150646098
 20
231.00020329239484
 10
175.38839533671865
 20
231.00020329239484
 10
175.63907560882748
 20
231.00020329239484
 10
175.88975588093632
 20
231.00020329239484
 10
176.1404361530452
 20
231.00020329239484
 10
176.39111642515402
 20
231.00020329239484
 10
176.64179669726286
 20
231.00020329239484
 10
176.8924769693717
 20
231.00020329239484
 10
177.14315724148054
 20
231.00020329239484
 10
177.39383751358938
 20
231.00020329239484
 10
177.6445177856982
 20
231.00020329239484
 10
177.89519805780708
 20
231.00020329239484
 10
178.14587832991592
 20
231.00020329239484
 10
178.39655860202475
 20
231.00020329239484
 10
178.6472388741336
 20
231.00020329239484
 10
178.89791914624243
 20
231.00020329239484
 10
179.1485994183513
 20
231.00020329239484
 10
179.39927969046013
 20
231.00020329239484
 10
179.64995996256897
 20
231.00020329239484
 10
179.90064023467784
 20
231.00020329239484
 10
180.15132050678665
 20
231.00020329239484
 10
180.4020007788955
 20
231.00020329239484
 10
180.65268105100435
 20
231.00020329239484
 10
180.9033613231132
 20
231.00020329239484
 10
181.15404159522203
 20
231.00020329239484
 10
181.40472186733086
 20
231.00020329239484
 10
181.65540213943973
 20
231.00020329239484
 10
181.90608241154857
 20
231.00020329239484
 10
182.1567626836574
 20
231.00020329239484
 10
182.40744295576624
 20
231.00020329239484
 10
182.6581232278751
 20
231.00020329239484
 10
182.90880349998395
 20
231.00020329239484
 10
183.15948377209278
 20
231.00020329239484
 10
183.41016404420162
 20
231.00020329239484
 10
183.6608443163105
 20
231.00020329239484
  0
LWPOLYLINE
  5
2EC
330
17
100
AcDbEntity
  8
02-OCULTA
100
AcDbPolyline
 90
74
 70
0
 10
183.6608443163105
 20
231.00020329239484
 10
183.4084470560365
 20
231.00020329239484
 10
183.15604979576253
 20
231.00020329239484
 10
182.90365253548856
 20
231.00020329239484
 10
182.6512552752146
 20
231.00020329239484
 10
182.39885801494063
 20
231.00020329239484
 10
182.14646075466663
 20
231.00020329239484
 10
181.89406349439267
 20
231.00020329239484
 10
181.6416662341187
 20
231.00020329239484
 10
181.38926897384474
 20
231.00020329239484
 10
181.13687171357074
 20
231.00020329239484
 10
180.88447445329678
 20
231.00020329239484
 10
180.6320771930228
 20
231.00020329239484
 10
180.37967993274884
 20
231.00020329239484
 10
180.12728267247485
 20
231.00020329239484
 10
179.87488541220088
 20
231.00020329239484
 10
179.62248815192692
 20
231.00020329239484
 10
179.37009089165295
 20
231.00020329239484
 10
179.11769363137896
 20
231.00020329239484
 10
178.865296371105
 20
231.00020329239484
 10
178.61289911083102
 20
231.00020329239484
 10
178.36050185055706
 20
231.00020329239484
 10
178.10810459028306
 20
231.00020329239484
 10
177.8557073300091
 20
231.00020329239484
 10
177.60331006973513
 20
231.00020329239484
 10
177.35091280946116
 20
231.00020329239484
 10
177.0985155491872
 20
231.00020329239484
 10
176.8461182889132
 20
231.00020329239484
 10
176.59372102863924
 20
231.00020329239484
 10
176.34132376836527
 20
231.00020329239484
 10
176.0889265080913
 20
231.00020329239484
 10
175.8365292478173
 20
231.00020329239484
 10
175.58413198754334
 20
231.00020329239484
 10
175.33173472726938
 20
231.00020329239484
 10
175.0793374669954
 20
231.00020329239484
 10
174.82694020672145
 20
231.00020329239484
 10
174.57454294644748
 20
231.00020329239484
 10
174.32214568617349
 20
231.00020329239484
 10
174.06974842589952
 20
231.00020329239484
 10
173.81735116562555
 20
231.00020329239484
 10
173.5649539053516
 20
231.00020329239484
 10
173.3125566450776
 20
231.00020329239484
 10
173.06015938480363
 20
231.00020329239484
 10
172.80776212452966
 20
231.00020329239484
 10
172.55536486425567
 20
231.00020329239484
 10
172.3029676039817
 20
231.00020329239484
 10
172.05057034370773
 20
231.00020329239484
 10
171.79817308343377
 20
231.00020329239484
 10
171.5457758231598
 20
231.00020329239484
 10
171.29337856288583
 20
231.00020329239484
 10
171.04098130261184
 20
231.00020329239484
 10
170.78858404233787
 20
231.00020329239484
 10
170.5361867820639
 20
231.00020329239484
 10
170.28378952178994
 20
231.00020329239484
 10
170.03139226151598
 20
231.00020329239484
 10
169.77899500124198
 20
231.00020329239484
 10
169.52659774096801
 20
231.00020329239484
 10
169.27420048069402
 20
231.00020329239484
 10
169.02180322042005
 20
231.00020329239484
 10
168.7694059601461
 20
231.00020329239484
 10
168.51700869987212
 20
231.00020329239484
 10
168.26461143959816
 20
231.00020329239484
 10
168.01221417932416
 20
231.00020329239484
 10
167.75981691905022
 20
231.00020329239484
 10
167.50741965877623
 20
231.00020329239484
 10
167.25502239850226
 20
231.00020329239484
 10
167.0026251382283
 20
231.00020329239484
 10
166.75022787795433
 20
231.00020329239484
 10
166.49783061768034
 20
231.00020329239484
 10
166.24543335740637
 20
231.00020329239484
 10
165.9930360971324
 20
231.00020329239484
 10
165.74063883685844
 20
231.00020329239484
 10
165.48824157658444
 20
231.00020329239484
 10
165.23584431631048
 20
231.00020329239484
  0
LWPOLYLINE
  5
2ED
330
17
100
AcDbEntity
  8
02-OCULTA
100
AcDbPolyline
 90
77
 70
0
 10
165.23584431631048
 20
356.8752779440232
 10
164.98518642157364
 20
356.8752779440232
 10
164.73452852683678
 20
356.8752779440232
 10
164.48387063209995
 20
356.8752779440232
 10
164.23321273736312
 20
356.8752779440232
 10
163.98255484262626
 20
356.8752779440232
 10
163.73189694788942
 20
356.8752779440232
 10
163.4812390531526
 20
356.8752779440232
 10
163.23058115841573
 20
356.8752779440232
 10
162.9799232636789
 20
356.8752779440232
 10
162.72926536894207
 20
356.8752779440232
 10
162.4786074742052
 20
356.8752779440232
 10
162.22794957946837
 20
356.8752779440232
 10
161.97729168473154
 20
356.8752779440232
 10
161.72663378999468
 20
356.8752779440232
 10
161.47597589525785
 20
356.8752779440232
 10
161.225318000521
 20
356.8752779440232
 10
160.97466010578415
 20
356.8752779440232
 10
160.72400221104732
 20
356.8752779440232
 10
160.4733443163105
 20
356.8752779440232
 10
160.22268642157363
 20
356.8752779440232
 10
159.9720285268368
 20
356.8752779440232
 10
159.72137063209996
 20
356.8752779440232
 10
159.4707127373631
 20
356.8752779440232
 10
159.22005484262627
 20
356.8752779440232
 10
158.96939694788944
 20
356.8752779440232
 10
158.71873905315258
 20
356.8752779440232
 10
158.46808115841574
 20
356.8752779440232
 10
158.2174232636789
 20
356.8752779440232
 10
157.96676536894205
 20
356.8752779440232
 10
157.71610747420522
 20
356.8752779440232
 10
157.46544957946838
 20
356.8752779440232
 10
157.21479168473152
 20
356.8752779440232
 10
156.9641337899947
 20
356.8752779440232
 10
156.71347589525786
 20
356.8752779440232
 10
156.462818000521
 20
356.8752779440232
 10
156.21216010578416
 20
356.8752779440232
 10
155.96150221104733
 20
356.8752779440232
 10
155.71084431631047
 20
356.8752779440232
 10
155.46018642157364
 20
356.8752779440232
 10
155.20952852683678
 20
356.8752779440232
 10
154.95887063209994
 20
356.8752779440232
 10
154.7082127373631
 20
356.8752779440232
 10
154.45755484262628
 20
356.8752779440232
 10
154.20689694788942
 20
356.8752779440232
 10
153.9562390531526
 20
356.8752779440232
 10
153.70558115841573
 20
356.8752779440232
 10
153.4549232636789
 20
356.8752779440232
 10
153.20426536894206
 20
356.8752779440232
 10
152.95360747420523
 20
356.8752779440232
 10
152.70294957946837
 20
356.8752779440232
 10
152.45229168473153
 20
356.8752779440232
 10
152.2016337899947
 20
356.8752779440232
 10
151.95097589525784
 20
356.8752779440232
 10
151.700318000521
 20
356.8752779440232
 10
151.44966010578418
 20
356.8752779440232
 10
151.19900221104731
 20
356.8752779440232
 10
150.94834431631048
 20
356.8752779440232
 10
150.69768642157362
 20
356.8752779440232
 10
150.4470285268368
 20
356.8752779440232
 10
150.19637063209996
 20
356.8752779440232
 10
149.9457127373631
 20
356.8752779440232
 10
149.69505484262626
 20
356.8752779440232
 10
149.44439694788943
 20
356.8752779440232
 10
149.19373905315257
 20
356.8752779440232
 10
148.94308115841574
 20
356.8752779440232
 10
148.6924232636789
 20
356.8752779440232
 10
148.44176536894204
 20
356.8752779440232
 10
148.1911074742052
 20
356.8752779440232
 10
147.94044957946838
 20
356.8752779440232
 10
147.68979168473152
 20
356.8752779440232
 10
147.43913378999468
 20
356.8752779440232
 10
147.18847589525785
 20
356.8752779440232
 10
146.937818000521
 20
356.8752779440232
 10
146.68716010578416
 20
356.8752779440232
 10
146.43650221104733
 20
356.8752779440232
 10
146.18584431631047
 20
356.8752779440232
  0
LWPOLYLINE
  5
2EE
330
17
100
AcDbEntity
  8
02-OCULTA
100
AcDbPolyline
 90
153
 70
0
 10
146.18584431631047
 20
356.8752779440232
 10
146.43650221104733
 20
356.8752779440232
 10
146.68716010578416
 20
356.8752779440232
 10
146.937818000521
 20
356.8752779440232
 10
147.18847589525785
 20
356.8752779440232
 10
147.43913378999468
 20
356.8752779440232
 10
147.68979168473152
 20
356.8752779440232
 10
147.94044957946838
 20
356.8752779440232
 10
148.1911074742052
 20
356.8752779440232
 10
148.44176536894204
 20
356.8752779440232
 10
148.6924232636789
 20
356.8752779440232
 10
148.94308115841574
 20
356.8752779440232
 10
149.19373905315257
 20
356.8752779440232
 10
149.44439694788943
 20
356.8752779440232
 10
149.69505484262626
 20
356.8752779440232
 10
149.94571273736312
 20
356.8752779440232
 10
150.19637063209996
 20
356.8752779440232
 10
150.4470285268368
 20
356.8752779440232
 10
150.69768642157362
 20
356.8752779440232
 10
150.94834431631048
 20
356.8752779440232
 10
151.19900221104731
 20
356.8752779440232
 10
151.44966010578415
 20
356.8752779440232
 10
151.700318000521
 20
356.8752779440232
 10
151.95097589525784
 20
356.8752779440232
 10
152.20163378999467
 20
356.8752779440232
 10
152.45229168473153
 20
356.8752779440232
 10
152.70294957946837
 20
356.8752779440232
 10
152.9536074742052
 20
356.8752779440232
 10
153.20426536894206
 20
356.8752779440232
 10
153.4549232636789
 20
356.8752779440232
 10
153.70558115841575
 20
356.8752779440232
 10
153.9562390531526
 20
356.8752779440232
 10
154.20689694788942
 20
356.8752779440232
 10
154.45755484262628
 20
356.8752779440232
 10
154.7082127373631
 20
356.8752779440232
 10
154.95887063209994
 20
356.8752779440232
 10
155.2095285268368
 20
356.8752779440232
 10
155.46018642157364
 20
356.8752779440232
 10
155.71084431631047
 20
356.8752779440232
 10
155.96150221104733
 20
356.8752779440232
 10
156.21216010578416
 20
356.8752779440232
 10
156.462818000521
 20
356.8752779440232
 10
156.71347589525783
 20
356.8752779440232
 10
156.9641337899947
 20
356.8752779440232
 10
157.21479168473152
 20
356.8752779440232
 10
157.46544957946838
 20
356.8752779440232
 10
157.71610747420522
 20
356.8752779440232
 10
157.96676536894205
 20
356.8752779440232
 10
158.21742326367888
 20
356.8752779440232
 10
158.46808115841574
 20
356.8752779440232
 10
158.71873905315258
 20
356.8752779440232
 10
158.96939694788944
 20
356.8752779440232
 10
159.22005484262627
 20
356.8752779440232
 10
159.4707127373631
 20
356.8752779440232
 10
159.72137063209993
 20
356.8752779440232
 10
159.9720285268368
 20
356.8752779440232
 10
160.22268642157363
 20
356.8752779440232
 10
160.4733443163105
 20
356.8752779440232
 10
160.72400221104732
 20
356.8752779440232
 10
160.97466010578415
 20
356.8752779440232
 10
161.225318000521
 20
356.8752779440232
 10
161.47597589525785
 20
356.8752779440232
 10
161.72663378999468
 20
356.8752779440232
 10
161.97729168473154
 20
356.8752779440232
 10
162.22794957946837
 20
356.8752779440232
 10
162.4786074742052
 20
356.8752779440232
 10
162.72926536894204
 20
356.8752779440232
 10
162.9799232636789
 20
356.8752779440232
 10
163.23058115841573
 20
356.8752779440232
 10
163.4812390531526
 20
356.8752779440232
 10
163.73189694788942
 20
356.8752779440232
 10
163.98255484262626
 20
356.8752779440232
 10
164.23321273736312
 20
356.8752779440232
 10
164.48387063209995
 20
356.8752779440232
 10
164.73452852683678
 20
356.8752779440232
 10
164.98518642157364
 20
356.8752779440232
 10
165.23584431631048
 20
356.8752779440232
 10
165.4865022110473
 20
356.8752779440232
 10
165.73716010578417
 20
356.8752779440232
 10
165.987818000521
 20
356.8752779440232
 10
166.23847589525784
 20
356.8752779440232
 10
166.4891337899947
 20
356.8752779440232
 10
166.73979168473153
 20
356.8752779440232
 10
166.99044957946836
 20
356.8752779440232
 10
167.2411074742052
 20
356.8752779440232
 10
167.49176536894205
 20
356.8752779440232
 10
167.7424232636789
 20
356.8752779440232
 10
167.99308115841575
 20
356.8752779440232
 10
168.24373905315258
 20
356.8752779440232
 10
168.4943969478894
 20
356.8752779440232
 10
168.74505484262627
 20
356.8752779440232
 10
168.9957127373631
 20
356.8752779440232
 10
169.24637063209994
 20
356.8752779440232
 10
169.4970285268368
 20
356.8752779440232
 10
169.74768642157363
 20
356.8752779440232
 10
169.99834431631047
 20
356.8752779440232
 10
170.24900221104733
 20
356.8752779440232
 10
170.49966010578416
 20
356.8752779440232
 10
170.750318000521
 20
356.8752779440232
 10
171.00097589525785
 20
356.8752779440232
 10
171.25163378999468
 20
356.8752779440232
 10
171.50229168473152
 20
356.8752779440232
 10
171.75294957946838
 20
356.8752779440232
 10
172.0036074742052
 20
356.8752779440232
 10
172.25426536894204
 20
356.8752779440232
 10
172.5049232636789
 20
356.8752779440232
 10
172.75558115841574
 20
356.8752779440232
 10
173.00623905315257
 20
356.8752779440232
 10
173.25689694788943
 20
356.8752779440232
 10
173.50755484262626
 20
356.8752779440232
 10
173.7582127373631
 20
356.8752779440232
 10
174.00887063209996
 20
356.8752779440232
 10
174.2595285268368
 20
356.8752779440232
 10
174.51018642157362
 20
356.8752779440232
 10
174.76084431631048
 20
356.8752779440232
 10
175.01150221104731
 20
356.8752779440232
 10
175.26216010578415
 20
356.8752779440232
 10
175.512818000521
 20
356.8752779440232
 10
175.76347589525784
 20
356.8752779440232
 10
176.01413378999467
 20
356.8752779440232
 10
176.26479168473153
 20
356.8752779440232
 10
176.51544957946837
 20
356.8752779440232
 10
176.7661074742052
 20
356.8752779440232
 10
177.01676536894206
 20
356.8752779440232
 10
177.2674232636789
 20
356.8752779440232
 10
177.51808115841573
 20
356.8752779440232
 10
177.7687390531526
 20
356.8752779440232
 10
178.01939694788942
 20
356.8752779440232
 10
178.27005484262625
 20
356.8752779440232
 10
178.5207127373631
 20
356.8752779440232
 10
178.77137063209994
 20
356.8752779440232
 10
179.02202852683678
 20
356.8752779440232
 10
179.2726864215736
 20
356.8752779440232
 10
179.52334431631047
 20
356.8752779440232
 10
179.7740022110473
 20
356.8752779440232
 10
180.02466010578416
 20
356.8752779440232
 10
180.275318000521
 20
356.8752779440232
 10
180.52597589525786
 20
356.8752779440232
 10
180.7766337899947
 20
356.8752779440232
 10
181.02729168473152
 20
356.8752779440232
 10
181.27794957946838
 20
356.8752779440232
 10
181.52860747420522
 20
356.8752779440232
 10
181.77926536894205
 20
356.8752779440232
 10
182.0299232636789
 20
356.8752779440232
 10
182.28058115841574
 20
356.8752779440232
 10
182.53123905315258
 20
356.8752779440232
 10
182.78189694788944
 20
356.8752779440232
 10
183.03255484262627
 20
356.8752779440232
 10
183.2832127373631
 20
356.8752779440232
 10
183.53387063209993
 20
356.8752779440232
 10
183.7845285268368
 20
356.8752779440232
 10
184.03518642157363
 20
356.8752779440232
 10
184.2858443163105
 20
356.8752779440232
  0
LWPOLYLINE
  5
2EF
330
17
100
AcDbEntity
  8
02-OCULTA
100
AcDbPolyline
 90
77
 70
0
 10
184.2858443163105
 20
356.8752779440232
 10
184.03518642157363
 20
356.8752779440232
 10
183.7845285268368
 20
356.8752779440232
 10
183.53387063209996
 20
356.8752779440232
 10
183.2832127373631
 20
356.8752779440232
 10
183.03255484262627
 20
356.8752779440232
 10
182.78189694788944
 20
356.8752779440232
 10
182.53123905315258
 20
356.8752779440232
 10
182.28058115841574
 20
356.8752779440232
 10
182.02992326367888
 20
356.8752779440232
 10
181.77926536894205
 20
356.8752779440232
 10
181.52860747420522
 20
356.8752779440232
 10
181.27794957946838
 20
356.8752779440232
 10
181.02729168473152
 20
356.8752779440232
 10
180.7766337899947
 20
356.8752779440232
 10
180.52597589525783
 20
356.8752779440232
 10
180.275318000521
 20
356.8752779440232
 10
180.02466010578416
 20
356.8752779440232
 10
179.77400221104733
 20
356.8752779440232
 10
179.52334431631047
 20
356.8752779440232
 10
179.27268642157364
 20
356.8752779440232
 10
179.0220285268368
 20
356.8752779440232
 10
178.77137063209994
 20
356.8752779440232
 10
178.5207127373631
 20
356.8752779440232
 10
178.27005484262628
 20
356.8752779440232
 10
178.01939694788942
 20
356.8752779440232
 10
177.7687390531526
 20
356.8752779440232
 10
177.51808115841575
 20
356.8752779440232
 10
177.2674232636789
 20
356.8752779440232
 10
177.01676536894206
 20
356.8752779440232
 10
176.7661074742052
 20
356.8752779440232
 10
176.51544957946837
 20
356.8752779440232
 10
176.26479168473153
 20
356.8752779440232
 10
176.0141337899947
 20
356.8752779440232
 10
175.76347589525784
 20
356.8752779440232
 10
175.512818000521
 20
356.8752779440232
 10
175.26216010578418
 20
356.8752779440232
 10
175.01150221104731
 20
356.8752779440232
 10
174.76084431631048
 20
356.8752779440232
 10
174.51018642157365
 20
356.8752779440232
 10
174.2595285268368
 20
356.8752779440232
 10
174.00887063209996
 20
356.8752779440232
 10
173.75821273736312
 20
356.8752779440232
 10
173.50755484262626
 20
356.8752779440232
 10
173.25689694788943
 20
356.8752779440232
 10
173.0062390531526
 20
356.8752779440232
 10
172.75558115841574
 20
356.8752779440232
 10
172.5049232636789
 20
356.8752779440232
 10
172.25426536894204
 20
356.8752779440232
 10
172.0036074742052
 20
356.8752779440232
 10
171.75294957946838
 20
356.8752779440232
 10
171.50229168473152
 20
356.8752779440232
 10
171.25163378999468
 20
356.8752779440232
 10
171.00097589525785
 20
356.8752779440232
 10
170.75031800052102
 20
356.8752779440232
 10
170.49966010578416
 20
356.8752779440232
 10
170.24900221104733
 20
356.8752779440232
 10
169.99834431631047
 20
356.8752779440232
 10
169.74768642157363
 20
356.8752779440232
 10
169.4970285268368
 20
356.8752779440232
 10
169.24637063209994
 20
356.8752779440232
 10
168.9957127373631
 20
356.8752779440232
 10
168.74505484262627
 20
356.8752779440232
 10
168.4943969478894
 20
356.8752779440232
 10
168.24373905315258
 20
356.8752779440232
 10
167.99308115841575
 20
356.8752779440232
 10
167.7424232636789
 20
356.8752779440232
 10
167.49176536894205
 20
356.8752779440232
 10
167.24110747420522
 20
356.8752779440232
 10
166.9904495794684
 20
356.8752779440232
 10
166.73979168473153
 20
356.8752779440232
 10
166.4891337899947
 20
356.8752779440232
 10
166.23847589525786
 20
356.8752779440232
 10
165.987818000521
 20
356.8752779440232
 10
165.73716010578417
 20
356.8752779440232
 10
165.4865022110473
 20
356.8752779440232
 10
165.23584431631048
 20
356.8752779440232
  0
LWPOLYLINE
  5
2F0
330
17
100
AcDbEntity
  8
02-OCULTA
100
AcDbPolyline
 90
26
 70
0
 10
165.23584431631048
 20
362.7502032923949
 10
164.97584431631049
 20
362.7502032923949
 10
164.71584431631047
 20
362.7502032923949
 10
164.45584431631048
 20
362.7502032923949
 10
164.19584431631048
 20
362.7502032923949
 10
163.93584431631047
 20
362.7502032923949
 10
163.67584431631047
 20
362.7502032923949
 10
163.41584431631048
 20
362.7502032923949
 10
163.15584431631046
 20
362.7502032923949
 10
162.89584431631047
 20
362.7502032923949
 10
162.63584431631048
 20
362.7502032923949
 10
162.3758443163105
 20
362.7502032923949
 10
162.11584431631047
 20
362.7502032923949
 10
161.85584431631048
 20
362.7502032923949
 10
161.5958443163105
 20
362.7502032923949
 10
161.33584431631047
 20
362.7502032923949
 10
161.07584431631048
 20
362.7502032923949
 10
160.8158443163105
 20
362.7502032923949
 10
160.55584431631047
 20
362.7502032923949
 10
160.29584431631048
 20
362.7502032923949
 10
160.0358443163105
 20
362.7502032923949
 10
159.77584431631047
 20
362.7502032923949
 10
159.51584431631048
 20
362.7502032923949
 10
159.2558443163105
 20
362.7502032923949
 10
158.99584431631047
 20
362.7502032923949
 10
158.73584431631048
 20
362.7502032923949
  0
LWPOLYLINE
  5
2F1
330
17
100
AcDbEntity
  8
02-OCULTA
100
AcDbPolyline
 90
52
 70
0
 10
158.73584431631048
 20
362.7502032923949
 10
158.9907462770948
 20
362.7502032923949
 10
159.2456482378791
 20
362.7502032923949
 10
159.50055019866343
 20
362.7502032923949
 10
159.75545215944774
 20
362.7502032923949
 10
160.01035412023205
 20
362.7502032923949
 10
160.26525608101636
 20
362.7502032923949
 10
160.52015804180067
 20
362.7502032923949
 10
160.77506000258498
 20
362.7502032923949
 10
161.0299619633693
 20
362.7502032923949
 10
161.28486392415363
 20
362.7502032923949
 10
161.53976588493794
 20
362.7502032923949
 10
161.79466784572224
 20
362.7502032923949
 10
162.04956980650655
 20
362.7502032923949
 10
162.30447176729086
 20
362.7502032923949
 10
162.55937372807517
 20
362.7502032923949
 10
162.8142756888595
 20
362.7502032923949
 10
163.06917764964382
 20
362.7502032923949
 10
163.32407961042813
 20
362.7502032923949
 10
163.57898157121244
 20
362.7502032923949
 10
163.83388353199675
 20
362.7502032923949
 10
164.08878549278106
 20
362.7502032923949
 10
164.34368745356537
 20
362.7502032923949
 10
164.5985894143497
 20
362.7502032923949
 10
164.853491375134
 20
362.7502032923949
 10
165.10839333591832
 20
362.7502032923949
 10
165.36329529670263
 20
362.7502032923949
 10
165.61819725748694
 20
362.7502032923949
 10
165.87309921827125
 20
362.7502032923949
 10
166.1280011790556
 20
362.7502032923949
 10
166.3829031398399
 20
362.7502032923949
 10
166.6378051006242
 20
362.7502032923949
 10
166.89270706140852
 20
362.7502032923949
 10
167.14760902219282
 20
362.7502032923949
 10
167.40251098297713
 20
362.7502032923949
 10
167.65741294376147
 20
362.7502032923949
 10
167.91231490454578
 20
362.7502032923949
 10
168.1672168653301
 20
362.7502032923949
 10
168.4221188261144
 20
362.7502032923949
 10
168.6770207868987
 20
362.7502032923949
 10
168.93192274768302
 20
362.7502032923949
 10
169.18682470846733
 20
362.7502032923949
 10
169.44172666925164
 20
362.7502032923949
 10
169.69662863003597
 20
362.7502032923949
 10
169.95153059082028
 20
362.7502032923949
 10
170.2064325516046
 20
362.7502032923949
 10
170.4613345123889
 20
362.7502032923949
 10
170.7162364731732
 20
362.7502032923949
 10
170.97113843395752
 20
362.7502032923949
 10
171.22604039474186
 20
362.7502032923949
 10
171.48094235552617
 20
362.7502032923949
 10
171.73584431631048
 20
362.7502032923949
  0
LWPOLYLINE
  5
2F2
330
17
100
AcDbEntity
  8
02-OCULTA
100
AcDbPolyline
 90
26
 70
0
 10
171.73584431631048
 20
362.7502032923949
 10
171.47584431631049
 20
362.7502032923949
 10
171.21584431631047
 20
362.7502032923949
 10
170.95584431631048
 20
362.7502032923949
 10
170.69584431631048
 20
362.7502032923949
 10
170.43584431631047
 20
362.7502032923949
 10
170.17584431631047
 20
362.7502032923949
 10
169.91584431631048
 20
362.7502032923949
 10
169.65584431631046
 20
362.7502032923949
 10
169.39584431631047
 20
362.7502032923949
 10
169.13584431631048
 20
362.7502032923949
 10
168.87584431631046
 20
362.7502032923949
 10
168.61584431631047
 20
362.7502032923949
 10
168.35584431631048
 20
362.7502032923949
 10
168.09584431631046
 20
362.7502032923949
 10
167.83584431631047
 20
362.7502032923949
 10
167.57584431631048
 20
362.7502032923949
 10
167.3158443163105
 20
362.7502032923949
 10
167.05584431631047
 20
362.7502032923949
 10
166.79584431631048
 20
362.7502032923949
 10
166.5358443163105
 20
362.7502032923949
 10
166.27584431631047
 20
362.7502032923949
 10
166.01584431631048
 20
362.7502032923949
 10
165.7558443163105
 20
362.7502032923949
 10
165.49584431631047
 20
362.7502032923949
 10
165.23584431631048
 20
362.7502032923949
  0
LWPOLYLINE
  5
2F3
330
17
100
AcDbEntity
  8
02-OCULTA
100
AcDbPolyline
 90
27
 70
0
 10
165.23584431631048
 20
362.30959027323155
 10
164.98584431631048
 20
362.30959027323155
 10
164.73584431631048
 20
362.30959027323155
 10
164.48584431631048
 20
362.30959027323155
 10
164.23584431631048
 20
362.30959027323155
 10
163.98584431631048
 20
362.30959027323155
 10
163.73584431631048
 20
362.30959027323155
 10
163.48584431631048
 20
362.30959027323155
 10
163.23584431631048
 20
362.30959027323155
 10
162.98584431631048
 20
362.30959027323155
 10
162.73584431631048
 20
362.30959027323155
 10
162.48584431631048
 20
362.30959027323155
 10
162.23584431631048
 20
362.30959027323155
 10
161.98584431631048
 20
362.30959027323155
 10
161.73584431631048
 20
362.30959027323155
 10
161.48584431631048
 20
362.30959027323155
 10
161.23584431631048
 20
362.30959027323155
 10
160.98584431631048
 20
362.30959027323155
 10
160.73584431631048
 20
362.30959027323155
 10
160.48584431631048
 20
362.30959027323155
 10
160.23584431631048
 20
362.30959027323155
 10
159.98584431631048
 20
362.30959027323155
 10
159.73584431631048
 20
362.30959027323155
 10
159.48584431631048
 20
362.30959027323155
 10
159.23584431631048
 20
362.30959027323155
 10
158.98584431631048
 20
362.30959027323155
 10
158.73584431631048
 20
362.30959027323155
  0
LWPOLYLINE
  5
2F4
330
17
100
AcDbEntity
  8
02-OCULTA
100
AcDbPolyline
 90
53
 70
0
 10
158.73584431631048
 20
362.30959027323155
 10
158.98584431631048
 20
362.30959027323155
 10
159.23584431631048
 20
362.30959027323155
 10
159.48584431631048
 20
362.30959027323155
 10
159.73584431631048
 20
362.30959027323155
 10
159.98584431631048
 20
362.30959027323155
 10
160.23584431631048
 20
362.30959027323155
 10
160.48584431631048
 20
362.30959027323155
 10
160.73584431631048
 20
362.30959027323155
 10
160.98584431631048
 20
362.30959027323155
 10
161.23584431631048
 20
362.30959027323155
 10
161.48584431631048
 20
362.30959027323155
 10
161.73584431631048
 20
362.30959027323155
 10
161.98584431631048
 20
362.30959027323155
 10
162.23584431631048
 20
362.30959027323155
 10
162.48584431631048
 20
362.30959027323155
 10
162.73584431631048
 20
362.30959027323155
 10
162.98584431631048
 20
362.30959027323155
 10
163.23584431631048
 20
362.30959027323155
 10
163.48584431631048
 20
362.30959027323155
 10
163.73584431631048
 20
362.30959027323155
 10
163.98584431631048
 20
362.30959027323155
 10
164.23584431631048
 20
362.30959027323155
 10
164.48584431631048
 20
362.30959027323155
 10
164.73584431631048
 20
362.30959027323155
 10
164.98584431631048
 20
362.30959027323155
 10
165.23584431631048
 20
362.30959027323155
 10
165.48584431631048
 20
362.30959027323155
 10
165.73584431631048
 20
362.30959027323155
 10
165.98584431631048
 20
362.30959027323155
 10
166.23584431631048
 20
362.30959027323155
 10
166.48584431631048
 20
362.30959027323155
 10
166.73584431631048
 20
362.30959027323155
 10
166.98584431631048
 20
362.30959027323155
 10
167.23584431631048
 20
362.30959027323155
 10
167.48584431631048
 20
362.30959027323155
 10
167.73584431631048
 20
362.30959027323155
 10
167.98584431631048
 20
362.30959027323155
 10
168.23584431631048
 20
362.30959027323155
 10
168.48584431631048
 20
362.30959027323155
 10
168.73584431631048
 20
362.30959027323155
 10
168.98584431631048
 20
362.30959027323155
 10
169.23584431631048
 20
362.30959027323155
 10
169.48584431631048
 20
362.30959027323155
 10
169.73584431631048
 20
362.30959027323155
 10
169.98584431631048
 20
362.30959027323155
 10
170.23584431631048
 20
362.30959027323155
 10
170.48584431631048
 20
362.30959027323155
 10
170.73584431631048
 20
362.30959027323155
 10
170.98584431631048
 20
362.30959027323155
 10
171.23584431631048
 20
362.30959027323155
 10
171.48584431631048
 20
362.30959027323155
 10
171.73584431631048
 20
362.30959027323155
  0
LWPOLYLINE
  5
2F5
330
17
100
AcDbEntity
  8
02-OCULTA
100
AcDbPolyline
 90
26
 70
0
 10
171.73584431631048
 20
362.30959027323155
 10
171.47584431631049
 20
362.30959027323155
 10
171.21584431631047
 20
362.30959027323155
 10
170.95584431631048
 20
362.30959027323155
 10
170.69584431631048
 20
362.30959027323155
 10
170.43584431631047
 20
362.30959027323155
 10
170.17584431631047
 20
362.30959027323155
 10
169.91584431631048
 20
362.30959027323155
 10
169.6558443163105
 20
362.30959027323155
 10
169.39584431631047
 20
362.30959027323155
 10
169.13584431631048
 20
362.30959027323155
 10
168.87584431631046
 20
362.30959027323155
 10
168.61584431631047
 20
362.30959027323155
 10
168.35584431631048
 20
362.30959027323155
 10
168.09584431631046
 20
362.30959027323155
 10
167.83584431631047
 20
362.30959027323155
 10
167.57584431631048
 20
362.30959027323155
 10
167.3158443163105
 20
362.30959027323155
 10
167.05584431631047
 20
362.30959027323155
 10
166.79584431631048
 20
362.30959027323155
 10
166.5358443163105
 20
362.30959027323155
 10
166.27584431631047
 20
362.30959027323155
 10
166.01584431631048
 20
362.30959027323155
 10
165.7558443163105
 20
362.30959027323155
 10
165.49584431631047
 20
362.30959027323155
 10
165.23584431631048
 20
362.30959027323155
  0
LWPOLYLINE
  5
2F6
330
17
100
AcDbEntity
  8
02-OCULTA
100
AcDbPolyline
 90
75
 70
0
 10
165.23584431631048
 20
356.8752779440232
 10
164.98449296495912
 20
356.8752779440232
 10
164.73314161360778
 20
356.8752779440232
 10
164.48179026225642
 20
356.8752779440232
 10
164.23043891090506
 20
356.8752779440232
 10
163.97908755955373
 20
356.8752779440232
 10
163.72773620820237
 20
356.8752779440232
 10
163.476384856851
 20
356.8752779440232
 10
163.22503350549965
 20
356.8752779440232
 10
162.97368215414832
 20
356.8752779440232
 10
162.72233080279696
 20
356.8752779440232
 10
162.4709794514456
 20
356.8752779440232
 10
162.21962810009427
 20
356.8752779440232
 10
161.9682767487429
 20
356.8752779440232
 10
161.71692539739155
 20
356.8752779440232
 10
161.46557404604022
 20
356.8752779440232
 10
161.21422269468886
 20
356.8752779440232
 10
160.9628713433375
 20
356.8752779440232
 10
160.71151999198617
 20
356.8752779440232
 10
160.4601686406348
 20
356.8752779440232
 10
160.20881728928345
 20
356.8752779440232
 10
159.9574659379321
 20
356.8752779440232
 10
159.70611458658075
 20
356.8752779440232
 10
159.4547632352294
 20
356.8752779440232
 10
159.20341188387803
 20
356.8752779440232
 10
158.9520605325267
 20
356.8752779440232
 10
158.70070918117534
 20
356.8752779440232
 10
158.44935782982398
 20
356.8752779440232
 10
158.19800647847265
 20
356.8752779440232
 10
157.9466551271213
 20
356.8752779440232
 10
157.69530377576993
 20
356.8752779440232
 10
157.4439524244186
 20
356.8752779440232
 10
157.19260107306724
 20
356.8752779440232
 10
156.94124972171588
 20
356.8752779440232
 10
156.68989837036452
 20
356.8752779440232
 10
156.43854701901319
 20
356.8752779440232
 10
156.18719566766183
 20
356.8752779440232
 10
155.93584431631047
 20
356.8752779440232
 10
155.68449296495913
 20
356.8752779440232
 10
155.43314161360777
 20
356.8752779440232
 10
155.1817902622564
 20
356.8752779440232
 10
154.93043891090508
 20
356.8752779440232
 10
154.67908755955372
 20
356.8752779440232
 10
154.42773620820236
 20
356.8752779440232
 10
154.17638485685103
 20
356.8752779440232
 10
153.92503350549967
 20
356.8752779440232
 10
153.6736821541483
 20
356.8752779440232
 10
153.42233080279698
 20
356.8752779440232
 10
153.17097945144562
 20
356.8752779440232
 10
152.91962810009426
 20
356.8752779440232
 10
152.66827674874293
 20
356.8752779440232
 10
152.41692539739157
 20
356.8752779440232
 10
152.1655740460402
 20
356.8752779440232
 10
151.91422269468885
 20
356.8752779440232
 10
151.6628713433375
 20
356.8752779440232
 10
151.41151999198615
 20
356.8752779440232
 10
151.1601686406348
 20
356.8752779440232
 10
150.90881728928346
 20
356.8752779440232
 10
150.6574659379321
 20
356.8752779440232
 10
150.40611458658074
 20
356.8752779440232
 10
150.1547632352294
 20
356.8752779440232
 10
149.90341188387805
 20
356.8752779440232
 10
149.6520605325267
 20
356.8752779440232
 10
149.40070918117533
 20
356.8752779440232
 10
149.149357829824
 20
356.8752779440232
 10
148.89800647847264
 20
356.8752779440232
 10
148.64665512712128
 20
356.8752779440232
 10
148.39530377576995
 20
356.8752779440232
 10
148.1439524244186
 20
356.8752779440232
 10
147.89260107306723
 20
356.8752779440232
 10
147.6412497217159
 20
356.8752779440232
 10
147.38989837036453
 20
356.8752779440232
 10
147.13854701901317
 20
356.8752779440232
 10
146.88719566766184
 20
356.8752779440232
 10
146.63584431631048
 20
356.8752779440232
  0
LWPOLYLINE
  5
2F7
330
17
100
AcDbEntity
  8
02-OCULTA
100
AcDbPolyline
 90
149
 70
0
 10
146.63584431631048
 20
356.8752779440232
 10
146.88719566766184
 20
356.8752779440232
 10
147.13854701901317
 20
356.8752779440232
 10
147.38989837036453
 20
356.8752779440232
 10
147.6412497217159
 20
356.8752779440232
 10
147.89260107306723
 20
356.8752779440232
 10
148.1439524244186
 20
356.8752779440232
 10
148.39530377576995
 20
356.8752779440232
 10
148.64665512712128
 20
356.8752779440232
 10
148.89800647847264
 20
356.8752779440232
 10
149.149357829824
 20
356.8752779440232
 10
149.40070918117533
 20
356.8752779440232
 10
149.6520605325267
 20
356.8752779440232
 10
149.90341188387805
 20
356.8752779440232
 10
150.1547632352294
 20
356.8752779440232
 10
150.40611458658074
 20
356.8752779440232
 10
150.6574659379321
 20
356.8752779440232
 10
150.90881728928346
 20
356.8752779440232
 10
151.1601686406348
 20
356.8752779440232
 10
151.41151999198615
 20
356.8752779440232
 10
151.6628713433375
 20
356.8752779440232
 10
151.91422269468885
 20
356.8752779440232
 10
152.1655740460402
 20
356.8752779440232
 10
152.41692539739157
 20
356.8752779440232
 10
152.66827674874293
 20
356.8752779440232
 10
152.91962810009426
 20
356.8752779440232
 10
153.17097945144562
 20
356.8752779440232
 10
153.42233080279698
 20
356.8752779440232
 10
153.6736821541483
 20
356.8752779440232
 10
153.92503350549967
 20
356.8752779440232
 10
154.17638485685103
 20
356.8752779440232
 10
154.42773620820236
 20
356.8752779440232
 10
154.67908755955372
 20
356.8752779440232
 10
154.93043891090508
 20
356.8752779440232
 10
155.1817902622564
 20
356.8752779440232
 10
155.43314161360777
 20
356.8752779440232
 10
155.68449296495913
 20
356.8752779440232
 10
155.93584431631047
 20
356.8752779440232
 10
156.18719566766183
 20
356.8752779440232
 10
156.43854701901319
 20
356.8752779440232
 10
156.68989837036452
 20
356.8752779440232
 10
156.94124972171588
 20
356.8752779440232
 10
157.19260107306724
 20
356.8752779440232
 10
157.4439524244186
 20
356.8752779440232
 10
157.69530377576993
 20
356.8752779440232
 10
157.9466551271213
 20
356.8752779440232
 10
158.19800647847265
 20
356.8752779440232
 10
158.44935782982398
 20
356.8752779440232
 10
158.70070918117534
 20
356.8752779440232
 10
158.9520605325267
 20
356.8752779440232
 10
159.20341188387806
 20
356.8752779440232
 10
159.4547632352294
 20
356.8752779440232
 10
159.70611458658075
 20
356.8752779440232
 10
159.9574659379321
 20
356.8752779440232
 10
160.20881728928345
 20
356.8752779440232
 10
160.4601686406348
 20
356.8752779440232
 10
160.71151999198617
 20
356.8752779440232
 10
160.9628713433375
 20
356.8752779440232
 10
161.21422269468886
 20
356.8752779440232
 10
161.46557404604022
 20
356.8752779440232
 10
161.71692539739158
 20
356.8752779440232
 10
161.9682767487429
 20
356.8752779440232
 10
162.21962810009427
 20
356.8752779440232
 10
162.47097945144563
 20
356.8752779440232
 10
162.72233080279696
 20
356.8752779440232
 10
162.97368215414832
 20
356.8752779440232
 10
163.22503350549968
 20
356.8752779440232
 10
163.476384856851
 20
356.8752779440232
 10
163.72773620820237
 20
356.8752779440232
 10
163.97908755955373
 20
356.8752779440232
 10
164.2304389109051
 20
356.8752779440232
 10
164.48179026225642
 20
356.8752779440232
 10
164.73314161360778
 20
356.8752779440232
 10
164.98449296495914
 20
356.8752779440232
 10
165.23584431631048
 20
356.8752779440232
 10
165.48719566766184
 20
356.8752779440232
 10
165.7385470190132
 20
356.8752779440232
 10
165.98989837036453
 20
356.8752779440232
 10
166.2412497217159
 20
356.8752779440232
 10
166.49260107306725
 20
356.8752779440232
 10
166.7439524244186
 20
356.8752779440232
 10
166.99530377576994
 20
356.8752779440232
 10
167.2466551271213
 20
356.8752779440232
 10
167.49800647847266
 20
356.8752779440232
 10
167.749357829824
 20
356.8752779440232
 10
168.00070918117535
 20
356.8752779440232
 10
168.2520605325267
 20
356.8752779440232
 10
168.50341188387804
 20
356.8752779440232
 10
168.7547632352294
 20
356.8752779440232
 10
169.00611458658076
 20
356.8752779440232
 10
169.2574659379321
 20
356.8752779440232
 10
169.50881728928346
 20
356.8752779440232
 10
169.76016864063482
 20
356.8752779440232
 10
170.01151999198615
 20
356.8752779440232
 10
170.2628713433375
 20
356.8752779440232
 10
170.51422269468887
 20
356.8752779440232
 10
170.7655740460402
 20
356.8752779440232
 10
171.01692539739156
 20
356.8752779440232
 10
171.26827674874292
 20
356.8752779440232
 10
171.51962810009428
 20
356.8752779440232
 10
171.7709794514456
 20
356.8752779440232
 10
172.02233080279697
 20
356.8752779440232
 10
172.27368215414833
 20
356.8752779440232
 10
172.52503350549966
 20
356.8752779440232
 10
172.77638485685102
 20
356.8752779440232
 10
173.02773620820238
 20
356.8752779440232
 10
173.27908755955372
 20
356.8752779440232
 10
173.53043891090508
 20
356.8752779440232
 10
173.78179026225644
 20
356.8752779440232
 10
174.03314161360777
 20
356.8752779440232
 10
174.28449296495913
 20
356.8752779440232
 10
174.5358443163105
 20
356.8752779440232
 10
174.78719566766185
 20
356.8752779440232
 10
175.0385470190132
 20
356.8752779440232
 10
175.28989837036454
 20
356.8752779440232
 10
175.5412497217159
 20
356.8752779440232
 10
175.79260107306723
 20
356.8752779440232
 10
176.0439524244186
 20
356.8752779440232
 10
176.29530377576995
 20
356.8752779440232
 10
176.54665512712128
 20
356.8752779440232
 10
176.79800647847264
 20
356.8752779440232
 10
177.049357829824
 20
356.8752779440232
 10
177.30070918117534
 20
356.8752779440232
 10
177.5520605325267
 20
356.8752779440232
 10
177.80341188387806
 20
356.8752779440232
 10
178.05476323522942
 20
356.8752779440232
 10
178.30611458658075
 20
356.8752779440232
 10
178.5574659379321
 20
356.8752779440232
 10
178.80881728928347
 20
356.8752779440232
 10
179.0601686406348
 20
356.8752779440232
 10
179.31151999198616
 20
356.8752779440232
 10
179.56287134333752
 20
356.8752779440232
 10
179.81422269468885
 20
356.8752779440232
 10
180.0655740460402
 20
356.8752779440232
 10
180.31692539739157
 20
356.8752779440232
 10
180.56827674874293
 20
356.8752779440232
 10
180.81962810009426
 20
356.8752779440232
 10
181.07097945144562
 20
356.8752779440232
 10
181.32233080279698
 20
356.8752779440232
 10
181.57368215414832
 20
356.8752779440232
 10
181.82503350549968
 20
356.8752779440232
 10
182.07638485685104
 20
356.8752779440232
 10
182.3277362082024
 20
356.8752779440232
 10
182.57908755955373
 20
356.8752779440232
 10
182.8304389109051
 20
356.8752779440232
 10
183.08179026225642
 20
356.8752779440232
 10
183.33314161360778
 20
356.8752779440232
 10
183.58449296495914
 20
356.8752779440232
 10
183.83584431631047
 20
356.8752779440232
  0
LWPOLYLINE
  5
2F8
330
17
100
AcDbEntity
  8
02-OCULTA
100
AcDbPolyline
 90
75
 70
0
 10
183.83584431631047
 20
356.8752779440232
 10
183.58449296495914
 20
356.8752779440232
 10
183.33314161360778
 20
356.8752779440232
 10
183.08179026225642
 20
356.8752779440232
 10
182.83043891090506
 20
356.8752779440232
 10
182.57908755955373
 20
356.8752779440232
 10
182.32773620820237
 20
356.8752779440232
 10
182.076384856851
 20
356.8752779440232
 10
181.82503350549968
 20
356.8752779440232
 10
181.57368215414832
 20
356.8752779440232
 10
181.32233080279696
 20
356.8752779440232
 10
181.07097945144562
 20
356.8752779440232
 10
180.81962810009426
 20
356.8752779440232
 10
180.5682767487429
 20
356.8752779440232
 10
180.31692539739157
 20
356.8752779440232
 10
180.0655740460402
 20
356.8752779440232
 10
179.81422269468885
 20
356.8752779440232
 10
179.56287134333752
 20
356.8752779440232
 10
179.31151999198616
 20
356.8752779440232
 10
179.0601686406348
 20
356.8752779440232
 10
178.80881728928344
 20
356.8752779440232
 10
178.5574659379321
 20
356.8752779440232
 10
178.30611458658075
 20
356.8752779440232
 10
178.0547632352294
 20
356.8752779440232
 10
177.80341188387803
 20
356.8752779440232
 10
177.5520605325267
 20
356.8752779440232
 10
177.30070918117534
 20
356.8752779440232
 10
177.049357829824
 20
356.8752779440232
 10
176.79800647847264
 20
356.8752779440232
 10
176.54665512712128
 20
356.8752779440232
 10
176.29530377576992
 20
356.8752779440232
 10
176.0439524244186
 20
356.8752779440232
 10
175.79260107306723
 20
356.8752779440232
 10
175.54124972171587
 20
356.8752779440232
 10
175.28989837036454
 20
356.8752779440232
 10
175.03854701901318
 20
356.8752779440232
 10
174.78719566766182
 20
356.8752779440232
 10
174.5358443163105
 20
356.8752779440232
 10
174.28449296495913
 20
356.8752779440232
 10
174.03314161360777
 20
356.8752779440232
 10
173.7817902622564
 20
356.8752779440232
 10
173.53043891090508
 20
356.8752779440232
 10
173.27908755955372
 20
356.8752779440232
 10
173.02773620820238
 20
356.8752779440232
 10
172.77638485685102
 20
356.8752779440232
 10
172.52503350549966
 20
356.8752779440232
 10
172.2736821541483
 20
356.8752779440232
 10
172.02233080279697
 20
356.8752779440232
 10
171.7709794514456
 20
356.8752779440232
 10
171.51962810009425
 20
356.8752779440232
 10
171.2682767487429
 20
356.8752779440232
 10
171.01692539739156
 20
356.8752779440232
 10
170.7655740460402
 20
356.8752779440232
 10
170.51422269468887
 20
356.8752779440232
 10
170.2628713433375
 20
356.8752779440232
 10
170.01151999198615
 20
356.8752779440232
 10
169.7601686406348
 20
356.8752779440232
 10
169.50881728928346
 20
356.8752779440232
 10
169.2574659379321
 20
356.8752779440232
 10
169.00611458658076
 20
356.8752779440232
 10
168.7547632352294
 20
356.8752779440232
 10
168.50341188387804
 20
356.8752779440232
 10
168.25206053252668
 20
356.8752779440232
 10
168.00070918117535
 20
356.8752779440232
 10
167.749357829824
 20
356.8752779440232
 10
167.49800647847263
 20
356.8752779440232
 10
167.24665512712127
 20
356.8752779440232
 10
166.99530377576994
 20
356.8752779440232
 10
166.74395242441858
 20
356.8752779440232
 10
166.49260107306722
 20
356.8752779440232
 10
166.24124972171586
 20
356.8752779440232
 10
165.98989837036453
 20
356.8752779440232
 10
165.73854701901317
 20
356.8752779440232
 10
165.4871956676618
 20
356.8752779440232
 10
165.23584431631048
 20
356.8752779440232
  0
LWPOLYLINE
  5
2F9
330
17
100
AcDbEntity
  8
02-OCULTA
100
AcDbPolyline
 90
77
 70
0
 10
165.23584431631048
 20
231.00020329239484
 10
164.98518642157364
 20
231.00020329239484
 10
164.73452852683678
 20
231.00020329239484
 10
164.48387063209995
 20
231.00020329239484
 10
164.23321273736312
 20
231.00020329239484
 10
163.98255484262626
 20
231.00020329239484
 10
163.73189694788942
 20
231.00020329239484
 10
163.4812390531526
 20
231.00020329239484
 10
163.23058115841573
 20
231.00020329239484
 10
162.9799232636789
 20
231.00020329239484
 10
162.72926536894207
 20
231.00020329239484
 10
162.4786074742052
 20
231.00020329239484
 10
162.22794957946837
 20
231.00020329239484
 10
161.97729168473154
 20
231.00020329239484
 10
161.72663378999468
 20
231.00020329239484
 10
161.47597589525785
 20
231.00020329239484
 10
161.225318000521
 20
231.00020329239484
 10
160.97466010578415
 20
231.00020329239484
 10
160.72400221104732
 20
231.00020329239484
 10
160.4733443163105
 20
231.00020329239484
 10
160.22268642157363
 20
231.00020329239484
 10
159.9720285268368
 20
231.00020329239484
 10
159.72137063209996
 20
231.00020329239484
 10
159.4707127373631
 20
231.00020329239484
 10
159.22005484262627
 20
231.00020329239484
 10
158.96939694788944
 20
231.00020329239484
 10
158.71873905315258
 20
231.00020329239484
 10
158.46808115841574
 20
231.00020329239484
 10
158.2174232636789
 20
231.00020329239484
 10
157.96676536894205
 20
231.00020329239484
 10
157.71610747420522
 20
231.00020329239484
 10
157.46544957946838
 20
231.00020329239484
 10
157.21479168473152
 20
231.00020329239484
 10
156.9641337899947
 20
231.00020329239484
 10
156.71347589525786
 20
231.00020329239484
 10
156.462818000521
 20
231.00020329239484
 10
156.21216010578416
 20
231.00020329239484
 10
155.96150221104733
 20
231.00020329239484
 10
155.71084431631047
 20
231.00020329239484
 10
155.46018642157364
 20
231.00020329239484
 10
155.20952852683678
 20
231.00020329239484
 10
154.95887063209994
 20
231.00020329239484
 10
154.7082127373631
 20
231.00020329239484
 10
154.45755484262628
 20
231.00020329239484
 10
154.20689694788942
 20
231.00020329239484
 10
153.9562390531526
 20
231.00020329239484
 10
153.70558115841573
 20
231.00020329239484
 10
153.4549232636789
 20
231.00020329239484
 10
153.20426536894206
 20
231.00020329239484
 10
152.95360747420523
 20
231.00020329239484
 10
152.70294957946837
 20
231.00020329239484
 10
152.45229168473153
 20
231.00020329239484
 10
152.2016337899947
 20
231.00020329239484
 10
151.95097589525784
 20
231.00020329239484
 10
151.700318000521
 20
231.00020329239484
 10
151.44966010578418
 20
231.00020329239484
 10
151.19900221104731
 20
231.00020329239484
 10
150.94834431631048
 20
231.00020329239484
 10
150.69768642157362
 20
231.00020329239484
 10
150.4470285268368
 20
231.00020329239484
 10
150.19637063209996
 20
231.00020329239484
 10
149.9457127373631
 20
231.00020329239484
 10
149.69505484262626
 20
231.00020329239484
 10
149.44439694788943
 20
231.00020329239484
 10
149.19373905315257
 20
231.00020329239484
 10
148.94308115841574
 20
231.00020329239484
 10
148.6924232636789
 20
231.00020329239484
 10
148.44176536894204
 20
231.00020329239484
 10
148.1911074742052
 20
231.00020329239484
 10
147.94044957946838
 20
231.00020329239484
 10
147.68979168473152
 20
231.00020329239484
 10
147.43913378999468
 20
231.00020329239484
 10
147.18847589525785
 20
231.00020329239484
 10
146.937818000521
 20
231.00020329239484
 10
146.68716010578416
 20
231.00020329239484
 10
146.43650221104733
 20
231.00020329239484
 10
146.18584431631047
 20
231.00020329239484
  0
LWPOLYLINE
  5
2FA
330
17
100
AcDbEntity
  8
02-OCULTA
100
AcDbPolyline
 90
153
 70
0
 10
146.18584431631047
 20
231.00020329239484
 10
146.43650221104733
 20
231.00020329239484
 10
146.68716010578416
 20
231.00020329239484
 10
146.937818000521
 20
231.00020329239484
 10
147.18847589525785
 20
231.00020329239484
 10
147.43913378999468
 20
231.00020329239484
 10
147.68979168473152
 20
231.00020329239484
 10
147.94044957946838
 20
231.00020329239484
 10
148.1911074742052
 20
231.00020329239484
 10
148.44176536894204
 20
231.00020329239484
 10
148.6924232636789
 20
231.00020329239484
 10
148.94308115841574
 20
231.00020329239484
 10
149.19373905315257
 20
231.00020329239484
 10
149.44439694788943
 20
231.00020329239484
 10
149.69505484262626
 20
231.00020329239484
 10
149.94571273736312
 20
231.00020329239484
 10
150.19637063209996
 20
231.00020329239484
 10
150.4470285268368
 20
231.00020329239484
 10
150.69768642157362
 20
231.00020329239484
 10
150.94834431631048
 20
231.00020329239484
 10
151.19900221104731
 20
231.00020329239484
 10
151.44966010578415
 20
231.00020329239484
 10
151.700318000521
 20
231.00020329239484
 10
151.95097589525784
 20
231.00020329239484
 10
152.20163378999467
 20
231.00020329239484
 10
152.45229168473153
 20
231.00020329239484
 10
152.70294957946837
 20
231.00020329239484
 10
152.9536074742052
 20
231.00020329239484
 10
153.20426536894206
 20
231.00020329239484
 10
153.4549232636789
 20
231.00020329239484
 10
153.70558115841575
 20
231.00020329239484
 10
153.9562390531526
 20
231.00020329239484
 10
154.20689694788942
 20
231.00020329239484
 10
154.45755484262628
 20
231.00020329239484
 10
154.7082127373631
 20
231.00020329239484
 10
154.95887063209994
 20
231.00020329239484
 10
155.2095285268368
 20
231.00020329239484
 10
155.46018642157364
 20
231.00020329239484
 10
155.71084431631047
 20
231.00020329239484
 10
155.96150221104733
 20
231.00020329239484
 10
156.21216010578416
 20
231.00020329239484
 10
156.462818000521
 20
231.00020329239484
 10
156.71347589525783
 20
231.00020329239484
 10
156.9641337899947
 20
231.00020329239484
 10
157.21479168473152
 20
231.00020329239484
 10
157.46544957946838
 20
231.00020329239484
 10
157.71610747420522
 20
231.00020329239484
 10
157.96676536894205
 20
231.00020329239484
 10
158.21742326367888
 20
231.00020329239484
 10
158.46808115841574
 20
231.00020329239484
 10
158.71873905315258
 20
231.00020329239484
 10
158.96939694788944
 20
231.00020329239484
 10
159.22005484262627
 20
231.00020329239484
 10
159.4707127373631
 20
231.00020329239484
 10
159.72137063209993
 20
231.00020329239484
 10
159.9720285268368
 20
231.00020329239484
 10
160.22268642157363
 20
231.00020329239484
 10
160.4733443163105
 20
231.00020329239484
 10
160.72400221104732
 20
231.00020329239484
 10
160.97466010578415
 20
231.00020329239484
 10
161.225318000521
 20
231.00020329239484
 10
161.47597589525785
 20
231.00020329239484
 10
161.72663378999468
 20
231.00020329239484
 10
161.97729168473154
 20
231.00020329239484
 10
162.22794957946837
 20
231.00020329239484
 10
162.4786074742052
 20
231.00020329239484
 10
162.72926536894204
 20
231.00020329239484
 10
162.9799232636789
 20
231.00020329239484
 10
163.23058115841573
 20
231.00020329239484
 10
163.4812390531526
 20
231.00020329239484
 10
163.73189694788942
 20
231.00020329239484
 10
163.98255484262626
 20
231.00020329239484
 10
164.23321273736312
 20
231.00020329239484
 10
164.48387063209995
 20
231.00020329239484
 10
164.73452852683678
 20
231.00020329239484
 10
164.98518642157364
 20
231.00020329239484
 10
165.23584431631048
 20
231.00020329239484
 10
165.4865022110473
 20
231.00020329239484
 10
165.73716010578417
 20
231.00020329239484
 10
165.987818000521
 20
231.00020329239484
 10
166.23847589525784
 20
231.00020329239484
 10
166.4891337899947
 20
231.00020329239484
 10
166.73979168473153
 20
231.00020329239484
 10
166.99044957946836
 20
231.00020329239484
 10
167.2411074742052
 20
231.00020329239484
 10
167.49176536894205
 20
231.00020329239484
 10
167.7424232636789
 20
231.00020329239484
 10
167.99308115841575
 20
231.00020329239484
 10
168.24373905315258
 20
231.00020329239484
 10
168.4943969478894
 20
231.00020329239484
 10
168.74505484262627
 20
231.00020329239484
 10
168.9957127373631
 20
231.00020329239484
 10
169.24637063209994
 20
231.00020329239484
 10
169.4970285268368
 20
231.00020329239484
 10
169.74768642157363
 20
231.00020329239484
 10
169.99834431631047
 20
231.00020329239484
 10
170.24900221104733
 20
231.00020329239484
 10
170.49966010578416
 20
231.00020329239484
 10
170.750318000521
 20
231.00020329239484
 10
171.00097589525785
 20
231.00020329239484
 10
171.25163378999468
 20
231.00020329239484
 10
171.50229168473152
 20
231.00020329239484
 10
171.75294957946838
 20
231.00020329239484
 10
172.0036074742052
 20
231.00020329239484
 10
172.25426536894204
 20
231.00020329239484
 10
172.5049232636789
 20
231.00020329239484
 10
172.75558115841574
 20
231.00020329239484
 10
173.00623905315257
 20
231.00020329239484
 10
173.25689694788943
 20
231.00020329239484
 10
173.50755484262626
 20
231.00020329239484
 10
173.7582127373631
 20
231.00020329239484
 10
174.00887063209996
 20
231.00020329239484
 10
174.2595285268368
 20
231.00020329239484
 10
174.51018642157362
 20
231.00020329239484
 10
174.76084431631048
 20
231.00020329239484
 10
175.01150221104731
 20
231.00020329239484
 10
175.26216010578415
 20
231.00020329239484
 10
175.512818000521
 20
231.00020329239484
 10
175.76347589525784
 20
231.00020329239484
 10
176.01413378999467
 20
231.00020329239484
 10
176.26479168473153
 20
231.00020329239484
 10
176.51544957946837
 20
231.00020329239484
 10
176.7661074742052
 20
231.00020329239484
 10
177.01676536894206
 20
231.00020329239484
 10
177.2674232636789
 20
231.00020329239484
 10
177.51808115841573
 20
231.00020329239484
 10
177.7687390531526
 20
231.00020329239484
 10
178.01939694788942
 20
231.00020329239484
 10
178.27005484262625
 20
231.00020329239484
 10
178.5207127373631
 20
231.00020329239484
 10
178.77137063209994
 20
231.00020329239484
 10
179.02202852683678
 20
231.00020329239484
 10
179.2726864215736
 20
231.00020329239484
 10
179.52334431631047
 20
231.00020329239484
 10
179.7740022110473
 20
231.00020329239484
 10
180.02466010578416
 20
231.00020329239484
 10
180.275318000521
 20
231.00020329239484
 10
180.52597589525786
 20
231.00020329239484
 10
180.7766337899947
 20
231.00020329239484
 10
181.02729168473152
 20
231.00020329239484
 10
181.27794957946838
 20
231.00020329239484
 10
181.52860747420522
 20
231.00020329239484
 10
181.77926536894205
 20
231.00020329239484
 10
182.0299232636789
 20
231.00020329239484
 10
182.28058115841574
 20
231.00020329239484
 10
182.53123905315258
 20
231.00020329239484
 10
182.78189694788944
 20
231.00020329239484
 10
183.03255484262627
 20
231.00020329239484
 10
183.2832127373631
 20
231.00020329239484
 10
183.53387063209993
 20
231.00020329239484
 10
183.7845285268368
 20
231.00020329239484
 10
184.03518642157363
 20
231.00020329239484
 10
184.2858443163105
 20
231.00020329239484
  0
LWPOLYLINE
  5
2FB
330
17
100
AcDbEntity
  8
02-OCULTA
100
AcDbPolyline
 90
77
 70
0
 10
184.2858443163105
 20
231.00020329239484
 10
184.03518642157363
 20
231.00020329239484
 10
183.7845285268368
 20
231.00020329239484
 10
183.53387063209996
 20
231.00020329239484
 10
183.2832127373631
 20
231.00020329239484
 10
183.03255484262627
 20
231.00020329239484
 10
182.78189694788944
 20
231.00020329239484
 10
182.53123905315258
 20
231.00020329239484
 10
182.28058115841574
 20
231.00020329239484
 10
182.02992326367888
 20
231.00020329239484
 10
181.77926536894205
 20
231.00020329239484
 10
181.52860747420522
 20
231.00020329239484
 10
181.27794957946838
 20
231.00020329239484
 10
181.02729168473152
 20
231.00020329239484
 10
180.7766337899947
 20
231.00020329239484
 10
180.52597589525783
 20
231.00020329239484
 10
180.275318000521
 20
231.00020329239484
 10
180.02466010578416
 20
231.00020329239484
 10
179.77400221104733
 20
231.00020329239484
 10
179.52334431631047
 20
231.00020329239484
 10
179.27268642157364
 20
231.00020329239484
 10
179.0220285268368
 20
231.00020329239484
 10
178.77137063209994
 20
231.00020329239484
 10
178.5207127373631
 20
231.00020329239484
 10
178.27005484262628
 20
231.00020329239484
 10
178.01939694788942
 20
231.00020329239484
 10
177.7687390531526
 20
231.00020329239484
 10
177.51808115841575
 20
231.00020329239484
 10
177.2674232636789
 20
231.00020329239484
 10
177.01676536894206
 20
231.00020329239484
 10
176.7661074742052
 20
231.00020329239484
 10
176.51544957946837
 20
231.00020329239484
 10
176.26479168473153
 20
231.00020329239484
 10
176.0141337899947
 20
231.00020329239484
 10
175.76347589525784
 20
231.00020329239484
 10
175.512818000521
 20
231.00020329239484
 10
175.26216010578418
 20
231.00020329239484
 10
175.01150221104731
 20
231.00020329239484
 10
174.76084431631048
 20
231.00020329239484
 10
174.51018642157365
 20
231.00020329239484
 10
174.2595285268368
 20
231.00020329239484
 10
174.00887063209996
 20
231.00020329239484
 10
173.75821273736312
 20
231.00020329239484
 10
173.50755484262626
 20
231.00020329239484
 10
173.25689694788943
 20
231.00020329239484
 10
173.0062390531526
 20
231.00020329239484
 10
172.75558115841574
 20
231.00020329239484
 10
172.5049232636789
 20
231.00020329239484
 10
172.25426536894204
 20
231.00020329239484
 10
172.0036074742052
 20
231.00020329239484
 10
171.75294957946838
 20
231.00020329239484
 10
171.50229168473152
 20
231.00020329239484
 10
171.25163378999468
 20
231.00020329239484
 10
171.00097589525785
 20
231.00020329239484
 10
170.75031800052102
 20
231.00020329239484
 10
170.49966010578416
 20
231.00020329239484
 10
170.24900221104733
 20
231.00020329239484
 10
169.99834431631047
 20
231.00020329239484
 10
169.74768642157363
 20
231.00020329239484
 10
169.4970285268368
 20
231.00020329239484
 10
169.24637063209994
 20
231.00020329239484
 10
168.9957127373631
 20
231.00020329239484
 10
168.74505484262627
 20
231.00020329239484
 10
168.4943969478894
 20
231.00020329239484
 10
168.24373905315258
 20
231.00020329239484
 10
167.99308115841575
 20
231.00020329239484
 10
167.7424232636789
 20
231.00020329239484
 10
167.49176536894205
 20
231.00020329239484
 10
167.24110747420522
 20
231.00020329239484
 10
166.9904495794684
 20
231.00020329239484
 10
166.73979168473153
 20
231.00020329239484
 10
166.4891337899947
 20
231.00020329239484
 10
166.23847589525786
 20
231.00020329239484
 10
165.987818000521
 20
231.00020329239484
 10
165.73716010578417
 20
231.00020329239484
 10
165.4865022110473
 20
231.00020329239484
 10
165.23584431631048
 20
231.00020329239484
  0
LWPOLYLINE
  5
2FC
330
17
100
AcDbEntity
  8
02-OCULTA
100
AcDbPolyline
 90
74
 70
0
 10
165.23584431631048
 20
231.00020329239484
 10
164.9834470560365
 20
231.00020329239484
 10
164.73104979576254
 20
231.00020329239484
 10
164.47865253548855
 20
231.00020329239484
 10
164.22625527521458
 20
231.00020329239484
 10
163.97385801494062
 20
231.00020329239484
 10
163.72146075466665
 20
231.00020329239484
 10
163.46906349439266
 20
231.00020329239484
 10
163.2166662341187
 20
231.00020329239484
 10
162.96426897384472
 20
231.00020329239484
 10
162.71187171357076
 20
231.00020329239484
 10
162.45947445329676
 20
231.00020329239484
 10
162.2070771930228
 20
231.00020329239484
 10
161.95467993274883
 20
231.00020329239484
 10
161.70228267247487
 20
231.00020329239484
 10
161.4498854122009
 20
231.00020329239484
 10
161.1974881519269
 20
231.00020329239484
 10
160.94509089165294
 20
231.00020329239484
 10
160.69269363137897
 20
231.00020329239484
 10
160.440296371105
 20
231.00020329239484
 10
160.187899110831
 20
231.00020329239484
 10
159.93550185055705
 20
231.00020329239484
 10
159.68310459028308
 20
231.00020329239484
 10
159.4307073300091
 20
231.00020329239484
 10
159.17831006973515
 20
231.00020329239484
 10
158.92591280946115
 20
231.00020329239484
 10
158.6735155491872
 20
231.00020329239484
 10
158.42111828891322
 20
231.00020329239484
 10
158.16872102863925
 20
231.00020329239484
 10
157.91632376836526
 20
231.00020329239484
 10
157.6639265080913
 20
231.00020329239484
 10
157.41152924781733
 20
231.00020329239484
 10
157.15913198754336
 20
231.00020329239484
 10
156.9067347272694
 20
231.00020329239484
 10
156.6543374669954
 20
231.00020329239484
 10
156.40194020672143
 20
231.00020329239484
 10
156.14954294644747
 20
231.00020329239484
 10
155.8971456861735
 20
231.00020329239484
 10
155.6447484258995
 20
231.00020329239484
 10
155.39235116562554
 20
231.00020329239484
 10
155.13995390535158
 20
231.00020329239484
 10
154.8875566450776
 20
231.00020329239484
 10
154.63515938480361
 20
231.00020329239484
 10
154.38276212452965
 20
231.00020329239484
 10
154.13036486425568
 20
231.00020329239484
 10
153.87796760398172
 20
231.00020329239484
 10
153.62557034370775
 20
231.00020329239484
 10
153.37317308343376
 20
231.00020329239484
 10
153.1207758231598
 20
231.00020329239484
 10
152.86837856288582
 20
231.00020329239484
 10
152.61598130261186
 20
231.00020329239484
 10
152.36358404233786
 20
231.00020329239484
 10
152.1111867820639
 20
231.00020329239484
 10
151.85878952178993
 20
231.00020329239484
 10
151.60639226151596
 20
231.00020329239484
 10
151.35399500124197
 20
231.00020329239484
 10
151.101597740968
 20
231.00020329239484
 10
150.84920048069404
 20
231.00020329239484
 10
150.59680322042007
 20
231.00020329239484
 10
150.3444059601461
 20
231.00020329239484
 10
150.0920086998721
 20
231.00020329239484
 10
149.83961143959814
 20
231.00020329239484
 10
149.58721417932418
 20
231.00020329239484
 10
149.3348169190502
 20
231.00020329239484
 10
149.08241965877625
 20
231.00020329239484
 10
148.83002239850225
 20
231.00020329239484
 10
148.57762513822829
 20
231.00020329239484
 10
148.32522787795432
 20
231.00020329239484
 10
148.07283061768035
 20
231.00020329239484
 10
147.82043335740636
 20
231.00020329239484
 10
147.5680360971324
 20
231.00020329239484
 10
147.31563883685843
 20
231.00020329239484
 10
147.06324157658446
 20
231.00020329239484
 10
146.81084431631047
 20
231.00020329239484
  0
LWPOLYLINE
  5
2FD
330
17
100
AcDbEntity
  8
02-OCULTA
100
AcDbPolyline
 90
148
 70
0
 10
146.81084431631047
 20
231.00020329239484
 10
147.06152458841933
 20
231.00020329239484
 10
147.31220486052817
 20
231.00020329239484
 10
147.562885132637
 20
231.00020329239484
 10
147.81356540474584
 20
231.00020329239484
 10
148.06424567685468
 20
231.00020329239484
 10
148.31492594896355
 20
231.00020329239484
 10
148.5656062210724
 20
231.00020329239484
 10
148.81628649318122
 20
231.00020329239484
 10
149.06696676529006
 20
231.00020329239484
 10
149.3176470373989
 20
231.00020329239484
 10
149.56832730950777
 20
231.00020329239484
 10
149.8190075816166
 20
231.00020329239484
 10
150.06968785372544
 20
231.00020329239484
 10
150.32036812583428
 20
231.00020329239484
 10
150.57104839794312
 20
231.00020329239484
 10
150.82172867005198
 20
231.00020329239484
 10
151.07240894216082
 20
231.00020329239484
 10
151.32308921426966
 20
231.00020329239484
 10
151.5737694863785
 20
231.00020329239484
 10
151.82444975848733
 20
231.00020329239484
 10
152.0751300305962
 20
231.00020329239484
 10
152.32581030270504
 20
231.00020329239484
 10
152.57649057481387
 20
231.00020329239484
 10
152.8271708469227
 20
231.00020329239484
 10
153.07785111903158
 20
231.00020329239484
 10
153.32853139114042
 20
231.00020329239484
 10
153.57921166324925
 20
231.00020329239484
 10
153.8298919353581
 20
231.00020329239484
 10
154.08057220746693
 20
231.00020329239484
 10
154.3312524795758
 20
231.00020329239484
 10
154.58193275168463
 20
231.00020329239484
 10
154.83261302379347
 20
231.00020329239484
 10
155.0832932959023
 20
231.00020329239484
 10
155.33397356801115
 20
231.00020329239484
 10
155.58465384012
 20
231.00020329239484
 10
155.83533411222885
 20
231.00020329239484
 10
156.0860143843377
 20
231.00020329239484
 10
156.33669465644653
 20
231.00020329239484
 10
156.5873749285554
 20
231.00020329239484
 10
156.83805520066423
 20
231.00020329239484
 10
157.08873547277307
 20
231.00020329239484
 10
157.3394157448819
 20
231.00020329239484
 10
157.59009601699074
 20
231.00020329239484
 10
157.8407762890996
 20
231.00020329239484
 10
158.09145656120845
 20
231.00020329239484
 10
158.34213683331728
 20
231.00020329239484
 10
158.59281710542612
 20
231.00020329239484
 10
158.84349737753496
 20
231.00020329239484
 10
159.0941776496438
 20
231.00020329239484
 10
159.34485792175266
 20
231.00020329239484
 10
159.5955381938615
 20
231.00020329239484
 10
159.84621846597034
 20
231.00020329239484
 10
160.09689873807918
 20
231.00020329239484
 10
160.34757901018804
 20
231.00020329239484
 10
160.59825928229688
 20
231.00020329239484
 10
160.84893955440572
 20
231.00020329239484
 10
161.09961982651456
 20
231.00020329239484
 10
161.3503000986234
 20
231.00020329239484
 10
161.60098037073226
 20
231.00020329239484
 10
161.8516606428411
 20
231.00020329239484
 10
162.10234091494993
 20
231.00020329239484
 10
162.35302118705877
 20
231.00020329239484
 10
162.6037014591676
 20
231.00020329239484
 10
162.85438173127648
 20
231.00020329239484
 10
163.1050620033853
 20
231.00020329239484
 10
163.35574227549415
 20
231.00020329239484
 10
163.606422547603
 20
231.00020329239484
 10
163.85710281971183
 20
231.00020329239484
 10
164.1077830918207
 20
231.00020329239484
 10
164.35846336392953
 20
231.00020329239484
 10
164.60914363603837
 20
231.00020329239484
 10
164.8598239081472
 20
231.00020329239484
 10
165.11050418025604
 20
231.00020329239484
 10
165.3611844523649
 20
231.00020329239484
 10
165.61186472447375
 20
231.00020329239484
 10
165.86254499658259
 20
231.00020329239484
 10
166.11322526869142
 20
231.00020329239484
 10
166.3639055408003
 20
231.00020329239484
 10
166.61458581290913
 20
231.00020329239484
 10
166.86526608501796
 20
231.00020329239484
 10
167.1159463571268
 20
231.00020329239484
 10
167.36662662923564
 20
231.00020329239484
 10
167.61730690134448
 20
231.00020329239484
 10
167.86798717345334
 20
231.00020329239484
 10
168.11866744556218
 20
231.00020329239484
 10
168.36934771767102
 20
231.00020329239484
 10
168.62002798977986
 20
231.00020329239484
 10
168.87070826188872
 20
231.00020329239484
 10
169.12138853399756
 20
231.00020329239484
 10
169.3720688061064
 20
231.00020329239484
 10
169.62274907821524
 20
231.00020329239484
 10
169.87342935032407
 20
231.00020329239484
 10
170.1241096224329
 20
231.00020329239484
 10
170.37478989454178
 20
231.00020329239484
 10
170.62547016665062
 20
231.00020329239484
 10
170.87615043875945
 20
231.00020329239484
 10
171.1268307108683
 20
231.00020329239484
 10
171.37751098297713
 20
231.00020329239484
 10
171.628191255086
 20
231.00020329239484
 10
171.87887152719483
 20
231.00020329239484
 10
172.12955179930367
 20
231.00020329239484
 10
172.3802320714125
 20
231.00020329239484
 10
172.63091234352137
 20
231.00020329239484
 10
172.8815926156302
 20
231.00020329239484
 10
173.13227288773905
 20
231.00020329239484
 10
173.3829531598479
 20
231.00020329239484
 10
173.63363343195672
 20
231.00020329239484
 10
173.8843137040656
 20
231.00020329239484
 10
174.13499397617443
 20
231.00020329239484
 10
174.38567424828327
 20
231.00020329239484
 10
174.6363545203921
 20
231.00020329239484
 10
174.88703479250094
 20
231.00020329239484
 10
175.1377150646098
 20
231.00020329239484
 10
175.38839533671865
 20
231.00020329239484
 10
175.63907560882748
 20
231.00020329239484
 10
175.88975588093632
 20
231.00020329239484
 10
176.1404361530452
 20
231.00020329239484
 10
176.39111642515402
 20
231.00020329239484
 10
176.64179669726286
 20
231.00020329239484
 10
176.8924769693717
 20
231.00020329239484
 10
177.14315724148054
 20
231.00020329239484
 10
177.39383751358938
 20
231.00020329239484
 10
177.6445177856982
 20
231.00020329239484
 10
177.89519805780708
 20
231.00020329239484
 10
178.14587832991592
 20
231.00020329239484
 10
178.39655860202475
 20
231.00020329239484
 10
178.6472388741336
 20
231.00020329239484
 10
178.89791914624243
 20
231.00020329239484
 10
179.1485994183513
 20
231.00020329239484
 10
179.39927969046013
 20
231.00020329239484
 10
179.64995996256897
 20
231.00020329239484
 10
179.90064023467784
 20
231.00020329239484
 10
180.15132050678665
 20
231.00020329239484
 10
180.4020007788955
 20
231.00020329239484
 10
180.65268105100435
 20
231.00020329239484
 10
180.9033613231132
 20
231.00020329239484
 10
181.15404159522203
 20
231.00020329239484
 10
181.40472186733086
 20
231.00020329239484
 10
181.65540213943973
 20
231.00020329239484
 10
181.90608241154857
 20
231.00020329239484
 10
182.1567626836574
 20
231.00020329239484
 10
182.40744295576624
 20
231.00020329239484
 10
182.6581232278751
 20
231.00020329239484
 10
182.90880349998395
 20
231.00020329239484
 10
183.15948377209278
 20
231.00020329239484
 10
183.41016404420162
 20
231.00020329239484
 10
183.6608443163105
 20
231.00020329239484
  0
LWPOLYLINE
  5
2FE
330
17
100
AcDbEntity
  8
02-OCULTA
100
AcDbPolyline
 90
74
 70
0
 10
183.6608443163105
 20
231.00020329239484
 10
183.4084470560365
 20
231.00020329239484
 10
183.15604979576253
 20
231.00020329239484
 10
182.90365253548856
 20
231.00020329239484
 10
182.6512552752146
 20
231.00020329239484
 10
182.39885801494063
 20
231.00020329239484
 10
182.14646075466663
 20
231.00020329239484
 10
181.89406349439267
 20
231.00020329239484
 10
181.6416662341187
 20
231.00020329239484
 10
181.38926897384474
 20
231.00020329239484
 10
181.13687171357074
 20
231.00020329239484
 10
180.88447445329678
 20
231.00020329239484
 10
180.6320771930228
 20
231.00020329239484
 10
180.37967993274884
 20
231.00020329239484
 10
180.12728267247485
 20
231.00020329239484
 10
179.87488541220088
 20
231.00020329239484
 10
179.62248815192692
 20
231.00020329239484
 10
179.37009089165295
 20
231.00020329239484
 10
179.11769363137896
 20
231.00020329239484
 10
178.865296371105
 20
231.00020329239484
 10
178.61289911083102
 20
231.00020329239484
 10
178.36050185055706
 20
231.00020329239484
 10
178.10810459028306
 20
231.00020329239484
 10
177.8557073300091
 20
231.00020329239484
 10
177.60331006973513
 20
231.00020329239484
 10
177.35091280946116
 20
231.00020329239484
 10
177.0985155491872
 20
231.00020329239484
 10
176.8461182889132
 20
231.00020329239484
 10
176.59372102863924
 20
231.00020329239484
 10
176.34132376836527
 20
231.00020329239484
 10
176.0889265080913
 20
231.00020329239484
 10
175.8365292478173
 20
231.00020329239484
 10
175.58413198754334
 20
231.00020329239484
 10
175.33173472726938
 20
231.00020329239484
 10
175.0793374669954
 20
231.00020329239484
 10
174.82694020672145
 20
231.00020329239484
 10
174.57454294644748
 20
231.00020329239484
 10
174.32214568617349
 20
231.00020329239484
 10
174.06974842589952
 20
231.00020329239484
 10
173.81735116562555
 20
231.00020329239484
 10
173.5649539053516
 20
231.00020329239484
 10
173.3125566450776
 20
231.00020329239484
 10
173.06015938480363
 20
231.00020329239484
 10
172.80776212452966
 20
231.00020329239484
 10
172.55536486425567
 20
231.00020329239484
 10
172.3029676039817
 20
231.00020329239484
 10
172.05057034370773
 20
231.00020329239484
 10
171.79817308343377
 20
231.00020329239484
 10
171.5457758231598
 20
231.00020329239484
 10
171.29337856288583
 20
231.00020329239484
 10
171.04098130261184
 20
231.00020329239484
 10
170.78858404233787
 20
231.00020329239484
 10
170.5361867820639
 20
231.00020329239484
 10
170.28378952178994
 20
231.00020329239484
 10
170.03139226151598
 20
231.00020329239484
 10
169.77899500124198
 20
231.00020329239484
 10
169.52659774096801
 20
231.00020329239484
 10
169.27420048069402
 20
231.00020329239484
 10
169.02180322042005
 20
231.00020329239484
 10
168.7694059601461
 20
231.00020329239484
 10
168.51700869987212
 20
231.00020329239484
 10
168.26461143959816
 20
231.00020329239484
 10
168.01221417932416
 20
231.00020329239484
 10
167.75981691905022
 20
231.00020329239484
 10
167.50741965877623
 20
231.00020329239484
 10
167.25502239850226
 20
231.00020329239484
 10
167.0026251382283
 20
231.00020329239484
 10
166.75022787795433
 20
231.00020329239484
 10
166.49783061768034
 20
231.00020329239484
 10
166.24543335740637
 20
231.00020329239484
 10
165.9930360971324
 20
231.00020329239484
 10
165.74063883685844
 20
231.00020329239484
 10
165.48824157658444
 20
231.00020329239484
 10
165.23584431631048
 20
231.00020329239484
  0
LWPOLYLINE
  5
2FF
330
17
100
AcDbEntity
  8
02-OCULTA
100
AcDbPolyline
 90
27
 70
0
 10
165.23584431631048
 20
362.7502032923949
 10
164.98565200861816
 20
362.7502032923949
 10
164.73545970092587
 20
362.7502032923949
 10
164.48526739323356
 20
362.7502032923949
 10
164.23507508554124
 20
362.7502032923949
 10
163.98488277784895
 20
362.7502032923949
 10
163.73469047015664
 20
362.7502032923949
 10
163.48449816246432
 20
362.7502032923949
 10
163.234305854772
 20
362.7502032923949
 10
162.98411354707972
 20
362.7502032923949
 10
162.7339212393874
 20
362.7502032923949
 10
162.48372893169508
 20
362.7502032923949
 10
162.2335366240028
 20
362.7502032923949
 10
161.98334431631048
 20
362.7502032923949
 10
161.73315200861816
 20
362.7502032923949
 10
161.48295970092587
 20
362.7502032923949
 10
161.23276739323356
 20
362.7502032923949
 10
160.98257508554124
 20
362.7502032923949
 10
160.73238277784893
 20
362.7502032923949
 10
160.48219047015664
 20
362.7502032923949
 10
160.23199816246432
 20
362.7502032923949
 10
159.981805854772
 20
362.7502032923949
 10
159.73161354707972
 20
362.7502032923949
 10
159.4814212393874
 20
362.7502032923949
 10
159.23122893169509
 20
362.7502032923949
 10
158.9810366240028
 20
362.7502032923949
 10
158.73084431631048
 20
362.7502032923949
  0
LWPOLYLINE
  5
300
330
17
100
AcDbEntity
  8
02-OCULTA
100
AcDbPolyline
 90
53
 70
0
 10
158.73084431631048
 20
362.7502032923949
 10
158.9810366240028
 20
362.7502032923949
 10
159.23122893169509
 20
362.7502032923949
 10
159.4814212393874
 20
362.7502032923949
 10
159.73161354707972
 20
362.7502032923949
 10
159.981805854772
 20
362.7502032923949
 10
160.23199816246432
 20
362.7502032923949
 10
160.48219047015664
 20
362.7502032923949
 10
160.73238277784893
 20
362.7502032923949
 10
160.98257508554124
 20
362.7502032923949
 10
161.23276739323356
 20
362.7502032923949
 10
161.48295970092587
 20
362.7502032923949
 10
161.73315200861816
 20
362.7502032923949
 10
161.98334431631048
 20
362.7502032923949
 10
162.2335366240028
 20
362.7502032923949
 10
162.48372893169508
 20
362.7502032923949
 10
162.7339212393874
 20
362.7502032923949
 10
162.98411354707972
 20
362.7502032923949
 10
163.234305854772
 20
362.7502032923949
 10
163.48449816246432
 20
362.7502032923949
 10
163.73469047015664
 20
362.7502032923949
 10
163.98488277784895
 20
362.7502032923949
 10
164.23507508554124
 20
362.7502032923949
 10
164.48526739323356
 20
362.7502032923949
 10
164.73545970092587
 20
362.7502032923949
 10
164.98565200861816
 20
362.7502032923949
 10
165.23584431631048
 20
362.7502032923949
 10
165.4860366240028
 20
362.7502032923949
 10
165.7362289316951
 20
362.7502032923949
 10
165.9864212393874
 20
362.7502032923949
 10
166.2366135470797
 20
362.7502032923949
 10
166.48680585477203
 20
362.7502032923949
 10
166.73699816246432
 20
362.7502032923949
 10
166.98719047015663
 20
362.7502032923949
 10
167.23738277784895
 20
362.7502032923949
 10
167.48757508554124
 20
362.7502032923949
 10
167.73776739323355
 20
362.7502032923949
 10
167.98795970092587
 20
362.7502032923949
 10
168.23815200861816
 20
362.7502032923949
 10
168.48834431631047
 20
362.7502032923949
 10
168.7385366240028
 20
362.7502032923949
 10
168.9887289316951
 20
362.7502032923949
 10
169.2389212393874
 20
362.7502032923949
 10
169.4891135470797
 20
362.7502032923949
 10
169.73930585477203
 20
362.7502032923949
 10
169.98949816246432
 20
362.7502032923949
 10
170.23969047015663
 20
362.7502032923949
 10
170.48988277784895
 20
362.7502032923949
 10
170.74007508554124
 20
362.7502032923949
 10
170.99026739323355
 20
362.7502032923949
 10
171.24045970092587
 20
362.7502032923949
 10
171.49065200861816
 20
362.7502032923949
 10
171.74084431631047
 20
362.7502032923949
  0
LWPOLYLINE
  5
301
330
17
100
AcDbEntity
  8
02-OCULTA
100
AcDbPolyline
 90
27
 70
0
 10
171.74084431631047
 20
362.7502032923949
 10
171.49065200861816
 20
362.7502032923949
 10
171.24045970092587
 20
362.7502032923949
 10
170.99026739323355
 20
362.7502032923949
 10
170.74007508554124
 20
362.7502032923949
 10
170.48988277784895
 20
362.7502032923949
 10
170.23969047015663
 20
362.7502032923949
 10
169.98949816246432
 20
362.7502032923949
 10
169.73930585477203
 20
362.7502032923949
 10
169.4891135470797
 20
362.7502032923949
 10
169.2389212393874
 20
362.7502032923949
 10
168.9887289316951
 20
362.7502032923949
 10
168.7385366240028
 20
362.7502032923949
 10
168.48834431631047
 20
362.7502032923949
 10
168.23815200861816
 20
362.7502032923949
 10
167.98795970092587
 20
362.7502032923949
 10
167.73776739323355
 20
362.7502032923949
 10
167.48757508554124
 20
362.7502032923949
 10
167.23738277784895
 20
362.7502032923949
 10
166.98719047015663
 20
362.7502032923949
 10
166.73699816246432
 20
362.7502032923949
 10
166.486805854772
 20
362.7502032923949
 10
166.2366135470797
 20
362.7502032923949
 10
165.9864212393874
 20
362.7502032923949
 10
165.73622893169508
 20
362.7502032923949
 10
165.4860366240028
 20
362.7502032923949
 10
165.23584431631048
 20
362.7502032923949
  0
LWPOLYLINE
  5
302
330
17
100
AcDbEntity
  8
02-OCULTA
100
AcDbPolyline
 90
27
 70
0
 10
165.23584431631048
 20
361.80959027323155
 10
164.98565200861816
 20
361.80959027323155
 10
164.73545970092587
 20
361.80959027323155
 10
164.48526739323356
 20
361.80959027323155
 10
164.23507508554124
 20
361.80959027323155
 10
163.98488277784895
 20
361.80959027323155
 10
163.73469047015664
 20
361.80959027323155
 10
163.48449816246432
 20
361.80959027323155
 10
163.234305854772
 20
361.80959027323155
 10
162.98411354707972
 20
361.80959027323155
 10
162.7339212393874
 20
361.80959027323155
 10
162.48372893169508
 20
361.80959027323155
 10
162.2335366240028
 20
361.80959027323155
 10
161.98334431631048
 20
361.80959027323155
 10
161.73315200861816
 20
361.80959027323155
 10
161.48295970092587
 20
361.80959027323155
 10
161.23276739323356
 20
361.80959027323155
 10
160.98257508554124
 20
361.80959027323155
 10
160.73238277784893
 20
361.80959027323155
 10
160.48219047015664
 20
361.80959027323155
 10
160.23199816246432
 20
361.80959027323155
 10
159.981805854772
 20
361.80959027323155
 10
159.73161354707972
 20
361.80959027323155
 10
159.4814212393874
 20
361.80959027323155
 10
159.23122893169509
 20
361.80959027323155
 10
158.9810366240028
 20
361.80959027323155
 10
158.73084431631048
 20
361.80959027323155
  0
LWPOLYLINE
  5
303
330
17
100
AcDbEntity
  8
02-OCULTA
100
AcDbPolyline
 90
53
 70
0
 10
158.73084431631048
 20
361.80959027323155
 10
158.9810366240028
 20
361.80959027323155
 10
159.23122893169509
 20
361.80959027323155
 10
159.4814212393874
 20
361.80959027323155
 10
159.73161354707972
 20
361.80959027323155
 10
159.981805854772
 20
361.80959027323155
 10
160.23199816246432
 20
361.80959027323155
 10
160.48219047015664
 20
361.80959027323155
 10
160.73238277784893
 20
361.80959027323155
 10
160.98257508554124
 20
361.80959027323155
 10
161.23276739323356
 20
361.80959027323155
 10
161.48295970092587
 20
361.80959027323155
 10
161.73315200861816
 20
361.80959027323155
 10
161.98334431631048
 20
361.80959027323155
 10
162.2335366240028
 20
361.80959027323155
 10
162.48372893169508
 20
361.80959027323155
 10
162.7339212393874
 20
361.80959027323155
 10
162.98411354707972
 20
361.80959027323155
 10
163.234305854772
 20
361.80959027323155
 10
163.48449816246432
 20
361.80959027323155
 10
163.73469047015664
 20
361.80959027323155
 10
163.98488277784895
 20
361.80959027323155
 10
164.23507508554124
 20
361.80959027323155
 10
164.48526739323356
 20
361.80959027323155
 10
164.73545970092587
 20
361.80959027323155
 10
164.98565200861816
 20
361.80959027323155
 10
165.23584431631048
 20
361.80959027323155
 10
165.4860366240028
 20
361.80959027323155
 10
165.7362289316951
 20
361.80959027323155
 10
165.9864212393874
 20
361.80959027323155
 10
166.2366135470797
 20
361.80959027323155
 10
166.48680585477203
 20
361.80959027323155
 10
166.73699816246432
 20
361.80959027323155
 10
166.98719047015663
 20
361.80959027323155
 10
167.23738277784895
 20
361.80959027323155
 10
167.48757508554124
 20
361.80959027323155
 10
167.73776739323355
 20
361.80959027323155
 10
167.98795970092587
 20
361.80959027323155
 10
168.23815200861816
 20
361.80959027323155
 10
168.48834431631047
 20
361.80959027323155
 10
168.7385366240028
 20
361.80959027323155
 10
168.9887289316951
 20
361.80959027323155
 10
169.2389212393874
 20
361.80959027323155
 10
169.4891135470797
 20
361.80959027323155
 10
169.73930585477203
 20
361.80959027323155
 10
169.98949816246432
 20
361.80959027323155
 10
170.23969047015663
 20
361.80959027323155
 10
170.48988277784895
 20
361.80959027323155
 10
170.74007508554124
 20
361.80959027323155
 10
170.99026739323355
 20
361.80959027323155
 10
171.24045970092587
 20
361.80959027323155
 10
171.49065200861816
 20
361.80959027323155
 10
171.74084431631047
 20
361.80959027323155
  0
LWPOLYLINE
  5
304
330
17
100
AcDbEntity
  8
02-OCULTA
100
AcDbPolyline
 90
27
 70
0
 10
171.74084431631047
 20
361.80959027323155
 10
171.49065200861816
 20
361.80959027323155
 10
171.24045970092587
 20
361.80959027323155
 10
170.99026739323355
 20
361.80959027323155
 10
170.74007508554124
 20
361.80959027323155
 10
170.48988277784895
 20
361.80959027323155
 10
170.23969047015663
 20
361.80959027323155
 10
169.98949816246432
 20
361.80959027323155
 10
169.73930585477203
 20
361.80959027323155
 10
169.4891135470797
 20
361.80959027323155
 10
169.2389212393874
 20
361.80959027323155
 10
168.9887289316951
 20
361.80959027323155
 10
168.7385366240028
 20
361.80959027323155
 10
168.48834431631047
 20
361.80959027323155
 10
168.23815200861816
 20
361.80959027323155
 10
167.98795970092587
 20
361.80959027323155
 10
167.73776739323355
 20
361.80959027323155
 10
167.48757508554124
 20
361.80959027323155
 10
167.23738277784895
 20
361.80959027323155
 10
166.98719047015663
 20
361.80959027323155
 10
166.73699816246432
 20
361.80959027323155
 10
166.486805854772
 20
361.80959027323155
 10
166.2366135470797
 20
361.80959027323155
 10
165.9864212393874
 20
361.80959027323155
 10
165.73622893169508
 20
361.80959027323155
 10
165.4860366240028
 20
361.80959027323155
 10
165.23584431631048
 20
361.80959027323155
  0
LWPOLYLINE
  5
305
330
17
100
AcDbEntity
  8
02-OCULTA
100
AcDbPolyline
 90
21
 70
0
 10
165.23584431631048
 20
361.80959027323155
 10
164.98114431631046
 20
361.80959027323155
 10
164.72644431631048
 20
361.80959027323155
 10
164.47174431631046
 20
361.80959027323155
 10
164.21704431631048
 20
361.80959027323155
 10
163.96234431631046
 20
361.80959027323155
 10
163.70764431631048
 20
361.80959027323155
 10
163.45294431631046
 20
361.80959027323155
 10
163.19824431631048
 20
361.80959027323155
 10
162.94354431631047
 20
361.80959027323155
 10
162.68884431631048
 20
361.80959027323155
 10
162.43414431631047
 20
361.80959027323155
 10
162.17944431631048
 20
361.80959027323155
 10
161.92474431631047
 20
361.80959027323155
 10
161.67004431631048
 20
361.80959027323155
 10
161.41534431631047
 20
361.80959027323155
 10
161.16064431631048
 20
361.80959027323155
 10
160.90594431631047
 20
361.80959027323155
 10
160.65124431631048
 20
361.80959027323155
 10
160.39654431631047
 20
361.80959027323155
 10
160.14184431631048
 20
361.80959027323155
  0
LWPOLYLINE
  5
306
330
17
100
AcDbEntity
  8
02-OCULTA
100
AcDbPolyline
 90
41
 70
0
 10
160.14184431631048
 20
361.80959027323155
 10
160.39654431631047
 20
361.80959027323155
 10
160.65124431631048
 20
361.80959027323155
 10
160.90594431631047
 20
361.80959027323155
 10
161.16064431631048
 20
361.80959027323155
 10
161.41534431631047
 20
361.80959027323155
 10
161.67004431631048
 20
361.80959027323155
 10
161.92474431631047
 20
361.80959027323155
 10
162.17944431631048
 20
361.80959027323155
 10
162.43414431631047
 20
361.80959027323155
 10
162.68884431631048
 20
361.80959027323155
 10
162.94354431631047
 20
361.80959027323155
 10
163.19824431631048
 20
361.80959027323155
 10
163.45294431631046
 20
361.80959027323155
 10
163.70764431631048
 20
361.80959027323155
 10
163.96234431631046
 20
361.80959027323155
 10
164.21704431631048
 20
361.80959027323155
 10
164.47174431631046
 20
361.80959027323155
 10
164.72644431631048
 20
361.80959027323155
 10
164.9811443163105
 20
361.80959027323155
 10
165.23584431631048
 20
361.80959027323155
 10
165.4905443163105
 20
361.80959027323155
 10
165.74524431631048
 20
361.80959027323155
 10
165.9999443163105
 20
361.80959027323155
 10
166.25464431631048
 20
361.80959027323155
 10
166.5093443163105
 20
361.80959027323155
 10
166.76404431631047
 20
361.80959027323155
 10
167.0187443163105
 20
361.80959027323155
 10
167.27344431631047
 20
361.80959027323155
 10
167.5281443163105
 20
361.80959027323155
 10
167.78284431631047
 20
361.80959027323155
 10
168.0375443163105
 20
361.80959027323155
 10
168.29224431631047
 20
361.80959027323155
 10
168.5469443163105
 20
361.80959027323155
 10
168.80164431631047
 20
361.80959027323155
 10
169.0563443163105
 20
361.80959027323155
 10
169.31104431631047
 20
361.80959027323155
 10
169.5657443163105
 20
361.80959027323155
 10
169.82044431631047
 20
361.80959027323155
 10
170.07514431631049
 20
361.80959027323155
 10
170.32984431631047
 20
361.80959027323155
  0
LWPOLYLINE
  5
307
330
17
100
AcDbEntity
  8
02-OCULTA
100
AcDbPolyline
 90
21
 70
0
 10
170.32984431631047
 20
361.80959027323155
 10
170.07514431631049
 20
361.80959027323155
 10
169.82044431631047
 20
361.80959027323155
 10
169.5657443163105
 20
361.80959027323155
 10
169.31104431631047
 20
361.80959027323155
 10
169.0563443163105
 20
361.80959027323155
 10
168.80164431631047
 20
361.80959027323155
 10
168.5469443163105
 20
361.80959027323155
 10
168.29224431631047
 20
361.80959027323155
 10
168.0375443163105
 20
361.80959027323155
 10
167.78284431631047
 20
361.80959027323155
 10
167.5281443163105
 20
361.80959027323155
 10
167.27344431631047
 20
361.80959027323155
 10
167.0187443163105
 20
361.80959027323155
 10
166.76404431631047
 20
361.80959027323155
 10
166.5093443163105
 20
361.80959027323155
 10
166.25464431631048
 20
361.80959027323155
 10
165.9999443163105
 20
361.80959027323155
 10
165.74524431631048
 20
361.80959027323155
 10
165.4905443163105
 20
361.80959027323155
 10
165.23584431631048
 20
361.80959027323155
  0
LINE
  5
308
330
17
100
AcDbEntity
  8
02-OCULTA
100
AcDbLine
 10
165.23584431631048
 20
369.0002032923949
 30
0.0
 11
165.23584431631048
 21
361.80959027323155
 31
0.0
  0
LWPOLYLINE
  5
309
330
17
100
AcDbEntity
  8
02-OCULTA
100
AcDbPolyline
 90
21
 70
0
 10
165.23584431631048
 20
369.0002032923949
 10
164.98114431631046
 20
369.0002032923949
 10
164.72644431631048
 20
369.0002032923949
 10
164.47174431631046
 20
369.0002032923949
 10
164.21704431631048
 20
369.0002032923949
 10
163.96234431631046
 20
369.0002032923949
 10
163.70764431631048
 20
369.0002032923949
 10
163.45294431631046
 20
369.0002032923949
 10
163.19824431631048
 20
369.0002032923949
 10
162.94354431631047
 20
369.0002032923949
 10
162.68884431631048
 20
369.0002032923949
 10
162.43414431631047
 20
369.0002032923949
 10
162.17944431631048
 20
369.0002032923949
 10
161.92474431631047
 20
369.0002032923949
 10
161.67004431631048
 20
369.0002032923949
 10
161.41534431631047
 20
369.0002032923949
 10
161.16064431631048
 20
369.0002032923949
 10
160.90594431631047
 20
369.0002032923949
 10
160.65124431631048
 20
369.0002032923949
 10
160.39654431631047
 20
369.0002032923949
 10
160.14184431631048
 20
369.0002032923949
  0
LWPOLYLINE
  5
30A
330
17
100
AcDbEntity
  8
02-OCULTA
100
AcDbPolyline
 90
41
 70
0
 10
160.14184431631048
 20
369.0002032923949
 10
160.39654431631047
 20
369.0002032923949
 10
160.65124431631048
 20
369.0002032923949
 10
160.90594431631047
 20
369.0002032923949
 10
161.16064431631048
 20
369.0002032923949
 10
161.41534431631047
 20
369.0002032923949
 10
161.67004431631048
 20
369.0002032923949
 10
161.92474431631047
 20
369.0002032923949
 10
162.17944431631048
 20
369.0002032923949
 10
162.43414431631047
 20
369.0002032923949
 10
162.68884431631048
 20
369.0002032923949
 10
162.94354431631047
 20
369.0002032923949
 10
163.19824431631048
 20
369.0002032923949
 10
163.45294431631046
 20
369.0002032923949
 10
163.70764431631048
 20
369.0002032923949
 10
163.96234431631046
 20
369.0002032923949
 10
164.21704431631048
 20
369.0002032923949
 10
164.47174431631046
 20
369.0002032923949
 10
164.72644431631048
 20
369.0002032923949
 10
164.9811443163105
 20
369.0002032923949
 10
165.23584431631048
 20
369.0002032923949
 10
165.4905443163105
 20
369.0002032923949
 10
165.74524431631048
 20
369.0002032923949
 10
165.9999443163105
 20
369.0002032923949
 10
166.25464431631048
 20
369.0002032923949
 10
166.5093443163105
 20
369.0002032923949
 10
166.76404431631047
 20
369.0002032923949
 10
167.0187443163105
 20
369.0002032923949
 10
167.27344431631047
 20
369.0002032923949
 10
167.5281443163105
 20
369.0002032923949
 10
167.78284431631047
 20
369.0002032923949
 10
168.0375443163105
 20
369.0002032923949
 10
168.29224431631047
 20
369.0002032923949
 10
168.5469443163105
 20
369.0002032923949
 10
168.80164431631047
 20
369.0002032923949
 10
169.0563443163105
 20
369.0002032923949
 10
169.31104431631047
 20
369.0002032923949
 10
169.5657443163105
 20
369.0002032923949
 10
169.82044431631047
 20
369.0002032923949
 10
170.07514431631049
 20
369.0002032923949
 10
170.32984431631047
 20
369.0002032923949
  0
LWPOLYLINE
  5
30B
330
17
100
AcDbEntity
  8
02-OCULTA
100
AcDbPolyline
 90
21
 70
0
 10
170.32984431631047
 20
369.0002032923949
 10
170.07514431631049
 20
369.0002032923949
 10
169.82044431631047
 20
369.0002032923949
 10
169.5657443163105
 20
369.0002032923949
 10
169.31104431631047
 20
369.0002032923949
 10
169.0563443163105
 20
369.0002032923949
 10
168.80164431631047
 20
369.0002032923949
 10
168.5469443163105
 20
369.0002032923949
 10
168.29224431631047
 20
369.0002032923949
 10
168.0375443163105
 20
369.0002032923949
 10
167.78284431631047
 20
369.0002032923949
 10
167.5281443163105
 20
369.0002032923949
 10
167.27344431631047
 20
369.0002032923949
 10
167.0187443163105
 20
369.0002032923949
 10
166.76404431631047
 20
369.0002032923949
 10
166.5093443163105
 20
369.0002032923949
 10
166.25464431631048
 20
369.0002032923949
 10
165.9999443163105
 20
369.0002032923949
 10
165.74524431631048
 20
369.0002032923949
 10
165.4905443163105
 20
369.0002032923949
 10
165.23584431631048
 20
369.0002032923949
  0
LWPOLYLINE
  5
30C
330
17
100
AcDbEntity
  8
02-OCULTA
100
AcDbPolyline
 90
30
 70
0
 10
165.23584431631048
 20
369.0002032923949
 10
164.98584431631048
 20
369.0002032923949
 10
164.73584431631048
 20
369.0002032923949
 10
164.48584431631048
 20
369.0002032923949
 10
164.23584431631048
 20
369.0002032923949
 10
163.98584431631048
 20
369.0002032923949
 10
163.73584431631048
 20
369.0002032923949
 10
163.48584431631048
 20
369.0002032923949
 10
163.23584431631048
 20
369.0002032923949
 10
162.98584431631048
 20
369.0002032923949
 10
162.73584431631048
 20
369.0002032923949
 10
162.48584431631048
 20
369.0002032923949
 10
162.23584431631048
 20
369.0002032923949
 10
161.98584431631048
 20
369.0002032923949
 10
161.73584431631048
 20
369.0002032923949
 10
161.48584431631048
 20
369.0002032923949
 10
161.23584431631048
 20
369.0002032923949
 10
160.98584431631048
 20
369.0002032923949
 10
160.73584431631048
 20
369.0002032923949
 10
160.48584431631048
 20
369.0002032923949
 10
160.23584431631048
 20
369.0002032923949
 10
159.98584431631048
 20
369.0002032923949
 10
159.73584431631048
 20
369.0002032923949
 10
159.48584431631048
 20
369.0002032923949
 10
159.23584431631048
 20
369.0002032923949
 10
158.98584431631048
 20
369.0002032923949
 10
158.73584431631048
 20
369.0002032923949
 10
158.48584431631048
 20
369.0002032923949
 10
158.23584431631048
 20
369.0002032923949
 10
157.98584431631048
 20
369.0002032923949
  0
LWPOLYLINE
  5
30D
330
17
100
AcDbEntity
  8
02-OCULTA
100
AcDbPolyline
 90
59
 70
0
 10
157.98584431631048
 20
369.0002032923949
 10
158.23584431631048
 20
369.0002032923949
 10
158.48584431631048
 20
369.0002032923949
 10
158.73584431631048
 20
369.0002032923949
 10
158.98584431631048
 20
369.0002032923949
 10
159.23584431631048
 20
369.0002032923949
 10
159.48584431631048
 20
369.0002032923949
 10
159.73584431631048
 20
369.0002032923949
 10
159.98584431631048
 20
369.0002032923949
 10
160.23584431631048
 20
369.0002032923949
 10
160.48584431631048
 20
369.0002032923949
 10
160.73584431631048
 20
369.0002032923949
 10
160.98584431631048
 20
369.0002032923949
 10
161.23584431631048
 20
369.0002032923949
 10
161.48584431631048
 20
369.0002032923949
 10
161.73584431631048
 20
369.0002032923949
 10
161.98584431631048
 20
369.0002032923949
 10
162.23584431631048
 20
369.0002032923949
 10
162.48584431631048
 20
369.0002032923949
 10
162.73584431631048
 20
369.0002032923949
 10
162.98584431631048
 20
369.0002032923949
 10
163.23584431631048
 20
369.0002032923949
 10
163.48584431631048
 20
369.0002032923949
 10
163.73584431631048
 20
369.0002032923949
 10
163.98584431631048
 20
369.0002032923949
 10
164.23584431631048
 20
369.0002032923949
 10
164.48584431631048
 20
369.0002032923949
 10
164.73584431631048
 20
369.0002032923949
 10
164.98584431631048
 20
369.0002032923949
 10
165.23584431631048
 20
369.0002032923949
 10
165.48584431631048
 20
369.0002032923949
 10
165.73584431631048
 20
369.0002032923949
 10
165.98584431631048
 20
369.0002032923949
 10
166.23584431631048
 20
369.0002032923949
 10
166.48584431631048
 20
369.0002032923949
 10
166.73584431631048
 20
369.0002032923949
 10
166.98584431631048
 20
369.0002032923949
 10
167.23584431631048
 20
369.0002032923949
 10
167.48584431631048
 20
369.0002032923949
 10
167.73584431631048
 20
369.0002032923949
 10
167.98584431631048
 20
369.0002032923949
 10
168.23584431631048
 20
369.0002032923949
 10
168.48584431631048
 20
369.0002032923949
 10
168.73584431631048
 20
369.0002032923949
 10
168.98584431631048
 20
369.0002032923949
 10
169.23584431631048
 20
369.0002032923949
 10
169.48584431631048
 20
369.0002032923949
 10
169.73584431631048
 20
369.0002032923949
 10
169.98584431631048
 20
369.0002032923949
 10
170.23584431631048
 20
369.0002032923949
 10
170.48584431631048
 20
369.0002032923949
 10
170.73584431631048
 20
369.0002032923949
 10
170.98584431631048
 20
369.0002032923949
 10
171.23584431631048
 20
369.0002032923949
 10
171.48584431631048
 20
369.0002032923949
 10
171.73584431631048
 20
369.0002032923949
 10
171.98584431631048
 20
369.0002032923949
 10
172.23584431631048
 20
369.0002032923949
 10
172.48584431631048
 20
369.0002032923949
  0
LWPOLYLINE
  5
30E
330
17
100
AcDbEntity
  8
02-OCULTA
100
AcDbPolyline
 90
30
 70
0
 10
172.48584431631048
 20
369.0002032923949
 10
172.23584431631048
 20
369.0002032923949
 10
171.98584431631048
 20
369.0002032923949
 10
171.73584431631048
 20
369.0002032923949
 10
171.48584431631048
 20
369.0002032923949
 10
171.23584431631048
 20
369.0002032923949
 10
170.98584431631048
 20
369.0002032923949
 10
170.73584431631048
 20
369.0002032923949
 10
170.48584431631048
 20
369.0002032923949
 10
170.23584431631048
 20
369.0002032923949
 10
169.98584431631048
 20
369.0002032923949
 10
169.73584431631048
 20
369.0002032923949
 10
169.48584431631048
 20
369.0002032923949
 10
169.23584431631048
 20
369.0002032923949
 10
168.98584431631048
 20
369.0002032923949
 10
168.73584431631048
 20
369.0002032923949
 10
168.48584431631048
 20
369.0002032923949
 10
168.23584431631048
 20
369.0002032923949
 10
167.98584431631048
 20
369.0002032923949
 10
167.73584431631048
 20
369.0002032923949
 10
167.48584431631048
 20
369.0002032923949
 10
167.23584431631048
 20
369.0002032923949
 10
166.98584431631048
 20
369.0002032923949
 10
166.73584431631048
 20
369.0002032923949
 10
166.48584431631048
 20
369.0002032923949
 10
166.23584431631048
 20
369.0002032923949
 10
165.98584431631048
 20
369.0002032923949
 10
165.73584431631048
 20
369.0002032923949
 10
165.48584431631048
 20
369.0002032923949
 10
165.23584431631048
 20
369.0002032923949
  0
LWPOLYLINE
  5
30F
330
17
100
AcDbEntity
  8
02-OCULTA
100
AcDbPolyline
 90
30
 70
0
 10
165.23584431631048
 20
362.7502032923949
 10
164.98584431631048
 20
362.7502032923949
 10
164.73584431631048
 20
362.7502032923949
 10
164.48584431631048
 20
362.7502032923949
 10
164.23584431631048
 20
362.7502032923949
 10
163.98584431631048
 20
362.7502032923949
 10
163.73584431631048
 20
362.7502032923949
 10
163.48584431631048
 20
362.7502032923949
 10
163.23584431631048
 20
362.7502032923949
 10
162.98584431631048
 20
362.7502032923949
 10
162.73584431631048
 20
362.7502032923949
 10
162.48584431631048
 20
362.7502032923949
 10
162.23584431631048
 20
362.7502032923949
 10
161.98584431631048
 20
362.7502032923949
 10
161.73584431631048
 20
362.7502032923949
 10
161.48584431631048
 20
362.7502032923949
 10
161.23584431631048
 20
362.7502032923949
 10
160.98584431631048
 20
362.7502032923949
 10
160.73584431631048
 20
362.7502032923949
 10
160.48584431631048
 20
362.7502032923949
 10
160.23584431631048
 20
362.7502032923949
 10
159.98584431631048
 20
362.7502032923949
 10
159.73584431631048
 20
362.7502032923949
 10
159.48584431631048
 20
362.7502032923949
 10
159.23584431631048
 20
362.7502032923949
 10
158.98584431631048
 20
362.7502032923949
 10
158.73584431631048
 20
362.7502032923949
 10
158.48584431631048
 20
362.7502032923949
 10
158.23584431631048
 20
362.7502032923949
 10
157.98584431631048
 20
362.7502032923949
  0
LWPOLYLINE
  5
310
330
17
100
AcDbEntity
  8
02-OCULTA
100
AcDbPolyline
 90
59
 70
0
 10
157.98584431631048
 20
362.7502032923949
 10
158.23584431631048
 20
362.7502032923949
 10
158.48584431631048
 20
362.7502032923949
 10
158.73584431631048
 20
362.7502032923949
 10
158.98584431631048
 20
362.7502032923949
 10
159.23584431631048
 20
362.7502032923949
 10
159.48584431631048
 20
362.7502032923949
 10
159.73584431631048
 20
362.7502032923949
 10
159.98584431631048
 20
362.7502032923949
 10
160.23584431631048
 20
362.7502032923949
 10
160.48584431631048
 20
362.7502032923949
 10
160.73584431631048
 20
362.7502032923949
 10
160.98584431631048
 20
362.7502032923949
 10
161.23584431631048
 20
362.7502032923949
 10
161.48584431631048
 20
362.7502032923949
 10
161.73584431631048
 20
362.7502032923949
 10
161.98584431631048
 20
362.7502032923949
 10
162.23584431631048
 20
362.7502032923949
 10
162.48584431631048
 20
362.7502032923949
 10
162.73584431631048
 20
362.7502032923949
 10
162.98584431631048
 20
362.7502032923949
 10
163.23584431631048
 20
362.7502032923949
 10
163.48584431631048
 20
362.7502032923949
 10
163.73584431631048
 20
362.7502032923949
 10
163.98584431631048
 20
362.7502032923949
 10
164.23584431631048
 20
362.7502032923949
 10
164.48584431631048
 20
362.7502032923949
 10
164.73584431631048
 20
362.7502032923949
 10
164.98584431631048
 20
362.7502032923949
 10
165.23584431631048
 20
362.7502032923949
 10
165.48584431631048
 20
362.7502032923949
 10
165.73584431631048
 20
362.7502032923949
 10
165.98584431631048
 20
362.7502032923949
 10
166.23584431631048
 20
362.7502032923949
 10
166.48584431631048
 20
362.7502032923949
 10
166.73584431631048
 20
362.7502032923949
 10
166.98584431631048
 20
362.7502032923949
 10
167.23584431631048
 20
362.7502032923949
 10
167.48584431631048
 20
362.7502032923949
 10
167.73584431631048
 20
362.7502032923949
 10
167.98584431631048
 20
362.7502032923949
 10
168.23584431631048
 20
362.7502032923949
 10
168.48584431631048
 20
362.7502032923949
 10
168.73584431631048
 20
362.7502032923949
 10
168.98584431631048
 20
362.7502032923949
 10
169.23584431631048
 20
362.7502032923949
 10
169.48584431631048
 20
362.7502032923949
 10
169.73584431631048
 20
362.7502032923949
 10
169.98584431631048
 20
362.7502032923949
 10
170.23584431631048
 20
362.7502032923949
 10
170.48584431631048
 20
362.7502032923949
 10
170.73584431631048
 20
362.7502032923949
 10
170.98584431631048
 20
362.7502032923949
 10
171.23584431631048
 20
362.7502032923949
 10
171.48584431631048
 20
362.7502032923949
 10
171.73584431631048
 20
362.7502032923949
 10
171.98584431631048
 20
362.7502032923949
 10
172.23584431631048
 20
362.7502032923949
 10
172.48584431631048
 20
362.7502032923949
  0
LWPOLYLINE
  5
311
330
17
100
AcDbEntity
  8
02-OCULTA
100
AcDbPolyline
 90
30
 70
0
 10
172.48584431631048
 20
362.7502032923949
 10
172.23584431631048
 20
362.7502032923949
 10
171.98584431631048
 20
362.7502032923949
 10
171.73584431631048
 20
362.7502032923949
 10
171.48584431631048
 20
362.7502032923949
 10
171.23584431631048
 20
362.7502032923949
 10
170.98584431631048
 20
362.7502032923949
 10
170.73584431631048
 20
362.7502032923949
 10
170.48584431631048
 20
362.7502032923949
 10
170.23584431631048
 20
362.7502032923949
 10
169.98584431631048
 20
362.7502032923949
 10
169.73584431631048
 20
362.7502032923949
 10
169.48584431631048
 20
362.7502032923949
 10
169.23584431631048
 20
362.7502032923949
 10
168.98584431631048
 20
362.7502032923949
 10
168.73584431631048
 20
362.7502032923949
 10
168.48584431631048
 20
362.7502032923949
 10
168.23584431631048
 20
362.7502032923949
 10
167.98584431631048
 20
362.7502032923949
 10
167.73584431631048
 20
362.7502032923949
 10
167.48584431631048
 20
362.7502032923949
 10
167.23584431631048
 20
362.7502032923949
 10
166.98584431631048
 20
362.7502032923949
 10
166.73584431631048
 20
362.7502032923949
 10
166.48584431631048
 20
362.7502032923949
 10
166.23584431631048
 20
362.7502032923949
 10
165.98584431631048
 20
362.7502032923949
 10
165.73584431631048
 20
362.7502032923949
 10
165.48584431631048
 20
362.7502032923949
 10
165.23584431631048
 20
362.7502032923949
  0
LINE
  5
312
330
17
100
AcDbEntity
  8
02-OCULTA
100
AcDbLine
 10
184.4733443163105
 20
356.3752779440232
 30
0.0
 11
183.9733443163105
 21
356.3752779440232
 31
0.0
  0
LINE
  5
313
330
17
100
AcDbEntity
  8
02-OCULTA
100
AcDbLine
 10
183.9733443163105
 20
231.50020329239484
 30
0.0
 11
183.9733443163105
 21
356.3752779440232
 31
0.0
  0
LINE
  5
314
330
17
100
AcDbEntity
  8
02-OCULTA
100
AcDbLine
 10
184.4733443163105
 20
231.50020329239484
 30
0.0
 11
183.9733443163105
 21
231.50020329239484
 31
0.0
  0
LINE
  5
315
330
17
100
AcDbEntity
  8
02-OCULTA
100
AcDbLine
 10
184.4733443163105
 20
231.50020329239484
 30
0.0
 11
183.9733443163105
 21
231.50020329239484
 31
0.0
  0
LINE
  5
316
330
17
100
AcDbEntity
  8
02-OCULTA
100
AcDbLine
 10
184.4733443163105
 20
231.50020329239484
 30
0.0
 11
184.4733443163105
 21
356.3752779440232
 31
0.0
  0
LINE
  5
317
330
17
100
AcDbEntity
  8
02-OCULTA
100
AcDbLine
 10
184.4733443163105
 20
356.3752779440232
 30
0.0
 11
183.9733443163105
 21
356.3752779440232
 31
0.0
  0
LINE
  5
318
330
17
100
AcDbEntity
  8
02-OCULTA
100
AcDbLine
 10
183.9733443163105
 20
231.50020329239484
 30
0.0
 11
183.9733443163105
 21
356.3752779440232
 31
0.0
  0
LWPOLYLINE
  5
319
330
17
100
AcDbEntity
  8
02-OCULTA
100
AcDbPolyline
 90
34
 70
0
 10
165.23584431631048
 20
373.0002032923949
 10
164.97978371024988
 20
373.0002032923949
 10
164.72372310418928
 20
373.0002032923949
 10
164.46766249812865
 20
373.0002032923949
 10
164.21160189206805
 20
373.0002032923949
 10
163.95554128600745
 20
373.0002032923949
 10
163.69948067994684
 20
373.0002032923949
 10
163.44342007388624
 20
373.0002032923949
 10
163.18735946782562
 20
373.0002032923949
 10
162.93129886176501
 20
373.0002032923949
 10
162.67523825570441
 20
373.0002032923949
 10
162.4191776496438
 20
373.0002032923949
 10
162.1631170435832
 20
373.0002032923949
 10
161.90705643752258
 20
373.0002032923949
 10
161.65099583146198
 20
373.0002032923949
 10
161.39493522540138
 20
373.0002032923949
 10
161.13887461934078
 20
373.0002032923949
 10
160.88281401328018
 20
373.0002032923949
 10
160.62675340721955
 20
373.0002032923949
 10
160.37069280115895
 20
373.0002032923949
 10
160.11463219509835
 20
373.0002032923949
 10
159.85857158903775
 20
373.0002032923949
 10
159.60251098297715
 20
373.0002032923949
 10
159.34645037691655
 20
373.0002032923949
 10
159.09038977085592
 20
373.0002032923949
 10
158.83432916479532
 20
373.0002032923949
 10
158.57826855873472
 20
373.0002032923949
 10
158.32220795267412
 20
373.0002032923949
 10
158.06614734661352
 20
373.0002032923949
 10
157.8100867405529
 20
373.0002032923949
 10
157.5540261344923
 20
373.0002032923949
 10
157.2979655284317
 20
373.0002032923949
 10
157.0419049223711
 20
373.0002032923949
 10
156.7858443163105
 20
373.0002032923949
  0
LWPOLYLINE
  5
31A
330
17
100
AcDbEntity
  8
02-OCULTA
100
AcDbPolyline
 90
7
 70
0
 10
173.23584431631048
 20
373.0002032923949
 10
173.31084431631047
 20
373.0002032923949
 10
173.38584431631048
 20
373.0002032923949
 10
173.46084431631047
 20
373.0002032923949
 10
173.5358443163105
 20
373.0002032923949
 10
173.61084431631048
 20
373.0002032923949
 10
173.68584431631047
 20
373.0002032923949
  0
LWPOLYLINE
  5
31B
330
17
100
AcDbEntity
  8
02-OCULTA
100
AcDbPolyline
 90
34
 70
0
 10
173.68584431631047
 20
373.0002032923949
 10
173.42978371024986
 20
373.0002032923949
 10
173.17372310418926
 20
373.0002032923949
 10
172.91766249812866
 20
373.0002032923949
 10
172.66160189206806
 20
373.0002032923949
 10
172.40554128600743
 20
373.0002032923949
 10
172.14948067994683
 20
373.0002032923949
 10
171.89342007388623
 20
373.0002032923949
 10
171.63735946782563
 20
373.0002032923949
 10
171.38129886176503
 20
373.0002032923949
 10
171.1252382557044
 20
373.0002032923949
 10
170.8691776496438
 20
373.0002032923949
 10
170.6131170435832
 20
373.0002032923949
 10
170.3570564375226
 20
373.0002032923949
 10
170.100995831462
 20
373.0002032923949
 10
169.84493522540137
 20
373.0002032923949
 10
169.58887461934077
 20
373.0002032923949
 10
169.33281401328017
 20
373.0002032923949
 10
169.07675340721957
 20
373.0002032923949
 10
168.82069280115897
 20
373.0002032923949
 10
168.56463219509834
 20
373.0002032923949
 10
168.30857158903774
 20
373.0002032923949
 10
168.05251098297714
 20
373.0002032923949
 10
167.79645037691654
 20
373.0002032923949
 10
167.54038977085594
 20
373.0002032923949
 10
167.28432916479534
 20
373.0002032923949
 10
167.0282685587347
 20
373.0002032923949
 10
166.7722079526741
 20
373.0002032923949
 10
166.5161473466135
 20
373.0002032923949
 10
166.2600867405529
 20
373.0002032923949
 10
166.0040261344923
 20
373.0002032923949
 10
165.7479655284317
 20
373.0002032923949
 10
165.49190492237108
 20
373.0002032923949
 10
165.23584431631048
 20
373.0002032923949
  0
LWPOLYLINE
  5
31C
330
17
100
AcDbEntity
  8
02-OCULTA
100
AcDbPolyline
 90
34
 70
0
 10
165.23584431631048
 20
369.0002032923949
 10
164.97978371024988
 20
369.0002032923949
 10
164.72372310418928
 20
369.0002032923949
 10
164.46766249812865
 20
369.0002032923949
 10
164.21160189206805
 20
369.0002032923949
 10
163.95554128600745
 20
369.0002032923949
 10
163.69948067994684
 20
369.0002032923949
 10
163.44342007388624
 20
369.0002032923949
 10
163.18735946782562
 20
369.0002032923949
 10
162.93129886176501
 20
369.0002032923949
 10
162.67523825570441
 20
369.0002032923949
 10
162.4191776496438
 20
369.0002032923949
 10
162.1631170435832
 20
369.0002032923949
 10
161.90705643752258
 20
369.0002032923949
 10
161.65099583146198
 20
369.0002032923949
 10
161.39493522540138
 20
369.0002032923949
 10
161.13887461934078
 20
369.0002032923949
 10
160.88281401328018
 20
369.0002032923949
 10
160.62675340721955
 20
369.0002032923949
 10
160.37069280115895
 20
369.0002032923949
 10
160.11463219509835
 20
369.0002032923949
 10
159.85857158903775
 20
369.0002032923949
 10
159.60251098297715
 20
369.0002032923949
 10
159.34645037691655
 20
369.0002032923949
 10
159.09038977085592
 20
369.0002032923949
 10
158.83432916479532
 20
369.0002032923949
 10
158.57826855873472
 20
369.0002032923949
 10
158.32220795267412
 20
369.0002032923949
 10
158.06614734661352
 20
369.0002032923949
 10
157.8100867405529
 20
369.0002032923949
 10
157.5540261344923
 20
369.0002032923949
 10
157.2979655284317
 20
369.0002032923949
 10
157.0419049223711
 20
369.0002032923949
 10
156.7858443163105
 20
369.0002032923949
  0
LWPOLYLINE
  5
31D
330
17
100
AcDbEntity
  8
02-OCULTA
100
AcDbPolyline
 90
34
 70
0
 10
173.68584431631047
 20
369.0002032923949
 10
173.42978371024986
 20
369.0002032923949
 10
173.17372310418926
 20
369.0002032923949
 10
172.91766249812866
 20
369.0002032923949
 10
172.66160189206806
 20
369.0002032923949
 10
172.40554128600743
 20
369.0002032923949
 10
172.14948067994683
 20
369.0002032923949
 10
171.89342007388623
 20
369.0002032923949
 10
171.63735946782563
 20
369.0002032923949
 10
171.38129886176503
 20
369.0002032923949
 10
171.1252382557044
 20
369.0002032923949
 10
170.8691776496438
 20
369.0002032923949
 10
170.6131170435832
 20
369.0002032923949
 10
170.3570564375226
 20
369.0002032923949
 10
170.100995831462
 20
369.0002032923949
 10
169.84493522540137
 20
369.0002032923949
 10
169.58887461934077
 20
369.0002032923949
 10
169.33281401328017
 20
369.0002032923949
 10
169.07675340721957
 20
369.0002032923949
 10
168.82069280115897
 20
369.0002032923949
 10
168.56463219509834
 20
369.0002032923949
 10
168.30857158903774
 20
369.0002032923949
 10
168.05251098297714
 20
369.0002032923949
 10
167.79645037691654
 20
369.0002032923949
 10
167.54038977085594
 20
369.0002032923949
 10
167.28432916479534
 20
369.0002032923949
 10
167.0282685587347
 20
369.0002032923949
 10
166.7722079526741
 20
369.0002032923949
 10
166.5161473466135
 20
369.0002032923949
 10
166.2600867405529
 20
369.0002032923949
 10
166.0040261344923
 20
369.0002032923949
 10
165.7479655284317
 20
369.0002032923949
 10
165.49190492237108
 20
369.0002032923949
 10
165.23584431631048
 20
369.0002032923949
  0
LWPOLYLINE
  5
31E
330
17
100
AcDbEntity
  8
02-OCULTA
100
AcDbPolyline
 90
17
 70
0
 10
165.23584431631048
 20
373.0002032923949
 10
164.97996931631047
 20
373.0002032923949
 10
164.72409431631047
 20
373.0002032923949
 10
164.46821931631047
 20
373.0002032923949
 10
164.21234431631046
 20
373.0002032923949
 10
163.9564693163105
 20
373.0002032923949
 10
163.7005943163105
 20
373.0002032923949
 10
163.44471931631048
 20
373.0002032923949
 10
163.18884431631048
 20
373.0002032923949
 10
162.93296931631048
 20
373.0002032923949
 10
162.67709431631047
 20
373.0002032923949
 10
162.42121931631047
 20
373.0002032923949
 10
162.16534431631047
 20
373.0002032923949
 10
161.90946931631046
 20
373.0002032923949
 10
161.6535943163105
 20
373.0002032923949
 10
161.39771931631049
 20
373.0002032923949
 10
161.14184431631048
 20
373.0002032923949
  0
LWPOLYLINE
  5
31F
330
17
100
AcDbEntity
  8
02-OCULTA
100
AcDbPolyline
 90
33
 70
0
 10
161.14184431631048
 20
373.0002032923949
 10
161.39771931631049
 20
373.0002032923949
 10
161.6535943163105
 20
373.0002032923949
 10
161.90946931631046
 20
373.0002032923949
 10
162.16534431631047
 20
373.0002032923949
 10
162.42121931631047
 20
373.0002032923949
 10
162.67709431631047
 20
373.0002032923949
 10
162.93296931631048
 20
373.0002032923949
 10
163.18884431631048
 20
373.0002032923949
 10
163.44471931631048
 20
373.0002032923949
 10
163.7005943163105
 20
373.0002032923949
 10
163.9564693163105
 20
373.0002032923949
 10
164.21234431631046
 20
373.0002032923949
 10
164.46821931631047
 20
373.0002032923949
 10
164.72409431631047
 20
373.0002032923949
 10
164.97996931631047
 20
373.0002032923949
 10
165.23584431631048
 20
373.0002032923949
 10
165.49171931631048
 20
373.0002032923949
 10
165.74759431631048
 20
373.0002032923949
 10
166.0034693163105
 20
373.0002032923949
 10
166.2593443163105
 20
373.0002032923949
 10
166.51521931631046
 20
373.0002032923949
 10
166.77109431631047
 20
373.0002032923949
 10
167.02696931631047
 20
373.0002032923949
 10
167.28284431631047
 20
373.0002032923949
 10
167.53871931631048
 20
373.0002032923949
 10
167.79459431631048
 20
373.0002032923949
 10
168.05046931631048
 20
373.0002032923949
 10
168.3063443163105
 20
373.0002032923949
 10
168.5622193163105
 20
373.0002032923949
 10
168.81809431631046
 20
373.0002032923949
 10
169.07396931631047
 20
373.0002032923949
 10
169.32984431631047
 20
373.0002032923949
  0
LWPOLYLINE
  5
320
330
17
100
AcDbEntity
  8
02-OCULTA
100
AcDbPolyline
 90
17
 70
0
 10
169.32984431631047
 20
373.0002032923949
 10
169.07396931631047
 20
373.0002032923949
 10
168.81809431631046
 20
373.0002032923949
 10
168.5622193163105
 20
373.0002032923949
 10
168.3063443163105
 20
373.0002032923949
 10
168.05046931631048
 20
373.0002032923949
 10
167.79459431631048
 20
373.0002032923949
 10
167.53871931631048
 20
373.0002032923949
 10
167.28284431631047
 20
373.0002032923949
 10
167.02696931631047
 20
373.0002032923949
 10
166.77109431631047
 20
373.0002032923949
 10
166.51521931631046
 20
373.0002032923949
 10
166.2593443163105
 20
373.0002032923949
 10
166.0034693163105
 20
373.0002032923949
 10
165.74759431631048
 20
373.0002032923949
 10
165.49171931631048
 20
373.0002032923949
 10
165.23584431631048
 20
373.0002032923949
  0
LWPOLYLINE
  5
321
330
17
100
AcDbEntity
  8
02-OCULTA
100
AcDbPolyline
 90
17
 70
0
 10
165.23584431631048
 20
369.0002032923949
 10
164.97996931631047
 20
369.0002032923949
 10
164.72409431631047
 20
369.0002032923949
 10
164.46821931631047
 20
369.0002032923949
 10
164.21234431631046
 20
369.0002032923949
 10
163.9564693163105
 20
369.0002032923949
 10
163.7005943163105
 20
369.0002032923949
 10
163.44471931631048
 20
369.0002032923949
 10
163.18884431631048
 20
369.0002032923949
 10
162.93296931631048
 20
369.0002032923949
 10
162.67709431631047
 20
369.0002032923949
 10
162.42121931631047
 20
369.0002032923949
 10
162.16534431631047
 20
369.0002032923949
 10
161.90946931631046
 20
369.0002032923949
 10
161.6535943163105
 20
369.0002032923949
 10
161.39771931631049
 20
369.0002032923949
 10
161.14184431631048
 20
369.0002032923949
  0
LWPOLYLINE
  5
322
330
17
100
AcDbEntity
  8
02-OCULTA
100
AcDbPolyline
 90
33
 70
0
 10
161.14184431631048
 20
369.0002032923949
 10
161.39771931631049
 20
369.0002032923949
 10
161.6535943163105
 20
369.0002032923949
 10
161.90946931631046
 20
369.0002032923949
 10
162.16534431631047
 20
369.0002032923949
 10
162.42121931631047
 20
369.0002032923949
 10
162.67709431631047
 20
369.0002032923949
 10
162.93296931631048
 20
369.0002032923949
 10
163.18884431631048
 20
369.0002032923949
 10
163.44471931631048
 20
369.0002032923949
 10
163.7005943163105
 20
369.0002032923949
 10
163.9564693163105
 20
369.0002032923949
 10
164.21234431631046
 20
369.0002032923949
 10
164.46821931631047
 20
369.0002032923949
 10
164.72409431631047
 20
369.0002032923949
 10
164.97996931631047
 20
369.0002032923949
 10
165.23584431631048
 20
369.0002032923949
 10
165.49171931631048
 20
369.0002032923949
 10
165.74759431631048
 20
369.0002032923949
 10
166.0034693163105
 20
369.0002032923949
 10
166.2593443163105
 20
369.0002032923949
 10
166.51521931631046
 20
369.0002032923949
 10
166.77109431631047
 20
369.0002032923949
 10
167.02696931631047
 20
369.0002032923949
 10
167.28284431631047
 20
369.0002032923949
 10
167.53871931631048
 20
369.0002032923949
 10
167.79459431631048
 20
369.0002032923949
 10
168.05046931631048
 20
369.0002032923949
 10
168.3063443163105
 20
369.0002032923949
 10
168.5622193163105
 20
369.0002032923949
 10
168.81809431631046
 20
369.0002032923949
 10
169.07396931631047
 20
369.0002032923949
 10
169.32984431631047
 20
369.0002032923949
  0
LWPOLYLINE
  5
323
330
17
100
AcDbEntity
  8
02-OCULTA
100
AcDbPolyline
 90
17
 70
0
 10
169.32984431631047
 20
369.0002032923949
 10
169.07396931631047
 20
369.0002032923949
 10
168.81809431631046
 20
369.0002032923949
 10
168.5622193163105
 20
369.0002032923949
 10
168.3063443163105
 20
369.0002032923949
 10
168.05046931631048
 20
369.0002032923949
 10
167.79459431631048
 20
369.0002032923949
 10
167.53871931631048
 20
369.0002032923949
 10
167.28284431631047
 20
369.0002032923949
 10
167.02696931631047
 20
369.0002032923949
 10
166.77109431631047
 20
369.0002032923949
 10
166.51521931631046
 20
369.0002032923949
 10
166.2593443163105
 20
369.0002032923949
 10
166.0034693163105
 20
369.0002032923949
 10
165.74759431631048
 20
369.0002032923949
 10
165.49171931631048
 20
369.0002032923949
 10
165.23584431631048
 20
369.0002032923949
  0
LWPOLYLINE
  5
324
330
17
100
AcDbEntity
  8
02-OCULTA
100
AcDbPolyline
 90
21
 70
0
 10
165.23584431631048
 20
369.0002032923949
 10
164.98114431631046
 20
369.0002032923949
 10
164.72644431631048
 20
369.0002032923949
 10
164.47174431631046
 20
369.0002032923949
 10
164.21704431631048
 20
369.0002032923949
 10
163.96234431631046
 20
369.0002032923949
 10
163.70764431631048
 20
369.0002032923949
 10
163.45294431631046
 20
369.0002032923949
 10
163.19824431631048
 20
369.0002032923949
 10
162.94354431631047
 20
369.0002032923949
 10
162.68884431631048
 20
369.0002032923949
 10
162.43414431631047
 20
369.0002032923949
 10
162.17944431631048
 20
369.0002032923949
 10
161.92474431631047
 20
369.0002032923949
 10
161.67004431631048
 20
369.0002032923949
 10
161.41534431631047
 20
369.0002032923949
 10
161.16064431631048
 20
369.0002032923949
 10
160.90594431631047
 20
369.0002032923949
 10
160.65124431631048
 20
369.0002032923949
 10
160.39654431631047
 20
369.0002032923949
 10
160.14184431631048
 20
369.0002032923949
  0
LWPOLYLINE
  5
325
330
17
100
AcDbEntity
  8
02-OCULTA
100
AcDbPolyline
 90
41
 70
0
 10
160.14184431631048
 20
369.0002032923949
 10
160.39654431631047
 20
369.0002032923949
 10
160.65124431631048
 20
369.0002032923949
 10
160.90594431631047
 20
369.0002032923949
 10
161.16064431631048
 20
369.0002032923949
 10
161.41534431631047
 20
369.0002032923949
 10
161.67004431631048
 20
369.0002032923949
 10
161.92474431631047
 20
369.0002032923949
 10
162.17944431631048
 20
369.0002032923949
 10
162.43414431631047
 20
369.0002032923949
 10
162.68884431631048
 20
369.0002032923949
 10
162.94354431631047
 20
369.0002032923949
 10
163.19824431631048
 20
369.0002032923949
 10
163.45294431631046
 20
369.0002032923949
 10
163.70764431631048
 20
369.0002032923949
 10
163.96234431631046
 20
369.0002032923949
 10
164.21704431631048
 20
369.0002032923949
 10
164.47174431631046
 20
369.0002032923949
 10
164.72644431631048
 20
369.0002032923949
 10
164.9811443163105
 20
369.0002032923949
 10
165.23584431631048
 20
369.0002032923949
 10
165.4905443163105
 20
369.0002032923949
 10
165.74524431631048
 20
369.0002032923949
 10
165.9999443163105
 20
369.0002032923949
 10
166.25464431631048
 20
369.0002032923949
 10
166.5093443163105
 20
369.0002032923949
 10
166.76404431631047
 20
369.0002032923949
 10
167.0187443163105
 20
369.0002032923949
 10
167.27344431631047
 20
369.0002032923949
 10
167.5281443163105
 20
369.0002032923949
 10
167.78284431631047
 20
369.0002032923949
 10
168.0375443163105
 20
369.0002032923949
 10
168.29224431631047
 20
369.0002032923949
 10
168.5469443163105
 20
369.0002032923949
 10
168.80164431631047
 20
369.0002032923949
 10
169.0563443163105
 20
369.0002032923949
 10
169.31104431631047
 20
369.0002032923949
 10
169.5657443163105
 20
369.0002032923949
 10
169.82044431631047
 20
369.0002032923949
 10
170.07514431631049
 20
369.0002032923949
 10
170.32984431631047
 20
369.0002032923949
  0
LWPOLYLINE
  5
326
330
17
100
AcDbEntity
  8
02-OCULTA
100
AcDbPolyline
 90
21
 70
0
 10
170.32984431631047
 20
369.0002032923949
 10
170.07514431631049
 20
369.0002032923949
 10
169.82044431631047
 20
369.0002032923949
 10
169.5657443163105
 20
369.0002032923949
 10
169.31104431631047
 20
369.0002032923949
 10
169.0563443163105
 20
369.0002032923949
 10
168.80164431631047
 20
369.0002032923949
 10
168.5469443163105
 20
369.0002032923949
 10
168.29224431631047
 20
369.0002032923949
 10
168.0375443163105
 20
369.0002032923949
 10
167.78284431631047
 20
369.0002032923949
 10
167.5281443163105
 20
369.0002032923949
 10
167.27344431631047
 20
369.0002032923949
 10
167.0187443163105
 20
369.0002032923949
 10
166.76404431631047
 20
369.0002032923949
 10
166.5093443163105
 20
369.0002032923949
 10
166.25464431631048
 20
369.0002032923949
 10
165.9999443163105
 20
369.0002032923949
 10
165.74524431631048
 20
369.0002032923949
 10
165.4905443163105
 20
369.0002032923949
 10
165.23584431631048
 20
369.0002032923949
  0
LWPOLYLINE
  5
327
330
17
100
AcDbEntity
  8
02-OCULTA
100
AcDbPolyline
 90
21
 70
0
 10
165.23584431631048
 20
364.2002032923948
 10
164.98114431631046
 20
364.2002032923948
 10
164.72644431631048
 20
364.2002032923948
 10
164.47174431631046
 20
364.2002032923948
 10
164.21704431631048
 20
364.2002032923948
 10
163.96234431631046
 20
364.2002032923948
 10
163.70764431631048
 20
364.2002032923948
 10
163.45294431631046
 20
364.2002032923948
 10
163.19824431631048
 20
364.2002032923948
 10
162.94354431631047
 20
364.2002032923948
 10
162.68884431631048
 20
364.2002032923948
 10
162.43414431631047
 20
364.2002032923948
 10
162.17944431631048
 20
364.2002032923948
 10
161.92474431631047
 20
364.2002032923948
 10
161.67004431631048
 20
364.2002032923948
 10
161.41534431631047
 20
364.2002032923948
 10
161.16064431631048
 20
364.2002032923948
 10
160.90594431631047
 20
364.2002032923948
 10
160.65124431631048
 20
364.2002032923948
 10
160.39654431631047
 20
364.2002032923948
 10
160.14184431631048
 20
364.2002032923948
  0
LWPOLYLINE
  5
328
330
17
100
AcDbEntity
  8
02-OCULTA
100
AcDbPolyline
 90
41
 70
0
 10
160.14184431631048
 20
364.2002032923948
 10
160.39654431631047
 20
364.2002032923948
 10
160.65124431631048
 20
364.2002032923948
 10
160.90594431631047
 20
364.2002032923948
 10
161.16064431631048
 20
364.2002032923948
 10
161.41534431631047
 20
364.2002032923948
 10
161.67004431631048
 20
364.2002032923948
 10
161.92474431631047
 20
364.2002032923948
 10
162.17944431631048
 20
364.2002032923948
 10
162.43414431631047
 20
364.2002032923948
 10
162.68884431631048
 20
364.2002032923948
 10
162.94354431631047
 20
364.2002032923948
 10
163.19824431631048
 20
364.2002032923948
 10
163.45294431631046
 20
364.2002032923948
 10
163.70764431631048
 20
364.2002032923948
 10
163.96234431631046
 20
364.2002032923948
 10
164.21704431631048
 20
364.2002032923948
 10
164.47174431631046
 20
364.2002032923948
 10
164.72644431631048
 20
364.2002032923948
 10
164.9811443163105
 20
364.2002032923948
 10
165.23584431631048
 20
364.2002032923948
 10
165.4905443163105
 20
364.2002032923948
 10
165.74524431631048
 20
364.2002032923948
 10
165.9999443163105
 20
364.2002032923948
 10
166.25464431631048
 20
364.2002032923948
 10
166.5093443163105
 20
364.2002032923948
 10
166.76404431631047
 20
364.2002032923948
 10
167.0187443163105
 20
364.2002032923948
 10
167.27344431631047
 20
364.2002032923948
 10
167.5281443163105
 20
364.2002032923948
 10
167.78284431631047
 20
364.2002032923948
 10
168.0375443163105
 20
364.2002032923948
 10
168.29224431631047
 20
364.2002032923948
 10
168.5469443163105
 20
364.2002032923948
 10
168.80164431631047
 20
364.2002032923948
 10
169.0563443163105
 20
364.2002032923948
 10
169.31104431631047
 20
364.2002032923948
 10
169.5657443163105
 20
364.2002032923948
 10
169.82044431631047
 20
364.2002032923948
 10
170.07514431631049
 20
364.2002032923948
 10
170.32984431631047
 20
364.2002032923948
  0
LWPOLYLINE
  5
329
330
17
100
AcDbEntity
  8
02-OCULTA
100
AcDbPolyline
 90
21
 70
0
 10
170.32984431631047
 20
364.2002032923948
 10
170.07514431631049
 20
364.2002032923948
 10
169.82044431631047
 20
364.2002032923948
 10
169.5657443163105
 20
364.2002032923948
 10
169.31104431631047
 20
364.2002032923948
 10
169.0563443163105
 20
364.2002032923948
 10
168.80164431631047
 20
364.2002032923948
 10
168.5469443163105
 20
364.2002032923948
 10
168.29224431631047
 20
364.2002032923948
 10
168.0375443163105
 20
364.2002032923948
 10
167.78284431631047
 20
364.2002032923948
 10
167.5281443163105
 20
364.2002032923948
 10
167.27344431631047
 20
364.2002032923948
 10
167.0187443163105
 20
364.2002032923948
 10
166.76404431631047
 20
364.2002032923948
 10
166.5093443163105
 20
364.2002032923948
 10
166.25464431631048
 20
364.2002032923948
 10
165.9999443163105
 20
364.2002032923948
 10
165.74524431631048
 20
364.2002032923948
 10
165.4905443163105
 20
364.2002032923948
 10
165.23584431631048
 20
364.2002032923948
  0
LWPOLYLINE
  5
32A
330
17
100
AcDbEntity
  8
02-OCULTA
100
AcDbPolyline
 90
16
 70
0
 10
165.23584431631048
 20
369.0002032923949
 10
164.97624431631047
 20
369.0002032923949
 10
164.71664431631046
 20
369.0002032923949
 10
164.4570443163105
 20
369.0002032923949
 10
164.19744431631048
 20
369.0002032923949
 10
163.93784431631047
 20
369.0002032923949
 10
163.67824431631047
 20
369.0002032923949
 10
163.41864431631046
 20
369.0002032923949
 10
163.15904431631049
 20
369.0002032923949
 10
162.89944431631048
 20
369.0002032923949
 10
162.63984431631047
 20
369.0002032923949
 10
162.38024431631047
 20
369.0002032923949
 10
162.1206443163105
 20
369.0002032923949
 10
161.86104431631048
 20
369.0002032923949
 10
161.60144431631048
 20
369.0002032923949
 10
161.34184431631047
 20
369.0002032923949
  0
LWPOLYLINE
  5
32B
330
17
100
AcDbEntity
  8
02-OCULTA
100
AcDbPolyline
 90
32
 70
0
 10
161.34184431631047
 20
369.0002032923949
 10
161.5930701227621
 20
369.0002032923949
 10
161.8442959292137
 20
369.0002032923949
 10
162.09552173566533
 20
369.0002032923949
 10
162.34674754211693
 20
369.0002032923949
 10
162.59797334856853
 20
369.0002032923949
 10
162.84919915502016
 20
369.0002032923949
 10
163.10042496147176
 20
369.0002032923949
 10
163.3516507679234
 20
369.0002032923949
 10
163.602876574375
 20
369.0002032923949
 10
163.85410238082662
 20
369.0002032923949
 10
164.10532818727822
 20
369.0002032923949
 10
164.35655399372982
 20
369.0002032923949
 10
164.60777980018145
 20
369.0002032923949
 10
164.85900560663305
 20
369.0002032923949
 10
165.11023141308468
 20
369.0002032923949
 10
165.36145721953628
 20
369.0002032923949
 10
165.6126830259879
 20
369.0002032923949
 10
165.8639088324395
 20
369.0002032923949
 10
166.11513463889113
 20
369.0002032923949
 10
166.36636044534274
 20
369.0002032923949
 10
166.61758625179434
 20
369.0002032923949
 10
166.86881205824596
 20
369.0002032923949
 10
167.12003786469757
 20
369.0002032923949
 10
167.3712636711492
 20
369.0002032923949
 10
167.6224894776008
 20
369.0002032923949
 10
167.87371528405242
 20
369.0002032923949
 10
168.12494109050402
 20
369.0002032923949
 10
168.37616689695562
 20
369.0002032923949
 10
168.62739270340725
 20
369.0002032923949
 10
168.87861850985885
 20
369.0002032923949
 10
169.12984431631048
 20
369.0002032923949
  0
LWPOLYLINE
  5
32C
330
17
100
AcDbEntity
  8
02-OCULTA
100
AcDbPolyline
 90
16
 70
0
 10
169.12984431631048
 20
369.0002032923949
 10
168.87024431631048
 20
369.0002032923949
 10
168.61064431631047
 20
369.0002032923949
 10
168.35104431631046
 20
369.0002032923949
 10
168.0914443163105
 20
369.0002032923949
 10
167.83184431631048
 20
369.0002032923949
 10
167.57224431631047
 20
369.0002032923949
 10
167.31264431631047
 20
369.0002032923949
 10
167.0530443163105
 20
369.0002032923949
 10
166.79344431631048
 20
369.0002032923949
 10
166.53384431631048
 20
369.0002032923949
 10
166.27424431631047
 20
369.0002032923949
 10
166.01464431631047
 20
369.0002032923949
 10
165.7550443163105
 20
369.0002032923949
 10
165.49544431631048
 20
369.0002032923949
 10
165.23584431631048
 20
369.0002032923949
  0
LWPOLYLINE
  5
32D
330
17
100
AcDbEntity
  8
02-OCULTA
100
AcDbPolyline
 90
16
 70
0
 10
165.23584431631048
 20
364.2002032923948
 10
164.97624431631047
 20
364.2002032923948
 10
164.71664431631046
 20
364.2002032923948
 10
164.4570443163105
 20
364.2002032923948
 10
164.19744431631048
 20
364.2002032923948
 10
163.93784431631047
 20
364.2002032923948
 10
163.67824431631047
 20
364.2002032923948
 10
163.41864431631046
 20
364.2002032923948
 10
163.15904431631049
 20
364.2002032923948
 10
162.89944431631048
 20
364.2002032923948
 10
162.63984431631047
 20
364.2002032923948
 10
162.38024431631047
 20
364.2002032923948
 10
162.1206443163105
 20
364.2002032923948
 10
161.86104431631048
 20
364.2002032923948
 10
161.60144431631048
 20
364.2002032923948
 10
161.34184431631047
 20
364.2002032923948
  0
LWPOLYLINE
  5
32E
330
17
100
AcDbEntity
  8
02-OCULTA
100
AcDbPolyline
 90
32
 70
0
 10
161.34184431631047
 20
364.2002032923948
 10
161.5930701227621
 20
364.2002032923948
 10
161.8442959292137
 20
364.2002032923948
 10
162.09552173566533
 20
364.2002032923948
 10
162.34674754211693
 20
364.2002032923948
 10
162.59797334856853
 20
364.2002032923948
 10
162.84919915502016
 20
364.2002032923948
 10
163.10042496147176
 20
364.2002032923948
 10
163.3516507679234
 20
364.2002032923948
 10
163.602876574375
 20
364.2002032923948
 10
163.85410238082662
 20
364.2002032923948
 10
164.10532818727822
 20
364.2002032923948
 10
164.35655399372982
 20
364.2002032923948
 10
164.60777980018145
 20
364.2002032923948
 10
164.85900560663305
 20
364.2002032923948
 10
165.11023141308468
 20
364.2002032923948
 10
165.36145721953628
 20
364.2002032923948
 10
165.6126830259879
 20
364.2002032923948
 10
165.8639088324395
 20
364.2002032923948
 10
166.11513463889113
 20
364.2002032923948
 10
166.36636044534274
 20
364.2002032923948
 10
166.61758625179434
 20
364.2002032923948
 10
166.86881205824596
 20
364.2002032923948
 10
167.12003786469757
 20
364.2002032923948
 10
167.3712636711492
 20
364.2002032923948
 10
167.6224894776008
 20
364.2002032923948
 10
167.87371528405242
 20
364.2002032923948
 10
168.12494109050402
 20
364.2002032923948
 10
168.37616689695562
 20
364.2002032923948
 10
168.62739270340725
 20
364.2002032923948
 10
168.87861850985885
 20
364.2002032923948
 10
169.12984431631048
 20
364.2002032923948
  0
LWPOLYLINE
  5
32F
330
17
100
AcDbEntity
  8
02-OCULTA
100
AcDbPolyline
 90
16
 70
0
 10
169.12984431631048
 20
364.2002032923948
 10
168.87024431631048
 20
364.2002032923948
 10
168.61064431631047
 20
364.2002032923948
 10
168.35104431631046
 20
364.2002032923948
 10
168.0914443163105
 20
364.2002032923948
 10
167.83184431631048
 20
364.2002032923948
 10
167.57224431631047
 20
364.2002032923948
 10
167.31264431631047
 20
364.2002032923948
 10
167.0530443163105
 20
364.2002032923948
 10
166.79344431631048
 20
364.2002032923948
 10
166.53384431631048
 20
364.2002032923948
 10
166.27424431631047
 20
364.2002032923948
 10
166.01464431631047
 20
364.2002032923948
 10
165.7550443163105
 20
364.2002032923948
 10
165.49544431631048
 20
364.2002032923948
 10
165.23584431631048
 20
364.2002032923948
  0
LINE
  5
330
330
17
100
AcDbEntity
  8
02-OCULTA
100
AcDbLine
 10
169.23584431631048
 20
383.5531495348622
 30
0.0
 11
161.23584431631048
 21
383.5531495348622
 31
0.0
  0
LINE
  5
331
330
17
100
AcDbEntity
  8
02-OCULTA
100
AcDbLine
 10
169.23584431631048
 20
373.0002032923949
 30
0.0
 11
161.23584431631048
 21
373.0002032923949
 31
0.0
  0
CIRCLE
  5
332
330
17
100
AcDbEntity
  8
02-OCULTA
100
AcDbCircle
 10
165.23584431631048
 20
376.69373447725843
 30
0.0
 40
2.8000000000000003
  0
LWPOLYLINE
  5
333
330
17
100
AcDbEntity
  8
02-OCULTA
100
AcDbPolyline
 90
7
 70
0
 10
169.23584431631048
 20
383.5531495348622
 10
169.50251098297716
 20
383.5531495348622
 10
169.7691776496438
 20
383.5531495348622
 10
170.0358443163105
 20
383.5531495348622
 10
170.30251098297714
 20
383.5531495348622
 10
170.56917764964382
 20
383.5531495348622
 10
170.83584431631047
 20
383.5531495348622
  0
LWPOLYLINE
  5
334
330
17
100
AcDbEntity
  8
02-OCULTA
100
AcDbPolyline
 90
7
 70
0
 10
161.23584431631048
 20
383.5531495348622
 10
160.9691776496438
 20
383.5531495348622
 10
160.70251098297715
 20
383.5531495348622
 10
160.43584431631047
 20
383.5531495348622
 10
160.1691776496438
 20
383.5531495348622
 10
159.90251098297713
 20
383.5531495348622
 10
159.63584431631048
 20
383.5531495348622
  0
LWPOLYLINE
  5
335
330
17
100
AcDbEntity
  8
02-OCULTA
100
AcDbPolyline
 90
7
 70
0
 10
169.23584431631048
 20
383.5531495348622
 10
169.50251098297716
 20
383.5531495348622
 10
169.7691776496438
 20
383.5531495348622
 10
170.0358443163105
 20
383.5531495348622
 10
170.30251098297714
 20
383.5531495348622
 10
170.56917764964382
 20
383.5531495348622
 10
170.83584431631047
 20
383.5531495348622
  0
LWPOLYLINE
  5
336
330
17
100
AcDbEntity
  8
02-OCULTA
100
AcDbPolyline
 90
7
 70
0
 10
161.23584431631048
 20
383.5531495348622
 10
160.9691776496438
 20
383.5531495348622
 10
160.70251098297715
 20
383.5531495348622
 10
160.43584431631047
 20
383.5531495348622
 10
160.1691776496438
 20
383.5531495348622
 10
159.90251098297713
 20
383.5531495348622
 10
159.63584431631048
 20
383.5531495348622
  0
LINE
  5
337
330
17
100
AcDbEntity
  8
02-OCULTA
100
AcDbLine
 10
169.23584431631048
 20
383.5531495348622
 30
0.0
 11
161.23584431631048
 21
383.5531495348622
 31
0.0
  0
LWPOLYLINE
  5
338
330
17
100
AcDbEntity
  8
02-OCULTA
100
AcDbPolyline
 90
7
 70
0
 10
169.23584431631048
 20
373.0002032923949
 10
169.50251098297716
 20
373.0002032923949
 10
169.7691776496438
 20
373.0002032923949
 10
170.0358443163105
 20
373.0002032923949
 10
170.30251098297714
 20
373.0002032923949
 10
170.56917764964382
 20
373.0002032923949
 10
170.83584431631047
 20
373.0002032923949
  0
LINE
  5
339
330
17
100
AcDbEntity
  8
02-OCULTA
100
AcDbLine
 10
170.83584431631047
 20
382.75314953486213
 30
0.0
 11
170.83584431631047
 21
383.5531495348622
 31
0.0
  0
LWPOLYLINE
  5
33A
330
17
100
AcDbEntity
  8
02-OCULTA
100
AcDbPolyline
 90
7
 70
0
 10
161.23584431631048
 20
373.0002032923949
 10
160.9691776496438
 20
373.0002032923949
 10
160.70251098297715
 20
373.0002032923949
 10
160.43584431631047
 20
373.0002032923949
 10
160.1691776496438
 20
373.0002032923949
 10
159.90251098297713
 20
373.0002032923949
 10
159.63584431631048
 20
373.0002032923949
  0
LINE
  5
33B
330
17
100
AcDbEntity
  8
02-OCULTA
100
AcDbLine
 10
159.63584431631048
 20
382.75314953486213
 30
0.0
 11
159.63584431631048
 21
383.5531495348622
 31
0.0
  0
LWPOLYLINE
  5
33C
330
17
100
AcDbEntity
  8
02-OCULTA
100
AcDbPolyline
 90
7
 70
0
 10
169.23584431631048
 20
373.0002032923949
 10
169.50251098297716
 20
373.0002032923949
 10
169.7691776496438
 20
373.0002032923949
 10
170.0358443163105
 20
373.0002032923949
 10
170.30251098297714
 20
373.0002032923949
 10
170.56917764964382
 20
373.0002032923949
 10
170.83584431631047
 20
373.0002032923949
  0
LWPOLYLINE
  5
33D
330
17
100
AcDbEntity
  8
02-OCULTA
100
AcDbPolyline
 90
7
 70
0
 10
161.23584431631048
 20
373.0002032923949
 10
160.9691776496438
 20
373.0002032923949
 10
160.70251098297715
 20
373.0002032923949
 10
160.43584431631047
 20
373.0002032923949
 10
160.1691776496438
 20
373.0002032923949
 10
159.90251098297713
 20
373.0002032923949
 10
159.63584431631048
 20
373.0002032923949
  0
LINE
  5
33E
330
17
100
AcDbEntity
  8
02-OCULTA
100
AcDbLine
 10
169.23584431631048
 20
373.0002032923949
 30
0.0
 11
161.23584431631048
 21
373.0002032923949
 31
0.0
  0
LINE
  5
33F
330
17
100
AcDbEntity
  8
02-OCULTA
100
AcDbLine
 10
170.83584431631047
 20
373.0002032923949
 30
0.0
 11
170.83584431631047
 21
383.5531495348622
 31
0.0
  0
LWPOLYLINE
  5
340
330
17
100
AcDbEntity
  8
02-OCULTA
100
AcDbPolyline
 90
15
 70
0
 10
170.83584431631047
 20
377.0043237257519
 10
170.83584431631047
 20
377.26146658289474
 10
170.83584431631047
 20
377.5186094400376
 10
170.83584431631047
 20
377.7757522971805
 10
170.83584431631047
 20
378.03289515432334
 10
170.83584431631047
 20
378.2900380114662
 10
170.83584431631047
 20
378.547180868609
 10
170.83584431631047
 20
378.8043237257519
 10
170.83584431631047
 20
379.06146658289475
 10
170.83584431631047
 20
379.31860944003756
 10
170.83584431631047
 20
379.57575229718043
 10
170.83584431631047
 20
379.8328951543233
 10
170.83584431631047
 20
380.09003801146616
 10
170.83584431631047
 20
380.34718086860903
 10
170.83584431631047
 20
380.6043237257519
  0
LWPOLYLINE
  5
341
330
17
100
AcDbEntity
  8
02-OCULTA
100
AcDbPolyline
 90
15
 70
0
 10
170.83584431631047
 20
380.6043237257519
 10
170.83584431631047
 20
380.34718086860903
 10
170.83584431631047
 20
380.09003801146616
 10
170.83584431631047
 20
379.8328951543233
 10
170.83584431631047
 20
379.57575229718043
 10
170.83584431631047
 20
379.31860944003756
 10
170.83584431631047
 20
379.06146658289475
 10
170.83584431631047
 20
378.8043237257519
 10
170.83584431631047
 20
378.547180868609
 10
170.83584431631047
 20
378.2900380114662
 10
170.83584431631047
 20
378.03289515432334
 10
170.83584431631047
 20
377.7757522971805
 10
170.83584431631047
 20
377.5186094400376
 10
170.83584431631047
 20
377.26146658289474
 10
170.83584431631047
 20
377.0043237257519
  0
LINE
  5
342
330
17
100
AcDbEntity
  8
02-OCULTA
100
AcDbLine
 10
159.63584431631048
 20
373.0002032923949
 30
0.0
 11
159.63584431631048
 21
383.5531495348622
 31
0.0
  0
LWPOLYLINE
  5
343
330
17
100
AcDbEntity
  8
02-OCULTA
100
AcDbPolyline
 90
15
 70
0
 10
173.13584431631048
 20
377.0043237257519
 10
173.13584431631048
 20
377.26146658289474
 10
173.13584431631048
 20
377.5186094400376
 10
173.13584431631048
 20
377.7757522971805
 10
173.13584431631048
 20
378.03289515432334
 10
173.13584431631048
 20
378.2900380114662
 10
173.13584431631048
 20
378.547180868609
 10
173.13584431631048
 20
378.8043237257519
 10
173.13584431631048
 20
379.06146658289475
 10
173.13584431631048
 20
379.31860944003756
 10
173.13584431631048
 20
379.57575229718043
 10
173.13584431631048
 20
379.8328951543233
 10
173.13584431631048
 20
380.09003801146616
 10
173.13584431631048
 20
380.34718086860903
 10
173.13584431631048
 20
380.6043237257519
  0
LINE
  5
344
330
17
100
AcDbEntity
  8
02-OCULTA
100
AcDbLine
 10
173.23584431631048
 20
371.8043237257519
 30
0.0
 11
173.68584431631047
 21
371.8043237257519
 31
0.0
  0
LWPOLYLINE
  5
345
330
17
100
AcDbEntity
  8
02-OCULTA
100
AcDbPolyline
 90
57
 70
0
 10
173.23584431631048
 20
371.8043237257519
 10
173.23584431631048
 20
372.0543237257519
 10
173.23584431631048
 20
372.3043237257519
 10
173.23584431631048
 20
372.5543237257519
 10
173.23584431631048
 20
372.8043237257519
 10
173.23584431631048
 20
373.0543237257519
 10
173.23584431631048
 20
373.3043237257519
 10
173.23584431631048
 20
373.5543237257519
 10
173.23584431631048
 20
373.8043237257519
 10
173.23584431631048
 20
374.0543237257519
 10
173.23584431631048
 20
374.3043237257519
 10
173.23584431631048
 20
374.5543237257519
 10
173.23584431631048
 20
374.8043237257519
 10
173.23584431631048
 20
375.0543237257519
 10
173.23584431631048
 20
375.3043237257519
 10
173.23584431631048
 20
375.5543237257519
 10
173.23584431631048
 20
375.8043237257519
 10
173.23584431631048
 20
376.0543237257519
 10
173.23584431631048
 20
376.3043237257519
 10
173.23584431631048
 20
376.5543237257519
 10
173.23584431631048
 20
376.8043237257519
 10
173.23584431631048
 20
377.0543237257519
 10
173.23584431631048
 20
377.3043237257519
 10
173.23584431631048
 20
377.5543237257519
 10
173.23584431631048
 20
377.8043237257519
 10
173.23584431631048
 20
378.0543237257519
 10
173.23584431631048
 20
378.3043237257519
 10
173.23584431631048
 20
378.5543237257519
 10
173.23584431631048
 20
378.8043237257519
 10
173.23584431631048
 20
379.0543237257519
 10
173.23584431631048
 20
379.3043237257519
 10
173.23584431631048
 20
379.5543237257519
 10
173.23584431631048
 20
379.8043237257519
 10
173.23584431631048
 20
380.0543237257519
 10
173.23584431631048
 20
380.3043237257519
 10
173.23584431631048
 20
380.5543237257519
 10
173.23584431631048
 20
380.8043237257519
 10
173.23584431631048
 20
381.0543237257519
 10
173.23584431631048
 20
381.3043237257519
 10
173.23584431631048
 20
381.5543237257519
 10
173.23584431631048
 20
381.8043237257519
 10
173.23584431631048
 20
382.0543237257519
 10
173.23584431631048
 20
382.3043237257519
 10
173.23584431631048
 20
382.5543237257519
 10
173.23584431631048
 20
382.8043237257519
 10
173.23584431631048
 20
383.0543237257519
 10
173.23584431631048
 20
383.3043237257519
 10
173.23584431631048
 20
383.5543237257519
 10
173.23584431631048
 20
383.8043237257519
 10
173.23584431631048
 20
384.0543237257519
 10
173.23584431631048
 20
384.3043237257519
 10
173.23584431631048
 20
384.5543237257519
 10
173.23584431631048
 20
384.8043237257519
 10
173.23584431631048
 20
385.0543237257519
 10
173.23584431631048
 20
385.3043237257519
 10
173.23584431631048
 20
385.5543237257519
 10
173.23584431631048
 20
385.8043237257519
  0
LWPOLYLINE
  5
346
330
17
100
AcDbEntity
  8
02-OCULTA
100
AcDbPolyline
 90
57
 70
0
 10
177.63584431631048
 20
371.8043237257519
 10
177.63584431631048
 20
372.0543237257519
 10
177.63584431631048
 20
372.3043237257519
 10
177.63584431631048
 20
372.5543237257519
 10
177.63584431631048
 20
372.8043237257519
 10
177.63584431631048
 20
373.0543237257519
 10
177.63584431631048
 20
373.3043237257519
 10
177.63584431631048
 20
373.5543237257519
 10
177.63584431631048
 20
373.8043237257519
 10
177.63584431631048
 20
374.0543237257519
 10
177.63584431631048
 20
374.3043237257519
 10
177.63584431631048
 20
374.5543237257519
 10
177.63584431631048
 20
374.8043237257519
 10
177.63584431631048
 20
375.0543237257519
 10
177.63584431631048
 20
375.3043237257519
 10
177.63584431631048
 20
375.5543237257519
 10
177.63584431631048
 20
375.8043237257519
 10
177.63584431631048
 20
376.0543237257519
 10
177.63584431631048
 20
376.3043237257519
 10
177.63584431631048
 20
376.5543237257519
 10
177.63584431631048
 20
376.8043237257519
 10
177.63584431631048
 20
377.0543237257519
 10
177.63584431631048
 20
377.3043237257519
 10
177.63584431631048
 20
377.5543237257519
 10
177.63584431631048
 20
377.8043237257519
 10
177.63584431631048
 20
378.0543237257519
 10
177.63584431631048
 20
378.3043237257519
 10
177.63584431631048
 20
378.5543237257519
 10
177.63584431631048
 20
378.8043237257519
 10
177.63584431631048
 20
379.0543237257519
 10
177.63584431631048
 20
379.3043237257519
 10
177.63584431631048
 20
379.5543237257519
 10
177.63584431631048
 20
379.8043237257519
 10
177.63584431631048
 20
380.0543237257519
 10
177.63584431631048
 20
380.3043237257519
 10
177.63584431631048
 20
380.5543237257519
 10
177.63584431631048
 20
380.8043237257519
 10
177.63584431631048
 20
381.0543237257519
 10
177.63584431631048
 20
381.3043237257519
 10
177.63584431631048
 20
381.5543237257519
 10
177.63584431631048
 20
381.8043237257519
 10
177.63584431631048
 20
382.0543237257519
 10
177.63584431631048
 20
382.3043237257519
 10
177.63584431631048
 20
382.5543237257519
 10
177.63584431631048
 20
382.8043237257519
 10
177.63584431631048
 20
383.0543237257519
 10
177.63584431631048
 20
383.3043237257519
 10
177.63584431631048
 20
383.5543237257519
 10
177.63584431631048
 20
383.8043237257519
 10
177.63584431631048
 20
384.0543237257519
 10
177.63584431631048
 20
384.3043237257519
 10
177.63584431631048
 20
384.5543237257519
 10
177.63584431631048
 20
384.8043237257519
 10
177.63584431631048
 20
385.0543237257519
 10
177.63584431631048
 20
385.3043237257519
 10
177.63584431631048
 20
385.5543237257519
 10
177.63584431631048
 20
385.8043237257519
  0
LWPOLYLINE
  5
347
330
17
100
AcDbEntity
  8
02-OCULTA
100
AcDbPolyline
 90
49
 70
0
 10
177.63584431631048
 20
384.8443237257519
 10
177.63584431631048
 20
384.59265705908524
 10
177.63584431631048
 20
384.3409903924186
 10
177.63584431631048
 20
384.0893237257519
 10
177.63584431631048
 20
383.83765705908525
 10
177.63584431631048
 20
383.5859903924186
 10
177.63584431631048
 20
383.3343237257519
 10
177.63584431631048
 20
383.08265705908525
 10
177.63584431631048
 20
382.8309903924186
 10
177.63584431631048
 20
382.5793237257519
 10
177.63584431631048
 20
382.32765705908525
 10
177.63584431631048
 20
382.0759903924186
 10
177.63584431631048
 20
381.8243237257519
 10
177.63584431631048
 20
381.5726570590852
 10
177.63584431631048
 20
381.32099039241854
 10
177.63584431631048
 20
381.0693237257519
 10
177.63584431631048
 20
380.8176570590852
 10
177.63584431631048
 20
380.56599039241854
 10
177.63584431631048
 20
380.3143237257519
 10
177.63584431631048
 20
380.0626570590852
 10
177.63584431631048
 20
379.81099039241855
 10
177.63584431631048
 20
379.5593237257519
 10
177.63584431631048
 20
379.3076570590852
 10
177.63584431631048
 20
379.05599039241855
 10
177.63584431631048
 20
378.8043237257519
 10
177.63584431631048
 20
378.5526570590852
 10
177.63584431631048
 20
378.30099039241856
 10
177.63584431631048
 20
378.0493237257519
 10
177.63584431631048
 20
377.7976570590852
 10
177.63584431631048
 20
377.54599039241856
 10
177.63584431631048
 20
377.2943237257519
 10
177.63584431631048
 20
377.04265705908523
 10
177.63584431631048
 20
376.79099039241856
 10
177.63584431631048
 20
376.5393237257519
 10
177.63584431631048
 20
376.28765705908523
 10
177.63584431631048
 20
376.03599039241857
 10
177.63584431631048
 20
375.78432372575185
 10
177.63584431631048
 20
375.53265705908524
 10
177.63584431631048
 20
375.2809903924185
 10
177.63584431631048
 20
375.02932372575185
 10
177.63584431631048
 20
374.7776570590852
 10
177.63584431631048
 20
374.5259903924185
 10
177.63584431631048
 20
374.27432372575186
 10
177.63584431631048
 20
374.0226570590852
 10
177.63584431631048
 20
373.7709903924185
 10
177.63584431631048
 20
373.51932372575186
 10
177.63584431631048
 20
373.2676570590852
 10
177.63584431631048
 20
373.01599039241853
 10
177.63584431631048
 20
372.76432372575186
  0
LWPOLYLINE
  5
348
330
17
100
AcDbEntity
  8
02-OCULTA
100
AcDbPolyline
 90
49
 70
0
 10
177.63584431631048
 20
372.76432372575186
 10
177.63584431631048
 20
373.01599039241853
 10
177.63584431631048
 20
373.2676570590852
 10
177.63584431631048
 20
373.51932372575186
 10
177.63584431631048
 20
373.7709903924185
 10
177.63584431631048
 20
374.0226570590852
 10
177.63584431631048
 20
374.27432372575186
 10
177.63584431631048
 20
374.5259903924185
 10
177.63584431631048
 20
374.7776570590852
 10
177.63584431631048
 20
375.02932372575185
 10
177.63584431631048
 20
375.2809903924185
 10
177.63584431631048
 20
375.5326570590852
 10
177.63584431631048
 20
375.78432372575185
 10
177.63584431631048
 20
376.0359903924185
 10
177.63584431631048
 20
376.28765705908523
 10
177.63584431631048
 20
376.5393237257519
 10
177.63584431631048
 20
376.79099039241856
 10
177.63584431631048
 20
377.04265705908523
 10
177.63584431631048
 20
377.2943237257519
 10
177.63584431631048
 20
377.54599039241856
 10
177.63584431631048
 20
377.7976570590852
 10
177.63584431631048
 20
378.0493237257519
 10
177.63584431631048
 20
378.30099039241856
 10
177.63584431631048
 20
378.5526570590852
 10
177.63584431631048
 20
378.8043237257519
 10
177.63584431631048
 20
379.05599039241855
 10
177.63584431631048
 20
379.3076570590852
 10
177.63584431631048
 20
379.5593237257519
 10
177.63584431631048
 20
379.81099039241855
 10
177.63584431631048
 20
380.0626570590852
 10
177.63584431631048
 20
380.3143237257519
 10
177.63584431631048
 20
380.56599039241854
 10
177.63584431631048
 20
380.8176570590852
 10
177.63584431631048
 20
381.0693237257519
 10
177.63584431631048
 20
381.32099039241854
 10
177.63584431631048
 20
381.5726570590852
 10
177.63584431631048
 20
381.8243237257519
 10
177.63584431631048
 20
382.0759903924186
 10
177.63584431631048
 20
382.32765705908525
 10
177.63584431631048
 20
382.5793237257519
 10
177.63584431631048
 20
382.8309903924186
 10
177.63584431631048
 20
383.08265705908525
 10
177.63584431631048
 20
383.3343237257519
 10
177.63584431631048
 20
383.5859903924186
 10
177.63584431631048
 20
383.83765705908525
 10
177.63584431631048
 20
384.0893237257519
 10
177.63584431631048
 20
384.3409903924186
 10
177.63584431631048
 20
384.59265705908524
 10
177.63584431631048
 20
384.8443237257519
  0
LINE
  5
349
330
17
100
AcDbEntity
  8
02-OCULTA
100
AcDbLine
 10
169.23584431631048
 20
379.7520868892599
 30
0.0
 11
169.23584431631048
 21
381.3433219218491
 31
0.0
  0
LINE
  5
34A
330
17
100
AcDbEntity
  8
02-OCULTA
100
AcDbLine
 10
169.23584431631048
 20
381.3433219218491
 30
0.0
 11
161.23584431631048
 21
381.3433219218491
 31
0.0
  0
LINE
  5
34B
330
17
100
AcDbEntity
  8
02-OCULTA
100
AcDbLine
 10
161.23584431631048
 20
379.7520868892599
 30
0.0
 11
161.23584431631048
 21
381.3433219218491
 31
0.0
  0
LINE
  5
34C
330
17
100
AcDbEntity
  8
02-OCULTA
100
AcDbLine
 10
169.23584431631048
 20
379.7520868892599
 30
0.0
 11
161.23584431631048
 21
379.7520868892599
 31
0.0
  0
LINE
  5
34D
330
17
100
AcDbEntity
  8
02-OCULTA
100
AcDbLine
 10
169.23584431631048
 20
378.3699985152124
 30
0.0
 11
169.23584431631048
 21
379.9612335478016
 31
0.0
  0
LINE
  5
34E
330
17
100
AcDbEntity
  8
02-OCULTA
100
AcDbLine
 10
169.23584431631048
 20
379.9612335478016
 30
0.0
 11
161.23584431631048
 21
379.9612335478016
 31
0.0
  0
LINE
  5
34F
330
17
100
AcDbEntity
  8
02-OCULTA
100
AcDbLine
 10
161.23584431631048
 20
378.3699985152124
 30
0.0
 11
161.23584431631048
 21
379.9612335478016
 31
0.0
  0
LINE
  5
350
330
17
100
AcDbEntity
  8
02-OCULTA
100
AcDbLine
 10
169.23584431631048
 20
378.3699985152124
 30
0.0
 11
161.23584431631048
 21
378.3699985152124
 31
0.0
  0
LINE
  5
351
330
17
100
AcDbEntity
  8
02-OCULTA
100
AcDbLine
 10
169.23584431631048
 20
379.7520868892599
 30
0.0
 11
169.23584431631048
 21
378.3699985152124
 31
0.0
  0
LINE
  5
352
330
17
100
AcDbEntity
  8
02-OCULTA
100
AcDbLine
 10
169.23584431631048
 20
381.3433219218491
 30
0.0
 11
169.23584431631048
 21
379.9612335478016
 31
0.0
  0
LINE
  5
353
330
17
100
AcDbEntity
  8
02-OCULTA
100
AcDbLine
 10
161.23584431631048
 20
379.7520868892599
 30
0.0
 11
161.23584431631048
 21
378.3699985152124
 31
0.0
  0
LINE
  5
354
330
17
100
AcDbEntity
  8
02-OCULTA
100
AcDbLine
 10
161.23584431631048
 20
381.3433219218491
 30
0.0
 11
161.23584431631048
 21
379.9612335478016
 31
0.0
  0
LINE
  5
355
330
17
100
AcDbEntity
  8
02-OCULTA
100
AcDbLine
 10
169.23584431631048
 20
388.4119261573739
 30
0.0
 11
169.23584431631048
 21
390.0
 31
0.0
  0
LINE
  5
356
330
17
100
AcDbEntity
  8
02-OCULTA
100
AcDbLine
 10
161.23584431631048
 20
388.4119261573739
 30
0.0
 11
161.23584431631048
 21
390.0
 31
0.0
  0
LINE
  5
357
330
17
100
AcDbEntity
  8
02-OCULTA
100
AcDbLine
 10
169.23584431631048
 20
388.4119261573739
 30
0.0
 11
161.23584431631048
 21
388.4119261573739
 31
0.0
  0
LINE
  5
358
330
17
100
AcDbEntity
  8
02-OCULTA
100
AcDbLine
 10
169.23584431631048
 20
384.75314953486213
 30
0.0
 11
169.23584431631048
 21
388.4119261573739
 31
0.0
  0
LINE
  5
359
330
17
100
AcDbEntity
  8
02-OCULTA
100
AcDbLine
 10
161.23584431631048
 20
384.75314953486213
 30
0.0
 11
161.23584431631048
 21
388.4119261573739
 31
0.0
  0
LWPOLYLINE
  5
35A
330
17
100
AcDbEntity
  8
02-OCULTA
100
AcDbPolyline
 90
10
 70
0
 10
158.0358443163105
 20
385.1531495348621
 10
158.0358443163105
 20
384.88648286819546
 10
158.0358443163105
 20
384.6198162015288
 10
158.0358443163105
 20
384.35314953486215
 10
158.0358443163105
 20
384.0864828681955
 10
158.0358443163105
 20
383.81981620152885
 10
158.0358443163105
 20
383.55314953486214
 10
158.0358443163105
 20
383.2864828681955
 10
158.0358443163105
 20
383.0198162015288
 10
158.0358443163105
 20
382.75314953486213
  0
LINE
  5
35B
330
17
100
AcDbEntity
  8
02-OCULTA
100
AcDbLine
 10
169.23584431631048
 20
385.1531495348621
 30
0.0
 11
161.23584431631048
 21
385.1531495348621
 31
0.0
  0
LWPOLYLINE
  5
35C
330
17
100
AcDbEntity
  8
02-OCULTA
100
AcDbPolyline
 90
10
 70
0
 10
172.43584431631047
 20
385.1531495348621
 10
172.43584431631047
 20
384.88648286819546
 10
172.43584431631047
 20
384.6198162015288
 10
172.43584431631047
 20
384.35314953486215
 10
172.43584431631047
 20
384.0864828681955
 10
172.43584431631047
 20
383.81981620152885
 10
172.43584431631047
 20
383.55314953486214
 10
172.43584431631047
 20
383.2864828681955
 10
172.43584431631047
 20
383.0198162015288
 10
172.43584431631047
 20
382.75314953486213
  0
LWPOLYLINE
  5
35D
330
17
100
AcDbEntity
  8
02-OCULTA
100
AcDbPolyline
 90
7
 70
0
 10
165.23584431631048
 20
384.75314953486213
 10
164.9691776496438
 20
384.75314953486213
 10
164.70251098297715
 20
384.75314953486213
 10
164.43584431631047
 20
384.75314953486213
 10
164.1691776496438
 20
384.75314953486213
 10
163.90251098297713
 20
384.75314953486213
 10
163.63584431631048
 20
384.75314953486213
  0
LWPOLYLINE
  5
35E
330
17
100
AcDbEntity
  8
02-OCULTA
100
AcDbPolyline
 90
13
 70
0
 10
163.63584431631048
 20
384.75314953486213
 10
163.90251098297713
 20
384.75314953486213
 10
164.1691776496438
 20
384.75314953486213
 10
164.43584431631047
 20
384.75314953486213
 10
164.70251098297715
 20
384.75314953486213
 10
164.9691776496438
 20
384.75314953486213
 10
165.23584431631048
 20
384.75314953486213
 10
165.50251098297716
 20
384.75314953486213
 10
165.7691776496438
 20
384.75314953486213
 10
166.0358443163105
 20
384.75314953486213
 10
166.30251098297714
 20
384.75314953486213
 10
166.56917764964382
 20
384.75314953486213
 10
166.83584431631047
 20
384.75314953486213
  0
LWPOLYLINE
  5
35F
330
17
100
AcDbEntity
  8
02-OCULTA
100
AcDbPolyline
 90
7
 70
0
 10
166.83584431631047
 20
384.75314953486213
 10
166.56917764964382
 20
384.75314953486213
 10
166.30251098297714
 20
384.75314953486213
 10
166.0358443163105
 20
384.75314953486213
 10
165.7691776496438
 20
384.75314953486213
 10
165.50251098297716
 20
384.75314953486213
 10
165.23584431631048
 20
384.75314953486213
  0
LWPOLYLINE
  5
360
330
17
100
AcDbEntity
  8
02-OCULTA
100
AcDbPolyline
 90
7
 70
0
 10
165.23584431631048
 20
383.0531495348622
 10
164.9691776496438
 20
383.0531495348622
 10
164.70251098297715
 20
383.0531495348622
 10
164.43584431631047
 20
383.0531495348622
 10
164.1691776496438
 20
383.0531495348622
 10
163.90251098297713
 20
383.0531495348622
 10
163.63584431631048
 20
383.0531495348622
  0
LWPOLYLINE
  5
361
330
17
100
AcDbEntity
  8
02-OCULTA
100
AcDbPolyline
 90
13
 70
0
 10
163.63584431631048
 20
383.0531495348622
 10
163.90251098297713
 20
383.0531495348622
 10
164.1691776496438
 20
383.0531495348622
 10
164.43584431631047
 20
383.0531495348622
 10
164.70251098297715
 20
383.0531495348622
 10
164.9691776496438
 20
383.0531495348622
 10
165.23584431631048
 20
383.0531495348622
 10
165.50251098297716
 20
383.0531495348622
 10
165.7691776496438
 20
383.0531495348622
 10
166.0358443163105
 20
383.0531495348622
 10
166.30251098297714
 20
383.0531495348622
 10
166.56917764964382
 20
383.0531495348622
 10
166.83584431631047
 20
383.0531495348622
  0
LWPOLYLINE
  5
362
330
17
100
AcDbEntity
  8
02-OCULTA
100
AcDbPolyline
 90
7
 70
0
 10
166.83584431631047
 20
383.0531495348622
 10
166.56917764964382
 20
383.0531495348622
 10
166.30251098297714
 20
383.0531495348622
 10
166.0358443163105
 20
383.0531495348622
 10
165.7691776496438
 20
383.0531495348622
 10
165.50251098297716
 20
383.0531495348622
 10
165.23584431631048
 20
383.0531495348622
  0
LINE
  5
363
330
17
100
AcDbEntity
  8
02-OCULTA
100
AcDbLine
 10
175.63584431631048
 20
383.79314953486215
 30
0.0
 11
173.23584431631048
 21
383.79314953486215
 31
0.0
  0
LINE
  5
364
330
17
100
AcDbEntity
  8
02-OCULTA
100
AcDbLine
 10
172.43584431631047
 20
383.79314953486215
 30
0.0
 11
158.0358443163105
 21
383.79314953486215
 31
0.0
  0
LWPOLYLINE
  5
365
330
17
100
AcDbEntity
  8
02-OCULTA
100
AcDbPolyline
 90
7
 70
0
 10
175.63584431631048
 20
383.69981620152885
 10
175.63584431631048
 20
383.7153717570844
 10
175.63584431631048
 20
383.73092731263995
 10
175.63584431631048
 20
383.74648286819547
 10
175.63584431631048
 20
383.76203842375105
 10
175.63584431631048
 20
383.77759397930663
 10
175.63584431631048
 20
383.79314953486215
  0
LWPOLYLINE
  5
366
330
17
100
AcDbEntity
  8
02-OCULTA
100
AcDbPolyline
 90
7
 70
0
 10
175.63584431631048
 20
383.69981620152987
 10
175.48670077845088
 20
383.6765009893824
 10
175.35080543891186
 20
383.6105617889533
 10
175.2371210794415
 20
383.5109528316846
 10
175.15071844540273
 20
383.3868662853114
 10
175.09544710219149
 20
383.24612679242676
 10
175.0758443178393
 20
383.0962606484268
  0
LWPOLYLINE
  5
367
330
17
100
AcDbEntity
  8
02-OCULTA
100
AcDbPolyline
 90
7
 70
0
 10
175.0758443178393
 20
383.0962606484268
 10
175.09442971049623
 20
382.95602954508604
 10
175.1512357775651
 20
382.8265663489853
 10
175.24316090900928
 20
382.71915054577784
 10
175.36126602762275
 20
382.6412806154848
 10
175.49506019946475
 20
382.59504879579947
 10
175.63584431631048
 20
382.57981620152896
  0
LWPOLYLINE
  5
368
330
17
100
AcDbEntity
  8
02-OCULTA
100
AcDbPolyline
 90
7
 70
0
 10
175.63584431631048
 20
382.57981620152884
 10
175.63584431631048
 20
382.5687050904177
 10
175.63584431631048
 20
382.5575939793066
 10
175.63584431631048
 20
382.54648286819554
 10
175.63584431631048
 20
382.53537175708436
 10
175.63584431631048
 20
382.5242606459733
 10
175.63584431631048
 20
382.5131495348622
  0
LWPOLYLINE
  5
369
330
17
100
AcDbEntity
  8
02-OCULTA
100
AcDbPolyline
 90
7
 70
0
 10
175.63584431631048
 20
382.5131495348622
 10
175.63584431631048
 20
382.5242606459733
 10
175.63584431631048
 20
382.53537175708436
 10
175.63584431631048
 20
382.54648286819554
 10
175.63584431631048
 20
382.5575939793066
 10
175.63584431631048
 20
382.5687050904177
 10
175.63584431631048
 20
382.57981620152884
  0
LWPOLYLINE
  5
36A
330
17
100
AcDbEntity
  8
02-OCULTA
100
AcDbPolyline
 90
7
 70
0
 10
175.63584431631048
 20
383.69981620152987
 10
175.48670077845088
 20
383.6765009893824
 10
175.35080543891186
 20
383.6105617889533
 10
175.2371210794415
 20
383.5109528316847
 10
175.15071844540273
 20
383.3868662853114
 10
175.09544710219149
 20
383.24612679242676
 10
175.07584431783934
 20
383.0962606484269
  0
LWPOLYLINE
  5
36B
330
17
100
AcDbEntity
  8
02-OCULTA
100
AcDbPolyline
 90
7
 70
0
 10
175.07584431783934
 20
383.0962606484269
 10
175.09442971049623
 20
382.95602954508604
 10
175.1512357775651
 20
382.8265663489853
 10
175.24316090900928
 20
382.71915054577784
 10
175.36126602762275
 20
382.6412806154848
 10
175.49506019946475
 20
382.59504879579947
 10
175.63584431631048
 20
382.57981620152896
  0
LWPOLYLINE
  5
36C
330
17
100
AcDbEntity
  8
02-OCULTA
100
AcDbPolyline
 90
7
 70
0
 10
175.63584431631048
 20
383.79314953486215
 10
175.63584431631048
 20
383.77759397930663
 10
175.63584431631048
 20
383.76203842375105
 10
175.63584431631048
 20
383.74648286819547
 10
175.63584431631048
 20
383.73092731263995
 10
175.63584431631048
 20
383.7153717570844
 10
175.63584431631048
 20
383.69981620152885
  0
LWPOLYLINE
  5
36D
330
17
100
AcDbEntity
  8
02-OCULTA
100
AcDbPolyline
 90
7
 70
0
 10
158.0358443163105
 20
383.79314953486215
 10
158.0358443163105
 20
383.57981620152884
 10
158.0358443163105
 20
383.3664828681955
 10
158.0358443163105
 20
383.15314953486217
 10
158.0358443163105
 20
382.93981620152886
 10
158.0358443163105
 20
382.7264828681955
 10
158.0358443163105
 20
382.5131495348622
  0
LWPOLYLINE
  5
36E
330
17
100
AcDbEntity
  8
02-OCULTA
100
AcDbPolyline
 90
7
 70
0
 10
158.0358443163105
 20
382.75314953486213
 10
158.0358443163105
 20
382.9264828681955
 10
158.0358443163105
 20
383.0998162015288
 10
158.0358443163105
 20
383.27314953486217
 10
158.0358443163105
 20
383.4464828681955
 10
158.0358443163105
 20
383.6198162015288
 10
158.0358443163105
 20
383.79314953486215
  0
LWPOLYLINE
  5
36F
330
17
100
AcDbEntity
  8
02-OCULTA
100
AcDbPolyline
 90
7
 70
0
 10
175.63584431631048
 20
383.69981620152885
 10
175.63584431631048
 20
383.7020384237511
 10
175.63584431631048
 20
383.70426064597325
 10
175.63584431631048
 20
383.7064828681955
 10
175.63584431631048
 20
383.70870509041777
 10
175.63584431631048
 20
383.7109273126399
 10
175.63584431631048
 20
383.71314953486217
  0
LWPOLYLINE
  5
370
330
17
100
AcDbEntity
  8
02-OCULTA
100
AcDbPolyline
 90
7
 70
0
 10
175.63584431631048
 20
383.71314953486217
 10
175.63584431631048
 20
383.7109273126399
 10
175.63584431631048
 20
383.70870509041777
 10
175.63584431631048
 20
383.7064828681955
 10
175.63584431631048
 20
383.70426064597325
 10
175.63584431631048
 20
383.7020384237511
 10
175.63584431631048
 20
383.69981620152885
  0
ARC
  5
371
330
17
100
AcDbEntity
  8
02-OCULTA
100
AcDbCircle
 10
175.63584431631048
 20
383.15314953486217
 30
0.0
 40
0.5599999999999999
100
AcDbArc
 50
-90.0
 51
90.0
  0
LWPOLYLINE
  5
372
330
17
100
AcDbEntity
  8
02-OCULTA
100
AcDbPolyline
 90
7
 70
0
 10
175.63584431631048
 20
382.57981620152884
 10
175.63584431631048
 20
382.5820384237511
 10
175.63584431631048
 20
382.58426064597325
 10
175.63584431631048
 20
382.5864828681955
 10
175.63584431631048
 20
382.58870509041776
 10
175.63584431631048
 20
382.5909273126399
 10
175.63584431631048
 20
382.59314953486216
  0
LWPOLYLINE
  5
373
330
17
100
AcDbEntity
  8
02-OCULTA
100
AcDbPolyline
 90
7
 70
0
 10
175.63584431631048
 20
382.59314953486216
 10
175.63584431631048
 20
382.5909273126399
 10
175.63584431631048
 20
382.58870509041776
 10
175.63584431631048
 20
382.5864828681955
 10
175.63584431631048
 20
382.58426064597325
 10
175.63584431631048
 20
382.5820384237511
 10
175.63584431631048
 20
382.57981620152884
  0
LWPOLYLINE
  5
374
330
17
100
AcDbEntity
  8
02-OCULTA
100
AcDbPolyline
 90
10
 70
0
 10
165.23584431631048
 20
364.2002032923948
 10
164.9691776496438
 20
364.2002032923948
 10
164.70251098297715
 20
364.2002032923948
 10
164.43584431631047
 20
364.2002032923948
 10
164.1691776496438
 20
364.2002032923948
 10
163.90251098297713
 20
364.2002032923948
 10
163.63584431631048
 20
364.2002032923948
 10
163.3691776496438
 20
364.2002032923948
 10
163.10251098297715
 20
364.2002032923948
 10
162.83584431631047
 20
364.2002032923948
  0
LWPOLYLINE
  5
375
330
17
100
AcDbEntity
  8
02-OCULTA
100
AcDbPolyline
 90
20
 70
0
 10
162.83584431631047
 20
364.2002032923948
 10
163.08847589525786
 20
364.2002032923948
 10
163.34110747420522
 20
364.2002032923948
 10
163.59373905315258
 20
364.2002032923948
 10
163.84637063209996
 20
364.2002032923948
 10
164.09900221104732
 20
364.2002032923948
 10
164.35163378999468
 20
364.2002032923948
 10
164.60426536894207
 20
364.2002032923948
 10
164.85689694788942
 20
364.2002032923948
 10
165.10952852683678
 20
364.2002032923948
 10
165.36216010578417
 20
364.2002032923948
 10
165.61479168473153
 20
364.2002032923948
 10
165.8674232636789
 20
364.2002032923948
 10
166.12005484262627
 20
364.2002032923948
 10
166.37268642157363
 20
364.2002032923948
 10
166.625318000521
 20
364.2002032923948
 10
166.87794957946838
 20
364.2002032923948
 10
167.13058115841574
 20
364.2002032923948
 10
167.3832127373631
 20
364.2002032923948
 10
167.63584431631048
 20
364.2002032923948
  0
LWPOLYLINE
  5
376
330
17
100
AcDbEntity
  8
02-OCULTA
100
AcDbPolyline
 90
10
 70
0
 10
167.63584431631048
 20
364.2002032923948
 10
167.3691776496438
 20
364.2002032923948
 10
167.10251098297715
 20
364.2002032923948
 10
166.83584431631047
 20
364.2002032923948
 10
166.56917764964382
 20
364.2002032923948
 10
166.30251098297714
 20
364.2002032923948
 10
166.0358443163105
 20
364.2002032923948
 10
165.7691776496438
 20
364.2002032923948
 10
165.50251098297716
 20
364.2002032923948
 10
165.23584431631048
 20
364.2002032923948
  0
LWPOLYLINE
  5
377
330
17
100
AcDbEntity
  8
02-OCULTA
100
AcDbPolyline
 90
10
 70
0
 10
165.23584431631048
 20
229.62520329239484
 10
164.9691776496438
 20
229.62520329239484
 10
164.70251098297715
 20
229.62520329239484
 10
164.43584431631047
 20
229.62520329239484
 10
164.1691776496438
 20
229.62520329239484
 10
163.90251098297713
 20
229.62520329239484
 10
163.63584431631048
 20
229.62520329239484
 10
163.3691776496438
 20
229.62520329239484
 10
163.10251098297715
 20
229.62520329239484
 10
162.83584431631047
 20
229.62520329239484
  0
LWPOLYLINE
  5
378
330
17
100
AcDbEntity
  8
02-OCULTA
100
AcDbPolyline
 90
20
 70
0
 10
162.83584431631047
 20
229.62520329239484
 10
163.08847589525786
 20
229.62520329239484
 10
163.34110747420522
 20
229.62520329239484
 10
163.59373905315258
 20
229.62520329239484
 10
163.84637063209996
 20
229.62520329239484
 10
164.09900221104732
 20
229.62520329239484
 10
164.35163378999468
 20
229.62520329239484
 10
164.60426536894207
 20
229.62520329239484
 10
164.85689694788942
 20
229.62520329239484
 10
165.10952852683678
 20
229.62520329239484
 10
165.36216010578417
 20
229.62520329239484
 10
165.61479168473153
 20
229.62520329239484
 10
165.8674232636789
 20
229.62520329239484
 10
166.12005484262627
 20
229.62520329239484
 10
166.37268642157363
 20
229.62520329239484
 10
166.625318000521
 20
229.62520329239484
 10
166.87794957946838
 20
229.62520329239484
 10
167.13058115841574
 20
229.62520329239484
 10
167.3832127373631
 20
229.62520329239484
 10
167.63584431631048
 20
229.62520329239484
  0
LWPOLYLINE
  5
379
330
17
100
AcDbEntity
  8
02-OCULTA
100
AcDbPolyline
 90
10
 70
0
 10
167.63584431631048
 20
229.62520329239484
 10
167.3691776496438
 20
229.62520329239484
 10
167.10251098297715
 20
229.62520329239484
 10
166.83584431631047
 20
229.62520329239484
 10
166.56917764964382
 20
229.62520329239484
 10
166.30251098297714
 20
229.62520329239484
 10
166.0358443163105
 20
229.62520329239484
 10
165.7691776496438
 20
229.62520329239484
 10
165.50251098297716
 20
229.62520329239484
 10
165.23584431631048
 20
229.62520329239484
  0
LWPOLYLINE
  5
37A
330
17
100
AcDbEntity
  8
02-OCULTA
100
AcDbPolyline
 90
8
 70
0
 10
165.23584431631048
 20
364.2002032923948
 10
164.9787014591676
 20
364.2002032923948
 10
164.72155860202477
 20
364.2002032923948
 10
164.4644157448819
 20
364.2002032923948
 10
164.20727288773904
 20
364.2002032923948
 10
163.9501300305962
 20
364.2002032923948
 10
163.69298717345333
 20
364.2002032923948
 10
163.43584431631047
 20
364.2002032923948
  0
LWPOLYLINE
  5
37B
330
17
100
AcDbEntity
  8
02-OCULTA
100
AcDbPolyline
 90
15
 70
0
 10
163.43584431631047
 20
364.2002032923948
 10
163.69298717345333
 20
364.2002032923948
 10
163.9501300305962
 20
364.2002032923948
 10
164.20727288773904
 20
364.2002032923948
 10
164.4644157448819
 20
364.2002032923948
 10
164.72155860202477
 20
364.2002032923948
 10
164.9787014591676
 20
364.2002032923948
 10
165.23584431631048
 20
364.2002032923948
 10
165.49298717345334
 20
364.2002032923948
 10
165.75013003059618
 20
364.2002032923948
 10
166.00727288773905
 20
364.2002032923948
 10
166.26441574488192
 20
364.2002032923948
 10
166.52155860202475
 20
364.2002032923948
 10
166.77870145916762
 20
364.2002032923948
 10
167.0358443163105
 20
364.2002032923948
  0
LWPOLYLINE
  5
37C
330
17
100
AcDbEntity
  8
02-OCULTA
100
AcDbPolyline
 90
8
 70
0
 10
167.0358443163105
 20
364.2002032923948
 10
166.77870145916762
 20
364.2002032923948
 10
166.52155860202475
 20
364.2002032923948
 10
166.26441574488192
 20
364.2002032923948
 10
166.00727288773905
 20
364.2002032923948
 10
165.75013003059618
 20
364.2002032923948
 10
165.49298717345334
 20
364.2002032923948
 10
165.23584431631048
 20
364.2002032923948
  0
LWPOLYLINE
  5
37D
330
17
100
AcDbEntity
  8
02-OCULTA
100
AcDbPolyline
 90
8
 70
0
 10
165.23584431631048
 20
229.62520329239484
 10
164.9787014591676
 20
229.62520329239484
 10
164.72155860202477
 20
229.62520329239484
 10
164.4644157448819
 20
229.62520329239484
 10
164.20727288773904
 20
229.62520329239484
 10
163.9501300305962
 20
229.62520329239484
 10
163.69298717345333
 20
229.62520329239484
 10
163.43584431631047
 20
229.62520329239484
  0
LWPOLYLINE
  5
37E
330
17
100
AcDbEntity
  8
02-OCULTA
100
AcDbPolyline
 90
15
 70
0
 10
163.43584431631047
 20
229.62520329239484
 10
163.69298717345333
 20
229.62520329239484
 10
163.9501300305962
 20
229.62520329239484
 10
164.20727288773904
 20
229.62520329239484
 10
164.4644157448819
 20
229.62520329239484
 10
164.72155860202477
 20
229.62520329239484
 10
164.9787014591676
 20
229.62520329239484
 10
165.23584431631048
 20
229.62520329239484
 10
165.49298717345334
 20
229.62520329239484
 10
165.75013003059618
 20
229.62520329239484
 10
166.00727288773905
 20
229.62520329239484
 10
166.26441574488192
 20
229.62520329239484
 10
166.52155860202475
 20
229.62520329239484
 10
166.77870145916762
 20
229.62520329239484
 10
167.0358443163105
 20
229.62520329239484
  0
LWPOLYLINE
  5
37F
330
17
100
AcDbEntity
  8
02-OCULTA
100
AcDbPolyline
 90
8
 70
0
 10
167.0358443163105
 20
229.62520329239484
 10
166.77870145916762
 20
229.62520329239484
 10
166.52155860202475
 20
229.62520329239484
 10
166.26441574488192
 20
229.62520329239484
 10
166.00727288773905
 20
229.62520329239484
 10
165.75013003059618
 20
229.62520329239484
 10
165.49298717345334
 20
229.62520329239484
 10
165.23584431631048
 20
229.62520329239484
  0
LINE
  5
380
330
17
100
AcDbEntity
  8
02-OCULTA
100
AcDbLine
 10
184.2858443163105
 20
231.00020329239484
 30
0.0
 11
184.2858443163105
 21
231.39051452674943
 31
0.0
  0
LINE
  5
381
330
17
100
AcDbEntity
  8
02-OCULTA
100
AcDbLine
 10
184.2858443163105
 20
231.50020329239484
 30
0.0
 11
184.2858443163105
 21
356.3752779440232
 31
0.0
  0
LINE
  5
382
330
17
100
AcDbEntity
  8
02-OCULTA
100
AcDbLine
 10
184.2858443163105
 20
356.48496574236964
 30
0.0
 11
184.2858443163105
 21
356.8752779440232
 31
0.0
  0
LINE
  5
383
330
17
100
AcDbEntity
  8
02-OCULTA
100
AcDbLine
 10
146.18584431631047
 20
231.00020329239484
 30
0.0
 11
146.18584431631047
 21
231.39051609581247
 31
0.0
  0
LINE
  5
384
330
17
100
AcDbEntity
  8
02-OCULTA
100
AcDbLine
 10
146.18584431631047
 20
356.48496574236964
 30
0.0
 11
146.18584431631047
 21
356.8752779440232
 31
0.0
  0
LINE
  5
385
330
17
100
AcDbEntity
  8
02-OCULTA
100
AcDbLine
 10
183.6608443163105
 20
231.00020329239484
 30
0.0
 11
183.6608443163105
 21
356.8752779440232
 31
0.0
  0
LINE
  5
386
330
17
100
AcDbEntity
  8
02-OCULTA
100
AcDbLine
 10
146.81084431631047
 20
231.00020329239484
 30
0.0
 11
146.81084431631047
 21
356.8752779440232
 31
0.0
  0
LWPOLYLINE
  5
387
330
17
100
AcDbEntity
  8
02-OCULTA
100
AcDbPolyline
 90
7
 70
0
 10
146.18584431631047
 20
356.8752779440232
 10
146.1869001604543
 20
356.94598878733535
 10
146.19048749690097
 20
357.016616585817
 10
146.19656068781785
 20
357.0870742964606
 10
146.20506843916556
 20
357.1572797758015
 10
146.21595451873807
 20
357.22715612046886
 10
146.2291584744962
 20
357.29663190997576
  0
LWPOLYLINE
  5
388
330
17
100
AcDbEntity
  8
02-OCULTA
100
AcDbPolyline
 90
7
 70
0
 10
184.2858443163105
 20
356.8752779440232
 10
184.2847884760414
 20
356.9459886697223
 10
184.28120115182128
 20
357.0166163510147
 10
184.27512798124025
 20
357.0870739453155
 10
184.26662025805985
 20
357.1572793095487
 10
184.2557342141791
 20
357.2271555406959
 10
184.24253030130677
 20
357.29663121858505
  0
LWPOLYLINE
  5
389
330
17
100
AcDbEntity
  8
02-OCULTA
100
AcDbPolyline
 90
7
 70
0
 10
158.73584431631048
 20
362.7502032923949
 10
158.53112161941397
 20
362.7263165286464
 10
158.3265195208228
 20
362.7014116903967
 10
158.12186871072473
 20
362.6769102657715
 10
157.91721159538199
 20
362.65246145308123
 10
157.71256938363067
 20
362.62788821285426
 10
157.50793997072978
 20
362.6032086148406
  0
LWPOLYLINE
  5
38A
330
17
100
AcDbEntity
  8
02-OCULTA
100
AcDbPolyline
 90
7
 70
0
 10
171.73584431631048
 20
362.7502032923949
 10
171.94056701320704
 20
362.72631652864686
 10
172.14516911179814
 20
362.70141169039675
 10
172.34981992189623
 20
362.6769102657714
 10
172.55447703723897
 20
362.6524614530813
 10
172.7591192489903
 20
362.6278882128543
 10
172.96374866189117
 20
362.60320861484064
  0
LWPOLYLINE
  5
38B
330
17
100
AcDbEntity
  8
02-OCULTA
100
AcDbPolyline
 90
32
 70
0
 10
165.23584431631048
 20
362.57053781043146
 10
164.98303579683912
 20
362.57053781043146
 10
164.7302272773678
 20
362.57053781043146
 10
164.47741875789643
 20
362.57053781043146
 10
164.22461023842507
 20
362.57053781043146
 10
163.9718017189537
 20
362.57053781043146
 10
163.71899319948238
 20
362.57053781043146
 10
163.46618468001103
 20
362.57053781043146
 10
163.21337616053967
 20
362.57053781043146
 10
162.96056764106834
 20
362.57053781043146
 10
162.70775912159698
 20
362.57053781043146
 10
162.45495060212562
 20
362.57053781043146
 10
162.2021420826543
 20
362.57053781043146
 10
161.94933356318293
 20
362.57053781043146
 10
161.69652504371157
 20
362.57053781043146
 10
161.44371652424022
 20
362.57053781043146
 10
161.1909080047689
 20
362.57053781043146
 10
160.93809948529753
 20
362.57053781043146
 10
160.68529096582617
 20
362.57053781043146
 10
160.43248244635484
 20
362.57053781043146
 10
160.17967392688348
 20
362.57053781043146
 10
159.92686540741212
 20
362.57053781043146
 10
159.67405688794076
 20
362.57053781043146
 10
159.42124836846943
 20
362.57053781043146
 10
159.16843984899808
 20
362.57053781043146
 10
158.91563132952672
 20
362.57053781043146
 10
158.6628228100554
 20
362.57053781043146
 10
158.41001429058403
 20
362.57053781043146
 10
158.15720577111267
 20
362.57053781043146
 10
157.90439725164134
 20
362.57053781043146
 10
157.65158873216998
 20
362.57053781043146
 10
157.39878021269863
 20
362.57053781043146
  0
LWPOLYLINE
  5
38C
330
17
100
AcDbEntity
  8
02-OCULTA
100
AcDbPolyline
 90
34
 70
0
 10
165.23584431631048
 20
362.53260495888276
 10
164.98485824762022
 20
362.53260495888276
 10
164.73387217892997
 20
362.53260495888276
 10
164.4828861102397
 20
362.53260495888276
 10
164.23190004154944
 20
362.53260495888276
 10
163.98091397285918
 20
362.53260495888276
 10
163.72992790416893
 20
362.53260495888276
 10
163.47894183547865
 20
362.53260495888276
 10
163.2279557667884
 20
362.53260495888276
 10
162.97696969809815
 20
362.53260495888276
 10
162.7259836294079
 20
362.53260495888276
 10
162.4749975607176
 20
362.53260495888276
 10
162.22401149202736
 20
362.53260495888276
 10
161.9730254233371
 20
362.53260495888276
 10
161.72203935464685
 20
362.53260495888276
 10
161.4710532859566
 20
362.53260495888276
 10
161.22006721726632
 20
362.53260495888276
 10
160.96908114857607
 20
362.53260495888276
 10
160.7180950798858
 20
362.53260495888276
 10
160.46710901119556
 20
362.53260495888276
 10
160.21612294250528
 20
362.53260495888276
 10
159.96513687381503
 20
362.53260495888276
 10
159.71415080512477
 20
362.53260495888276
 10
159.46316473643452
 20
362.53260495888276
 10
159.21217866774424
 20
362.53260495888276
 10
158.961192599054
 20
362.53260495888276
 10
158.71020653036373
 20
362.53260495888276
 10
158.45922046167348
 20
362.53260495888276
 10
158.20823439298323
 20
362.53260495888276
 10
157.95724832429295
 20
362.53260495888276
 10
157.7062622556027
 20
362.53260495888276
 10
157.45527618691244
 20
362.53260495888276
 10
157.2042901182222
 20
362.53260495888276
 10
156.9533040495319
 20
362.53260495888276
  0
LWPOLYLINE
  5
38D
330
17
100
AcDbEntity
  8
02-OCULTA
100
AcDbPolyline
 90
32
 70
0
 10
165.23584431631048
 20
362.57053781043146
 10
165.48865283578183
 20
362.57053781043146
 10
165.74146135525316
 20
362.57053781043146
 10
165.99426987472452
 20
362.57053781043146
 10
166.24707839419588
 20
362.57053781043146
 10
166.49988691366724
 20
362.57053781043146
 10
166.75269543313857
 20
362.57053781043146
 10
167.00550395260993
 20
362.57053781043146
 10
167.2583124720813
 20
362.57053781043146
 10
167.51112099155262
 20
362.57053781043146
 10
167.76392951102397
 20
362.57053781043146
 10
168.01673803049533
 20
362.57053781043146
 10
168.26954654996666
 20
362.57053781043146
 10
168.52235506943802
 20
362.57053781043146
 10
168.77516358890938
 20
362.57053781043146
 10
169.02797210838074
 20
362.57053781043146
 10
169.28078062785207
 20
362.57053781043146
 10
169.53358914732343
 20
362.57053781043146
 10
169.78639766679478
 20
362.57053781043146
 10
170.0392061862661
 20
362.57053781043146
 10
170.29201470573747
 20
362.57053781043146
 10
170.54482322520883
 20
362.57053781043146
 10
170.7976317446802
 20
362.57053781043146
 10
171.05044026415152
 20
362.57053781043146
 10
171.30324878362288
 20
362.57053781043146
 10
171.55605730309424
 20
362.57053781043146
 10
171.80886582256556
 20
362.57053781043146
 10
172.06167434203692
 20
362.57053781043146
 10
172.31448286150828
 20
362.57053781043146
 10
172.5672913809796
 20
362.57053781043146
 10
172.82009990045097
 20
362.57053781043146
 10
173.07290841992233
 20
362.57053781043146
  0
LWPOLYLINE
  5
38E
330
17
100
AcDbEntity
  8
02-OCULTA
100
AcDbPolyline
 90
34
 70
0
 10
165.23584431631048
 20
362.53260495888276
 10
165.48683038500073
 20
362.53260495888276
 10
165.737816453691
 20
362.53260495888276
 10
165.98880252238126
 20
362.53260495888276
 10
166.23978859107152
 20
362.53260495888276
 10
166.49077465976177
 20
362.53260495888276
 10
166.74176072845202
 20
362.53260495888276
 10
166.9927467971423
 20
362.53260495888276
 10
167.24373286583256
 20
362.53260495888276
 10
167.4947189345228
 20
362.53260495888276
 10
167.74570500321306
 20
362.53260495888276
 10
167.99669107190334
 20
362.53260495888276
 10
168.2476771405936
 20
362.53260495888276
 10
168.49866320928385
 20
362.53260495888276
 10
168.7496492779741
 20
362.53260495888276
 10
169.00063534666438
 20
362.53260495888276
 10
169.25162141535463
 20
362.53260495888276
 10
169.5026074840449
 20
362.53260495888276
 10
169.75359355273514
 20
362.53260495888276
 10
170.0045796214254
 20
362.53260495888276
 10
170.25556569011567
 20
362.53260495888276
 10
170.50655175880593
 20
362.53260495888276
 10
170.75753782749618
 20
362.53260495888276
 10
171.00852389618643
 20
362.53260495888276
 10
171.2595099648767
 20
362.53260495888276
 10
171.51049603356697
 20
362.53260495888276
 10
171.76148210225722
 20
362.53260495888276
 10
172.01246817094747
 20
362.53260495888276
 10
172.26345423963772
 20
362.53260495888276
 10
172.514440308328
 20
362.53260495888276
 10
172.76542637701826
 20
362.53260495888276
 10
173.0164124457085
 20
362.53260495888276
 10
173.26739851439876
 20
362.53260495888276
 10
173.51838458308904
 20
362.53260495888276
  0
LINE
  5
38F
330
17
100
AcDbEntity
  8
02-OCULTA
100
AcDbLine
 10
158.73584431631048
 20
362.7502032923949
 30
0.0
 11
158.73584431631048
 21
362.30959027323155
 31
0.0
  0
LINE
  5
390
330
17
100
AcDbEntity
  8
02-OCULTA
100
AcDbLine
 10
171.73584431631048
 20
362.7502032923949
 30
0.0
 11
171.73584431631048
 21
362.30959027323155
 31
0.0
  0
LWPOLYLINE
  5
391
330
17
100
AcDbEntity
  8
02-OCULTA
100
AcDbPolyline
 90
56
 70
0
 10
158.73584431631048
 20
362.30959027323155
 10
158.48317951169804
 20
362.2797775345369
 10
158.23068545109683
 20
362.2485516806493
 10
157.97836937220265
 20
362.21591884941927
 10
157.72623896451347
 20
362.1818811843209
 10
157.47430246800806
 20
362.1464367820155
 10
157.22256877271406
 20
362.1095796474218
 10
156.97104751977523
 20
362.07129965542975
 10
156.71974920468298
 20
362.031582518479
 10
156.46868528338405
 20
361.9904097593287
 10
156.21786828201422
 20
361.94775868845784
 10
155.96731191103996
 20
361.90360238566336
 10
155.71703118461224
 20
361.8579096855635
 10
155.46704254595292
 20
361.81064516686763
 10
155.21736399960034
 20
361.7617691454441
 10
154.9680152513384
 20
361.7112376714026
 10
154.7190178566192
 20
361.65900253060977
 10
154.4703953782617
 20
361.60501125127996
 10
154.2221735541666
 20
361.5492071165264
 10
153.97438047572285
 20
361.49152918402035
 10
153.72704677749726
 20
361.43191231419917
 10
153.48020583868077
 20
361.37028720877237
 10
153.23389399661593
 20
361.30658046161784
 10
152.9881507725386
 20
361.24071462451855
 10
152.74301910942356
 20
361.17260829057784
 10
152.49854562152518
 20
361.10217619855536
 10
152.2547808548353
 20
361.02932936178047
 10
152.01177955723477
 20
360.95397522572586
 10
151.76960095658148
 20
360.8760178587361
 10
151.52830904434592
 20
360.79535818079853
 10
151.28797286166875
 20
360.71189423559224
 10
151.04866678386713
 20
360.6255215113234
 10
150.8104707984545
 20
360.5361333160297
 10
150.57347077066996
 20
360.44362121306074
 10
150.33779280154587
 20
360.34779313004725
 10
150.1037727056414
 20
360.24798533892067
 10
149.8714764851416
 20
360.1442293339803
 10
149.641078678062
 20
360.0363244111919
 10
149.41279749212376
 20
359.9240122334555
 10
149.18690206331408
 20
359.8069772342342
 10
148.96372080891013
 20
359.68484795434006
 10
148.74365105824023
 20
359.55719961884097
 10
148.52717002836684
 20
359.42355850166894
 10
148.31484700000448
 20
359.2834089142531
 10
148.10735619213298
 20
359.136203975808
 10
147.90548927183363
 20
358.98138162950374
 10
147.71021945822474
 20
358.81832542572374
 10
147.52343234120653
 20
358.6456308144677
 10
147.34660161528086
 20
358.4627621910991
 10
147.18143169469295
 20
358.26930923979717
 10
147.03034410195974
 20
358.0646880156216
 10
146.89781898951924
 20
357.8476284179633
 10
146.79080797694604
 20
357.61697566957275
 10
146.70678428779757
 20
357.3769138230724
 10
146.65049722038253
 20
357.1290657182167
 10
146.63584431631048
 20
356.8752779440232
  0
LWPOLYLINE
  5
392
330
17
100
AcDbEntity
  8
02-OCULTA
100
AcDbPolyline
 90
56
 70
0
 10
171.73584431631048
 20
362.30959027323155
 10
171.9885091209229
 20
362.2797775345369
 10
172.24100318152412
 20
362.2485516806493
 10
172.4933192604183
 20
362.21591884941927
 10
172.74544966810748
 20
362.1818811843209
 10
172.9973861646129
 20
362.1464367820155
 10
173.2491198599069
 20
362.1095796474218
 10
173.50064111284573
 20
362.07129965542975
 10
173.75193942793797
 20
362.031582518479
 10
174.0030033492369
 20
361.9904097593287
 10
174.25382035060673
 20
361.94775868845784
 10
174.504376721581
 20
361.90360238566336
 10
174.75465744800871
 20
361.8579096855635
 10
175.00464608666803
 20
361.81064516686763
 10
175.25432463302062
 20
361.7617691454441
 10
175.50367338128254
 20
361.7112376714026
 10
175.75267077600176
 20
361.6590025306097
 10
176.00129325435924
 20
361.60501125127996
 10
176.24951507845435
 20
361.5492071165264
 10
176.4973081568981
 20
361.49152918402035
 10
176.74464185512366
 20
361.4319123141991
 10
176.99148279394018
 20
361.3702872087723
 10
177.23779463600502
 20
361.30658046161784
 10
177.48353786008235
 20
361.2407146245185
 10
177.72866952319737
 20
361.17260829057784
 10
177.97314301109577
 20
361.1021761985553
 10
178.21690777778565
 20
361.02932936178047
 10
178.45990907538618
 20
360.95397522572586
 10
178.70208767603947
 20
360.8760178587361
 10
178.94337958827504
 20
360.79535818079853
 10
179.1837157709522
 20
360.71189423559224
 10
179.42302184875385
 20
360.6255215113234
 10
179.66121783416648
 20
360.5361333160297
 10
179.898217861951
 20
360.44362121306074
 10
180.13389583107508
 20
360.34779313004725
 10
180.36791592697955
 20
360.24798533892067
 10
180.60021214747934
 20
360.1442293339803
 10
180.83060995455895
 20
360.0363244111919
 10
181.0588911404972
 20
359.9240122334555
 10
181.28478656930687
 20
359.8069772342342
 10
181.50796782371086
 20
359.68484795434006
 10
181.72803757438072
 20
359.55719961884097
 10
181.9445186042541
 20
359.42355850166894
 10
182.15684163261648
 20
359.2834089142531
 10
182.36433244048797
 20
359.136203975808
 10
182.56619936078732
 20
358.98138162950374
 10
182.7614691743962
 20
358.81832542572374
 10
182.94825629141442
 20
358.6456308144677
 10
183.1250870173401
 20
358.4627621910991
 10
183.290256937928
 20
358.26930923979717
 10
183.4413445306612
 20
358.0646880156216
 10
183.57386964310172
 20
357.8476284179633
 10
183.6808806556749
 20
357.61697566957275
 10
183.76490434482338
 20
357.3769138230724
 10
183.82119141223842
 20
357.1290657182167
 10
183.83584431631047
 20
356.8752779440232
  0
LWPOLYLINE
  5
393
330
17
100
AcDbEntity
  8
02-OCULTA
100
AcDbPolyline
 90
7
 70
0
 10
146.18584431631047
 20
231.00020329239484
 10
146.18580762146124
 20
230.93432593408022
 10
146.18625499717442
 20
230.86845000487799
 10
146.1870944225846
 20
230.80257787674296
 10
146.18830358129267
 20
230.73671150290903
 10
146.18992165108622
 20
230.67085394076486
 10
146.19204051721056
 20
230.60501066240664
  0
LWPOLYLINE
  5
394
330
17
100
AcDbEntity
  8
02-OCULTA
100
AcDbPolyline
 90
7
 70
0
 10
184.2858443163105
 20
231.00020329239484
 10
184.28588101115992
 20
230.93432593408022
 10
184.28543363544674
 20
230.86845000487796
 10
184.28459421003646
 20
230.8025778767429
 10
184.2833850513283
 20
230.73671150290897
 10
184.28176698153467
 20
230.6708539407648
 10
184.27964811541028
 20
230.60501066240658
  0
LWPOLYLINE
  5
395
330
17
100
AcDbEntity
  8
02-OCULTA
100
AcDbPolyline
 90
93
 70
0
 10
146.81084431631047
 20
231.00020329239484
 10
146.8163638141484
 20
230.74843736032855
 10
146.83263342166316
 20
230.49714215093258
 10
146.85964657674268
 20
230.24677599742034
 10
146.897259788675
 20
229.99778039713735
 10
146.94520148857467
 20
229.7505611395424
 10
147.00333728434845
 20
229.5055359523157
 10
147.07130843153422
 20
229.2630560251506
 10
147.1486713349004
 20
229.023409455833
 10
147.2351766889423
 20
228.7869090812544
 10
147.3304767831861
 20
228.5538106076633
 10
147.434175147747
 20
228.32432019470505
 10
147.54614889954343
 20
228.09875073077401
 10
147.66569129674005
 20
227.87710167963348
 10
147.79241972890213
 20
227.65948155220008
 10
147.92596047473688
 20
227.4459723151922
 10
148.0659524957393
 20
227.2366331184424
 10
148.21217583699774
 20
227.03159607350594
 10
148.36425439451688
 20
226.83086385193747
 10
148.52177093572675
 20
226.6343707542185
 10
148.68442067295763
 20
226.4421044567116
 10
148.851910048231
 20
226.25403714134416
 10
149.0239762837376
 20
226.07014539952345
 10
149.20047790955525
 20
225.89050594353466
 10
149.3810245493528
 20
225.71493360694626
 10
149.5653920195991
 20
225.5433778649849
 10
149.75336492921807
 20
225.37577930815797
 10
149.9447370910711
 20
225.21207095157902
 10
150.13939545837047
 20
225.05228313332407
 10
150.33712015487433
 20
224.89630611217098
 10
150.53770856086408
 20
224.74402990444403
 10
150.74100550392222
 20
224.59538860225507
 10
150.94686216163666
 20
224.4503118165723
 10
151.1551581179728
 20
224.3087582646346
 10
151.36581185522184
 20
224.1707377927256
 10
151.5786376845155
 20
224.0360915502731
 10
151.79352580022098
 20
223.90476164751945
 10
152.01037049443502
 20
223.77668744368333
 10
152.2290701931992
 20
223.6518059340776
 10
152.44958134820322
 20
223.53015114600143
 10
152.6717736499213
 20
223.41159521589427
 10
152.89555212864386
 20
223.29606144915863
 10
153.1208385716035
 20
223.18349613853132
 10
153.34755783258547
 20
223.07384441263386
 10
153.57565650884337
 20
222.9670910398885
 10
153.80507882536574
 20
222.86321289054735
 10
154.03573729626876
 20
222.76210988459226
 10
154.267580137512
 20
222.6637531878616
 10
154.5005565889871
 20
222.56811210472083
 10
154.73461698346352
 20
222.47515419940433
 10
154.96974935458678
 20
222.38494198870637
 10
155.20586663233505
 20
222.29734067615763
 10
155.44291328847942
 20
222.21228646225444
 10
155.6808363112764
 20
222.12971508115714
 10
155.91958614193854
 20
222.0495649192037
 10
156.15913011595808
 20
221.97181979334687
 10
156.3994244776548
 20
221.8964259957921
 10
156.640413805107
 20
221.8232844245416
 10
156.88207718944378
 20
221.7524020362017
 10
157.12441337551198
 20
221.6838549298046
 10
157.36742529992534
 20
221.61774297312812
 10
157.6111135659468
 20
221.5541696626177
 10
157.85544295135875
 20
221.49310775268071
 10
158.10039315162118
 20
221.43458633266903
 10
158.34593523444016
 20
221.3785996470718
 10
158.5919998902515
 20
221.324954221667
 10
158.83850451913406
 20
221.2733664106231
 10
159.08538693663135
 20
221.2236171710863
 10
159.33257701918006
 20
221.1754196996423
 10
159.58002398798618
 20
221.1285584581632
 10
159.8276817511582
 20
221.0828236597318
 10
160.0755308370417
 20
221.0381377254412
 10
160.32369048150343
 20
220.995214738807
 10
160.57230262578187
 20
220.95500097242765
 10
160.82146608185658
 20
220.91836285002285
 10
161.07116769078834
 20
220.8855960456912
 10
161.32133613983387
 20
220.8566085610309
 10
161.57188622135547
 20
220.83112407947823
 10
161.8227257589002
 20
220.80865099891608
 10
162.07376010769946
 20
220.78845976122506
 10
162.3248930287913
 20
220.76953186906798
 10
162.57607814676723
 20
220.7513063239733
 10
162.82727154938073
 20
220.73319484932864
 10
163.078397732114
 20
220.7141805638922
 10
163.32919295359727
 20
220.6913083309962
 10
163.47301784102274
 20
220.63607709746645
 10
163.72478787770677
 20
220.63033973629697
 10
163.97662223988434
 20
220.62803696960498
 10
164.22846417725893
 20
220.62674498575134
 10
164.48030838884802
 20
220.62597510792685
 10
164.73215341273104
 20
220.62549181494109
 10
164.98399885276692
 20
220.62531761861803
 10
165.23584431631048
 20
220.62520329239484
  0
LWPOLYLINE
  5
396
330
17
100
AcDbEntity
  8
02-OCULTA
100
AcDbPolyline
 90
93
 70
0
 10
183.6608443163105
 20
231.00020329239484
 10
183.65532481847256
 20
230.74843736032855
 10
183.6390552109578
 20
230.49714215093258
 10
183.61204205587828
 20
230.24677599742034
 10
183.57442884394595
 20
229.99778039713735
 10
183.52648714404629
 20
229.7505611395424
 10
183.4683513482725
 20
229.5055359523157
 10
183.40038020108673
 20
229.2630560251506
 10
183.32301729772055
 20
229.023409455833
 10
183.23651194367866
 20
228.7869090812544
 10
183.14121184943485
 20
228.5538106076633
 10
183.03751348487395
 20
228.32432019470505
 10
182.92553973307753
 20
228.09875073077401
 10
182.8059973358809
 20
227.87710167963348
 10
182.67926890371882
 20
227.65948155220008
 10
182.54572815788407
 20
227.4459723151922
 10
182.40573613688164
 20
227.2366331184424
 10
182.2595127956232
 20
227.03159607350594
 10
182.10743423810408
 20
226.83086385193747
 10
181.9499176968942
 20
226.6343707542185
 10
181.78726795966332
 20
226.4421044567116
 10
181.61977858438996
 20
226.25403714134416
 10
181.44771234888336
 20
226.07014539952345
 10
181.2712107230657
 20
225.89050594353466
 10
181.09066408326817
 20
225.71493360694626
 10
180.90629661302185
 20
225.5433778649849
 10
180.7183237034029
 20
225.37577930815797
 10
180.52695154154986
 20
225.21207095157902
 10
180.33229317425048
 20
225.05228313332407
 10
180.13456847774663
 20
224.89630611217098
 10
179.93398007175688
 20
224.74402990444403
 10
179.73068312869873
 20
224.59538860225507
 10
179.5248264709843
 20
224.4503118165723
 10
179.31653051464815
 20
224.3087582646346
 10
179.10587677739912
 20
224.1707377927256
 10
178.89305094810544
 20
224.0360915502731
 10
178.67816283239998
 20
223.90476164751945
 10
178.46131813818593
 20
223.77668744368333
 10
178.24261843942176
 20
223.6518059340776
 10
178.02210728441773
 20
223.53015114600143
 10
177.79991498269965
 20
223.41159521589427
 10
177.5761365039771
 20
223.29606144915863
 10
177.35085006101744
 20
223.18349613853132
 10
177.1241308000355
 20
223.07384441263386
 10
176.8960321237776
 20
222.9670910398885
 10
176.6666098072552
 20
222.86321289054735
 10
176.4359513363522
 20
222.76210988459226
 10
176.20410849510895
 20
222.6637531878616
 10
175.97113204363384
 20
222.56811210472083
 10
175.73707164915743
 20
222.47515419940433
 10
175.50193927803417
 20
222.38494198870637
 10
175.2658220002859
 20
222.29734067615763
 10
175.02877534414154
 20
222.21228646225444
 10
174.79085232134454
 20
222.12971508115714
 10
174.55210249068242
 20
222.0495649192037
 10
174.31255851666288
 20
221.97181979334687
 10
174.07226415496615
 20
221.8964259957921
 10
173.83127482751397
 20
221.8232844245416
 10
173.58961144317718
 20
221.7524020362017
 10
173.34727525710898
 20
221.6838549298046
 10
173.1042633326956
 20
221.61774297312812
 10
172.86057506667416
 20
221.5541696626177
 10
172.6162456812622
 20
221.49310775268071
 10
172.37129548099978
 20
221.43458633266903
 10
172.1257533981808
 20
221.3785996470718
 10
171.87968874236947
 20
221.324954221667
 10
171.6331841134869
 20
221.2733664106231
 10
171.3863016959896
 20
221.2236171710863
 10
171.1391116134409
 20
221.1754196996423
 10
170.89166464463477
 20
221.1285584581632
 10
170.64400688146276
 20
221.0828236597318
 10
170.39615779557926
 20
221.0381377254412
 10
170.14799815111752
 20
220.995214738807
 10
169.89938600683908
 20
220.95500097242765
 10
169.65022255076437
 20
220.91836285002285
 10
169.4005209418326
 20
220.8855960456912
 10
169.15035249278708
 20
220.8566085610309
 10
168.89980241126548
 20
220.83112407947823
 10
168.64896287372076
 20
220.80865099891608
 10
168.3979285249215
 20
220.78845976122506
 10
168.14679560382964
 20
220.76953186906798
 10
167.89561048585372
 20
220.7513063239733
 10
167.64441708324023
 20
220.73319484932864
 10
167.39329090050694
 20
220.7141805638922
 10
167.14249567902368
 20
220.6913083309962
 10
166.99867079159822
 20
220.63607709746645
 10
166.74690075491418
 20
220.63033973629697
 10
166.49506639273662
 20
220.62803696960498
 10
166.24322445536203
 20
220.62674498575134
 10
165.99138024377294
 20
220.62597510792685
 10
165.73953521988992
 20
220.62549181494109
 10
165.48768977985404
 20
220.62531761861803
 10
165.23584431631048
 20
220.62520329239484
  0
LINE
  5
397
330
17
100
AcDbEntity
  8
02-OCULTA
100
AcDbLine
 10
171.74084431631047
 20
361.80959027323155
 30
0.0
 11
171.74084431631047
 21
362.7502032923949
 31
0.0
  0
LINE
  5
398
330
17
100
AcDbEntity
  8
02-OCULTA
100
AcDbLine
 10
158.73084431631048
 20
361.80959027323155
 30
0.0
 11
158.73084431631048
 21
362.7502032923949
 31
0.0
  0
LINE
  5
399
330
17
100
AcDbEntity
  8
02-OCULTA
100
AcDbLine
 10
170.32984431631047
 20
361.80959027323155
 30
0.0
 11
170.32984431631047
 21
369.0002032923949
 31
0.0
  0
LINE
  5
39A
330
17
100
AcDbEntity
  8
02-OCULTA
100
AcDbLine
 10
160.14184431631048
 20
361.80959027323155
 30
0.0
 11
160.14184431631048
 21
369.0002032923949
 31
0.0
  0
LINE
  5
39B
330
17
100
AcDbEntity
  8
02-OCULTA
100
AcDbLine
 10
157.98584431631048
 20
362.7502032923949
 30
0.0
 11
157.98584431631048
 21
363.2502032923949
 31
0.0
  0
LWPOLYLINE
  5
39C
330
17
100
AcDbEntity
  8
02-OCULTA
100
AcDbPolyline
 90
75
 70
0
 10
165.23584431631048
 20
357.3752779440232
 10
164.982634856851
 20
357.3752779440232
 10
164.72942539739157
 20
357.3752779440232
 10
164.4762159379321
 20
357.3752779440232
 10
164.22300647847263
 20
357.3752779440232
 10
163.96979701901319
 20
357.3752779440232
 10
163.71658755955372
 20
357.3752779440232
 10
163.46337810009425
 20
357.3752779440232
 10
163.2101686406348
 20
357.3752779440232
 10
162.95695918117534
 20
357.3752779440232
 10
162.7037497217159
 20
357.3752779440232
 10
162.45054026225642
 20
357.3752779440232
 10
162.19733080279696
 20
357.3752779440232
 10
161.9441213433375
 20
357.3752779440232
 10
161.69091188387804
 20
357.3752779440232
 10
161.43770242441857
 20
357.3752779440232
 10
161.18449296495913
 20
357.3752779440232
 10
160.93128350549966
 20
357.3752779440232
 10
160.6780740460402
 20
357.3752779440232
 10
160.42486458658075
 20
357.3752779440232
 10
160.17165512712128
 20
357.3752779440232
 10
159.91844566766184
 20
357.3752779440232
 10
159.66523620820237
 20
357.3752779440232
 10
159.4120267487429
 20
357.3752779440232
 10
159.15881728928346
 20
357.3752779440232
 10
158.905607829824
 20
357.3752779440232
 10
158.65239837036452
 20
357.3752779440232
 10
158.39918891090508
 20
357.3752779440232
 10
158.1459794514456
 20
357.3752779440232
 10
157.89276999198614
 20
357.3752779440232
 10
157.6395605325267
 20
357.3752779440232
 10
157.38635107306723
 20
357.3752779440232
 10
157.13314161360776
 20
357.3752779440232
 10
156.87993215414832
 20
357.3752779440232
 10
156.62672269468885
 20
357.3752779440232
 10
156.37351323522938
 20
357.3752779440232
 10
156.12030377576994
 20
357.3752779440232
 10
155.86709431631047
 20
357.3752779440232
 10
155.61388485685103
 20
357.3752779440232
 10
155.36067539739156
 20
357.3752779440232
 10
155.1074659379321
 20
357.3752779440232
 10
154.85425647847265
 20
357.3752779440232
 10
154.60104701901318
 20
357.3752779440232
 10
154.3478375595537
 20
357.3752779440232
 10
154.09462810009427
 20
357.3752779440232
 10
153.8414186406348
 20
357.3752779440232
 10
153.58820918117533
 20
357.3752779440232
 10
153.3349997217159
 20
357.3752779440232
 10
153.08179026225642
 20
357.3752779440232
 10
152.82858080279695
 20
357.3752779440232
 10
152.5753713433375
 20
357.3752779440232
 10
152.32216188387804
 20
357.3752779440232
 10
152.06895242441857
 20
357.3752779440232
 10
151.81574296495913
 20
357.3752779440232
 10
151.56253350549966
 20
357.3752779440232
 10
151.30932404604022
 20
357.3752779440232
 10
151.05611458658075
 20
357.3752779440232
 10
150.80290512712128
 20
357.3752779440232
 10
150.54969566766184
 20
357.3752779440232
 10
150.29648620820237
 20
357.3752779440232
 10
150.0432767487429
 20
357.3752779440232
 10
149.79006728928346
 20
357.3752779440232
 10
149.536857829824
 20
357.3752779440232
 10
149.28364837036452
 20
357.3752779440232
 10
149.03043891090508
 20
357.3752779440232
 10
148.7772294514456
 20
357.3752779440232
 10
148.52401999198617
 20
357.3752779440232
 10
148.2708105325267
 20
357.3752779440232
 10
148.01760107306723
 20
357.3752779440232
 10
147.76439161360778
 20
357.3752779440232
 10
147.51118215414832
 20
357.3752779440232
 10
147.25797269468885
 20
357.3752779440232
 10
147.0047632352294
 20
357.3752779440232
 10
146.75155377576993
 20
357.3752779440232
 10
146.49834431631047
 20
357.3752779440232
  0
LWPOLYLINE
  5
39D
330
17
100
AcDbEntity
  8
02-OCULTA
100
AcDbPolyline
 90
75
 70
0
 10
165.23584431631048
 20
356.3752779440232
 10
164.982634856851
 20
356.3752779440232
 10
164.72942539739157
 20
356.3752779440232
 10
164.4762159379321
 20
356.3752779440232
 10
164.22300647847263
 20
356.3752779440232
 10
163.96979701901319
 20
356.3752779440232
 10
163.71658755955372
 20
356.3752779440232
 10
163.46337810009425
 20
356.3752779440232
 10
163.2101686406348
 20
356.3752779440232
 10
162.95695918117534
 20
356.3752779440232
 10
162.7037497217159
 20
356.3752779440232
 10
162.45054026225642
 20
356.3752779440232
 10
162.19733080279696
 20
356.3752779440232
 10
161.9441213433375
 20
356.3752779440232
 10
161.69091188387804
 20
356.3752779440232
 10
161.43770242441857
 20
356.3752779440232
 10
161.18449296495913
 20
356.3752779440232
 10
160.93128350549966
 20
356.3752779440232
 10
160.6780740460402
 20
356.3752779440232
 10
160.42486458658075
 20
356.3752779440232
 10
160.17165512712128
 20
356.3752779440232
 10
159.91844566766184
 20
356.3752779440232
 10
159.66523620820237
 20
356.3752779440232
 10
159.4120267487429
 20
356.3752779440232
 10
159.15881728928346
 20
356.3752779440232
 10
158.905607829824
 20
356.3752779440232
 10
158.65239837036452
 20
356.3752779440232
 10
158.39918891090508
 20
356.3752779440232
 10
158.1459794514456
 20
356.3752779440232
 10
157.89276999198614
 20
356.3752779440232
 10
157.6395605325267
 20
356.3752779440232
 10
157.38635107306723
 20
356.3752779440232
 10
157.13314161360776
 20
356.3752779440232
 10
156.87993215414832
 20
356.3752779440232
 10
156.62672269468885
 20
356.3752779440232
 10
156.37351323522938
 20
356.3752779440232
 10
156.12030377576994
 20
356.3752779440232
 10
155.86709431631047
 20
356.3752779440232
 10
155.61388485685103
 20
356.3752779440232
 10
155.36067539739156
 20
356.3752779440232
 10
155.1074659379321
 20
356.3752779440232
 10
154.85425647847265
 20
356.3752779440232
 10
154.60104701901318
 20
356.3752779440232
 10
154.3478375595537
 20
356.3752779440232
 10
154.09462810009427
 20
356.3752779440232
 10
153.8414186406348
 20
356.3752779440232
 10
153.58820918117533
 20
356.3752779440232
 10
153.3349997217159
 20
356.3752779440232
 10
153.08179026225642
 20
356.3752779440232
 10
152.82858080279695
 20
356.3752779440232
 10
152.5753713433375
 20
356.3752779440232
 10
152.32216188387804
 20
356.3752779440232
 10
152.06895242441857
 20
356.3752779440232
 10
151.81574296495913
 20
356.3752779440232
 10
151.56253350549966
 20
356.3752779440232
 10
151.30932404604022
 20
356.3752779440232
 10
151.05611458658075
 20
356.3752779440232
 10
150.80290512712128
 20
356.3752779440232
 10
150.54969566766184
 20
356.3752779440232
 10
150.29648620820237
 20
356.3752779440232
 10
150.0432767487429
 20
356.3752779440232
 10
149.79006728928346
 20
356.3752779440232
 10
149.536857829824
 20
356.3752779440232
 10
149.28364837036452
 20
356.3752779440232
 10
149.03043891090508
 20
356.3752779440232
 10
148.7772294514456
 20
356.3752779440232
 10
148.52401999198617
 20
356.3752779440232
 10
148.2708105325267
 20
356.3752779440232
 10
148.01760107306723
 20
356.3752779440232
 10
147.76439161360778
 20
356.3752779440232
 10
147.51118215414832
 20
356.3752779440232
 10
147.25797269468885
 20
356.3752779440232
 10
147.0047632352294
 20
356.3752779440232
 10
146.75155377576993
 20
356.3752779440232
 10
146.49834431631047
 20
356.3752779440232
  0
LWPOLYLINE
  5
39E
330
17
100
AcDbEntity
  8
02-OCULTA
100
AcDbPolyline
 90
7
 70
0
 10
184.2858443163105
 20
356.4849657423696
 10
184.2400418400938
 20
356.45234527009586
 10
184.19086665298568
 20
356.42507329302407
 10
184.13893989935366
 20
356.403496192063
 10
184.08491869502333
 20
356.3878862409156
 10
184.0294866241433
 20
356.37843915994637
 10
183.9733443163105
 20
356.3752779440232
  0
LWPOLYLINE
  5
39F
330
17
100
AcDbEntity
  8
02-OCULTA
100
AcDbPolyline
 90
7
 70
0
 10
184.24253030130677
 20
357.29663121858505
 10
184.20145931130685
 20
357.3202092283517
 10
184.15834148726972
 20
357.33979498084466
 10
184.11356392588138
 20
357.35521313191475
 10
184.06752876348654
 20
357.3663268327127
 10
184.0206488494434
 20
357.37303676241476
 10
183.973344305744
 20
357.3752779440232
  0
LWPOLYLINE
  5
3A0
330
17
100
AcDbEntity
  8
02-OCULTA
100
AcDbPolyline
 90
150
 70
0
 10
183.973344305744
 20
357.3752779440232
 10
183.72183423870084
 20
357.3752779440232
 10
183.47032417165767
 20
357.3752779440232
 10
183.2188141046145
 20
357.3752779440232
 10
182.9673040375713
 20
357.3752779440232
 10
182.71579397052813
 20
357.3752779440232
 10
182.46428390348495
 20
357.3752779440232
 10
182.21277383644178
 20
357.3752779440232
 10
181.96126376939858
 20
357.3752779440232
 10
181.7097537023554
 20
357.3752779440232
 10
181.45824363531224
 20
357.3752779440232
 10
181.20673356826904
 20
357.3752779440232
 10
180.95522350122587
 20
357.3752779440232
 10
180.7037134341827
 20
357.3752779440232
 10
180.45220336713953
 20
357.3752779440232
 10
180.20069330009636
 20
357.3752779440232
 10
179.94918323305316
 20
357.3752779440232
 10
179.69767316601
 20
357.3752779440232
 10
179.44616309896682
 20
357.3752779440232
 10
179.19465303192362
 20
357.3752779440232
 10
178.94314296488045
 20
357.3752779440232
 10
178.69163289783728
 20
357.3752779440232
 10
178.4401228307941
 20
357.3752779440232
 10
178.1886127637509
 20
357.3752779440232
 10
177.93710269670774
 20
357.3752779440232
 10
177.68559262966457
 20
357.3752779440232
 10
177.43408256262137
 20
357.3752779440232
 10
177.1825724955782
 20
357.3752779440232
 10
176.93106242853503
 20
357.3752779440232
 10
176.67955236149186
 20
357.3752779440232
 10
176.4280422944487
 20
357.3752779440232
 10
176.1765322274055
 20
357.3752779440232
 10
175.92502216036232
 20
357.3752779440232
 10
175.67351209331915
 20
357.3752779440232
 10
175.42200202627595
 20
357.3752779440232
 10
175.17049195923278
 20
357.3752779440232
 10
174.9189818921896
 20
357.3752779440232
 10
174.66747182514644
 20
357.3752779440232
 10
174.41596175810324
 20
357.3752779440232
 10
174.16445169106007
 20
357.3752779440232
 10
173.9129416240169
 20
357.3752779440232
 10
173.66143155697372
 20
357.3752779440232
 10
173.40992148993053
 20
357.3752779440232
 10
173.15841142288735
 20
357.3752779440232
 10
172.90690135584418
 20
357.3752779440232
 10
172.655391288801
 20
357.3752779440232
 10
172.4038812217578
 20
357.3752779440232
 10
172.15237115471464
 20
357.3752779440232
 10
171.90086108767147
 20
357.3752779440232
 10
171.64935102062827
 20
357.3752779440232
 10
171.3978409535851
 20
357.3752779440232
 10
171.14633088654193
 20
357.3752779440232
 10
170.89482081949876
 20
357.3752779440232
 10
170.64331075245556
 20
357.3752779440232
 10
170.3918006854124
 20
357.3752779440232
 10
170.14029061836922
 20
357.3752779440232
 10
169.88878055132605
 20
357.3752779440232
 10
169.63727048428285
 20
357.3752779440232
 10
169.38576041723968
 20
357.3752779440232
 10
169.1342503501965
 20
357.3752779440232
 10
168.88274028315334
 20
357.3752779440232
 10
168.63123021611014
 20
357.3752779440232
 10
168.37972014906697
 20
357.3752779440232
 10
168.1282100820238
 20
357.3752779440232
 10
167.8767000149806
 20
357.3752779440232
 10
167.62518994793743
 20
357.3752779440232
 10
167.37367988089426
 20
357.3752779440232
 10
167.1221698138511
 20
357.3752779440232
 10
166.87065974680792
 20
357.3752779440232
 10
166.61914967976472
 20
357.3752779440232
 10
166.36763961272155
 20
357.3752779440232
 10
166.11612954567838
 20
357.3752779440232
 10
165.8646194786352
 20
357.3752779440232
 10
165.613109411592
 20
357.3752779440232
 10
165.36159934454884
 20
357.3752779440232
 10
165.11008927750566
 20
357.3752779440232
 10
164.85857921046247
 20
357.3752779440232
 10
164.6070691434193
 20
357.3752779440232
 10
164.35555907637612
 20
357.3752779440232
 10
164.10404900933295
 20
357.3752779440232
 10
163.85253894228975
 20
357.3752779440232
 10
163.60102887524658
 20
357.3752779440232
 10
163.3495188082034
 20
357.3752779440232
 10
163.09800874116024
 20
357.3752779440232
 10
162.84649867411704
 20
357.3752779440232
 10
162.59498860707387
 20
357.3752779440232
 10
162.3434785400307
 20
357.3752779440232
 10
162.09196847298753
 20
357.3752779440232
 10
161.84045840594433
 20
357.3752779440232
 10
161.58894833890116
 20
357.3752779440232
 10
161.337438271858
 20
357.3752779440232
 10
161.08592820481482
 20
357.3752779440232
 10
160.83441813777162
 20
357.3752779440232
 10
160.58290807072845
 20
357.3752779440232
 10
160.33139800368528
 20
357.3752779440232
 10
160.07988793664208
 20
357.3752779440232
 10
159.8283778695989
 20
357.3752779440232
 10
159.57686780255574
 20
357.3752779440232
 10
159.32535773551257
 20
357.3752779440232
 10
159.07384766846937
 20
357.3752779440232
 10
158.8223376014262
 20
357.3752779440232
 10
158.57082753438303
 20
357.3752779440232
 10
158.31931746733983
 20
357.3752779440232
 10
158.06780740029666
 20
357.3752779440232
 10
157.8162973332535
 20
357.3752779440232
 10
157.56478726621032
 20
357.3752779440232
 10
157.31327719916715
 20
357.3752779440232
 10
157.06176713212395
 20
357.3752779440232
 10
156.81025706508078
 20
357.3752779440232
 10
156.5587469980376
 20
357.3752779440232
 10
156.3072369309944
 20
357.3752779440232
 10
156.05572686395124
 20
357.3752779440232
 10
155.80421679690807
 20
357.3752779440232
 10
155.5527067298649
 20
357.3752779440232
 10
155.30119666282172
 20
357.3752779440232
 10
155.04968659577852
 20
357.3752779440232
 10
154.79817652873535
 20
357.3752779440232
 10
154.54666646169218
 20
357.3752779440232
 10
154.295156394649
 20
357.3752779440232
 10
154.0436463276058
 20
357.3752779440232
 10
153.79213626056264
 20
357.3752779440232
 10
153.54062619351947
 20
357.3752779440232
 10
153.2891161264763
 20
357.3752779440232
 10
153.0376060594331
 20
357.3752779440232
 10
152.78609599238993
 20
357.3752779440232
 10
152.53458592534673
 20
357.3752779440232
 10
152.28307585830356
 20
357.3752779440232
 10
152.0315657912604
 20
357.3752779440232
 10
151.78005572421722
 20
357.3752779440232
 10
151.52854565717405
 20
357.3752779440232
 10
151.27703559013085
 20
357.3752779440232
 10
151.02552552308768
 20
357.3752779440232
 10
150.7740154560445
 20
357.3752779440232
 10
150.52250538900134
 20
357.3752779440232
 10
150.27099532195814
 20
357.3752779440232
 10
150.01948525491497
 20
357.3752779440232
 10
149.7679751878718
 20
357.3752779440232
 10
149.5164651208286
 20
357.3752779440232
 10
149.26495505378543
 20
357.3752779440232
 10
149.01344498674226
 20
357.3752779440232
 10
148.7619349196991
 20
357.3752779440232
 10
148.5104248526559
 20
357.3752779440232
 10
148.25891478561272
 20
357.3752779440232
 10
148.00740471856955
 20
357.3752779440232
 10
147.75589465152638
 20
357.3752779440232
 10
147.50438458448318
 20
357.3752779440232
 10
147.25287451744
 20
357.3752779440232
 10
147.00136445039684
 20
357.3752779440232
 10
146.74985438335364
 20
357.3752779440232
 10
146.49834431631047
 20
357.3752779440232
  0
LWPOLYLINE
  5
3A1
330
17
100
AcDbEntity
  8
02-OCULTA
100
AcDbPolyline
 90
75
 70
0
 10
183.973344305744
 20
357.3752779440232
 10
183.72013484642736
 20
357.3752779440232
 10
183.46692538711068
 20
357.3752779440232
 10
183.213715927794
 20
357.3752779440232
 10
182.96050646847735
 20
357.3752779440232
 10
182.70729700916067
 20
357.3752779440232
 10
182.454087549844
 20
357.3752779440232
 10
182.20087809052734
 20
357.3752779440232
 10
181.94766863121066
 20
357.3752779440232
 10
181.69445917189398
 20
357.3752779440232
 10
181.44124971257733
 20
357.3752779440232
 10
181.18804025326065
 20
357.3752779440232
 10
180.93483079394397
 20
357.3752779440232
 10
180.68162133462732
 20
357.3752779440232
 10
180.42841187531064
 20
357.3752779440232
 10
180.17520241599397
 20
357.3752779440232
 10
179.92199295667731
 20
357.3752779440232
 10
179.66878349736064
 20
357.3752779440232
 10
179.41557403804396
 20
357.3752779440232
 10
179.1623645787273
 20
357.3752779440232
 10
178.90915511941063
 20
357.3752779440232
 10
178.65594566009395
 20
357.3752779440232
 10
178.4027362007773
 20
357.3752779440232
 10
178.14952674146062
 20
357.3752779440232
 10
177.89631728214394
 20
357.3752779440232
 10
177.6431078228273
 20
357.3752779440232
 10
177.3898983635106
 20
357.3752779440232
 10
177.13668890419393
 20
357.3752779440232
 10
176.88347944487728
 20
357.3752779440232
 10
176.6302699855606
 20
357.3752779440232
 10
176.37706052624392
 20
357.3752779440232
 10
176.12385106692727
 20
357.3752779440232
 10
175.8706416076106
 20
357.3752779440232
 10
175.61743214829391
 20
357.3752779440232
 10
175.36422268897726
 20
357.3752779440232
 10
175.11101322966059
 20
357.3752779440232
 10
174.8578037703439
 20
357.3752779440232
 10
174.60459431102726
 20
357.3752779440232
 10
174.35138485171058
 20
357.3752779440232
 10
174.0981753923939
 20
357.3752779440232
 10
173.84496593307725
 20
357.3752779440232
 10
173.59175647376057
 20
357.3752779440232
 10
173.3385470144439
 20
357.3752779440232
 10
173.08533755512724
 20
357.3752779440232
 10
172.83212809581056
 20
357.3752779440232
 10
172.57891863649388
 20
357.3752779440232
 10
172.32570917717723
 20
357.3752779440232
 10
172.07249971786055
 20
357.3752779440232
 10
171.81929025854387
 20
357.3752779440232
 10
171.56608079922722
 20
357.3752779440232
 10
171.31287133991054
 20
357.3752779440232
 10
171.05966188059386
 20
357.3752779440232
 10
170.8064524212772
 20
357.3752779440232
 10
170.55324296196054
 20
357.3752779440232
 10
170.30003350264386
 20
357.3752779440232
 10
170.0468240433272
 20
357.3752779440232
 10
169.79361458401053
 20
357.3752779440232
 10
169.54040512469385
 20
357.3752779440232
 10
169.2871956653772
 20
357.3752779440232
 10
169.03398620606052
 20
357.3752779440232
 10
168.78077674674384
 20
357.3752779440232
 10
168.5275672874272
 20
357.3752779440232
 10
168.2743578281105
 20
357.3752779440232
 10
168.02114836879383
 20
357.3752779440232
 10
167.76793890947718
 20
357.3752779440232
 10
167.5147294501605
 20
357.3752779440232
 10
167.26151999084382
 20
357.3752779440232
 10
167.00831053152717
 20
357.3752779440232
 10
166.7551010722105
 20
357.3752779440232
 10
166.50189161289381
 20
357.3752779440232
 10
166.24868215357716
 20
357.3752779440232
 10
165.99547269426049
 20
357.3752779440232
 10
165.7422632349438
 20
357.3752779440232
 10
165.48905377562716
 20
357.3752779440232
 10
165.23584431631048
 20
357.3752779440232
  0
LWPOLYLINE
  5
3A2
330
17
100
AcDbEntity
  8
02-OCULTA
100
AcDbPolyline
 90
7
 70
0
 10
146.49834431631047
 20
357.3752779440232
 10
146.7483444134288
 20
357.30829050934176
 10
146.93135757616295
 20
357.1252783727343
 10
146.99834300571314
 20
356.8752775700174
 10
146.9313569657884
 20
356.62527759770967
 10
146.74834462025373
 20
356.4422650376057
 10
146.49834431631047
 20
356.3752779440232
  0
LWPOLYLINE
  5
3A3
330
17
100
AcDbEntity
  8
02-OCULTA
100
AcDbPolyline
 90
7
 70
0
 10
183.9733443163105
 20
356.3752779440232
 10
183.723344274613
 20
356.44226523548866
 10
183.5403313481236
 20
356.62527771163155
 10
183.47334479202323
 20
356.87527816110196
 10
183.54033438640943
 20
357.1252761753866
 10
183.72334386111615
 20
357.30829093925036
 10
183.973344305744
 20
357.3752779440232
  0
LWPOLYLINE
  5
3A4
330
17
100
AcDbEntity
  8
02-OCULTA
100
AcDbPolyline
 90
150
 70
0
 10
146.49834431631047
 20
356.3752779440232
 10
146.74985438342458
 20
356.3752779440232
 10
147.00136445053866
 20
356.3752779440232
 10
147.25287451765274
 20
356.3752779440232
 10
147.50438458476685
 20
356.3752779440232
 10
147.75589465188094
 20
356.3752779440232
 10
148.00740471899505
 20
356.3752779440232
 10
148.25891478610913
 20
356.3752779440232
 10
148.5104248532232
 20
356.3752779440232
 10
148.76193492033732
 20
356.3752779440232
 10
149.0134449874514
 20
356.3752779440232
 10
149.26495505456552
 20
356.3752779440232
 10
149.5164651216796
 20
356.3752779440232
 10
149.76797518879368
 20
356.3752779440232
 10
150.0194852559078
 20
356.3752779440232
 10
150.27099532302188
 20
356.3752779440232
 10
150.52250539013596
 20
356.3752779440232
 10
150.77401545725007
 20
356.3752779440232
 10
151.02552552436416
 20
356.3752779440232
 10
151.27703559147827
 20
356.3752779440232
 10
151.52854565859235
 20
356.3752779440232
 10
151.78005572570646
 20
356.3752779440232
 10
152.03156579282054
 20
356.3752779440232
 10
152.28307585993463
 20
356.3752779440232
 10
152.53458592704874
 20
356.3752779440232
 10
152.78609599416282
 20
356.3752779440232
 10
153.0376060612769
 20
356.3752779440232
 10
153.28911612839102
 20
356.3752779440232
 10
153.5406261955051
 20
356.3752779440232
 10
153.7921362626192
 20
356.3752779440232
 10
154.0436463297333
 20
356.3752779440232
 10
154.29515639684737
 20
356.3752779440232
 10
154.5466664639615
 20
356.3752779440232
 10
154.79817653107557
 20
356.3752779440232
 10
155.04968659818968
 20
356.3752779440232
 10
155.30119666530376
 20
356.3752779440232
 10
155.55270673241785
 20
356.3752779440232
 10
155.80421679953196
 20
356.3752779440232
 10
156.05572686664604
 20
356.3752779440232
 10
156.30723693376015
 20
356.3752779440232
 10
156.55874700087423
 20
356.3752779440232
 10
156.81025706798832
 20
356.3752779440232
 10
157.06176713510243
 20
356.3752779440232
 10
157.3132772022165
 20
356.3752779440232
 10
157.56478726933062
 20
356.3752779440232
 10
157.8162973364447
 20
356.3752779440232
 10
158.0678074035588
 20
356.3752779440232
 10
158.3193174706729
 20
356.3752779440232
 10
158.57082753778698
 20
356.3752779440232
 10
158.82233760490107
 20
356.3752779440232
 10
159.07384767201518
 20
356.3752779440232
 10
159.32535773912926
 20
356.3752779440232
 10
159.57686780624337
 20
356.3752779440232
 10
159.82837787335745
 20
356.3752779440232
 10
160.07988794047156
 20
356.3752779440232
 10
160.33139800758565
 20
356.3752779440232
 10
160.58290807469973
 20
356.3752779440232
 10
160.83441814181384
 20
356.3752779440232
 10
161.08592820892792
 20
356.3752779440232
 10
161.337438276042
 20
356.3752779440232
 10
161.58894834315612
 20
356.3752779440232
 10
161.8404584102702
 20
356.3752779440232
 10
162.0919684773843
 20
356.3752779440232
 10
162.3434785444984
 20
356.3752779440232
 10
162.5949886116125
 20
356.3752779440232
 10
162.8464986787266
 20
356.3752779440232
 10
163.09800874584067
 20
356.3752779440232
 10
163.34951881295478
 20
356.3752779440232
 10
163.60102888006887
 20
356.3752779440232
 10
163.85253894718295
 20
356.3752779440232
 10
164.10404901429706
 20
356.3752779440232
 10
164.35555908141114
 20
356.3752779440232
 10
164.60706914852526
 20
356.3752779440232
 10
164.85857921563934
 20
356.3752779440232
 10
165.11008928275342
 20
356.3752779440232
 10
165.36159934986753
 20
356.3752779440232
 10
165.61310941698162
 20
356.3752779440232
 10
165.86461948409573
 20
356.3752779440232
 10
166.1161295512098
 20
356.3752779440232
 10
166.3676396183239
 20
356.3752779440232
 10
166.619149685438
 20
356.3752779440232
 10
166.8706597525521
 20
356.3752779440232
 10
167.1221698196662
 20
356.3752779440232
 10
167.37367988678028
 20
356.3752779440232
 10
167.62518995389436
 20
356.3752779440232
 10
167.87670002100847
 20
356.3752779440232
 10
168.12821008812256
 20
356.3752779440232
 10
168.37972015523664
 20
356.3752779440232
 10
168.63123022235075
 20
356.3752779440232
 10
168.88274028946483
 20
356.3752779440232
 10
169.13425035657895
 20
356.3752779440232
 10
169.38576042369303
 20
356.3752779440232
 10
169.6372704908071
 20
356.3752779440232
 10
169.88878055792122
 20
356.3752779440232
 10
170.1402906250353
 20
356.3752779440232
 10
170.39180069214942
 20
356.3752779440232
 10
170.6433107592635
 20
356.3752779440232
 10
170.89482082637758
 20
356.3752779440232
 10
171.1463308934917
 20
356.3752779440232
 10
171.39784096060578
 20
356.3752779440232
 10
171.6493510277199
 20
356.3752779440232
 10
171.90086109483397
 20
356.3752779440232
 10
172.15237116194805
 20
356.3752779440232
 10
172.40388122906216
 20
356.3752779440232
 10
172.65539129617625
 20
356.3752779440232
 10
172.90690136329036
 20
356.3752779440232
 10
173.15841143040444
 20
356.3752779440232
 10
173.40992149751852
 20
356.3752779440232
 10
173.66143156463264
 20
356.3752779440232
 10
173.91294163174672
 20
356.3752779440232
 10
174.16445169886083
 20
356.3752779440232
 10
174.4159617659749
 20
356.3752779440232
 10
174.667471833089
 20
356.3752779440232
 10
174.9189819002031
 20
356.3752779440232
 10
175.1704919673172
 20
356.3752779440232
 10
175.42200203443127
 20
356.3752779440232
 10
175.67351210154538
 20
356.3752779440232
 10
175.92502216865947
 20
356.3752779440232
 10
176.17653223577358
 20
356.3752779440232
 10
176.42804230288766
 20
356.3752779440232
 10
176.67955237000177
 20
356.3752779440232
 10
176.93106243711586
 20
356.3752779440232
 10
177.18257250422994
 20
356.3752779440232
 10
177.43408257134405
 20
356.3752779440232
 10
177.68559263845813
 20
356.3752779440232
 10
177.93710270557222
 20
356.3752779440232
 10
178.18861277268633
 20
356.3752779440232
 10
178.4401228398004
 20
356.3752779440232
 10
178.69163290691452
 20
356.3752779440232
 10
178.9431429740286
 20
356.3752779440232
 10
179.1946530411427
 20
356.3752779440232
 10
179.4461631082568
 20
356.3752779440232
 10
179.69767317537088
 20
356.3752779440232
 10
179.94918324248496
 20
356.3752779440232
 10
180.20069330959907
 20
356.3752779440232
 10
180.45220337671316
 20
356.3752779440232
 10
180.70371344382727
 20
356.3752779440232
 10
180.95522351094135
 20
356.3752779440232
 10
181.20673357805546
 20
356.3752779440232
 10
181.45824364516955
 20
356.3752779440232
 10
181.70975371228366
 20
356.3752779440232
 10
181.96126377939774
 20
356.3752779440232
 10
182.21277384651182
 20
356.3752779440232
 10
182.4642839136259
 20
356.3752779440232
 10
182.71579398074002
 20
356.3752779440232
 10
182.9673040478541
 20
356.3752779440232
 10
183.2188141149682
 20
356.3752779440232
 10
183.4703241820823
 20
356.3752779440232
 10
183.72183424919638
 20
356.3752779440232
 10
183.9733443163105
 20
356.3752779440232
  0
LWPOLYLINE
  5
3A5
330
17
100
AcDbEntity
  8
02-OCULTA
100
AcDbPolyline
 90
75
 70
0
 10
165.23584431631048
 20
356.3752779440232
 10
165.48905377576995
 20
356.3752779440232
 10
165.7422632352294
 20
356.3752779440232
 10
165.99547269468886
 20
356.3752779440232
 10
166.24868215414833
 20
356.3752779440232
 10
166.50189161360777
 20
356.3752779440232
 10
166.75510107306724
 20
356.3752779440232
 10
167.0083105325267
 20
356.3752779440232
 10
167.26151999198615
 20
356.3752779440232
 10
167.51472945144562
 20
356.3752779440232
 10
167.76793891090506
 20
356.3752779440232
 10
168.02114837036453
 20
356.3752779440232
 10
168.274357829824
 20
356.3752779440232
 10
168.52756728928344
 20
356.3752779440232
 10
168.7807767487429
 20
356.3752779440232
 10
169.03398620820238
 20
356.3752779440232
 10
169.28719566766182
 20
356.3752779440232
 10
169.5404051271213
 20
356.3752779440232
 10
169.79361458658076
 20
356.3752779440232
 10
170.0468240460402
 20
356.3752779440232
 10
170.30003350549967
 20
356.3752779440232
 10
170.55324296495914
 20
356.3752779440232
 10
170.80645242441858
 20
356.3752779440232
 10
171.05966188387805
 20
356.3752779440232
 10
171.31287134333752
 20
356.3752779440232
 10
171.56608080279696
 20
356.3752779440232
 10
171.81929026225643
 20
356.3752779440232
 10
172.07249972171587
 20
356.3752779440232
 10
172.32570918117534
 20
356.3752779440232
 10
172.5789186406348
 20
356.3752779440232
 10
172.83212810009425
 20
356.3752779440232
 10
173.08533755955372
 20
356.3752779440232
 10
173.3385470190132
 20
356.3752779440232
 10
173.59175647847263
 20
356.3752779440232
 10
173.8449659379321
 20
356.3752779440232
 10
174.09817539739157
 20
356.3752779440232
 10
174.351384856851
 20
356.3752779440232
 10
174.60459431631048
 20
356.3752779440232
 10
174.85780377576995
 20
356.3752779440232
 10
175.1110132352294
 20
356.3752779440232
 10
175.36422269468886
 20
356.3752779440232
 10
175.6174321541483
 20
356.3752779440232
 10
175.87064161360777
 20
356.3752779440232
 10
176.12385107306724
 20
356.3752779440232
 10
176.37706053252668
 20
356.3752779440232
 10
176.63026999198615
 20
356.3752779440232
 10
176.88347945144562
 20
356.3752779440232
 10
177.13668891090506
 20
356.3752779440232
 10
177.38989837036453
 20
356.3752779440232
 10
177.643107829824
 20
356.3752779440232
 10
177.89631728928345
 20
356.3752779440232
 10
178.14952674874291
 20
356.3752779440232
 10
178.40273620820238
 20
356.3752779440232
 10
178.65594566766183
 20
356.3752779440232
 10
178.9091551271213
 20
356.3752779440232
 10
179.16236458658076
 20
356.3752779440232
 10
179.4155740460402
 20
356.3752779440232
 10
179.66878350549968
 20
356.3752779440232
 10
179.92199296495914
 20
356.3752779440232
 10
180.1752024244186
 20
356.3752779440232
 10
180.42841188387806
 20
356.3752779440232
 10
180.6816213433375
 20
356.3752779440232
 10
180.93483080279697
 20
356.3752779440232
 10
181.18804026225644
 20
356.3752779440232
 10
181.44124972171588
 20
356.3752779440232
 10
181.69445918117535
 20
356.3752779440232
 10
181.94766864063482
 20
356.3752779440232
 10
182.20087810009426
 20
356.3752779440232
 10
182.45408755955373
 20
356.3752779440232
 10
182.7072970190132
 20
356.3752779440232
 10
182.96050647847264
 20
356.3752779440232
 10
183.2137159379321
 20
356.3752779440232
 10
183.46692539739158
 20
356.3752779440232
 10
183.72013485685102
 20
356.3752779440232
 10
183.9733443163105
 20
356.3752779440232
  0
LWPOLYLINE
  5
3A6
330
17
100
AcDbEntity
  8
02-OCULTA
100
AcDbPolyline
 90
75
 70
0
 10
165.23584431631048
 20
231.50020329239484
 10
164.982634856851
 20
231.50020329239484
 10
164.72942539739157
 20
231.50020329239484
 10
164.4762159379321
 20
231.50020329239484
 10
164.22300647847263
 20
231.50020329239484
 10
163.96979701901319
 20
231.50020329239484
 10
163.71658755955372
 20
231.50020329239484
 10
163.46337810009425
 20
231.50020329239484
 10
163.2101686406348
 20
231.50020329239484
 10
162.95695918117534
 20
231.50020329239484
 10
162.7037497217159
 20
231.50020329239484
 10
162.45054026225642
 20
231.50020329239484
 10
162.19733080279696
 20
231.50020329239484
 10
161.9441213433375
 20
231.50020329239484
 10
161.69091188387804
 20
231.50020329239484
 10
161.43770242441857
 20
231.50020329239484
 10
161.18449296495913
 20
231.50020329239484
 10
160.93128350549966
 20
231.50020329239484
 10
160.6780740460402
 20
231.50020329239484
 10
160.42486458658075
 20
231.50020329239484
 10
160.17165512712128
 20
231.50020329239484
 10
159.91844566766184
 20
231.50020329239484
 10
159.66523620820237
 20
231.50020329239484
 10
159.4120267487429
 20
231.50020329239484
 10
159.15881728928346
 20
231.50020329239484
 10
158.905607829824
 20
231.50020329239484
 10
158.65239837036452
 20
231.50020329239484
 10
158.39918891090508
 20
231.50020329239484
 10
158.1459794514456
 20
231.50020329239484
 10
157.89276999198614
 20
231.50020329239484
 10
157.6395605325267
 20
231.50020329239484
 10
157.38635107306723
 20
231.50020329239484
 10
157.13314161360776
 20
231.50020329239484
 10
156.87993215414832
 20
231.50020329239484
 10
156.62672269468885
 20
231.50020329239484
 10
156.37351323522938
 20
231.50020329239484
 10
156.12030377576994
 20
231.50020329239484
 10
155.86709431631047
 20
231.50020329239484
 10
155.61388485685103
 20
231.50020329239484
 10
155.36067539739156
 20
231.50020329239484
 10
155.1074659379321
 20
231.50020329239484
 10
154.85425647847265
 20
231.50020329239484
 10
154.60104701901318
 20
231.50020329239484
 10
154.3478375595537
 20
231.50020329239484
 10
154.09462810009427
 20
231.50020329239484
 10
153.8414186406348
 20
231.50020329239484
 10
153.58820918117533
 20
231.50020329239484
 10
153.3349997217159
 20
231.50020329239484
 10
153.08179026225642
 20
231.50020329239484
 10
152.82858080279695
 20
231.50020329239484
 10
152.5753713433375
 20
231.50020329239484
 10
152.32216188387804
 20
231.50020329239484
 10
152.06895242441857
 20
231.50020329239484
 10
151.81574296495913
 20
231.50020329239484
 10
151.56253350549966
 20
231.50020329239484
 10
151.30932404604022
 20
231.50020329239484
 10
151.05611458658075
 20
231.50020329239484
 10
150.80290512712128
 20
231.50020329239484
 10
150.54969566766184
 20
231.50020329239484
 10
150.29648620820237
 20
231.50020329239484
 10
150.0432767487429
 20
231.50020329239484
 10
149.79006728928346
 20
231.50020329239484
 10
149.536857829824
 20
231.50020329239484
 10
149.28364837036452
 20
231.50020329239484
 10
149.03043891090508
 20
231.50020329239484
 10
148.7772294514456
 20
231.50020329239484
 10
148.52401999198617
 20
231.50020329239484
 10
148.2708105325267
 20
231.50020329239484
 10
148.01760107306723
 20
231.50020329239484
 10
147.76439161360778
 20
231.50020329239484
 10
147.51118215414832
 20
231.50020329239484
 10
147.25797269468885
 20
231.50020329239484
 10
147.0047632352294
 20
231.50020329239484
 10
146.75155377576993
 20
231.50020329239484
 10
146.49834431631047
 20
231.50020329239484
  0
LWPOLYLINE
  5
3A7
330
17
100
AcDbEntity
  8
02-OCULTA
100
AcDbPolyline
 90
75
 70
0
 10
165.23584431631048
 20
230.50020329239484
 10
164.982634856851
 20
230.50020329239484
 10
164.72942539739157
 20
230.50020329239484
 10
164.4762159379321
 20
230.50020329239484
 10
164.22300647847263
 20
230.50020329239484
 10
163.96979701901319
 20
230.50020329239484
 10
163.71658755955372
 20
230.50020329239484
 10
163.46337810009425
 20
230.50020329239484
 10
163.2101686406348
 20
230.50020329239484
 10
162.95695918117534
 20
230.50020329239484
 10
162.7037497217159
 20
230.50020329239484
 10
162.45054026225642
 20
230.50020329239484
 10
162.19733080279696
 20
230.50020329239484
 10
161.9441213433375
 20
230.50020329239484
 10
161.69091188387804
 20
230.50020329239484
 10
161.43770242441857
 20
230.50020329239484
 10
161.18449296495913
 20
230.50020329239484
 10
160.93128350549966
 20
230.50020329239484
 10
160.6780740460402
 20
230.50020329239484
 10
160.42486458658075
 20
230.50020329239484
 10
160.17165512712128
 20
230.50020329239484
 10
159.91844566766184
 20
230.50020329239484
 10
159.66523620820237
 20
230.50020329239484
 10
159.4120267487429
 20
230.50020329239484
 10
159.15881728928346
 20
230.50020329239484
 10
158.905607829824
 20
230.50020329239484
 10
158.65239837036452
 20
230.50020329239484
 10
158.39918891090508
 20
230.50020329239484
 10
158.1459794514456
 20
230.50020329239484
 10
157.89276999198614
 20
230.50020329239484
 10
157.6395605325267
 20
230.50020329239484
 10
157.38635107306723
 20
230.50020329239484
 10
157.13314161360776
 20
230.50020329239484
 10
156.87993215414832
 20
230.50020329239484
 10
156.62672269468885
 20
230.50020329239484
 10
156.37351323522938
 20
230.50020329239484
 10
156.12030377576994
 20
230.50020329239484
 10
155.86709431631047
 20
230.50020329239484
 10
155.61388485685103
 20
230.50020329239484
 10
155.36067539739156
 20
230.50020329239484
 10
155.1074659379321
 20
230.50020329239484
 10
154.85425647847265
 20
230.50020329239484
 10
154.60104701901318
 20
230.50020329239484
 10
154.3478375595537
 20
230.50020329239484
 10
154.09462810009427
 20
230.50020329239484
 10
153.8414186406348
 20
230.50020329239484
 10
153.58820918117533
 20
230.50020329239484
 10
153.3349997217159
 20
230.50020329239484
 10
153.08179026225642
 20
230.50020329239484
 10
152.82858080279695
 20
230.50020329239484
 10
152.5753713433375
 20
230.50020329239484
 10
152.32216188387804
 20
230.50020329239484
 10
152.06895242441857
 20
230.50020329239484
 10
151.81574296495913
 20
230.50020329239484
 10
151.56253350549966
 20
230.50020329239484
 10
151.30932404604022
 20
230.50020329239484
 10
151.05611458658075
 20
230.50020329239484
 10
150.80290512712128
 20
230.50020329239484
 10
150.54969566766184
 20
230.50020329239484
 10
150.29648620820237
 20
230.50020329239484
 10
150.0432767487429
 20
230.50020329239484
 10
149.79006728928346
 20
230.50020329239484
 10
149.536857829824
 20
230.50020329239484
 10
149.28364837036452
 20
230.50020329239484
 10
149.03043891090508
 20
230.50020329239484
 10
148.7772294514456
 20
230.50020329239484
 10
148.52401999198617
 20
230.50020329239484
 10
148.2708105325267
 20
230.50020329239484
 10
148.01760107306723
 20
230.50020329239484
 10
147.76439161360778
 20
230.50020329239484
 10
147.51118215414832
 20
230.50020329239484
 10
147.25797269468885
 20
230.50020329239484
 10
147.0047632352294
 20
230.50020329239484
 10
146.75155377576993
 20
230.50020329239484
 10
146.49834431631047
 20
230.50020329239484
  0
LWPOLYLINE
  5
3A8
330
17
100
AcDbEntity
  8
02-OCULTA
100
AcDbPolyline
 90
7
 70
0
 10
184.27964811541028
 20
230.60501066240658
 10
184.23445925332504
 20
230.57380107198173
 10
184.18612010400562
 20
230.54773584422665
 10
184.13521346895922
 20
230.52713039743037
 10
184.0823541962163
 20
230.51223174493495
 10
184.02818017706386
 20
230.50321798133493
 10
183.9733443163105
 20
230.50020329239484
  0
LWPOLYLINE
  5
3A9
330
17
100
AcDbEntity
  8
02-OCULTA
100
AcDbPolyline
 90
7
 70
0
 10
184.2858443163105
 20
231.39051452674943
 10
184.24004236158214
 20
231.4231359192266
 10
184.19086708003493
 20
231.45040794098125
 10
184.13894000511783
 20
231.47198457144611
 10
184.0849187339417
 20
231.48759474609972
 10
184.02948673225208
 20
231.49704292685527
 10
183.973344305744
 20
231.50020329239484
  0
LWPOLYLINE
  5
3AA
330
17
100
AcDbEntity
  8
02-OCULTA
100
AcDbPolyline
 90
150
 70
0
 10
183.973344305744
 20
231.50020329239484
 10
183.72183423870084
 20
231.50020329239484
 10
183.47032417165767
 20
231.50020329239484
 10
183.2188141046145
 20
231.50020329239484
 10
182.9673040375713
 20
231.50020329239484
 10
182.71579397052813
 20
231.50020329239484
 10
182.46428390348495
 20
231.50020329239484
 10
182.21277383644178
 20
231.50020329239484
 10
181.96126376939858
 20
231.50020329239484
 10
181.7097537023554
 20
231.50020329239484
 10
181.45824363531224
 20
231.50020329239484
 10
181.20673356826904
 20
231.50020329239484
 10
180.95522350122587
 20
231.50020329239484
 10
180.7037134341827
 20
231.50020329239484
 10
180.45220336713953
 20
231.50020329239484
 10
180.20069330009636
 20
231.50020329239484
 10
179.94918323305316
 20
231.50020329239484
 10
179.69767316601
 20
231.50020329239484
 10
179.44616309896682
 20
231.50020329239484
 10
179.19465303192362
 20
231.50020329239484
 10
178.94314296488045
 20
231.50020329239484
 10
178.69163289783728
 20
231.50020329239484
 10
178.4401228307941
 20
231.50020329239484
 10
178.1886127637509
 20
231.50020329239484
 10
177.93710269670774
 20
231.50020329239484
 10
177.68559262966457
 20
231.50020329239484
 10
177.43408256262137
 20
231.50020329239484
 10
177.1825724955782
 20
231.50020329239484
 10
176.93106242853503
 20
231.50020329239484
 10
176.67955236149186
 20
231.50020329239484
 10
176.4280422944487
 20
231.50020329239484
 10
176.1765322274055
 20
231.50020329239484
 10
175.92502216036232
 20
231.50020329239484
 10
175.67351209331915
 20
231.50020329239484
 10
175.42200202627595
 20
231.50020329239484
 10
175.17049195923278
 20
231.50020329239484
 10
174.9189818921896
 20
231.50020329239484
 10
174.66747182514644
 20
231.50020329239484
 10
174.41596175810324
 20
231.50020329239484
 10
174.16445169106007
 20
231.50020329239484
 10
173.9129416240169
 20
231.50020329239484
 10
173.66143155697372
 20
231.50020329239484
 10
173.40992148993053
 20
231.50020329239484
 10
173.15841142288735
 20
231.50020329239484
 10
172.90690135584418
 20
231.50020329239484
 10
172.655391288801
 20
231.50020329239484
 10
172.4038812217578
 20
231.50020329239484
 10
172.15237115471464
 20
231.50020329239484
 10
171.90086108767147
 20
231.50020329239484
 10
171.64935102062827
 20
231.50020329239484
 10
171.3978409535851
 20
231.50020329239484
 10
171.14633088654193
 20
231.50020329239484
 10
170.89482081949876
 20
231.50020329239484
 10
170.64331075245556
 20
231.50020329239484
 10
170.3918006854124
 20
231.50020329239484
 10
170.14029061836922
 20
231.50020329239484
 10
169.88878055132605
 20
231.50020329239484
 10
169.63727048428285
 20
231.50020329239484
 10
169.38576041723968
 20
231.50020329239484
 10
169.1342503501965
 20
231.50020329239484
 10
168.88274028315334
 20
231.50020329239484
 10
168.63123021611014
 20
231.50020329239484
 10
168.37972014906697
 20
231.50020329239484
 10
168.1282100820238
 20
231.50020329239484
 10
167.8767000149806
 20
231.50020329239484
 10
167.62518994793743
 20
231.50020329239484
 10
167.37367988089426
 20
231.50020329239484
 10
167.1221698138511
 20
231.50020329239484
 10
166.87065974680792
 20
231.50020329239484
 10
166.61914967976472
 20
231.50020329239484
 10
166.36763961272155
 20
231.50020329239484
 10
166.11612954567838
 20
231.50020329239484
 10
165.8646194786352
 20
231.50020329239484
 10
165.613109411592
 20
231.50020329239484
 10
165.36159934454884
 20
231.50020329239484
 10
165.11008927750566
 20
231.50020329239484
 10
164.85857921046247
 20
231.50020329239484
 10
164.6070691434193
 20
231.50020329239484
 10
164.35555907637612
 20
231.50020329239484
 10
164.10404900933295
 20
231.50020329239484
 10
163.85253894228975
 20
231.50020329239484
 10
163.60102887524658
 20
231.50020329239484
 10
163.3495188082034
 20
231.50020329239484
 10
163.09800874116024
 20
231.50020329239484
 10
162.84649867411704
 20
231.50020329239484
 10
162.59498860707387
 20
231.50020329239484
 10
162.3434785400307
 20
231.50020329239484
 10
162.09196847298753
 20
231.50020329239484
 10
161.84045840594433
 20
231.50020329239484
 10
161.58894833890116
 20
231.50020329239484
 10
161.337438271858
 20
231.50020329239484
 10
161.08592820481482
 20
231.50020329239484
 10
160.83441813777162
 20
231.50020329239484
 10
160.58290807072845
 20
231.50020329239484
 10
160.33139800368528
 20
231.50020329239484
 10
160.07988793664208
 20
231.50020329239484
 10
159.8283778695989
 20
231.50020329239484
 10
159.57686780255574
 20
231.50020329239484
 10
159.32535773551257
 20
231.50020329239484
 10
159.07384766846937
 20
231.50020329239484
 10
158.8223376014262
 20
231.50020329239484
 10
158.57082753438303
 20
231.50020329239484
 10
158.31931746733983
 20
231.50020329239484
 10
158.06780740029666
 20
231.50020329239484
 10
157.8162973332535
 20
231.50020329239484
 10
157.56478726621032
 20
231.50020329239484
 10
157.31327719916715
 20
231.50020329239484
 10
157.06176713212395
 20
231.50020329239484
 10
156.81025706508078
 20
231.50020329239484
 10
156.5587469980376
 20
231.50020329239484
 10
156.3072369309944
 20
231.50020329239484
 10
156.05572686395124
 20
231.50020329239484
 10
155.80421679690807
 20
231.50020329239484
 10
155.5527067298649
 20
231.50020329239484
 10
155.30119666282172
 20
231.50020329239484
 10
155.04968659577852
 20
231.50020329239484
 10
154.79817652873535
 20
231.50020329239484
 10
154.54666646169218
 20
231.50020329239484
 10
154.295156394649
 20
231.50020329239484
 10
154.0436463276058
 20
231.50020329239484
 10
153.79213626056264
 20
231.50020329239484
 10
153.54062619351947
 20
231.50020329239484
 10
153.2891161264763
 20
231.50020329239484
 10
153.0376060594331
 20
231.50020329239484
 10
152.78609599238993
 20
231.50020329239484
 10
152.53458592534673
 20
231.50020329239484
 10
152.28307585830356
 20
231.50020329239484
 10
152.0315657912604
 20
231.50020329239484
 10
151.78005572421722
 20
231.50020329239484
 10
151.52854565717405
 20
231.50020329239484
 10
151.27703559013085
 20
231.50020329239484
 10
151.02552552308768
 20
231.50020329239484
 10
150.7740154560445
 20
231.50020329239484
 10
150.52250538900134
 20
231.50020329239484
 10
150.27099532195814
 20
231.50020329239484
 10
150.01948525491497
 20
231.50020329239484
 10
149.7679751878718
 20
231.50020329239484
 10
149.5164651208286
 20
231.50020329239484
 10
149.26495505378543
 20
231.50020329239484
 10
149.01344498674226
 20
231.50020329239484
 10
148.7619349196991
 20
231.50020329239484
 10
148.5104248526559
 20
231.50020329239484
 10
148.25891478561272
 20
231.50020329239484
 10
148.00740471856955
 20
231.50020329239484
 10
147.75589465152638
 20
231.50020329239484
 10
147.50438458448318
 20
231.50020329239484
 10
147.25287451744
 20
231.50020329239484
 10
147.00136445039684
 20
231.50020329239484
 10
146.74985438335364
 20
231.50020329239484
 10
146.49834431631047
 20
231.50020329239484
  0
LWPOLYLINE
  5
3AB
330
17
100
AcDbEntity
  8
02-OCULTA
100
AcDbPolyline
 90
75
 70
0
 10
183.973344305744
 20
231.50020329239484
 10
183.72013484642736
 20
231.50020329239484
 10
183.46692538711068
 20
231.50020329239484
 10
183.213715927794
 20
231.50020329239484
 10
182.96050646847735
 20
231.50020329239484
 10
182.70729700916067
 20
231.50020329239484
 10
182.454087549844
 20
231.50020329239484
 10
182.20087809052734
 20
231.50020329239484
 10
181.94766863121066
 20
231.50020329239484
 10
181.69445917189398
 20
231.50020329239484
 10
181.44124971257733
 20
231.50020329239484
 10
181.18804025326065
 20
231.50020329239484
 10
180.93483079394397
 20
231.50020329239484
 10
180.68162133462732
 20
231.50020329239484
 10
180.42841187531064
 20
231.50020329239484
 10
180.17520241599397
 20
231.50020329239484
 10
179.92199295667731
 20
231.50020329239484
 10
179.66878349736064
 20
231.50020329239484
 10
179.41557403804396
 20
231.50020329239484
 10
179.1623645787273
 20
231.50020329239484
 10
178.90915511941063
 20
231.50020329239484
 10
178.65594566009395
 20
231.50020329239484
 10
178.4027362007773
 20
231.50020329239484
 10
178.14952674146062
 20
231.50020329239484
 10
177.89631728214394
 20
231.50020329239484
 10
177.6431078228273
 20
231.50020329239484
 10
177.3898983635106
 20
231.50020329239484
 10
177.13668890419393
 20
231.50020329239484
 10
176.88347944487728
 20
231.50020329239484
 10
176.6302699855606
 20
231.50020329239484
 10
176.37706052624392
 20
231.50020329239484
 10
176.12385106692727
 20
231.50020329239484
 10
175.8706416076106
 20
231.50020329239484
 10
175.61743214829391
 20
231.50020329239484
 10
175.36422268897726
 20
231.50020329239484
 10
175.11101322966059
 20
231.50020329239484
 10
174.8578037703439
 20
231.50020329239484
 10
174.60459431102726
 20
231.50020329239484
 10
174.35138485171058
 20
231.50020329239484
 10
174.0981753923939
 20
231.50020329239484
 10
173.84496593307725
 20
231.50020329239484
 10
173.59175647376057
 20
231.50020329239484
 10
173.3385470144439
 20
231.50020329239484
 10
173.08533755512724
 20
231.50020329239484
 10
172.83212809581056
 20
231.50020329239484
 10
172.57891863649388
 20
231.50020329239484
 10
172.32570917717723
 20
231.50020329239484
 10
172.07249971786055
 20
231.50020329239484
 10
171.81929025854387
 20
231.50020329239484
 10
171.56608079922722
 20
231.50020329239484
 10
171.31287133991054
 20
231.50020329239484
 10
171.05966188059386
 20
231.50020329239484
 10
170.8064524212772
 20
231.50020329239484
 10
170.55324296196054
 20
231.50020329239484
 10
170.30003350264386
 20
231.50020329239484
 10
170.0468240433272
 20
231.50020329239484
 10
169.79361458401053
 20
231.50020329239484
 10
169.54040512469385
 20
231.50020329239484
 10
169.2871956653772
 20
231.50020329239484
 10
169.03398620606052
 20
231.50020329239484
 10
168.78077674674384
 20
231.50020329239484
 10
168.5275672874272
 20
231.50020329239484
 10
168.2743578281105
 20
231.50020329239484
 10
168.02114836879383
 20
231.50020329239484
 10
167.76793890947718
 20
231.50020329239484
 10
167.5147294501605
 20
231.50020329239484
 10
167.26151999084382
 20
231.50020329239484
 10
167.00831053152717
 20
231.50020329239484
 10
166.7551010722105
 20
231.50020329239484
 10
166.50189161289381
 20
231.50020329239484
 10
166.24868215357716
 20
231.50020329239484
 10
165.99547269426049
 20
231.50020329239484
 10
165.7422632349438
 20
231.50020329239484
 10
165.48905377562716
 20
231.50020329239484
 10
165.23584431631048
 20
231.50020329239484
  0
LWPOLYLINE
  5
3AC
330
17
100
AcDbEntity
  8
02-OCULTA
100
AcDbPolyline
 90
7
 70
0
 10
146.49834431631047
 20
231.50020329239484
 10
146.7483448178115
 20
231.43321577368545
 10
146.9313580990729
 20
231.25020285573927
 10
146.99834355460465
 20
231.00020156587865
 10
146.93135547623268
 20
230.75020496797913
 10
146.74834272758605
 20
230.56719146567391
 10
146.49834431631047
 20
230.50020329239484
  0
LWPOLYLINE
  5
3AD
330
17
100
AcDbEntity
  8
02-OCULTA
100
AcDbPolyline
 90
7
 70
0
 10
183.9733443163105
 20
230.50020329239484
 10
183.723343805775
 20
230.5671908545535
 10
183.54033065804407
 20
230.7502038616318
 10
183.47334505504182
 20
231.00020510334588
 10
183.54033373903206
 20
231.25020127150006
 10
183.72334606024722
 20
231.43321493567356
 10
183.973344305744
 20
231.50020329239484
  0
LWPOLYLINE
  5
3AE
330
17
100
AcDbEntity
  8
02-OCULTA
100
AcDbPolyline
 90
150
 70
0
 10
146.49834431631047
 20
230.50020329239484
 10
146.74985438342458
 20
230.50020329239484
 10
147.00136445053866
 20
230.50020329239484
 10
147.25287451765274
 20
230.50020329239484
 10
147.50438458476685
 20
230.50020329239484
 10
147.75589465188094
 20
230.50020329239484
 10
148.00740471899505
 20
230.50020329239484
 10
148.25891478610913
 20
230.50020329239484
 10
148.5104248532232
 20
230.50020329239484
 10
148.76193492033732
 20
230.50020329239484
 10
149.0134449874514
 20
230.50020329239484
 10
149.26495505456552
 20
230.50020329239484
 10
149.5164651216796
 20
230.50020329239484
 10
149.76797518879368
 20
230.50020329239484
 10
150.0194852559078
 20
230.50020329239484
 10
150.27099532302188
 20
230.50020329239484
 10
150.52250539013596
 20
230.50020329239484
 10
150.77401545725007
 20
230.50020329239484
 10
151.02552552436416
 20
230.50020329239484
 10
151.27703559147827
 20
230.50020329239484
 10
151.52854565859235
 20
230.50020329239484
 10
151.78005572570646
 20
230.50020329239484
 10
152.03156579282054
 20
230.50020329239484
 10
152.28307585993463
 20
230.50020329239484
 10
152.53458592704874
 20
230.50020329239484
 10
152.78609599416282
 20
230.50020329239484
 10
153.0376060612769
 20
230.50020329239484
 10
153.28911612839102
 20
230.50020329239484
 10
153.5406261955051
 20
230.50020329239484
 10
153.7921362626192
 20
230.50020329239484
 10
154.0436463297333
 20
230.50020329239484
 10
154.29515639684737
 20
230.50020329239484
 10
154.5466664639615
 20
230.50020329239484
 10
154.79817653107557
 20
230.50020329239484
 10
155.04968659818968
 20
230.50020329239484
 10
155.30119666530376
 20
230.50020329239484
 10
155.55270673241785
 20
230.50020329239484
 10
155.80421679953196
 20
230.50020329239484
 10
156.05572686664604
 20
230.50020329239484
 10
156.30723693376015
 20
230.50020329239484
 10
156.55874700087423
 20
230.50020329239484
 10
156.81025706798832
 20
230.50020329239484
 10
157.06176713510243
 20
230.50020329239484
 10
157.3132772022165
 20
230.50020329239484
 10
157.56478726933062
 20
230.50020329239484
 10
157.8162973364447
 20
230.50020329239484
 10
158.0678074035588
 20
230.50020329239484
 10
158.3193174706729
 20
230.50020329239484
 10
158.57082753778698
 20
230.50020329239484
 10
158.82233760490107
 20
230.50020329239484
 10
159.07384767201518
 20
230.50020329239484
 10
159.32535773912926
 20
230.50020329239484
 10
159.57686780624337
 20
230.50020329239484
 10
159.82837787335745
 20
230.50020329239484
 10
160.07988794047156
 20
230.50020329239484
 10
160.33139800758565
 20
230.50020329239484
 10
160.58290807469973
 20
230.50020329239484
 10
160.83441814181384
 20
230.50020329239484
 10
161.08592820892792
 20
230.50020329239484
 10
161.337438276042
 20
230.50020329239484
 10
161.58894834315612
 20
230.50020329239484
 10
161.8404584102702
 20
230.50020329239484
 10
162.0919684773843
 20
230.50020329239484
 10
162.3434785444984
 20
230.50020329239484
 10
162.5949886116125
 20
230.50020329239484
 10
162.8464986787266
 20
230.50020329239484
 10
163.09800874584067
 20
230.50020329239484
 10
163.34951881295478
 20
230.50020329239484
 10
163.60102888006887
 20
230.50020329239484
 10
163.85253894718295
 20
230.50020329239484
 10
164.10404901429706
 20
230.50020329239484
 10
164.35555908141114
 20
230.50020329239484
 10
164.60706914852526
 20
230.50020329239484
 10
164.85857921563934
 20
230.50020329239484
 10
165.11008928275342
 20
230.50020329239484
 10
165.36159934986753
 20
230.50020329239484
 10
165.61310941698162
 20
230.50020329239484
 10
165.86461948409573
 20
230.50020329239484
 10
166.1161295512098
 20
230.50020329239484
 10
166.3676396183239
 20
230.50020329239484
 10
166.619149685438
 20
230.50020329239484
 10
166.8706597525521
 20
230.50020329239484
 10
167.1221698196662
 20
230.50020329239484
 10
167.37367988678028
 20
230.50020329239484
 10
167.62518995389436
 20
230.50020329239484
 10
167.87670002100847
 20
230.50020329239484
 10
168.12821008812256
 20
230.50020329239484
 10
168.37972015523664
 20
230.50020329239484
 10
168.63123022235075
 20
230.50020329239484
 10
168.88274028946483
 20
230.50020329239484
 10
169.13425035657895
 20
230.50020329239484
 10
169.38576042369303
 20
230.50020329239484
 10
169.6372704908071
 20
230.50020329239484
 10
169.88878055792122
 20
230.50020329239484
 10
170.1402906250353
 20
230.50020329239484
 10
170.39180069214942
 20
230.50020329239484
 10
170.6433107592635
 20
230.50020329239484
 10
170.89482082637758
 20
230.50020329239484
 10
171.1463308934917
 20
230.50020329239484
 10
171.39784096060578
 20
230.50020329239484
 10
171.6493510277199
 20
230.50020329239484
 10
171.90086109483397
 20
230.50020329239484
 10
172.15237116194805
 20
230.50020329239484
 10
172.40388122906216
 20
230.50020329239484
 10
172.65539129617625
 20
230.50020329239484
 10
172.90690136329036
 20
230.50020329239484
 10
173.15841143040444
 20
230.50020329239484
 10
173.40992149751852
 20
230.50020329239484
 10
173.66143156463264
 20
230.50020329239484
 10
173.91294163174672
 20
230.50020329239484
 10
174.16445169886083
 20
230.50020329239484
 10
174.4159617659749
 20
230.50020329239484
 10
174.667471833089
 20
230.50020329239484
 10
174.9189819002031
 20
230.50020329239484
 10
175.1704919673172
 20
230.50020329239484
 10
175.42200203443127
 20
230.50020329239484
 10
175.67351210154538
 20
230.50020329239484
 10
175.92502216865947
 20
230.50020329239484
 10
176.17653223577358
 20
230.50020329239484
 10
176.42804230288766
 20
230.50020329239484
 10
176.67955237000177
 20
230.50020329239484
 10
176.93106243711586
 20
230.50020329239484
 10
177.18257250422994
 20
230.50020329239484
 10
177.43408257134405
 20
230.50020329239484
 10
177.68559263845813
 20
230.50020329239484
 10
177.93710270557222
 20
230.50020329239484
 10
178.18861277268633
 20
230.50020329239484
 10
178.4401228398004
 20
230.50020329239484
 10
178.69163290691452
 20
230.50020329239484
 10
178.9431429740286
 20
230.50020329239484
 10
179.1946530411427
 20
230.50020329239484
 10
179.4461631082568
 20
230.50020329239484
 10
179.69767317537088
 20
230.50020329239484
 10
179.94918324248496
 20
230.50020329239484
 10
180.20069330959907
 20
230.50020329239484
 10
180.45220337671316
 20
230.50020329239484
 10
180.70371344382727
 20
230.50020329239484
 10
180.95522351094135
 20
230.50020329239484
 10
181.20673357805546
 20
230.50020329239484
 10
181.45824364516955
 20
230.50020329239484
 10
181.70975371228366
 20
230.50020329239484
 10
181.96126377939774
 20
230.50020329239484
 10
182.21277384651182
 20
230.50020329239484
 10
182.4642839136259
 20
230.50020329239484
 10
182.71579398074002
 20
230.50020329239484
 10
182.9673040478541
 20
230.50020329239484
 10
183.2188141149682
 20
230.50020329239484
 10
183.4703241820823
 20
230.50020329239484
 10
183.72183424919638
 20
230.50020329239484
 10
183.9733443163105
 20
230.50020329239484
  0
LWPOLYLINE
  5
3AF
330
17
100
AcDbEntity
  8
02-OCULTA
100
AcDbPolyline
 90
75
 70
0
 10
165.23584431631048
 20
230.50020329239484
 10
165.48905377576995
 20
230.50020329239484
 10
165.7422632352294
 20
230.50020329239484
 10
165.99547269468886
 20
230.50020329239484
 10
166.24868215414833
 20
230.50020329239484
 10
166.50189161360777
 20
230.50020329239484
 10
166.75510107306724
 20
230.50020329239484
 10
167.0083105325267
 20
230.50020329239484
 10
167.26151999198615
 20
230.50020329239484
 10
167.51472945144562
 20
230.50020329239484
 10
167.76793891090506
 20
230.50020329239484
 10
168.02114837036453
 20
230.50020329239484
 10
168.274357829824
 20
230.50020329239484
 10
168.52756728928344
 20
230.50020329239484
 10
168.7807767487429
 20
230.50020329239484
 10
169.03398620820238
 20
230.50020329239484
 10
169.28719566766182
 20
230.50020329239484
 10
169.5404051271213
 20
230.50020329239484
 10
169.79361458658076
 20
230.50020329239484
 10
170.0468240460402
 20
230.50020329239484
 10
170.30003350549967
 20
230.50020329239484
 10
170.55324296495914
 20
230.50020329239484
 10
170.80645242441858
 20
230.50020329239484
 10
171.05966188387805
 20
230.50020329239484
 10
171.31287134333752
 20
230.50020329239484
 10
171.56608080279696
 20
230.50020329239484
 10
171.81929026225643
 20
230.50020329239484
 10
172.07249972171587
 20
230.50020329239484
 10
172.32570918117534
 20
230.50020329239484
 10
172.5789186406348
 20
230.50020329239484
 10
172.83212810009425
 20
230.50020329239484
 10
173.08533755955372
 20
230.50020329239484
 10
173.3385470190132
 20
230.50020329239484
 10
173.59175647847263
 20
230.50020329239484
 10
173.8449659379321
 20
230.50020329239484
 10
174.09817539739157
 20
230.50020329239484
 10
174.351384856851
 20
230.50020329239484
 10
174.60459431631048
 20
230.50020329239484
 10
174.85780377576995
 20
230.50020329239484
 10
175.1110132352294
 20
230.50020329239484
 10
175.36422269468886
 20
230.50020329239484
 10
175.6174321541483
 20
230.50020329239484
 10
175.87064161360777
 20
230.50020329239484
 10
176.12385107306724
 20
230.50020329239484
 10
176.37706053252668
 20
230.50020329239484
 10
176.63026999198615
 20
230.50020329239484
 10
176.88347945144562
 20
230.50020329239484
 10
177.13668891090506
 20
230.50020329239484
 10
177.38989837036453
 20
230.50020329239484
 10
177.643107829824
 20
230.50020329239484
 10
177.89631728928345
 20
230.50020329239484
 10
178.14952674874291
 20
230.50020329239484
 10
178.40273620820238
 20
230.50020329239484
 10
178.65594566766183
 20
230.50020329239484
 10
178.9091551271213
 20
230.50020329239484
 10
179.16236458658076
 20
230.50020329239484
 10
179.4155740460402
 20
230.50020329239484
 10
179.66878350549968
 20
230.50020329239484
 10
179.92199296495914
 20
230.50020329239484
 10
180.1752024244186
 20
230.50020329239484
 10
180.42841188387806
 20
230.50020329239484
 10
180.6816213433375
 20
230.50020329239484
 10
180.93483080279697
 20
230.50020329239484
 10
181.18804026225644
 20
230.50020329239484
 10
181.44124972171588
 20
230.50020329239484
 10
181.69445918117535
 20
230.50020329239484
 10
181.94766864063482
 20
230.50020329239484
 10
182.20087810009426
 20
230.50020329239484
 10
182.45408755955373
 20
230.50020329239484
 10
182.7072970190132
 20
230.50020329239484
 10
182.96050647847264
 20
230.50020329239484
 10
183.2137159379321
 20
230.50020329239484
 10
183.46692539739158
 20
230.50020329239484
 10
183.72013485685102
 20
230.50020329239484
 10
183.9733443163105
 20
230.50020329239484
  0
LWPOLYLINE
  5
3B0
330
17
100
AcDbEntity
  8
02-OCULTA
100
AcDbPolyline
 90
7
 70
0
 10
157.48584431631048
 20
362.7502032923949
 10
157.50288150348797
 20
362.6207937851663
 10
157.5528318076011
 20
362.50020334180704
 10
157.63229000150343
 20
362.39664898540343
 10
157.73584441222872
 20
362.3171907205847
 10
157.85643497265295
 20
362.26724082344947
 10
157.98584431631048
 20
362.2502032923949
  0
LWPOLYLINE
  5
3B1
330
17
100
AcDbEntity
  8
02-OCULTA
100
AcDbPolyline
 90
7
 70
0
 10
172.96374866189117
 20
362.60320861484064
 10
172.92210299240338
 20
362.5059121216332
 10
172.86091158413728
 20
362.4195606673503
 10
172.78291535110066
 20
362.3480237808095
 10
172.69160967351846
 20
362.29450509822334
 10
172.59108436374134
 20
362.261404671789
 10
172.48584431631048
 20
362.2502032923949
  0
LWPOLYLINE
  5
3B2
330
17
100
AcDbEntity
  8
02-OCULTA
100
AcDbPolyline
 90
30
 70
0
 10
165.23584431631048
 20
363.2502032923949
 10
165.48584431631048
 20
363.2502032923949
 10
165.73584431631048
 20
363.2502032923949
 10
165.98584431631048
 20
363.2502032923949
 10
166.23584431631048
 20
363.2502032923949
 10
166.48584431631048
 20
363.2502032923949
 10
166.73584431631048
 20
363.2502032923949
 10
166.98584431631048
 20
363.2502032923949
 10
167.23584431631048
 20
363.2502032923949
 10
167.48584431631048
 20
363.2502032923949
 10
167.73584431631048
 20
363.2502032923949
 10
167.98584431631048
 20
363.2502032923949
 10
168.23584431631048
 20
363.2502032923949
 10
168.48584431631048
 20
363.2502032923949
 10
168.73584431631048
 20
363.2502032923949
 10
168.98584431631048
 20
363.2502032923949
 10
169.23584431631048
 20
363.2502032923949
 10
169.48584431631048
 20
363.2502032923949
 10
169.73584431631048
 20
363.2502032923949
 10
169.98584431631048
 20
363.2502032923949
 10
170.23584431631048
 20
363.2502032923949
 10
170.48584431631048
 20
363.2502032923949
 10
170.73584431631048
 20
363.2502032923949
 10
170.98584431631048
 20
363.2502032923949
 10
171.23584431631048
 20
363.2502032923949
 10
171.48584431631048
 20
363.2502032923949
 10
171.73584431631048
 20
363.2502032923949
 10
171.98584431631048
 20
363.2502032923949
 10
172.23584431631048
 20
363.2502032923949
 10
172.48584431631048
 20
363.2502032923949
  0
LWPOLYLINE
  5
3B3
330
17
100
AcDbEntity
  8
02-OCULTA
100
AcDbPolyline
 90
30
 70
0
 10
165.23584431631048
 20
362.2502032923949
 10
165.48584431631048
 20
362.2502032923949
 10
165.73584431631048
 20
362.2502032923949
 10
165.98584431631048
 20
362.2502032923949
 10
166.23584431631048
 20
362.2502032923949
 10
166.48584431631048
 20
362.2502032923949
 10
166.73584431631048
 20
362.2502032923949
 10
166.98584431631048
 20
362.2502032923949
 10
167.23584431631048
 20
362.2502032923949
 10
167.48584431631048
 20
362.2502032923949
 10
167.73584431631048
 20
362.2502032923949
 10
167.98584431631048
 20
362.2502032923949
 10
168.23584431631048
 20
362.2502032923949
 10
168.48584431631048
 20
362.2502032923949
 10
168.73584431631048
 20
362.2502032923949
 10
168.98584431631048
 20
362.2502032923949
 10
169.23584431631048
 20
362.2502032923949
 10
169.48584431631048
 20
362.2502032923949
 10
169.73584431631048
 20
362.2502032923949
 10
169.98584431631048
 20
362.2502032923949
 10
170.23584431631048
 20
362.2502032923949
 10
170.48584431631048
 20
362.2502032923949
 10
170.73584431631048
 20
362.2502032923949
 10
170.98584431631048
 20
362.2502032923949
 10
171.23584431631048
 20
362.2502032923949
 10
171.48584431631048
 20
362.2502032923949
 10
171.73584431631048
 20
362.2502032923949
 10
171.98584431631048
 20
362.2502032923949
 10
172.23584431631048
 20
362.2502032923949
 10
172.48584431631048
 20
362.2502032923949
  0
LWPOLYLINE
  5
3B4
330
17
100
AcDbEntity
  8
02-OCULTA
100
AcDbPolyline
 90
30
 70
0
 10
165.23584431631048
 20
363.2502032923949
 10
164.98584431516355
 20
363.2502032923949
 10
164.73584431401662
 20
363.2502032923949
 10
164.4858443128697
 20
363.2502032923949
 10
164.23584431172276
 20
363.2502032923949
 10
163.98584431057583
 20
363.2502032923949
 10
163.7358443094289
 20
363.2502032923949
 10
163.48584430828197
 20
363.2502032923949
 10
163.23584430713504
 20
363.2502032923949
 10
162.9858443059881
 20
363.2502032923949
 10
162.73584430484118
 20
363.2502032923949
 10
162.48584430369425
 20
363.2502032923949
 10
162.23584430254732
 20
363.2502032923949
 10
161.9858443014004
 20
363.2502032923949
 10
161.73584430025346
 20
363.2502032923949
 10
161.48584429910653
 20
363.2502032923949
 10
161.2358442979596
 20
363.2502032923949
 10
160.98584429681267
 20
363.2502032923949
 10
160.73584429566574
 20
363.2502032923949
 10
160.4858442945188
 20
363.2502032923949
 10
160.23584429337188
 20
363.2502032923949
 10
159.98584429222495
 20
363.2502032923949
 10
159.73584429107802
 20
363.2502032923949
 10
159.4858442899311
 20
363.2502032923949
 10
159.23584428878416
 20
363.2502032923949
 10
158.98584428763724
 20
363.2502032923949
 10
158.7358442864903
 20
363.2502032923949
 10
158.48584428534338
 20
363.2502032923949
 10
158.23584428419645
 20
363.2502032923949
 10
157.98584428304952
 20
363.2502032923949
  0
LWPOLYLINE
  5
3B5
330
17
100
AcDbEntity
  8
02-OCULTA
100
AcDbPolyline
 90
7
 70
0
 10
157.98584428304952
 20
363.2502032923949
 10
158.23582685636603
 20
363.18322614702714
 10
158.41884713826641
 20
363.0002461664411
 10
158.48584673445248
 20
362.7502651857586
 10
158.41891160245743
 20
362.5002666366812
 10
158.23593409889173
 20
362.3172421613745
 10
157.98596806322004
 20
362.25020328415667
  0
LWPOLYLINE
  5
3B6
330
17
100
AcDbEntity
  8
02-OCULTA
100
AcDbPolyline
 90
7
 70
0
 10
172.48584431631048
 20
362.2502032923949
 10
172.23584421382802
 20
362.3171908383554
 10
172.05283519816575
 20
362.50020533768276
 10
171.9858433979673
 20
362.750203111083
 10
172.0528285492753
 20
363.0002052774848
 10
172.2358440626075
 20
363.1832165800019
 10
172.48584431631048
 20
363.2502032923949
  0
LWPOLYLINE
  5
3B7
330
17
100
AcDbEntity
  8
02-OCULTA
100
AcDbPolyline
 90
30
 70
0
 10
157.98584431631048
 20
362.2502032923949
 10
158.23584431631048
 20
362.2502032923949
 10
158.48584431631048
 20
362.2502032923949
 10
158.73584431631048
 20
362.2502032923949
 10
158.98584431631048
 20
362.2502032923949
 10
159.23584431631048
 20
362.2502032923949
 10
159.48584431631048
 20
362.2502032923949
 10
159.73584431631048
 20
362.2502032923949
 10
159.98584431631048
 20
362.2502032923949
 10
160.23584431631048
 20
362.2502032923949
 10
160.48584431631048
 20
362.2502032923949
 10
160.73584431631048
 20
362.2502032923949
 10
160.98584431631048
 20
362.2502032923949
 10
161.23584431631048
 20
362.2502032923949
 10
161.48584431631048
 20
362.2502032923949
 10
161.73584431631048
 20
362.2502032923949
 10
161.98584431631048
 20
362.2502032923949
 10
162.23584431631048
 20
362.2502032923949
 10
162.48584431631048
 20
362.2502032923949
 10
162.73584431631048
 20
362.2502032923949
 10
162.98584431631048
 20
362.2502032923949
 10
163.23584431631048
 20
362.2502032923949
 10
163.48584431631048
 20
362.2502032923949
 10
163.73584431631048
 20
362.2502032923949
 10
163.98584431631048
 20
362.2502032923949
 10
164.23584431631048
 20
362.2502032923949
 10
164.48584431631048
 20
362.2502032923949
 10
164.73584431631048
 20
362.2502032923949
 10
164.98584431631048
 20
362.2502032923949
 10
165.23584431631048
 20
362.2502032923949
  0
LWPOLYLINE
  5
3B8
330
17
100
AcDbEntity
  8
02-OCULTA
100
AcDbPolyline
 90
59
 70
0
 10
157.98584431631048
 20
362.2502032923949
 10
158.23584431631048
 20
362.2502032923949
 10
158.48584431631048
 20
362.2502032923949
 10
158.73584431631048
 20
362.2502032923949
 10
158.98584431631048
 20
362.2502032923949
 10
159.23584431631048
 20
362.2502032923949
 10
159.48584431631048
 20
362.2502032923949
 10
159.73584431631048
 20
362.2502032923949
 10
159.98584431631048
 20
362.2502032923949
 10
160.23584431631048
 20
362.2502032923949
 10
160.48584431631048
 20
362.2502032923949
 10
160.73584431631048
 20
362.2502032923949
 10
160.98584431631048
 20
362.2502032923949
 10
161.23584431631048
 20
362.2502032923949
 10
161.48584431631048
 20
362.2502032923949
 10
161.73584431631048
 20
362.2502032923949
 10
161.98584431631048
 20
362.2502032923949
 10
162.23584431631048
 20
362.2502032923949
 10
162.48584431631048
 20
362.2502032923949
 10
162.73584431631048
 20
362.2502032923949
 10
162.98584431631048
 20
362.2502032923949
 10
163.23584431631048
 20
362.2502032923949
 10
163.48584431631048
 20
362.2502032923949
 10
163.73584431631048
 20
362.2502032923949
 10
163.98584431631048
 20
362.2502032923949
 10
164.23584431631048
 20
362.2502032923949
 10
164.48584431631048
 20
362.2502032923949
 10
164.73584431631048
 20
362.2502032923949
 10
164.98584431631048
 20
362.2502032923949
 10
165.23584431631048
 20
362.2502032923949
 10
165.48584431631048
 20
362.2502032923949
 10
165.73584431631048
 20
362.2502032923949
 10
165.98584431631048
 20
362.2502032923949
 10
166.23584431631048
 20
362.2502032923949
 10
166.48584431631048
 20
362.2502032923949
 10
166.73584431631048
 20
362.2502032923949
 10
166.98584431631048
 20
362.2502032923949
 10
167.23584431631048
 20
362.2502032923949
 10
167.48584431631048
 20
362.2502032923949
 10
167.73584431631048
 20
362.2502032923949
 10
167.98584431631048
 20
362.2502032923949
 10
168.23584431631048
 20
362.2502032923949
 10
168.48584431631048
 20
362.2502032923949
 10
168.73584431631048
 20
362.2502032923949
 10
168.98584431631048
 20
362.2502032923949
 10
169.23584431631048
 20
362.2502032923949
 10
169.48584431631048
 20
362.2502032923949
 10
169.73584431631048
 20
362.2502032923949
 10
169.98584431631048
 20
362.2502032923949
 10
170.23584431631048
 20
362.2502032923949
 10
170.48584431631048
 20
362.2502032923949
 10
170.73584431631048
 20
362.2502032923949
 10
170.98584431631048
 20
362.2502032923949
 10
171.23584431631048
 20
362.2502032923949
 10
171.48584431631048
 20
362.2502032923949
 10
171.73584431631048
 20
362.2502032923949
 10
171.98584431631048
 20
362.2502032923949
 10
172.23584431631048
 20
362.2502032923949
 10
172.48584431631048
 20
362.2502032923949
  0
LINE
  5
3B9
330
17
100
AcDbEntity
  8
02-OCULTA
100
AcDbLine
 10
173.68584431631047
 20
371.8043237257519
 30
0.0
 11
173.68584431631047
 21
373.0002032923949
 31
0.0
  0
LINE
  5
3BA
330
17
100
AcDbEntity
  8
02-OCULTA
100
AcDbLine
 10
169.32984431631047
 20
369.0002032923949
 30
0.0
 11
169.32984431631047
 21
373.0002032923949
 31
0.0
  0
LINE
  5
3BB
330
17
100
AcDbEntity
  8
02-OCULTA
100
AcDbLine
 10
161.14184431631048
 20
369.0002032923949
 30
0.0
 11
161.14184431631048
 21
373.0002032923949
 31
0.0
  0
LINE
  5
3BC
330
17
100
AcDbEntity
  8
02-OCULTA
100
AcDbLine
 10
170.32984431631047
 20
364.2002032923948
 30
0.0
 11
170.32984431631047
 21
369.0002032923949
 31
0.0
  0
LINE
  5
3BD
330
17
100
AcDbEntity
  8
02-OCULTA
100
AcDbLine
 10
160.14184431631048
 20
364.2002032923948
 30
0.0
 11
160.14184431631048
 21
369.0002032923949
 31
0.0
  0
LINE
  5
3BE
330
17
100
AcDbEntity
  8
02-OCULTA
100
AcDbLine
 10
169.12984431631048
 20
364.2002032923948
 30
0.0
 11
169.12984431631048
 21
369.0002032923949
 31
0.0
  0
LINE
  5
3BF
330
17
100
AcDbEntity
  8
02-OCULTA
100
AcDbLine
 10
161.34184431631047
 20
364.2002032923948
 30
0.0
 11
161.34184431631047
 21
369.0002032923949
 31
0.0
  0
LWPOLYLINE
  5
3C0
330
17
100
AcDbEntity
  8
02-OCULTA
100
AcDbPolyline
 90
7
 70
0
 10
177.63584431631048
 20
372.76432372575186
 10
177.76007763046852
 20
372.7479680772939
 10
177.8758476266817
 20
372.70002153762925
 10
177.9752537499374
 20
372.62373334952156
 10
178.0515373113675
 20
372.524324019333
 10
178.09948720981757
 20
372.40855579688
 10
178.11584431631047
 20
372.2843237257519
  0
LINE
  5
3C1
330
17
100
AcDbEntity
  8
02-OCULTA
100
AcDbLine
 10
166.83584431631047
 20
383.0531495348622
 30
0.0
 11
166.83584431631047
 21
384.75314953486213
 31
0.0
  0
LINE
  5
3C2
330
17
100
AcDbEntity
  8
02-OCULTA
100
AcDbLine
 10
163.63584431631048
 20
383.0531495348622
 30
0.0
 11
163.63584431631048
 21
384.75314953486213
 31
0.0
  0
LINE
  5
3C3
330
17
100
AcDbEntity
  8
02-OCULTA
100
AcDbLine
 10
175.63584431631048
 20
382.5131495348622
 30
0.0
 11
173.23584431631048
 21
382.5131495348622
 31
0.0
  0
LINE
  5
3C4
330
17
100
AcDbEntity
  8
02-OCULTA
100
AcDbLine
 10
170.83584431631047
 20
382.5131495348622
 30
0.0
 11
159.63584431631048
 21
382.5131495348622
 31
0.0
  0
LWPOLYLINE
  5
3C5
330
17
100
AcDbEntity
  8
02-OCULTA
100
AcDbPolyline
 90
29
 70
0
 10
175.07584431631048
 20
383.0962606464234
 10
175.07584431631048
 20
382.84114953529627
 10
175.07584431631048
 20
382.58603842416903
 10
175.07584431631048
 20
382.33092731304185
 10
175.07584431631048
 20
382.0758162019147
 10
175.07584431631048
 20
381.8207050907875
 10
175.07584431631048
 20
381.5655939796603
 10
175.07584431631048
 20
381.3104828685331
 10
175.07584431631048
 20
381.05537175740596
 10
175.07584431631048
 20
380.80026064627873
 10
175.07584431631048
 20
380.54514953515155
 10
175.07584431631048
 20
380.2900384240244
 10
175.07584431631048
 20
380.03492731289714
 10
175.07584431631048
 20
379.77981620177
 10
175.07584431631048
 20
379.5247050906428
 10
175.07584431631048
 20
379.2695939795156
 10
175.07584431631048
 20
379.0144828683884
 10
175.07584431631048
 20
378.75937175726125
 10
175.07584431631048
 20
378.50426064613407
 10
175.07584431631048
 20
378.24914953500684
 10
175.07584431631048
 20
377.99403842387966
 10
175.07584431631048
 20
377.7389273127525
 10
175.07584431631048
 20
377.4838162016253
 10
175.07584431631048
 20
377.2287050904981
 10
175.07584431631048
 20
376.9735939793709
 10
175.07584431631048
 20
376.71848286824377
 10
175.07584431631048
 20
376.46337175711653
 10
175.07584431631048
 20
376.2082606459894
 10
175.07584431631048
 20
375.9531495348622
  0
LWPOLYLINE
  5
3C6
330
17
100
AcDbEntity
  8
02-OCULTA
100
AcDbPolyline
 90
7
 70
0
 10
175.63584431631048
 20
375.3931495348622
 10
175.49090790871375
 20
375.4122335374026
 10
175.35584589672365
 20
375.4681795507016
 10
175.2398579569847
 20
375.5571631755364
 10
175.15087433214995
 20
375.67315111527535
 10
175.09492831885092
 20
375.8082131272655
 10
175.07584431631048
 20
375.9531495348622
  0
LWPOLYLINE
  5
3C7
330
17
100
AcDbEntity
  8
02-OCULTA
100
AcDbPolyline
 90
29
 70
0
 10
175.07584431631048
 20
383.0962606464234
 10
175.07584431631048
 20
382.84114953529627
 10
175.07584431631048
 20
382.58603842416903
 10
175.07584431631048
 20
382.33092731304185
 10
175.07584431631048
 20
382.0758162019147
 10
175.07584431631048
 20
381.8207050907875
 10
175.07584431631048
 20
381.5655939796603
 10
175.07584431631048
 20
381.3104828685331
 10
175.07584431631048
 20
381.05537175740596
 10
175.07584431631048
 20
380.80026064627873
 10
175.07584431631048
 20
380.54514953515155
 10
175.07584431631048
 20
380.2900384240244
 10
175.07584431631048
 20
380.03492731289714
 10
175.07584431631048
 20
379.77981620177
 10
175.07584431631048
 20
379.5247050906428
 10
175.07584431631048
 20
379.2695939795156
 10
175.07584431631048
 20
379.0144828683884
 10
175.07584431631048
 20
378.7593717572612
 10
175.07584431631048
 20
378.50426064613407
 10
175.07584431631048
 20
378.24914953500684
 10
175.07584431631048
 20
377.99403842387966
 10
175.07584431631048
 20
377.7389273127525
 10
175.07584431631048
 20
377.4838162016253
 10
175.07584431631048
 20
377.2287050904981
 10
175.07584431631048
 20
376.9735939793709
 10
175.07584431631048
 20
376.71848286824377
 10
175.07584431631048
 20
376.46337175711653
 10
175.07584431631048
 20
376.20826064598936
 10
175.07584431631048
 20
375.9531495348622
  0
LWPOLYLINE
  5
3C8
330
17
100
AcDbEntity
  8
02-OCULTA
100
AcDbPolyline
 90
8
 70
0
 10
175.07584431631048
 20
375.9531495348622
 10
175.13130138902727
 20
376.19612467597153
 10
175.28668979721
 20
376.3909756621832
 10
175.51123268209204
 20
376.49910963533296
 10
175.7604565926903
 20
376.499110434729
 10
175.98499913351702
 20
376.39097522384645
 10
176.14038760955597
 20
376.1961249760591
 10
176.19584431631048
 20
375.95314960349884
  0
LWPOLYLINE
  5
3C9
330
17
100
AcDbEntity
  8
02-OCULTA
100
AcDbPolyline
 90
29
 70
0
 10
176.19584431631048
 20
375.9531495348622
 10
176.19584431631048
 20
376.21029239200504
 10
176.19584431631048
 20
376.4674352491479
 10
176.19584431631048
 20
376.7245781062908
 10
176.19584431631048
 20
376.98172096343365
 10
176.19584431631048
 20
377.23886382057646
 10
176.19584431631048
 20
377.4960066777193
 10
176.19584431631048
 20
377.7531495348622
 10
176.19584431631048
 20
378.010292392005
 10
176.19584431631048
 20
378.26743524914787
 10
176.19584431631048
 20
378.52457810629073
 10
176.19584431631048
 20
378.7817209634336
 10
176.19584431631048
 20
379.03886382057647
 10
176.19584431631048
 20
379.29600667771933
 10
176.19584431631048
 20
379.5531495348622
 10
176.19584431631048
 20
379.81029239200507
 10
176.19584431631048
 20
380.0674352491479
 10
176.19584431631048
 20
380.32457810629074
 10
176.19584431631048
 20
380.5817209634336
 10
176.19584431631048
 20
380.8388638205764
 10
176.19584431631048
 20
381.0960066777193
 10
176.19584431631048
 20
381.35314953486215
 10
176.19584431631048
 20
381.610292392005
 10
176.19584431631048
 20
381.8674352491479
 10
176.19584431631048
 20
382.12457810629076
 10
176.19584431631048
 20
382.3817209634336
 10
176.19584431631048
 20
382.6388638205765
 10
176.19584431631048
 20
382.8960066777193
 10
176.19584431631048
 20
383.15314953486217
  0
LWPOLYLINE
  5
3CA
330
17
100
AcDbEntity
  8
02-OCULTA
100
AcDbPolyline
 90
29
 70
0
 10
176.19584431631048
 20
375.9531495348622
 10
176.19584431631048
 20
376.21029239200504
 10
176.19584431631048
 20
376.4674352491479
 10
176.19584431631048
 20
376.7245781062908
 10
176.19584431631048
 20
376.9817209634336
 10
176.19584431631048
 20
377.23886382057646
 10
176.19584431631048
 20
377.4960066777193
 10
176.19584431631048
 20
377.75314953486213
 10
176.19584431631048
 20
378.010292392005
 10
176.19584431631048
 20
378.26743524914787
 10
176.19584431631048
 20
378.52457810629073
 10
176.19584431631048
 20
378.7817209634336
 10
176.19584431631048
 20
379.03886382057647
 10
176.19584431631048
 20
379.29600667771933
 10
176.19584431631048
 20
379.5531495348622
 10
176.19584431631048
 20
379.81029239200507
 10
176.19584431631048
 20
380.0674352491479
 10
176.19584431631048
 20
380.32457810629074
 10
176.19584431631048
 20
380.58172096343355
 10
176.19584431631048
 20
380.8388638205764
 10
176.19584431631048
 20
381.0960066777193
 10
176.19584431631048
 20
381.35314953486215
 10
176.19584431631048
 20
381.610292392005
 10
176.19584431631048
 20
381.8674352491479
 10
176.19584431631048
 20
382.12457810629076
 10
176.19584431631048
 20
382.3817209634336
 10
176.19584431631048
 20
382.63886382057643
 10
176.19584431631048
 20
382.8960066777193
 10
176.19584431631048
 20
383.15314953486217
  0
LWPOLYLINE
  5
3CB
330
17
100
AcDbEntity
  8
02-OCULTA
100
AcDbPolyline
 90
7
 70
0
 10
175.63584431631048
 20
375.3931495348622
 10
175.7807830093715
 20
375.41223110631904
 10
175.91584435673914
 20
375.4681754211239
 10
176.03182490168504
 20
375.55716885207994
 10
176.12081864888202
 20
375.67314953632996
 10
176.17676200179804
 20
375.8082111921806
 10
176.19584431631048
 20
375.9531495348622
  0
LINE
  5
3CC
330
17
100
AcDbEntity
  8
02-OCULTA
100
AcDbLine
 10
167.63584431631048
 20
229.62520329239484
 30
0.0
 11
167.63584431631048
 21
364.2002032923948
 31
0.0
  0
LINE
  5
3CD
330
17
100
AcDbEntity
  8
02-OCULTA
100
AcDbLine
 10
162.83584431631047
 20
229.62520329239484
 30
0.0
 11
162.83584431631047
 21
364.2002032923948
 31
0.0
  0
LINE
  5
3CE
330
17
100
AcDbEntity
  8
02-OCULTA
100
AcDbLine
 10
167.0358443163105
 20
229.62520329239484
 30
0.0
 11
167.0358443163105
 21
364.2002032923948
 31
0.0
  0
LINE
  5
3CF
330
17
100
AcDbEntity
  8
02-OCULTA
100
AcDbLine
 10
163.43584431631047
 20
229.62520329239484
 30
0.0
 11
163.43584431631047
 21
364.2002032923948
 31
0.0
  0
LINE
  5
3D0
330
17
100
AcDbEntity
  8
01-VISIBLE
100
AcDbLine
 10
184.4733443163105
 20
231.50020329239484
 30
0.0
 11
184.4733443163105
 21
356.3752779440232
 31
0.0
  0
LWPOLYLINE
  5
3D1
330
17
100
AcDbEntity
  8
01-VISIBLE
100
AcDbPolyline
 90
66
 70
0
 10
156.7858443163105
 20
373.0002032923949
 10
157.0389212393874
 20
373.0002032923949
 10
157.29199816246432
 20
373.0002032923949
 10
157.54507508554124
 20
373.0002032923949
 10
157.79815200861816
 20
373.0002032923949
 10
158.05122893169508
 20
373.0002032923949
 10
158.30430585477202
 20
373.0002032923949
 10
158.55738277784894
 20
373.0002032923949
 10
158.81045970092586
 20
373.0002032923949
 10
159.06353662400278
 20
373.0002032923949
 10
159.3166135470797
 20
373.0002032923949
 10
159.56969047015664
 20
373.0002032923949
 10
159.82276739323356
 20
373.0002032923949
 10
160.07584431631048
 20
373.0002032923949
 10
160.3289212393874
 20
373.0002032923949
 10
160.58199816246432
 20
373.0002032923949
 10
160.83507508554123
 20
373.0002032923949
 10
161.08815200861818
 20
373.0002032923949
 10
161.3412289316951
 20
373.0002032923949
 10
161.59430585477202
 20
373.0002032923949
 10
161.84738277784894
 20
373.0002032923949
 10
162.10045970092585
 20
373.0002032923949
 10
162.35353662400277
 20
373.0002032923949
 10
162.60661354707972
 20
373.0002032923949
 10
162.85969047015664
 20
373.0002032923949
 10
163.11276739323355
 20
373.0002032923949
 10
163.36584431631047
 20
373.0002032923949
 10
163.6189212393874
 20
373.0002032923949
 10
163.87199816246434
 20
373.0002032923949
 10
164.12507508554125
 20
373.0002032923949
 10
164.37815200861817
 20
373.0002032923949
 10
164.6312289316951
 20
373.0002032923949
 10
164.884305854772
 20
373.0002032923949
 10
165.13738277784893
 20
373.0002032923949
 10
165.39045970092587
 20
373.0002032923949
 10
165.6435366240028
 20
373.0002032923949
 10
165.8966135470797
 20
373.0002032923949
 10
166.14969047015663
 20
373.0002032923949
 10
166.40276739323355
 20
373.0002032923949
 10
166.65584431631046
 20
373.0002032923949
 10
166.9089212393874
 20
373.0002032923949
 10
167.16199816246433
 20
373.0002032923949
 10
167.41507508554125
 20
373.0002032923949
 10
167.66815200861816
 20
373.0002032923949
 10
167.92122893169508
 20
373.0002032923949
 10
168.17430585477203
 20
373.0002032923949
 10
168.42738277784895
 20
373.0002032923949
 10
168.68045970092587
 20
373.0002032923949
 10
168.93353662400278
 20
373.0002032923949
 10
169.1866135470797
 20
373.0002032923949
 10
169.43969047015662
 20
373.0002032923949
 10
169.69276739323357
 20
373.0002032923949
 10
169.94584431631048
 20
373.0002032923949
 10
170.1989212393874
 20
373.0002032923949
 10
170.45199816246432
 20
373.0002032923949
 10
170.70507508554124
 20
373.0002032923949
 10
170.95815200861819
 20
373.0002032923949
 10
171.2112289316951
 20
373.0002032923949
 10
171.46430585477202
 20
373.0002032923949
 10
171.71738277784894
 20
373.0002032923949
 10
171.97045970092586
 20
373.0002032923949
 10
172.22353662400278
 20
373.0002032923949
 10
172.47661354707972
 20
373.0002032923949
 10
172.72969047015664
 20
373.0002032923949
 10
172.98276739323356
 20
373.0002032923949
 10
173.23584431631048
 20
373.0002032923949
  0
LWPOLYLINE
  5
3D2
330
17
100
AcDbEntity
  8
01-VISIBLE
100
AcDbPolyline
 90
68
 70
0
 10
156.7858443163105
 20
369.0002032923949
 10
157.03808312228063
 20
369.0002032923949
 10
157.29032192825076
 20
369.0002032923949
 10
157.54256073422093
 20
369.0002032923949
 10
157.79479954019106
 20
369.0002032923949
 10
158.04703834616123
 20
369.0002032923949
 10
158.29927715213137
 20
369.0002032923949
 10
158.55151595810153
 20
369.0002032923949
 10
158.80375476407167
 20
369.0002032923949
 10
159.0559935700418
 20
369.0002032923949
 10
159.30823237601197
 20
369.0002032923949
 10
159.5604711819821
 20
369.0002032923949
 10
159.81270998795227
 20
369.0002032923949
 10
160.0649487939224
 20
369.0002032923949
 10
160.31718759989258
 20
369.0002032923949
 10
160.5694264058627
 20
369.0002032923949
 10
160.82166521183288
 20
369.0002032923949
 10
161.07390401780302
 20
369.0002032923949
 10
161.32614282377315
 20
369.0002032923949
 10
161.57838162974332
 20
369.0002032923949
 10
161.83062043571346
 20
369.0002032923949
 10
162.08285924168362
 20
369.0002032923949
 10
162.33509804765376
 20
369.0002032923949
 10
162.58733685362392
 20
369.0002032923949
 10
162.83957565959406
 20
369.0002032923949
 10
163.0918144655642
 20
369.0002032923949
 10
163.34405327153436
 20
369.0002032923949
 10
163.5962920775045
 20
369.0002032923949
 10
163.84853088347467
 20
369.0002032923949
 10
164.1007696894448
 20
369.0002032923949
 10
164.35300849541494
 20
369.0002032923949
 10
164.6052473013851
 20
369.0002032923949
 10
164.85748610735524
 20
369.0002032923949
 10
165.1097249133254
 20
369.0002032923949
 10
165.36196371929555
 20
369.0002032923949
 10
165.6142025252657
 20
369.0002032923949
 10
165.86644133123585
 20
369.0002032923949
 10
166.11868013720598
 20
369.0002032923949
 10
166.37091894317615
 20
369.0002032923949
 10
166.6231577491463
 20
369.0002032923949
 10
166.87539655511645
 20
369.0002032923949
 10
167.1276353610866
 20
369.0002032923949
 10
167.37987416705676
 20
369.0002032923949
 10
167.6321129730269
 20
369.0002032923949
 10
167.88435177899703
 20
369.0002032923949
 10
168.1365905849672
 20
369.0002032923949
 10
168.38882939093733
 20
369.0002032923949
 10
168.6410681969075
 20
369.0002032923949
 10
168.89330700287763
 20
369.0002032923949
 10
169.1455458088478
 20
369.0002032923949
 10
169.39778461481794
 20
369.0002032923949
 10
169.65002342078807
 20
369.0002032923949
 10
169.90226222675824
 20
369.0002032923949
 10
170.15450103272838
 20
369.0002032923949
 10
170.40673983869854
 20
369.0002032923949
 10
170.65897864466868
 20
369.0002032923949
 10
170.91121745063884
 20
369.0002032923949
 10
171.16345625660898
 20
369.0002032923949
 10
171.41569506257912
 20
369.0002032923949
 10
171.66793386854928
 20
369.0002032923949
 10
171.92017267451942
 20
369.0002032923949
 10
172.1724114804896
 20
369.0002032923949
 10
172.42465028645972
 20
369.0002032923949
 10
172.6768890924299
 20
369.0002032923949
 10
172.92912789840003
 20
369.0002032923949
 10
173.18136670437016
 20
369.0002032923949
 10
173.43360551034033
 20
369.0002032923949
 10
173.68584431631047
 20
369.0002032923949
  0
LINE
  5
3D3
330
17
100
AcDbEntity
  8
01-VISIBLE
100
AcDbLine
 10
170.83584431631047
 20
373.0002032923949
 30
0.0
 11
170.83584431631047
 21
382.75314953486213
 31
0.0
  0
LINE
  5
3D4
330
17
100
AcDbEntity
  8
01-VISIBLE
100
AcDbLine
 10
159.63584431631048
 20
373.0002032923949
 30
0.0
 11
159.63584431631048
 21
382.75314953486213
 31
0.0
  0
CIRCLE
  5
3D5
330
17
100
AcDbEntity
  8
01-VISIBLE
100
AcDbCircle
 10
165.23584431631048
 20
376.69373447725843
 30
0.0
 40
2.8000000000000003
  0
LINE
  5
3D6
330
17
100
AcDbEntity
  8
01-VISIBLE
100
AcDbLine
 10
170.83584431631047
 20
377.0043237257519
 30
0.0
 11
173.13584431631048
 21
377.0043237257519
 31
0.0
  0
LWPOLYLINE
  5
3D7
330
17
100
AcDbEntity
  8
01-VISIBLE
100
AcDbPolyline
 90
15
 70
0
 10
173.13584431631048
 20
380.6043237257519
 10
173.13584431631048
 20
380.34718086860903
 10
173.13584431631048
 20
380.09003801146616
 10
173.13584431631048
 20
379.8328951543233
 10
173.13584431631048
 20
379.57575229718043
 10
173.13584431631048
 20
379.31860944003756
 10
173.13584431631048
 20
379.06146658289475
 10
173.13584431631048
 20
378.8043237257519
 10
173.13584431631048
 20
378.547180868609
 10
173.13584431631048
 20
378.2900380114662
 10
173.13584431631048
 20
378.03289515432334
 10
173.13584431631048
 20
377.7757522971805
 10
173.13584431631048
 20
377.5186094400376
 10
173.13584431631048
 20
377.26146658289474
 10
173.13584431631048
 20
377.0043237257519
  0
LWPOLYLINE
  5
3D8
330
17
100
AcDbEntity
  8
01-VISIBLE
100
AcDbPolyline
 90
57
 70
0
 10
177.63584431631048
 20
385.8043237257519
 10
177.63584431631048
 20
385.5543237257519
 10
177.63584431631048
 20
385.3043237257519
 10
177.63584431631048
 20
385.0543237257519
 10
177.63584431631048
 20
384.8043237257519
 10
177.63584431631048
 20
384.5543237257519
 10
177.63584431631048
 20
384.3043237257519
 10
177.63584431631048
 20
384.0543237257519
 10
177.63584431631048
 20
383.8043237257519
 10
177.63584431631048
 20
383.5543237257519
 10
177.63584431631048
 20
383.3043237257519
 10
177.63584431631048
 20
383.0543237257519
 10
177.63584431631048
 20
382.8043237257519
 10
177.63584431631048
 20
382.5543237257519
 10
177.63584431631048
 20
382.3043237257519
 10
177.63584431631048
 20
382.0543237257519
 10
177.63584431631048
 20
381.8043237257519
 10
177.63584431631048
 20
381.5543237257519
 10
177.63584431631048
 20
381.3043237257519
 10
177.63584431631048
 20
381.0543237257519
 10
177.63584431631048
 20
380.8043237257519
 10
177.63584431631048
 20
380.5543237257519
 10
177.63584431631048
 20
380.3043237257519
 10
177.63584431631048
 20
380.0543237257519
 10
177.63584431631048
 20
379.8043237257519
 10
177.63584431631048
 20
379.5543237257519
 10
177.63584431631048
 20
379.3043237257519
 10
177.63584431631048
 20
379.0543237257519
 10
177.63584431631048
 20
378.8043237257519
 10
177.63584431631048
 20
378.5543237257519
 10
177.63584431631048
 20
378.3043237257519
 10
177.63584431631048
 20
378.0543237257519
 10
177.63584431631048
 20
377.8043237257519
 10
177.63584431631048
 20
377.5543237257519
 10
177.63584431631048
 20
377.3043237257519
 10
177.63584431631048
 20
377.0543237257519
 10
177.63584431631048
 20
376.8043237257519
 10
177.63584431631048
 20
376.5543237257519
 10
177.63584431631048
 20
376.3043237257519
 10
177.63584431631048
 20
376.0543237257519
 10
177.63584431631048
 20
375.8043237257519
 10
177.63584431631048
 20
375.5543237257519
 10
177.63584431631048
 20
375.3043237257519
 10
177.63584431631048
 20
375.0543237257519
 10
177.63584431631048
 20
374.8043237257519
 10
177.63584431631048
 20
374.5543237257519
 10
177.63584431631048
 20
374.3043237257519
 10
177.63584431631048
 20
374.0543237257519
 10
177.63584431631048
 20
373.8043237257519
 10
177.63584431631048
 20
373.5543237257519
 10
177.63584431631048
 20
373.3043237257519
 10
177.63584431631048
 20
373.0543237257519
 10
177.63584431631048
 20
372.8043237257519
 10
177.63584431631048
 20
372.5543237257519
 10
177.63584431631048
 20
372.3043237257519
 10
177.63584431631048
 20
372.0543237257519
 10
177.63584431631048
 20
371.8043237257519
  0
LINE
  5
3D9
330
17
100
AcDbEntity
  8
01-VISIBLE
100
AcDbLine
 10
173.68584431631047
 20
371.8043237257519
 30
0.0
 11
177.63584431631048
 21
371.8043237257519
 31
0.0
  0
LWPOLYLINE
  5
3DA
330
17
100
AcDbEntity
  8
01-VISIBLE
100
AcDbPolyline
 90
57
 70
0
 10
173.23584431631048
 20
385.8043237257519
 10
173.23584431631048
 20
385.5543237257519
 10
173.23584431631048
 20
385.3043237257519
 10
173.23584431631048
 20
385.0543237257519
 10
173.23584431631048
 20
384.8043237257519
 10
173.23584431631048
 20
384.5543237257519
 10
173.23584431631048
 20
384.3043237257519
 10
173.23584431631048
 20
384.0543237257519
 10
173.23584431631048
 20
383.8043237257519
 10
173.23584431631048
 20
383.5543237257519
 10
173.23584431631048
 20
383.3043237257519
 10
173.23584431631048
 20
383.0543237257519
 10
173.23584431631048
 20
382.8043237257519
 10
173.23584431631048
 20
382.5543237257519
 10
173.23584431631048
 20
382.3043237257519
 10
173.23584431631048
 20
382.0543237257519
 10
173.23584431631048
 20
381.8043237257519
 10
173.23584431631048
 20
381.5543237257519
 10
173.23584431631048
 20
381.3043237257519
 10
173.23584431631048
 20
381.0543237257519
 10
173.23584431631048
 20
380.8043237257519
 10
173.23584431631048
 20
380.5543237257519
 10
173.23584431631048
 20
380.3043237257519
 10
173.23584431631048
 20
380.0543237257519
 10
173.23584431631048
 20
379.8043237257519
 10
173.23584431631048
 20
379.5543237257519
 10
173.23584431631048
 20
379.3043237257519
 10
173.23584431631048
 20
379.0543237257519
 10
173.23584431631048
 20
378.8043237257519
 10
173.23584431631048
 20
378.5543237257519
 10
173.23584431631048
 20
378.3043237257519
 10
173.23584431631048
 20
378.0543237257519
 10
173.23584431631048
 20
377.8043237257519
 10
173.23584431631048
 20
377.5543237257519
 10
173.23584431631048
 20
377.3043237257519
 10
173.23584431631048
 20
377.0543237257519
 10
173.23584431631048
 20
376.8043237257519
 10
173.23584431631048
 20
376.5543237257519
 10
173.23584431631048
 20
376.3043237257519
 10
173.23584431631048
 20
376.0543237257519
 10
173.23584431631048
 20
375.8043237257519
 10
173.23584431631048
 20
375.5543237257519
 10
173.23584431631048
 20
375.3043237257519
 10
173.23584431631048
 20
375.0543237257519
 10
173.23584431631048
 20
374.8043237257519
 10
173.23584431631048
 20
374.5543237257519
 10
173.23584431631048
 20
374.3043237257519
 10
173.23584431631048
 20
374.0543237257519
 10
173.23584431631048
 20
373.8043237257519
 10
173.23584431631048
 20
373.5543237257519
 10
173.23584431631048
 20
373.3043237257519
 10
173.23584431631048
 20
373.0543237257519
 10
173.23584431631048
 20
372.8043237257519
 10
173.23584431631048
 20
372.5543237257519
 10
173.23584431631048
 20
372.3043237257519
 10
173.23584431631048
 20
372.0543237257519
 10
173.23584431631048
 20
371.8043237257519
  0
ARC
  5
3DB
330
17
100
AcDbEntity
  8
01-VISIBLE
100
AcDbCircle
 10
177.63584431631048
 20
385.3243237257519
 30
0.0
 40
0.48
100
AcDbArc
 50
-90.0
 51
90.0
  0
LINE
  5
3DC
330
17
100
AcDbEntity
  8
01-VISIBLE
100
AcDbLine
 10
169.23584431631048
 20
384.75314953486213
 30
0.0
 11
169.23584431631048
 21
386.3412233774883
 31
0.0
  0
LINE
  5
3DD
330
17
100
AcDbEntity
  8
01-VISIBLE
100
AcDbLine
 10
169.23584431631048
 20
386.3412233774883
 30
0.0
 11
161.23584431631048
 21
386.3412233774883
 31
0.0
  0
LINE
  5
3DE
330
17
100
AcDbEntity
  8
01-VISIBLE
100
AcDbLine
 10
161.23584431631048
 20
384.75314953486213
 30
0.0
 11
161.23584431631048
 21
386.3412233774883
 31
0.0
  0
LINE
  5
3DF
330
17
100
AcDbEntity
  8
01-VISIBLE
100
AcDbLine
 10
169.23584431631048
 20
384.75314953486213
 30
0.0
 11
161.23584431631048
 21
384.75314953486213
 31
0.0
  0
LINE
  5
3E0
330
17
100
AcDbEntity
  8
01-VISIBLE
100
AcDbLine
 10
169.23584431631048
 20
390.0
 30
0.0
 11
161.23584431631048
 21
390.0
 31
0.0
  0
LINE
  5
3E1
330
17
100
AcDbEntity
  8
01-VISIBLE
100
AcDbLine
 10
169.23584431631048
 20
386.3412233774883
 30
0.0
 11
169.23584431631048
 21
390.0
 31
0.0
  0
LINE
  5
3E2
330
17
100
AcDbEntity
  8
01-VISIBLE
100
AcDbLine
 10
161.23584431631048
 20
386.3412233774883
 30
0.0
 11
161.23584431631048
 21
390.0
 31
0.0
  0
LWPOLYLINE
  5
3E3
330
17
100
AcDbEntity
  8
01-VISIBLE
100
AcDbPolyline
 90
10
 70
0
 10
158.0358443163105
 20
382.75314953486213
 10
158.0358443163105
 20
383.0198162015288
 10
158.0358443163105
 20
383.2864828681955
 10
158.0358443163105
 20
383.55314953486214
 10
158.0358443163105
 20
383.81981620152885
 10
158.0358443163105
 20
384.0864828681955
 10
158.0358443163105
 20
384.35314953486215
 10
158.0358443163105
 20
384.6198162015288
 10
158.0358443163105
 20
384.88648286819546
 10
158.0358443163105
 20
385.1531495348621
  0
LINE
  5
3E4
330
17
100
AcDbEntity
  8
01-VISIBLE
100
AcDbLine
 10
172.43584431631047
 20
385.1531495348621
 30
0.0
 11
169.23584431631048
 21
385.1531495348621
 31
0.0
  0
LINE
  5
3E5
330
17
100
AcDbEntity
  8
01-VISIBLE
100
AcDbLine
 10
161.23584431631048
 20
385.1531495348621
 30
0.0
 11
158.0358443163105
 21
385.1531495348621
 31
0.0
  0
LWPOLYLINE
  5
3E6
330
17
100
AcDbEntity
  8
01-VISIBLE
100
AcDbPolyline
 90
10
 70
0
 10
172.43584431631047
 20
382.75314953486213
 10
172.43584431631047
 20
383.0198162015288
 10
172.43584431631047
 20
383.2864828681955
 10
172.43584431631047
 20
383.55314953486214
 10
172.43584431631047
 20
383.81981620152885
 10
172.43584431631047
 20
384.0864828681955
 10
172.43584431631047
 20
384.35314953486215
 10
172.43584431631047
 20
384.6198162015288
 10
172.43584431631047
 20
384.88648286819546
 10
172.43584431631047
 20
385.1531495348621
  0
LINE
  5
3E7
330
17
100
AcDbEntity
  8
01-VISIBLE
100
AcDbLine
 10
173.23584431631048
 20
383.79314953486215
 30
0.0
 11
172.43584431631047
 21
383.79314953486215
 31
0.0
  0
LWPOLYLINE
  5
3E8
330
17
100
AcDbEntity
  8
01-VISIBLE
100
AcDbPolyline
 90
7
 70
0
 10
158.0358443163105
 20
382.5131495348622
 10
158.0358443163105
 20
382.5531495348622
 10
158.0358443163105
 20
382.59314953486216
 10
158.0358443163105
 20
382.6331495348622
 10
158.0358443163105
 20
382.6731495348622
 10
158.0358443163105
 20
382.71314953486217
 10
158.0358443163105
 20
382.75314953486213
  0
CIRCLE
  5
3E9
330
17
100
AcDbEntity
  8
01-VISIBLE
100
AcDbCircle
 10
165.23584431631048
 20
376.69373447725843
 30
0.0
 40
1.6
  0
CIRCLE
  5
3EA
330
17
100
AcDbEntity
  8
01-VISIBLE
100
AcDbCircle
 10
165.23584431631048
 20
376.69373447725843
 30
0.0
 40
2.4000000000000004
  0
LINE
  5
3EB
330
17
100
AcDbEntity
  8
01-VISIBLE
100
AcDbLine
 10
184.2858443163105
 20
231.39051452674943
 30
0.0
 11
184.2858443163105
 21
231.50020329239484
 31
0.0
  0
LINE
  5
3EC
330
17
100
AcDbEntity
  8
01-VISIBLE
100
AcDbLine
 10
184.2858443163105
 20
356.3752779440232
 30
0.0
 11
184.2858443163105
 21
356.48496574236964
 31
0.0
  0
LINE
  5
3ED
330
17
100
AcDbEntity
  8
01-VISIBLE
100
AcDbLine
 10
146.18584431631047
 20
231.39051609581247
 30
0.0
 11
146.18584431631047
 21
356.48496574236964
 31
0.0
  0
LWPOLYLINE
  5
3EE
330
17
100
AcDbEntity
  8
01-VISIBLE
100
AcDbPolyline
 90
52
 70
0
 10
146.2291584744962
 20
357.29663190997576
 10
146.29432141076626
 20
357.5407931899339
 10
146.38511724225623
 20
357.7766497126389
 10
146.49826072292618
 20
358.0026609884489
 10
146.63054427944002
 20
358.2180508809872
 10
146.7789588508083
 20
358.42267956416765
 10
146.9406177995495
 20
358.617033584718
 10
147.11330287988093
 20
358.80167136125567
 10
147.2953114697661
 20
358.97713497078604
 10
147.48519920990302
 20
359.1440478318509
 10
147.6817623391151
 20
359.30305176274305
 10
147.88400964306098
 20
359.4547650367067
 10
148.0911320787398
 20
359.59975600703046
 10
148.30247415812045
 20
359.73852743246573
 10
148.5175086954553
 20
359.8715078730472
 10
148.7358151440857
 20
359.9990477910461
 10
148.95706348908132
 20
360.1214149689256
 10
149.18080517788013
 20
360.23916401639997
 10
149.4067710518442
 20
360.352587226687
 10
149.6347624794234
 20
360.4618827453115
 10
149.8645972298498
 20
360.5672476860601
 10
150.09610901296963
 20
360.6688756394768
 10
150.3291468106953
 20
360.7669545731162
 10
150.56357406924567
 20
360.8616650897161
 10
150.79926780887035
 20
360.95317900247153
 10
151.03611769586936
 20
361.0416581836174
 10
151.2740251110169
 20
361.1272536424494
 10
151.51290223925776
 20
361.21010479077836
 10
151.75267119782845
 20
361.2903388568502
 10
151.99326321367695
 20
361.3680704123818
 10
152.23461785605784
 20
361.44340098115475
 10
152.47668232626188
 20
361.5164187012805
 10
152.7194105063643
 20
361.58719905167095
 10
152.96273151791348
 20
361.65591413973516
 10
153.20667845828518
 20
361.72237193024864
 10
153.45128019916632
 20
361.7863774849978
 10
153.6964983052498
 20
361.84798001353397
 10
153.9422491622188
 20
361.90742269785284
 10
154.1884200173228
 20
361.96510260290603
 10
154.43489637589863
 20
362.0214632219753
 10
154.6815330603864
 20
362.07711937685747
 10
154.92823816885542
 20
362.1324711854115
 10
155.1752195780536
 20
362.1865738304385
 10
155.4227866585503
 20
362.2379234570955
 10
155.67109708126023
 20
362.2855459643767
 10
155.9200811879427
 20
362.329514372599
 10
156.16955196655303
 20
362.37063779551534
 10
156.4192959285332
 20
362.41007287514043
 10
156.669172002338
 20
362.44866225171995
 10
156.91909496350945
 20
362.4869477063235
 10
157.16893771552168
 20
362.5257519305263
 10
157.3987804084214
 20
362.57053781043135
  0
LWPOLYLINE
  5
3EF
330
17
100
AcDbEntity
  8
01-VISIBLE
100
AcDbPolyline
 90
52
 70
0
 10
184.24253030130677
 20
357.29663121858505
 10
184.17736743683642
 20
357.54079253194686
 10
184.08657166541883
 20
357.77664909253065
 10
183.97342823358724
 20
358.0026604081979
 10
183.8411447156117
 20
358.21805034058616
 10
183.6927301735146
 20
358.4226790620382
 10
183.53107124573688
 20
358.61703311799533
 10
183.35838618064375
 20
358.80167092770876
 10
183.17637760118618
 20
358.97713456797675
 10
182.98648986750408
 20
359.1440474573333
 10
182.78992674150152
 20
359.3030514141893
 10
182.5876794381315
 20
359.4547647119783
 10
182.38055700089927
 20
359.5997557042134
 10
182.16921491824758
 20
359.73852714988186
 10
181.95418037625723
 20
359.87150760925044
 10
181.73587392185527
 20
359.99904754480974
 10
181.51462557006286
 20
360.12141473899453
 10
181.2908838734136
 20
360.2391638012756
 10
181.06491799097014
 20
360.3525870255273
 10
180.8369265543456
 20
360.46188255730675
 10
180.60709179436662
 20
360.5672475104367
 10
180.3755800012414
 20
360.6688754755011
 10
180.1425421931071
 20
360.76695442009634
 10
179.90811492379
 20
360.86166494700296
 10
179.6724211730812
 20
360.95317886945895
 10
179.4355712747171
 20
361.04165805974145
 10
179.19766384795605
 20
361.12725352718724
 10
178.95878670788218
 20
361.2101046836468
 10
178.71901773728456
 20
361.29033875740356
 10
178.4784257092377
 20
361.36807032020965
 10
178.23707105450683
 20
361.4434008958798
 10
177.99500657181838
 20
361.5164186225559
 10
177.75227837910379
 20
361.58719897914796
 10
177.5089573548222
 20
361.6559140730676
 10
177.26501040171908
 20
361.72237186951816
 10
177.0204086480274
 20
361.78637742999854
 10
176.77519052900985
 20
361.8479799638693
 10
176.52943965896654
 20
361.9074226530206
 10
176.283268790647
 20
361.96510256235655
 10
176.03679241876057
 20
362.0214631853223
 10
175.79015572079842
 20
362.0771193433864
 10
175.5434505988979
 20
362.1324711553149
 10
175.29646917640156
 20
362.18657380433604
 10
175.04890208267673
 20
362.23792343538594
 10
174.80059164667455
 20
362.2855459468585
 10
174.55160752656934
 20
362.32951435867767
 10
174.30213673441494
 20
362.37063778454626
 10
174.05239275880072
 20
362.41007286658817
 10
173.80251667133757
 20
362.44866224543443
 10
173.55259369647885
 20
362.4869477021175
 10
173.30275093077353
 20
362.525751928363
 10
173.07290822419955
 20
362.57053781043135
  0
LWPOLYLINE
  5
3F0
330
17
100
AcDbEntity
  8
01-VISIBLE
100
AcDbPolyline
 90
7
 70
0
 10
157.50793997072978
 20
362.6032086148406
 10
157.41483535401346
 20
362.59193194825036
 10
157.3217369858088
 20
362.58060381911736
 10
157.22864811636728
 20
362.5691979156604
 10
157.13557419903975
 20
362.5576706921343
 10
157.0425298472001
 20
362.5459075882151
 10
156.95330380324768
 20
362.5326049588838
  0
LWPOLYLINE
  5
3F1
330
17
100
AcDbEntity
  8
01-VISIBLE
100
AcDbPolyline
 90
7
 70
0
 10
172.96374866189117
 20
362.60320861484064
 10
173.05685327860752
 20
362.59193194825036
 10
173.14995164681216
 20
362.58060381911736
 10
173.2430405162537
 20
362.5691979156605
 10
173.3361144335812
 20
362.5576706921343
 10
173.42915878542084
 20
362.5459075882151
 10
173.51838482937328
 20
362.5326049588838
  0
LWPOLYLINE
  5
3F2
330
17
100
AcDbEntity
  8
01-VISIBLE
100
AcDbPolyline
 90
63
 70
0
 10
173.07290822419955
 20
362.57053781043135
 10
172.8201313747519
 20
362.57053781043146
 10
172.56732069421793
 20
362.57053781043146
 10
172.31450427729428
 20
362.57053781043146
 10
172.0616847581087
 20
362.57053781043146
 10
171.80886565841098
 20
362.57053781043146
 10
171.55605714525328
 20
362.57053781043146
 10
171.30324863209557
 20
362.57053781043146
 10
171.05044011893784
 20
362.57053781043146
 10
170.79763160578014
 20
362.57053781043146
 10
170.54482309262244
 20
362.57053781043146
 10
170.2920145794647
 20
362.57053781043146
 10
170.039206066307
 20
362.57053781043146
 10
169.7863975531493
 20
362.57053781043146
 10
169.53358903999157
 20
362.57053781043146
 10
169.28078052683387
 20
362.57053781043146
 10
169.02797201367616
 20
362.57053781043146
 10
168.77516350051843
 20
362.57053781043146
 10
168.52235498736073
 20
362.57053781043146
 10
168.26954647420303
 20
362.57053781043146
 10
168.0167379610453
 20
362.57053781043146
 10
167.7639294478876
 20
362.57053781043146
 10
167.5111209347299
 20
362.57053781043146
 10
167.25831242157216
 20
362.57053781043146
 10
167.00550390841445
 20
362.57053781043146
 10
166.75269539525675
 20
362.57053781043146
 10
166.49988688209905
 20
362.57053781043146
 10
166.24707836894132
 20
362.57053781043146
 10
165.9942698557836
 20
362.57053781043146
 10
165.7414613426259
 20
362.57053781043146
 10
165.48865282946818
 20
362.57053781043146
 10
165.23584431631048
 20
362.57053781043146
 10
164.98303580315277
 20
362.57053781043146
 10
164.73022728999504
 20
362.57053781043146
 10
164.47741877683734
 20
362.57053781043146
 10
164.22461026367964
 20
362.57053781043146
 10
163.9718017505219
 20
362.57053781043146
 10
163.7189932373642
 20
362.57053781043146
 10
163.4661847242065
 20
362.57053781043146
 10
163.21337621104877
 20
362.57053781043146
 10
162.96056769789107
 20
362.57053781043146
 10
162.70775918473336
 20
362.57053781043146
 10
162.45495067157566
 20
362.57053781043146
 10
162.20214215841793
 20
362.57053781043146
 10
161.94933364526023
 20
362.57053781043146
 10
161.69652513210252
 20
362.57053781043146
 10
161.4437166189448
 20
362.57053781043146
 10
161.1909081057871
 20
362.57053781043146
 10
160.93809959262938
 20
362.57053781043146
 10
160.68529107947165
 20
362.57053781043146
 10
160.43248256631395
 20
362.57053781043146
 10
160.17967405315625
 20
362.57053781043146
 10
159.92686553999852
 20
362.57053781043146
 10
159.6740570268408
 20
362.57053781043146
 10
159.4212485136831
 20
362.57053781043146
 10
159.16844000052538
 20
362.57053781043146
 10
158.91563148736768
 20
362.57053781043146
 10
158.66282297420997
 20
362.57053781043146
 10
158.41001446105227
 20
362.57053781043146
 10
158.15720594789454
 20
362.57053781043146
 10
157.90439743473684
 20
362.57053781043146
 10
157.65158892157913
 20
362.57053781043146
 10
157.3987804084214
 20
362.57053781043135
  0
LWPOLYLINE
  5
3F3
330
17
100
AcDbEntity
  8
01-VISIBLE
100
AcDbPolyline
 90
7
 70
0
 10
157.3987804084214
 20
362.57053781043135
 10
157.32441500484754
 20
362.565895220881
 10
157.25017290590597
 20
362.55943491400325
 10
157.17596672703948
 20
362.552572103919
 10
157.10177414586002
 20
362.545563515633
 10
157.02757783603474
 20
362.53859468647204
 10
156.95330380324768
 20
362.5326049588838
  0
LWPOLYLINE
  5
3F4
330
17
100
AcDbEntity
  8
01-VISIBLE
100
AcDbPolyline
 90
67
 70
0
 10
156.95330380324768
 20
362.5326049588838
 10
157.2042898794011
 20
362.53260495888264
 10
157.45527595555453
 20
362.53260495888276
 10
157.70626203170795
 20
362.53260495888287
 10
157.95724810786135
 20
362.53260495888287
 10
158.20823418401477
 20
362.53260495888287
 10
158.4592202601682
 20
362.53260495888287
 10
158.71020633632162
 20
362.53260495888276
 10
158.96119241247504
 20
362.53260495888276
 10
159.21217848862844
 20
362.5326049588827
 10
159.46316456478186
 20
362.53260495888264
 10
159.7141506409353
 20
362.5326049588827
 10
159.9651367170887
 20
362.53260495888276
 10
160.2161227932421
 20
362.53260495888276
 10
160.46710886939553
 20
362.53260495888276
 10
160.71809494554896
 20
362.53260495888276
 10
160.96908102170238
 20
362.53260495888276
 10
161.2200670978558
 20
362.53260495888276
 10
161.4710531740092
 20
362.53260495888276
 10
161.72203925016262
 20
362.53260495888276
 10
161.97302532631605
 20
362.53260495888276
 10
162.22401140246947
 20
362.53260495888276
 10
162.47499747862287
 20
362.53260495888276
 10
162.7259835547763
 20
362.53260495888276
 10
162.97696963092972
 20
362.53260495888276
 10
163.22795570708314
 20
362.53260495888276
 10
163.47894178323656
 20
362.53260495888276
 10
163.72992785938996
 20
362.53260495888276
 10
163.98091393554338
 20
362.53260495888276
 10
164.2319000116968
 20
362.53260495888276
 10
164.48288608785023
 20
362.53260495888276
 10
164.73387216400363
 20
362.53260495888276
 10
164.98485824015705
 20
362.53260495888276
 10
165.23584431631048
 20
362.53260495888276
 10
165.4868303924639
 20
362.53260495888276
 10
165.73781646861732
 20
362.53260495888276
 10
165.98880254477072
 20
362.53260495888276
 10
166.23978862092414
 20
362.53260495888276
 10
166.49077469707757
 20
362.53260495888276
 10
166.741760773231
 20
362.53260495888276
 10
166.99274684938442
 20
362.53260495888276
 10
167.2437329255378
 20
362.53260495888276
 10
167.49471900169124
 20
362.53260495888276
 10
167.74570507784466
 20
362.53260495888276
 10
167.99669115399809
 20
362.53260495888276
 10
168.24767723015148
 20
362.53260495888276
 10
168.4986633063049
 20
362.53260495888276
 10
168.74964938245833
 20
362.53260495888276
 10
169.00063545861175
 20
362.53260495888276
 10
169.25162153476518
 20
362.53260495888276
 10
169.50260761091857
 20
362.53260495888276
 10
169.753593687072
 20
362.53260495888276
 10
170.00457976322542
 20
362.53260495888276
 10
170.25556583937885
 20
362.53260495888276
 10
170.50655191553224
 20
362.53260495888276
 10
170.75753799168567
 20
362.5326049588827
 10
171.0085240678391
 20
362.53260495888264
 10
171.25951014399251
 20
362.53260495888264
 10
171.51049622014594
 20
362.53260495888253
 10
171.76148229629933
 20
362.5326049588825
 10
172.01246837245276
 20
362.53260495888253
 10
172.26345444860618
 20
362.53260495888264
 10
172.5144405247596
 20
362.53260495888276
 10
172.765426600913
 20
362.53260495888287
 10
173.01641267706643
 20
362.53260495888287
 10
173.26739875321985
 20
362.5326049588827
 10
173.51838482937328
 20
362.5326049588838
  0
LWPOLYLINE
  5
3F5
330
17
100
AcDbEntity
  8
01-VISIBLE
100
AcDbPolyline
 90
7
 70
0
 10
173.51838482937328
 20
362.5326049588838
 10
173.44411079935912
 20
362.53859468621636
 10
173.36991448954223
 20
362.5455635153695
 10
173.2957219083309
 20
362.55257210366096
 10
173.2215157293066
 20
362.55943491376837
 10
173.14727362984715
 20
362.5658952207116
 10
173.07290822419955
 20
362.57053781043135
  0
LWPOLYLINE
  5
3F6
330
17
100
AcDbEntity
  8
01-VISIBLE
100
AcDbPolyline
 90
95
 70
0
 10
146.19204051721056
 20
230.60501066240664
 10
146.20754615923363
 20
230.3541174136493
 10
146.24141163942932
 20
230.10507342740618
 10
146.29090085764483
 20
229.85860203356785
 10
146.34577672262188
 20
229.61325910398617
 10
146.40450428864284
 20
229.36881280384597
 10
146.46967358003593
 20
229.12600911131898
 10
146.5416768760968
 20
228.88514255584903
 10
146.62365111219967
 20
228.64750067020154
 10
146.71585446350736
 20
228.41363352281275
 10
146.81759043611345
 20
228.1837482060553
 10
146.9275798363166
 20
227.95769157737575
 10
147.04471789718704
 20
227.73525227230886
 10
147.16816735429208
 20
227.51625089145054
 10
147.29740494846715
 20
227.30061377442846
 10
147.43223920015177
 20
227.08843140241078
 10
147.57281672605865
 20
226.88001111848777
 10
147.7193893882154
 20
226.67576196372627
 10
147.8714502759317
 20
226.47556467424545
 10
148.02874426495467
 20
226.27945142222967
 10
148.19093546616745
 20
226.08736778524468
 10
148.35771452146992
 20
225.89925312960523
 10
148.52879904464132
 20
225.71504483289783
 10
148.70393343738334
 20
225.53468198577252
 10
148.8828882418597
 20
225.35810859769254
 10
149.06545916124378
 20
225.18527634981984
 10
149.25146585056908
 20
225.01614694705762
 10
149.44075055346858
 20
224.85069412303332
 10
149.63317663709933
 20
224.68890534862803
 10
149.82862705790643
 20
224.53078328816625
 10
150.02700777168073
 20
224.37635340822024
 10
150.22804991983486
 20
224.22540350036775
 10
150.43157631565919
 20
224.07781998285725
 10
150.6374748152685
 20
223.93356409252235
 10
150.84563758618566
 20
223.79259502655026
 10
151.0559611263086
 20
223.65487035539877
 10
151.2683462470669
 20
223.52034640223218
 10
151.4826980261727
 20
223.38897858902217
 10
151.69892573495196
 20
223.26072174999533
 10
151.91694274479312
 20
223.13553041352708
 10
152.13666641679183
 20
223.0133590538908
 10
152.3580179782146
 20
222.89416231449164
 10
152.58092238896597
 20
222.7778952043547
 10
152.80530820082848
 20
222.6645132697159
 10
153.03110741186003
 20
222.55397274258877
 10
153.2582553179798
 20
222.44623066816482
 10
153.4866903634552
 20
222.34124501285893
 10
153.71635399171691
 20
222.23897475474033
 10
153.94719049767627
 20
222.13937995800242
 10
154.1791468824983
 20
222.04242183302813
 10
154.41217271159059
 20
221.94806278350242
 10
154.6462199764025
 20
221.85626644191709
 10
154.88124296048744
 20
221.7669976947068
 10
155.11719811015988
 20
221.68022269815035
 10
155.3540439099792
 20
221.59590888607212
 10
155.5917407632064
 20
221.51402497028167
 10
155.83025087731153
 20
221.43454093460147
 10
156.06953815455265
 20
221.35742802324904
 10
156.30956808760138
 20
221.28265872426246
 10
156.55030766015392
 20
221.21020674858832
 10
156.79172525243825
 20
221.1400470053875
 10
157.03379055150702
 20
221.07215557405502
 10
157.2764744661888
 20
221.00650967339988
 10
157.51974904656072
 20
220.94308762838224
 10
157.76358740779654
 20
220.88186883476573
 10
158.00796365824127
 20
220.82283372200456
 10
158.25285283156066
 20
220.76596371465388
 10
158.49823082281503
 20
220.71124119256257
 10
158.7440743283075
 20
220.65864945008363
 10
158.99036078906067
 20
220.60817265451564
 10
159.2370683377781
 20
220.55979580397033
 10
159.4841757491524
 20
220.51350468484526
 10
159.73166239338474
 20
220.46928582906688
 10
159.97950819278626
 20
220.42712647125813
 10
160.22769358133584
 20
220.3870145059739
 10
160.47619946707238
 20
220.34893844514002
 10
160.7250071972056
 20
220.31288737582378
 10
160.9740985258308
 20
220.27885091845766
 10
161.2234555841384
 20
220.24681918563317
 10
161.47306085301088
 20
220.21678274157586
 10
161.7228971379029
 20
220.18873256240946
 10
161.97294754590257
 20
220.16265999731198
 10
162.22319546487324
 20
220.13855673066385
 10
162.47362454457695
 20
220.11641474528363
 10
162.72421867968194
 20
220.0962262868434
 10
162.9749619945569
 20
220.07798382955252
 10
163.22583882975542
 20
220.06168004319343
 10
163.4768337300945
 20
220.04730776158993
 10
163.7279314342309
 20
220.03485995258333
 10
163.97911686563882
 20
220.02432968958698
 10
164.2303751248932
 20
220.01571012478516
 10
164.4816914831615
 20
220.00899446403616
 10
164.73305137680788
 20
220.00417594353422
 10
164.9844404030125
 20
220.00124780827895
 10
165.23584431631048
 20
220.00020329239484
  0
LWPOLYLINE
  5
3F7
330
17
100
AcDbEntity
  8
01-VISIBLE
100
AcDbPolyline
 90
95
 70
0
 10
184.27964811541028
 20
230.60501066240658
 10
184.26414247338732
 20
230.35411741364922
 10
184.2302769931917
 20
230.1050734274061
 10
184.1807877749761
 20
229.85860203356776
 10
184.12591190999905
 20
229.61325910398608
 10
184.0671843439781
 20
229.3688128038459
 10
184.002015052585
 20
229.1260091113189
 10
183.93001175652418
 20
228.88514255584894
 10
183.84803752042126
 20
228.64750067020154
 10
183.7558341691136
 20
228.41363352281275
 10
183.6540981965075
 20
228.1837482060553
 10
183.54410879630433
 20
227.95769157737575
 10
183.42697073543388
 20
227.73525227230886
 10
183.30352127832887
 20
227.51625089145054
 10
183.1742836841538
 20
227.30061377442846
 10
183.03944943246918
 20
227.08843140241078
 10
182.8988719065623
 20
226.88001111848777
 10
182.75229924440555
 20
226.67576196372627
 10
182.60023835668926
 20
226.47556467424545
 10
182.44294436766629
 20
226.27945142222967
 10
182.2807531664535
 20
226.08736778524468
 10
182.113974111151
 20
225.89925312960523
 10
181.94288958797964
 20
225.71504483289783
 10
181.7677551952376
 20
225.53468198577252
 10
181.58880039076126
 20
225.35810859769254
 10
181.40622947137717
 20
225.18527634981984
 10
181.22022278205188
 20
225.0161469470576
 10
181.0309380791524
 20
224.8506941230333
 10
180.83851199552163
 20
224.68890534862803
 10
180.64306157471452
 20
224.53078328816625
 10
180.44468086094022
 20
224.37635340822024
 10
180.2436387127861
 20
224.22540350036775
 10
180.04011231696177
 20
224.07781998285722
 10
179.83421381735246
 20
223.93356409252232
 10
179.6260510464353
 20
223.79259502655026
 10
179.41572750631235
 20
223.65487035539874
 10
179.2033423855541
 20
223.52034640223218
 10
178.98899060644825
 20
223.38897858902214
 10
178.772762897669
 20
223.26072174999533
 10
178.55474588782783
 20
223.13553041352708
 10
178.33502221582913
 20
223.0133590538908
 10
178.11367065440635
 20
222.89416231449164
 10
177.890766243655
 20
222.77789520435468
 10
177.66638043179248
 20
222.6645132697159
 10
177.44058122076092
 20
222.55397274258877
 10
177.21343331464115
 20
222.44623066816482
 10
176.98499826916574
 20
222.34124501285893
 10
176.75533464090404
 20
222.23897475474033
 10
176.52449813494468
 20
222.13937995800242
 10
176.29254175012267
 20
222.04242183302813
 10
176.05951592103037
 20
221.94806278350242
 10
175.82546865621845
 20
221.8562664419171
 10
175.5904456721335
 20
221.7669976947068
 10
175.35449052246108
 20
221.68022269815035
 10
175.11764472264176
 20
221.59590888607212
 10
174.87994786941456
 20
221.51402497028167
 10
174.64143775530943
 20
221.43454093460147
 10
174.4021504780683
 20
221.35742802324907
 10
174.16212054501958
 20
221.28265872426246
 10
173.92138097246703
 20
221.21020674858832
 10
173.6799633801827
 20
221.1400470053875
 10
173.43789808111393
 20
221.07215557405502
 10
173.19521416643215
 20
221.0065096733999
 10
172.95193958606023
 20
220.94308762838224
 10
172.70810122482442
 20
220.88186883476573
 10
172.4637249743797
 20
220.82283372200456
 10
172.2188358010603
 20
220.76596371465388
 10
171.97345780980592
 20
220.71124119256257
 10
171.72761430431345
 20
220.65864945008363
 10
171.48132784356028
 20
220.60817265451564
 10
171.23462029484284
 20
220.55979580397033
 10
170.98751288346855
 20
220.51350468484526
 10
170.74002623923622
 20
220.46928582906688
 10
170.49218043983467
 20
220.4271264712581
 10
170.2439950512851
 20
220.3870145059739
 10
169.99548916554858
 20
220.34893844514002
 10
169.74668143541533
 20
220.31288737582375
 10
169.4975901067901
 20
220.27885091845764
 10
169.24823304848252
 20
220.24681918563317
 10
168.99862777961008
 20
220.21678274157586
 10
168.74879149471806
 20
220.18873256240946
 10
168.49874108671838
 20
220.16265999731198
 10
168.2484931677477
 20
220.13855673066385
 10
167.998064088044
 20
220.11641474528363
 10
167.747469952939
 20
220.0962262868434
 10
167.49672663806405
 20
220.07798382955252
 10
167.24584980286554
 20
220.06168004319343
 10
166.99485490252644
 20
220.04730776158993
 10
166.74375719839006
 20
220.03485995258333
 10
166.49257176698214
 20
220.02432968958698
 10
166.24131350772774
 20
220.01571012478516
 10
165.98999714945944
 20
220.00899446403616
 10
165.73863725581307
 20
220.00417594353422
 10
165.48724822960844
 20
220.00124780827895
 10
165.23584431631048
 20
220.00020329239484
  0
LINE
  5
3F8
330
17
100
AcDbEntity
  8
01-VISIBLE
100
AcDbLine
 10
172.48584431631048
 20
362.7502032923949
 30
0.0
 11
172.48584431631048
 21
369.0002032923949
 31
0.0
  0
LINE
  5
3F9
330
17
100
AcDbEntity
  8
01-VISIBLE
100
AcDbLine
 10
157.98584431631048
 20
363.2502032923949
 30
0.0
 11
157.98584431631048
 21
369.0002032923949
 31
0.0
  0
LWPOLYLINE
  5
3FA
330
17
100
AcDbEntity
  8
01-VISIBLE
100
AcDbPolyline
 90
7
 70
0
 10
145.99834431631047
 20
356.8752779440232
 10
146.015381503488
 20
356.74586843679464
 10
146.0653318076011
 20
356.62527799343536
 10
146.14479000150342
 20
356.52172363703176
 10
146.24834441222873
 20
356.442265372213
 10
146.36893497265294
 20
356.3923154750778
 10
146.49834431631047
 20
356.3752779440232
  0
LWPOLYLINE
  5
3FB
330
17
100
AcDbEntity
  8
01-VISIBLE
100
AcDbPolyline
 90
7
 70
0
 10
184.4733443163105
 20
356.8752779440232
 10
184.46778365622646
 20
356.80091614644795
 10
184.45122558415548
 20
356.728208256474
 10
184.42403816333558
 20
356.6587716141107
 10
184.3868263855348
 20
356.59415047762894
 10
184.340418326079
 20
356.5357818212566
 10
184.2858443163105
 20
356.4849657423696
  0
LWPOLYLINE
  5
3FC
330
17
100
AcDbEntity
  8
01-VISIBLE
100
AcDbPolyline
 90
7
 70
0
 10
146.49834431631047
 20
357.3752779440232
 10
146.36893475053878
 20
357.358240840195
 10
146.24834421438402
 20
357.30829060852716
 10
146.14479048415265
 20
357.2288319119575
 10
146.0653314302807
 20
357.12527797795326
 10
146.01538222211687
 20
357.004687093839
 10
145.99834431631047
 20
356.8752779440232
  0
LWPOLYLINE
  5
3FD
330
17
100
AcDbEntity
  8
01-VISIBLE
100
AcDbPolyline
 90
7
 70
0
 10
184.4733443163105
 20
356.8752779440232
 10
184.46638410544477
 20
356.9584143339092
 10
184.4456977099399
 20
357.0392362527745
 10
184.41186048717702
 20
357.1154933956187
 10
184.36581504952932
 20
357.18506294331735
 10
184.3088431277653
 20
357.24600781326325
 10
184.24253030130677
 20
357.29663121858505
  0
LWPOLYLINE
  5
3FE
330
17
100
AcDbEntity
  8
01-VISIBLE
100
AcDbPolyline
 90
7
 70
0
 10
145.99834431631047
 20
231.00020329239484
 10
146.0153814304498
 20
230.8707937387552
 10
146.06533169194563
 20
230.75020322995633
 10
146.14479015013868
 20
230.64664922828703
 10
146.2483443252526
 20
230.56719050137616
 10
146.36893510981037
 20
230.51724109396528
 10
146.49834431631047
 20
230.50020329239484
  0
LWPOLYLINE
  5
3FF
330
17
100
AcDbEntity
  8
01-VISIBLE
100
AcDbPolyline
 90
7
 70
0
 10
184.4733443163105
 20
231.00020329239484
 10
184.4675864196276
 20
230.92454176543052
 10
184.4504456717995
 20
230.85062275700528
 10
184.42231641659924
 20
230.7801488715952
 10
184.38384721274338
 20
230.71474286368448
 10
184.33592429522275
 20
230.65591078153756
 10
184.27964811541028
 20
230.60501066240658
  0
LWPOLYLINE
  5
400
330
17
100
AcDbEntity
  8
01-VISIBLE
100
AcDbPolyline
 90
7
 70
0
 10
146.49834431631047
 20
231.50020329239484
 10
146.36893477041858
 20
231.4831661674964
 10
146.24834427492868
 20
231.43321589537706
 10
146.14479015897862
 20
231.35375753370485
 10
146.06533156704853
 20
231.2502032661821
 10
146.01538207237812
 20
231.1296125241748
 10
145.99834431631047
 20
231.00020329239484
  0
LWPOLYLINE
  5
401
330
17
100
AcDbEntity
  8
01-VISIBLE
100
AcDbPolyline
 90
7
 70
0
 10
184.4733443163105
 20
231.00020329239484
 10
184.46778366160729
 20
231.0745650228909
 10
184.45122566934816
 20
231.14727282578957
 10
184.42403825516638
 20
231.21670938103975
 10
184.38682672686977
 20
231.28133053739137
 10
184.34041927000743
 20
231.33969944316138
 10
184.2858443163105
 20
231.39051452674943
  0
LWPOLYLINE
  5
402
330
17
100
AcDbEntity
  8
01-VISIBLE
100
AcDbPolyline
 90
7
 70
0
 10
172.98584431631048
 20
362.7502032923949
 10
172.98522660334996
 20
362.72534703279064
 10
172.9833732403482
 20
362.7005522661371
 10
172.9802894909781
 20
362.6758802985048
 10
172.9759832324536
 20
362.65139210430857
 10
172.9704651117354
 20
362.6271482216754
 10
172.96374866189117
 20
362.60320861484064
  0
LWPOLYLINE
  5
403
330
17
100
AcDbEntity
  8
01-VISIBLE
100
AcDbPolyline
 90
7
 70
0
 10
157.98584428304952
 20
363.2502032923949
 10
157.85643472228236
 20
363.23316618281166
 10
157.73584419057616
 20
363.18321595024315
 10
157.63229050169392
 20
363.1037572232191
 10
157.5528314139206
 20
363.0002033216408
 10
157.5028822321962
 20
362.8796124303173
 10
157.48584431631048
 20
362.7502032923949
  0
LWPOLYLINE
  5
404
330
17
100
AcDbEntity
  8
01-VISIBLE
100
AcDbPolyline
 90
7
 70
0
 10
172.98584431631048
 20
362.7502032923949
 10
172.9688070463401
 20
362.8796127587799
 10
172.91885679317082
 20
363.0002031970629
 10
172.83939819383957
 20
363.103757184011
 10
172.7358442041094
 20
363.1832157902195
 10
172.61525372554104
 20
363.2331658987895
 10
172.48584431631048
 20
363.2502032923949
  0
LWPOLYLINE
  5
405
330
17
100
AcDbEntity
  8
01-VISIBLE
100
AcDbPolyline
 90
59
 70
0
 10
172.48584431631048
 20
363.2502032923949
 10
172.235844315737
 20
363.2502032923949
 10
171.98584431516355
 20
363.2502032923949
 10
171.73584431459008
 20
363.2502032923949
 10
171.48584431401662
 20
363.2502032923949
 10
171.23584431344315
 20
363.2502032923949
 10
170.9858443128697
 20
363.2502032923949
 10
170.73584431229622
 20
363.2502032923949
 10
170.48584431172276
 20
363.2502032923949
 10
170.2358443111493
 20
363.2502032923949
 10
169.98584431057583
 20
363.2502032923949
 10
169.73584431000236
 20
363.2502032923949
 10
169.4858443094289
 20
363.2502032923949
 10
169.23584430885543
 20
363.2502032923949
 10
168.98584430828197
 20
363.2502032923949
 10
168.7358443077085
 20
363.2502032923949
 10
168.48584430713504
 20
363.2502032923949
 10
168.23584430656157
 20
363.2502032923949
 10
167.9858443059881
 20
363.2502032923949
 10
167.73584430541464
 20
363.2502032923949
 10
167.48584430484118
 20
363.2502032923949
 10
167.23584430426772
 20
363.2502032923949
 10
166.98584430369425
 20
363.2502032923949
 10
166.73584430312079
 20
363.2502032923949
 10
166.48584430254732
 20
363.2502032923949
 10
166.23584430197386
 20
363.2502032923949
 10
165.9858443014004
 20
363.2502032923949
 10
165.73584430082693
 20
363.2502032923949
 10
165.48584430025346
 20
363.2502032923949
 10
165.23584429968
 20
363.2502032923949
 10
164.98584429910653
 20
363.2502032923949
 10
164.73584429853307
 20
363.2502032923949
 10
164.4858442979596
 20
363.2502032923949
 10
164.23584429738614
 20
363.2502032923949
 10
163.98584429681267
 20
363.2502032923949
 10
163.7358442962392
 20
363.2502032923949
 10
163.48584429566574
 20
363.2502032923949
 10
163.23584429509228
 20
363.2502032923949
 10
162.9858442945188
 20
363.2502032923949
 10
162.73584429394535
 20
363.2502032923949
 10
162.48584429337188
 20
363.2502032923949
 10
162.23584429279842
 20
363.2502032923949
 10
161.98584429222495
 20
363.2502032923949
 10
161.7358442916515
 20
363.2502032923949
 10
161.48584429107802
 20
363.2502032923949
 10
161.23584429050456
 20
363.2502032923949
 10
160.9858442899311
 20
363.2502032923949
 10
160.73584428935763
 20
363.2502032923949
 10
160.48584428878416
 20
363.2502032923949
 10
160.2358442882107
 20
363.2502032923949
 10
159.98584428763724
 20
363.2502032923949
 10
159.73584428706377
 20
363.2502032923949
 10
159.4858442864903
 20
363.2502032923949
 10
159.23584428591684
 20
363.2502032923949
 10
158.98584428534338
 20
363.2502032923949
 10
158.7358442847699
 20
363.2502032923949
 10
158.48584428419645
 20
363.2502032923949
 10
158.23584428362298
 20
363.2502032923949
 10
157.98584428304952
 20
363.2502032923949
  0
LWPOLYLINE
  5
406
330
17
100
AcDbEntity
  8
01-VISIBLE
100
AcDbPolyline
 90
7
 70
0
 10
157.98596806322004
 20
362.25020328415667
 10
157.98594743873502
 20
362.25020328339303
 10
157.98592681425
 20
362.250203283484
 10
157.985906189765
 20
362.2502032844297
 10
157.98588556528006
 20
362.2502032862301
 10
157.9858649407952
 20
362.25020328888513
 10
157.98584431631048
 20
362.2502032923949
  0
LINE
  5
407
330
17
100
AcDbEntity
  8
01-VISIBLE
100
AcDbLine
 10
173.68584431631047
 20
369.0002032923949
 30
0.0
 11
173.68584431631047
 21
371.8043237257519
 31
0.0
  0
LINE
  5
408
330
17
100
AcDbEntity
  8
01-VISIBLE
100
AcDbLine
 10
156.7858443163105
 20
369.0002032923949
 30
0.0
 11
156.7858443163105
 21
373.0002032923949
 31
0.0
  0
LINE
  5
409
330
17
100
AcDbEntity
  8
01-VISIBLE
100
AcDbLine
 10
170.83584431631047
 20
380.6043237257519
 30
0.0
 11
173.13584431631048
 21
380.6043237257519
 31
0.0
  0
LINE
  5
40A
330
17
100
AcDbEntity
  8
01-VISIBLE
100
AcDbLine
 10
173.23584431631048
 20
385.8043237257519
 30
0.0
 11
177.63584431631048
 21
385.8043237257519
 31
0.0
  0
LWPOLYLINE
  5
40B
330
17
100
AcDbEntity
  8
01-VISIBLE
100
AcDbPolyline
 90
7
 70
0
 10
177.63584431631048
 20
371.8043237257519
 10
177.76007763046854
 20
371.8206793742099
 10
177.87584762668172
 20
371.8686259138745
 10
177.9752537499374
 20
371.94491410198225
 10
178.0515373113675
 20
372.0443234321708
 10
178.09948720981757
 20
372.1600916546238
 10
178.11584431631047
 20
372.2843237257519
  0
LWPOLYLINE
  5
40C
330
17
100
AcDbEntity
  8
01-VISIBLE
100
AcDbPolyline
 90
53
 70
0
 10
178.11584431631047
 20
372.2843237257519
 10
178.11584431631047
 20
372.5350929565211
 10
178.11584431631047
 20
372.7858621872904
 10
178.11584431631047
 20
373.03663141805964
 10
178.11584431631047
 20
373.28740064882885
 10
178.11584431631047
 20
373.53816987959806
 10
178.11584431631047
 20
373.7889391103673
 10
178.11584431631047
 20
374.03970834113653
 10
178.11584431631047
 20
374.29047757190574
 10
178.11584431631047
 20
374.541246802675
 10
178.11584431631047
 20
374.79201603344416
 10
178.11584431631047
 20
375.0427852642134
 10
178.11584431631047
 20
375.2935544949827
 10
178.11584431631047
 20
375.5443237257519
 10
178.11584431631047
 20
375.7950929565211
 10
178.11584431631047
 20
376.04586218729037
 10
178.11584431631047
 20
376.2966314180596
 10
178.11584431631047
 20
376.5474006488288
 10
178.11584431631047
 20
376.79816987959805
 10
178.11584431631047
 20
377.0489391103673
 10
178.11584431631047
 20
377.29970834113647
 10
178.11584431631047
 20
377.55047757190573
 10
178.11584431631047
 20
377.801246802675
 10
178.11584431631047
 20
378.0520160334442
 10
178.11584431631047
 20
378.3027852642134
 10
178.11584431631047
 20
378.5535544949827
 10
178.11584431631047
 20
378.8043237257519
 10
178.11584431631047
 20
379.0550929565211
 10
178.11584431631047
 20
379.30586218729036
 10
178.11584431631047
 20
379.5566314180596
 10
178.11584431631047
 20
379.8074006488288
 10
178.11584431631047
 20
380.05816987959804
 10
178.11584431631047
 20
380.3089391103673
 10
178.11584431631047
 20
380.5597083411365
 10
178.11584431631047
 20
380.8104775719057
 10
178.11584431631047
 20
381.061246802675
 10
178.11584431631047
 20
381.3120160334442
 10
178.11584431631047
 20
381.5627852642134
 10
178.11584431631047
 20
381.81355449498267
 10
178.11584431631047
 20
382.0643237257519
 10
178.11584431631047
 20
382.3150929565211
 10
178.11584431631047
 20
382.56586218729035
 10
178.11584431631047
 20
382.8166314180596
 10
178.11584431631047
 20
383.0674006488288
 10
178.11584431631047
 20
383.31816987959803
 10
178.11584431631047
 20
383.5689391103673
 10
178.11584431631047
 20
383.8197083411365
 10
178.11584431631047
 20
384.0704775719057
 10
178.11584431631047
 20
384.321246802675
 10
178.11584431631047
 20
384.57201603344424
 10
178.11584431631047
 20
384.8227852642134
 10
178.11584431631047
 20
385.07355449498266
 10
178.11584431631047
 20
385.3243237257519
  0
LWPOLYLINE
  5
40D
330
17
100
AcDbEntity
  8
01-VISIBLE
100
AcDbPolyline
 90
53
 70
0
 10
178.11584431631047
 20
372.2843237257519
 10
178.11584431631047
 20
372.5350929565211
 10
178.11584431631047
 20
372.7858621872904
 10
178.11584431631047
 20
373.03663141805964
 10
178.11584431631047
 20
373.28740064882885
 10
178.11584431631047
 20
373.53816987959806
 10
178.11584431631047
 20
373.7889391103673
 10
178.11584431631047
 20
374.03970834113653
 10
178.11584431631047
 20
374.29047757190574
 10
178.11584431631047
 20
374.541246802675
 10
178.11584431631047
 20
374.7920160334442
 10
178.11584431631047
 20
375.0427852642134
 10
178.11584431631047
 20
375.2935544949827
 10
178.11584431631047
 20
375.5443237257519
 10
178.11584431631047
 20
375.7950929565211
 10
178.11584431631047
 20
376.04586218729037
 10
178.11584431631047
 20
376.29663141805963
 10
178.11584431631047
 20
376.54740064882884
 10
178.11584431631047
 20
376.79816987959805
 10
178.11584431631047
 20
377.0489391103673
 10
178.11584431631047
 20
377.2997083411365
 10
178.11584431631047
 20
377.55047757190573
 10
178.11584431631047
 20
377.801246802675
 10
178.11584431631047
 20
378.0520160334442
 10
178.11584431631047
 20
378.3027852642134
 10
178.11584431631047
 20
378.5535544949827
 10
178.11584431631047
 20
378.8043237257519
 10
178.11584431631047
 20
379.0550929565211
 10
178.11584431631047
 20
379.30586218729036
 10
178.11584431631047
 20
379.5566314180596
 10
178.11584431631047
 20
379.80740064882883
 10
178.11584431631047
 20
380.05816987959804
 10
178.11584431631047
 20
380.3089391103673
 10
178.11584431631047
 20
380.5597083411365
 10
178.11584431631047
 20
380.8104775719057
 10
178.11584431631047
 20
381.061246802675
 10
178.11584431631047
 20
381.31201603344425
 10
178.11584431631047
 20
381.5627852642134
 10
178.11584431631047
 20
381.81355449498267
 10
178.11584431631047
 20
382.06432372575193
 10
178.11584431631047
 20
382.31509295652114
 10
178.11584431631047
 20
382.56586218729035
 10
178.11584431631047
 20
382.8166314180596
 10
178.11584431631047
 20
383.0674006488288
 10
178.11584431631047
 20
383.31816987959803
 10
178.11584431631047
 20
383.5689391103673
 10
178.11584431631047
 20
383.81970834113656
 10
178.11584431631047
 20
384.0704775719057
 10
178.11584431631047
 20
384.321246802675
 10
178.11584431631047
 20
384.5720160334442
 10
178.11584431631047
 20
384.8227852642134
 10
178.11584431631047
 20
385.07355449498266
 10
178.11584431631047
 20
385.3243237257519
  0
LINE
  5
40E
330
17
100
AcDbEntity
  8
01-VISIBLE
100
AcDbLine
 10
172.43584431631047
 20
382.75314953486213
 30
0.0
 11
158.0358443163105
 21
382.75314953486213
 31
0.0
  0
LINE
  5
40F
330
17
100
AcDbEntity
  8
01-VISIBLE
100
AcDbLine
 10
173.23584431631048
 20
382.5131495348622
 30
0.0
 11
170.83584431631047
 21
382.5131495348622
 31
0.0
  0
LINE
  5
410
330
17
100
AcDbEntity
  8
01-VISIBLE
100
AcDbLine
 10
159.63584431631048
 20
382.5131495348622
 30
0.0
 11
158.0358443163105
 21
382.5131495348622
 31
0.0
  0
LINE
  5
411
330
17
100
AcDbEntity
  8
03-EJE
100
AcDbLine
 10
88.2
 20
215.00020329239484
 30
0.0
 11
88.2
 21
374.0002032923949
 31
0.0
  0
LINE
  5
412
330
17
100
AcDbEntity
  8
03-EJE
100
AcDbLine
 10
165.23584431631048
 20
215.00020329239484
 30
0.0
 11
165.23584431631048
 21
374.0002032923949
 31
0.0
  0
LINE
  5
413
330
17
100
AcDbEntity
  8
03-EJE
100
AcDbLine
 10
64.15
 20
174.7627641200468
 30
0.0
 11
112.25
 21
174.7627641200468
 31
0.0
  0
LINE
  5
414
330
17
100
AcDbEntity
  8
03-EJE
100
AcDbLine
 10
88.2
 20
150.71276412004678
 30
0.0
 11
88.2
 21
198.8127641200468
 31
0.0
  0
DIMENSION
  5
415
330
17
100
AcDbEntity
  8
04-COTA
100
AcDbDimension
280
0
  2
*D1
  3
FLAMA-ISO
 10
42.0
 20
220.00020324239483
 30
0.0
 11
39.25
 21
305.0001016211974
 31
0.0
 70
32
 71
5
  1
<>
100
AcDbAlignedDimension
 13
64.0
 23
220.00020324239483
 33
0.0
 14
64.0
 24
390.0
 34
0.0
 50
90.0
100
AcDbRotatedDimension
1001
ACAD
1000
DSTYLE
1002
{
1070
144
1040
2.0
1002
}
  0
DIMENSION
  5
428
330
17
100
AcDbEntity
  8
04-COTA
100
AcDbDimension
280
0
  2
*D2
  3
FLAMA-ISO
 10
53.0
 20
220.00020324239483
 30
0.0
 11
50.25
 21
294.50020326739485
 31
0.0
 70
32
 71
5
  1
<>
100
AcDbAlignedDimension
 13
69.15
 23
220.00020324239483
 33
0.0
 14
85.2
 24
369.0002032923949
 34
0.0
 50
90.0
100
AcDbRotatedDimension
1001
ACAD
1000
DSTYLE
1002
{
1070
144
1040
2.0
1002
}
  0
DIMENSION
  5
437
330
17
100
AcDbEntity
  8
04-COTA
100
AcDbDimension
280
0
  2
*D3
  3
FLAMA-ISO
 10
64.0
 20
399.0
 30
0.0
 11
86.99917215815523
 21
401.75
 31
0.0
 70
32
 71
5
  1
<>
100
AcDbAlignedDimension
 13
64.0
 23
390.0
 33
0.0
 14
109.99834431631045
 24
390.0
 34
0.0
 50
0.0
100
AcDbRotatedDimension
1001
ACAD
1000
DSTYLE
1002
{
1070
144
1040
2.0
1002
}
  0
DIMENSION
  5
446
330
17
100
AcDbEntity
  8
04-COTA
100
AcDbDimension
280
0
  2
*D4
  3
FLAMA-ISO
 10
69.15
 20
145.52526412004678
 30
0.0
 11
88.2
 21
148.27526412004678
 31
0.0
 70
32
 71
5
  1
<>
100
AcDbAlignedDimension
 13
69.15
 23
174.7627641200468
 33
0.0
 14
107.25
 24
174.7627641200468
 34
0.0
 50
0.0
100
AcDbRotatedDimension
1001
ACAD
1000
DSTYLE
1002
{
1070
144
1040
2.0
1070
3
1000
%%c<>
1002
}
  0
DIMENSION
  5
455
330
17
100
AcDbEntity
  8
04-COTA
100
AcDbDimension
280
0
  2
*D5
  3
FLAMA-ISO
 10
145.99834426631048
 20
399.0
 30
0.0
 11
165.23584431631048
 21
401.75
 31
0.0
 70
32
 71
5
  1
<>
100
AcDbAlignedDimension
 13
145.99834426631048
 23
390.0
 33
0.0
 14
184.47334436631047
 24
390.0
 34
0.0
 50
0.0
100
AcDbRotatedDimension
1001
ACAD
1000
DSTYLE
1002
{
1070
144
1040
2.0
1002
}
  0
LINE
  5
464
330
17
100
AcDbEntity
  8
03-EJE
100
AcDbLine
 10
55.150000000000006
 20
174.7627641200468
 30
0.0
 11
121.25
 21
174.7627641200468
 31
0.0
  0
LINE
  5
465
330
17
100
AcDbEntity
  8
07-RECUADRO
100
AcDbLine
 10
55.150000000000006
 20
174.7627641200468
 30
0.0
 11
63.150000000000006
 21
174.7627641200468
 31
0.0
  0
LINE
  5
466
330
17
100
AcDbEntity
  8
08-FINA
100
AcDbLine
 10
58.150000000000006
 20
174.7627641200468
 30
0.0
 11
58.150000000000006
 21
183.7627641200468
 31
0.0
  0
HATCH
  5
467
330
17
100
AcDbEntity
  8
08-FINA
 62
7
100
AcDbHatch
 10
0.0
 20
0.0
 30
0.0
210
0.0
220
0.0
230
1.0
  2
SOLID
 70
1
 71
0
 91
1
 92
3
 72
0
 73
1
 93
3
 10
58.150000000000006
 20
183.7627641200468
 10
57.650000000000006
 20
180.7627641200468
 10
58.650000000000006
 20
180.7627641200468
 97
0
 75
1
 76
1
 98
0
  0
TEXT
  5
468
330
17
100
AcDbEntity
  8
06-TEXTO
100
AcDbText
 10
55.150000000000006
 20
185.7627641200468
 30
0.0
 40
5.0
  1
A
  7
ISO3098
 72
1
 11
55.150000000000006
 21
185.7627641200468
 31
0.0
100
AcDbText
 73
2
  0
LINE
  5
469
330
17
100
AcDbEntity
  8
07-RECUADRO
100
AcDbLine
 10
121.25
 20
174.7627641200468
 30
0.0
 11
113.25
 21
174.7627641200468
 31
0.0
  0
LINE
  5
46A
330
17
100
AcDbEntity
  8
08-FINA
100
AcDbLine
 10
118.25
 20
174.7627641200468
 30
0.0
 11
118.25
 21
183.7627641200468
 31
0.0
  0
HATCH
  5
46B
330
17
100
AcDbEntity
  8
08-FINA
 62
7
100
AcDbHatch
 10
0.0
 20
0.0
 30
0.0
210
0.0
220
0.0
230
1.0
  2
SOLID
 70
1
 71
0
 91
1
 92
3
 72
0
 73
1
 93
3
 10
118.25
 20
183.7627641200468
 10
117.75
 20
180.7627641200468
 10
118.75
 20
180.7627641200468
 97
0
 75
1
 76
1
 98
0
  0
TEXT
  5
46C
330
17
100
AcDbEntity
  8
06-TEXTO
100
AcDbText
 10
121.25
 20
185.7627641200468
 30
0.0
 40
5.0
  1
A
  7
ISO3098
 72
1
 11
121.25
 21
185.7627641200468
 31
0.0
100
AcDbText
 73
2
  0
CIRCLE
  5
46D
330
17
100
AcDbEntity
  8
08-FINA
100
AcDbCircle
 10
92.00625000000001
 20
379.01980311179835
 30
0.0
 40
23.00625
  0
TEXT
  5
46E
330
17
100
AcDbEntity
  8
06-TEXTO
100
AcDbText
 10
68.61815143904651
 20
392.52292811179836
 30
0.0
 40
5.0
  1
A
  7
ISO3098
 72
1
 11
68.61815143904651
 21
392.52292811179836
 31
0.0
100
AcDbText
 73
2
  0
CIRCLE
  5
46F
330
17
100
AcDbEntity
  8
08-FINA
100
AcDbCircle
 10
70.5
 20
376.69373447725843
 30
0.0
 40
10.0
  0
TEXT
  5
470
330
17
100
AcDbEntity
  8
06-TEXTO
100
AcDbText
 10
65.71171799344064
 20
363.5380377862557
 30
0.0
 40
5.0
  1
E
  7
ISO3098
 72
1
 11
65.71171799344064
 21
363.5380377862557
 31
0.0
100
AcDbText
 73
2
  0
CIRCLE
  5
471
330
17
100
AcDbEntity
  8
08-FINA
100
AcDbCircle
 10
31.0
 20
376.69373447725843
 30
0.0
 40
4.0
  0
TEXT
  5
472
330
17
100
AcDbEntity
  8
06-TEXTO
100
AcDbText
 10
31.0
 20
376.69373447725843
 30
0.0
 40
3.5
  1
15
  7
ISO3098
 72
1
 11
31.0
 21
376.69373447725843
 31
0.0
100
AcDbText
 73
2
  0
LINE
  5
473
330
17
100
AcDbEntity
  8
08-FINA
100
AcDbLine
 10
35.0
 20
376.69373447725843
 30
0.0
 11
70.5
 21
376.69373447725843
 31
0.0
  0
HATCH
  5
474
330
17
100
AcDbEntity
  8
08-FINA
 62
7
100
AcDbHatch
 10
0.0
 20
0.0
 30
0.0
210
0.0
220
0.0
230
1.0
  2
SOLID
 70
1
 71
0
 91
1
 92
1
 93
1
 72
2
 10
70.5
 20
376.69373447725843
 40
0.6
 50
0
 51
360
 73
1
 97
0
 75
1
 76
1
 98
0
  0
CIRCLE
  5
475
330
17
100
AcDbEntity
  8
08-FINA
100
AcDbCircle
 10
31.0
 20
359.5189943507904
 30
0.0
 40
4.0
  0
TEXT
  5
476
330
17
100
AcDbEntity
  8
06-TEXTO
100
AcDbText
 10
31.0
 20
359.5189943507904
 30
0.0
 40
3.5
  1
2
  7
ISO3098
 72
1
 11
31.0
 21
359.5189943507904
 31
0.0
100
AcDbText
 73
2
  0
LINE
  5
477
330
17
100
AcDbEntity
  8
08-FINA
100
AcDbLine
 10
35.0
 20
359.5189943507904
 30
0.0
 11
79.6275
 21
359.5189943507904
 31
0.0
  0
HATCH
  5
478
330
17
100
AcDbEntity
  8
08-FINA
 62
7
100
AcDbHatch
 10
0.0
 20
0.0
 30
0.0
210
0.0
220
0.0
230
1.0
  2
SOLID
 70
1
 71
0
 91
1
 92
1
 93
1
 72
2
 10
79.6275
 20
359.5189943507904
 40
0.6
 50
0
 51
360
 73
1
 97
0
 75
1
 76
1
 98
0
  0
CIRCLE
  5
479
330
17
100
AcDbEntity
  8
08-FINA
100
AcDbCircle
 10
31.0
 20
301.3314943507904
 30
0.0
 40
4.0
  0
TEXT
  5
47A
330
17
100
AcDbEntity
  8
06-TEXTO
100
AcDbText
 10
31.0
 20
301.3314943507904
 30
0.0
 40
3.5
  1
1
  7
ISO3098
 72
1
 11
31.0
 21
301.3314943507904
 31
0.0
100
AcDbText
 73
2
  0
LINE
  5
47B
330
17
100
AcDbEntity
  8
08-FINA
100
AcDbLine
 10
35.0
 20
301.3314943507904
 30
0.0
 11
77.7225
 21
301.3314943507904
 31
0.0
  0
HATCH
  5
47C
330
17
100
AcDbEntity
  8
08-FINA
 62
7
100
AcDbHatch
 10
0.0
 20
0.0
 30
0.0
210
0.0
220
0.0
230
1.0
  2
SOLID
 70
1
 71
0
 91
1
 92
1
 93
1
 72
2
 10
77.7225
 20
301.3314943507904
 40
0.6
 50
0
 51
360
 73
1
 97
0
 75
1
 76
1
 98
0
  0
CIRCLE
  5
47D
330
17
100
AcDbEntity
  8
08-FINA
100
AcDbCircle
 10
129.99834431631047
 20
365.9048967328132
 30
0.0
 40
4.0
  0
TEXT
  5
47E
330
17
100
AcDbEntity
  8
06-TEXTO
100
AcDbText
 10
129.99834431631047
 20
365.9048967328132
 30
0.0
 40
3.5
  1
4
  7
ISO3098
 72
1
 11
129.99834431631047
 21
365.9048967328132
 31
0.0
100
AcDbText
 73
2
  0
LINE
  5
47F
330
17
100
AcDbEntity
  8
08-FINA
100
AcDbLine
 10
125.99863047382395
 20
365.8570513754439
 30
0.0
 11
88.2
 21
365.40489678281324
 31
0.0
  0
HATCH
  5
480
330
17
100
AcDbEntity
  8
08-FINA
 62
7
100
AcDbHatch
 10
0.0
 20
0.0
 30
0.0
210
0.0
220
0.0
230
1.0
  2
SOLID
 70
1
 71
0
 91
1
 92
1
 93
1
 72
2
 10
88.2
 20
365.40489678281324
 40
0.6
 50
0
 51
360
 73
1
 97
0
 75
1
 76
1
 98
0
  0
CIRCLE
  5
481
330
17
100
AcDbEntity
  8
08-FINA
100
AcDbCircle
 10
129.99834431631047
 20
297.41270324239485
 30
0.0
 40
4.0
  0
TEXT
  5
482
330
17
100
AcDbEntity
  8
06-TEXTO
100
AcDbText
 10
129.99834431631047
 20
297.41270324239485
 30
0.0
 40
3.5
  1
14
  7
ISO3098
 72
1
 11
129.99834431631047
 21
297.41270324239485
 31
0.0
100
AcDbText
 73
2
  0
LINE
  5
483
330
17
100
AcDbEntity
  8
08-FINA
100
AcDbLine
 10
125.99863047382395
 20
297.3648578850256
 30
0.0
 11
88.2
 21
296.91270329239484
 31
0.0
  0
HATCH
  5
484
330
17
100
AcDbEntity
  8
08-FINA
 62
7
100
AcDbHatch
 10
0.0
 20
0.0
 30
0.0
210
0.0
220
0.0
230
1.0
  2
SOLID
 70
1
 71
0
 91
1
 92
1
 93
1
 72
2
 10
88.2
 20
296.91270329239484
 40
0.6
 50
0
 51
360
 73
1
 97
0
 75
1
 76
1
 98
0
  0
CIRCLE
  5
485
330
17
100
AcDbEntity
  8
08-FINA
100
AcDbCircle
 10
129.99834431631047
 20
226.00020324239483
 30
0.0
 40
4.0
  0
TEXT
  5
486
330
17
100
AcDbEntity
  8
06-TEXTO
100
AcDbText
 10
129.99834431631047
 20
226.00020324239483
 30
0.0
 40
3.5
  1
3
  7
ISO3098
 72
1
 11
129.99834431631047
 21
226.00020324239483
 31
0.0
100
AcDbText
 73
2
  0
LINE
  5
487
330
17
100
AcDbEntity
  8
08-FINA
100
AcDbLine
 10
125.99874938322246
 20
225.94327898379865
 30
0.0
 11
94.8675
 21
225.50020329239484
 31
0.0
  0
HATCH
  5
488
330
17
100
AcDbEntity
  8
08-FINA
 62
7
100
AcDbHatch
 10
0.0
 20
0.0
 30
0.0
210
0.0
220
0.0
230
1.0
  2
SOLID
 70
1
 71
0
 91
1
 92
1
 93
1
 72
2
 10
94.8675
 20
225.50020329239484
 40
0.6
 50
0
 51
360
 73
1
 97
0
 75
1
 76
1
 98
0
  0
LINE
  5
489
330
17
100
AcDbEntity
  8
01-VISIBLE
100
AcDbLine
 10
479.8667032110339
 20
165.06038473563095
 30
0.0
 11
479.8667032110339
 21
267.02045623178003
 31
0.0
  0
LINE
  5
48A
330
17
100
AcDbEntity
  8
01-VISIBLE
100
AcDbLine
 10
479.8667032110339
 20
165.06038473563095
 30
0.0
 11
480.9273633828137
 21
164.44801229993516
 31
0.0
  0
LINE
  5
48B
330
17
100
AcDbEntity
  8
01-VISIBLE
100
AcDbLine
 10
480.9273633828137
 20
164.44801229993516
 30
0.0
 11
480.9273633828137
 21
266.40808379608427
 31
0.0
  0
LINE
  5
48C
330
17
100
AcDbEntity
  8
01-VISIBLE
100
AcDbLine
 10
479.8667032110339
 20
267.02045623178003
 30
0.0
 11
480.9273633828137
 21
266.40808379608427
 31
0.0
  0
LWPOLYLINE
  5
48D
330
17
100
AcDbEntity
  8
01-VISIBLE
100
AcDbPolyline
 90
7
 70
0
 10
499.9750523010263
 20
284.6924431524352
 10
500.1651856689964
 20
284.8058265900558
 10
500.35192649188093
 20
284.924713153179
 10
500.5349228391052
 20
285.0492847338976
 10
500.7137794139099
 20
285.17972856502837
 10
500.8880516591626
 20
285.31623460656374
 10
501.0572393312528
 20
285.45899175012687
  0
LWPOLYLINE
  5
48E
330
17
100
AcDbEntity
  8
01-VISIBLE
100
AcDbPolyline
 90
7
 70
0
 10
492.9894759815666
 20
283.2985426407689
 10
493.2649121162514
 20
283.2820264687317
 10
493.5406123768826
 20
283.270746368559
 10
493.81647668472135
 20
283.26468219651116
 10
494.0924063115826
 20
283.263823154029
 10
494.36830306494204
 20
283.2681677131383
 10
494.6440684828394
 20
283.27772360590086
  0
LWPOLYLINE
  5
48F
330
17
100
AcDbEntity
  8
01-VISIBLE
100
AcDbPolyline
 90
18
 70
0
 10
495.8830985738496
 20
283.3862171900395
 10
496.13484415015824
 20
283.4217972767817
 10
496.3858864843604
 20
283.4620398659383
 10
496.6361251781364
 20
283.5070092761473
 10
496.88545350436635
 20
283.5567783322963
 10
497.1337573689392
 20
283.6114287995684
 10
497.3809141376195
 20
283.6710518692682
 10
497.62679130181397
 20
283.735748696986
 10
497.87124495228556
 20
283.80563099243113
 10
498.1141180240865
 20
283.88082165833134
 10
498.35523826904426
 20
283.9614554728374
 10
498.59441590387064
 20
284.04767980547126
 10
498.83144087222007
 20
284.1396553501969
 10
499.0660796476916
 20
284.23755684983536
 10
499.29807149188713
 20
284.34157377260453
 10
499.52712406748094
 20
284.45191088239574
 10
499.7529082915806
 20
284.5687886172614
 10
499.9750523010263
 20
284.6924431524352
  0
LWPOLYLINE
  5
490
330
17
100
AcDbEntity
  8
01-VISIBLE
100
AcDbPolyline
 90
17
 70
0
 10
499.9750523010263
 20
281.4264568287243
 10
500.19335638584334
 20
281.5572777297514
 10
500.40710889774766
 20
281.6954078234947
 10
500.6157606849586
 20
281.84112547310764
 10
500.8186838080179
 20
281.9947170981557
 10
501.0151592924522
 20
282.1564710717717
 10
501.20436379439025
 20
282.32666850885346
 10
501.38535575994086
 20
282.5055698428984
 10
501.5570622103985
 20
282.69339586848946
 10
501.71826811603245
 20
282.89030180960634
 10
501.86761147712605
 20
283.09634312858543
 10
502.00358866300945
 20
283.3114324888786
 10
502.1245760000868
 20
283.5352888919758
 10
502.22887439731005
 20
283.767382866708
 10
502.3147828171057
 20
284.00688570650505
 10
502.3807022344572
 20
284.2526352877918
 10
502.4252635486677
 20
284.50313382230354
  0
LWPOLYLINE
  5
491
330
17
100
AcDbEntity
  8
01-VISIBLE
100
AcDbPolyline
 90
50
 70
0
 10
487.9676121768365
 20
281.45988024786516
 10
488.189266680241
 20
281.3341272958882
 10
488.4146831513333
 20
281.2152471769414
 10
488.64347487639253
 20
281.1029979997477
 10
488.87530005163967
 20
280.9971537041772
 10
489.1098554252856
 20
280.89750410520463
 10
489.3468708752021
 20
280.8038545770943
 10
489.58610478871157
 20
280.71602551561364
 10
489.8273401242047
 20
280.63385167376475
 10
490.0703810491767
 20
280.55718143638876
 10
490.315050063925
 20
280.4858760776989
 10
490.5611855336367
 20
280.41980903084414
 10
490.8086395635341
 20
280.3588651881845
 10
491.05727616205843
 20
280.30294024376064
 10
491.30696964584047
 20
280.25194008451507
 10
491.55760324757597
 20
280.20578023351294
 10
491.8090678940731
 20
280.16438534622125
 10
492.0612611268401
 20
280.127688759517
 10
492.3140861417901
 20
280.0956320922526
 10
492.5674509281018
 20
280.06816489575135
 10
492.8212674891034
 20
280.04524435241393
 10
493.07545113034627
 20
280.0268350206058
 10
493.3299198018859
 20
280.0129086241075
 10
493.58459348325727
 20
280.003443884605
 10
493.8393936007704
 20
279.99842639594397
 10
494.09424246760756
 20
279.9978485391588
 10
494.3490627377969
 20
280.0017094375888
 10
494.60377686549856
 20
280.0100149517168
 10
494.8583065611773
 20
280.02277771368625
 10
495.11257223615354
 20
280.0400172017795
 10
495.36649242672564
 20
280.0617598554622
 10
495.6199831885211
 20
280.0880392319053
 10
495.87295745095275
 20
280.11889620518946
 10
496.12532432059345
 20
280.1543792096537
 10
496.37698832090285
 20
280.1945445290638
 10
496.62784855399616
 20
280.23945663340993
 10
496.87779776796793
 20
280.28918856517015
 10
497.12672131060253
 20
280.3438223767398
 10
497.3744959470165
 20
280.40344962034646
 10
497.62098851477776
 20
280.46817189104706
 10
497.86605438519007
 20
280.53810142217196
 10
498.10953569357315
 20
280.6133617306344
 10
498.35125929433445
 20
280.694088306539
 10
498.5910343882382
 20
280.78042933708116
 10
498.8286497593818
 20
280.87254644819336
 10
499.0638705478732
 20
280.9706154379293
 10
499.29643447109777
 20
281.0748269619491
 10
499.52604739205555
 20
281.18538711203564
 10
499.7523781182901
 20
281.3025178010189
 10
499.9750523010263
 20
281.4264568287243
  0
LWPOLYLINE
  5
492
330
17
100
AcDbEntity
  8
01-VISIBLE
100
AcDbPolyline
 90
7
 70
0
 10
486.460303038033
 20
296.9218850487291
 10
486.47845355078033
 20
296.7831380371356
 10
486.5296732130324
 20
296.65282970199496
 10
486.6067383065398
 20
296.53581529192377
 10
486.70238562771027
 20
296.43332924954734
 10
486.81106321044274
 20
296.34470805300987
 10
486.9289321881345
 20
296.26868778398693
  0
LINE
  5
493
330
17
100
AcDbEntity
  8
01-VISIBLE
100
AcDbLine
 10
486.9289321881345
 20
296.26868778398693
 30
0.0
 11
493.15147186257616
 21
292.6761028279049
 31
0.0
  0
LWPOLYLINE
  5
494
330
17
100
AcDbEntity
  8
01-VISIBLE
100
AcDbPolyline
 90
10
 70
0
 10
495.4142135623731
 20
292.6761028279049
 10
495.17850093147905
 20
292.5638380633842
 10
494.92970513106
 20
292.4843998990499
 10
494.67350210678194
 20
292.4334978009109
 10
494.4134599766843
 20
292.40862296315845
 10
494.15222544826497
 20
292.40862296315845
 10
493.8921833181673
 20
292.4334978009109
 10
493.63598029388925
 20
292.4843998990499
 10
493.3871844934702
 20
292.5638380633842
 10
493.15147186257616
 20
292.6761028279049
  0
LINE
  5
495
330
17
100
AcDbEntity
  8
01-VISIBLE
100
AcDbLine
 10
495.4142135623731
 20
292.6761028279049
 30
0.0
 11
497.7671512608941
 21
294.03457204153244
 31
0.0
  0
LINE
  5
496
330
17
100
AcDbEntity
  8
01-VISIBLE
100
AcDbLine
 10
492.66818702633384
 20
284.338682932516
 30
0.0
 11
493.15147186257616
 21
284.05965830221623
 31
0.0
  0
LWPOLYLINE
  5
497
330
17
100
AcDbEntity
  8
01-VISIBLE
100
AcDbPolyline
 90
7
 70
0
 10
494.8318404612446
 20
283.84517638818215
 10
494.54713799702336
 20
283.8017851337929
 10
494.25940618635275
 20
283.7891942420773
 10
493.971933158149
 20
283.8067034000039
 10
493.6880763132669
 20
283.8552906169647
 10
493.412225037275
 20
283.9378233388909
 10
493.15147186257616
 20
284.05965830221623
  0
LINE
  5
498
330
17
100
AcDbEntity
  8
01-VISIBLE
100
AcDbLine
 10
495.9694700607321
 20
284.3802357910131
 30
0.0
 11
499.60067576121367
 21
286.47671337966904
 31
0.0
  0
LWPOLYLINE
  5
499
330
17
100
AcDbEntity
  8
01-VISIBLE
100
AcDbPolyline
 90
7
 70
0
 10
484.2787169644612
 20
295.35150408720153
 10
484.3001271381798
 20
295.43224006381683
 10
484.323195139167
 20
295.5125181676058
 10
484.34786967105003
 20
295.5923172000232
 10
484.3741039186025
 20
295.67161721490845
 10
484.40185517275023
 20
295.7503992223868
 10
484.4310844968279
 20
295.8286449313157
  0
LWPOLYLINE
  5
49A
330
17
100
AcDbEntity
  8
01-VISIBLE
100
AcDbPolyline
 90
15
 70
0
 10
485.2318759132868
 20
293.5343829607258
 10
485.00140805365515
 20
293.6612447698739
 10
484.7657196058204
 20
293.7781153917182
 10
484.5248831272394
 20
293.8839626166902
 10
484.27904745915
 20
293.9776015562044
 10
484.0284713451996
 20
294.05767666534337
 10
483.77356870317743
 20
294.1226482177011
 10
483.51496776263554
 20
294.1707894151355
 10
483.25358461214114
 20
294.20020405710824
 10
482.9907074260296
 20
294.2088790659451
 10
482.72807930407896
 20
294.1947892755676
 10
482.4679548606234
 20
294.15606940167044
 10
482.2130919709914
 20
294.09125343029535
 10
481.966636090229
 20
293.999550328346
 10
481.7318759132868
 20
293.8810847207228
  0
LWPOLYLINE
  5
49B
330
17
100
AcDbEntity
  8
01-VISIBLE
100
AcDbPolyline
 90
16
 70
0
 10
492.295196526826
 20
283.8923008594877
 10
492.477114014332
 20
284.0851399693577
 10
492.6386713022345
 20
284.29535019786397
 10
492.7798715411337
 20
284.51976050159425
 10
492.9012991081112
 20
284.75547350940775
 10
493.00391021288493
 20
284.9999791626897
 10
493.08885624146853
 20
285.2511800693675
 10
493.15735539343285
 20
285.5073640275326
 10
493.2106096317976
 20
285.7671525436797
 10
493.24975665812224
 20
286.0294435818975
 10
493.2758459953857
 20
286.2933579997524
 10
493.289830330143
 20
286.5581934843156
 10
493.29256582225764
 20
286.82338673762683
 10
493.2848172522978
 20
287.0884832470965
 10
493.2672654472615
 20
287.3531134738222
 10
493.2405154759121
 20
287.61697423403257
  0
LWPOLYLINE
  5
49C
330
17
100
AcDbEntity
  8
01-VISIBLE
100
AcDbPolyline
 90
46
 70
0
 10
492.86461991623287
 20
289.33031353557567
 10
492.7858684815818
 20
289.570037370731
 10
492.70157835305
 20
289.8078705477774
 10
492.61191974866375
 20
290.04373258042756
 10
492.51704465058185
 20
290.27754527855984
 10
492.4170884466386
 20
290.5092314889784
 10
492.3121713537569
 20
290.7387139750284
 10
492.20239965137233
 20
290.9659143968339
 10
492.08786674925324
 20
291.1907523601363
 10
491.96865411084
 20
291.4131445062299
 10
491.84483205044705
 20
291.63300361866504
 10
491.71646042036014
 20
291.8502377244345
 10
491.5835892020054
 20
292.06474916845843
 10
491.44625901394335
 20
292.2764336404243
 10
491.3045015484683
 20
292.48517913249043
 10
491.1583399480799
 20
292.6908648050303
 10
491.00778913309955
 20
292.89335973545974
 10
490.85285609230596
 20
293.09252152218824
 10
490.69354014979865
 20
293.2881947117712
 10
490.5298332235539
 20
293.4802090122848
 10
490.36172009460097
 20
293.668377249624
 10
490.18917871080924
 20
293.852493015656
 10
490.01218055651026
 20
294.0323279477109
 10
489.8306911293717
 20
294.20762856756164
 10
489.64467058020944
 20
294.3781125946701
 10
489.4540745913314
 20
294.54346463301596
 10
489.25885559672804
 20
294.7033311135834
 10
489.05896448597935
 20
294.85731435638695
 10
488.8543529872682
 20
295.004965598758
 10
488.64497699893553
 20
295.1457768243852
 10
488.430801240818
 20
295.27917122767474
 10
488.2118057350654
 20
295.404492173589
 10
487.987994810989
 20
295.52099058727435
 10
487.75940956767954
 20
295.62781086938605
 10
487.5261450210583
 20
295.7239757454648
 10
487.2883734848057
 20
295.8083710195504
 10
487.046376010538
 20
295.879732155531
 10
486.8005837590323
 20
295.93663613322474
 10
486.55163062064224
 20
295.97750428028877
 10
486.30041659903895
 20
296.0006247407256
 10
486.04817748165
 20
296.0042063240954
 10
485.79654925202095
 20
295.98647693732175
 10
485.5476058030366
 20
295.94583617135197
 10
485.30383922028557
 20
295.88105835869055
 10
485.0680515254983
 20
295.7915175882501
 10
484.84314575050763
 20
295.6773771987638
  0
LWPOLYLINE
  5
49D
330
17
100
AcDbEntity
  8
01-VISIBLE
100
AcDbPolyline
 90
56
 70
0
 10
488.7318759132868
 20
281.7567290677407
 10
488.94457007997374
 20
281.8954521079843
 10
489.14117087415895
 20
282.0561813294415
 10
489.32006010836164
 20
282.2364298166674
 10
489.48037356302905
 20
282.4333991122046
 10
489.6219375073947
 20
282.6442634494159
 10
489.74512198094845
 20
282.86638100182967
 10
489.85066913554925
 20
283.097413948935
 10
489.9395381390541
 20
283.3353712589966
 10
490.0127853479798
 20
283.57860025884014
 10
490.0714817852389
 20
283.8257512157287
 10
490.11666176623925
 20
284.07573194754553
 10
490.14929434654385
 20
284.3276623303517
 10
490.170270079739
 20
284.5808334297834
 10
490.18039734811754
 20
284.83467289093505
 10
490.18040427723395
 20
285.0887166111382
 10
490.17094362962825
 20
285.34258601167005
 10
490.1525990578408
 20
285.595970003003
 10
490.1258917543491
 20
285.84861075099576
 10
490.0912869565214
 20
286.1002924597003
 10
490.0492000246751
 20
286.35083252051754
 10
490.00000196716724
 20
286.60007450576114
 10
489.94402437662654
 20
286.84788259537265
 10
489.8815637911737
 20
287.0941371160335
 10
489.81288551982135
 20
287.3387309437213
 10
489.73822698224046
 20
287.5815665767096
 10
489.6578006158799
 20
287.82255372915705
 10
489.5717964017818
 20
288.0616073284888
 10
489.4803840565653
 20
288.2986458250043
 10
489.38371493326144
 20
288.5335897413549
 10
489.28192366870707
 20
288.7663604041107
 10
489.17512961044474
 20
288.9968788106594
 10
489.0634380517306
 20
289.22506459294584
 10
488.94694129940115
 20
289.45083504568106
 10
488.82571959602535
 20
289.67410419107114
 10
488.69984191495274
 20
289.8947818551602
 10
488.56936664454713
 20
290.1127727327878
 10
488.4343421760506
 20
290.32797541908195
 10
488.29480740814427
 20
290.54028138544743
 10
488.15079218036664
 20
290.74957387720764
 10
488.0023176471566
 20
290.95572670842705
 10
487.8493966044548
 20
291.15860292693634
 10
487.692033781643
 20
291.35805331913525
 10
487.5302261132681
 20
291.55391471963657
 10
487.36396300773146
 20
291.7460080850965
 10
487.1932266342481
 20
291.9341362844521
 10
487.0179922553772
 20
292.11808154904924
 10
486.8382286409651
 20
292.29760251555194
 10
486.65389861137396
 20
292.47243078186295
 10
486.46495977472495
 20
292.6422668814155
 10
486.27136554644085
 20
292.80677556417766
 10
486.0730665722317
 20
292.9655802540045
 10
485.87001272144465
 20
293.1182565328444
 10
485.6621558813267
 20
293.2643244854636
 10
485.4494538708033
 20
293.40323972911
 10
485.2318759132868
 20
293.5343829607258
  0
LWPOLYLINE
  5
49E
330
17
100
AcDbEntity
  8
01-VISIBLE
100
AcDbPolyline
 90
61
 70
0
 10
488.2518759132868
 20
282.58811345537373
 10
488.02458021048585
 20
282.47530032560286
 10
487.78507969859515
 20
282.39142719510085
 10
487.5373296363401
 20
282.33643784697836
 10
487.28500525953933
 20
282.30911155306876
 10
487.0311905646055
 20
282.30744918381095
 10
486.7782748429883
 20
282.32907223073374
 10
486.5279972175074
 20
282.371531491724
 10
486.2815610019336
 20
282.4324997804986
 10
486.03976153942733
 20
282.50986843891917
 10
485.8030992203689
 20
282.6017798678477
 10
485.5718687131411
 20
282.7066237720346
 10
485.3462251174492
 20
282.8230159174168
 10
485.12623123298386
 20
282.94977049496566
 10
484.91189059929604
 20
283.08587195157725
 10
484.7031702866078
 20
283.23044901903074
 10
484.5000164907575
 20
283.38275195781426
 10
484.30236515015304
 20
283.5421331658174
 10
484.11014914917484
 20
283.70803090662304
 10
483.92330319444096
 20
283.87995576428557
 10
483.7417671127585
 20
284.05747940554824
 10
483.565488085701
 20
284.2402252593017
 10
483.3944221753469
 20
284.4278607723329
 10
483.2285353862705
 20
284.6200909533417
 10
483.06780443439794
 20
284.8166529663706
 10
482.91221734275484
 20
285.01731157740943
 10
482.7617739498954
 20
285.2218552934728
 10
482.6164863937989
 20
285.4300930623528
 10
482.47637961880827
 20
285.64185142432615
 10
482.34149194345326
 20
285.8569720252004
 10
482.2118757212005
 20
286.0753094139823
 10
482.08759812329214
 20
286.2967290587659
 10
481.9687420722108
 20
286.5211055216257
 10
481.8554073555365
 20
286.74832073766004
 10
481.74771195282045
 20
286.97826234497586
 10
481.64579361248667
 20
287.2108220112953
 10
481.54981172168726
 20
287.44589369872824
 10
481.45994951952946
 20
287.683371800601
 10
481.3764167132268
 20
287.92314907226194
 10
481.2994525675437
 20
288.1651142603039
 10
481.2293295502795
 20
288.40914930992756
 10
481.16635763006883
 20
288.6551259958008
 10
481.11088933643236
 20
288.90290177434724
 10
481.06332570362554
 20
289.152314590282
 10
481.0241232251735
 20
289.4031762811287
 10
480.99380193709663
 20
289.6552641022032
 10
480.9729547102761
 20
289.90830973101686
 10
480.9622577404516
 20
290.161984893073
 10
480.96248203308903
 20
290.41588247164066
 10
480.9745053132996
 20
290.6694916240283
 10
480.99932312196734
 20
290.92216505862496
 10
481.03805669090616
 20
291.17307633697305
 10
481.0919532420428
 20
291.4211651198567
 10
481.16237130735703
 20
291.66506925557667
 10
481.2507393653722
 20
291.90304562640677
 10
481.3584711594743
 20
292.132888537791
 10
481.486818195862
 20
292.3518672627072
 10
481.6366456695879
 20
292.55672335598496
 10
481.80814285827796
 20
292.7437864230807
 10
482.0005292762807
 20
292.90926323535547
 10
482.2118759132868
 20
293.04970033308973
  0
LINE
  5
49F
330
17
100
AcDbEntity
  8
01-VISIBLE
100
AcDbLine
 10
503.30598394616675
 20
283.8877619864628
 30
0.0
 11
503.42424440249243
 21
285.11872224373025
 31
0.0
  0
LINE
  5
4A0
330
17
100
AcDbEntity
  8
01-VISIBLE
100
AcDbLine
 10
503.42424440249243
 20
285.1187222437302
 30
0.0
 11
509.08109865198486
 21
288.3847085674411
 31
0.0
  0
LINE
  5
4A1
330
17
100
AcDbEntity
  8
01-VISIBLE
100
AcDbLine
 10
508.9628381956591
 20
287.15374831017374
 30
0.0
 11
509.08109865198486
 21
288.3847085674411
 31
0.0
  0
LINE
  5
4A2
330
17
100
AcDbEntity
  8
01-VISIBLE
100
AcDbLine
 10
503.30598394616675
 20
283.8877619864628
 30
0.0
 11
508.9628381956591
 21
287.15374831017374
 31
0.0
  0
LINE
  5
4A3
330
17
100
AcDbEntity
  8
01-VISIBLE
100
AcDbLine
 10
495.47498516637785
 20
289.35939192630474
 30
0.0
 11
503.30598394616675
 21
283.8877619864628
 31
0.0
  0
LINE
  5
4A4
330
17
100
AcDbEntity
  8
01-VISIBLE
100
AcDbLine
 10
496.5043928190924
 20
289.9537207117053
 30
0.0
 11
503.42424440249243
 21
285.1187222437302
 31
0.0
  0
LINE
  5
4A5
330
17
100
AcDbEntity
  8
01-VISIBLE
100
AcDbLine
 10
506.3379639567507
 20
290.3013756937597
 30
0.0
 11
509.08109865198486
 21
288.38470856744107
 31
0.0
  0
LINE
  5
4A6
330
17
100
AcDbEntity
  8
01-VISIBLE
100
AcDbLine
 10
485.5147186257614
 20
299.37137479151227
 30
0.0
 11
485.37683920313657
 21
300.7476363760454
 31
0.0
  0
LINE
  5
4A7
330
17
100
AcDbEntity
  8
01-VISIBLE
100
AcDbLine
 10
485.37683920313657
 20
300.7476363760454
 30
0.0
 11
491.03369345262894
 21
304.0136226997563
 31
0.0
  0
LINE
  5
4A8
330
17
100
AcDbEntity
  8
01-VISIBLE
100
AcDbLine
 10
506.58532995995614
 20
290.1936302683841
 30
0.0
 11
506.4474505373313
 21
291.56989185291724
 31
0.0
  0
LINE
  5
4A9
330
17
100
AcDbEntity
  8
01-VISIBLE
100
AcDbLine
 10
506.4474505373313
 20
291.5698918529172
 30
0.0
 11
512.1043047868237
 21
294.8358781766281
 31
0.0
  0
LINE
  5
4AA
330
17
100
AcDbEntity
  8
01-VISIBLE
100
AcDbLine
 10
512.2421842094485
 20
293.459616592095
 30
0.0
 11
512.1043047868237
 21
294.83587817662817
 31
0.0
  0
LINE
  5
4AB
330
17
100
AcDbEntity
  8
01-VISIBLE
100
AcDbLine
 10
506.58532995995614
 20
290.1936302683841
 30
0.0
 11
512.2421842094485
 21
293.459616592095
 31
0.0
  0
LINE
  5
4AC
330
17
100
AcDbEntity
  8
01-VISIBLE
100
AcDbLine
 10
485.5147186257614
 20
299.37137479151227
 30
0.0
 11
506.58532995995614
 21
290.193630268384
 31
0.0
  0
LINE
  5
4AD
330
17
100
AcDbEntity
  8
01-VISIBLE
100
AcDbLine
 10
485.37683920313657
 20
300.7476363760454
 30
0.0
 11
506.4474505373313
 21
291.5698918529172
 31
0.0
  0
LINE
  5
4AE
330
17
100
AcDbEntity
  8
01-VISIBLE
100
AcDbLine
 10
491.03369345262894
 20
304.0136226997563
 30
0.0
 11
512.1043047868237
 21
294.8358781766281
 31
0.0
  0
LWPOLYLINE
  5
4AF
330
17
100
AcDbEntity
  8
01-VISIBLE
100
AcDbPolyline
 90
8
 70
0
 10
494.28284271247463
 20
303.78045632852195
 10
494.4958939481692
 20
303.6260638547652
 10
494.6797001420862
 20
303.4375633095692
 10
494.8354164953684
 20
303.2251928036545
 10
494.96261965151774
 20
302.9945962544967
 10
495.0587076719566
 20
302.7494236581681
 10
495.11783276420397
 20
302.4929025885301
 10
495.1283652248689
 20
302.23010295105803
  0
LWPOLYLINE
  5
4B0
330
17
100
AcDbEntity
  8
01-VISIBLE
100
AcDbPolyline
 90
7
 70
0
 10
493.6828427124746
 20
303.83989091595004
 10
493.77976798230924
 20
303.88013194144946
 10
493.88361310207125
 20
303.8957294206145
 10
493.98851560093436
 20
303.88955457784937
 10
494.0909499835468
 20
303.8658620862874
 10
494.1892652327079
 20
303.82850687438776
 10
494.28284271247463
 20
303.78045632852195
  0
LWPOLYLINE
  5
4B1
330
17
100
AcDbEntity
  8
01-VISIBLE
100
AcDbPolyline
 90
10
 70
0
 10
484.1005050633883
 20
297.9016809458424
 10
484.31552896292317
 20
297.74555577853664
 10
484.50073797872227
 20
297.55476541482324
 10
484.6573011702178
 20
297.33976801603575
 10
484.7847327713821
 20
297.106308326983
 10
484.88025703391344
 20
296.8581090902569
 10
484.9376485361444
 20
296.5985217265538
 10
484.94445775068516
 20
296.33301599814706
 10
484.8763613498382
 20
296.0772125272831
 10
484.70050506338833
 20
295.88265456418776
  0
LWPOLYLINE
  5
4B2
330
17
100
AcDbEntity
  8
01-VISIBLE
100
AcDbPolyline
 90
13
 70
0
 10
484.70050506338833
 20
295.88265456418776
 10
484.4579847954384
 20
295.82689345063227
 10
484.21399313764306
 20
295.885369745474
 10
483.99546421040577
 20
296.0102709013381
 10
483.8044569573231
 20
296.1745815741562
 10
483.6396457447396
 20
296.36527670763854
 10
483.5005050252255
 20
296.5754749533153
 10
483.38803838111016
 20
296.80107348258275
 10
483.3052971766981
 20
297.0391517538342
 10
483.2585036111651
 20
297.28672422912075
 10
483.2596005353116
 20
297.5384264058933
 10
483.3309544500481
 20
297.7789674944693
 10
483.50050506338835
 20
297.9611155332704
  0
LWPOLYLINE
  5
4B3
330
17
100
AcDbEntity
  8
01-VISIBLE
100
AcDbPolyline
 90
7
 70
0
 10
483.50050506338835
 20
297.9611155332704
 10
483.597430333223
 20
298.0013565587698
 10
483.70127545298493
 20
298.01695403793485
 10
483.8061779518481
 20
298.01077919516973
 10
483.9086123344605
 20
297.98708670360776
 10
484.0069275836216
 20
297.9497314917081
 10
484.1005050633883
 20
297.9016809458424
  0
LWPOLYLINE
  5
4B4
330
17
100
AcDbEntity
  8
01-VISIBLE
100
AcDbPolyline
 90
7
 70
0
 10
492.63330431550526
 20
289.1758362441079
 10
492.67438498650915
 20
289.1777402959214
 10
492.7153303995371
 20
289.17379015261105
 10
492.7555024071071
 20
289.16490118765057
 10
492.7945443341664
 20
289.1519008976884
 10
492.83227819404226
 20
289.1354764411901
 10
492.8686291501015
 20
289.11617773506003
  0
LWPOLYLINE
  5
4B5
330
17
100
AcDbEntity
  8
01-VISIBLE
100
AcDbPolyline
 90
7
 70
0
 10
492.6333043155143
 20
289.17583624410355
 10
492.65508846491554
 20
289.18898378427195
 10
492.6762626163324
 20
289.20309127993124
 10
492.69667785435405
 20
289.218275348573
 10
492.7162676593514
 20
289.234511241577
 10
492.7352766468814
 20
289.25142685871066
 10
492.7552281623174
 20
289.2671561770709
  0
LWPOLYLINE
  5
4B6
330
17
100
AcDbEntity
  8
01-VISIBLE
100
AcDbPolyline
 90
7
 70
0
 10
492.7552281623174
 20
289.2671561770709
 10
492.75747909042224
 20
289.2683564219993
 10
492.75982180551114
 20
289.26936466679683
 10
492.7622636361564
 20
289.2700979941441
 10
492.7647882413111
 20
289.2704429302702
 10
492.76732922620437
 20
289.270278030107
 10
492.7697667147684
 20
289.2695432675938
  0
LWPOLYLINE
  5
4B7
330
17
100
AcDbEntity
  8
01-VISIBLE
100
AcDbPolyline
 90
7
 70
0
 10
493.10395398468876
 20
288.9041065309117
 10
493.17907072288796
 20
288.9287912195563
 10
493.2584440005867
 20
288.92988551618396
 10
493.3366889569196
 20
288.9159410905917
 10
493.4122217462245
 20
288.89112603349537
 10
493.4840782089029
 20
288.8570904010088
 10
493.5510696710702
 20
288.81427884837774
  0
LWPOLYLINE
  5
4B8
330
17
100
AcDbEntity
  8
01-VISIBLE
100
AcDbPolyline
 90
7
 70
0
 10
492.8686291501015
 20
289.11617773506003
 10
492.91346115697024
 20
289.08772344823626
 10
492.9559839346327
 20
289.05591574745347
 10
492.9962474290416
 20
289.0212890872887
 10
493.0343040080162
 20
288.98424840791876
 10
493.0701967539047
 20
288.94510590500965
 10
493.1039539846978
 20
288.9041065309056
  0
LWPOLYLINE
  5
4B9
330
17
100
AcDbEntity
  8
01-VISIBLE
100
AcDbPolyline
 90
7
 70
0
 10
492.63330431550526
 20
289.1758362441079
 10
492.67315098521516
 20
289.1562091454246
 10
492.71274814009445
 20
289.13608337756216
 10
492.7520950080965
 20
289.11547254943736
 10
492.79119102464966
 20
289.0943897427791
 10
492.830035810255
 20
289.07284753281976
 10
492.8686291501015
 20
289.0508580085858
  0
LWPOLYLINE
  5
4BA
330
17
100
AcDbEntity
  8
01-VISIBLE
100
AcDbPolyline
 90
7
 70
0
 10
492.8686291501015
 20
289.0508580085858
 10
492.9085299612311
 20
289.0275087685361
 10
492.9481583879184
 20
289.00370014638185
 10
492.9875146342323
 20
288.97944423036614
 10
493.0265990204538
 20
288.9547526289118
 10
493.0654119678135
 20
288.9296364918622
 10
493.1039539846978
 20
288.9041065309056
  0
LWPOLYLINE
  5
4BB
330
17
100
AcDbEntity
  8
01-VISIBLE
100
AcDbPolyline
 90
16
 70
0
 10
476.05396223983985
 20
299.67327562210767
 10
475.8776228397803
 20
299.8663839306596
 10
475.78456778769777
 20
300.11198000066645
 10
475.7566824776819
 20
300.3737028693488
 10
475.7760478515866
 20
300.63641718476333
 10
475.8312941250404
 20
300.89408172666526
 10
475.9155921315792
 20
301.14380081615496
 10
476.02483740246316
 20
301.3836788471589
 10
476.15663172454106
 20
301.61195329898464
 10
476.30974956638295
 20
301.8265014884016
 10
476.4838636471938
 20
302.0243652409992
 10
476.6793845583026
 20
302.20104217840606
 10
476.89721915035614
 20
302.34917022739444
 10
477.13782046147384
 20
302.45588225269495
 10
477.39704041257477
 20
302.49809221828343
 10
477.652446729199
 20
302.44193197278855
  0
LINE
  5
4BC
330
17
100
AcDbEntity
  8
01-VISIBLE
100
AcDbLine
 10
513.05
 20
172.19962671511777
 30
0.0
 11
513.05
 21
273.3900439671464
 31
0.0
  0
LINE
  5
4BD
330
17
100
AcDbEntity
  8
01-VISIBLE
100
AcDbLine
 10
474.95
 20
172.19962671511777
 30
0.0
 11
474.95
 21
273.39003723751273
 31
0.0
  0
LWPOLYLINE
  5
4BE
330
17
100
AcDbEntity
  8
01-VISIBLE
100
AcDbPolyline
 90
54
 70
0
 10
513.05
 20
274.9761947921946
 10
513.0458005790096
 20
275.2303470473812
 10
513.0333090684081
 20
275.484226756977
 10
513.0125137685166
 20
275.7375614950463
 10
512.9834452634121
 20
275.9900807800251
 10
512.9461725131687
 20
276.241520198471
 10
512.9007983247735
 20
276.491624829058
 10
512.8474545058793
 20
276.7401519109066
 10
512.7862969689379
 20
276.98687276384067
 10
512.7175010012143
 20
277.23157401625303
 10
512.6412568584522
 20
277.47405822745026
 10
512.5577657842615
 20
277.71414400694846
 10
512.4672365087093
 20
277.95166573620577
 10
512.3698822406894
 20
278.1864729922996
 10
512.2659181399611
 20
278.4184297615593
 10
512.1555592355267
 20
278.64741351701485
 10
512.0390187457292
 20
278.8733142188438
 10
511.9165067503281
 20
279.0960332831753
 10
511.7882291641373
 20
279.31548255243047
 10
511.6543869948797
 20
279.53158330975293
 10
511.51521330824573
 20
279.7442900772626
 10
511.37093098925595
 20
279.95356557129276
 10
511.2217351899434
 20
280.15936735456313
 10
511.06782279208875
 20
280.36166633004234
 10
510.9093892949219
 20
280.5604447680993
 10
510.74662645281956
 20
280.7556944336759
 10
510.57972056720916
 20
280.94741487664055
 10
510.40885133157394
 20
281.1356119238835
 10
510.23419113142455
 20
281.32029639233406
 10
510.0559047091144
 20
281.5014830277328
 10
509.87414911394876
 20
281.6791896640282
 10
509.6890738694245
 20
281.8534365918366
 10
509.5008213004995
 20
282.0242461206329
 10
509.3095269738796
 20
282.19164231744577
 10
509.1153202131002
 20
282.35565090415696
 10
508.91832465760376
 20
282.51629929553167
 10
508.7186588411127
 20
282.6736167604614
 10
508.51643676952926
 20
282.82763468930006
 10
508.3117684825312
 20
282.97838695045823
 10
508.104760586168
 20
283.1259103194835
 10
507.89551674629035
 20
283.27024496367255
 10
507.68413606308485
 20
283.4114318216112
 10
507.4706942649483
 20
283.54948311360056
 10
507.25528118672395
 20
283.68443797537907
 10
507.03798141826985
 20
283.81633363026737
 10
506.8188745806021
 20
283.9452052231072
 10
506.5980360498785
 20
284.0710864162344
 10
506.3755374988216
 20
284.1940098128419
 10
506.15144730216264
 20
284.3140072441277
 10
505.92583084194746
 20
284.4311099505679
 10
505.6987507402049
 20
284.54534868259157
 10
505.47026703993583
 20
284.6567537416195
 10
505.24043735022093
 20
284.76535497869116
 10
505.0093169671771
 20
284.87118176466277
  0
LWPOLYLINE
  5
4BF
330
17
100
AcDbEntity
  8
01-VISIBLE
100
AcDbPolyline
 90
51
 70
0
 10
482.3111475905429
 20
284.55024744511365
 10
482.0838085018089
 20
284.43603211266577
 10
481.8579329797682
 20
284.31894914040527
 10
481.6335836943161
 20
284.198967722313
 10
481.4108260781615
 20
284.0760565598679
 10
481.1897285632217
 20
283.95018375502207
 10
480.9703628931781
 20
283.82131661747684
 10
480.752804541466
 20
283.6894213590739
 10
480.53713327294065
 20
283.55446264259615
 10
480.3234338990485
 20
283.416402945639
 10
480.1117957857905
 20
283.2752038749348
 10
479.90229441724796
 20
283.1308536326022
 10
479.6950298122086
 20
282.9833099480225
 10
479.49010567317436
 20
282.8325326588978
 10
479.28762866454264
 20
282.67848496741686
 10
479.0877089065665
 20
282.5211329577785
 10
478.8904605082746
 20
282.36044516954973
 10
478.696002129177
 20
282.1963922437707
 10
478.50445755705465
 20
282.0289466585444
 10
478.31595628598836
 20
281.8580825709257
 10
478.1306340748379
 20
281.6837757822125
 10
477.94863346144535
 20
281.5060038441534
 10
477.77010420172485
 20
281.3247463239407
 10
477.59520359537066
 20
281.13998524588726
 10
477.42409665111825
 20
280.9517057270073
 10
477.25695603439686
 20
280.75989682181705
 10
477.0939617291515
 20
280.56455258788344
 10
476.9353003342292
 20
280.36567337719987
 10
476.78116390416636
 20
280.16326734847286
 10
476.6317482362242
 20
279.9573521810327
 10
476.4872505025877
 20
279.7479569516623
 10
476.34786610383065
 20
279.53512412904183
 10
476.21382212215974
 20
279.31888858011865
 10
476.08534739519564
 20
279.0992987319202
 10
475.9626444803381
 20
278.876432629437
 10
475.8459204509284
 20
278.65037810745264
 10
475.73538621452775
 20
278.4212336925622
 10
475.6312555794078
 20
278.18910954584044
 10
475.5337440186886
 20
277.95412842393546
 10
475.44306707795005
 20
277.71642662622764
 10
475.3594383714226
 20
277.476154883263
 10
475.28306711561515
 20
277.23347912720226
 10
475.2141551593777
 20
276.9885810692417
 10
475.1528934879617
 20
276.74165849324334
 10
475.09945820748754
 20
276.49292516134636
 10
475.05400605652545
 20
276.2426102191822
 10
475.01666954301675
 20
275.99095698928943
 10
474.9875518651264
 20
275.7382210555232
 10
474.9667218386161
 20
275.4846675722738
 10
474.95420911267297
 20
275.23056778203716
 10
474.95
 20
274.9761947921946
  0
LWPOLYLINE
  5
4C0
330
17
100
AcDbEntity
  8
01-VISIBLE
100
AcDbPolyline
 90
21
 70
0
 10
499.5352122659022
 20
276.4298379068117
 10
499.76010648810893
 20
276.5651717204436
 10
499.9796986105659
 20
276.7089454519994
 10
500.19327422336454
 20
276.8615093606689
 10
500.40000194668636
 20
277.0232262561934
 10
500.5989132827464
 20
277.19446017088654
 10
500.78888092965076
 20
277.3755587854688
 10
500.96859717139716
 20
277.56682723970914
 10
501.13655545690364
 20
277.7684905947687
 10
501.29104050163323
 20
277.98064233401925
 10
501.43013513562715
 20
278.20317751246625
 10
501.55175509357304
 20
278.43571237811716
 10
501.65372440014835
 20
278.67749833032036
 10
501.73390108097675
 20
278.92734681898014
 10
501.79035231646964
 20
279.1835906055969
 10
501.82155901402894
 20
279.44410963784276
 10
501.8266079511206
 20
279.7064393242126
 10
501.8053331806687
 20
279.96795524125133
 10
501.75839182403865
 20
280.22610723652224
 10
501.6870688244449
 20
280.47862170854285
 10
501.59317653552023
 20
280.72365281749387
  0
LWPOLYLINE
  5
4C1
330
17
100
AcDbEntity
  8
01-VISIBLE
100
AcDbPolyline
 90
68
 70
0
 10
486.4071745379692
 20
280.72448227146856
 10
486.3171520898976
 20
280.49120726162835
 10
486.24753600152025
 20
280.2510602946392
 10
486.1999093582813
 20
280.00561165275053
 10
486.17546059378867
 20
279.75678817540876
 10
486.17483928270605
 20
279.5067690669731
 10
486.19807173011895
 20
279.25782941069644
 10
486.2445364904841
 20
279.01215813358095
 10
486.31306551840396
 20
278.7716993335064
 10
486.4020993677485
 20
278.53804570295875
 10
486.5098164344722
 20
278.3123852938286
 10
486.63432354008285
 20
278.09552604491324
 10
486.77376742630054
 20
277.88794632221425
 10
486.92640850267264
 20
277.6898601071505
 10
487.0906613548979
 20
277.5012826442675
 10
487.2651103235409
 20
277.3220884462437
 10
487.44850860897003
 20
277.15205845042584
 10
487.63976777459527
 20
276.9909161817154
 10
487.83794253183663
 20
276.8383542871702
 10
488.04221394595305
 20
276.694053310393
 10
488.2518729017967
 20
276.55769453739447
 10
488.466304792565
 20
276.42896847964784
 10
488.6849758474748
 20
276.3075802361075
 10
488.90742119543216
 20
276.19325267456213
 10
489.1332345903197
 20
276.08572812298166
 10
489.36205964200775
 20
275.98476906741496
 10
489.5935600339453
 20
275.89010211547975
 10
489.8274499552963
 20
275.8015035479392
 10
490.0635332344897
 20
275.7189251347262
 10
490.30157245770346
 20
275.64216515886415
 10
490.5413576041829
 20
275.5710450869075
 10
490.7827013454649
 20
275.50540697793605
 10
491.02543523922736
 20
275.4451112614714
 10
491.269406619458
 20
275.39003483539017
 10
491.5144760322986
 20
275.3400694399427
 10
491.7605151021238
 20
275.2951202695949
 10
492.00740473859133
 20
275.25510478989133
 10
492.2550336150018
 20
275.2199517315583
 10
492.503296863065
 20
275.18960023852634
 10
492.7520949403448
 20
275.163999150428
 10
493.0013326351495
 20
275.1431064034775
 10
493.25091818009304
 20
275.12688853651747
 10
493.50076245046876
 20
275.11532029150055
 10
493.75077822727764
 20
275.108384299822
 10
494.00087950751026
 20
275.1060708478057
 10
494.2509808462562
 20
275.1083777163125
 10
494.50099671655494
 20
275.11531009095216
 10
494.7508408736738
 20
275.1268805407719
 10
495.0004257107662
 20
275.1431090646095
 10
495.2496615926383
 20
275.1640232055796
 10
495.49845615362744
 20
275.18965823543203
 10
495.7467135443339
 20
275.2200574118257
 10
495.9943336100775
 20
275.2552723129239
 10
496.2412109813663
 20
275.2953632551669
 10
496.48723405320766
 20
275.34039980165016
 10
496.73228382555976
 20
275.39046137024445
 10
496.9762325713126
 20
275.44563795245546
 10
497.21894229052185
 20
275.50603095603526
 10
497.4602628996624
 20
275.57175418648575
 10
497.700030091707
 20
275.6429349847547
 10
497.9380627859034
 20
275.7197155404423
 10
498.1741600639081
 20
275.8022544013722
 10
498.4080974596453
 20
275.8907282008489
 10
498.63962243147466
 20
275.9853336222782
 10
498.8684487936792
 20
276.0862896152738
 10
499.09424981550654
 20
276.1938398648531
 10
499.3166496041742
 20
276.30825549059557
 10
499.5352122659022
 20
276.4298379068117
  0
LWPOLYLINE
  5
4C2
330
17
100
AcDbEntity
  8
01-VISIBLE
100
AcDbPolyline
 90
28
 70
0
 10
499.8578733917322
 20
276.21346792036275
 10
500.0790499937117
 20
276.34569617118865
 10
500.29532740677365
 20
276.4857917100789
 10
500.5061359397846
 20
276.6339860257846
 10
500.710816725373
 20
276.7905314891221
 10
500.9086069844739
 20
276.95569320272216
 10
501.09862392169003
 20
277.129737232278
 10
501.2798479975192
 20
277.3129137387148
 10
501.45110708428564
 20
277.5054332379941
 10
501.61106417269025
 20
277.7074340770493
 10
501.75821291361433
 20
277.9189394902755
 10
501.8908872490331
 20
278.1398037115187
 10
502.00729322740926
 20
278.36964910651284
 10
502.10557170625134
 20
278.60780059496733
 10
502.1838982075908
 20
278.8532295040664
 10
502.24061877701456
 20
279.104524670643
 10
502.2744079424883
 20
279.3599103645231
 10
502.28442029918074
 20
279.6173240512863
 10
502.2703987827776
 20
279.87455080700965
 10
502.2327084829709
 20
280.12939081659823
 10
502.1722857582978
 20
280.3798228461145
 10
502.0905186956877
 20
280.62412850469343
 10
501.9890927159835
 20
280.86095815300973
 10
501.8698370490951
 20
281.08933942702424
 10
501.7345971622417
 20
281.30864339884033
 10
501.58514369192386
 20
281.5185277390796
 10
501.4231169475246
 20
281.71887331322876
 10
501.25
 20
281.909724835582
  0
LWPOLYLINE
  5
4C3
330
17
100
AcDbEntity
  8
01-VISIBLE
100
AcDbPolyline
 90
75
 70
0
 10
486.3998919115615
 20
281.4988740476318
 10
486.2552480567511
 20
281.29343469009723
 10
486.1242500054314
 20
281.0790440019418
 10
486.0085481974553
 20
280.85603440482475
 10
485.9098544237875
 20
280.6250022675189
 10
485.82985863918196
 20
280.3868570781087
 10
485.7701155270429
 20
280.1428494423212
 10
485.731910799455
 20
279.8945620571821
 10
485.71612864892467
 20
279.6438520113946
 10
485.72314951481314
 20
279.3927443905835
 10
485.7528050922554
 20
279.14329302695194
 10
485.80440333364436
 20
278.8974366462619
 10
485.8767908258311
 20
278.65687213736976
 10
485.96848959889115
 20
278.42297880862697
 10
486.0778603908932
 20
278.1968002416233
 10
486.2031787773408
 20
277.97904395676784
 10
486.3427625331626
 20
277.77013649189314
 10
486.49502984410555
 20
277.5702773452032
 10
486.6585319031617
 20
277.37949281514324
 10
486.83196611730375
 20
277.1976838725657
 10
487.0141762073273
 20
277.0246656402419
 10
487.204144382923
 20
276.860198256857
 10
487.40097937285856
 20
276.7040100460224
 10
487.6039028259041
 20
276.5558143410434
 10
487.8122356242333
 20
276.4153213434107
 10
488.0253849700106
 20
276.2822462320857
 10
488.24283266234966
 20
276.1563145180594
 10
488.4641247103644
 20
276.0372654187735
 10
488.6888622724842
 20
275.92485383687614
 10
488.91669383068563
 20
275.81885137469976
 10
489.1473084718379
 20
275.7190466977812
 10
489.3804301380435
 20
275.62524547221796
 10
489.61580829276545
 20
275.53725801174016
 10
489.8532201892864
 20
275.45491446340503
 10
490.09246738909957
 20
275.3780649888629
 10
490.333368231486
 20
275.306566614066
 10
490.5757578766046
 20
275.24028962050465
 10
490.8194859183316
 20
275.1791165157665
 10
491.0644143625155
 20
275.1229411229451
 10
491.31041590285145
 20
275.0716677803737
 10
491.5573724398647
 20
275.0252106429701
 10
491.80517379887345
 20
274.9834930768687
 10
492.0537166109364
 20
274.94644713972093
 10
492.30290332717516
 20
274.9140131399216
 10
492.5526413418686
 20
274.886139268967
 10
492.8028422036401
 20
274.8627813021218
 10
493.053420897108
 20
274.84390236354477
 10
493.304295179715
 20
274.8294727529803
 10
493.5553849602123
 20
274.8194698320757
 10
493.8066117065365
 20
274.8138779693364
 10
494.0578978716414
 20
274.81268854369904
 10
494.3091663262742
 20
274.8159000077067
 10
494.56033978772575
 20
274.82351801233295
 10
494.81134023323426
 20
274.8355555966511
 10
495.0620883105346
 20
274.8520331028296
 10
495.312502968589
 20
274.8729754236026
 10
495.56250087396575
 20
274.8984135251883
 10
495.81199564426316
 20
274.9283863369119
 10
496.0608971235283
 20
274.9629408636935
 10
496.3091106058
 20
275.0021323403172
 10
496.55653598984327
 20
275.04602444816146
 10
496.80306684737866
 20
275.0946895950523
 10
497.0485893845156
 20
275.14820925944423
 10
497.2929812727527
 20
275.206674400516
 10
497.53611032166975
 20
275.27018593591043
 10
497.7778329600991
 20
275.3388552886688
 10
498.0179924858835
 20
275.4128050042551
 10
498.25641703598575
 20
275.49216943720927
 10
498.49291721831617
 20
275.5770955045858
 10
498.7272833337079
 20
275.66774349941704
 10
498.9592821004121
 20
275.76428795126526
 10
499.1886527736381
 20
275.86691851139983
 10
499.41510252828874
 20
275.9758408256453
 10
499.63830094343473
 20
276.0912773361157
 10
499.8578733917322
 20
276.21346792036275
  0
LWPOLYLINE
  5
4C4
330
17
100
AcDbEntity
  8
01-VISIBLE
100
AcDbPolyline
 90
46
 70
0
 10
512.7121896550013
 20
169.55733753847528
 10
512.6442461041207
 20
169.31312783026584
 10
512.5725317056052
 20
169.06999862062338
 10
512.4969259565185
 20
168.828051729699
 10
512.4169822050494
 20
168.5875043106469
 10
512.3321050100004
 20
168.34865429153248
 10
512.2417563847628
 20
168.11182078068225
 10
512.1457588130938
 20
167.87722000630396
 10
512.044623007739
 20
167.6447862285298
 10
511.9388313158208
 20
167.41443761745688
 10
511.8273825993533
 20
167.18677016179055
 10
511.7108622146552
 20
166.9616559182393
 10
511.5894387411217
 20
166.73914780043913
 10
511.46325764766993
 20
166.51930252753993
 10
511.3324727942908
 20
166.30216421154785
 10
511.19726857619577
 20
166.08774944258508
 10
511.0578569236729
 20
165.87604580652
 10
510.9144539373366
 20
165.66702481644407
 10
510.76725088280443
 20
165.46066210890223
 10
510.6163939866462
 20
165.25695503547905
 10
510.4619813054416
 20
165.05592984609854
 10
510.3040779023316
 20
164.8576347965299
 10
510.1427438859332
 20
164.66212069338636
 10
509.97806140536693
 20
164.46941844463274
 10
509.8101352779809
 20
164.27953599257367
 10
509.6390307768931
 20
164.09251263330353
 10
509.46474819328284
 20
163.90844695507803
 10
509.28742886980325
 20
163.72730501441382
 10
509.1071207041947
 20
163.54913783086923
 10
508.92390991388464
 20
163.37395671152956
 10
508.7378847132803
 20
163.2017670396848
 10
508.5491335641796
 20
163.0325698100273
 10
508.3577440147697
 20
162.86636277299132
 10
508.16380198722607
 20
162.7031412433939
 10
507.96739138823517
 20
162.54289863940053
 10
507.768593934588
 20
162.38562682248102
 10
507.5674891043144
 20
162.23131630975598
 10
507.36415414110957
 20
162.07995642850645
 10
507.15866405542516
 20
161.931535479547
 10
506.9510915794108
 20
161.7860409721549
 10
506.7415070449721
 20
161.6434599886013
 10
506.5299781646406
 20
161.50377973132086
 10
506.31656970376457
 20
161.36698830077657
 10
506.1013430396684
 20
161.23307574774836
 10
505.8843556087802
 20
161.10203544100634
 10
505.6656602461373
 20
160.97386579137628
  0
LWPOLYLINE
  5
4C5
330
17
100
AcDbEntity
  8
01-VISIBLE
100
AcDbPolyline
 90
144
 70
0
 10
475.287844843124
 20
169.55720956565222
 10
475.35484188209966
 20
169.31631083319436
 10
475.42550826351635
 20
169.0764627038965
 10
475.4999522268908
 20
168.83776050285957
 10
475.57859536317426
 20
168.6004095472196
 10
475.6620070018642
 20
168.3646932668949
 10
475.75071500736044
 20
168.13091969087895
 10
475.844928559664
 20
167.8993100845507
 10
475.94422286203337
 20
167.66983113654373
 10
476.04798197610944
 20
167.44233828282825
 10
476.1572410024248
 20
167.2174338935258
 10
476.27145938325083
 20
166.99500706945432
 10
476.39050019397337
 20
166.77512314649962
 10
476.5141926863059
 20
166.55782167456377
 10
476.64238106404474
 20
166.343141442165
 10
476.77490173384143
 20
166.13110782321183
 10
476.91156416345257
 20
165.92171940098788
 10
477.05215955902975
 20
165.7149508899754
 10
477.1964905414163
 20
165.51077211202946
 10
477.3444019570358
 20
165.30917178156332
 10
477.495794451075
 20
165.11017223845283
 10
477.65060962023233
 20
164.91382363900635
 10
477.80878311024003
 20
164.72017009498018
 10
477.97021072664813
 20
164.52922066717508
 10
478.13484515864343
 20
164.34102899540326
 10
478.30260875113765
 20
164.155621363504
 10
478.47344102690624
 20
163.97303724298905
 10
478.6472766832967
 20
163.7933101944249
 10
478.8240444132952
 20
163.61646607399072
 10
479.00366716044965
 20
163.44252248158875
 10
479.18606333753746
 20
163.27148922545834
 10
479.3711485751106
 20
163.1033695273003
 10
479.5588376191068
 20
162.93816165961113
 10
479.7490460647282
 20
162.77586069852404
 10
479.94169168770895
 20
162.6164600871417
 10
480.13669520398616
 20
162.4599527275442
 10
480.3339803479304
 20
162.30633134551923
 10
480.53347320590785
 20
162.15558789519872
 10
480.7351007793126
 20
162.007711791835
 10
480.9387887866364
 20
161.8626867881779
 10
481.1444723314082
 20
161.7205060657774
 10
481.35208031817297
 20
161.58115029176372
 10
481.5615512716396
 20
161.44461073932905
 10
481.7728265302938
 20
161.31087998061983
 10
481.9858489063476
 20
161.17995008220416
 10
482.20056265207523
 20
161.05181266414743
 10
482.4169134249433
 20
160.9264589550611
 10
482.63484825183775
 20
160.80387984337239
 10
482.8543154926541
 20
160.6840659250585
 10
483.07526480348264
 20
160.56700754808168
 10
483.2976470995879
 20
160.45269485375485
 10
483.52141451835513
 20
160.34111781525726
 10
483.74652038235007
 20
160.232266273512
 10
483.9729191626143
 20
160.1261299706263
 10
484.2005664423009
 20
160.02269858108536
 10
484.4294188807327
 20
159.92196174088204
 10
484.6594341779534
 20
159.8239090747521
 10
484.89057103982344
 20
159.72853022167752
 10
485.1227891437026
 20
159.635814858809
 10
485.3560491047485
 20
159.54575272395024
 10
485.5903124428504
 20
159.45833363673796
 10
485.8255415502096
 20
159.37354751864254
 10
486.061699659569
 20
159.29138441190676
 10
486.298750813089
 20
159.21183449753218
 10
486.5366598318598
 20
159.13488811241604
 10
486.77539228603626
 20
159.0605357657345
 10
487.01491446557554
 20
158.9887681546623
 10
487.255193351556
 20
158.91957617951317
 10
487.49619658805005
 20
158.85295095838006
 10
487.7378924545227
 20
158.78888384134916
 10
487.98024983872324
 20
158.72736642435854
 10
488.2232382100371
 20
158.66839056276638
 10
488.4668229339375
 20
158.61192798122045
 10
488.710974495209
 20
158.5579694897314
 10
488.9556731555226
 20
158.50654890430098
 10
489.20088935968437
 20
158.45765584853078
 10
489.44659420951683
 20
158.4112807405123
 10
489.69275940695064
 20
158.3674147498362
 10
489.9393572013928
 20
158.32604975781214
 10
490.1863603409369
 20
158.28717832064274
 10
490.433742027031
 20
158.2507936353195
 10
490.68147587225593
 20
158.21688950803178
 10
490.9295358609063
 20
158.18546032489888
 10
491.1778963120933
 20
158.1565010248543
 10
491.4265318451204
 20
158.13000707452582
 10
491.6754173469032
 20
158.10597444497074
 10
491.92452794122926
 20
158.08439959013742
 10
492.17383895966947
 20
158.06527942693575
 10
492.42332591397144
 20
158.04861131681034
 10
492.6729644697781
 20
158.03439304871833
 10
492.922730421529
 20
158.0226228234223
 10
493.17259966841226
 20
158.01329923901687
 10
493.42254819124497
 20
158.00642127761316
 10
493.67255203017044
 20
158.00198829311168
 10
493.9225872630655
 20
158.0
 10
494.17262998456147
 20
158.00045646311497
 10
494.4226562855852
 20
158.00335808831525
 10
494.6726422333353
 20
158.00870561401172
 10
494.92256385160925
 20
158.01650010350818
 10
495.1723971014065
 20
158.0267429381068
 10
495.42211786173044
 20
158.03943581093486
 10
495.6717019105206
 20
158.0545807214528
 10
495.9211249056451
 20
158.0721799706038
 10
496.1703623658882
 20
158.09223615656734
 10
496.4193896518688
 20
158.11475217108017
 10
496.6681819468274
 20
158.139731196289
 10
496.9167142372208
 20
158.1671767020991
 10
497.16496129306466
 20
158.19709244398393
 10
497.4128976479661
 20
158.22948246122021
 10
497.6604975787863
 20
158.26435107551293
 10
497.9077350848786
 20
158.30170288997314
 10
498.15458386684276
 20
158.34154278841132
 10
498.4010173047402
 20
158.3838759349069
 10
498.6470084357142
 20
158.42870777361333
 10
498.8925299309583
 20
158.47604402875518
 10
499.1375540719775
 20
158.5258907047724
 10
499.3820527260877
 20
158.57825408656254
 10
499.6259973210964
 20
158.6331407397698
 10
499.86935881911165
 20
158.69055751106478
 10
500.1121076894234
 20
158.75051152835547
 10
500.3542138804048
 20
158.8130102008646
 10
500.5956467903792
 20
158.87806121900337
 10
500.8363752374026
 20
158.9456725539658
 10
501.07636742791027
 20
159.01585245696143
 10
501.31559092417973
 20
159.08860945799626
 10
501.5540126105642
 20
159.16395236410523
 10
501.79159865845344
 20
159.24189025692957
 10
502.0283144899236
 20
159.3224324895238
 10
502.2641247400406
 20
159.40558868226702
 10
502.49899321778867
 20
159.49136871774118
 10
502.73288286560165
 20
159.57978273442836
 10
502.96575571748275
 20
159.67084111906505
 10
503.1975728557069
 20
159.76455449747843
 10
503.42829436611265
 20
159.86093372371448
 10
503.65787929200235
 20
159.9599898672524
 10
503.88628558668375
 20
160.06173419808252
 10
504.1134700647056
 20
160.16617816940848
 10
504.3393883518583
 20
160.273333397715
 10
504.5639948340348
 20
160.38321163992407
 10
504.78724260507306
 20
160.495824767343
 10
505.00908341373207
 20
160.6111847360868
 10
505.2294676099877
 20
160.7293035536382
 10
505.4483440908737
 20
160.85019324118753
 10
505.6656602461373
 20
160.97386579137628
  0
LINE
  5
4C6
330
17
100
AcDbEntity
  8
01-VISIBLE
100
AcDbLine
 10
501.25
 20
279.7730512523457
 30
0.0
 11
501.25
 21
282.3701620659156
 31
0.0
  0
LINE
  5
4C7
330
17
100
AcDbEntity
  8
01-VISIBLE
100
AcDbLine
 10
486.75
 20
279.7730512523457
 30
0.0
 11
486.75
 21
281.42938953262615
 31
0.0
  0
LWPOLYLINE
  5
4C8
330
17
100
AcDbEntity
  8
01-VISIBLE
100
AcDbPolyline
 90
42
 70
0
 10
507.49941331248294
 20
266.89362974773576
 10
507.71785313811114
 20
267.02175765401006
 10
507.9344317410607
 20
267.1530069463857
 10
508.1490596937676
 20
267.2874221841075
 10
508.361642271447
 20
267.42504923001275
 10
508.57207910399774
 20
267.56593511579877
 10
508.7802638126036
 20
267.71012787768115
 10
508.9860836321219
 20
267.85767635819855
 10
509.189419020909
 20
268.008629969463
 10
509.39014326041627
 20
268.16303841268734
 10
509.58812204772255
 20
268.32095134835816
 10
509.78321308516445
 20
268.4824180109892
 10
509.9752656724094
 20
268.6474867619998
 10
510.1641203077021
 20
268.81620457397133
 10
510.3496083066207
 20
268.9886164393645
 10
510.5315514485095
 20
269.164764696809
 10
510.70976166280644
 20
269.3446882683561
 10
510.8840407697448
 20
269.52842180171
 10
511.05418029232845
 20
269.71599471250903
 10
511.219961359003
 20
269.90743012332376
 10
511.38115471895907
 20
270.10274369828426
 10
511.53752089436955
 20
270.30194237525006
 10
511.688810495877
 20
270.50502300129443
 10
511.8347647290666
 20
270.71197088205446
 10
511.97511612017166
 20
270.92275826122193
 10
512.1095894885178
 20
271.1373427530666
 10
512.2379031908268
 20
271.3556657582415
 10
512.3597706580933
 20
271.57765090094244
 10
512.4749022389731
 20
271.8032025333568
 10
512.5830073542343
 20
272.03220436065726
 10
512.68379695476
 20
272.26451824583745
 10
512.7769862610202
 20
272.499983257595
 10
512.8622977453472
 20
272.73841502535043
 10
512.9394643006023
 20
272.9796054624843
 10
513.0082325211174
 20
273.2233229113273
 10
513.068366005667
 20
273.4693127510001
 10
513.1196485793752
 20
273.7172984920074
 10
513.1618873235883
 20
273.9669833602275
 10
513.1949153013192
 20
274.21805234889337
 10
513.2185938718478
 20
274.47017469212227
 10
513.2328145017055
 20
274.7230066896813
 10
513.2375
 20
274.9761947921946
  0
LWPOLYLINE
  5
4C9
330
17
100
AcDbEntity
  8
01-VISIBLE
100
AcDbPolyline
 90
19
 70
0
 10
513.2375
 20
274.9761947921946
 10
513.2327516002615
 20
275.2306345132582
 10
513.2183836719834
 20
275.484712758498
 10
513.1944718462854
 20
275.7380712407024
 10
513.1611241127781
 20
275.99036146713075
 10
513.118479578582
 20
276.2412479663285
 10
513.0667066121634
 20
276.49041124582317
 10
513.0060004488803
 20
276.73755038256047
 10
512.9365803577922
 20
276.9823851701278
 10
512.8586864841508
 20
277.2246577727427
 10
512.7725764883969
 20
277.4641338631717
 10
512.6785221007569
 20
277.7006032477967
 10
512.57680570175
 20
277.93388000498646
 10
512.4677170247328
 20
278.1638021813485
 10
512.3515500589286
 20
278.3902311036138
 10
512.2286002121056
 20
278.61305037172593
 10
512.0991617728557
 20
278.8321646015899
 10
511.9635256946013
 20
279.047497984639
 10
511.82197770791714
 20
279.25899272686456
  0
LWPOLYLINE
  5
4CA
330
17
100
AcDbEntity
  8
01-VISIBLE
100
AcDbPolyline
 90
19
 70
0
 10
476.17779207844956
 20
279.25860354256747
 10
476.0363122560936
 20
279.0470938924738
 10
475.90074014522185
 20
278.83175037149726
 10
475.7713585593212
 20
278.61263217901455
 10
475.6484555879697
 20
278.3898161644007
 10
475.5323228996325
 20
278.16339830165344
 10
475.4232537460497
 20
277.9334950653117
 10
475.32154066913347
 20
277.70024465398114
 10
475.22747292339335
 20
277.46380800314796
 10
475.14133364106834
 20
277.2243695266256
 10
475.0633967828188
 20
276.9821375267134
 10
474.9939239331427
 20
276.7373442176393
 10
474.93316101547117
 20
276.4902453155811
 10
474.8813350157807
 20
276.24111916166663
 10
474.8386508140256
 20
275.9902653615552
 10
474.80528822832486
 20
275.7380029457212
 10
474.78139937646097
 20
275.48466807713027
 10
474.7671064521834
 20
275.2306113559345
 10
474.7625
 20
274.9761947921946
  0
LWPOLYLINE
  5
4CB
330
17
100
AcDbEntity
  8
01-VISIBLE
100
AcDbPolyline
 90
42
 70
0
 10
507.49941331248294
 20
164.1170616706589
 10
507.71785313811114
 20
164.24518957693323
 10
507.9344317410607
 20
164.37643886930888
 10
508.1490596937676
 20
164.5108541070307
 10
508.361642271447
 20
164.64848115293591
 10
508.57207910399774
 20
164.78936703872193
 10
508.7802638126036
 20
164.9335598006043
 10
508.9860836321219
 20
165.08110828112171
 10
509.18941902090904
 20
165.2320618923862
 10
509.39014326041627
 20
165.38647033561048
 10
509.58812204772255
 20
165.54438327128133
 10
509.78321308516445
 20
165.70584993391236
 10
509.9752656724094
 20
165.870918684923
 10
510.1641203077021
 20
166.0396364968945
 10
510.3496083066207
 20
166.21204836228767
 10
510.53155144850956
 20
166.38819661973218
 10
510.70976166280644
 20
166.5681201912793
 10
510.8840407697448
 20
166.7518537246332
 10
511.05418029232845
 20
166.9394266354322
 10
511.219961359003
 20
167.13086204624693
 10
511.38115471895907
 20
167.32617562120743
 10
511.53752089436955
 20
167.5253742981732
 10
511.688810495877
 20
167.7284549242176
 10
511.8347647290666
 20
167.93540280497763
 10
511.97511612017166
 20
168.1461901841451
 10
512.1095894885178
 20
168.36077467598975
 10
512.2379031908268
 20
168.5790976811647
 10
512.3597706580933
 20
168.80108282386567
 10
512.4749022389731
 20
169.02663445627996
 10
512.5830073542343
 20
169.2556362835805
 10
512.68379695476
 20
169.48795016876065
 10
512.7769862610202
 20
169.7234151805182
 10
512.8622977453472
 20
169.9618469482736
 10
512.9394643006023
 20
170.2030373854075
 10
513.0082325211174
 20
170.44675483425047
 10
513.068366005667
 20
170.6927446739233
 10
513.1196485793752
 20
170.94073041493056
 10
513.1618873235883
 20
171.1904152831507
 10
513.1949153013192
 20
171.44148427181653
 10
513.2185938718478
 20
171.69360661504544
 10
513.2328145017055
 20
171.9464386126045
 10
513.2375
 20
172.19962671511777
  0
LWPOLYLINE
  5
4CC
330
17
100
AcDbEntity
  8
01-VISIBLE
100
AcDbPolyline
 90
7
 70
0
 10
513.2375
 20
172.19962671511777
 10
513.2322775599628
 20
172.4663669073778
 10
513.2164860224457
 20
172.73269063119636
 10
513.1902152601824
 20
172.99818579274333
 10
513.1535941100086
 20
173.26245251379638
 10
513.1067887044339
 20
173.525107181355
 10
513.05
 20
173.78578612007175
  0
LWPOLYLINE
  5
4CD
330
17
100
AcDbEntity
  8
01-VISIBLE
100
AcDbPolyline
 90
7
 70
0
 10
474.95
 20
173.78609571494655
 10
474.8931190286216
 20
173.52537893169824
 10
474.84623920257076
 20
173.26268005141137
 10
474.80957447857344
 20
172.99836228515056
 10
474.78330590414794
 20
172.73281013750122
 10
474.7675787016579
 20
172.46642607115376
 10
474.7625
 20
172.19962671511777
  0
LWPOLYLINE
  5
4CE
330
17
100
AcDbEntity
  8
01-VISIBLE
100
AcDbPolyline
 90
26
 70
0
 10
486.25
 20
279.7730512523457
 10
486.26138826872426
 20
279.51488096305815
 10
486.2955021600964
 20
279.25871793109695
 10
486.351563414763
 20
279.0064429295959
 10
486.42848459525874
 20
278.7597213944501
 10
486.5249247734324
 20
278.51994873063575
 10
486.63936744284524
 20
278.28822047574636
 10
486.77020585189547
 20
278.0653305729803
 10
486.9158221990694
 20
277.85179411072477
 10
487.0746516514801
 20
277.6478867113618
 10
487.24522750244756
 20
277.45369182160397
 10
487.4262080884376
 20
277.26914858428387
 10
487.61638859162645
 20
277.0940954101026
 10
487.8147017241308
 20
276.9283067534809
 10
488.02021108488015
 20
276.7715223959769
 10
488.2321002636169
 20
276.6234696502781
 10
488.4496554256508
 20
276.48387216778406
 10
488.67220419777084
 20
276.3523779384786
 10
488.8991904639972
 20
276.2286982303715
 10
489.13012786666013
 20
276.1125604405344
 10
489.3645875580455
 20
276.0037061133054
 10
489.6021902342663
 20
275.9018923497478
 10
489.84259924908815
 20
275.80689247337
 10
490.0855146862197
 20
275.7184961936366
 10
490.3306682664744
 20
275.6365094412472
 10
490.57781897299327
 20
275.5607539994317
  0
LWPOLYLINE
  5
4CF
330
17
100
AcDbEntity
  8
01-VISIBLE
100
AcDbPolyline
 90
9
 70
0
 10
497.44152185399435
 20
275.56644126780884
 10
497.6928028388408
 20
275.6440610853578
 10
497.9419938885707
 20
275.7281474164881
 10
498.18883866776633
 20
275.81888892222076
 10
498.43305120527657
 20
275.9164913016011
 10
498.67431101019537
 20
276.02117775334074
 10
498.9122573512673
 20
276.13318922006
 10
499.14648255470513
 20
276.2527842741196
 10
499.3765241636025
 20
276.3802384445905
  0
LWPOLYLINE
  5
4D0
330
17
100
AcDbEntity
  8
01-VISIBLE
100
AcDbPolyline
 90
8
 70
0
 10
501.75
 20
279.7730512523457
 10
501.7390947008253
 20
280.0258125695995
 10
501.7063831648647
 20
280.2766884245377
 10
501.65259567111997
 20
280.52390837145253
 10
501.5787437187696
 20
280.7658985061636
 10
501.4860720381023
 20
281.00133044525086
 10
501.37599075817747
 20
281.2291493506417
 10
501.25
 20
281.448577718121
  0
LWPOLYLINE
  5
4D1
330
17
100
AcDbEntity
  8
01-VISIBLE
100
AcDbPolyline
 90
8
 70
0
 10
486.7393188984793
 20
281.4310377306011
 10
486.6159631567028
 20
281.21348232906104
 10
486.50820236520286
 20
280.98780182217837
 10
486.4174744033684
 20
280.7547576546114
 10
486.34515072743466
 20
280.5153675924392
 10
486.2924726785818
 20
280.2709074996866
 10
486.2604886603252
 20
280.02289443754427
 10
486.25
 20
279.7730512523457
  0
LINE
  5
4D2
330
17
100
AcDbEntity
  8
01-VISIBLE
100
AcDbLine
 10
486.460303038033
 20
295.9880770401122
 30
0.0
 11
486.460303038033
 21
296.9218850487291
 31
0.0
  0
LINE
  5
4D3
330
17
100
AcDbEntity
  8
01-VISIBLE
100
AcDbLine
 10
484.84314575050763
 20
295.6773771987638
 30
0.0
 11
481.7318759132868
 21
293.8810847207228
 31
0.0
  0
LINE
  5
4D4
330
17
100
AcDbEntity
  8
01-VISIBLE
100
AcDbLine
 10
491.34899550525466
 20
283.2677237686648
 30
0.0
 11
488.7318759132868
 21
281.75672906774065
 31
0.0
  0
LWPOLYLINE
  5
4D5
330
17
100
AcDbEntity
  8
01-VISIBLE
100
AcDbPolyline
 90
12
 70
0
 10
484.99187591328683
 20
292.726772408064
 10
484.75818687413016
 20
292.8541822246507
 10
484.51828771939444
 20
292.96945976848923
 10
484.2722076873749
 20
293.0708542887627
 10
484.0201564047182
 20
293.1562984961985
 10
483.76261155399084
 20
293.22333248069265
 10
483.50045748432746
 20
293.2690231761037
 10
483.23519957627775
 20
293.28990734698544
 10
482.9692740005583
 20
293.2820355624065
 10
482.7064168482406
 20
293.2412894633226
 10
482.4518702927086
 20
293.16424430516395
 10
482.2118759132868
 20
293.04970033308973
  0
LWPOLYLINE
  5
4D6
330
17
100
AcDbEntity
  8
01-VISIBLE
100
AcDbPolyline
 90
49
 70
0
 10
488.2518759132868
 20
282.58811345537373
 10
488.45860067686203
 20
282.7286687645084
 10
488.6431586143902
 20
282.8973081729583
 10
488.80374230653956
 20
283.0889632234443
 10
488.94040127472863
 20
283.29839238379645
 10
489.05426926804495
 20
283.52107074260186
 10
489.1471556242643
 20
283.75331048844555
 10
489.2209626903029
 20
283.9923178102677
 10
489.27752776848985
 20
284.23599556975637
 10
489.31851520433275
 20
284.4827814331845
 10
489.3453913311724
 20
284.73150709629385
 10
489.35942977673534
 20
284.98129175085705
 10
489.3617296989132
 20
285.2314640845974
 10
489.3532379704619
 20
285.4815059770744
 10
489.33477107006746
 20
285.7310120098427
 10
489.3070349149835
 20
285.9796602884684
 10
489.2706420944774
 20
286.2271913050563
 10
489.22613067303735
 20
286.4733933244444
 10
489.17395883586335
 20
286.71808751716054
 10
489.11451296728586
 20
286.9611179157618
 10
489.048157983307
 20
287.20235422288073
 10
488.9752098586069
 20
287.44167993998514
 10
488.8959432556112
 20
287.67898832286727
 10
488.81059760004047
 20
287.91417925390476
 10
488.71938195045016
 20
288.1471567557824
 10
488.6224789209684
 20
288.37782695260796
 10
488.52004785202047
 20
288.6060963380275
 10
488.4122273763899
 20
288.83187024554974
 10
488.29913749266046
 20
289.05505143974096
 10
488.1808812315006
 20
289.2755387619569
 10
488.0575459799835
 20
289.49322577313467
 10
487.92920451345674
 20
289.7079993402533
 10
487.7959157721644
 20
289.91973811312346
 10
487.65772540998887
 20
290.1283108344164
 10
487.5146661347032
 20
290.33357441810335
 10
487.3667578525792
 20
290.5353717191034
 10
487.21400762485035
 20
290.73352889878254
 10
487.0564111022566
 20
290.9278536369343
 10
486.89395942055563
 20
291.1181377781759
 10
486.7266249088978
 20
291.3041419595348
 10
486.5543689344295
 20
291.4855972496965
 10
486.3771439385691
 20
291.66220172845715
 10
486.19489385170533
 20
291.8336146298356
 10
486.00755463879347
 20
291.99944904940844
 10
485.81505510356703
 20
292.1592627689415
 10
485.617318149722
 20
292.31254658305716
 10
485.41426281531295
 20
292.4587092699451
 10
485.205807595771
 20
292.59705799414075
 10
484.99187591328683
 20
292.726772408064
  0
LWPOLYLINE
  5
4D7
330
17
100
AcDbEntity
  8
01-VISIBLE
100
AcDbPolyline
 90
72
 70
0
 10
488.7318759132868
 20
281.75672906774065
 10
488.5072016678667
 20
281.6408980368255
 10
488.2725963172693
 20
281.54678504209943
 10
488.03030188305604
 20
281.4747232313828
 10
487.78254012681293
 20
281.42455292933664
 10
487.53139945006654
 20
281.395649719087
 10
487.2787401804554
 20
281.3870176573348
 10
487.02614172260905
 20
281.39747328751247
 10
486.77489614461814
 20
281.42566549891444
 10
486.52602171811515
 20
281.47020838712433
 10
486.28029729277256
 20
281.52974841599547
 10
486.03830153001377
 20
281.60300203421605
 10
485.80045078317585
 20
281.6887762410062
 10
485.5670327183242
 20
281.78597714914605
 10
485.3382346452659
 20
281.8936107147608
 10
485.11417485271306
 20
282.0107939996298
 10
484.89492443693746
 20
282.1367508466959
 10
484.68049561636343
 20
282.2707546415319
 10
484.4708916839768
 20
282.4121889162297
 10
484.26609756528774
 20
282.56050426991345
 10
484.0660861848177
 20
282.7152105761653
 10
483.8708232965949
 20
282.8758699604722
 10
483.6802711521705
 20
283.0420905595782
 10
483.4943912950088
 20
283.21352102565066
 10
483.31314670300645
 20
283.3898457137966
 10
483.1365034488678
 20
283.5707804818484
 10
482.9644320083222
 20
283.75606903018615
 10
482.7969083161517
 20
283.9454797127863
 10
482.63391464756023
 20
284.13880275629094
 10
482.4754403858226
 20
284.33584783028084
 10
482.3214827250797
 20
284.5364419182881
 10
482.1720473485809
 20
284.7404274449524
 10
482.0271491168784
 20
284.94766061987957
 10
481.8868127969214
 20
285.1580099630837
 10
481.7510738613251
 20
285.3713549803188
 10
481.61997938708674
 20
285.58758495910007
 10
481.4935400026337
 20
285.8065697369868
 10
481.37183669344336
 20
286.02822143700575
 10
481.2549486128355
 20
286.2524497501737
 10
481.14294969569096
 20
286.4791596411331
 10
481.0359279223383
 20
286.7082609904768
 10
480.93398591978854
 20
286.939667247491
 10
480.83724171555764
 20
287.1732941046298
 10
480.7458296551024
 20
287.4090581548288
 10
480.6599014961575
 20
287.6468754913722
 10
480.5796276955422
 20
287.8866602067463
 10
480.5051989061775
 20
288.128322741574
 10
480.43682770391086
 20
288.3717680270255
 10
480.3747505649569
 20
288.61689335362223
 10
480.3192301147907
 20
288.86358588553003
 10
480.2705576673408
 20
289.1117197215798
 10
480.2290560680167
 20
289.36115238151865
 10
480.1950828434646
 20
289.6117205674782
 10
480.16903364193126
 20
289.8632350154727
 10
480.15134591613366
 20
290.1154742093539
 10
480.1425027487945
 20
290.3681766803305
 10
480.1430468064218
 20
290.62103138191674
 10
480.1535988096029
 20
290.8736644623642
 10
480.17478128953127
 20
291.1256264322236
 10
480.20731271991946
 20
291.3763727406142
 10
480.251957223486
 20
291.6252443159679
 10
480.3095165708059
 20
291.87144538463207
 10
480.3808153297401
 20
292.11401908064886
 10
480.46667637796907
 20
292.35182242321
 10
480.56788360111176
 20
292.5835037475528
 10
480.6851288065798
 20
292.80748780654204
 10
480.81893401316745
 20
293.02198117589666
 10
480.9695347287264
 20
293.22502415736614
 10
481.13686473214585
 20
293.414506652491
 10
481.32041944658965
 20
293.5883087441424
 10
481.519226080304
 20
293.74442680873295
 10
481.7318759132868
 20
293.8810847207228
  0
LINE
  5
4D8
330
17
100
AcDbEntity
  8
01-VISIBLE
100
AcDbLine
 10
484.70050506338833
 20
295.88265456418776
 30
0.0
 11
486.460303038033
 21
296.8986743985682
 31
0.0
  0
LINE
  5
4D9
330
17
100
AcDbEntity
  8
01-VISIBLE
100
AcDbLine
 10
483.50050506338835
 20
297.9611155332704
 30
0.0
 11
487.058331231665
 21
300.0152274292549
 31
0.0
  0
LINE
  5
4DA
330
17
100
AcDbEntity
  8
01-VISIBLE
100
AcDbLine
 10
492.7151854811574
 20
303.28121375296575
 30
0.0
 11
493.6828427124746
 21
303.83989091595004
 31
0.0
  0
LINE
  5
4DB
330
17
100
AcDbEntity
  8
01-VISIBLE
100
AcDbLine
 10
492.4
 20
296.35033744207965
 30
0.0
 11
492.4
 21
296.3723467889377
 31
0.0
  0
LINE
  5
4DC
330
17
100
AcDbEntity
  8
01-VISIBLE
100
AcDbLine
 10
493.95492747145835
 20
288.48178620695916
 30
0.0
 11
501.07619208532907
 21
292.593250248748
 31
0.0
  0
LINE
  5
4DD
330
17
100
AcDbEntity
  8
01-VISIBLE
100
AcDbLine
 10
492.75522816227624
 20
289.2671561769817
 30
0.0
 11
499.61702944072556
 21
293.2288189922201
 31
0.0
  0
LWPOLYLINE
  5
4DE
330
17
100
AcDbEntity
  8
01-VISIBLE
100
AcDbPolyline
 90
59
 70
0
 10
492.5886291501015
 20
288.108645697147
 10
492.3643279091265
 20
288.22428348265584
 10
492.12870230519525
 20
288.3144671212242
 10
491.88271393552384
 20
288.3699402149954
 10
491.63091917451976
 20
288.3754442731026
 10
491.3888760415282
 20
288.3083051879215
 10
491.1884349064309
 20
288.1573074014709
 10
491.04744207613675
 20
287.94885486896374
 10
490.95725639234
 20
287.7134562644055
 10
490.9058635467632
 20
287.4664861039717
 10
490.8845289819855
 20
287.2150539874808
 10
490.88748711804146
 20
286.9626937765416
 10
490.910595894866
 20
286.7113544151105
 10
490.9510275245331
 20
286.46220118579777
 10
491.0067183976105
 20
286.21600042177835
 10
491.0760901343749
 20
285.9732932655586
 10
491.1578954152087
 20
285.734485435869
 10
491.25123864816965
 20
285.49994477591036
 10
491.3554445520572
 20
285.27002220187416
 10
491.4699698624082
 20
285.0450606583696
 10
491.59442704595176
 20
284.825437486861
 10
491.72854568490527
 20
284.6115776463132
 10
491.8721577333671
 20
284.4039745369517
 10
492.025190284241
 20
284.20321644177875
 10
492.1876647006224
 20
284.0100229686254
 10
492.3596952454358
 20
283.8252920158999
 10
492.5414853969005
 20
283.65016405719587
 10
492.73331789954574
 20
283.48610859378954
 10
492.9355545434431
 20
283.33508368265586
 10
493.1486297947219
 20
283.19981412086634
 10
493.37293399042466
 20
283.0841827769825
 10
493.60856003827877
 20
282.99399935382473
 10
493.85454665080977
 20
282.93852060563916
 10
494.1063414291503
 20
282.93301946430006
 10
494.34838978405094
 20
283.00015015176206
 10
494.5488087289031
 20
283.15117193170204
 10
494.6898192391942
 20
283.35960765869567
 10
494.779996401386
 20
283.5950101955734
 10
494.8313928281376
 20
283.84197856039475
 10
494.8527154173454
 20
284.09341386478724
 10
494.84979836131674
 20
284.34577408393545
 10
494.82666672718426
 20
284.59711107285256
 10
494.7862085879901
 20
284.8462601792528
 10
494.7305343955045
 20
285.0924649123383
 10
494.66121090405187
 20
285.335186319011
 10
494.5794054654363
 20
285.57399344227287
 10
494.48601815379277
 20
285.8085168317697
 10
494.3817916465733
 20
286.0384301475871
 10
494.2672655901564
 20
286.2633914048579
 10
494.1428237182658
 20
286.4830233094382
 10
494.0087251957196
 20
286.69689575769337
 10
493.86512529114844
 20
286.9045071932746
 10
493.71208839474923
 20
287.10526186332794
 10
493.54959511436834
 20
287.29843940474797
 10
493.3775443500698
 20
287.4831514393857
 10
493.1957507122053
 20
287.6582761722209
 10
493.0039374904848
 20
287.82235435029725
 10
492.801726273177
 20
287.9734132536532
 10
492.5886291501015
 20
288.108645697147
  0
LWPOLYLINE
  5
4DF
330
17
100
AcDbEntity
  8
01-VISIBLE
100
AcDbPolyline
 90
9
 70
0
 10
492.76380304155595
 20
289.2721068858421
 10
492.5245286351454
 20
289.36352822427045
 10
492.2783029116485
 20
289.43405709185765
 10
492.026477060327
 20
289.48068451029064
 10
491.77114041159837
 20
289.5001877101948
 10
491.51531261223005
 20
289.4894647044288
 10
491.2629998391156
 20
289.4460199436004
 10
491.0190220084568
 20
289.3684765563669
 10
490.78862915010154
 20
289.25689791166974
  0
LWPOLYLINE
  5
4E0
330
17
100
AcDbEntity
  8
01-VISIBLE
100
AcDbPolyline
 90
32
 70
0
 10
494.9486291501015
 20
282.0515665521832
 10
495.1588004294066
 20
282.1940030518431
 10
495.3466969814398
 20
282.36476982150646
 10
495.50965593140836
 20
282.5595041228691
 10
495.6464848286265
 20
282.77343908380794
 10
495.757315111656
 20
283.0019575083055
 10
495.84324688208426
 20
283.2409812723819
 10
495.9059524418602
 20
283.48714255467644
 10
495.9473459363626
 20
283.7377869910963
 10
495.96935139081506
 20
283.9908850186791
 10
495.97375738859915
 20
284.2449098428523
 10
495.9621648622391
 20
284.49871642170854
 10
495.93602682996226
 20
284.751445429354
 10
495.8965294493475
 20
285.002438241211
 10
495.84469487268825
 20
285.2511798480176
 10
495.78139804237077
 20
285.49725727087895
 10
495.7073820212386
 20
285.74032778856593
 10
495.62327256675735
 20
285.9800944569086
 10
495.5295910322493
 20
286.2162868027108
 10
495.42676524661096
 20
286.44864500070787
 10
495.31513830920085
 20
286.676906172851
 10
495.19497536368647
 20
286.9007916677382
 10
495.0665218746252
 20
287.12002601241943
 10
494.9299410569588
 20
287.3342911152696
 10
494.7853550740877
 20
287.5432374339766
 10
494.6328449407791
 20
287.7464712957419
 10
494.4724460823139
 20
287.9435374393008
 10
494.30415509033134
 20
288.1339063845876
 10
494.12793662906984
 20
288.3169592890206
 10
493.9437314197984
 20
288.4919695899306
 10
493.75146652803545
 20
288.65808067696935
 10
493.55106967093815
 20
288.8142788471148
  0
LWPOLYLINE
  5
4E1
330
17
100
AcDbEntity
  8
01-VISIBLE
100
AcDbPolyline
 90
26
 70
0
 10
490.1786012379237
 20
285.16260867249946
 10
490.2785466866343
 20
284.92946148948073
 10
490.3873588407768
 20
284.7003176074383
 10
490.504753342408
 20
284.47544945616346
 10
490.6304785214179
 20
284.25513017883515
 10
490.76434642519337
 20
284.0396619305116
 10
490.90623862866124
 20
283.82939146656304
 10
491.0560488538728
 20
283.6246875398296
 10
491.21372297950256
 20
283.42597858371994
 10
491.37925149315737
 20
283.2337649247585
 10
491.552662072025
 20
283.0486332347235
 10
491.7340113374864
 20
282.8712738409099
 10
491.9233745736178
 20
282.70250150869435
 10
492.12083176866435
 20
282.5432802222009
 10
492.3264476859287
 20
282.39475219857434
 10
492.5402427593552
 20
282.25827066623447
 10
492.76218926039246
 20
282.13550643373827
 10
492.99210657677344
 20
282.02843513602477
 10
493.2295598184432
 20
281.9393540578837
 10
493.47375155005705
 20
281.87093450938437
 10
493.72334023502816
 20
281.82614995803465
 10
493.9762482740486
 20
281.8081172333713
 10
494.22950179068584
 20
281.8198099324168
 10
494.47918234821833
 20
281.86363396331666
 10
494.7205859988346
 20
281.94092970799835
 10
494.9486291501015
 20
282.0515665521832
  0
LINE
  5
4E2
330
17
100
AcDbEntity
  8
01-VISIBLE
100
AcDbLine
 10
477.652446729199
 20
302.44193197278855
 30
0.0
 11
485.0767196603455
 21
298.8711434551242
 31
0.0
  0
LINE
  5
4E3
330
17
100
AcDbEntity
  8
01-VISIBLE
100
AcDbLine
 10
476.05396223983985
 20
299.67327562210767
 30
0.0
 11
483.2533938063141
 21
294.7595334858389
 31
0.0
  0
TEXT
  5
4E4
330
17
100
AcDbEntity
  8
06-TEXTO
100
AcDbText
 10
494.0
 20
151.0
 30
0.0
 40
3.5
  1
ISOMETRÍA
  7
ISO3098
 72
1
 11
494.0
 21
151.0
 31
0.0
100
AcDbText
 73
2
  0
TEXT
  5
4E5
330
17
100
AcDbEntity
  8
06-TEXTO
100
AcDbText
 10
24.0
 20
18.5
 30
0.0
 40
2.5
  1
NOTAS: 1) Cotas en mm, medidas reales del conjunto. 2) Método de proyección ISO E (IRAM 4501).
  7
ISO3098
 11
24.0
 21
18.5
 31
0.0
100
AcDbText
 73
1
  0
TEXT
  5
4E6
330
17
100
AcDbEntity
  8
06-TEXTO
100
AcDbText
 10
24.0
 20
13.5
 30
0.0
 40
2.5
  1
3) Corte A-A y detalles A a E: hoja 2.  4) Especificaciones técnicas y normas: hoja 3.
  7
ISO3098
 11
24.0
 21
13.5
 31
0.0
100
AcDbText
 73
1
  0
VIEWPORT
  5
4EB
330
4E7
100
AcDbEntity
 67
1
  8
VIEWPORTS
100
AcDbViewport
 10
456192.0
 20
322560.0
 30
0.0
 40
1003622.4
 41
709632.0
 68
1
 69
1
 12
456192.0
 22
322560.0
 13
0.0
 23
0.0
 14
10.0
 24
10.0
 15
10.0
 25
10.0
 16
0.0
 26
0.0
 36
1.0
 17
0.0
 27
0.0
 37
0.0
 42
50.0
 43
0.0
 44
0.0
 45
709632.0
 50
0.0
 51
0.0
 72
100
 90
557088
  1

281
0
 71
0
 74
0
110
0.0
120
0.0
130
0.0
111
1.0
121
0.0
131
0.0
112
0.0
122
1.0
132
0.0
 79
0
146
0.0
282
0
  0
VIEWPORT
  5
4EC
330
4E7
100
AcDbEntity
 67
1
  8
VIEWPORTS
100
AcDbViewport
 10
297.0
 20
210.0
 30
0.0
 40
594.0
 41
420.0
 68
2
 69
3
 12
297.0
 22
210.0
 13
0.0
 23
0.0
 14
10.0
 24
10.0
 15
10.0
 25
10.0
 16
0.0
 26
0.0
 36
1.0
 17
0.0
 27
0.0
 37
0.0
 42
50.0
 43
0.0
 44
0.0
 45
420.0
 50
0.0
 51
0.0
 72
100
 90
0
  1

281
0
 71
0
 74
0
110
0.0
120
0.0
130
0.0
111
1.0
121
0.0
131
0.0
112
0.0
122
1.0
132
0.0
 79
0
146
0.0
282
0
  0
ENDSEC
  0
SECTION
  2
OBJECTS
  0
DICTIONARY
  5
A
330
0
100
AcDbDictionary
281
1
  3
ACAD_COLOR
350
B
  3
ACAD_GROUP
350
C
  3
ACAD_LAYOUT
350
D
  3
ACAD_MATERIAL
350
E
  3
ACAD_MLEADERSTYLE
350
F
  3
ACAD_MLINESTYLE
350
10
  3
ACAD_PLOTSETTINGS
350
11
  3
ACAD_PLOTSTYLENAME
350
12
  3
ACAD_SCALELIST
350
14
  3
ACAD_TABLESTYLE
350
15
  3
ACAD_VISUALSTYLE
350
16
  3
EZDXF_META
350
2D
  0
DICTIONARY
  5
B
330
A
100
AcDbDictionary
281
1
  0
DICTIONARY
  5
C
330
A
100
AcDbDictionary
281
1
  0
DICTIONARY
  5
D
330
A
100
AcDbDictionary
281
1
  3
Model
350
1A
  3
Lamina_A2
350
4EA
  0
DICTIONARY
  5
E
330
A
100
AcDbDictionary
281
1
  3
ByBlock
350
1F
  3
ByLayer
350
20
  3
Global
350
21
  0
DICTIONARY
  5
F
330
A
100
AcDbDictionary
281
1
  3
Standard
350
2C
  0
DICTIONARY
  5
10
330
A
100
AcDbDictionary
281
1
  3
Standard
350
22
  0
DICTIONARY
  5
11
330
A
100
AcDbDictionary
281
1
  0
ACDBDICTIONARYWDFLT
  5
12
330
A
100
AcDbDictionary
281
1
  3
Normal
350
13
100
AcDbDictionaryWithDefault
340
13
  0
ACDBPLACEHOLDER
  5
13
330
12
  0
DICTIONARY
  5
14
330
A
100
AcDbDictionary
281
1
  0
DICTIONARY
  5
15
330
A
100
AcDbDictionary
281
1
  0
DICTIONARY
  5
16
330
A
100
AcDbDictionary
281
1
  0
LAYOUT
  5
1A
330
D
100
AcDbPlotSettings
  1

  4
A3
  6

 40
7.5
 41
20.0
 42
7.5
 43
20.0
 44
420.0
 45
297.0
 46
0.0
 47
0.0
 48
0.0
 49
0.0
140
0.0
141
0.0
142
1.0
143
1.0
 70
1024
 72
1
 73
0
 74
5
  7

 75
16
 76
0
 77
2
 78
300
147
1.0
148
0.0
149
0.0
100
AcDbLayout
  1
Model
 70
1
 71
0
 10
0.0
 20
0.0
 11
420.0
 21
297.0
 12
0.0
 22
0.0
 32
0.0
 14
1e+20
 24
1e+20
 34
1e+20
 15
-1e+20
 25
-1e+20
 35
-1e+20
146
0.0
 13
0.0
 23
0.0
 33
0.0
 16
1.0
 26
0.0
 36
0.0
 17
0.0
 27
1.0
 37
0.0
 76
1
330
17
  0
MATERIAL
  5
1F
102
{ACAD_REACTORS
330
E
102
}
330
E
100
AcDbMaterial
  1
ByBlock
  2

 70
0
 40
1.0
 71
1
 41
1.0
 91
-1023410177
 42
1.0
 72
1
  3

 73
1
 74
1
 75
1
 44
0.5
 73
0
 45
1.0
 46
1.0
 77
1
  4

 78
1
 79
1
170
1
 48
1.0
171
1
  6

172
1
173
1
174
1
140
1.0
141
1.0
175
1
  7

176
1
177
1
178
1
143
1.0
179
1
  8

270
1
271
1
272
1
145
1.0
146
1.0
273
1
  9

274
1
275
1
276
1
 42
1.0
 72
1
  3

 73
1
 74
1
 75
1
 94
63
  0
MATERIAL
  5
20
102
{ACAD_REACTORS
330
E
102
}
330
E
100
AcDbMaterial
  1
ByLayer
  2

 70
0
 40
1.0
 71
1
 41
1.0
 91
-1023410177
 42
1.0
 72
1
  3

 73
1
 74
1
 75
1
 44
0.5
 73
0
 45
1.0
 46
1.0
 77
1
  4

 78
1
 79
1
170
1
 48
1.0
171
1
  6

172
1
173
1
174
1
140
1.0
141
1.0
175
1
  7

176
1
177
1
178
1
143
1.0
179
1
  8

270
1
271
1
272
1
145
1.0
146
1.0
273
1
  9

274
1
275
1
276
1
 42
1.0
 72
1
  3

 73
1
 74
1
 75
1
 94
63
  0
MATERIAL
  5
21
102
{ACAD_REACTORS
330
E
102
}
330
E
100
AcDbMaterial
  1
Global
  2

 70
0
 40
1.0
 71
1
 41
1.0
 91
-1023410177
 42
1.0
 72
1
  3

 73
1
 74
1
 75
1
 44
0.5
 73
0
 45
1.0
 46
1.0
 77
1
  4

 78
1
 79
1
170
1
 48
1.0
171
1
  6

172
1
173
1
174
1
140
1.0
141
1.0
175
1
  7

176
1
177
1
178
1
143
1.0
179
1
  8

270
1
271
1
272
1
145
1.0
146
1.0
273
1
  9

274
1
275
1
276
1
 42
1.0
 72
1
  3

 73
1
 74
1
 75
1
 94
63
  0
MLINESTYLE
  5
22
102
{ACAD_REACTORS
330
10
102
}
330
10
100
AcDbMlineStyle
  2
Standard
 70
0
  3

 62
256
 51
90.0
 52
90.0
 71
2
 49
0.5
 62
256
  6
BYLAYER
 49
-0.5
 62
256
  6
BYLAYER
  0
MLEADERSTYLE
  5
2C
102
{ACAD_REACTORS
330
F
102
}
330
F
100
AcDbMLeaderStyle
179
2
170
2
171
1
172
0
 90
2
 40
0.0
 41
0.0
173
1
 91
-1056964608
 92
-2
290
1
 42
2.0
291
1
 43
8.0
  3
Standard
 44
4.0
300

342
29
174
1
175
1
176
0
178
1
 93
-1056964608
 45
4.0
292
0
297
0
 46
4.0
 94
-1056964608
 47
1.0
 49
1.0
140
1.0
294
1
141
0.0
177
0
142
1.0
295
0
296
0
143
3.75
271
0
272
9
273
9
  0
DICTIONARY
  5
2D
330
A
100
AcDbDictionary
280
1
281
1
  3
CREATED_BY_EZDXF
350
2E
  3
WRITTEN_BY_EZDXF
350
4EF
  0
DICTIONARYVAR
  5
2E
330
2D
100
DictionaryVariables
280
0
  1
1.4.4 @ 2026-09-28T23:47:05.604273+00:00
  0
LAYOUT
  5
4EA
330
D
100
AcDbPlotSettings
  1

  2
DWG To PDF.pc3
  4
ISO_full_bleed_A2_(594.00_x_420.00_MM)_(594.00_x_420.00_MM)
  6

 40
0.0
 41
0.0
 42
0.0
 43
0.0
 44
594.0
 45
420.0
 46
0.0
 47
0.0
 48
0.0
 49
0.0
140
0.0
141
0.0
142
0.0078125
143
12.0
 70
672
 72
1
 73
0
 74
5
  7

 75
1
 76
0
 77
2
 78
300
147
1.0
148
0.0
149
0.0
100
AcDbLayout
  1
Lamina_A2
 70
1
 71
3
 10
-0.0
 20
-0.0
 11
594.0
 21
420.0
 12
0.0
 22
0.0
 32
0.0
 14
1e+20
 24
1e+20
 34
1e+20
 15
-1e+20
 25
-1e+20
 35
-1e+20
146
0.0
 13
0.0
 23
0.0
 33
0.0
 16
1.0
 26
0.0
 36
0.0
 17
0.0
 27
1.0
 37
0.0
 76
1
330
4E7
331
4EB
  0
DICTIONARYVAR
  5
4EF
330
2D
100
DictionaryVariables
280
0
  1
1.4.4 @ 2026-09-28T23:47:07.583483+00:00
  0
ENDSEC
  0
EOF
