  0
SECTION
  2
HEADER
  9
$ACADVER
  1
AC1032
  9
$ACADMAINTVER
 90
4
  9
$DWGCODEPAGE
  3
ANSI_1252
  9
$LASTSAVEDBY
  1
ezdxf
  9
$REQUIREDVERSIONS
160
0
  9
$INSBASE
 10
0.0
 20
0.0
 30
0.0
  9
$EXTMIN
 10
1e+20
 20
1e+20
 30
1e+20
  9
$EXTMAX
 10
-1e+20
 20
-1e+20
 30
-1e+20
  9
$LIMMIN
 10
0.0
 20
0.0
  9
$LIMMAX
 10
420.0
 20
297.0
  9
$ORTHOMODE
 70
0
  9
$REGENMODE
 70
1
  9
$FILLMODE
 70
1
  9
$QTEXTMODE
 70
0
  9
$MIRRTEXT
 70
1
  9
$LTSCALE
 40
1.0
  9
$ATTMODE
 70
1
  9
$TEXTSIZE
 40
2.5
  9
$TRACEWID
 40
1.0
  9
$TEXTSTYLE
  7
Standard
  9
$CLAYER
  8
0
  9
$CELTYPE
  6
ByLayer
  9
$CECOLOR
 62
256
  9
$CELTSCALE
 40
1.0
  9
$DISPSILH
 70
0
  9
$DIMSCALE
 40
1.0
  9
$DIMASZ
 40
2.5
  9
$DIMEXO
 40
0.625
  9
$DIMDLI
 40
3.75
  9
$DIMRND
 40
0.0
  9
$DIMDLE
 40
0.0
  9
$DIMEXE
 40
1.25
  9
$DIMTP
 40
0.0
  9
$DIMTM
 40
0.0
  9
$DIMTXT
 40
2.5
  9
$DIMCEN
 40
2.5
  9
$DIMTSZ
 40
0.0
  9
$DIMTOL
 70
0
  9
$DIMLIM
 70
0
  9
$DIMTIH
 70
0
  9
$DIMTOH
 70
0
  9
$DIMSE1
 70
0
  9
$DIMSE2
 70
0
  9
$DIMTAD
 70
1
  9
$DIMZIN
 70
8
  9
$DIMBLK
  1

  9
$DIMASO
 70
1
  9
$DIMSHO
 70
1
  9
$DIMPOST
  1

  9
$DIMAPOST
  1

  9
$DIMALT
 70
0
  9
$DIMALTD
 70
3
  9
$DIMALTF
 40
0.03937007874
  9
$DIMLFAC
 40
1.0
  9
$DIMTOFL
 70
1
  9
$DIMTVP
 40
0.0
  9
$DIMTIX
 70
0
  9
$DIMSOXD
 70
0
  9
$DIMSAH
 70
0
  9
$DIMBLK1
  1

  9
$DIMBLK2
  1

  9
$DIMSTYLE
  2
ISO-25
  9
$DIMCLRD
 70
0
  9
$DIMCLRE
 70
0
  9
$DIMCLRT
 70
0
  9
$DIMTFAC
 40
1.0
  9
$DIMGAP
 40
0.625
  9
$DIMJUST
 70
0
  9
$DIMSD1
 70
0
  9
$DIMSD2
 70
0
  9
$DIMTOLJ
 70
0
  9
$DIMTZIN
 70
8
  9
$DIMALTZ
 70
0
  9
$DIMALTTZ
 70
0
  9
$DIMUPT
 70
0
  9
$DIMDEC
 70
2
  9
$DIMTDEC
 70
2
  9
$DIMALTU
 70
2
  9
$DIMALTTD
 70
3
  9
$DIMTXSTY
  7
Standard
  9
$DIMAUNIT
 70
0
  9
$DIMADEC
 70
0
  9
$DIMALTRND
 40
0.0
  9
$DIMAZIN
 70
0
  9
$DIMDSEP
 70
44
  9
$DIMATFIT
 70
3
  9
$DIMFRAC
 70
0
  9
$DIMLDRBLK
  1

  9
$DIMLUNIT
 70
2
  9
$DIMLWD
 70
-2
  9
$DIMLWE
 70
-2
  9
$DIMTMOVE
 70
0
  9
$DIMFXL
 40
1.0
  9
$DIMFXLON
 70
0
  9
$DIMJOGANG
 40
0.785398163397
  9
$DIMTFILL
 70
0
  9
$DIMTFILLCLR
 70
0
  9
$DIMARCSYM
 70
0
  9
$DIMLTYPE
  6

  9
$DIMLTEX1
  6

  9
$DIMLTEX2
  6

  9
$DIMTXTDIRECTION
 70
0
  9
$LUNITS
 70
2
  9
$LUPREC
 70
4
  9
$SKETCHINC
 40
1.0
  9
$FILLETRAD
 40
10.0
  9
$AUNITS
 70
0
  9
$AUPREC
 70
2
  9
$MENU
  1
.
  9
$ELEVATION
 40
0.0
  9
$PELEVATION
 40
0.0
  9
$THICKNESS
 40
0.0
  9
$LIMCHECK
 70
0
  9
$CHAMFERA
 40
0.0
  9
$CHAMFERB
 40
0.0
  9
$CHAMFERC
 40
0.0
  9
$CHAMFERD
 40
0.0
  9
$SKPOLY
 70
0
  9
$TDCREATE
 40
2461312.9945601854
  9
$TDUCREATE
 40
2458532.153996898
  9
$TDUPDATE
 40
2461312.9946875
  9
$TDUUPDATE
 40
2458532.1544311
  9
$TDINDWG
 40
0.0
  9
$TDUSRTIMER
 40
0.0
  9
$USRTIMER
 70
1
  9
$ANGBASE
 50
0.0
  9
$ANGDIR
 70
0
  9
$PDMODE
 70
0
  9
$PDSIZE
 40
0.0
  9
$PLINEWID
 40
0.0
  9
$SPLFRAME
 70
0
  9
$SPLINETYPE
 70
6
  9
$SPLINESEGS
 70
8
  9
$HANDSEED
  5
2AA
  9
$SURFTAB1
 70
6
  9
$SURFTAB2
 70
6
  9
$SURFTYPE
 70
6
  9
$SURFU
 70
6
  9
$SURFV
 70
6
  9
$UCSBASE
  2

  9
$UCSNAME
  2

  9
$UCSORG
 10
0.0
 20
0.0
 30
0.0
  9
$UCSXDIR
 10
1.0
 20
0.0
 30
0.0
  9
$UCSYDIR
 10
0.0
 20
1.0
 30
0.0
  9
$UCSORTHOREF
  2

  9
$UCSORTHOVIEW
 70
0
  9
$UCSORGTOP
 10
0.0
 20
0.0
 30
0.0
  9
$UCSORGBOTTOM
 10
0.0
 20
0.0
 30
0.0
  9
$UCSORGLEFT
 10
0.0
 20
0.0
 30
0.0
  9
$UCSORGRIGHT
 10
0.0
 20
0.0
 30
0.0
  9
$UCSORGFRONT
 10
0.0
 20
0.0
 30
0.0
  9
$UCSORGBACK
 10
0.0
 20
0.0
 30
0.0
  9
$PUCSBASE
  2

  9
$PUCSNAME
  2

  9
$PUCSORG
 10
0.0
 20
0.0
 30
0.0
  9
$PUCSXDIR
 10
1.0
 20
0.0
 30
0.0
  9
$PUCSYDIR
 10
0.0
 20
1.0
 30
0.0
  9
$PUCSORTHOREF
  2

  9
$PUCSORTHOVIEW
 70
0
  9
$PUCSORGTOP
 10
0.0
 20
0.0
 30
0.0
  9
$PUCSORGBOTTOM
 10
0.0
 20
0.0
 30
0.0
  9
$PUCSORGLEFT
 10
0.0
 20
0.0
 30
0.0
  9
$PUCSORGRIGHT
 10
0.0
 20
0.0
 30
0.0
  9
$PUCSORGFRONT
 10
0.0
 20
0.0
 30
0.0
  9
$PUCSORGBACK
 10
0.0
 20
0.0
 30
0.0
  9
$USERI1
 70
0
  9
$USERI2
 70
0
  9
$USERI3
 70
0
  9
$USERI4
 70
0
  9
$USERI5
 70
0
  9
$USERR1
 40
0.0
  9
$USERR2
 40
0.0
  9
$USERR3
 40
0.0
  9
$USERR4
 40
0.0
  9
$USERR5
 40
0.0
  9
$WORLDVIEW
 70
1
  9
$SHADEDGE
 70
3
  9
$SHADEDIF
 70
70
  9
$TILEMODE
 70
1
  9
$MAXACTVP
 70
64
  9
$PINSBASE
 10
0.0
 20
0.0
 30
0.0
  9
$PLIMCHECK
 70
0
  9
$PEXTMIN
 10
1e+20
 20
1e+20
 30
1e+20
  9
$PEXTMAX
 10
-1e+20
 20
-1e+20
 30
-1e+20
  9
$PLIMMIN
 10
-0.0
 20
-0.0
  9
$PLIMMAX
 10
594.0
 20
420.0
  9
$UNITMODE
 70
0
  9
$VISRETAIN
 70
1
  9
$PLINEGEN
 70
0
  9
$PSLTSCALE
 70
0
  9
$TREEDEPTH
 70
3020
  9
$CMLSTYLE
  2
Standard
  9
$CMLJUST
 70
0
  9
$CMLSCALE
 40
20.0
  9
$PROXYGRAPHICS
 70
1
  9
$MEASUREMENT
 70
1
  9
$CELWEIGHT
370
-1
  9
$ENDCAPS
280
0
  9
$JOINSTYLE
280
0
  9
$LWDISPLAY
290
1
  9
$INSUNITS
 70
4
  9
$HYPERLINKBASE
  1

  9
$STYLESHEET
  1

  9
$XEDIT
290
1
  9
$CEPSNTYPE
380
0
  9
$PSTYLEMODE
290
1
  9
$FINGERPRINTGUID
  2
{8148321A-A99C-4895-A205-D50FE7D54252}
  9
$VERSIONGUID
  2
{1A92ABD4-71C5-4E59-9694-22B95D7ADF53}
  9
$EXTNAMES
290
1
  9
$PSVPSCALE
 40
0.0
  9
$OLESTARTUP
290
0
  9
$SORTENTS
280
127
  9
$INDEXCTL
280
0
  9
$HIDETEXT
280
1
  9
$XCLIPFRAME
280
1
  9
$HALOGAP
280
0
  9
$OBSCOLOR
 70
257
  9
$OBSLTYPE
280
0
  9
$INTERSECTIONDISPLAY
280
0
  9
$INTERSECTIONCOLOR
 70
257
  9
$DIMASSOC
280
2
  9
$PROJECTNAME
  1

  9
$CAMERADISPLAY
290
0
  9
$LENSLENGTH
 40
50.0
  9
$CAMERAHEIGHT
 40
0.0
  9
$STEPSPERSEC
 40
24.0
  9
$STEPSIZE
 40
100.0
  9
$3DDWFPREC
 40
2.0
  9
$PSOLWIDTH
 40
0.005
  9
$PSOLHEIGHT
 40
0.08
  9
$LOFTANG1
 40
1.570796326795
  9
$LOFTANG2
 40
1.570796326795
  9
$LOFTMAG1
 40
0.0
  9
$LOFTMAG2
 40
0.0
  9
$LOFTPARAM
 70
7
  9
$LOFTNORMALS
280
1
  9
$LATITUDE
 40
37.795
  9
$LONGITUDE
 40
-122.394
  9
$NORTHDIRECTION
 40
0.0
  9
$TIMEZONE
 70
-8000
  9
$LIGHTGLYPHDISPLAY
280
1
  9
$TILEMODELIGHTSYNCH
280
1
  9
$CMATERIAL
347
20
  9
$SOLIDHIST
280
0
  9
$SHOWHIST
280
1
  9
$DWFFRAME
280
2
  9
$DGNFRAME
280
2
  9
$REALWORLDSCALE
290
1
  9
$INTERFERECOLOR
 62
256
  9
$CSHADOW
280
0
  9
$SHADOWPLANELOCATION
 40
0.0
  0
ENDSEC
  0
SECTION
  2
CLASSES
  0
CLASS
  1
ACDBDICTIONARYWDFLT
  2
AcDbDictionaryWithDefault
  3
ObjectDBX Classes
 90
0
 91
0
280
0
281
0
  0
CLASS
  1
SUN
  2
AcDbSun
  3
SCENEOE
 90
1153
 91
0
280
0
281
0
  0
CLASS
  1
VISUALSTYLE
  2
AcDbVisualStyle
  3
ObjectDBX Classes
 90
4095
 91
0
280
0
281
0
  0
CLASS
  1
MATERIAL
  2
AcDbMaterial
  3
ObjectDBX Classes
 90
1153
 91
0
280
0
281
0
  0
CLASS
  1
SCALE
  2
AcDbScale
  3
ObjectDBX Classes
 90
1153
 91
0
280
0
281
0
  0
CLASS
  1
TABLESTYLE
  2
AcDbTableStyle
  3
ObjectDBX Classes
 90
4095
 91
0
280
0
281
0
  0
CLASS
  1
MLEADERSTYLE
  2
AcDbMLeaderStyle
  3
ACDB_MLEADERSTYLE_CLASS
 90
4095
 91
0
280
0
281
0
  0
CLASS
  1
DICTIONARYVAR
  2
AcDbDictionaryVar
  3
ObjectDBX Classes
 90
0
 91
0
280
0
281
0
  0
CLASS
  1
CELLSTYLEMAP
  2
AcDbCellStyleMap
  3
ObjectDBX Classes
 90
1152
 91
0
280
0
281
0
  0
CLASS
  1
MENTALRAYRENDERSETTINGS
  2
AcDbMentalRayRenderSettings
  3
SCENEOE
 90
1024
 91
0
280
0
281
0
  0
CLASS
  1
ACDBDETAILVIEWSTYLE
  2
AcDbDetailViewStyle
  3
ObjectDBX Classes
 90
1025
 91
0
280
0
281
0
  0
CLASS
  1
ACDBSECTIONVIEWSTYLE
  2
AcDbSectionViewStyle
  3
ObjectDBX Classes
 90
1025
 91
0
280
0
281
0
  0
CLASS
  1
RASTERVARIABLES
  2
AcDbRasterVariables
  3
ISM
 90
0
 91
0
280
0
281
0
  0
CLASS
  1
ACDBPLACEHOLDER
  2
AcDbPlaceHolder
  3
ObjectDBX Classes
 90
0
 91
0
280
0
281
0
  0
CLASS
  1
LAYOUT
  2
AcDbLayout
  3
ObjectDBX Classes
 90
0
 91
0
280
0
281
0
  0
ENDSEC
  0
SECTION
  2
TABLES
  0
TABLE
  2
VPORT
  5
8
330
0
100
AcDbSymbolTable
 70
1
  0
VPORT
  5
23
330
8
100
AcDbSymbolTableRecord
100
AcDbViewportTableRecord
  2
*Active
 70
0
 10
0.0
 20
0.0
 11
1.0
 21
1.0
 12
0.0
 22
0.0
 13
0.0
 23
0.0
 14
0.5
 24
0.5
 15
0.5
 25
0.5
 16
0.0
 26
0.0
 36
1.0
 17
0.0
 27
0.0
 37
0.0
 40
1000.0
 41
1.34
 42
50.0
 43
0.0
 44
0.0
 50
0.0
 51
0.0
 71
0
 72
1000
 73
1
 74
3
 75
0
 76
0
 77
0
 78
0
281
0
 65
0
146
0.0
  0
ENDTAB
  0
TABLE
  2
LTYPE
  5
2
330
0
100
AcDbSymbolTable
 70
5
  0
LTYPE
  5
24
330
2
100
AcDbSymbolTableRecord
100
AcDbLinetypeTableRecord
  2
ByBlock
 70
0
  3

 72
65
 73
0
 40
0.0
  0
LTYPE
  5
25
330
2
100
AcDbSymbolTableRecord
100
AcDbLinetypeTableRecord
  2
ByLayer
 70
0
  3

 72
65
 73
0
 40
0.0
  0
LTYPE
  5
26
330
2
100
AcDbSymbolTableRecord
100
AcDbLinetypeTableRecord
  2
Continuous
 70
0
  3

 72
65
 73
0
 40
0.0
  0
LTYPE
  5
2F
330
2
100
AcDbSymbolTableRecord
100
AcDbLinetypeTableRecord
  2
ISO02-TRAZOS
 70
0
  3
ISO 128 tipo 02 - trazos (d=0,25) __ __ __
 72
65
 73
2
 40
3.75
 49
3.0
 74
0
 49
-0.75
 74
0
  0
LTYPE
  5
30
330
2
100
AcDbSymbolTableRecord
100
AcDbLinetypeTableRecord
  2
ISO04-TRAZO-PUNTO
 70
0
  3
ISO 128 tipo 04 - trazo largo y punto (d=0,25) ____ . ____
 72
65
 73
4
 40
7.625
 49
6.0
 74
0
 49
-0.75
 74
0
 49
0.125
 74
0
 49
-0.75
 74
0
  0
ENDTAB
  0
TABLE
  2
LAYER
  5
1
330
0
100
AcDbSymbolTable
 70
14
  0
LAYER
  5
27
330
1
100
AcDbSymbolTableRecord
100
AcDbLayerTableRecord
  2
0
 70
0
 62
7
  6
Continuous
370
-3
390
13
347
21
  0
LAYER
  5
28
330
1
100
AcDbSymbolTableRecord
100
AcDbLayerTableRecord
  2
Defpoints
 70
0
 62
7
  6
Continuous
290
0
370
-3
390
13
347
21
  0
LAYER
  5
31
330
1
100
AcDbSymbolTableRecord
100
AcDbLayerTableRecord
  2
01-VISIBLE
 70
0
 62
7
  6
CONTINUOUS
370
50
390
13
347
21
  0
LAYER
  5
32
330
1
100
AcDbSymbolTableRecord
100
AcDbLayerTableRecord
  2
02-OCULTA
 70
0
 62
4
  6
ISO02-TRAZOS
370
25
390
13
347
21
  0
LAYER
  5
33
330
1
100
AcDbSymbolTableRecord
100
AcDbLayerTableRecord
  2
03-EJE
 70
0
 62
1
  6
ISO04-TRAZO-PUNTO
370
25
390
13
347
21
  0
LAYER
  5
34
330
1
100
AcDbSymbolTableRecord
100
AcDbLayerTableRecord
  2
04-COTA
 70
0
 62
3
  6
CONTINUOUS
370
25
390
13
347
21
  0
LAYER
  5
35
330
1
100
AcDbSymbolTableRecord
100
AcDbLayerTableRecord
  2
05-RAYADO
 70
0
 62
8
  6
CONTINUOUS
370
25
390
13
347
21
  0
LAYER
  5
36
330
1
100
AcDbSymbolTableRecord
100
AcDbLayerTableRecord
  2
06-TEXTO
 70
0
 62
7
  6
CONTINUOUS
370
25
390
13
347
21
  0
LAYER
  5
37
330
1
100
AcDbSymbolTableRecord
100
AcDbLayerTableRecord
  2
07-RECUADRO
 70
0
 62
7
  6
CONTINUOUS
370
70
390
13
347
21
  0
LAYER
  5
38
330
1
100
AcDbSymbolTableRecord
100
AcDbLayerTableRecord
  2
08-FINA
 70
0
 62
5
  6
CONTINUOUS
370
25
390
13
347
21
  0
LAYER
  5
39
330
1
100
AcDbSymbolTableRecord
100
AcDbLayerTableRecord
  2
09-PLANO-CORTE
 70
0
 62
1
  6
ISO04-TRAZO-PUNTO
370
50
390
13
347
21
  0
LAYER
  5
3A
330
1
100
AcDbSymbolTableRecord
100
AcDbLayerTableRecord
  2
10-ROTULO
 70
0
 62
7
  6
CONTINUOUS
370
35
390
13
347
21
  0
LAYER
  5
3B
330
1
100
AcDbSymbolTableRecord
100
AcDbLayerTableRecord
  2
11-TEXTO-ROTULO
 70
0
 62
7
  6
CONTINUOUS
370
25
390
13
347
21
  0
LAYER
  5
3C
330
1
100
AcDbSymbolTableRecord
100
AcDbLayerTableRecord
  2
12-SOLDADURA
 70
0
 62
6
  6
CONTINUOUS
370
25
390
13
347
21
  0
ENDTAB
  0
TABLE
  2
STYLE
  5
5
330
0
100
AcDbSymbolTable
 70
2
  0
STYLE
  5
29
330
5
100
AcDbSymbolTableRecord
100
AcDbTextStyleTableRecord
  2
Standard
 70
0
 40
0.0
 41
1.0
 50
0.0
 71
0
 42
2.5
  3
txt
  4

  0
STYLE
  5
3D
330
5
100
AcDbSymbolTableRecord
100
AcDbTextStyleTableRecord
  2
ISO3098
 70
0
 40
0.0
 41
1.0
 50
0.0
 71
0
 42
2.5
  3
isocpeur.ttf
  4

  0
ENDTAB
  0
TABLE
  2
VIEW
  5
7
330
0
100
AcDbSymbolTable
 70
0
  0
ENDTAB
  0
TABLE
  2
UCS
  5
6
330
0
100
AcDbSymbolTable
 70
0
  0
ENDTAB
  0
TABLE
  2
APPID
  5
3
330
0
100
AcDbSymbolTable
 70
3
  0
APPID
  5
2A
330
3
100
AcDbSymbolTableRecord
100
AcDbRegAppTableRecord
  2
ACAD
 70
0
  0
APPID
  5
2A7
330
3
100
AcDbSymbolTableRecord
100
AcDbRegAppTableRecord
  2
HATCHBACKGROUNDCOLOR
 70
0
  0
APPID
  5
2A8
330
3
100
AcDbSymbolTableRecord
100
AcDbRegAppTableRecord
  2
EZDXF
 70
0
  0
ENDTAB
  0
TABLE
  2
DIMSTYLE
  5
4
330
0
100
AcDbSymbolTable
 70
2
100
AcDbDimStyleTable
  0
DIMSTYLE
105
2B
330
4
100
AcDbSymbolTableRecord
100
AcDbDimStyleTableRecord
  2
Standard
 70
0
 40
1.0
 41
2.5
 42
0.625
 43
3.75
 44
1.25
 45
0.0
 46
0.0
 47
0.0
 48
0.0
 49
2.5
140
2.5
141
2.5
142
0.0
143
0.03937007874
144
1.0
145
0.0
146
1.0
147
0.625
148
0.0
 69
0
 70
0
 71
0
 72
0
 73
0
 74
0
 75
0
 76
0
 77
1
 78
8
 79
3
170
0
171
3
172
1
173
0
174
0
175
0
176
0
177
0
178
0
179
2
271
2
272
2
273
2
274
3
275
0
276
0
277
2
278
44
279
0
280
0
281
0
282
0
283
0
284
8
285
0
286
0
288
0
289
3
290
0
371
-2
372
-2
  0
DIMSTYLE
105
3E
330
4
100
AcDbSymbolTableRecord
100
AcDbDimStyleTableRecord
  2
FLAMA-ISO
 70
0
 40
1.0
 41
3.0
 42
1.0
 43
3.75
 44
2.0
 45
0.0
 46
0.0
 47
0.0
 48
0.0
 49
2.5
140
3.5
141
2.5
142
0.0
143
0.03937007874
144
1.0
145
0.0
146
1.0
147
1.0
148
0.0
 69
0
 70
0
 71
0
 72
0
 73
0
 74
0
 75
0
 76
0
 77
1
 78
8
 79
3
170
0
171
3
172
1
173
0
174
0
175
0
176
3
177
3
178
3
179
2
271
1
272
2
273
2
274
3
275
0
276
0
277
2
278
44
279
0
280
0
281
0
282
0
283
0
284
8
285
0
286
0
288
0
289
3
290
0
340
3D
371
25
372
25
  0
ENDTAB
  0
TABLE
  2
BLOCK_RECORD
  5
9
330
0
100
AcDbSymbolTable
 70
8
  0
BLOCK_RECORD
  5
17
330
9
100
AcDbSymbolTableRecord
100
AcDbBlockTableRecord
  2
*Model_Space
340
1A
 70
0
280
1
281
0
  0
BLOCK_RECORD
  5
124
330
9
100
AcDbSymbolTableRecord
100
AcDbBlockTableRecord
  2
*D1
340
0
 70
0
280
1
281
0
  0
BLOCK_RECORD
  5
129
330
9
100
AcDbSymbolTableRecord
100
AcDbBlockTableRecord
  2
_CLOSEDFILLED
340
0
 70
0
280
1
281
0
  0
BLOCK_RECORD
  5
137
330
9
100
AcDbSymbolTableRecord
100
AcDbBlockTableRecord
  2
*D2
340
0
 70
0
280
1
281
0
  0
BLOCK_RECORD
  5
146
330
9
100
AcDbSymbolTableRecord
100
AcDbBlockTableRecord
  2
*D3
340
0
 70
0
280
1
281
0
  0
BLOCK_RECORD
  5
155
330
9
100
AcDbSymbolTableRecord
100
AcDbBlockTableRecord
  2
*D4
340
0
 70
0
280
1
281
0
  0
BLOCK_RECORD
  5
164
330
9
100
AcDbSymbolTableRecord
100
AcDbBlockTableRecord
  2
*D5
340
0
 70
0
280
1
281
0
  0
BLOCK_RECORD
  5
2A1
330
9
100
AcDbSymbolTableRecord
100
AcDbBlockTableRecord
  2
*Paper_Space
340
2A4
 70
0
280
1
281
0
  0
ENDTAB
  0
ENDSEC
  0
SECTION
  2
BLOCKS
  0
BLOCK
  5
18
330
17
100
AcDbEntity
  8
0
100
AcDbBlockBegin
  2
*Model_Space
 70
0
 10
0.0
 20
0.0
 30
0.0
  3
*Model_Space
  1

  0
ENDBLK
  5
19
330
17
100
AcDbEntity
  8
0
100
AcDbBlockEnd
  0
BLOCK
  5
125
330
124
100
AcDbEntity
  8
0
100
AcDbBlockBegin
  2
*D1
 70
1
 10
0.0
 20
0.0
 30
0.0
  3
*D1
  1

  0
LINE
  5
127
330
124
100
AcDbEntity
  8
0
 62
3
370
25
100
AcDbLine
 10
50.19200000000001
 20
113.22390837546506
 30
0.0
 11
50.19200000000001
 21
103.22390837546506
 31
0.0
  0
LINE
  5
128
330
124
100
AcDbEntity
  8
0
 62
3
370
25
100
AcDbLine
 10
120.19200000000001
 20
113.22390837546506
 30
0.0
 11
120.19200000000001
 21
103.22390837546506
 31
0.0
  0
INSERT
  5
12D
330
124
100
AcDbEntity
  8
04-COTA
 62
3
100
AcDbBlockReference
  2
_CLOSEDFILLED
 10
50.19200000000001
 20
105.22390837546506
 30
0.0
 41
3.0
 42
3.0
 50
180.0
  0
INSERT
  5
12F
330
124
100
AcDbEntity
  8
04-COTA
 62
3
100
AcDbBlockReference
  2
_CLOSEDFILLED
 10
120.19200000000001
 20
105.22390837546506
 30
0.0
 41
3.0
 42
3.0
  0
LINE
  5
131
330
124
100
AcDbEntity
  8
0
 62
3
370
25
100
AcDbLine
 10
53.19200000000001
 20
105.22390837546506
 30
0.0
 11
117.19200000000001
 21
105.22390837546506
 31
0.0
  0
MTEXT
  5
132
330
124
100
AcDbEntity
  8
04-COTA
 62
3
100
AcDbMText
 10
85.19200000000001
 20
107.97390837546506
 30
0.0
 40
3.5
 71
5
  1
%%c350
  7
ISO3098
  0
POINT
  5
133
330
124
100
AcDbEntity
  8
Defpoints
100
AcDbPoint
 10
50.19200000000001
 20
105.22390837546506
 30
0.0
  0
POINT
  5
134
330
124
100
AcDbEntity
  8
Defpoints
100
AcDbPoint
 10
50.19200000000001
 20
114.22390837546506
 30
0.0
  0
POINT
  5
135
330
124
100
AcDbEntity
  8
Defpoints
100
AcDbPoint
 10
120.19200000000001
 20
114.22390837546506
 30
0.0
  0
ENDBLK
  5
126
330
124
100
AcDbEntity
  8
0
100
AcDbBlockEnd
  0
BLOCK
  5
12A
330
129
100
AcDbEntity
  8
0
100
AcDbBlockBegin
  2
_CLOSEDFILLED
 70
0
 10
0.0
 20
0.0
 30
0.0
  3
_CLOSEDFILLED
  1

  0
SOLID
  5
12C
330
129
100
AcDbEntity
  8
0
  6
BYBLOCK
 62
0
100
AcDbTrace
 10
-1.0
 20
0.16439898372402537
 30
0.0
 11
0.0
 21
0.0
 31
0.0
 12
-1.0
 22
-0.16439898372402537
 32
0.0
 13
-1.0
 23
-0.16439898372402537
 33
0.0
  0
ENDBLK
  5
12B
330
129
100
AcDbEntity
  8
0
100
AcDbBlockEnd
  0
BLOCK
  5
138
330
137
100
AcDbEntity
  8
0
100
AcDbBlockBegin
  2
*D2
 70
1
 10
0.0
 20
0.0
 30
0.0
  3
*D2
  1

  0
LINE
  5
13A
330
137
100
AcDbEntity
  8
0
 62
3
370
25
100
AcDbLine
 10
121.19200000000001
 20
114.22390837546506
 30
0.0
 11
144.192
 21
114.22390837546506
 31
0.0
  0
LINE
  5
13B
330
137
100
AcDbEntity
  8
0
 62
3
370
25
100
AcDbLine
 10
94.992
 20
299.77609162453496
 30
0.0
 11
144.192
 21
299.77609162453496
 31
0.0
  0
INSERT
  5
13C
330
137
100
AcDbEntity
  8
04-COTA
 62
3
100
AcDbBlockReference
  2
_CLOSEDFILLED
 10
142.192
 20
114.22390837546506
 30
0.0
 41
3.0
 42
3.0
 50
270.0
  0
INSERT
  5
13E
330
137
100
AcDbEntity
  8
04-COTA
 62
3
100
AcDbBlockReference
  2
_CLOSEDFILLED
 10
142.192
 20
299.77609162453496
 30
0.0
 41
3.0
 42
3.0
 50
90.0
  0
LINE
  5
140
330
137
100
AcDbEntity
  8
0
 62
3
370
25
100
AcDbLine
 10
142.192
 20
117.22390837546506
 30
0.0
 11
142.192
 21
296.77609162453496
 31
0.0
  0
MTEXT
  5
141
330
137
100
AcDbEntity
  8
04-COTA
 62
3
100
AcDbMText
 10
139.442
 20
207.0
 30
0.0
 40
3.5
 71
5
  1
927,8
  7
ISO3098
 50
90.0
  0
POINT
  5
142
330
137
100
AcDbEntity
  8
Defpoints
100
AcDbPoint
 10
142.192
 20
114.22390837546506
 30
0.0
  0
POINT
  5
143
330
137
100
AcDbEntity
  8
Defpoints
100
AcDbPoint
 10
120.19200000000001
 20
114.22390837546506
 30
0.0
  0
POINT
  5
144
330
137
100
AcDbEntity
  8
Defpoints
100
AcDbPoint
 10
93.992
 20
299.77609162453496
 30
0.0
  0
ENDBLK
  5
139
330
137
100
AcDbEntity
  8
0
100
AcDbBlockEnd
  0
BLOCK
  5
147
330
146
100
AcDbEntity
  8
0
100
AcDbBlockBegin
  2
*D3
 70
1
 10
0.0
 20
0.0
 30
0.0
  3
*D3
  1

  0
LINE
  5
149
330
146
100
AcDbEntity
  8
0
 62
3
370
25
100
AcDbLine
 10
121.19200000000001
 20
270.02390837546506
 30
0.0
 11
133.192
 21
270.02390837546506
 31
0.0
  0
LINE
  5
14A
330
146
100
AcDbEntity
  8
0
 62
3
370
25
100
AcDbLine
 10
94.992
 20
299.77609162453496
 30
0.0
 11
133.192
 21
299.77609162453496
 31
0.0
  0
INSERT
  5
14B
330
146
100
AcDbEntity
  8
04-COTA
 62
3
100
AcDbBlockReference
  2
_CLOSEDFILLED
 10
131.192
 20
270.02390837546506
 30
0.0
 41
3.0
 42
3.0
 50
270.0
  0
INSERT
  5
14D
330
146
100
AcDbEntity
  8
04-COTA
 62
3
100
AcDbBlockReference
  2
_CLOSEDFILLED
 10
131.192
 20
299.77609162453496
 30
0.0
 41
3.0
 42
3.0
 50
90.0
  0
LINE
  5
14F
330
146
100
AcDbEntity
  8
0
 62
3
370
25
100
AcDbLine
 10
131.192
 20
273.02390837546506
 30
0.0
 11
131.192
 21
296.77609162453496
 31
0.0
  0
MTEXT
  5
150
330
146
100
AcDbEntity
  8
04-COTA
 62
3
100
AcDbMText
 10
128.442
 20
284.9
 30
0.0
 40
3.5
 71
5
  1
148,8
  7
ISO3098
 50
90.0
  0
POINT
  5
151
330
146
100
AcDbEntity
  8
Defpoints
100
AcDbPoint
 10
131.192
 20
270.02390837546506
 30
0.0
  0
POINT
  5
152
330
146
100
AcDbEntity
  8
Defpoints
100
AcDbPoint
 10
120.19200000000001
 20
270.02390837546506
 30
0.0
  0
POINT
  5
153
330
146
100
AcDbEntity
  8
Defpoints
100
AcDbPoint
 10
93.992
 20
299.77609162453496
 30
0.0
  0
ENDBLK
  5
148
330
146
100
AcDbEntity
  8
0
100
AcDbBlockEnd
  0
BLOCK
  5
156
330
155
100
AcDbEntity
  8
0
100
AcDbBlockBegin
  2
*D4
 70
1
 10
0.0
 20
0.0
 30
0.0
  3
*D4
  1

  0
LINE
  5
158
330
155
100
AcDbEntity
  8
0
 62
3
370
25
100
AcDbLine
 10
49.19200000000001
 20
114.22390837546506
 30
0.0
 11
39.19200000000001
 21
114.22390837546506
 31
0.0
  0
LINE
  5
159
330
155
100
AcDbEntity
  8
0
 62
3
370
25
100
AcDbLine
 10
49.19200000000001
 20
137.18390837546505
 30
0.0
 11
39.19200000000001
 21
137.18390837546505
 31
0.0
  0
INSERT
  5
15A
330
155
100
AcDbEntity
  8
04-COTA
 62
3
100
AcDbBlockReference
  2
_CLOSEDFILLED
 10
41.19200000000001
 20
114.22390837546506
 30
0.0
 41
3.0
 42
3.0
 50
270.0
  0
INSERT
  5
15C
330
155
100
AcDbEntity
  8
04-COTA
 62
3
100
AcDbBlockReference
  2
_CLOSEDFILLED
 10
41.19200000000001
 20
137.18390837546505
 30
0.0
 41
3.0
 42
3.0
 50
90.0
  0
LINE
  5
15E
330
155
100
AcDbEntity
  8
0
 62
3
370
25
100
AcDbLine
 10
41.19200000000001
 20
117.22390837546506
 30
0.0
 11
41.19200000000001
 21
134.18390837546505
 31
0.0
  0
MTEXT
  5
15F
330
155
100
AcDbEntity
  8
04-COTA
 62
3
100
AcDbMText
 10
38.44200000000001
 20
125.70390837546506
 30
0.0
 40
3.5
 71
5
  1
114,8
  7
ISO3098
 50
90.0
  0
POINT
  5
160
330
155
100
AcDbEntity
  8
Defpoints
100
AcDbPoint
 10
41.19200000000001
 20
114.22390837546506
 30
0.0
  0
POINT
  5
161
330
155
100
AcDbEntity
  8
Defpoints
100
AcDbPoint
 10
50.19200000000001
 20
114.22390837546506
 30
0.0
  0
POINT
  5
162
330
155
100
AcDbEntity
  8
Defpoints
100
AcDbPoint
 10
50.19200000000001
 20
137.18390837546505
 30
0.0
  0
ENDBLK
  5
157
330
155
100
AcDbEntity
  8
0
100
AcDbBlockEnd
  0
BLOCK
  5
165
330
164
100
AcDbEntity
  8
0
100
AcDbBlockBegin
  2
*D5
 70
1
 10
0.0
 20
0.0
 30
0.0
  3
*D5
  1

  0
LINE
  5
167
330
164
100
AcDbEntity
  8
0
 62
3
370
25
100
AcDbLine
 10
76.39200000000001
 20
300.77609162453496
 30
0.0
 11
76.39200000000001
 21
306.77609162453496
 31
0.0
  0
LINE
  5
168
330
164
100
AcDbEntity
  8
0
 62
3
370
25
100
AcDbLine
 10
93.992
 20
300.77609162453496
 30
0.0
 11
93.992
 21
306.77609162453496
 31
0.0
  0
INSERT
  5
169
330
164
100
AcDbEntity
  8
04-COTA
 62
3
100
AcDbBlockReference
  2
_CLOSEDFILLED
 10
76.39200000000001
 20
304.77609162453496
 30
0.0
 41
3.0
 42
3.0
 50
180.0
  0
INSERT
  5
16B
330
164
100
AcDbEntity
  8
04-COTA
 62
3
100
AcDbBlockReference
  2
_CLOSEDFILLED
 10
93.992
 20
304.77609162453496
 30
0.0
 41
3.0
 42
3.0
  0
LINE
  5
16D
330
164
100
AcDbEntity
  8
0
 62
3
370
25
100
AcDbLine
 10
79.39200000000001
 20
304.77609162453496
 30
0.0
 11
90.992
 21
304.77609162453496
 31
0.0
  0
MTEXT
  5
16E
330
164
100
AcDbEntity
  8
04-COTA
 62
3
100
AcDbMText
 10
85.19200000000001
 20
307.52609162453496
 30
0.0
 40
3.5
 71
5
  1
%%c88
  7
ISO3098
  0
POINT
  5
16F
330
164
100
AcDbEntity
  8
Defpoints
100
AcDbPoint
 10
76.39200000000001
 20
304.77609162453496
 30
0.0
  0
POINT
  5
170
330
164
100
AcDbEntity
  8
Defpoints
100
AcDbPoint
 10
76.39200000000001
 20
299.77609162453496
 30
0.0
  0
POINT
  5
171
330
164
100
AcDbEntity
  8
Defpoints
100
AcDbPoint
 10
93.992
 20
299.77609162453496
 30
0.0
  0
ENDBLK
  5
166
330
164
100
AcDbEntity
  8
0
100
AcDbBlockEnd
  0
BLOCK
  5
2A2
330
2A1
100
AcDbEntity
  8
0
100
AcDbBlockBegin
  2
*Paper_Space
 70
0
 10
0.0
 20
0.0
 30
0.0
  3
*Paper_Space
  1

  0
ENDBLK
  5
2A3
330
2A1
100
AcDbEntity
  8
0
100
AcDbBlockEnd
  0
ENDSEC
  0
SECTION
  2
ENTITIES
  0
LWPOLYLINE
  5
3F
330
17
100
AcDbEntity
  8
08-FINA
100
AcDbPolyline
 90
4
 70
1
 10
0.0
 20
0.0
 10
594.0
 20
0.0
 10
594.0
 20
420.0
 10
0.0
 20
420.0
  0
LWPOLYLINE
  5
40
330
17
100
AcDbEntity
  8
07-RECUADRO
100
AcDbPolyline
 90
4
 70
1
 10
20.0
 20
10.0
 10
584.0
 20
10.0
 10
584.0
 20
410.0
 10
20.0
 20
410.0
  0
LINE
  5
41
330
17
100
AcDbEntity
  8
07-RECUADRO
100
AcDbLine
 10
297.0
 20
0.0
 30
0.0
 11
297.0
 21
15.0
 31
0.0
  0
LINE
  5
42
330
17
100
AcDbEntity
  8
07-RECUADRO
100
AcDbLine
 10
297.0
 20
420.0
 30
0.0
 11
297.0
 21
405.0
 31
0.0
  0
LINE
  5
43
330
17
100
AcDbEntity
  8
07-RECUADRO
100
AcDbLine
 10
0.0
 20
210.0
 30
0.0
 11
25.0
 21
210.0
 31
0.0
  0
LINE
  5
44
330
17
100
AcDbEntity
  8
07-RECUADRO
100
AcDbLine
 10
594.0
 20
210.0
 30
0.0
 11
579.0
 21
210.0
 31
0.0
  0
LINE
  5
45
330
17
100
AcDbEntity
  8
08-FINA
100
AcDbLine
 10
47.0
 20
10.0
 30
0.0
 11
47.0
 21
5.0
 31
0.0
  0
LINE
  5
46
330
17
100
AcDbEntity
  8
08-FINA
100
AcDbLine
 10
47.0
 20
410.0
 30
0.0
 11
47.0
 21
415.0
 31
0.0
  0
LINE
  5
47
330
17
100
AcDbEntity
  8
08-FINA
100
AcDbLine
 10
97.0
 20
10.0
 30
0.0
 11
97.0
 21
5.0
 31
0.0
  0
LINE
  5
48
330
17
100
AcDbEntity
  8
08-FINA
100
AcDbLine
 10
97.0
 20
410.0
 30
0.0
 11
97.0
 21
415.0
 31
0.0
  0
LINE
  5
49
330
17
100
AcDbEntity
  8
08-FINA
100
AcDbLine
 10
147.0
 20
10.0
 30
0.0
 11
147.0
 21
5.0
 31
0.0
  0
LINE
  5
4A
330
17
100
AcDbEntity
  8
08-FINA
100
AcDbLine
 10
147.0
 20
410.0
 30
0.0
 11
147.0
 21
415.0
 31
0.0
  0
LINE
  5
4B
330
17
100
AcDbEntity
  8
08-FINA
100
AcDbLine
 10
197.0
 20
10.0
 30
0.0
 11
197.0
 21
5.0
 31
0.0
  0
LINE
  5
4C
330
17
100
AcDbEntity
  8
08-FINA
100
AcDbLine
 10
197.0
 20
410.0
 30
0.0
 11
197.0
 21
415.0
 31
0.0
  0
LINE
  5
4D
330
17
100
AcDbEntity
  8
08-FINA
100
AcDbLine
 10
247.0
 20
10.0
 30
0.0
 11
247.0
 21
5.0
 31
0.0
  0
LINE
  5
4E
330
17
100
AcDbEntity
  8
08-FINA
100
AcDbLine
 10
247.0
 20
410.0
 30
0.0
 11
247.0
 21
415.0
 31
0.0
  0
LINE
  5
4F
330
17
100
AcDbEntity
  8
08-FINA
100
AcDbLine
 10
347.0
 20
10.0
 30
0.0
 11
347.0
 21
5.0
 31
0.0
  0
LINE
  5
50
330
17
100
AcDbEntity
  8
08-FINA
100
AcDbLine
 10
347.0
 20
410.0
 30
0.0
 11
347.0
 21
415.0
 31
0.0
  0
LINE
  5
51
330
17
100
AcDbEntity
  8
08-FINA
100
AcDbLine
 10
397.0
 20
10.0
 30
0.0
 11
397.0
 21
5.0
 31
0.0
  0
LINE
  5
52
330
17
100
AcDbEntity
  8
08-FINA
100
AcDbLine
 10
397.0
 20
410.0
 30
0.0
 11
397.0
 21
415.0
 31
0.0
  0
LINE
  5
53
330
17
100
AcDbEntity
  8
08-FINA
100
AcDbLine
 10
447.0
 20
10.0
 30
0.0
 11
447.0
 21
5.0
 31
0.0
  0
LINE
  5
54
330
17
100
AcDbEntity
  8
08-FINA
100
AcDbLine
 10
447.0
 20
410.0
 30
0.0
 11
447.0
 21
415.0
 31
0.0
  0
LINE
  5
55
330
17
100
AcDbEntity
  8
08-FINA
100
AcDbLine
 10
497.0
 20
10.0
 30
0.0
 11
497.0
 21
5.0
 31
0.0
  0
LINE
  5
56
330
17
100
AcDbEntity
  8
08-FINA
100
AcDbLine
 10
497.0
 20
410.0
 30
0.0
 11
497.0
 21
415.0
 31
0.0
  0
LINE
  5
57
330
17
100
AcDbEntity
  8
08-FINA
100
AcDbLine
 10
547.0
 20
10.0
 30
0.0
 11
547.0
 21
5.0
 31
0.0
  0
LINE
  5
58
330
17
100
AcDbEntity
  8
08-FINA
100
AcDbLine
 10
547.0
 20
410.0
 30
0.0
 11
547.0
 21
415.0
 31
0.0
  0
LINE
  5
59
330
17
100
AcDbEntity
  8
08-FINA
100
AcDbLine
 10
20.0
 20
60.0
 30
0.0
 11
15.0
 21
60.0
 31
0.0
  0
LINE
  5
5A
330
17
100
AcDbEntity
  8
08-FINA
100
AcDbLine
 10
584.0
 20
60.0
 30
0.0
 11
589.0
 21
60.0
 31
0.0
  0
LINE
  5
5B
330
17
100
AcDbEntity
  8
08-FINA
100
AcDbLine
 10
20.0
 20
110.0
 30
0.0
 11
15.0
 21
110.0
 31
0.0
  0
LINE
  5
5C
330
17
100
AcDbEntity
  8
08-FINA
100
AcDbLine
 10
584.0
 20
110.0
 30
0.0
 11
589.0
 21
110.0
 31
0.0
  0
LINE
  5
5D
330
17
100
AcDbEntity
  8
08-FINA
100
AcDbLine
 10
20.0
 20
160.0
 30
0.0
 11
15.0
 21
160.0
 31
0.0
  0
LINE
  5
5E
330
17
100
AcDbEntity
  8
08-FINA
100
AcDbLine
 10
584.0
 20
160.0
 30
0.0
 11
589.0
 21
160.0
 31
0.0
  0
LINE
  5
5F
330
17
100
AcDbEntity
  8
08-FINA
100
AcDbLine
 10
20.0
 20
260.0
 30
0.0
 11
15.0
 21
260.0
 31
0.0
  0
LINE
  5
60
330
17
100
AcDbEntity
  8
08-FINA
100
AcDbLine
 10
584.0
 20
260.0
 30
0.0
 11
589.0
 21
260.0
 31
0.0
  0
LINE
  5
61
330
17
100
AcDbEntity
  8
08-FINA
100
AcDbLine
 10
20.0
 20
310.0
 30
0.0
 11
15.0
 21
310.0
 31
0.0
  0
LINE
  5
62
330
17
100
AcDbEntity
  8
08-FINA
100
AcDbLine
 10
584.0
 20
310.0
 30
0.0
 11
589.0
 21
310.0
 31
0.0
  0
LINE
  5
63
330
17
100
AcDbEntity
  8
08-FINA
100
AcDbLine
 10
20.0
 20
360.0
 30
0.0
 11
15.0
 21
360.0
 31
0.0
  0
LINE
  5
64
330
17
100
AcDbEntity
  8
08-FINA
100
AcDbLine
 10
584.0
 20
360.0
 30
0.0
 11
589.0
 21
360.0
 31
0.0
  0
TEXT
  5
65
330
17
100
AcDbEntity
  8
06-TEXTO
100
AcDbText
 10
33.5
 20
5.0
 30
0.0
 40
3.5
  1
1
  7
ISO3098
 72
1
 11
33.5
 21
5.0
 31
0.0
100
AcDbText
 73
2
  0
TEXT
  5
66
330
17
100
AcDbEntity
  8
06-TEXTO
100
AcDbText
 10
33.5
 20
415.0
 30
0.0
 40
3.5
  1
1
  7
ISO3098
 72
1
 11
33.5
 21
415.0
 31
0.0
100
AcDbText
 73
2
  0
TEXT
  5
67
330
17
100
AcDbEntity
  8
06-TEXTO
100
AcDbText
 10
72.0
 20
5.0
 30
0.0
 40
3.5
  1
2
  7
ISO3098
 72
1
 11
72.0
 21
5.0
 31
0.0
100
AcDbText
 73
2
  0
TEXT
  5
68
330
17
100
AcDbEntity
  8
06-TEXTO
100
AcDbText
 10
72.0
 20
415.0
 30
0.0
 40
3.5
  1
2
  7
ISO3098
 72
1
 11
72.0
 21
415.0
 31
0.0
100
AcDbText
 73
2
  0
TEXT
  5
69
330
17
100
AcDbEntity
  8
06-TEXTO
100
AcDbText
 10
122.0
 20
5.0
 30
0.0
 40
3.5
  1
3
  7
ISO3098
 72
1
 11
122.0
 21
5.0
 31
0.0
100
AcDbText
 73
2
  0
TEXT
  5
6A
330
17
100
AcDbEntity
  8
06-TEXTO
100
AcDbText
 10
122.0
 20
415.0
 30
0.0
 40
3.5
  1
3
  7
ISO3098
 72
1
 11
122.0
 21
415.0
 31
0.0
100
AcDbText
 73
2
  0
TEXT
  5
6B
330
17
100
AcDbEntity
  8
06-TEXTO
100
AcDbText
 10
172.0
 20
5.0
 30
0.0
 40
3.5
  1
4
  7
ISO3098
 72
1
 11
172.0
 21
5.0
 31
0.0
100
AcDbText
 73
2
  0
TEXT
  5
6C
330
17
100
AcDbEntity
  8
06-TEXTO
100
AcDbText
 10
172.0
 20
415.0
 30
0.0
 40
3.5
  1
4
  7
ISO3098
 72
1
 11
172.0
 21
415.0
 31
0.0
100
AcDbText
 73
2
  0
TEXT
  5
6D
330
17
100
AcDbEntity
  8
06-TEXTO
100
AcDbText
 10
222.0
 20
5.0
 30
0.0
 40
3.5
  1
5
  7
ISO3098
 72
1
 11
222.0
 21
5.0
 31
0.0
100
AcDbText
 73
2
  0
TEXT
  5
6E
330
17
100
AcDbEntity
  8
06-TEXTO
100
AcDbText
 10
222.0
 20
415.0
 30
0.0
 40
3.5
  1
5
  7
ISO3098
 72
1
 11
222.0
 21
415.0
 31
0.0
100
AcDbText
 73
2
  0
TEXT
  5
6F
330
17
100
AcDbEntity
  8
06-TEXTO
100
AcDbText
 10
272.0
 20
5.0
 30
0.0
 40
3.5
  1
6
  7
ISO3098
 72
1
 11
272.0
 21
5.0
 31
0.0
100
AcDbText
 73
2
  0
TEXT
  5
70
330
17
100
AcDbEntity
  8
06-TEXTO
100
AcDbText
 10
272.0
 20
415.0
 30
0.0
 40
3.5
  1
6
  7
ISO3098
 72
1
 11
272.0
 21
415.0
 31
0.0
100
AcDbText
 73
2
  0
TEXT
  5
71
330
17
100
AcDbEntity
  8
06-TEXTO
100
AcDbText
 10
322.0
 20
5.0
 30
0.0
 40
3.5
  1
7
  7
ISO3098
 72
1
 11
322.0
 21
5.0
 31
0.0
100
AcDbText
 73
2
  0
TEXT
  5
72
330
17
100
AcDbEntity
  8
06-TEXTO
100
AcDbText
 10
322.0
 20
415.0
 30
0.0
 40
3.5
  1
7
  7
ISO3098
 72
1
 11
322.0
 21
415.0
 31
0.0
100
AcDbText
 73
2
  0
TEXT
  5
73
330
17
100
AcDbEntity
  8
06-TEXTO
100
AcDbText
 10
372.0
 20
5.0
 30
0.0
 40
3.5
  1
8
  7
ISO3098
 72
1
 11
372.0
 21
5.0
 31
0.0
100
AcDbText
 73
2
  0
TEXT
  5
74
330
17
100
AcDbEntity
  8
06-TEXTO
100
AcDbText
 10
372.0
 20
415.0
 30
0.0
 40
3.5
  1
8
  7
ISO3098
 72
1
 11
372.0
 21
415.0
 31
0.0
100
AcDbText
 73
2
  0
TEXT
  5
75
330
17
100
AcDbEntity
  8
06-TEXTO
100
AcDbText
 10
422.0
 20
5.0
 30
0.0
 40
3.5
  1
9
  7
ISO3098
 72
1
 11
422.0
 21
5.0
 31
0.0
100
AcDbText
 73
2
  0
TEXT
  5
76
330
17
100
AcDbEntity
  8
06-TEXTO
100
AcDbText
 10
422.0
 20
415.0
 30
0.0
 40
3.5
  1
9
  7
ISO3098
 72
1
 11
422.0
 21
415.0
 31
0.0
100
AcDbText
 73
2
  0
TEXT
  5
77
330
17
100
AcDbEntity
  8
06-TEXTO
100
AcDbText
 10
472.0
 20
5.0
 30
0.0
 40
3.5
  1
10
  7
ISO3098
 72
1
 11
472.0
 21
5.0
 31
0.0
100
AcDbText
 73
2
  0
TEXT
  5
78
330
17
100
AcDbEntity
  8
06-TEXTO
100
AcDbText
 10
472.0
 20
415.0
 30
0.0
 40
3.5
  1
10
  7
ISO3098
 72
1
 11
472.0
 21
415.0
 31
0.0
100
AcDbText
 73
2
  0
TEXT
  5
79
330
17
100
AcDbEntity
  8
06-TEXTO
100
AcDbText
 10
522.0
 20
5.0
 30
0.0
 40
3.5
  1
11
  7
ISO3098
 72
1
 11
522.0
 21
5.0
 31
0.0
100
AcDbText
 73
2
  0
TEXT
  5
7A
330
17
100
AcDbEntity
  8
06-TEXTO
100
AcDbText
 10
522.0
 20
415.0
 30
0.0
 40
3.5
  1
11
  7
ISO3098
 72
1
 11
522.0
 21
415.0
 31
0.0
100
AcDbText
 73
2
  0
TEXT
  5
7B
330
17
100
AcDbEntity
  8
06-TEXTO
100
AcDbText
 10
565.5
 20
5.0
 30
0.0
 40
3.5
  1
12
  7
ISO3098
 72
1
 11
565.5
 21
5.0
 31
0.0
100
AcDbText
 73
2
  0
TEXT
  5
7C
330
17
100
AcDbEntity
  8
06-TEXTO
100
AcDbText
 10
565.5
 20
415.0
 30
0.0
 40
3.5
  1
12
  7
ISO3098
 72
1
 11
565.5
 21
415.0
 31
0.0
100
AcDbText
 73
2
  0
TEXT
  5
7D
330
17
100
AcDbEntity
  8
06-TEXTO
100
AcDbText
 10
10.0
 20
35.0
 30
0.0
 40
3.5
  1
H
  7
ISO3098
 72
1
 11
10.0
 21
35.0
 31
0.0
100
AcDbText
 73
2
  0
TEXT
  5
7E
330
17
100
AcDbEntity
  8
06-TEXTO
100
AcDbText
 10
589.0
 20
35.0
 30
0.0
 40
3.5
  1
H
  7
ISO3098
 72
1
 11
589.0
 21
35.0
 31
0.0
100
AcDbText
 73
2
  0
TEXT
  5
7F
330
17
100
AcDbEntity
  8
06-TEXTO
100
AcDbText
 10
10.0
 20
85.0
 30
0.0
 40
3.5
  1
G
  7
ISO3098
 72
1
 11
10.0
 21
85.0
 31
0.0
100
AcDbText
 73
2
  0
TEXT
  5
80
330
17
100
AcDbEntity
  8
06-TEXTO
100
AcDbText
 10
589.0
 20
85.0
 30
0.0
 40
3.5
  1
G
  7
ISO3098
 72
1
 11
589.0
 21
85.0
 31
0.0
100
AcDbText
 73
2
  0
TEXT
  5
81
330
17
100
AcDbEntity
  8
06-TEXTO
100
AcDbText
 10
10.0
 20
135.0
 30
0.0
 40
3.5
  1
F
  7
ISO3098
 72
1
 11
10.0
 21
135.0
 31
0.0
100
AcDbText
 73
2
  0
TEXT
  5
82
330
17
100
AcDbEntity
  8
06-TEXTO
100
AcDbText
 10
589.0
 20
135.0
 30
0.0
 40
3.5
  1
F
  7
ISO3098
 72
1
 11
589.0
 21
135.0
 31
0.0
100
AcDbText
 73
2
  0
TEXT
  5
83
330
17
100
AcDbEntity
  8
06-TEXTO
100
AcDbText
 10
10.0
 20
185.0
 30
0.0
 40
3.5
  1
E
  7
ISO3098
 72
1
 11
10.0
 21
185.0
 31
0.0
100
AcDbText
 73
2
  0
TEXT
  5
84
330
17
100
AcDbEntity
  8
06-TEXTO
100
AcDbText
 10
589.0
 20
185.0
 30
0.0
 40
3.5
  1
E
  7
ISO3098
 72
1
 11
589.0
 21
185.0
 31
0.0
100
AcDbText
 73
2
  0
TEXT
  5
85
330
17
100
AcDbEntity
  8
06-TEXTO
100
AcDbText
 10
10.0
 20
235.0
 30
0.0
 40
3.5
  1
D
  7
ISO3098
 72
1
 11
10.0
 21
235.0
 31
0.0
100
AcDbText
 73
2
  0
TEXT
  5
86
330
17
100
AcDbEntity
  8
06-TEXTO
100
AcDbText
 10
589.0
 20
235.0
 30
0.0
 40
3.5
  1
D
  7
ISO3098
 72
1
 11
589.0
 21
235.0
 31
0.0
100
AcDbText
 73
2
  0
TEXT
  5
87
330
17
100
AcDbEntity
  8
06-TEXTO
100
AcDbText
 10
10.0
 20
285.0
 30
0.0
 40
3.5
  1
C
  7
ISO3098
 72
1
 11
10.0
 21
285.0
 31
0.0
100
AcDbText
 73
2
  0
TEXT
  5
88
330
17
100
AcDbEntity
  8
06-TEXTO
100
AcDbText
 10
589.0
 20
285.0
 30
0.0
 40
3.5
  1
C
  7
ISO3098
 72
1
 11
589.0
 21
285.0
 31
0.0
100
AcDbText
 73
2
  0
TEXT
  5
89
330
17
100
AcDbEntity
  8
06-TEXTO
100
AcDbText
 10
10.0
 20
335.0
 30
0.0
 40
3.5
  1
B
  7
ISO3098
 72
1
 11
10.0
 21
335.0
 31
0.0
100
AcDbText
 73
2
  0
TEXT
  5
8A
330
17
100
AcDbEntity
  8
06-TEXTO
100
AcDbText
 10
589.0
 20
335.0
 30
0.0
 40
3.5
  1
B
  7
ISO3098
 72
1
 11
589.0
 21
335.0
 31
0.0
100
AcDbText
 73
2
  0
TEXT
  5
8B
330
17
100
AcDbEntity
  8
06-TEXTO
100
AcDbText
 10
10.0
 20
385.0
 30
0.0
 40
3.5
  1
A
  7
ISO3098
 72
1
 11
10.0
 21
385.0
 31
0.0
100
AcDbText
 73
2
  0
TEXT
  5
8C
330
17
100
AcDbEntity
  8
06-TEXTO
100
AcDbText
 10
589.0
 20
385.0
 30
0.0
 40
3.5
  1
A
  7
ISO3098
 72
1
 11
589.0
 21
385.0
 31
0.0
100
AcDbText
 73
2
  0
LWPOLYLINE
  5
8D
330
17
100
AcDbEntity
  8
10-ROTULO
100
AcDbPolyline
 90
4
 70
1
 10
404.0
 20
60.0
 10
418.0
 20
60.0
 10
418.0
 20
66.0
 10
404.0
 20
66.0
  0
LWPOLYLINE
  5
8E
330
17
100
AcDbEntity
  8
10-ROTULO
100
AcDbPolyline
 90
4
 70
1
 10
418.0
 20
60.0
 10
437.0
 20
60.0
 10
437.0
 20
66.0
 10
418.0
 20
66.0
  0
TEXT
  5
8F
330
17
100
AcDbEntity
  8
11-TEXTO-ROTULO
100
AcDbText
 10
427.5
 20
63.0
 30
0.0
 40
2.2
  1
Fecha
  7
ISO3098
 72
1
 11
427.5
 21
63.0
 31
0.0
100
AcDbText
 73
2
  0
LWPOLYLINE
  5
90
330
17
100
AcDbEntity
  8
10-ROTULO
100
AcDbPolyline
 90
4
 70
1
 10
437.0
 20
60.0
 10
460.0
 20
60.0
 10
460.0
 20
66.0
 10
437.0
 20
66.0
  0
TEXT
  5
91
330
17
100
AcDbEntity
  8
11-TEXTO-ROTULO
100
AcDbText
 10
448.5
 20
63.0
 30
0.0
 40
2.2
  1
Nombre
  7
ISO3098
 72
1
 11
448.5
 21
63.0
 31
0.0
100
AcDbText
 73
2
  0
LWPOLYLINE
  5
92
330
17
100
AcDbEntity
  8
10-ROTULO
100
AcDbPolyline
 90
4
 70
1
 10
404.0
 20
54.0
 10
418.0
 20
54.0
 10
418.0
 20
60.0
 10
404.0
 20
60.0
  0
TEXT
  5
93
330
17
100
AcDbEntity
  8
11-TEXTO-ROTULO
100
AcDbText
 10
405.5
 20
57.0
 30
0.0
 40
2.2
  1
Dibujó
  7
ISO3098
 11
405.5
 21
57.0
 31
0.0
100
AcDbText
 73
2
  0
LWPOLYLINE
  5
94
330
17
100
AcDbEntity
  8
10-ROTULO
100
AcDbPolyline
 90
4
 70
1
 10
418.0
 20
54.0
 10
437.0
 20
54.0
 10
437.0
 20
60.0
 10
418.0
 20
60.0
  0
TEXT
  5
95
330
17
100
AcDbEntity
  8
11-TEXTO-ROTULO
100
AcDbText
 10
427.5
 20
57.0
 30
0.0
 40
2.2
  1
28/09/2026
  7
ISO3098
 72
1
 11
427.5
 21
57.0
 31
0.0
100
AcDbText
 73
2
  0
LWPOLYLINE
  5
96
330
17
100
AcDbEntity
  8
10-ROTULO
100
AcDbPolyline
 90
4
 70
1
 10
437.0
 20
54.0
 10
460.0
 20
54.0
 10
460.0
 20
60.0
 10
437.0
 20
60.0
  0
TEXT
  5
97
330
17
100
AcDbEntity
  8
11-TEXTO-ROTULO
100
AcDbText
 10
448.5
 20
57.0
 30
0.0
 40
2.2
  1
T. Sinay
  7
ISO3098
 72
1
 11
448.5
 21
57.0
 31
0.0
100
AcDbText
 73
2
  0
LWPOLYLINE
  5
98
330
17
100
AcDbEntity
  8
10-ROTULO
100
AcDbPolyline
 90
4
 70
1
 10
404.0
 20
48.0
 10
418.0
 20
48.0
 10
418.0
 20
54.0
 10
404.0
 20
54.0
  0
TEXT
  5
99
330
17
100
AcDbEntity
  8
11-TEXTO-ROTULO
100
AcDbText
 10
405.5
 20
51.0
 30
0.0
 40
2.2
  1
Revisó
  7
ISO3098
 11
405.5
 21
51.0
 31
0.0
100
AcDbText
 73
2
  0
LWPOLYLINE
  5
9A
330
17
100
AcDbEntity
  8
10-ROTULO
100
AcDbPolyline
 90
4
 70
1
 10
418.0
 20
48.0
 10
437.0
 20
48.0
 10
437.0
 20
54.0
 10
418.0
 20
54.0
  0
LWPOLYLINE
  5
9B
330
17
100
AcDbEntity
  8
10-ROTULO
100
AcDbPolyline
 90
4
 70
1
 10
437.0
 20
48.0
 10
460.0
 20
48.0
 10
460.0
 20
54.0
 10
437.0
 20
54.0
  0
LWPOLYLINE
  5
9C
330
17
100
AcDbEntity
  8
10-ROTULO
100
AcDbPolyline
 90
4
 70
1
 10
404.0
 20
42.0
 10
418.0
 20
42.0
 10
418.0
 20
48.0
 10
404.0
 20
48.0
  0
TEXT
  5
9D
330
17
100
AcDbEntity
  8
11-TEXTO-ROTULO
100
AcDbText
 10
405.5
 20
45.0
 30
0.0
 40
2.2
  1
Aprobó
  7
ISO3098
 11
405.5
 21
45.0
 31
0.0
100
AcDbText
 73
2
  0
LWPOLYLINE
  5
9E
330
17
100
AcDbEntity
  8
10-ROTULO
100
AcDbPolyline
 90
4
 70
1
 10
418.0
 20
42.0
 10
437.0
 20
42.0
 10
437.0
 20
48.0
 10
418.0
 20
48.0
  0
LWPOLYLINE
  5
9F
330
17
100
AcDbEntity
  8
10-ROTULO
100
AcDbPolyline
 90
4
 70
1
 10
437.0
 20
42.0
 10
460.0
 20
42.0
 10
460.0
 20
48.0
 10
437.0
 20
48.0
  0
LWPOLYLINE
  5
A0
330
17
100
AcDbEntity
  8
10-ROTULO
100
AcDbPolyline
 90
4
 70
1
 10
404.0
 20
28.0
 10
426.0
 20
28.0
 10
426.0
 20
42.0
 10
404.0
 20
42.0
  0
TEXT
  5
A1
330
17
100
AcDbEntity
  8
11-TEXTO-ROTULO
100
AcDbText
 10
405.0
 20
41.0
 30
0.0
 40
1.8
  1
Escala
  7
ISO3098
 11
405.0
 21
41.0
 31
0.0
100
AcDbText
 73
3
  0
TEXT
  5
A2
330
17
100
AcDbEntity
  8
11-TEXTO-ROTULO
100
AcDbText
 10
415.0
 20
33.6
 30
0.0
 40
5.0
  1
1:5
  7
ISO3098
 72
1
 11
415.0
 21
33.6
 31
0.0
100
AcDbText
 73
2
  0
LWPOLYLINE
  5
A3
330
17
100
AcDbEntity
  8
10-ROTULO
100
AcDbPolyline
 90
4
 70
1
 10
426.0
 20
28.0
 10
460.0
 20
28.0
 10
460.0
 20
42.0
 10
426.0
 20
42.0
  0
TEXT
  5
A4
330
17
100
AcDbEntity
  8
11-TEXTO-ROTULO
100
AcDbText
 10
427.0
 20
41.0
 30
0.0
 40
1.8
  1
Método de proyección
  7
ISO3098
 11
427.0
 21
41.0
 31
0.0
100
AcDbText
 73
3
  0
CIRCLE
  5
A5
330
17
100
AcDbEntity
  8
01-VISIBLE
100
AcDbCircle
 10
438.0
 20
33.5
 30
0.0
 40
3.5
  0
CIRCLE
  5
A6
330
17
100
AcDbEntity
  8
01-VISIBLE
100
AcDbCircle
 10
438.0
 20
33.5
 30
0.0
 40
1.75
  0
LWPOLYLINE
  5
A7
330
17
100
AcDbEntity
  8
01-VISIBLE
100
AcDbPolyline
 90
4
 70
1
 10
445.0
 20
30.0
 10
452.0
 20
31.75
 10
452.0
 20
35.25
 10
445.0
 20
37.0
  0
LINE
  5
A8
330
17
100
AcDbEntity
  8
03-EJE
100
AcDbLine
 10
433.0
 20
33.5
 30
0.0
 11
453.5
 21
33.5
 31
0.0
  0
LINE
  5
A9
330
17
100
AcDbEntity
  8
03-EJE
100
AcDbLine
 10
438.0
 20
28.5
 30
0.0
 11
438.0
 21
38.5
 31
0.0
  0
LWPOLYLINE
  5
AA
330
17
100
AcDbEntity
  8
10-ROTULO
100
AcDbPolyline
 90
4
 70
1
 10
404.0
 20
18.0
 10
460.0
 20
18.0
 10
460.0
 20
28.0
 10
404.0
 20
28.0
  0
TEXT
  5
AB
330
17
100
AcDbEntity
  8
11-TEXTO-ROTULO
100
AcDbText
 10
405.0
 20
27.0
 30
0.0
 40
1.8
  1
Tolerancias generales
  7
ISO3098
 11
405.0
 21
27.0
 31
0.0
100
AcDbText
 73
3
  0
TEXT
  5
AC
330
17
100
AcDbEntity
  8
11-TEXTO-ROTULO
100
AcDbText
 10
432.0
 20
21.6
 30
0.0
 40
3.5
  1
ISO 2768-m
  7
ISO3098
 72
1
 11
432.0
 21
21.6
 31
0.0
100
AcDbText
 73
2
  0
LWPOLYLINE
  5
AD
330
17
100
AcDbEntity
  8
10-ROTULO
100
AcDbPolyline
 90
4
 70
1
 10
404.0
 20
10.0
 10
460.0
 20
10.0
 10
460.0
 20
18.0
 10
404.0
 20
18.0
  0
TEXT
  5
AE
330
17
100
AcDbEntity
  8
11-TEXTO-ROTULO
100
AcDbText
 10
405.0
 20
17.0
 30
0.0
 40
1.8
  1
Formato
  7
ISO3098
 11
405.0
 21
17.0
 31
0.0
100
AcDbText
 73
3
  0
TEXT
  5
AF
330
17
100
AcDbEntity
  8
11-TEXTO-ROTULO
100
AcDbText
 10
432.0
 20
12.6
 30
0.0
 40
3.5
  1
A2
  7
ISO3098
 72
1
 11
432.0
 21
12.6
 31
0.0
100
AcDbText
 73
2
  0
LWPOLYLINE
  5
B0
330
17
100
AcDbEntity
  8
10-ROTULO
100
AcDbPolyline
 90
4
 70
1
 10
460.0
 20
54.0
 10
532.0
 20
54.0
 10
532.0
 20
66.0
 10
460.0
 20
66.0
  0
TEXT
  5
B1
330
17
100
AcDbEntity
  8
11-TEXTO-ROTULO
100
AcDbText
 10
461.0
 20
65.0
 30
0.0
 40
1.8
  1
Propietario
  7
ISO3098
 11
461.0
 21
65.0
 31
0.0
100
AcDbText
 73
3
  0
TEXT
  5
B2
330
17
100
AcDbEntity
  8
11-TEXTO-ROTULO
100
AcDbText
 10
496.0
 20
58.6
 30
0.0
 40
5.0
  1
FLAMA S.A.
  7
ISO3098
 72
1
 11
496.0
 21
58.6
 31
0.0
100
AcDbText
 73
2
  0
LWPOLYLINE
  5
B3
330
17
100
AcDbEntity
  8
10-ROTULO
100
AcDbPolyline
 90
4
 70
1
 10
460.0
 20
22.0
 10
532.0
 20
22.0
 10
532.0
 20
54.0
 10
460.0
 20
54.0
  0
TEXT
  5
B4
330
17
100
AcDbEntity
  8
11-TEXTO-ROTULO
100
AcDbText
 10
461.0
 20
53.0
 30
0.0
 40
1.8
  1
Denominación
  7
ISO3098
 11
461.0
 21
53.0
 31
0.0
100
AcDbText
 73
3
  0
TEXT
  5
B5
330
17
100
AcDbEntity
  8
11-TEXTO-ROTULO
100
AcDbText
 10
496.0
 20
38.0
 30
0.0
 40
5.0
  1
Extintor ABC 70 kg
  7
ISO3098
 72
1
 11
496.0
 21
38.0
 31
0.0
100
AcDbText
 73
2
  0
TEXT
  5
B6
330
17
100
AcDbEntity
  8
11-TEXTO-ROTULO
100
AcDbText
 10
496.0
 20
31.5
 30
0.0
 40
3.5
  1
sobre ruedas
  7
ISO3098
 72
1
 11
496.0
 21
31.5
 31
0.0
100
AcDbText
 73
2
  0
TEXT
  5
B7
330
17
100
AcDbEntity
  8
11-TEXTO-ROTULO
100
AcDbText
 10
496.0
 20
25.5
 30
0.0
 40
2.2
  1
Corte A-A del recipiente y detalles
  7
ISO3098
 72
1
 11
496.0
 21
25.5
 31
0.0
100
AcDbText
 73
2
  0
LWPOLYLINE
  5
B8
330
17
100
AcDbEntity
  8
10-ROTULO
100
AcDbPolyline
 90
4
 70
1
 10
460.0
 20
10.0
 10
532.0
 20
10.0
 10
532.0
 20
22.0
 10
460.0
 20
22.0
  0
TEXT
  5
B9
330
17
100
AcDbEntity
  8
11-TEXTO-ROTULO
100
AcDbText
 10
461.0
 20
21.0
 30
0.0
 40
1.8
  1
Tipo de documento
  7
ISO3098
 11
461.0
 21
21.0
 31
0.0
100
AcDbText
 73
3
  0
TEXT
  5
BA
330
17
100
AcDbEntity
  8
11-TEXTO-ROTULO
100
AcDbText
 10
496.0
 20
14.6
 30
0.0
 40
3.5
  1
Corte y detalles
  7
ISO3098
 72
1
 11
496.0
 21
14.6
 31
0.0
100
AcDbText
 73
2
  0
LWPOLYLINE
  5
BB
330
17
100
AcDbEntity
  8
10-ROTULO
100
AcDbPolyline
 90
4
 70
1
 10
532.0
 20
10.0
 10
584.0
 20
10.0
 10
584.0
 20
24.0
 10
532.0
 20
24.0
  0
TEXT
  5
BC
330
17
100
AcDbEntity
  8
11-TEXTO-ROTULO
100
AcDbText
 10
533.0
 20
23.0
 30
0.0
 40
1.8
  1
N° de plano
  7
ISO3098
 11
533.0
 21
23.0
 31
0.0
100
AcDbText
 73
3
  0
TEXT
  5
BD
330
17
100
AcDbEntity
  8
11-TEXTO-ROTULO
100
AcDbText
 10
558.0
 20
15.6
 30
0.0
 40
5.0
  1
FL-ABC-070
  7
ISO3098
 72
1
 11
558.0
 21
15.6
 31
0.0
100
AcDbText
 73
2
  0
LWPOLYLINE
  5
BE
330
17
100
AcDbEntity
  8
10-ROTULO
100
AcDbPolyline
 90
4
 70
1
 10
532.0
 20
24.0
 10
556.0
 20
24.0
 10
556.0
 20
34.0
 10
532.0
 20
34.0
  0
TEXT
  5
BF
330
17
100
AcDbEntity
  8
11-TEXTO-ROTULO
100
AcDbText
 10
533.0
 20
33.0
 30
0.0
 40
1.8
  1
Hoja
  7
ISO3098
 11
533.0
 21
33.0
 31
0.0
100
AcDbText
 73
3
  0
TEXT
  5
C0
330
17
100
AcDbEntity
  8
11-TEXTO-ROTULO
100
AcDbText
 10
544.0
 20
27.6
 30
0.0
 40
3.5
  1
2 / 3
  7
ISO3098
 72
1
 11
544.0
 21
27.6
 31
0.0
100
AcDbText
 73
2
  0
LWPOLYLINE
  5
C1
330
17
100
AcDbEntity
  8
10-ROTULO
100
AcDbPolyline
 90
4
 70
1
 10
556.0
 20
24.0
 10
584.0
 20
24.0
 10
584.0
 20
34.0
 10
556.0
 20
34.0
  0
TEXT
  5
C2
330
17
100
AcDbEntity
  8
11-TEXTO-ROTULO
100
AcDbText
 10
557.0
 20
33.0
 30
0.0
 40
1.8
  1
Idioma
  7
ISO3098
 11
557.0
 21
33.0
 31
0.0
100
AcDbText
 73
3
  0
TEXT
  5
C3
330
17
100
AcDbEntity
  8
11-TEXTO-ROTULO
100
AcDbText
 10
570.0
 20
27.6
 30
0.0
 40
3.5
  1
es
  7
ISO3098
 72
1
 11
570.0
 21
27.6
 31
0.0
100
AcDbText
 73
2
  0
LWPOLYLINE
  5
C4
330
17
100
AcDbEntity
  8
10-ROTULO
100
AcDbPolyline
 90
4
 70
1
 10
532.0
 20
34.0
 10
556.0
 20
34.0
 10
556.0
 20
44.0
 10
532.0
 20
44.0
  0
TEXT
  5
C5
330
17
100
AcDbEntity
  8
11-TEXTO-ROTULO
100
AcDbText
 10
533.0
 20
43.0
 30
0.0
 40
1.8
  1
Edición
  7
ISO3098
 11
533.0
 21
43.0
 31
0.0
100
AcDbText
 73
3
  0
TEXT
  5
C6
330
17
100
AcDbEntity
  8
11-TEXTO-ROTULO
100
AcDbText
 10
544.0
 20
37.6
 30
0.0
 40
3.5
  1
0
  7
ISO3098
 72
1
 11
544.0
 21
37.6
 31
0.0
100
AcDbText
 73
2
  0
LWPOLYLINE
  5
C7
330
17
100
AcDbEntity
  8
10-ROTULO
100
AcDbPolyline
 90
4
 70
1
 10
556.0
 20
34.0
 10
584.0
 20
34.0
 10
584.0
 20
44.0
 10
556.0
 20
44.0
  0
TEXT
  5
C8
330
17
100
AcDbEntity
  8
11-TEXTO-ROTULO
100
AcDbText
 10
557.0
 20
43.0
 30
0.0
 40
1.8
  1
Fecha de emisión
  7
ISO3098
 11
557.0
 21
43.0
 31
0.0
100
AcDbText
 73
3
  0
TEXT
  5
C9
330
17
100
AcDbEntity
  8
11-TEXTO-ROTULO
100
AcDbText
 10
570.0
 20
37.6
 30
0.0
 40
2.5
  1
28/09/2026
  7
ISO3098
 72
1
 11
570.0
 21
37.6
 31
0.0
100
AcDbText
 73
2
  0
LWPOLYLINE
  5
CA
330
17
100
AcDbEntity
  8
10-ROTULO
100
AcDbPolyline
 90
4
 70
1
 10
532.0
 20
44.0
 10
584.0
 20
44.0
 10
584.0
 20
55.0
 10
532.0
 20
55.0
  0
TEXT
  5
CB
330
17
100
AcDbEntity
  8
11-TEXTO-ROTULO
100
AcDbText
 10
533.0
 20
54.0
 30
0.0
 40
1.8
  1
Material
  7
ISO3098
 11
533.0
 21
54.0
 31
0.0
100
AcDbText
 73
3
  0
TEXT
  5
CC
330
17
100
AcDbEntity
  8
11-TEXTO-ROTULO
100
AcDbText
 10
558.0
 20
48.1
 30
0.0
 40
2.5
  1
Ver lista de piezas
  7
ISO3098
 72
1
 11
558.0
 21
48.1
 31
0.0
100
AcDbText
 73
2
  0
LWPOLYLINE
  5
CD
330
17
100
AcDbEntity
  8
10-ROTULO
100
AcDbPolyline
 90
4
 70
1
 10
532.0
 20
55.0
 10
584.0
 20
55.0
 10
584.0
 20
66.0
 10
532.0
 20
66.0
  0
TEXT
  5
CE
330
17
100
AcDbEntity
  8
11-TEXTO-ROTULO
100
AcDbText
 10
533.0
 20
65.0
 30
0.0
 40
1.8
  1
Reemplaza a / Reemplazado por
  7
ISO3098
 11
533.0
 21
65.0
 31
0.0
100
AcDbText
 73
3
  0
TEXT
  5
CF
330
17
100
AcDbEntity
  8
11-TEXTO-ROTULO
100
AcDbText
 10
558.0
 20
59.1
 30
0.0
 40
2.5
  1
-
  7
ISO3098
 72
1
 11
558.0
 21
59.1
 31
0.0
100
AcDbText
 73
2
  0
LWPOLYLINE
  5
D0
330
17
100
AcDbEntity
  8
07-RECUADRO
100
AcDbPolyline
 90
4
 70
1
 10
404.0
 20
10.0
 10
584.0
 20
10.0
 10
584.0
 20
66.0
 10
404.0
 20
66.0
  0
LINE
  5
D1
330
17
100
AcDbEntity
  8
01-VISIBLE
100
AcDbLine
 10
50.19200000000001
 20
137.18390837546505
 30
0.0
 11
50.19200000000001
 21
270.02390837546506
 31
0.0
  0
LINE
  5
D2
330
17
100
AcDbEntity
  8
01-VISIBLE
100
AcDbLine
 10
120.19200000000001
 20
137.18390837546505
 30
0.0
 11
120.19200000000001
 21
270.02390837546506
 31
0.0
  0
LINE
  5
D3
330
17
100
AcDbEntity
  8
01-VISIBLE
100
AcDbLine
 10
120.19200000000001
 20
270.02390837546506
 30
0.0
 11
119.55200000000005
 21
270.02390837546506
 31
0.0
  0
LINE
  5
D4
330
17
100
AcDbEntity
  8
01-VISIBLE
100
AcDbLine
 10
50.83199999999997
 20
270.02390837546506
 30
0.0
 11
50.19200000000001
 21
270.02390837546506
 31
0.0
  0
LINE
  5
D5
330
17
100
AcDbEntity
  8
01-VISIBLE
100
AcDbLine
 10
50.83199999999997
 20
137.18390837546508
 30
0.0
 11
50.19200000000001
 21
137.18390837546508
 31
0.0
  0
LINE
  5
D6
330
17
100
AcDbEntity
  8
01-VISIBLE
100
AcDbLine
 10
50.832
 20
137.18390837546505
 30
0.0
 11
50.832
 21
270.02390837546506
 31
0.0
  0
LINE
  5
D7
330
17
100
AcDbEntity
  8
01-VISIBLE
100
AcDbLine
 10
120.19200000000001
 20
137.18390837546508
 30
0.0
 11
119.55200000000005
 21
137.18390837546508
 31
0.0
  0
LINE
  5
D8
330
17
100
AcDbEntity
  8
01-VISIBLE
100
AcDbLine
 10
119.55200000000002
 20
137.18390837546505
 30
0.0
 11
119.55200000000002
 21
270.02390837546506
 31
0.0
  0
LWPOLYLINE
  5
D9
330
17
100
AcDbEntity
  8
01-VISIBLE
100
AcDbPolyline
 90
401
 70
0
 10
120.19200000000001
 20
270.02390837546506
 10
120.19170324461126
 20
270.11887055561306
 10
120.19081216055801
 20
270.2138290179614
 10
120.18932564185683
 20
270.3087800251079
 10
120.18724274519245
 20
270.4037198215308
 10
120.1845626916526
 20
270.4986446372411
 10
120.18128486823113
 20
270.5935506914928
 10
120.1774088290937
 20
270.6884341965413
 10
120.17293429660108
 20
270.78329136144066
 10
120.16786116208615
 20
270.8781183958693
 10
120.16218948638118
 20
270.972911513975
 10
120.15591950009318
 20
271.0676669382272
 10
120.14905160362588
 20
271.16238090326806
 10
120.14158636694779
 20
271.2570496597508
 10
120.13352452910686
 20
271.3516694781548
 10
120.12486699749283
 20
271.4462366525683
 10
120.11561484684958
 20
271.5407475044269
 10
120.10576931804087
 20
271.63519838619965
 10
120.0953318165729
 20
271.7295856850111
 10
120.08430391087904
 20
271.8239058261917
 10
120.07268733037222
 20
271.918155276746
 10
120.06048396925306
 20
272.01233054951746
 10
120.04769589404184
 20
272.10642820792555
 10
120.03432519254585
 20
272.2004448483767
 10
120.02037390658056
 20
272.29437709048807
 10
120.00584403126987
 20
272.38822157542336
 10
119.9907375149296
 20
272.48197496431055
 10
119.97505625897382
 20
272.5756339366687
 10
119.95880211784302
 20
272.6691951888449
 10
119.94197689895296
 20
272.7626554324597
 10
119.9245823626635
 20
272.8560113928613
 10
119.90662022226655
 20
272.9492598075882
 10
119.88809214399194
 20
273.04239742483895
 10
119.86899974703107
 20
273.1354210019499
 10
119.84934460357717
 20
273.22832730387887
 10
119.82912823888162
 20
273.3211131016956
 10
119.80835213132603
 20
273.41377517107736
 10
119.78701771250897
 20
273.50631029080995
 10
119.76512636734748
 20
273.59871524129284
 10
119.74267943419244
 20
273.69098680304865
 10
119.71967820495772
 20
273.78312175523547
 10
119.69612392902928
 20
273.8751168751371
 10
119.67201827727462
 20
273.9669690590671
 10
119.64736381269644
 20
274.0586754584719
 10
119.62216321092308
 20
274.1502332880722
 10
119.5964191557637
 20
274.24163979927005
 10
119.57013433811241
 20
274.3328922797849
 10
119.54331145487748
 20
274.4239880532691
 10
119.51595320793562
 20
274.514924478906
 10
119.48806230311149
 20
274.6056989509888
 10
119.45964144918266
 20
274.69630889848423
 10
119.43069335691003
 20
274.78675178457837
 10
119.40122073809354
 20
274.87702510620875
 10
119.37122630465339
 20
274.9671263935813
 10
119.34071276773668
 20
275.0570532096737
 10
119.30968283684916
 20
275.14680314972657
 10
119.2781392190125
 20
275.2363738407218
 10
119.24608461794617
 20
275.3257629408501
 10
119.21352173327466
 20
275.4149681389681
 10
119.18045325975916
 20
275.50398715404515
 10
119.14688188655376
 20
275.5928177346012
 10
119.11281029648603
 20
275.68145765813625
 10
119.07824117030144
 20
275.769904732495
 10
119.04317735330424
 20
275.8581568620343
 10
119.0076218952718
 20
275.94621206756545
 10
118.97157784981894
 20
276.03406840933394
 10
118.93504826038671
 20
276.1217239812053
 10
118.89803615945759
 20
276.20917690997095
 10
118.86054456779968
 20
276.2964253546479
 10
118.82257649373904
 20
276.3834675057727
 10
118.78413493246012
 20
276.47030158469005
 10
118.74522286533346
 20
276.556925842837
 10
118.70584325927052
 20
276.6433385610238
 10
118.66599906610492
 20
276.72953804871065
 10
118.62569322199964
 20
276.8155226432825
 10
118.58492864687992
 20
276.90129070932176
 10
118.5437082438909
 20
276.98684063787874
 10
118.50203489887984
 20
277.0721708457418
 10
118.4599114799023
 20
277.1572797747061
 10
118.4173408367517
 20
277.2421658908428
 10
118.37432580051168
 20
277.3268276837675
 10
118.33086918313089
 20
277.4112636659105
 10
118.28697377701958
 20
277.4954723717867
 10
118.2426423546897
 20
277.57945235727937
 10
118.19787774412029
 20
277.66320223950663
 10
118.15268300179645
 20
277.74672079178936
 10
118.10706122334169
 20
277.8300068459346
 10
118.06101549423295
 20
277.9130592660639
 10
118.01454888910018
 20
277.995876947984
 10
117.96766447105102
 20
278.07845881855303
 10
117.92036529102026
 20
278.16080383504345
 10
117.87265438714387
 20
278.2429109845016
 10
117.82453478415715
 20
278.324779283105
 10
117.77600949281651
 20
278.4064077755178
 10
117.72708150934483
 20
278.4877955342448
 10
117.67775381489959
 20
278.56894165898467
 10
117.62802937506373
 20
278.6498452759828
 10
117.57791113935862
 20
278.73050553738426
 10
117.52740204077872
 20
278.81092162058746
 10
117.47650499534763
 20
278.8910927275985
 10
117.42522290169481
 20
278.9710180843873
 10
117.37355864065302
 20
279.0506969402449
 10
117.32151507487538
 20
279.13012856714363
 10
117.26909504847214
 20
279.20931225909874
 10
117.21630138666646
 20
279.28824733153374
 10
117.16313689547378
 20
279.36693312065137
 10
117.10960437703194
 20
279.4453689935028
 10
117.05570666697774
 20
279.52355437372944
 10
117.0014465987573
 20
279.6014887177348
 10
116.9468269936856
 20
279.6791715077733
 10
116.89185066047169
 20
279.7566022514036
 10
116.83652039476273
 20
279.8337804809422
 10
116.78083897870636
 20
279.9107057529166
 10
116.72480918053114
 20
279.9873776475189
 10
116.6684337541447
 20
280.06379576806063
 10
116.61171543874951
 20
280.13995974042854
 10
116.55465695847566
 20
280.21586921254163
 10
116.49726102203051
 20
280.29152385381076
 10
116.43953032236489
 20
280.3669233545993
 10
116.38146753635537
 20
280.44206742568736
 10
116.32307532450247
 20
280.51695579773775
 10
116.26435633064432
 20
280.5915882207655
 10
116.20531318168536
 20
280.66596446361024
 10
116.14594848734006
 20
280.7400843134122
 10
116.08626483989092
 20
280.8139475750915
 10
116.02626481396064
 20
280.8875540708317
 10
115.96595096629807
 20
280.9609036395668
 10
115.90532583557754
 20
281.03399613647304
 10
115.84439194210876
 20
281.10683143237816
 10
115.78315178186537
 20
281.1794094083613
 10
115.72160782644235
 20
281.2517299552056
 10
115.6597625346717
 20
281.32379298283075
 10
115.59761835333592
 20
281.39559842071526
 10
115.5351777168682
 20
281.46714621746224
 10
115.47244304706541
 20
281.5384363403682
 10
115.40941675281353
 20
281.60946877499214
 10
115.34610122982525
 20
281.6802435247278
 10
115.28249886038982
 20
281.75076061037703
 10
115.21861201313448
 20
281.82102006972576
 10
115.15444304279755
 20
281.8910219571231
 10
115.08999429001302
 20
281.9607663430619
 10
115.02526808110609
 20
282.0302533137634
 10
114.96026672789966
 20
282.09948297076403
 10
114.89499252753158
 20
282.16845543050584
 10
114.82944776228221
 20
282.23717082392994
 10
114.7636346994123
 20
282.3056292960737
 10
114.69755559101066
 20
282.37383100567115
 10
114.63121267385179
 20
282.4417761247576
 10
114.56460816926284
 20
282.5094648382774
 10
114.49774428299983
 20
282.5768973436959
 10
114.43062320513305
 20
282.64407385061577
 10
114.363247109941
 20
282.71099458039646
 10
114.29561814892418
 20
282.77765975877367
 10
114.22773839840926
 20
282.84406956180044
 10
114.15960989232596
 20
282.9102241475675
 10
114.09123465417578
 20
282.9761236882159
 10
114.02261469711723
 20
283.041768369898
 10
113.95375202378715
 20
283.1071583924646
 10
113.88464862612986
 20
283.1722939691541
 10
113.81530648523409
 20
283.23717532628325
 10
113.74572757117726
 20
283.30180270293977
 10
113.67591384287738
 20
283.36617635067745
 10
113.60586724795209
 20
283.43029653321236
 10
113.53558972258489
 20
283.4941635261224
 10
113.46508319139828
 20
283.55777761654844
 10
113.39434956733403
 20
283.62113910289787
 10
113.32339075153982
 20
283.6842482945511
 10
113.25220863326274
 20
283.7471055115701
 10
113.18080508974916
 20
283.8097110844101
 10
113.1091819861509
 20
283.8720653536334
 10
113.03734117543753
 20
283.9341686696265
 10
112.96528449831489
 20
283.99602139231973
 10
112.89301378314919
 20
284.0576238909099
 10
112.82053084589724
 20
284.1189765435859
 10
112.747837490042
 20
284.18007973725736
 10
112.67493550653383
 20
284.2409338672861
 10
112.601826673504
 20
284.30153933693936
 10
112.52851273858151
 20
284.3618965356734
 10
112.45499540768671
 20
284.4220058246683
 10
112.38127637362932
 20
284.48186757084295
 10
112.30735731904741
 20
284.54148215025725
 10
112.23323991632657
 20
284.6008499478758
 10
112.15892582752394
 20
284.6599713573334
 10
112.08441670429713
 20
284.7188467807031
 10
112.0097141878375
 20
284.7774766282662
 10
111.93481990880838
 20
284.8358613182849
 10
111.85973548728747
 20
284.89400127677686
 10
111.78446253271376
 20
284.9518969372924
 10
111.70900264383866
 20
285.00954874069396
 10
111.6333574086813
 20
285.06695713493804
 10
111.55752840448797
 20
285.12412257485977
 10
111.48151719769541
 20
285.1810455219595
 10
111.4053253438981
 20
285.2377264441925
 10
111.3289543878193
 20
285.29416581576083
 10
111.25240586328565
 20
285.35036411690766
 10
111.17568129320567
 20
285.4063218337145
 10
111.0987821895514
 20
285.46203945790086
 10
111.02171005334367
 20
285.5175174866264
 10
110.94446637464064
 20
285.57275642229575
 10
110.86705263252956
 20
285.62775677236607
 10
110.78947029512163
 20
285.68251904915724
 10
110.71172081954992
 20
285.737043769664
 10
110.63380562096779
 20
285.7913314108017
 10
110.55572596795699
 20
285.84538225703903
 10
110.47748308653206
 20
285.89919654642813
 10
110.39907819909908
 20
285.952774526099
 10
110.32051252435117
 20
286.00611645213525
 10
110.24178727716492
 20
286.05922258944685
 10
110.1629036684993
 20
286.1120932116429
 10
110.0838629052971
 20
286.1647286009044
 10
110.00466619038879
 20
286.2171290478566
 10
109.92531472239895
 20
286.26929485144115
 10
109.84580969565503
 20
286.3212263187887
 10
109.76615230009861
 20
286.37292376509134
 10
109.68634372119915
 20
286.42438751347447
 10
109.60638513987004
 20
286.4756178948698
 10
109.52627773238709
 20
286.526615247888
 10
109.44602267030945
 20
286.5773799186911
 10
109.36562112040278
 20
286.62791226086625
 10
109.28507424456488
 20
286.67821263529856
 10
109.20438319975352
 20
286.728281410045
 10
109.12354913791665
 20
286.7781189602085
 10
109.04257320592487
 20
286.8277256678123
 10
108.96145654550611
 20
286.8771019216751
 10
108.88020029318261
 20
286.926248117286
 10
108.79880558021003
 20
286.9751646566807
 10
108.71727353251886
 20
287.0238519483178
 10
108.63560527065778
 20
287.072310406956
 10
108.55380192696438
 20
287.1205404828047
 10
108.4718647751767
 20
287.1685428835178
 10
108.38979515087831
 20
287.2163184436467
 10
108.307594373823
 20
287.2638679934811
 10
108.22526374749663
 20
287.31119235787776
 10
108.14280455931204
 20
287.35829235616575
 10
108.06021808080212
 20
287.40516880205433
 10
107.9775055678113
 20
287.4518225035438
 10
107.89466826068544
 20
287.49825426283905
 10
107.81170738445967
 20
287.544464876266
 10
107.72862414904495
 20
287.5904551341897
 10
107.64541974941238
 20
287.63622582093615
 10
107.5620953657762
 20
287.6817777147147
 10
107.47865216377454
 20
287.72711158754464
 10
107.39509129464871
 20
287.772228205182
 10
107.31141389542044
 20
287.8171283270496
 10
107.22762108906747
 20
287.8618127061686
 10
107.1437139846971
 20
287.90628208909186
 10
107.0596936777181
 20
287.9505372158388
 10
106.97556125001053
 20
287.99457881983255
 10
106.89131777009393
 20
288.03840762783784
 10
106.80696429329352
 20
288.08202435990097
 10
106.72250186190453
 20
288.12542972929066
 10
106.63793150535469
 20
288.1686244424407
 10
106.55325424036491
 20
288.21160919889337
 10
106.46847107110801
 20
288.2543846912442
 10
106.38358298936565
 20
288.29695160508743
 10
106.29859092646159
 20
288.33931052201365
 10
106.21349529488961
 20
288.38146099121116
 10
106.12829621461323
 20
288.42340196464056
 10
106.0429938264486
 20
288.46513242201945
 10
105.95758829631585
 20
288.5066513802369
 10
105.87207981509223
 20
288.5479578939877
 10
105.78646859843964
 20
288.58905105637535
 10
105.70075488660694
 20
288.6299299994836
 10
105.6149389442077
 20
288.670593894915
 10
105.52902105997325
 20
288.7110419542958
 10
105.44300154648182
 20
288.7512734297464
 10
105.3568807398642
 20
288.7912876143161
 10
105.27065899948639
 20
288.83108384238216
 10
105.18433670760989
 20
288.8706614900116
 10
105.09791426903037
 20
288.91001997528633
 10
105.01139211069524
 20
288.9491587585899
 10
104.92477068130094
 20
288.98807734285595
 10
104.83805045087081
 20
289.0267752737791
 10
104.75123191031427
 20
289.0652521399855
 10
104.6643155709682
 20
289.1035075731658
 10
104.5773019641213
 20
289.1415412481681
 10
104.4901916405227
 20
289.17935288305256
 10
104.40298516987524
 20
289.2169422391063
 10
104.3156831403149
 20
289.2543091208203
 10
104.22828615787704
 20
289.2914533758272
 10
104.14079484595061
 20
289.32837489480085
 10
104.0532098447213
 20
289.36507361131856
 10
103.9655318106047
 20
289.4015495016853
 10
103.877761594503
 20
289.4378030185851
 10
103.78990121788254
 20
289.47383748459845
 10
103.70195309674544
 20
289.50965726541085
 10
103.61391954893068
 20
289.54526658084853
 10
103.52580279807232
 20
289.58066950831306
 10
103.43760497863938
 20
289.6158699892927
 10
103.34932814064786
 20
289.65087183551134
 10
103.26097425407035
 20
289.68567873473864
 10
103.17254521296671
 20
289.72029425628523
 10
103.08404283935694
 20
289.7547218562054
 10
102.99546888685553
 20
289.78896488222523
 10
102.90682504408556
 20
289.82302657841785
 10
102.81811293788834
 20
289.8569100896399
 10
102.72933413634416
 20
289.8906184657481
 10
102.64049015161753
 20
289.9241546656095
 10
102.55158244264
 20
289.9575215609202
 10
102.46261241764213
 20
289.99072193984597
 10
102.3735814365456
 20
290.023758510497
 10
102.28449081322552
 20
290.056633904249
 10
102.19534181765232
 20
290.0893506789224
 10
102.10613567792217
 20
290.12191132182943
 10
102.01687358218363
 20
290.15431825270065
 10
101.92755668046881
 20
290.1865738265002
 10
101.83818608643568
 20
290.21868033614027
 10
101.74876287902879
 20
290.25064001510344
 10
101.65928810406456
 20
290.28245503998363
 10
101.5697627757475
 20
290.31412753295393
 10
101.48018787812327
 20
290.3456595641718
 10
101.39056435270189
 20
290.3770531147281
 10
101.30089147422197
 20
290.4083054098805
 10
101.21116537860846
 20
290.43940458170346
 10
101.12138196182039
 20
290.4703378712762
 10
101.03153728400835
 20
290.5010927700125
 10
100.94162760482718
 20
290.53165711358145
 10
100.85164941645617
 20
290.5620191737902
 10
100.76159947354483
 20
290.5921677465408
 10
100.67147481938785
 20
290.6220922340372
 10
100.58127280774825
 20
290.65178271955796
 10
100.49099111988915
 20
290.6812300333132
 10
100.40062777653202
 20
290.71042580817203
 10
100.3101811446261
 20
290.7393625243492
 10
100.21964993897842
 20
290.7680335424765
 10
100.12903321894954
 20
290.79643312482875
 10
100.0383303805574
 20
290.8245564448088
 10
99.94754114444652
 20
290.85239958511215
 10
99.85666554026601
 20
290.879959525266
 10
99.76570388805797
 20
290.90723411946936
 10
99.67465677728602
 20
290.93422206583597
 10
99.5835250441356
 20
290.96092286826456
 10
99.49230974769556
 20
290.9873367922261
 10
99.4010121455891
 20
291.0134648157755
 10
99.30963366956618
 20
291.039308577063
 10
99.21817590150366
 20
291.06487031955857
 10
99.12664055018868
 20
291.09015283610177
 10
99.03502942918757
 20
291.11515941277963
 10
98.94334443603269
 20
291.139893773501
 10
98.85158753289349
 20
291.1643600260054
 10
98.75976072884329
 20
291.1885626099279
 10
98.66786693229488
 20
291.21250958958893
 10
98.57591202811136
 20
291.23622085682314
 10
98.48390188969739
 20
291.2597168941471
 10
98.39184167863176
 20
291.2830159818659
 10
98.29973597440085
 20
291.30613458265117
 10
98.20758887835414
 20
291.32908765577355
 10
98.11540409837966
 20
291.35188891828807
 10
98.02318501909426
 20
291.3745510662364
 10
97.93093476117517
 20
291.3970859660035
 10
97.83865623265581
 20
291.4195048239723
 10
97.74635217446829
 20
291.44181834131325
 10
97.65402520217134
 20
291.4640368599844
 10
97.56167784562047
 20
291.4861705057387
 10
97.46931258830219
 20
291.5082293341245
 10
97.37693190817494
 20
291.5302234861918
 10
97.28453832216697
 20
291.55216336202864
 10
97.19213443704295
 20
291.5740598226191
 10
97.09972301028893
 20
291.5959244343203
 10
97.00730702619363
 20
291.61776977633554
 10
96.91488979481147
 20
291.63960984137884
 10
96.82247508568753
 20
291.6614605759688
 10
96.73006731546882
 20
291.68334063451147
 10
96.63767182153981
 20
291.70527247055225
 10
96.54529527836964
 20
291.7272839802496
 10
96.45294636241098
 20
291.7494110940136
 10
96.36063687727098
 20
291.77170209547546
 10
96.26838380096633
 20
291.79422533442346
 10
96.17621338299382
 20
291.8170843073185
 10
96.08417050797743
 20
291.84045109847017
 10
95.99234438898563
 20
291.864654214256
 10
95.90085612625279
 20
291.89010380131043
 10
95.80964640392895
 20
291.916536618447
 10
95.71830431127432
 20
291.94250481979395
 10
95.62637457267323
 20
291.96630111123625
 10
95.53385151570177
 20
291.9876789129927
 10
95.44092858133557
 20
292.0072510987448
 10
95.34775509010392
 20
292.02559629871183
 10
95.25441934511156
 20
292.04309856319895
 10
95.16097294843622
 20
292.06000068273323
 10
95.06744739741501
 20
292.07645947222386
 10
94.97386291815543
 20
292.09257997947947
 10
94.88023311371819
 20
292.10843520065583
 10
94.78656750339557
 20
292.12407755979694
 10
94.69287297621474
 20
292.1395458026189
 10
94.59915466137944
 20
292.15486928337674
 10
94.50541647125928
 20
292.17007072184606
 10
94.41166145255355
 20
292.18516803190903
 10
94.31789202070685
 20
292.2001755684539
 10
94.22411012080737
 20
292.21510499893117
 10
94.13031734076748
 20
292.22996592615516
 10
94.03651499268656
 20
292.2447663422223
 10
93.94270417248266
 20
292.2595129652501
 10
93.84888580435872
 20
292.27421149319866
 10
93.75506067447941
 20
292.28886679796443
 10
93.66122945683682
 20
292.3034830757524
 10
93.56739273337041
 20
292.31806396496665
 10
93.47355100980013
 20
292.3326126396445
 10
93.37970472821809
 20
292.34713188424877
 10
93.28585427720043
 20
292.36162415408717
 10
93.19200000000001
 20
292.3760916245349
  0
LWPOLYLINE
  5
DA
330
17
100
AcDbEntity
  8
01-VISIBLE
100
AcDbPolyline
 90
401
 70
0
 10
50.19200000000001
 20
270.02390837546506
 10
50.19229675513066
 20
270.1188705556157
 10
50.19318783884257
 20
270.21382901796886
 10
50.194674357457856
 20
270.3087800251182
 10
50.19675725433612
 20
270.40371982153795
 10
50.199437308269275
 20
270.4986446372387
 10
50.202715132083206
 20
270.59355069147864
 10
50.20659117145106
 20
270.68843419651955
 10
50.21106570392247
 20
270.7832913614217
 10
50.21613883817228
 20
270.8781183958663
 10
50.22181051347145
 20
270.97291151399793
 10
50.22808049938238
 20
271.0676669382767
 10
50.23494839567981
 20
271.16238090333144
 10
50.242413632497886
 20
271.2570496598046
 10
50.250475470703265
 20
271.3516694781792
 10
50.25913300262065
 20
271.44623665256654
 10
50.26838515326392
 20
271.54074750442817
 10
50.27823068173763
 20
271.6351983862366
 10
50.288668183705255
 20
271.7295856849948
 10
50.299696088863925
 20
271.82390582623987
 10
50.31131266997898
 20
271.9181552767201
 10
50.323516030535856
 20
272.01233054956526
 10
50.33630410654289
 20
272.10642820786666
 10
50.34967480947801
 20
272.20044484811484
 10
50.36362609651319
 20
272.29437709006936
 10
50.37815597190665
 20
272.38822157499413
 10
50.39326248726263
 20
272.4819749640421
 10
50.40894374148527
 20
272.5756339366924
 10
50.42519788069512
 20
272.66919518920395
 10
50.4420230981095
 20
272.7626554330857
 10
50.4594176338876
 20
272.8560113935837
 10
50.47737977494139
 20
272.94925980818516
 10
50.495907854713266
 20
273.0423974251395
 10
50.51500025292114
 20
273.13542100199675
 10
50.53465539645064
 20
273.2283273039116
 10
50.55487176115491
 20
273.32111310172814
 10
50.57564786867533
 20
273.41377517111954
 10
50.59698228746826
 20
273.50631029085935
 10
50.61887363265477
 20
273.598715241338
 10
50.64132057069135
 20
273.6909868019031
 10
50.664321789434624
 20
273.7831217567044
 10
50.68787607560927
 20
273.8751168740087
 10
50.71198172032188
 20
273.96696905975466
 10
50.73663619000827
 20
274.05867545781683
 10
50.76183678787025
 20
274.1502332884897
 10
50.78758084198247
 20
274.241639799983
 10
50.81386566088725
 20
274.3328922801375
 10
50.840688546086746
 20
274.42398805304526
 10
50.86804679393291
 20
274.5149244784126
 10
50.89593769806146
 20
274.6056989507117
 10
50.92435855038358
 20
274.69630889871297
 10
50.953306641364335
 20
274.7867517852219
 10
50.98277926014685
 20
274.8770251068643
 10
51.01277369490941
 20
274.9671263937978
 10
51.043287233670235
 20
275.0570532092663
 10
51.074317165581554
 20
275.14680314896776
 10
51.10586078258241
 20
275.23637384026017
 10
51.13791538110743
 20
275.3257629413022
 10
51.17047826337863
 20
275.41496814029733
 10
51.2035467376385
 20
275.50398715509715
 10
51.23711811651621
 20
275.5928177335089
 10
51.27118971255501
 20
275.6814576547537
 10
51.30575882976801
 20
275.76990473262845
 10
51.34082264678813
 20
275.8581568621604
 10
51.37637810486689
 20
275.94621206767465
 10
51.41242215032619
 20
276.03406840944234
 10
51.44895173972374
 20
276.12172398133
 10
51.4859638405991
 20
276.20917691012016
 10
51.523455432211655
 20
276.29642535481844
 10
51.56142350625595
 20
276.3834675059522
 10
51.59986506755457
 20
276.47030158486257
 10
51.63877713472855
 20
276.55692584299015
 10
51.67815674084566
 20
276.64333856115405
 10
51.71800093404644
 20
276.72953804882644
 10
51.75830677814851
 20
276.8155226434017
 10
51.79907135322902
 20
276.9012907094615
 10
51.840291756185636
 20
276.9868406380359
 10
51.88196510127169
 20
277.07217084586415
 10
51.92408852024385
 20
277.15727977483306
 10
51.96665916328585
 20
277.24216589102605
 10
52.009674199485865
 20
277.32682768397285
 10
52.053130816945824
 20
277.411263666077
 10
52.097026215050086
 20
277.4954723761341
 10
52.14135765030828
 20
277.57945235479747
 10
52.18612225599383
 20
277.6632022396435
 10
52.231316996114316
 20
277.74672079311546
 10
52.27693877733797
 20
277.8300068457457
 10
52.32298450686279
 20
277.91305926564826
 10
52.369451110471694
 20
277.9958769484251
 10
52.41633552867025
 20
278.07845881891
 10
52.46363470925529
 20
278.1608038350849
 10
52.51134561295743
 20
278.2429109846458
 10
52.55946521598776
 20
278.3247792832255
 10
52.60799050734946
 20
278.4064077756277
 10
52.656918490805346
 20
278.4877955343662
 10
52.70624618521024
 20
278.5689416591326
 10
52.75597062500352
 20
278.6498452761588
 10
52.80608886068418
 20
278.7305055375774
 10
52.856597959268676
 20
278.8109216207797
 10
52.90749500473173
 20
278.8910927277724
 10
52.95877709843029
 20
278.9710180845338
 10
53.010441359510864
 20
279.0506969403683
 10
53.062484925300524
 20
279.1301285672611
 10
53.11490495168172
 20
279.2093122592329
 10
53.16769861345117
 20
279.2882473316941
 10
53.22086310667291
 20
279.3669331194392
 10
53.27439562599585
 20
279.44536899169395
 10
53.32829333425951
 20
279.5235543731575
 10
53.38255340071407
 20
279.60148871839385
 10
53.437173005093626
 20
279.6791715089203
 10
53.49214933869194
 20
279.75660225227927
 10
53.54747960533216
 20
279.83378048115225
 10
53.60316102221725
 20
279.910705752529
 10
53.65919082064831
 20
279.9873776469468
 10
53.71556624659881
 20
280.0637957678126
 10
53.77228456113337
 20
280.13995974082354
 10
53.82934304066062
 20
280.21586921349973
 10
53.88673897701001
 20
280.2915238548431
 10
53.944469677323426
 20
280.3669233551375
 10
54.00253246380396
 20
280.44206742586425
 10
54.06092467600138
 20
280.516955797648
 10
54.11964367010869
 20
280.59158822048204
 10
54.17868681892314
 20
280.66596446344386
 10
54.23805151282797
 20
280.7400843136008
 10
54.2977351598328
 20
280.8139475756412
 10
54.35773518560594
 20
280.8875540715114
 10
54.41804903349873
 20
280.9609036400592
 10
54.47867416456227
 20
281.0339961366832
 10
54.539608057437846
 20
281.10683143308734
 10
54.60084821766443
 20
281.1794094090864
 10
54.6623921734874
 20
281.2517299555924
 10
54.72423746560003
 20
281.3237929829264
 10
54.7863816470707
 20
281.3955984206965
 10
54.8488222834915
 20
281.46714621748674
 10
54.91155695315964
 20
281.5384363405134
 10
54.9745832472846
 20
281.60946877525225
 10
55.03789877021434
 20
281.68024352504244
 10
55.101501139673786
 20
281.75076061067216
 10
55.16538798700958
 20
281.82102006995
 10
55.22955695743485
 20
281.89102195726855
 10
55.29400571026838
 20
281.96076634316444
 10
55.358731919162544
 20
282.03025331388017
 10
55.42373327231482
 20
282.09948297093393
 10
55.4890074726608
 20
282.1684554306989
 10
55.55455223801387
 20
282.23717082402635
 10
55.62036530091444
 20
282.305629296143
 10
55.68644440921554
 20
282.37383100584026
 10
55.75278732624399
 20
282.4417761250564
 10
55.819391830800626
 20
282.5094648386102
 10
55.88625571715565
 20
282.57689734393983
 10
55.953376795342095
 20
282.644073850542
 10
56.02075288724792
 20
282.7109945836376
 10
56.08838185011331
 20
282.7776597601348
 10
56.15626160439518
 20
282.8440695593165
 10
56.22439010939985
 20
282.91022414619925
 10
56.2927653448275
 20
282.9761236896745
 10
56.36138530110573
 20
283.0417683721729
 10
56.430247976057835
 20
283.1071583930327
 10
56.49935137561206
 20
283.17229396771285
 10
56.56869351641506
 20
283.2371753249452
 10
56.638272428365696
 20
283.3018027038725
 10
56.70808615523407
 20
283.3661763531635
 10
56.778132751675585
 20
283.4302965340429
 10
56.84841027776962
 20
283.49416352615697
 10
56.91891680951265
 20
283.55777761596863
 10
56.9896504340001
 20
283.62113910184837
 10
57.06060924980123
 20
283.6842482934966
 10
57.131791367659986
 20
283.7471055109921
 10
57.20319491049962
 20
283.8097110846034
 10
57.274818013424024
 20
283.8720653546032
 10
57.34665882371593
 20
283.9341686710861
 10
57.418715500831865
 20
283.9960213937894
 10
57.49098621639435
 20
284.0576238919164
 10
57.56346915418094
 20
284.1189765439634
 10
57.63616251062176
 20
284.18007973693994
 10
57.70906449304262
 20
284.24093386827815
 10
57.782173323639284
 20
284.3015393408646
 10
57.85548726185725
 20
284.36189653559734
 10
57.9290045948013
 20
284.4220058220905
 10
58.002723628190346
 20
284.4818675690924
 10
58.0766426809473
 20
284.54148215077237
 10
58.15076008239873
 20
284.60084994997754
 10
58.22507417122978
 20
284.65997135940114
 10
58.299583295500426
 20
284.71884678145204
 10
58.37428581318025
 20
284.77747662746333
 10
58.449180092800006
 20
284.8358613167278
 10
58.52426451395057
 20
284.89400127570144
 10
58.59953746748313
 20
284.9518969375736
 10
58.674997355378785
 20
285.00954874225954
 10
58.75064259036154
 20
285.0669571367357
 10
58.82647159542681
 20
285.1241225755029
 10
58.902482803547024
 20
285.18104552083264
 10
58.9786746578981
 20
285.2377264423251
 10
59.0550456130256
 20
285.2941658151844
 10
59.1315941370719
 20
285.3503641169962
 10
59.208318707747495
 20
285.4063218329891
 10
59.28521781178681
 20
285.4620394566473
 10
59.362289947689874
 20
285.5175174857995
 10
59.43953362542614
 20
285.572756422824
 10
59.5169473663819
 20
285.6277567745232
 10
59.59452970330659
 20
285.6825190520009
 10
59.67227918025763
 20
285.7370437705418
 10
59.75019437952496
 20
285.79133141070037
 10
59.82827403308416
 20
285.84538225614835
 10
59.906516914965835
 20
285.8991965448765
 10
59.98492180253622
 20
285.95277452434954
 10
60.063487477049534
 20
286.00611645073457
 10
60.142212723702784
 20
286.0592225888395
 10
60.221096331689495
 20
286.1120932120515
 10
60.300137094252314
 20
286.16472860227606
 10
60.37933380873465
 20
286.2171290498748
 10
60.458685276631044
 20
286.26929485360426
 10
60.53819030363668
 20
286.321226320554
 10
60.61784769969561
 20
286.37292376608525
 10
60.69765627904812
 20
286.42438751376903
 10
60.77761486048358
 20
286.4756178950016
 10
60.85772226811841
 20
286.5266152477843
 10
60.93797733028575
 20
286.57737991844886
 10
61.01837888015036
 20
286.6279122606942
 10
61.09892575583652
 20
286.67821263537263
 10
61.17961680046065
 20
286.72828141042396
 10
61.26045086216271
 20
286.7781189608092
 10
61.34142679413688
 20
286.8277256684449
 10
61.42254345466084
 20
286.87710192213797
 10
61.50379970712437
 20
286.9262481175206
 10
61.585194422709776
 20
286.97516465256496
 10
61.66672646586372
 20
287.02385195181046
 10
61.74839473121965
 20
287.07231040454855
 10
61.83019807280104
 20
287.12054048399625
 10
61.91213522459927
 20
287.1685428846863
 10
61.99420485043517
 20
287.21631844218257
 10
62.076405625432685
 20
287.2638679955756
 10
62.15873625290506
 20
287.31119235798394
 10
62.24119544152062
 20
287.3582923555206
 10
62.323781920485715
 20
287.4051688006107
 10
62.4064944336848
 20
287.45182250173457
 10
62.48933174069715
 20
287.49825426123607
 10
62.57229261653993
 20
287.54446487535415
 10
62.65537585142451
 20
287.5904551342392
 10
62.73858025052577
 20
287.6362258219548
 10
62.821904633763694
 20
287.6817777164652
 10
62.905347835596785
 20
287.7271115896086
 10
62.98890870482697
 20
287.77222820705595
 10
63.07258610441531
 20
287.8171283282558
 10
63.15637891130828
 20
287.86181270636564
 10
63.24028601627406
 20
287.90628208816895
 10
63.324306323748424
 20
287.95053721397926
 10
63.4084387516899
 20
287.9945788175301
 10
63.49268223144372
 20
288.0384076258523
 10
63.57703570761426
 20
288.08202435913773
 10
63.661498137945394
 20
288.12542973058993
 10
63.74606849320885
 20
288.1686244462623
 10
63.830745757099635
 20
288.21160920488313
 10
63.91552892613865
 20
288.2543846976681
 10
64.00041700958195
 20
288.2969516081204
 10
64.08540907369354
 20
288.33931052263347
 10
64.17050470426001
 20
288.3814609938653
 10
64.25570378329564
 20
288.42340196981894
 10
64.34100617042827
 20
288.46513242931076
 10
64.42641169998419
 20
288.506651388718
 10
64.511920181179
 20
288.54795790253166
 10
64.59753139832958
 20
288.58905106388517
 10
64.68324511108699
 20
288.62993000505793
 10
64.76906105468957
 20
288.6705938979535
 10
64.85497894023635
 20
288.71104195455064
 10
64.94099845498005
 20
288.7512734273278
 10
65.02711926263933
 20
288.7912876096599
 10
65.1133410037298
 20
288.83108383618634
 10
65.19966329591324
 20
288.87066148315085
 10
65.28608573436449
 20
288.9100199687118
 10
65.37260789215546
 20
288.9491587532228
 10
65.45922932065558
 20
288.98807733948354
 10
65.54594954994809
 20
289.0267752729603
 10
65.63276808926145
 20
289.065252141976
 10
65.71968442741513
 20
289.1035075778694
 10
65.80669803327939
 20
289.14154125512357
 10
65.89380835624767
 20
289.17935289146374
 10
65.98101482672139
 20
289.2169422479241
 10
66.06831685660626
 20
289.2543091288835
 10
66.15571383981897
 20
289.2914533820709
 10
66.243205152804
 20
289.3283748985402
 10
66.33079015505922
 20
289.3650736126141
 10
66.41846818966974
 20
289.4015495017991
 10
66.50623840517432
 20
289.4378030201639
 10
66.59409878281217
 20
289.47383748369964
 10
66.6820469032332
 20
289.5096572662757
 10
66.77008045160571
 20
289.5452665803373
 10
66.85819720187983
 20
289.5806695092628
 10
66.94639502154669
 20
289.6158699896615
 10
67.03467185896554
 20
289.6508718373287
 10
67.12302574569843
 20
289.68567873616485
 10
67.2114547875654
 20
289.72029425576574
 10
67.29995716163421
 20
289.7547218545114
 10
67.38853111376783
 20
289.78896488148814
 10
67.47717495621045
 20
289.8230265785362
 10
67.5658870623964
 20
289.85691008979245
 10
67.65466586394668
 20
289.89061846588925
 10
67.74350984869073
 20
289.9241546657092
 10
67.83241755767713
 20
289.9575215610011
 10
67.92138758266745
 20
289.9907219399518
 10
68.01041856375099
 20
290.0237585106426
 10
68.09950918707153
 20
290.05663390439827
 10
68.18865818265883
 20
290.089350679038
 10
68.27786432207512
 20
290.1219113228102
 10
68.36712641809133
 20
290.1543182529205
 10
68.45644332012496
 20
290.18657382584297
 10
68.54581391382726
 20
290.2186803364094
 10
68.63523712098143
 20
290.25064001608393
 10
68.72471189642036
 20
290.2824550396334
 10
68.81423722495302
 20
290.3141275320007
 10
68.90381212126249
 20
290.34565956695974
 10
68.99343564763718
 20
290.37705311479573
 10
69.08310852637315
 20
290.4083054092184
 10
69.17283462206922
 20
290.43940458080874
 10
69.26261803867047
 20
290.47033787092914
 10
69.35246271621722
 20
290.50109277044555
 10
69.44237239524854
 20
290.53165711446013
 10
69.53235058366059
 20
290.5620191745521
 10
69.62240052675237
 20
290.5921677467688
 10
69.71252518110634
 20
290.6220922336774
 10
69.80272719284088
 20
290.65178271891534
 10
69.89300888063984
 20
290.68123003286075
 10
69.98337222381915
 20
290.71042580827555
 10
70.0738188555384
 20
290.73936252504143
 10
70.16435006111479
 20
290.76803354339893
 10
70.25496678125481
 20
290.7964331254017
 10
70.34566961989238
 20
290.82455644459566
 10
70.43645885621538
 20
290.85239958421334
 10
70.52733446037999
 20
290.8799595244263
 10
70.6182961123543
 20
290.9072341194152
 10
70.70934322305934
 20
290.934222066013
 10
70.8004749561953
 20
290.9609228684966
 10
70.8916902526741
 20
290.9873367923301
 10
70.98298785481063
 20
291.0134648157806
 10
71.07436633082101
 20
291.0393085771188
 10
71.16582409885255
 20
291.06487031973137
 10
71.2573594501624
 20
291.09015283629924
 10
71.34897057119682
 20
291.1151594128613
 10
71.4406555643834
 20
291.13989377347167
 10
71.53241246750459
 20
291.1643600260503
 10
71.62423931586139
 20
291.18856244128585
 10
71.7161330516427
 20
291.2125096545601
 10
71.8080879647644
 20
291.2362208867201
 10
71.90009811051777
 20
291.2597168954242
 10
71.99215832151896
 20
291.2830159834021
 10
72.08426402620321
 20
291.30613458238776
 10
72.17641112246531
 20
291.3290876546535
 10
72.26859590218729
 20
291.35188891819666
 10
72.36081498115345
 20
291.3745510674506
 10
72.45306523914682
 20
291.3970859669197
 10
72.54534376807607
 20
291.4195048232083
 10
72.63764782639299
 20
291.4418183400221
 10
72.72997479835283
 20
291.46403686010103
 10
72.8223221547911
 20
291.4861705063323
 10
72.9146874122148
 20
291.50822933428367
 10
73.0070680924389
 20
291.5302234859515
 10
73.09946167834276
 20
291.5521633622342
 10
73.1918655634045
 20
291.57405982309456
 10
73.28427699030483
 20
291.5959244341846
 10
73.37669297441786
 20
291.6177697761321
 10
73.46911020570342
 20
291.63960984159144
 10
73.56152491485055
 20
291.6614605760907
 10
73.65393268508365
 20
291.68334063457974
 10
73.74632817898184
 20
291.7052724707575
 10
73.83870472217666
 20
291.7272839803587
 10
73.93105363814534
 20
291.7494110940879
 10
74.02336312324994
 20
291.7717020957036
 10
74.11561619961162
 20
291.7942253344251
 10
74.20778661755243
 20
291.8170843074553
 10
74.29982949256947
 20
291.8404510986111
 10
74.39165559457098
 20
291.864654276216
 10
74.48314388502999
 20
291.8901037617596
 10
74.5743535960266
 20
291.9165366184341
 10
74.66569568870294
 20
291.9425048197087
 10
74.75762542729657
 20
291.9663011111792
 10
74.85014848424686
 20
291.9876789130349
 10
74.94307141861758
 20
292.00725109877936
 10
75.03624490981383
 20
292.0255962989377
 10
75.12958065488243
 20
292.0430985630266
 10
75.22302705150648
 20
292.06000068285385
 10
75.31655260256332
 20
292.076459472151
 10
75.41013708181609
 20
292.0925799794569
 10
75.50376688623733
 20
292.10843520073695
 10
75.59743249659965
 20
292.12407755965086
 10
75.69112702377022
 20
292.1395458025445
 10
75.78484533862324
 20
292.15486928320473
 10
75.87858352871214
 20
292.1700707218773
 10
75.97233854740726
 20
292.18516803201646
 10
76.0661079792704
 20
292.20017556846915
 10
76.15988987918607
 20
292.2151049988554
 10
76.25368265922658
 20
292.22996592608627
 10
76.34748500729776
 20
292.2447663422256
 10
76.44129582749483
 20
292.25951296530764
 10
76.53511419562213
 20
292.2742114932456
 10
76.62893932551174
 20
292.28886679795625
 10
76.72277054316254
 20
292.3034830757024
 10
76.81660726662884
 20
292.31806396492806
 10
76.91044899019295
 20
292.3326126396567
 10
77.00429527177137
 20
292.3471318842953
 10
77.09814572279359
 20
292.36162415411513
 10
77.19200000000001
 20
292.37609162453487
  0
LINE
  5
DB
330
17
100
AcDbEntity
  8
01-VISIBLE
100
AcDbLine
 10
93.19200000000001
 20
292.3760916245349
 30
0.0
 11
93.19200000000001
 21
291.7305038998343
 31
0.0
  0
LWPOLYLINE
  5
DC
330
17
100
AcDbEntity
  8
01-VISIBLE
100
AcDbPolyline
 90
401
 70
0
 10
93.19200000000001
 20
291.7305038998343
 10
93.28336241908292
 20
291.71620973123015
 10
93.37469848624666
 20
291.7017481370985
 10
93.46600785557105
 20
291.68711892193255
 10
93.55729018004979
 20
291.67232189204174
 10
93.64854511160013
 20
291.6573568555688
 10
93.7397723010727
 20
291.64222362250666
 10
93.83097139826154
 20
291.6269220047157
 10
93.92214205191425
 20
291.61145181594037
 10
94.01328390974234
 20
291.59581287182647
 10
94.10439661843174
 20
291.58000498993766
 10
94.19547982365337
 20
291.5640279897726
 10
94.2865331700741
 20
291.5478816927814
 10
94.37755630136763
 20
291.5315659223827
 10
94.46854886022567
 20
291.5150805039798
 10
94.55951048836928
 20
291.4984252649779
 10
94.65044082656031
 20
291.48160003480024
 10
94.74133951461303
 20
291.4646046449045
 10
94.83220619140596
 20
291.44743892879956
 10
94.92304049489383
 20
291.4301027220615
 10
95.01384206211964
 20
291.4125958623502
 10
95.10461052922706
 20
291.3949181894251
 10
95.19534553147275
 20
291.37706954516176
 10
95.28604670323904
 20
291.3590497735677
 10
95.37671367804666
 20
291.34085872079817
 10
95.4673460885677
 20
291.3224962351724
 10
95.55794356663863
 20
291.3039621671892
 10
95.64850574327359
 20
291.28525636954254
 10
95.73903224867777
 20
291.2663786971372
 10
95.82952271226097
 20
291.24732900710455
 10
95.91997676265127
 20
291.22810715881747
 10
96.01039402686476
 20
291.2087130099825
 10
96.1007741209125
 20
291.18914637337343
 10
96.19111665261265
 20
291.169407031299
 10
96.28142122786585
 20
291.1494947652536
 10
96.37168745076038
 20
291.1294093564645
 10
96.4619149235639
 20
291.1091505859082
 10
96.55210324671523
 20
291.0887182343266
 10
96.64225201881628
 20
291.0681120822437
 10
96.73236083662393
 20
291.04733190998184
 10
96.82242929504221
 20
291.02637749767894
 10
96.91245698711442
 20
291.00524862530517
 10
97.00244350401542
 20
290.98394507268034
 10
97.09238843504393
 20
290.9624666194909
 10
97.18229136761508
 20
290.94081304530755
 10
97.2721518872529
 20
290.9189841296029
 10
97.36196957758312
 20
290.89697965176924
 10
97.45174402032576
 20
290.8747993911362
 10
97.5414747952882
 20
290.8524431269895
 10
97.63116148035809
 20
290.82991063858844
 10
97.72080365149648
 20
290.8072017051851
 10
97.8104008827311
 20
290.7843161060425
 10
97.89995274614967
 20
290.7612536204536
 10
97.98945881189337
 20
290.73801402776013
 10
98.07891864815052
 20
290.7145971073719
 10
98.16833182115019
 20
290.6910026387861
 10
98.25769789515618
 20
290.6672304016066
 10
98.3470164324609
 20
290.64328017556386
 10
98.4362869933796
 20
290.6191517405347
 10
98.52550913624452
 20
290.59484487656226
 10
98.6146824173994
 20
290.57035936387626
 10
98.70380638979591
 20
290.5456949778737
 10
98.79288059321085
 20
290.52085145424485
 10
98.88190455983981
 20
290.49582851010206
 10
98.97087781949867
 20
290.4706258629957
 10
99.05979989965236
 20
290.4452432310568
 10
99.14867032541143
 20
290.4196803330234
 10
99.23748861952885
 20
290.3939368882666
 10
99.32625430239698
 20
290.36801261681717
 10
99.41496689204487
 20
290.3419072393922
 10
99.50362590413565
 20
290.31562047742204
 10
99.59223085196425
 20
290.2891520530775
 10
99.68078124645534
 20
290.2625016892972
 10
99.76927659616143
 20
290.2356691098155
 10
99.85771640726132
 20
290.2086540391897
 10
99.94610018355877
 20
290.1814562028289
 10
100.03442742648127
 20
290.1540753270217
 10
100.12269763507938
 20
290.1265111389652
 10
100.21091030602595
 20
290.09876336679343
 10
100.29906493361594
 20
290.07083173960655
 10
100.38716100976622
 20
290.04271598749995
 10
100.47519802401591
 20
290.01441584159375
 10
100.56317546352678
 20
289.9859310340624
 10
100.651092813084
 20
289.9572612981647
 10
100.73894955509725
 20
289.9284063682739
 10
100.82674516960196
 20
289.8993659799077
 10
100.91447913426103
 20
289.8701398697592
 10
101.00215092436665
 20
289.84072777572754
 10
101.08976001284259
 20
289.81112943694865
 10
101.1773058702467
 20
289.7813445938268
 10
101.26478796427341
 20
289.75137298660934
 10
101.35220574611274
 20
289.7212143159445
 10
101.43955864836323
 20
289.6908682379536
 10
101.52684609956633
 20
289.6603344071028
 10
101.61406752500883
 20
289.62961247860545
 10
101.70122234671743
 20
289.5987021084598
 10
101.7883099834534
 20
289.5676029534869
 10
101.87532985070786
 20
289.5363146713688
 10
101.96228136069719
 20
289.5048369206871
 10
102.04916392235896
 20
289.4731693609622
 10
102.13597694134806
 20
289.4413116526927
 10
102.22271982003346
 20
289.4092634573953
 10
102.30939195749504
 20
289.37702443764476
 10
102.39599274952104
 20
289.34459425711486
 10
102.48252158860586
 20
289.31197258061934
 10
102.5689778639482
 20
289.2791590741531
 10
102.65536096144966
 20
289.24615340493415
 10
102.74167026371376
 20
289.21295524144597
 10
102.82790515004537
 20
289.1795642534796
 10
102.91406499645063
 20
289.14598011217714
 10
103.00014917563729
 20
289.11220249007465
 10
103.08615705701538
 20
289.0782310611462
 10
103.1720880066986
 20
289.04406550084775
 10
103.25794138750587
 20
289.0097054861617
 10
103.3437165589637
 20
288.97515069564196
 10
103.42941287730869
 20
288.9404008094588
 10
103.51502969549084
 20
288.90545550944483
 10
103.60056636317708
 20
288.8703144791408
 10
103.68602222675555
 20
288.834977403842
 10
103.77139662583832
 20
288.7994439622474
 10
103.85668887069714
 20
288.76371377285176
 10
103.94189825587863
 20
288.72778642781856
 10
104.02702407153546
 20
288.6916615204883
 10
104.11206560347492
 20
288.65533864556306
 10
104.19702213315449
 20
288.6188173991617
 10
104.28189293767824
 20
288.5820973788766
 10
104.36667728979351
 20
288.54517818383067
 10
104.4513744578886
 20
288.50805941473465
 10
104.53598370599076
 20
288.4707406739456
 10
104.620504293765
 20
288.4332215655257
 10
104.70493547651355
 20
288.3955016953017
 10
104.78927650517599
 20
288.3575806709248
 10
104.87352662633005
 20
288.31945810193184
 10
104.95768508219311
 20
288.2811335998061
 10
105.0417511106245
 20
288.24260677803943
 10
105.12572394512846
 20
288.2038772521948
 10
105.20960281485782
 20
288.16494463996935
 10
105.29338694461858
 20
288.12580856125834
 10
105.37707555487508
 20
288.08646863821906
 10
105.46066786175618
 20
288.0469244953362
 10
105.54416307706201
 20
288.0071757594871
 10
105.62756040827179
 20
287.9672220600079
 10
105.71085905855227
 20
287.9270630287603
 10
105.7940582267671
 20
287.88669830019876
 10
105.87715710748719
 20
287.84612751143834
 10
105.9601548910017
 20
287.8053503023231
 10
106.04305076333016
 20
287.764366315495
 10
106.12584389958147
 20
287.72317518311274
 10
106.20853343259367
 20
287.68177646458037
 10
106.29111847639687
 20
287.64016969500665
 10
106.37359813920389
 20
287.5983544116067
 10
106.45597152342151
 20
287.5563301538124
 10
106.53823772564857
 20
287.51409646335543
 10
106.62039583667519
 20
287.4716528843513
 10
106.70244494148287
 20
287.4289989633841
 10
106.78438411924589
 20
287.3861342495927
 10
106.8662124433337
 20
287.34305829475744
 10
106.94792898131456
 20
287.2997706533881
 10
107.02953279496022
 20
287.2562708828129
 10
107.11102294025191
 20
287.212558543268
 10
107.19239846738753
 20
287.1686331979888
 10
107.27365842079004
 20
287.1244944133013
 10
107.35480183911712
 20
287.08014175871506
 10
107.43582775527224
 20
287.03557480701676
 10
107.516735196417
 20
286.990793134365
 10
107.59752318398468
 20
286.94579632038557
 10
107.67819073369543
 20
286.90058394826826
 10
107.75873685557264
 20
286.855155604864
 10
107.83916055396091
 20
286.8095108807834
 10
107.91946082754538
 20
286.7636493704957
 10
107.9996366693725
 20
286.71757067242913
 10
108.07968706687257
 20
286.67127438907164
 10
108.15961100188339
 20
286.62476012707293
 10
108.23940745067593
 20
286.57802749734697
 10
108.31907537820109
 20
286.53107610538626
 10
108.39861369831176
 20
286.4839054844986
 10
108.4780212963631
 20
286.43651513558586
 10
108.55729704993715
 20
286.3889045626978
 10
108.63643982896706
 20
286.34107327336005
 10
108.71544849574147
 20
286.293020778697
 10
108.79432190491099
 20
286.24474659355593
 10
108.87305890349637
 20
286.1962502366333
 10
108.95165833089868
 20
286.14753123060177
 10
109.03011901891132
 20
286.0985891022395
 10
109.1084397917342
 20
286.0494233825603
 10
109.1866194659898
 20
286.0000336069458
 10
109.26465685074143
 20
285.95041931527874
 10
109.34255074751351
 20
285.9005800520778
 10
109.42029995031425
 20
285.850515366634
 10
109.4979032456603
 20
285.8002248131484
 10
109.57535941260383
 20
285.7497079508715
 10
109.65266722276198
 20
285.69896434424345
 10
109.72982544034849
 20
285.6479935630365
 10
109.80683282220801
 20
285.59679518249794
 10
109.88368811785263
 20
285.5453687834951
 10
109.96039006950109
 20
285.4937139526613
 10
110.03693741212051
 20
285.44183028254304
 10
110.11332887347069
 20
285.38971737174876
 10
110.18956317415119
 20
285.33737482509866
 10
110.2656390276509
 20
285.28480225377575
 10
110.3415551377234
 20
285.2319992716381
 10
110.41731015045924
 20
285.1789654269761
 10
110.49290265807119
 20
285.1257002097212
 10
110.56833124120084
 20
285.07220311293145
 10
110.64359447047373
 20
285.0184736351892
 10
110.71869090652052
 20
284.96451128078513
 10
110.79361910000135
 20
284.9103155599048
 10
110.86837759163362
 20
284.85588598881736
 10
110.94296491222306
 20
284.8012220900668
 10
111.0173795826983
 20
284.7463233926654
 10
111.09162011414912
 20
284.691189432289
 10
111.16568500786813
 20
284.6358197514751
 10
111.23957275539642
 20
284.5802138998229
 10
111.31328183857282
 20
284.5243714341952
 10
111.38681072958721
 20
284.4682919189228
 10
111.46015789103774
 20
284.41197492601077
 10
111.53332177599214
 20
284.355420035347
 10
111.60630082805318
 20
284.29862683491257
 10
111.67909348142838
 20
284.24159492099386
 10
111.75169816100409
 20
284.18432389839717
 10
111.82411328242387
 20
284.12681338066454
 10
111.89633725217143
 20
284.0690629902919
 10
111.96836846765828
 20
284.01107235894864
 10
112.04020531731571
 20
283.95284112769906
 10
112.11184618069191
 20
283.8943689472253
 10
112.18328942845878
 20
283.83565547793705
 10
112.25453340313962
 20
283.7767003668142
 10
112.32557639383637
 20
283.71750321777074
 10
112.39641667134984
 20
283.6580636350892
 10
112.46705249378229
 20
283.59838123046535
 10
112.5374821065767
 20
283.5384556232657
 10
112.6077037425611
 20
283.4782864407896
 10
112.67771562199813
 20
283.41787331853305
 10
112.74751595263982
 20
283.35721590045694
 10
112.81710292978784
 20
283.29631383925715
 10
112.8864747363594
 20
283.2351667966388
 10
112.95562954295877
 20
283.1737744435928
 10
113.02456550795483
 20
283.11213646067546
 10
113.09328077756443
 20
283.0502525382914
 10
113.16177348594205
 20
282.9881223769786
 10
113.23004175527578
 20
282.92574568769726
 10
113.29808369588957
 20
282.86312219212004
 10
113.3658974063523
 20
282.80025162292634
 10
113.43348097359336
 20
282.7371337240978
 10
113.50083247302523
 20
282.67376825121767
 10
113.56794996867299
 20
282.6101549717711
 10
113.6348315133111
 20
282.5462936654492
 10
113.70147514860737
 20
282.48218412445397
 10
113.76787890527433
 20
282.41782615380635
 10
113.83404080322833
 20
282.3532195716556
 10
113.89995883493725
 20
282.28836419253616
 10
113.96563084297952
 20
282.2232597045348
 10
114.03105458732138
 20
282.15790574087157
 10
114.09622781203117
 20
282.09230194858617
 10
114.1611482458985
 20
282.02644798941907
 10
114.22581360259778
 20
281.96034354022106
 10
114.29022158086246
 20
281.89398829336665
 10
114.35436986467018
 20
281.8273819571715
 10
114.41825612343918
 20
281.76052425631326
 10
114.48187801223605
 20
281.6934149322566
 10
114.54523317199528
 20
281.6260537436807
 10
114.60831922975052
 20
281.5584404669104
 10
114.67113379887823
 20
281.49057489635015
 10
114.7336744793535
 20
281.4224568449209
 10
114.79593885801864
 20
281.35408614449904
 10
114.85792450886453
 20
281.28546264635816
 10
114.91962899332503
 20
281.21658622161226
 10
114.98104986058468
 20
281.1474567616614
 10
115.04218464789989
 20
281.078074178638
 10
115.10303088093382
 20
281.00843840585554
 10
115.16358607410508
 20
280.9385493982567
 10
115.22384773095064
 20
280.8684071328635
 10
115.28381334450279
 20
280.79801160922676
 10
115.34348039851999
 20
280.7273628505822
 10
115.40284650693407
 20
280.65646102050005
 10
115.46190956432193
 20
280.5853065441575
 10
115.52066748139558
 20
280.5138998823857
 10
115.57911814684911
 20
280.4422414998813
 10
115.6372594273003
 20
280.3703318656743
 10
115.69508916723802
 20
280.2981714536021
 10
115.75260518897672
 20
280.22576074278726
 10
115.80980529261704
 20
280.1531002181209
 10
115.86668725601407
 20
280.0801903707512
 10
115.92324883475254
 20
280.0070316985766
 10
115.97948776212995
 20
279.93362470674515
 10
116.03540174914765
 20
279.8599699081583
 10
116.09098848451023
 20
279.78606782398066
 10
116.14624563463363
 20
279.711918984155
 10
116.20117084366228
 20
279.6375239279228
 10
116.25576173349558
 20
279.5628832043505
 10
116.31001590382424
 20
279.48799737286095
 10
116.36393093217663
 20
279.4128670037708
 10
116.41750437397577
 20
279.33749267883366
 10
116.4707337626071
 20
279.2618749917879
 10
116.5236166094976
 20
279.18601454891166
 10
116.57615040420673
 20
279.1099119695817
 10
116.6283325725876
 20
279.0335678582769
 10
116.680159623553
 20
278.9569822294257
 10
116.73162719938706
 20
278.8801545644051
 10
116.7827309122452
 20
278.80308439038635
 10
116.83346638122174
 20
278.72577130549473
 10
116.88382923444803
 20
278.64821497990135
 10
116.93381511124282
 20
278.5704151568733
 10
116.98341966431306
 20
278.4923716537796
 10
117.03263856200311
 20
278.4140843630493
 10
117.08146749059054
 20
278.33555325307844
 10
117.1299021566259
 20
278.25677836908426
 10
117.17793828931426
 20
278.1777598339023
 10
117.22557164293565
 20
278.0984978487242
 10
117.27279799930187
 20
278.01899269377316
 10
117.31961317024616
 20
277.93924472891433
 10
117.36601300014294
 20
277.85925439419736
 10
117.4119933684542
 20
277.7790222103284
 10
117.45755019229873
 20
277.6985487790692
 10
117.50267942904057
 20
277.6178347835607
 10
117.54737707889313
 20
277.5368809885687
 10
117.59163918753447
 20
277.45568824065015
 10
117.6354618487297
 20
277.37425746823635
 10
117.67884143000074
 20
277.2925897995561
 10
117.72177793355934
 20
277.2106883148057
 10
117.76427416650222
 20
277.12855752214193
 10
117.80633283015175
 20
277.0462017932547
 10
117.84795643513306
 20
276.9636253250369
 10
117.88914730203174
 20
276.88083214668126
 10
117.92990756178182
 20
276.79782612639497
 10
117.97023915577367
 20
276.71461097775307
 10
118.01014383567173
 20
276.6311902657135
 10
118.04962316293094
 20
276.547567412312
 10
118.0886785079992
 20
276.4637457020565
 10
118.1273110491932
 20
276.3797282870379
 10
118.16552177123255
 20
276.2955181917746
 10
118.20331146341675
 20
276.2111183178055
 10
118.24068071742722
 20
276.12653144804716
 10
118.27762992473528
 20
276.0417602509299
 10
118.3141592735949
 20
275.956807284324
 10
118.35026874559685
 20
275.8716749992726
 10
118.38595811175847
 20
275.78636574354044
 10
118.42122692812046
 20
275.700881764993
 10
118.4560745308195
 20
275.6152252148169
 10
118.49049992236753
 20
275.5293981074419
 10
118.52449419735638
 20
275.44339934136127
 10
118.55803592462826
 20
275.3572230733598
 10
118.59110307051219
 20
275.27086360011856
 10
118.62367433012442
 20
275.18431589114425
 10
118.65572925062685
 20
275.0975756288298
 10
118.68724834949789
 20
275.0106392403391
 10
118.71821322590013
 20
274.92350392063224
 10
118.74860666331725
 20
274.83616764616244
 10
118.77841272177821
 20
274.7486291790081
 10
118.80761681818788
 20
274.6608880614479
 10
118.83620579353243
 20
274.5729446012267
 10
118.86416796601657
 20
274.4847998479928
 10
118.89149316950495
 20
274.3964555615942
 10
118.91817277697209
 20
274.30791417310326
 10
118.94419970899654
 20
274.21917873958023
 10
118.96956842765698
 20
274.13025289369125
 10
118.99427491648527
 20
274.0411407893537
 10
119.0183166473945
 20
273.9518470446021
 10
119.0416925357231
 20
273.8623766828456
 10
119.06440288470964
 20
273.7727350736289
 10
119.08645074473188
 20
273.6829282195214
 10
119.10786400524763
 20
273.59296791380694
 10
119.12868741607386
 20
273.50286922111866
 10
119.14896136921621
 20
273.4126452806384
 10
119.16872198824645
 20
273.3223075051643
 10
119.18800177002578
 20
273.23186587540783
 10
119.2068301185209
 20
273.14132917616115
 10
119.22523379469871
 20
273.05070518795844
 10
119.24323730139676
 20
272.9600008444246
 10
119.26086321852114
 20
272.8692223630821
 10
119.2781325015886
 20
272.7783753556706
 10
119.29506475532904
 20
272.6874649228462
 10
119.31167849377528
 20
272.5964957373478
 10
119.32799139912521
 20
272.50547211930115
 10
119.34402059404815
 20
272.41439810727155
 10
119.35978294678443
 20
272.32327752907065
 10
119.37529543683473
 20
272.2321140773538
 10
119.39057562412208
 20
272.14091139715913
 10
119.40564229200743
 20
272.04967319661586
 10
119.42051638665893
 20
271.9584034000344
 10
119.43522212274678
 20
271.8671063217066
 10
119.44970736213938
 20
271.77577403917417
 10
119.46371857966824
 20
271.6843679691167
 10
119.47695257415533
 20
271.592846357167
 10
119.48912900664425
 20
271.5011782924396
 10
119.50004404367608
 20
271.4093516639506
 10
119.5096018129956
 20
271.317373904566
 10
119.51781146363024
 20
271.2252659600871
 10
119.52475895598023
 20
271.1330540936006
 10
119.53057210499288
 20
271.04076362933927
 10
119.5353921596616
 20
270.94841584560334
 10
119.53935597215889
 20
270.856027247149
 10
119.54258715002688
 20
270.76361004841306
 10
119.54519303480984
 20
270.6711730489544
 10
119.54726483597894
 20
270.5787224967002
 10
119.5488791906312
 20
270.4862627963733
 10
119.550100188025
 20
270.39379704414455
 10
119.55098138700397
 20
270.301327414351
 10
119.5515676272521
 20
270.20885543325403
 10
119.55189657401014
 20
270.1163821709433
 10
119.55200000000002
 20
270.02390837546506
  0
LINE
  5
DD
330
17
100
AcDbEntity
  8
01-VISIBLE
100
AcDbLine
 10
119.55200000000005
 20
270.02390837546506
 30
0.0
 11
120.19200000000001
 21
270.02390837546506
 31
0.0
  0
LINE
  5
DE
330
17
100
AcDbEntity
  8
01-VISIBLE
100
AcDbLine
 10
77.19200000000001
 20
292.37609174453496
 30
0.0
 11
77.19200000000001
 21
291.7305038998343
 31
0.0
  0
LINE
  5
DF
330
17
100
AcDbEntity
  8
01-VISIBLE
100
AcDbLine
 10
50.19200000000001
 20
270.02390837546506
 30
0.0
 11
50.83199999999997
 21
270.02390837546506
 31
0.0
  0
LWPOLYLINE
  5
E0
330
17
100
AcDbEntity
  8
01-VISIBLE
100
AcDbPolyline
 90
401
 70
0
 10
77.19200000000001
 20
291.7305038998346
 10
77.10063758092062
 20
291.7162097312256
 10
77.00930151376136
 20
291.70174813708314
 10
76.9179921444416
 20
291.68711892190544
 10
76.82670981996714
 20
291.6723218920053
 10
76.73545488842039
 20
291.65735685552727
 10
76.6442276989506
 20
291.64222362246517
 10
76.5530286017637
 20
291.62692200467905
 10
76.46185794811221
 20
291.61145181591286
 10
76.3707160902848
 20
291.595812871811
 10
76.2796033815958
 20
291.5800049899359
 10
76.18852017637452
 20
291.5640279897846
 10
76.09746682995434
 20
291.54788169280596
 10
76.0064436986618
 20
291.53156592241726
 10
75.91545113980531
 20
291.51508050402106
 10
75.82448951166398
 20
291.4984252650218
 10
75.73355917347602
 20
291.4816000348426
 10
75.64266048542711
 20
291.46460464494135
 10
75.55179380863864
 20
291.44743892882747
 10
75.46095950515573
 20
291.43010272207806
 10
75.37015793793512
 20
291.41259586235407
 10
75.27938947083292
 20
291.39491818941644
 10
75.18865446859216
 20
291.37706954514215
 10
75.09795329683024
 20
291.3590497735401
 10
75.00728632202615
 20
291.34085872076685
 10
74.91665391150767
 20
291.32249623514224
 10
74.82605643343824
 20
291.30396216716525
 10
74.73549425680389
 20
291.2852563695291
 10
74.6449677513998
 20
291.2663786971367
 10
74.5544772878169
 20
291.247329007116
 10
74.46402323742801
 20
291.2281071588353
 10
74.37360597256996
 20
291.20871301301815
 10
74.28322587820917
 20
291.18914637786935
 10
74.19288334650338
 20
291.16940703583435
 10
74.10257877143724
 20
291.1494947689538
 10
74.01231254882939
 20
291.1294093588891
 10
73.92208507633956
 20
291.1091505869481
 10
73.83189675347529
 20
291.0887182341116
 10
73.74174798159842
 20
291.06811208105995
 10
73.65163916393139
 20
291.04733190820014
 10
73.56157070556331
 20
291.02637749569317
 10
73.47154301345569
 20
291.005248623482
 10
73.38155649644797
 20
290.98394507131957
 10
73.29161156526281
 20
290.96246661879775
 10
73.20170863251107
 20
290.9408130453759
 10
73.11184811269649
 20
290.9189841304104
 10
73.0220304222202
 20
290.8969796531846
 10
72.93225597938482
 20
290.8747993929385
 10
72.84252520439834
 20
290.8524431288997
 10
72.7528385193777
 20
290.82991064031404
 10
72.66319634835205
 20
290.8072017064769
 10
72.57359911726569
 20
290.78431610676495
 10
72.48404725398073
 20
290.761253620668
 10
72.39454118826424
 20
290.73801402788
 10
72.30508135148176
 20
290.71459710950825
 10
72.21566817812607
 20
290.6910026422844
 10
72.12630210482624
 20
290.6672304024636
 10
72.03698356877345
 20
290.64328017176206
 10
71.94771300816026
 20
290.6191517356089
 10
71.85849086370186
 20
290.5948448774917
 10
71.76931758047577
 20
290.5703593723624
 10
71.68019360948566
 20
290.54569498129734
 10
71.59111940853668
 20
290.520851448834
 10
71.50209544220255
 20
290.4958285036465
 10
71.41312218086848
 20
290.4706258624616
 10
71.32420009905054
 20
290.4452432363655
 10
71.23532967341811
 20
290.4196803379066
 10
71.14651138118562
 20
290.3939368866585
 10
71.05774569978901
 20
290.36801261017615
 10
70.96903310902412
 20
290.34190723655115
 10
70.88037409607178
 20
290.31562047750236
 10
70.79176914820873
 20
290.28915205328263
 10
70.70321875368032
 20
290.2625016896359
 10
70.61472340395812
 20
290.2356691102167
 10
70.52628359287206
 20
290.20865403955503
 10
70.43789981661538
 20
290.18145620307104
 10
70.34957257374936
 20
290.1540753270909
 10
70.26130236520797
 20
290.12651113886193
 10
70.17308969430249
 20
290.09876336656856
 10
70.08493506672605
 20
290.0708317393479
 10
69.99683899055789
 20
290.0427159873062
 10
69.90880197626774
 20
290.01441584153474
 10
69.82082453671994
 20
289.98593103412634
 10
69.73290718630868
 20
289.9572613008514
 10
69.64505044251051
 20
289.9284063764068
 10
69.55725482869974
 20
289.8993659859564
 10
69.46952086669987
 20
289.8701398678353
 10
69.38184907855407
 20
289.84072776796654
 10
69.29423998899438
 20
289.8111294323979
 10
69.20669412800933
 20
289.7813445998087
 10
69.11921203351054
 20
289.751372993989
 10
69.03179425409958
 20
289.72121431629114
 10
68.94444135193535
 20
289.6908682380579
 10
68.85715390067718
 20
289.6603344073726
 10
68.76993247513187
 20
289.62961247917525
 10
68.68277765333931
 20
289.5987021092746
 10
68.59569001657462
 20
289.5676029543904
 10
68.50867014935814
 20
289.5363146721748
 10
68.42171863946545
 20
289.5048369212342
 10
68.33483607793711
 20
289.47316936115124
 10
68.24802305908835
 20
289.44131165250724
 10
68.16128018051855
 20
289.40926345690474
 10
68.0746080431206
 20
289.37702443699084
 10
67.98800725109022
 20
289.3445942564803
 10
67.90147841193489
 20
289.3119725801795
 10
67.81502213648281
 20
289.27915907401
 10
67.72863903889164
 20
289.2461534050336
 10
67.64232973745153
 20
289.2129552394148
 10
67.55609485301723
 20
289.1795642465544
 10
67.46993500646386
 20
289.1459801056359
 10
67.3838508251918
 20
289.1122024888539
 10
67.29784294148853
 20
289.0782310658207
 10
67.21191199092088
 20
289.0440655077569
 10
67.12605861132685
 20
289.00970549004944
 10
67.04028344243409
 20
288.9751506931705
 10
66.95458712613298
 20
288.940400801952
 10
66.86897030743214
 20
288.90545550321167
 10
66.78343363612488
 20
288.8703144817256
 10
66.69797776919502
 20
288.8349774145437
 10
66.6126033739911
 20
288.799443963645
 10
66.52731113219829
 20
288.7637137669294
 10
66.44210174463751
 20
288.72778642754383
 10
66.35697592872832
 20
288.6916615208162
 10
66.27193439658976
 20
288.65533864636393
 10
66.18697786672206
 20
288.6188174004071
 10
66.10210706210316
 20
288.58209738034907
 10
66.01732271001941
 20
288.54517818523766
 10
65.93262554207767
 20
288.5080594157987
 10
65.84801629421712
 20
288.4707406744687
 10
65.76349570672082
 20
288.43322156542945
 10
65.67906452422697
 20
288.3955016946419
 10
65.59472349573993
 20
288.3575806698815
 10
65.5104733746409
 20
288.3194581007733
 10
65.42631491869837
 20
288.28113359882855
 10
65.34224889007812
 20
288.2426067774804
 10
65.25827605535315
 20
288.2038772521215
 10
65.1743971855091
 20
288.1649446401499
 10
65.09061305424012
 20
288.12580856467434
 10
65.00692444499285
 20
288.08646863949764
 10
64.92333213982397
 20
288.04692449300023
 10
64.8398369241222
 20
288.00717575798654
 10
64.75643959119502
 20
287.9672220620984
 10
64.6731409404376
 20
287.9270630318489
 10
64.58994177393505
 20
287.886698299766
 10
64.50684289489342
 20
287.84612750757185
 10
64.42384510974979
 20
287.80535030177435
 10
64.34094923417499
 20
287.76436632152144
 10
64.25815610145384
 20
287.7231751820548
 10
64.17546656990447
 20
287.6817764606003
 10
64.0928815240796
 20
287.640169695046
 10
64.01040186120332
 20
287.59835441178916
 10
63.9280284770132
 20
287.556330153947
 10
63.845762274812785
 20
287.51409646344405
 10
63.763604163802384
 20
287.4716528844144
 10
63.68155505899668
 20
287.4289989634494
 10
63.59961588122181
 20
287.3861342496865
 10
63.517787557111596
 20
287.34305829489966
 10
63.436071019102755
 20
287.299770653589
 10
63.35446720542902
 20
287.2562708830722
 10
63.27297706011436
 20
287.21255854357594
 10
63.191601532965024
 20
287.1686331983278
 10
63.1103415795607
 20
287.1244944136495
 10
63.029198161244395
 20
287.0801417590492
 10
62.94817224511139
 20
287.0355748073164
 10
62.867264803996974
 20
286.9907931346154
 10
62.78647681646312
 20
286.9457963205808
 10
62.70580926678403
 20
286.90058394841265
 10
62.62526314493037
 20
286.8551556049722
 10
62.54483944655257
 20
286.80951088087863
 10
62.464539172962674
 20
286.76364937060595
 10
62.38436333111521
 20
286.71757067258017
 10
62.304312933586644
 20
286.6712743892774
 10
62.224388998553685
 20
286.6247601273222
 10
62.14459254654689
 20
286.5780275030811
 10
62.064924617313196
 20
286.5310761140343
 10
61.98538630108395
 20
286.48390548660836
 10
61.905978706044664
 20
286.43651513265183
 10
61.82670295292313
 20
286.3889045590134
 10
61.74756017251025
 20
286.34107327196824
 10
61.668551503969866
 20
286.2930207802143
 10
61.58967809382399
 20
286.24474659667476
 10
61.51094109549328
 20
286.1962502393448
 10
61.43234166926581
 20
286.1475312314236
 10
61.35388098256088
 20
286.0985891009697
 10
61.27556021034731
 20
286.0494233803242
 10
61.197380535568726
 20
286.0000336055417
 10
61.11934314942138
 20
285.9504193160746
 10
61.0414492513228
 20
285.90058005495246
 10
60.963700048401705
 20
285.85051536970195
 10
60.886096754332904
 20
285.8002248142511
 10
60.80864058692883
 20
285.7497079526807
 10
60.73133277555857
 20
285.6989643479086
 10
60.654174560866494
 20
285.6479935623262
 10
60.577167180299135
 20
285.59679517984597
 10
60.500311882494216
 20
285.54536878407475
 10
60.42360992873901
 20
285.493713956376
 10
60.34706258747866
 20
285.4418302842605
 10
60.270671129499455
 20
285.3897173685292
 10
60.194436828585154
 20
285.3373748222195
 10
60.1183609694413
 20
285.28480225906713
 10
60.04244486150273
 20
285.23199927387856
 10
59.966689853877554
 20
285.17896542191437
 10
59.891097343134426
 20
285.125700209105
 10
59.81566875932413
 20
285.07220311328206
 10
59.74040553009138
 20
285.0184736354883
 10
59.66530909408114
 20
284.9645112810381
 10
59.5903809006152
 20
284.9103155601417
 10
59.51562240897177
 20
284.85588598907424
 10
59.44103508834979
 20
284.8012220903727
 10
59.36662041783046
 20
284.7463233930356
 10
59.2923798863357
 20
284.6911894327229
 10
59.218314992583686
 20
284.6358197519578
 10
59.14442724504123
 20
284.580213900329
 10
59.07071816187306
 20
284.52437143469496
 10
58.997189270888
 20
284.46829191938855
 10
58.92384210948177
 20
284.41197492642334
 10
58.8506782245766
 20
284.3554200357004
 10
58.77769917255749
 20
284.29862683521645
 10
58.704906519205075
 20
284.2415949212731
 10
58.63230183962503
 20
284.1843238986863
 10
58.55988671817396
 20
284.1268133809974
 10
58.48766274838188
 20
284.0690629906848
 10
58.41563153287744
 20
284.01107235936786
 10
58.34379468544894
 20
283.95284112537365
 10
58.27215382032665
 20
283.89436894703874
 10
58.2007105692352
 20
283.835655481805
 10
58.12946659835852
 20
283.77670036609027
 10
58.05842360854396
 20
283.71750321598876
 10
57.98758332852569
 20
283.6580636362961
 10
57.91694750510581
 20
283.5983812328475
 10
57.84651789455528
 20
283.53845562301626
 10
57.77629625982907
 20
283.4782864390732
 10
57.706284378523975
 20
283.41787331898627
 10
57.636484047627306
 20
283.35721590120744
 10
57.56689707015069
 20
283.29631384038737
 10
57.49752526350379
 20
283.2351667978589
 10
57.42837045714599
 20
283.173774444545
 10
57.3594344925934
 20
283.11213646113583
 10
57.290719223422855
 20
283.05025253826824
 10
57.22222651527263
 20
282.9881223767087
 10
57.153958245840066
 20
282.92574568753935
 10
57.085916304875724
 20
282.86312219234696
 10
57.01810259418767
 20
282.8002516234006
 10
56.95051903028022
 20
282.7371337210067
 10
56.883167528899854
 20
282.6737682501973
 10
56.816050029034464
 20
282.61015497520634
 10
56.74916848546638
 20
282.54629366777203
 10
56.68252485499774
 20
282.482184121762
 10
56.61612109743953
 20
282.4178261520313
 10
56.549959191876425
 20
282.3532195776779
 10
56.48404116872173
 20
282.2883641898767
 10
56.41836915807836
 20
282.22325970449174
 10
56.35294541321635
 20
282.1579057413549
 10
56.28777218856304
 20
282.0923019490172
 10
56.22285175472674
 20
282.02644798982334
 10
56.158186398015516
 20
281.9603435406408
 10
56.09377841970284
 20
281.8939882938368
 10
56.029630135830786
 20
281.8273819577073
 10
55.96574387700417
 20
281.76052425690796
 10
55.902121988175566
 20
281.69341493288516
 10
55.83876682842083
 20
281.6260537443088
 10
55.775680770705236
 20
281.5584404675052
 10
55.71286620164001
 20
281.49057489689085
 10
55.650325521229036
 20
281.42245684540626
 10
55.58806114260575
 20
281.35408614495
 10
55.52607549176011
 20
281.2854626468125
 10
55.46437100725535
 20
281.2165862221099
 10
55.40295013993463
 20
281.14745676221696
 10
55.3418153508172
 20
281.078074180781
 10
55.28096911820336
 20
281.00843840764253
 10
55.22041392925989
 20
280.93854939638027
 10
55.16015226770894
 20
280.8684071350293
 10
55.10018665480584
 20
280.7980116108533
 10
55.040519606159386
 20
280.72736284766233
 10
54.98115349357033
 20
280.65646102108843
 10
54.922090436237724
 20
280.5853065447036
 10
54.86333251923008
 20
280.51389988288105
 10
54.804881853820376
 20
280.44224150034427
 10
54.74674057337572
 20
280.37033186613553
 10
54.6889108334056
 20
280.29817145409277
 10
54.63139481160374
 20
280.2257607433316
 10
54.57419470788349
 20
280.15310021873165
 10
54.51731274440628
 20
280.08019037142793
 10
54.46075116560325
 20
280.0070316993067
 10
54.40451223818961
 20
279.9336247075065
 10
54.34859825117158
 20
279.85996990892335
 10
54.293011515845706
 20
279.7860678247215
 10
54.23775436579029
 20
279.7119189848486
 10
54.18282915684861
 20
279.6375239285556
 10
54.12823826710391
 20
279.56288320492183
 10
54.0739840968456
 20
279.4879973733847
 10
54.02006906852667
 20
279.4128670042739
 10
53.966495626711875
 20
279.33749267935116
 10
53.91326623801656
 20
279.2618749923538
 10
53.86038339103566
 20
279.18601454954387
 10
53.80784959626284
 20
279.1099119702612
 10
53.75566742273929
 20
279.0335678624905
 10
53.703840380696214
 20
278.95698222759177
 10
53.6523727984356
 20
278.88015456687987
 10
53.60126908907637
 20
278.8030843905508
 10
53.55053362089451
 20
278.7257713051323
 10
53.50017076609981
 20
278.64821498056483
 10
53.450184889572505
 20
278.57041515736813
 10
53.40058033668896
 20
278.492371654159
 10
53.35136143899134
 20
278.41408436343653
 10
53.30253251021347
 20
278.3355532535872
 10
53.25409784388514
 20
278.2567783697763
 10
53.20606171090539
 20
278.17775983477475
 10
53.15842835708761
 20
278.0984978497179
 10
53.11120200067917
 20
278.0189926947952
 10
53.064386829858634
 20
277.93924472986697
 10
53.017987000213694
 20
277.8592543950071
 10
52.972006632203076
 20
277.77902221096895
 10
52.92644980860594
 20
277.69854877957283
 10
52.881320571962235
 20
277.6178347840125
 10
52.83662292200783
 20
277.53688098907975
 10
52.792360813108054
 20
277.4556882413051
 10
52.74853815169384
 20
277.3742574690124
 10
52.70515858254248
 20
277.2925897938466
 10
52.662222057569274
 20
277.2106883203675
 10
52.61972584414742
 20
277.1285575175958
 10
52.577667170176895
 20
277.04620179398785
 10
52.536043564640735
 20
276.9636253260526
 10
52.49485269742152
 20
276.8808321478598
 10
52.45409243794894
 20
276.79782612744054
 10
52.41376084459613
 20
276.71461097849203
 10
52.37385616526627
 20
276.6311902661835
 10
52.33437683816036
 20
276.5475674127124
 10
52.29532149273808
 20
276.46374570262464
 10
52.25668895088318
 20
276.37972828791294
 10
52.21847822828548
 20
276.2955181929061
 10
52.18068853605215
 20
276.2111183189623
 10
52.14331928256115
 20
276.1265314489777
 10
52.10637007560286
 20
276.04176025171046
 10
52.06984072674032
 20
275.9568072851089
 10
52.03373125473545
 20
275.87167500006166
 10
51.998041888571144
 20
275.7863657443336
 10
51.962773078615356
 20
275.70088176314323
 10
51.927925460012304
 20
275.6152252194323
 10
51.89350007806485
 20
275.5293981082232
 10
51.85950580447047
 20
275.4433993415944
 10
51.825964077799256
 20
275.3572230733613
 10
51.792896931077344
 20
275.27086360044325
 10
51.7603256699828
 20
275.18431589202964
 10
51.728270748339355
 20
275.09757563014017
 10
51.69675164923368
 20
275.01063924173803
 10
51.665786773495064
 20
274.92350392179867
 10
51.63539333719532
 20
274.83616764694295
 10
51.60558727969869
 20
274.7486291794629
 10
51.576383183615754
 20
274.6608880617963
 10
51.547794207799306
 20
274.5729446017309
 10
51.51983203427009
 20
274.4847998488312
 10
51.4925068296841
 20
274.3964555627751
 10
51.46582722166358
 20
274.30791417445425
 10
51.43980029001824
 20
274.21917874082357
 10
51.41443157259639
 20
274.1302528945845
 10
51.389725085234154
 20
274.0411407898431
 10
51.36568335502664
 20
273.95184704490464
 10
51.34230746593418
 20
273.86237668334945
 10
51.31959711556441
 20
273.7727350744865
 10
51.29754937202504
 20
273.6829281913689
 10
51.276135908364374
 20
273.59296793431884
 10
51.25531266179437
 20
273.5028692036642
 10
51.235038630778575
 20
273.4126452806135
 10
51.21527801198932
 20
273.3223075050895
 10
51.195998230159475
 20
273.2318658753464
 10
51.17716988137818
 20
273.14132917616206
 10
51.1587662050998
 20
273.05070518798266
 10
51.14076269857403
 20
272.96000084441744
 10
51.12313678164542
 20
272.8692223630397
 10
51.10586749854291
 20
272.77837535563754
 10
51.08893524457704
 20
272.6874649228579
 10
51.07232150603767
 20
272.5964957373794
 10
51.056008600929886
 20
272.50547211929216
 10
51.03997940620234
 20
272.41439810723085
 10
51.02421705321653
 20
272.3232775290758
 10
51.008704563166646
 20
272.2321140773617
 10
50.99342437587959
 20
272.1409113971697
 10
50.97835770799453
 20
272.04967319662916
 10
50.96348361334329
 20
271.95840340005043
 10
50.94877780316452
 20
271.86710633359036
 10
50.93429260174757
 20
271.77577404482366
 10
50.92028140810599
 20
271.68436797090953
 10
50.90704742584284
 20
271.5928463571166
 10
50.89487099331579
 20
271.50117829239355
 10
50.88395595634632
 20
271.4093516639029
 10
50.87439818707887
 20
271.3173739045132
 10
50.86618853616431
 20
271.2252659600639
 10
50.85924104431248
 20
271.1330540935414
 10
50.853427894580136
 20
271.0407636293288
 10
50.848607839540485
 20
270.9484158456117
 10
50.84464402791281
 20
270.856027247125
 10
50.841412850450595
 20
270.76361004837605
 10
50.8388069647734
 20
270.67117304894543
 10
50.83673516377617
 20
270.5787224966907
 10
50.83512080978536
 20
270.4862627963548
 10
50.83389981215443
 20
270.3937970441316
 10
50.833018612565645
 20
270.30132741434676
 10
50.83243237267623
 20
270.2088554332505
 10
50.83210342656387
 20
270.11638217093997
 10
50.83199999999997
 20
270.02390837546506
  0
LWPOLYLINE
  5
E1
330
17
100
AcDbEntity
  8
01-VISIBLE
100
AcDbPolyline
 90
401
 70
0
 10
85.19200000000001
 20
114.22390837546506
 10
85.30704008261142
 20
114.22403190658666
 10
85.42207963420104
 20
114.224402621766
 10
85.53711812269155
 20
114.22502069802908
 10
85.65215501490628
 20
114.22588630478351
 10
85.76718977662676
 20
114.22699960378948
 10
85.88222187265077
 20
114.22836074913202
 10
85.99725076685063
 20
114.22996988719446
 10
86.11227592223182
 20
114.23182715663312
 10
86.22729680099204
 20
114.23393268835326
 10
86.34231286458038
 20
114.23628660548631
 10
86.45732357375695
 20
114.23888902336829
 10
86.57232838865264
 20
114.24174004951959
 10
86.68732676882918
 20
114.24483978362602
 10
86.80231817333942
 20
114.24818831752114
 10
86.91730206078782
 20
114.25178573516989
 10
87.03227788939112
 20
114.25563211265347
 10
87.14724511703925
 20
114.25972751815573
 10
87.26220320135619
 20
114.2640720119506
 10
87.37715159976129
 20
114.26866564639109
 10
87.49208976953042
 20
114.27350846589945
 10
87.60701716785732
 20
114.27860050695884
 10
87.72193325191512
 20
114.28394179810608
 10
87.83683747891774
 20
114.28953235992606
 10
87.95172930618155
 20
114.29537220504723
 10
88.0666081911868
 20
114.30146133813855
 10
88.18147359163933
 20
114.3077997559078
 10
88.29632496553205
 20
114.3143874471012
 10
88.4111617712065
 20
114.3212243925044
 10
88.52598346741426
 20
114.32831056494481
 10
88.64078951337075
 20
114.3356459294151
 10
88.75557936569675
 20
114.34323048995068
 10
88.870352472972
 20
114.35106436477017
 10
88.98510828137759
 20
114.35914769193796
 10
89.09984623578846
 20
114.3674806116545
 10
89.21456577974644
 20
114.37606326624332
 10
89.32926635543326
 20
114.38489580013807
 10
89.44394740364372
 20
114.39397835986925
 10
89.55860836375871
 20
114.40331109405098
 10
89.67324867371848
 20
114.41289415336746
 10
89.78786776999573
 20
114.42272769055933
 10
89.90246508756897
 20
114.43281186040991
 10
90.01704005989572
 20
114.44314681973125
 10
90.13159211888585
 20
114.45373272734996
 10
90.24612069487497
 20
114.46456974409301
 10
90.36062521659781
 20
114.4756580327732
 10
90.47510511116167
 20
114.48699775817458
 10
90.58955980401987
 20
114.49858908703771
 10
90.70398871894535
 20
114.5104321880446
 10
90.81839127800417
 20
114.52252723180362
 10
90.93276690152909
 20
114.53487439083418
 10
91.04711500809333
 20
114.54747383955116
 10
91.16143501448414
 20
114.5603257542493
 10
91.27572633567662
 20
114.57343031308726
 10
91.38998838480748
 20
114.58678769607151
 10
91.50422057314881
 20
114.60039808504015
 10
91.61842231008205
 20
114.61426166364636
 10
91.73259300307181
 20
114.62837861734174
 10
91.8467320576399
 20
114.64274913335942
 10
91.96083887733928
 20
114.65737340069701
 10
92.07491286354733
 20
114.6722516114771
 10
92.18895341101484
 20
114.68738399411592
 10
92.30295990748046
 20
114.70277081379582
 10
92.41693173820308
 20
114.71841233683914
 10
92.53086828618544
 20
114.73430882891539
 10
92.64476893216933
 20
114.7504605550135
 10
92.75863305463093
 20
114.76686777941369
 10
92.87246002977639
 20
114.78353076565925
 10
92.98624923153761
 20
114.80044977652807
 10
93.10000003156844
 20
114.81762507400394
 10
93.21371179924081
 20
114.83505691924766
 10
93.32738390164144
 20
114.85274557256791
 10
93.44101570356852
 20
114.87069129339194
 10
93.55460656752888
 20
114.88889434023602
 10
93.66815585373517
 20
114.9073549706757
 10
93.78166292010354
 20
114.9260734413158
 10
93.8951271222514
 20
114.94505000776033
 10
94.00854781349553
 20
114.96428492458202
 10
94.12192434485048
 20
114.98377844529182
 10
94.23525606502723
 20
115.00353082230802
 10
94.34854232043197
 20
115.02354230692536
 10
94.46178245516549
 20
115.04381314928371
 10
94.57497581102251
 20
115.06434359833676
 10
94.68812172749155
 20
115.08513390182041
 10
94.80121954175493
 20
115.10618430622092
 10
94.91426858868918
 20
115.12749505674297
 10
95.02726820086563
 20
115.14906639727742
 10
95.14021770855143
 20
115.17089857036896
 10
95.25311643971081
 20
115.19299181718353
 10
95.36596371999721
 20
115.2153463775226
 10
95.4787588657436
 20
115.23796252466579
 10
95.59150117099773
 20
115.26084062769993
 10
95.7041899228853
 20
115.28398107210462
 10
95.81682440486024
 20
115.30738424317401
 10
95.92940389669084
 20
115.33105052597311
 10
96.04192767444648
 20
115.35498030529375
 10
96.15439501048444
 20
115.37917396560995
 10
96.26680517343723
 20
115.40363189103297
 10
96.37915742820033
 20
115.42835446526576
 10
96.49145103592008
 20
115.45334207155707
 10
96.60368525398222
 20
115.47859509265511
 10
96.71585933600066
 20
115.50411391076058
 10
96.8279725318067
 20
115.52989890747943
 10
96.9400240874386
 20
115.5559504637751
 10
97.05201324513173
 20
115.58226895992021
 10
97.16393924330889
 20
115.60885477544792
 10
97.27580131657128
 20
115.63570828910275
 10
97.38759869568985
 20
115.66282987879087
 10
97.499330607597
 20
115.69021992153013
 10
97.61099627537891
 20
115.7178787933994
 10
97.72259491826817
 20
115.74580686948752
 10
97.83412575163702
 20
115.77400452384194
 10
97.94558798699094
 20
115.80247212941659
 10
98.0569808319629
 20
115.83121005801955
 10
98.16830349030793
 20
115.86021868026019
 10
98.27955516189839
 20
115.88949836549573
 10
98.39073504271951
 20
115.91904948177746
 10
98.50184232486576
 20
115.94887239579654
 10
98.61287619644138
 20
115.9789674731825
 10
98.72383582903345
 20
116.00933512411348
 10
98.83472036469134
 20
116.03997584874477
 10
98.94552893727884
 20
116.07089015709671
 10
99.05626067535077
 20
116.10207855828851
 10
99.16691470213918
 20
116.1335415604691
 10
99.27749013554046
 20
116.16527967074698
 10
99.3879860881029
 20
116.19729339511949
 10
99.4984016670152
 20
116.22958323840106
 10
99.60873597409532
 20
116.262149704151
 10
99.7189881057805
 20
116.29499329460018
 10
99.8291571531176
 20
116.32811451057705
 10
99.93924220175451
 20
116.36151385143305
 10
100.04924233193208
 20
116.39519181496686
 10
100.15915661847707
 20
116.42914889734823
 10
100.26898413079573
 20
116.46338559304081
 10
100.37872393286824
 20
116.49790239472425
 10
100.4883750832441
 20
116.53269979321557
 10
100.59793663503815
 20
116.56777827738966
 10
100.70740763592774
 20
116.60313833409907
 10
100.81678712815054
 20
116.638780448093
 10
100.92607414850343
 20
116.67470510193554
 10
101.03526772834219
 20
116.71091277592305
 10
101.14436689358222
 20
116.74740394800097
 10
101.25337066470021
 20
116.78417909367957
 10
101.36227805673677
 20
116.82123868594933
 10
101.47108807929995
 20
116.85858319519515
 10
101.57979973657002
 20
116.89621308911013
 10
101.68841202730509
 20
116.93412883260851
 10
101.79692393458579
 20
116.97233091682389
 10
101.9053343914295
 20
117.01081995497569
 10
102.01364231169066
 20
117.04959659188664
 10
102.12184660161553
 20
117.08866147065856
 10
102.22994615982628
 20
117.12801523256424
 10
102.33793987730616
 20
117.16765851693795
 10
102.44582663738578
 20
117.20759196106485
 10
102.55360531573083
 20
117.24781620006891
 10
102.66127478033104
 20
117.28833186679937
 10
102.76883389149037
 20
117.32913959171587
 10
102.87628150181874
 20
117.3702400027723
 10
102.98361645622502
 20
117.41163372529905
 10
103.09083759191154
 20
117.45332138188407
 10
103.19794373837006
 20
117.49530359225236
 10
103.30493371737914
 20
117.53758097314429
 10
103.41180634300325
 20
117.5801541381924
 10
103.51856042159322
 20
117.62302369779684
 10
103.62519475178848
 20
117.6661902589995
 10
103.73170812452085
 20
117.70965442535675
 10
103.83809932302003
 20
117.7534167968108
 10
103.94436712282081
 20
117.79747796955982
 10
104.05051029177203
 20
117.84183853592654
 10
104.15652759004733
 20
117.88649908422578
 10
104.26241777015773
 20
117.93146019863038
 10
104.36817957696599
 20
117.97672245903607
 10
104.47381174770304
 20
118.02228644092494
 10
104.57931301198614
 20
118.06815271522763
 10
104.68468209040512
 20
118.11432185144727
 10
104.78991765401531
 20
118.16079450910257
 10
104.89501831711657
 20
118.2075714511076
 10
104.99998268086273
 20
118.25465344299718
 10
105.10480933574723
 20
118.30204124703384
 10
105.20949686158924
 20
118.34973562203794
 10
105.31404382752217
 20
118.39773732321551
 10
105.41844879198445
 20
118.44604710198365
 10
105.52271030271274
 20
118.49466570579364
 10
105.62682689673773
 20
118.54359387795151
 10
105.73079710038228
 20
118.59283235743648
 10
105.83461942926243
 20
118.64238187871683
 10
105.93829238829089
 20
118.69224317156356
 10
106.04181447168335
 20
118.7424169608616
 10
106.14518416296768
 20
118.79290396641878
 10
106.24839993499593
 20
118.84370490277239
 10
106.3514602499593
 20
118.89482047899354
 10
106.45436355940627
 20
118.9462513984891
 10
106.5571083042636
 20
118.99799835880148
 10
106.65969291486071
 20
119.05006205140614
 10
106.76211581095727
 20
119.10244316150678
 10
106.86437540177397
 20
119.15514236782846
 10
106.96647008602687
 20
119.20816034240838
 10
107.06839825196506
 20
119.26149775038472
 10
107.17015827741193
 20
119.31515524978315
 10
107.27174852981005
 20
119.36913349130137
 10
107.37316736626971
 20
119.42343311809161
 10
107.47441312238578
 20
119.47805478631818
 10
107.57548403295057
 20
119.53299931023403
 10
107.67637827576809
 20
119.58826757721769
 10
107.77709401343537
 20
119.64386046932438
 10
107.87762939360165
 20
119.69977886252568
 10
107.97798254896834
 20
119.75602362643556
 10
108.07815159729351
 20
119.81259562403235
 10
108.17813464140113
 20
119.86949571137654
 10
108.27792976919497
 20
119.92672473732458
 10
108.37753505367759
 20
119.98428354323856
 10
108.4769485529743
 20
120.0421729626921
 10
108.57616831036242
 20
120.10039382117202
 10
108.67519235430579
 20
120.15894693577606
 10
108.77401869849491
 20
120.2178331149069
 10
108.87264534189259
 20
120.27705315796197
 10
108.97107026878551
 20
120.33660785501979
 10
109.06929144884161
 20
120.39649798652209
 10
109.16730683717356
 20
120.4567243229526
 10
109.26511437440845
 20
120.51728762451182
 10
109.36271198676398
 20
120.57818864078838
 10
109.46009758613081
 20
120.63942811042676
 10
109.55726907016198
 20
120.70100676079147
 10
109.65422432236872
 20
120.76292530762797
 10
109.75096121222356
 20
120.82518445472006
 10
109.84747759527016
 20
120.88778489354421
 10
109.94377131324006
 20
120.95072730292166
 10
110.03984016988171
 20
121.0140123854782
 10
110.13568186465471
 20
121.0776409662947
 10
110.23129405730404
 20
121.14161389206978
 10
110.32667438747893
 20
121.20593200065227
 10
110.42182047474657
 20
121.27059612063172
 10
110.51672991861383
 20
121.33560707092278
 10
110.61140029855679
 20
121.40096566034295
 10
110.70582917405852
 20
121.46667268718431
 10
110.80001408465559
 20
121.53272893877889
 10
110.89395254999306
 20
121.59913519105785
 10
110.98764206988871
 20
121.66589220810445
 10
111.08108012440643
 20
121.73300074170099
 10
111.17426417393926
 20
121.80046153086968
 10
111.26719165930224
 20
121.86827530140758
 10
111.35986000183519
 20
121.93644276541563
 10
111.45226660351614
 20
122.00496462082192
 10
111.54440884708512
 20
122.07384155089932
 10
111.63628409617898
 20
122.14307422377748
 10
111.7278896954774
 20
122.2126632919495
 10
111.81922297086024
 20
122.28260939177316
 10
111.91028122957668
 20
122.35291314296715
 10
112.00106176042631
 20
122.42357514810212
 10
112.09156183395251
 20
122.4945959920871
 10
112.18177870264829
 20
122.56597624165107
 10
112.27170959991147
 20
122.6377164463984
 10
112.36135161536988
 20
122.70981729329458
 10
112.45070158494329
 20
122.78227973723021
 10
112.53975629248647
 20
122.85510474455288
 10
112.62851249436743
 20
122.92829326165796
 10
112.7169669196409
 20
123.00184621426439
 10
112.80511627024059
 20
123.07576450668016
 10
112.89295722119067
 20
123.15004902105733
 10
112.98048642083718
 20
123.22470061663715
 10
113.06770049109984
 20
123.29972012898551
 10
113.15459602774474
 20
123.37510836921872
 10
113.24116960067869
 20
123.4508661232203
 10
113.32741775426547
 20
123.52699415084875
 10
113.4133370076648
 20
123.60349318513713
 10
113.49892385519442
 20
123.68036393148424
 10
113.58417476671596
 20
123.7576070668383
 10
113.66908618804482
 20
123.83522323887335
 10
113.75365454138499
 20
123.91321306515889
 10
113.8378762257891
 20
123.99157713232314
 10
113.92174761764416
 20
124.07031599521073
 10
114.00526507118357
 20
124.14943017603498
 10
114.08842491902595
 20
124.22892016352569
 10
114.17122347274105
 20
124.30878641207286
 10
114.25365702344342
 20
124.38902934086714
 10
114.33572185505159
 20
124.46964932021713
 10
114.41741449986027
 20
124.55064641430079
 10
114.49873171734907
 20
124.63202041147794
 10
114.57967024096318
 20
124.71377108412972
 10
114.66022676743725
 20
124.79589819859059
 10
114.74039795666478
 20
124.87840151431001
 10
114.82018043158038
 20
124.96128078300265
 10
114.89957077805585
 20
125.04453574778684
 10
114.97856554481052
 20
125.12816614231116
 10
115.05716124333681
 20
125.21217168986881
 10
115.13535434784127
 20
125.29655210249982
 10
115.21314129520246
 20
125.38130708008063
 10
115.2905184849458
 20
125.4664363094012
 10
115.36748227923667
 20
125.55193946322937
 10
115.4440290028921
 20
125.63781619936235
 10
115.52015494341232
 20
125.72406615966534
 10
115.59585635103267
 20
125.81068896909721
 10
115.67112943879675
 20
125.89768423472317
 10
115.745970382652
 20
125.98505154471445
 10
115.82037532156812
 20
126.07279046733495
 10
115.89434035767965
 20
126.16090054991508
 10
115.96786155645351
 20
126.24938131781259
 10
116.04093494688222
 20
126.33823227336084
 10
116.1135563198308
 20
126.4274530585858
 10
116.18571966767908
 20
126.51704470395748
 10
116.25741804837828
 20
126.6070088815968
 10
116.32864449647383
 20
126.69734715423203
 10
116.39939203414382
 20
126.7880609661939
 10
116.4696536747047
 20
126.8791516407297
 10
116.53942242625442
 20
126.97062037737108
 10
116.60869129545142
 20
127.06246824936257
 10
116.67745329142743
 20
127.15469620115881
 10
116.74570142983093
 20
127.24730504599779
 10
116.81342873699867
 20
127.34029546355822
 10
116.88062825425115
 20
127.4336679977087
 10
116.94729304230805
 20
127.52742305435685
 10
117.01341618581868
 20
127.6215608994061
 10
117.07899079800251
 20
127.71608165682841
 10
117.14401002539347
 20
127.81098530686049
 10
117.2084670526821
 20
127.90627168433171
 10
117.27235510764835
 20
128.00194047713114
 10
117.33566746617774
 20
128.09799122482147
 10
117.39839745735269
 20
128.19442331740697
 10
117.46053846861062
 20
128.291235994263
 10
117.52208395096002
 20
128.38842834323347
 10
117.58302872684506
 20
128.48599848932832
 10
117.64337449017617
 20
128.58394025168573
 10
117.70312497414446
 20
128.68224630655166
 10
117.76228363951873
 20
128.78090964222014
 10
117.82085367306425
 20
128.87992354703863
 10
117.87883798702596
 20
128.97928159725416
 10
117.93623921822858
 20
129.0789776455521
 10
117.99305972676765
 20
129.17900581024875
 10
118.04930159426385
 20
129.2793604651005
 10
118.10496662165227
 20
129.3800362296958
 10
118.1600563264764
 20
129.481027960397
 10
118.21457193965533
 20
129.5823307418019
 10
118.26851440168949
 20
129.68393987869638
 10
118.32188435826846
 20
129.78585088847066
 10
118.37468215524086
 20
129.8880594939743
 10
118.42690783290288
 20
129.99056161678516
 10
118.47856111955824
 20
130.09335337086947
 10
118.52964142429721
 20
130.19643105661106
 10
118.58014782893812
 20
130.29979115518898
 10
118.63007907906805
 20
130.40343032328238
 10
118.67943357411316
 20
130.50734538808385
 10
118.72820523804103
 20
130.61153526264943
 10
118.7763648224652
 20
130.71600944705114
 10
118.82387565443554
 20
130.82078023079367
 10
118.8707020006752
 20
130.9258587016105
 10
118.91680930737115
 20
131.03125463824307
 10
118.96216442715951
 20
131.13697642324826
 10
119.00673583747576
 20
131.24303097409052
 10
119.05049384620528
 20
131.34942369419275
 10
119.09341078072802
 20
131.4561584450709
 10
119.13546115675331
 20
131.5632375400741
 10
119.17662182378261
 20
131.6706617596236
 10
119.21687208459998
 20
131.77843038722244
 10
119.25619378685036
 20
131.88654126492312
 10
119.29457138549238
 20
131.99499086642243
 10
119.33199197567257
 20
132.1037743855233
 10
119.36844529632486
 20
132.21288583738118
 10
119.40392370551814
 20
132.32231816974647
 10
119.43842212922604
 20
132.432063381327
 10
119.47193798575069
 20
132.54211264442046
 10
119.50447108847712
 20
132.6524564290927
 10
119.53602544717472
 20
132.76308408624982
 10
119.56664415822826
 20
132.87397440627834
 10
119.59639954683168
 20
132.98509954465288
 10
119.62535685557064
 20
133.0964353554586
 10
119.6535742372019
 20
133.2079610263632
 10
119.68110391501153
 20
133.3196584699621
 10
119.70799314583564
 20
133.43151184062862
 10
119.73428503390488
 20
133.54350714547223
 10
119.76001923379836
 20
133.65563192614707
 10
119.78523257440904
 20
133.76787499382647
 10
119.809959632328
 20
133.88022620340723
 10
119.83423328229573
 20
133.99267625536703
 10
119.85808525467479
 20
134.10521651487807
 10
119.88154673627392
 20
134.2178388377659
 10
119.90464906339984
 20
134.33053539141076
 10
119.92742457888644
 20
134.44329845499092
 10
119.94990776629648
 20
134.55612017598537
 10
119.97213685154202
 20
134.66899224520014
 10
119.99415621197846
 20
134.78190542318094
 10
120.01602024265725
 20
134.894848788581
 10
120.03777422052471
 20
135.00781339986153
 10
120.05914902565334
 20
135.12085022091844
 10
120.07958995444106
 20
135.23405922321317
 10
120.09851571934436
 20
135.34753073516578
 10
120.11545948835919
 20
135.46131454589067
 10
120.13017549755828
 20
135.57540767749032
 10
120.14265375307372
 20
135.6897673433833
 10
120.15305568119118
 20
135.80433486720472
 10
120.16162788912042
 20
135.91905416397088
 10
120.16863583336067
 20
136.03387993322463
 10
120.17432701288479
 20
136.14877871695427
 10
120.17891627170036
 20
136.26372694522357
 10
120.18258340967
 20
136.3787083949274
 10
120.18547626447508
 20
136.4937120051318
 10
120.18771555528062
 20
136.60873024907897
 10
120.18939978650403
 20
136.72375799562627
 10
120.19060956515105
 20
136.8387917355671
 10
120.19141117346999
 20
136.95382906173398
 10
120.1918594378401
 20
137.06886832020695
 10
120.19200000000001
 20
137.18390837546505
  0
LWPOLYLINE
  5
E2
330
17
100
AcDbEntity
  8
01-VISIBLE
100
AcDbPolyline
 90
401
 70
0
 10
50.19200000000001
 20
137.18390837546508
 10
50.19214056234801
 20
137.06886832020803
 10
50.19258882649829
 20
136.95382906173498
 10
50.193390434681085
 20
136.8387917355681
 10
50.19460021361004
 20
136.7237579956311
 10
50.196284444880746
 20
136.60873024908514
 10
50.198523735315604
 20
136.49371200513158
 10
50.20141659024346
 20
136.37870839493155
 10
50.20508372865578
 20
136.26372694524227
 10
50.20967298665557
 20
136.14877871694054
 10
50.21536416661402
 20
136.0338799332344
 10
50.22237211092969
 20
135.91905416398785
 10
50.23094431874699
 20
135.80433486721296
 10
50.241346246983944
 20
135.68976734340404
 10
50.25382450239643
 20
135.5754076775005
 10
50.26854051210296
 20
135.4613145459701
 10
50.285484280298185
 20
135.3475307351234
 10
50.30441004576673
 20
135.2340592232635
 10
50.32485097427605
 20
135.12085022092154
 10
50.34622577947451
 20
135.00781339987753
 10
50.367979725972475
 20
134.8948487823379
 10
50.38984361595741
 20
134.7819053895131
 10
50.411863278213744
 20
134.6689922703502
 10
50.43409222480233
 20
134.55612017410476
 10
50.456575421135945
 20
134.44329845487886
 10
50.479350936622666
 20
134.33053539129958
 10
50.5024532637488
 20
134.2178388376556
 10
50.5259147453481
 20
134.10521651476864
 10
50.549766717814435
 20
133.9926762552771
 10
50.574040367803306
 20
133.88022620332237
 10
50.59876742543333
 20
133.76787499367907
 10
50.62398076635154
 20
133.6556319260697
 10
50.64971496615585
 20
133.54350714537492
 10
50.67600685395881
 20
133.43151184047
 10
50.7028960850135
 20
133.31965846985946
 10
50.73042576282362
 20
133.20796102626153
 10
50.75864314445536
 20
133.09643535535793
 10
50.7876004437154
 20
132.98509954206148
 10
50.81735581374412
 20
132.87397439878276
 10
50.84797462587654
 20
132.7630841066899
 10
50.87952891159726
 20
132.65245642872472
 10
50.912062014103356
 20
132.54211264398833
 10
50.94557787055654
 20
132.43206338087427
 10
50.98007629448975
 20
132.3223181693656
 10
51.01555470401359
 20
132.21288583710833
 10
51.05200802480333
 20
132.10377438529702
 10
51.089428614786684
 20
131.99499086612903
 10
51.12780621304463
 20
131.88654126449467
 10
51.16712791507596
 20
131.7784303867155
 10
51.20737817612354
 20
131.67066175920397
 10
51.24853884372927
 20
131.56323753987633
 10
51.290589220094894
 20
131.45615844500716
 10
51.33350615419917
 20
131.3494236939611
 10
51.37726416249937
 20
131.24303097368337
 10
51.42183557259558
 20
131.13697642275025
 10
51.46719069291567
 20
131.03125463797426
 10
51.513297999758535
 20
130.9258587014063
 10
51.560124345514424
 20
130.82078023037465
 10
51.60763517735713
 20
130.7160094465757
 10
51.655794733341885
 20
130.61153524897014
 10
51.704565808307045
 20
130.50734509940983
 10
51.753921546275954
 20
130.40343062442827
 10
51.803852172194944
 20
130.29979115524065
 10
51.85435857590028
 20
130.1964310562097
 10
51.905438880641135
 20
130.09335337046994
 10
51.957092167298406
 20
129.99056161638757
 10
52.00931784444656
 20
129.8880594933145
 10
52.06211563807839
 20
129.7858508860855
 10
52.11548559213274
 20
129.68393987499138
 10
52.16942805435245
 20
129.5823307381981
 10
52.223943670179715
 20
129.4810279582205
 10
52.27903337879095
 20
129.38003622958627
 10
52.334698409522446
 20
129.27936046683965
 10
52.390940278659194
 20
129.17900581290692
 10
52.44776078655986
 20
129.07897764784713
 10
52.50516201509179
 20
128.97928159801137
 10
52.56314632535001
 20
128.87992354563528
 10
52.62171635563452
 20
128.78090963888957
 10
52.680875019659986
 20
128.68224630241502
 10
52.74062550497179
 20
128.58394024836852
 10
52.800971271541535
 20
128.48599848800805
 10
52.86191605139897
 20
128.38842834440084
 10
52.923461540238115
 20
128.29123599953004
 10
52.98560254838299
 20
128.1944233206733
 10
53.04833253455636
 20
128.09799122483565
 10
53.11164488983975
 20
128.00194047500858
 10
53.175532944245056
 20
127.90627168183737
 10
53.23998997301131
 20
127.81098530536774
 10
53.30500920261204
 20
127.71608165685065
 10
53.37058381646004
 20
127.62156090058313
 10
53.43670696029766
 20
127.52742305576348
 10
53.50337174726262
 20
127.43366799833905
 10
53.570571262620305
 20
127.34029546282568
 10
53.63829856815535
 20
127.24730504407776
 10
53.70654670621629
 20
127.15469619898855
 10
53.77530870340853
 20
127.06246824810104
 10
53.844577573932284
 20
126.97062037711017
 10
53.91434632601652
 20
126.879151640878
 10
53.98460796668535
 20
126.78806096642575
 10
54.055355503597404
 20
126.69734715387351
 10
54.12658195111796
 20
126.60700888078655
 10
54.19828033219877
 20
126.51704470345305
 10
54.27044368464831
 20
126.42745306180109
 10
54.34306505009076
 20
126.33823227047655
 10
54.41613844285361
 20
126.2493813168115
 10
54.489659644674276
 20
126.16090055146785
 10
54.56362467474733
 20
126.07279046380677
 10
54.638029617570076
 20
125.98505154449221
 10
54.71287056150443
 20
125.89768423456981
 10
54.788143649332284
 20
125.8106889690001
 10
54.863845056963896
 20
125.72406615957914
 10
54.93997099744193
 20
125.63781619923999
 10
55.01651772102093
 20
125.55193946304
 10
55.093481515228085
 20
125.4664363091376
 10
55.17085870490595
 20
125.38130707975867
 10
55.24864565223781
 20
125.2965521021521
 10
55.32683875675605
 20
125.21217168953503
 10
55.40543445533432
 20
125.1281661420272
 10
55.484429222163996
 20
125.04453574757487
 10
55.56381956871526
 20
124.96128078286411
 10
55.64360204368364
 20
124.87840151422341
 10
55.72377323292231
 20
124.79589819851596
 10
55.80432975936067
 20
124.71377108402119
 10
55.88526828290976
 20
124.6320204113062
 10
55.96658550035491
 20
124.55064641408666
 10
56.04827814163203
 20
124.46964931645573
 10
56.13034297845438
 20
124.38902934238808
 10
56.21277652604769
 20
124.30878641041416
 10
56.29557508248703
 20
124.2289201646856
 10
56.3787349290382
 20
124.14943017584909
 10
56.46225238262291
 20
124.07031599507388
 10
56.5461237744983
 20
123.99157713220913
 10
56.63034545888223
 20
123.9132130650244
 10
56.71491381217652
 20
123.83522323869032
 10
56.79982523345927
 20
123.75760706660607
 10
56.8850761449568
 20
123.6803639312268
 10
56.970662992495164
 20
123.60349318489068
 10
57.05658224593167
 20
123.52699415064534
 10
57.142830399566506
 20
123.45086612307259
 10
57.229403972534975
 20
123.37510836911173
 10
57.31629950918047
 20
123.29972012888042
 10
57.403513579408546
 20
123.22470061649312
 10
57.49104277902248
 20
123.15004902087642
 10
57.57888372781709
 20
123.07576450395256
 10
57.66703308135853
 20
123.00184621504869
 10
57.755487507100916
 20
122.92829326300242
 10
57.84424370599558
 20
122.85510474227765
 10
57.93329841486346
 20
122.78227973658159
 10
58.022648387516526
 20
122.70981729644048
 10
58.11229039676313
 20
122.63771644181574
 10
58.20222129752287
 20
122.56597624146143
 10
58.29243816764742
 20
122.49459599370684
 10
58.382938244058394
 20
122.42357515339954
 10
58.47371877740616
 20
122.35291315147443
 10
58.564777037215
 20
122.28260940169523
 10
58.65611031194696
 20
122.21266330102151
 10
58.74771590902742
 20
122.14307422992997
 10
58.83959115486449
 20
122.07384155273061
 10
58.931733394862434
 20
122.00496461787742
 10
59.02413999342928
 20
121.93644275827367
 10
59.116808333978895
 20
121.8682752915721
 10
59.20973581892758
 20
121.80046152046945
 10
59.302919869685525
 20
121.73300073299583
 10
59.396357926643155
 20
121.66589220279869
 10
59.49004744915264
 20
121.59913518942139
 10
59.5839859155495
 20
121.53272893864016
 10
59.67817082621187
 20
121.46667268714015
 10
59.77259970172494
 20
121.40096566031647
 10
59.86727008159355
 20
121.33560707079005
 10
59.962179525382155
 20
121.27059612038568
 10
60.05732561265151
 20
121.2059320004103
 10
60.152705942891146
 20
121.14161389192535
 10
60.24831813534284
 20
121.07764096585697
 10
60.34415983120763
 20
121.01401238668434
 10
60.44022868516842
 20
120.95072730005975
 10
60.53652240653726
 20
120.88778489588367
 10
60.633038787070745
 20
120.82518445318146
 10
60.72977567733467
 20
120.76292530673442
 10
60.82673093027218
 20
120.70100676104197
 10
60.92390241491968
 20
120.63942811165144
 10
61.021288014709114
 20
120.57818864268629
 10
61.118885627039504
 20
120.51728762637052
 10
61.21669316380854
 20
120.45672432406013
 10
61.3147085514105
 20
120.39649798644307
 10
61.412929730730944
 20
120.33660785373601
 10
61.511354657138455
 20
120.27705315587795
 10
61.609981300473336
 20
120.2178331127204
 10
61.708807645033545
 20
120.1589469342144
 10
61.80783168955776
 20
120.10039382059432
 10
61.90705144722396
 20
120.04217296258933
 10
62.00646494672864
 20
119.9842835434948
 10
62.106070231429925
 20
119.92672473796073
 10
62.205865359247944
 20
119.86949571205629
 10
62.30584840316472
 20
119.81259562437825
 10
62.40601745117952
 20
119.75602362623351
 10
62.506370606261854
 20
119.6997788618181
 10
62.60690598630222
 20
119.64386046839238
 10
62.70762172406069
 20
119.58826757645286
 10
62.808515967113394
 20
119.53299930990033
 10
62.909586877520326
 20
119.47805478569376
 10
63.01083262857675
 20
119.42343310809876
 10
63.11225147098442
 20
119.36913349242302
 10
63.2138417255634
 20
119.31515525500267
 10
63.315601748108946
 20
119.26149775010097
 10
63.417529911923026
 20
119.2081603380713
 10
63.51962459783363
 20
119.1551423666895
 10
63.62188419135447
 20
119.10244316561489
 10
63.72430708664275
 20
119.05006205393019
 10
63.82689169598228
 20
118.99799835885472
 10
63.92963644155323
 20
118.9462513999618
 10
64.03253975193894
 20
118.89482048234629
 10
64.13560006760834
 20
118.84370490755002
 10
64.23881583987317
 20
118.7929039716783
 10
64.34218553086365
 20
118.74241696552072
 10
64.44570761350289
 20
118.69224317466995
 10
64.54938057147977
 20
118.64238187963842
 10
64.65320289922073
 20
118.59283235597303
 10
64.75717310186008
 20
118.54359387436777
 10
64.86128969520924
 20
118.49466570077433
 10
64.96555120572476
 20
118.44604709651075
 10
65.0699561704752
 20
118.397737318368
 10
65.17450313710681
 20
118.34973561871467
 10
65.27919066380854
 20
118.30204124559957
 10
65.38401731927546
 20
118.25465344285253
 10
65.4889816827307
 20
118.20757145031706
 10
65.59408234794537
 20
118.16079451306177
 10
65.6993179084619
 20
118.11432184839333
 10
65.80468698682547
 20
118.0681527120677
 10
65.91018825464926
 20
118.02228644590471
 10
66.01582042383967
 20
117.97672246042643
 10
66.12158222837022
 20
117.93146019470403
 10
66.22747240938872
 20
117.88649908244528
 10
66.33348970977386
 20
117.84183853915485
 10
66.43963287800875
 20
117.79747797107044
 10
66.54590067540546
 20
117.75341679252743
 10
66.65229187528836
 20
117.70965442444637
 10
66.75880524860843
 20
117.6661902595299
 10
66.86543957956773
 20
117.62302370021736
 10
66.97219365901964
 20
117.58015414276144
 10
67.07906628530544
 20
117.53758097937617
 10
67.1860562646103
 20
117.4953035992343
 10
67.29316241094111
 20
117.45332138854174
 10
67.40038354610365
 20
117.41163373061075
 10
67.50771849967927
 20
117.37024000593198
 10
67.61516610900068
 20
117.32913959224523
 10
67.72272521912728
 20
117.28833186460912
 10
67.8303946828199
 20
117.24781619546951
 10
67.93817336051495
 20
117.20759195472674
 10
68.04606012029801
 20
117.16765850980174
 10
68.15405383787694
 20
117.12801522570103
 10
68.26215339655442
 20
117.08866146508048
 10
68.37035768720013
 20
117.04959658830794
 10
68.47866560822227
 20
117.01081995352483
 10
68.58707606553888
 20
116.97233091670654
 10
68.6955879702825
 20
116.93412882527646
 10
68.80420026189894
 20
116.89621308431568
 10
68.9129119214789
 20
116.85858319707404
 10
69.02172194461023
 20
116.82123868948236
 10
69.13062933586168
 20
116.78417909490648
 10
69.23963310604071
 20
116.74740394644807
 10
69.34873227096409
 20
116.71091277342775
 10
69.45792585117758
 20
116.67470510057413
 10
69.5672128721793
 20
116.6387804487081
 10
69.67659236481312
 20
116.60313833597725
 10
69.78606336560262
 20
116.56777827895944
 10
69.8956249168941
 20
116.53269979321789
 10
70.00527606676911
 20
116.49790239315169
 10
70.11501586877057
 20
116.46338559124644
 10
70.22484338156619
 20
116.42914889708783
 10
70.33475766874452
 20
116.39519181675887
 10
70.4447577990047
 20
116.36151385349565
 10
70.55484284706158
 20
116.32811451073034
 10
70.66501189361674
 20
116.29499329215243
 10
70.7752640254025
 20
116.26214970204909
 10
70.88559833365441
 20
116.22958324027181
 10
70.99601391279663
 20
116.19729339777551
 10
71.10650986436296
 20
116.16527966996593
 10
71.21708529688527
 20
116.13354155663129
 10
71.32773932416309
 20
116.10207855617932
 10
71.43847106379413
 20
116.07089016052703
 10
71.5492796370982
 20
116.03997585474089
 10
71.66016417086986
 20
116.00933512327882
 10
71.77112380074863
 20
115.9789674624431
 10
71.88215767539782
 20
115.94887239641817
 10
71.9932649601346
 20
115.91904949203725
 10
72.10444483815269
 20
115.88949836520078
 10
72.21569650702588
 20
115.86021866965707
 10
72.32701916777415
 20
115.83121005665303
 10
72.4384120131253
 20
115.8024721295179
 10
72.549874248566
 20
115.77400452428641
 10
72.66140508201279
 20
115.74580687024367
 10
72.77300372493481
 20
115.71787879428965
 10
72.88466939269294
 20
115.6902199223277
 10
72.99640130452696
 20
115.66282987929338
 10
73.10819868354224
 20
115.635708289183
 10
73.22006075669658
 20
115.6088547750817
 10
73.33198675478667
 20
115.5822689591912
 10
73.44397591243447
 20
115.55595046285707
 10
73.55602746807345
 20
115.52989890659569
 10
73.66814066393468
 20
115.50411391012071
 10
73.78031474603279
 20
115.47859509236926
 10
73.89254896415183
 20
115.45334207152763
 10
74.00484257273823
 20
115.42835446914337
 10
74.11719482834533
 20
115.40363189874294
 10
74.22960499036611
 20
115.37917396903381
 10
74.34207232482717
 20
115.35498030139212
 10
74.45459610195277
 20
115.3310505191197
 10
74.56717559468831
 20
115.30738424063571
 10
74.679810078265
 20
115.28398107727897
 10
74.7924988307325
 20
115.26084063569353
 10
74.90524113438663
 20
115.23796252476836
 10
75.01803627802023
 20
115.21534636710138
 10
75.1308835599266
 20
115.19299181495673
 10
75.24378229158515
 20
115.17089857068346
 10
75.35673179926867
 20
115.1490663975871
 10
75.46973141164591
 20
115.12749505810945
 10
75.58278045882817
 20
115.10618430890767
 10
75.69587827331723
 20
115.08513390572396
 10
75.80902418994462
 20
115.0643436031062
 10
75.92221754586835
 20
115.04381315442501
 10
76.03545768056965
 20
115.02354231189082
 10
76.14874393584947
 20
115.00353082657048
 10
76.26207565582496
 20
114.98377844840401
 10
76.37545218692583
 20
114.964284926221
 10
76.4888728778906
 20
114.94505000775693
 10
76.60233707976279
 20
114.92607343966938
 10
76.71584414588696
 20
114.9073549675539
 10
76.82939343190466
 20
114.88889433595998
 10
76.94298429575042
 20
114.87069128840666
 10
77.05661609764742
 20
114.85274556739807
 10
77.17028820010327
 20
114.83505691443887
 10
77.28399996790567
 20
114.81762507004933
 10
77.39775076811786
 20
114.8004497737806
 10
77.51153997007418
 20
114.78353076422947
 10
77.6253669453754
 20
114.7668677790532
 10
77.73923106786228
 20
114.75046055483178
 10
77.85313171346972
 20
114.73430882608574
 10
77.96706826159694
 20
114.7184123350604
 10
78.08104009283122
 20
114.70277081575117
 10
78.19504658935278
 20
114.68738399648382
 10
78.30908713621196
 20
114.67225160926351
 10
78.42316112252932
 20
114.65737339934556
 10
78.53726794261596
 20
114.6427491350257
 10
78.65140699697258
 20
114.6283786173385
 10
78.76557768996985
 20
114.61426166371075
 10
78.87977942691411
 20
114.60039808520231
 10
78.9940116152629
 20
114.58678769630318
 10
79.10827366439439
 20
114.57343031333141
 10
79.22256498558036
 20
114.56032575444398
 10
79.33688499195927
 20
114.54747383964714
 10
79.45123309850904
 20
114.53487439080669
 10
79.56560872202034
 20
114.5225272316577
 10
79.68001128106937
 20
114.51043218781425
 10
79.79444019599102
 20
114.49858908677857
 10
79.90889488885189
 20
114.48699775795018
 10
80.0233747834234
 20
114.47565803263456
 10
80.13787930515483
 20
114.46456974405167
 10
80.25240788114684
 20
114.45373272734773
 10
80.36695994013829
 20
114.4431468197524
 10
80.48153491246657
 20
114.43281186045752
 10
80.59613223003964
 20
114.42272769061455
 10
80.71075132631468
 20
114.4128941534065
 10
80.82539163627084
 20
114.4033110940569
 10
80.94005259638202
 20
114.39397835983856
 10
81.05473364458963
 20
114.38489580008209
 10
81.16943422027536
 20
114.3760632661841
 10
81.28415376423398
 20
114.36748061161522
 10
81.39889171864613
 20
114.35914769192783
 10
81.51364752707381
 20
114.35106436508939
 10
81.62842063448362
 20
114.34323049224385
 10
81.74321048643706
 20
114.33564592607064
 10
81.85801653269012
 20
114.32831056628527
 10
81.97283822892295
 20
114.32122439423202
 10
82.08767503435399
 20
114.31438744476483
 10
82.20252640840192
 20
114.30779975631346
 10
82.31739180895408
 20
114.30146134033518
 10
82.4322706938434
 20
114.29537220509424
 10
82.54716252112961
 20
114.28953236043185
 10
82.66206674816748
 20
114.2839417993538
 10
82.7769828322625
 20
114.27860050902571
 10
82.89191023062133
 20
114.27350846870532
 10
83.0068484004127
 20
114.26866564974328
 10
83.12179679882829
 20
114.26407201558493
 10
83.23675488314382
 20
114.25972752177324
 10
83.35172211077982
 20
114.25563211595288
 10
83.46669793936246
 20
114.25178573787528
 10
83.58168182678436
 20
114.24818831940496
 10
83.69667323126517
 20
114.24483978452672
 10
83.81167161141212
 20
114.24174004935412
 10
83.9266764262806
 20
114.23888902213898
 10
84.04168713543424
 20
114.23628660328191
 10
84.15670319900525
 20
114.23393268534397
 10
84.27172407775424
 20
114.23182715305941
 10
84.38674923313017
 20
114.22996988334948
 10
84.50177812732981
 20
114.22836074533723
 10
84.6168102233573
 20
114.22699960036344
 10
84.73184498508317
 20
114.2258863020036
 10
84.84688187730333
 20
114.2250206960859
 10
84.96192036579778
 20
114.22440262071026
 10
85.07695991738899
 20
114.22403190626844
 10
85.19200000000001
 20
114.22390837546506
  0
LINE
  5
E3
330
17
100
AcDbEntity
  8
01-VISIBLE
100
AcDbLine
 10
120.19200000000001
 20
137.18390837546508
 30
0.0
 11
119.55200000000005
 21
137.18390837546508
 31
0.0
  0
LWPOLYLINE
  5
E4
330
17
100
AcDbEntity
  8
01-VISIBLE
100
AcDbPolyline
 90
401
 70
0
 10
119.55200000000002
 20
137.18390837546505
 10
119.5515683594157
 20
137.07132498138526
 10
119.55027165922871
 20
136.9587482292311
 10
119.54810750022642
 20
136.8461848131624
 10
119.54507384624233
 20
136.7336414754048
 10
119.54116902993435
 20
136.62112499619295
 10
119.536391757777
 20
136.5086421834774
 10
119.5307411142384
 20
136.3961998624342
 10
119.5242165651171
 20
136.28380486481885
 10
119.51681796001813
 20
136.17146401820753
 10
119.50854553395226
 20
136.0591841351698
 10
119.49939990804748
 20
135.94697200241743
 10
119.48938208936616
 20
135.83483436997517
 10
119.47849346982684
 20
135.72277794041875
 10
119.46673582423426
 20
135.61080935822545
 10
119.45411130742625
 20
135.49893519928185
 10
119.44062245055119
 20
135.3871619605923
 10
119.42627215649463
 20
135.2754960502307
 10
119.41106369447769
 20
135.1639437775758
 10
119.3950006938548
 20
135.05251134386864
 10
119.37808713959703
 20
134.94120483274875
 10
119.36032735856006
 20
134.83003020251178
 10
119.34172574871292
 20
134.71899332207016
 10
119.32228660660985
 20
134.6080999998392
 10
119.30201412193739
 20
134.4973559889027
 10
119.28091237720244
 20
134.38676699138315
 10
119.25898534750124
 20
134.27633866277023
 10
119.2362369003636
 20
134.16607661620984
 10
119.21267079566856
 20
134.0559864267548
 10
119.18829068562638
 20
133.94607363557975
 10
119.1631001148231
 20
133.83634375416133
 10
119.1371025203238
 20
133.7268022684268
 10
119.11030123183107
 20
133.61745464287242
 10
119.08269947189555
 20
133.50830632465443
 10
119.05430035617519
 20
133.39936274765523
 10
119.0251068937412
 20
133.29062933652676
 10
118.99512198742747
 20
133.18211151071404
 10
118.96434843422207
 20
133.0738146884616
 10
118.93278892569819
 20
132.9657442908052
 10
118.90044604848342
 20
132.85790574555205
 10
118.8673224773035
 20
132.75030443149853
 10
118.83342256578385
 20
132.6429451736341
 10
118.79875160619935
 20
132.53583243250188
 10
118.7633149171344
 20
132.42897057626473
 10
118.72711783146394
 20
132.32236388446816
 10
118.69016569319324
 20
132.21601654920389
 10
118.65246385438948
 20
132.1099326763385
 10
118.61401767220644
 20
132.00411628680328
 10
118.57483250600185
 20
131.89857131794113
 10
118.53491371454824
 20
131.79330162490675
 10
118.49426665333701
 20
131.68831098211598
 10
118.45289667197548
 20
131.58360308474096
 10
118.41080911167658
 20
131.4791815502473
 10
118.3680093028407
 20
131.37504991996963
 10
118.3245025627289
 20
131.27121166072268
 10
118.28029419322647
 20
131.167670166444
 10
118.23538947869633
 20
131.06442875986573
 10
118.18979368392058
 20
130.96149069421207
 10
118.14351205212924
 20
130.85885915491988
 10
118.09654980311495
 20
130.75653726137952
 10
118.0489121414553
 20
130.6545280639821
 10
118.00060448441985
 20
130.55283443627587
 10
117.95163246938098
 20
130.45145906514824
 10
117.90200172158134
 20
130.35040455767881
 10
117.85171784118816
 20
130.24967344801962
 10
117.8007864013298
 20
130.14926819923943
 10
117.74921294622334
 20
130.04919120518193
 10
117.69700298939088
 20
129.94944479233612
 10
117.64416201196327
 20
129.85003122171517
 10
117.59069546106937
 20
129.75095269074217
 10
117.53660874830857
 20
129.65221133514012
 10
117.4819072483051
 20
129.55380923082407
 10
117.4265962973418
 20
129.45574839579356
 10
117.37068119207143
 20
129.35803079202344
 10
117.31416718830319
 20
129.26065832735102
 10
117.25705949986295
 20
129.16363285735855
 10
117.19936329752426
 20
129.066956187249
 10
117.14108370800875
 20
128.9706300737141
 10
117.08222581305321
 20
128.87465622679326
 10
117.02279464854168
 20
128.77903631172228
 10
116.96279520370003
 20
128.68377195077082
 10
116.90223243268537
 20
128.58886471716005
 10
116.84111145901183
 20
128.4943160037039
 10
116.77943755819729
 20
128.40012702870106
 10
116.7172159882931
 20
128.30629894279946
 10
116.65445198276744
 20
128.21283283405472
 10
116.59115074901257
 20
128.11972972946978
 10
116.5273174669204
 20
128.02699059653906
 10
116.46295728752554
 20
127.93461634479581
 10
116.39807533171441
 20
127.84260782736044
 10
116.33267668899914
 20
127.75096584248823
 10
116.26676641635514
 20
127.65969113511474
 10
116.20034953712069
 20
127.56878439839726
 10
116.13343103995743
 20
127.4782462752508
 10
116.06601587787003
 20
127.38807735987741
 10
115.99810896728391
 20
127.29827819928744
 10
115.9297151871791
 20
127.2088492948113
 10
115.86083937827921
 20
127.11979110360103
 10
115.79148634229352
 20
127.03110404012031
 10
115.7216608412111
 20
126.94278847762202
 10
115.65136759664503
 20
126.85484474961252
 10
115.58061128922542
 20
126.76727315130194
 10
115.50939655803973
 20
126.68007394103941
 10
115.4377279924112
 20
126.59324734811514
 10
115.36561008607015
 20
126.50679361226916
 10
115.29304727986263
 20
126.42071295051335
 10
115.22004398964606
 20
126.33500553482183
 10
115.14660460554411
 20
126.2496714931901
 10
115.07273349110841
 20
126.16471091080324
 10
114.99843498252253
 20
126.0801238311997
 10
114.92371338784774
 20
125.99591025743027
 10
114.84857298630948
 20
125.9120701532106
 10
114.77301802762366
 20
125.82860344406691
 10
114.69705273136209
 20
125.74551001847391
 10
114.62068128635578
 20
125.66278972898395
 10
114.54390785013555
 20
125.5804423933472
 10
114.4667365484088
 20
125.49846779562152
 10
114.38917147457147
 20
125.41686568727197
 10
114.31121668925441
 20
125.335635788259
 10
114.23287621990303
 20
125.2547777881151
 10
114.15415406038943
 20
125.17429134700909
 10
114.0750541706559
 20
125.09417609679795
 10
113.99558047638898
 20
125.01443164206547
 10
113.915736868723
 20
124.93505756114769
 10
113.83552720397233
 20
124.85605340714447
 10
113.75495530337703
 20
124.77741870893176
 10
113.67402491692228
 20
124.69915300941506
 10
113.59273965050377
 20
124.62125594355885
 10
113.51110306486831
 20
124.54372713908491
 10
113.42911869852554
 20
124.46656619337531
 10
113.34679006728061
 20
124.38977267429212
 10
113.26412066379184
 20
124.31334612099154
 10
113.18111395715277
 20
124.23728604473222
 10
113.09777339249813
 20
124.16159192967707
 10
113.01410239063303
 20
124.08626323368844
 10
112.93010434768524
 20
124.01129938911578
 10
112.8457826347796
 20
123.93669980357599
 10
112.76114059773431
 20
123.86246386072563
 10
112.67618155677837
 20
123.78859092102489
 10
112.5909088062899
 20
123.71508032249298
 10
112.50532561455444
 20
123.64193138145464
 10
112.41943522354295
 20
123.5691433932775
 10
112.33324084870898
 20
123.49671563310015
 10
112.24674567880425
 20
123.4246473565505
 10
112.1599528757123
 20
123.35293780045451
 10
112.07286557429966
 20
123.2815861835349
 10
111.98548688228387
 20
123.21059170709974
 10
111.897819880118
 20
123.1399535557209
 10
111.80986762089108
 20
123.06967089790206
 10
111.72163312853833
 20
122.9997428888956
 10
111.63311931019925
 20
122.93016878297624
 10
111.54432891906535
 20
122.86094798512923
 10
111.45526468050261
 20
122.79207989395877
 10
111.36592930269892
 20
122.72356388850103
 10
111.27632547642476
 20
122.65539932874833
 10
111.18645587480718
 20
122.58758555616936
 10
111.09632315311651
 20
122.5201218942248
 10
111.00592994856574
 20
122.45300764887855
 10
110.91527888012222
 20
122.38624210910413
 10
110.82437254833144
 20
122.31982454738603
 10
110.73321353515269
 20
122.25375422021621
 10
110.64180440380609
 20
122.18803036858499
 10
110.55014769863115
 20
122.12265221846684
 10
110.45824594495615
 20
122.05761898130041
 10
110.36610164897837
 20
121.99292985446294
 10
110.27371729765476
 20
121.92858402173894
 10
110.18109535860279
 20
121.86458065378288
 10
110.08823828001141
 20
121.80091890857595
 10
109.9951484905614
 20
121.73759793187668
 10
109.9018283993555
 20
121.67461685766548
 10
109.80828039585734
 20
121.61197480858293
 10
109.71450684983955
 20
121.54967089636168
 10
109.62051011134035
 20
121.48770422225219
 10
109.52629251062862
 20
121.42607387744192
 10
109.4318563542808
 20
121.36477894948736
 10
109.33720387060399
 20
121.30381860767316
 10
109.24233722537053
 20
121.2431920814449
 10
109.14725856746315
 20
121.18289859099923
 10
109.05197003001899
 20
121.12293734576735
 10
108.95647373035939
 20
121.06330754477072
 10
108.86077176992647
 20
121.00400837697224
 10
108.76486623422662
 20
120.94503902162316
 10
108.66875919278053
 20
120.88639864860558
 10
108.57245269907979
 20
120.82808641877028
 10
108.47594879054974
 20
120.77010148427027
 10
108.37924948851841
 20
120.71244298888955
 10
108.2823567981915
 20
120.6551100683673
 10
108.18527270863306
 20
120.59810185071761
 10
108.08799919275194
 20
120.54141745654431
 10
107.99053820729347
 20
120.48505599935129
 10
107.89289169283673
 20
120.42901658584805
 10
107.79506157379674
 20
120.37329831625063
 10
107.69704975843177
 20
120.31790028457775
 10
107.59885813885539
 20
120.26282157894231
 10
107.50048859105326
 20
120.2080612818381
 10
107.40194297490443
 20
120.15361847042195
 10
107.30322313420703
 20
120.09949221679103
 10
107.20433089670817
 20
120.04568158825559
 10
107.10526807413795
 20
119.99218564760696
 10
107.00603646224738
 20
119.93900345338096
 10
106.9066378107046
 20
119.88613411691792
 10
106.80707365761204
 20
119.83357711790512
 10
106.70734545490426
 20
119.78133207631615
 10
106.6074546499452
 20
119.72939860030681
 10
106.50740268561542
 20
119.67777628595061
 10
106.40719100017319
 20
119.62646471740482
 10
106.30682102711852
 20
119.57546346707723
 10
106.20629419506051
 20
119.5247720957936
 10
106.10561192758772
 20
119.47439015296568
 10
106.00477564314176
 20
119.42431717675973
 10
105.90378675489393
 20
119.37455269426538
 10
105.80264667062508
 20
119.32509622166504
 10
105.70135679260841
 20
119.27594726440336
 10
105.59991851749562
 20
119.22710531735711
 10
105.4983332362059
 20
119.17856986500503
 10
105.39660233381817
 20
119.13034038159789
 10
105.29472718946623
 20
119.08241633132845
 10
105.19270917623716
 20
119.0347971685014
 10
105.09054966107247
 20
118.9874823377033
 10
104.98825000467254
 20
118.9404712739721
 10
104.88581156140376
 20
118.89376340296658
 10
104.7832356792089
 20
118.84735814113554
 10
104.68052369952022
 20
118.80125489588644
 10
104.57767695717558
 20
118.75545306575376
 10
104.47469678033741
 20
118.70995204056688
 10
104.3715844904146
 20
118.66475120161738
 10
104.26834140210568
 20
118.61984992155223
 10
104.16496890564967
 20
118.57524737340536
 10
104.06146860411783
 20
118.53094220425423
 10
103.95784211573044
 20
118.48693298432094
 10
103.85409103455825
 20
118.44321829809043
 10
103.7502169309123
 20
118.3997967443591
 10
103.6462213517278
 20
118.35666693627992
 10
103.54210582094245
 20
118.31382750140435
 10
103.4378718398689
 20
118.27127708172114
 10
103.3335208875617
 20
118.22901433369252
 10
103.22905442117869
 20
118.18703792828758
 10
103.12447387633668
 20
118.14534655101342
 10
103.0197806674619
 20
118.103938901944
 10
102.91497618813477
 20
118.06281369574707
 10
102.81006181142953
 20
118.02196966170918
 10
102.70503889024836
 20
117.98140554375914
 10
102.5999087576504
 20
117.94112010049001
 10
102.49467272717551
 20
117.90111210517978
 10
102.38933209316293
 20
117.86138034581094
 10
102.28388813106481
 20
117.82192362508917
 10
102.17834209775484
 20
117.78274076046114
 10
102.07269523183183
 20
117.74383058413179
 10
101.9669487539186
 20
117.70519194308112
 10
101.86110386695579
 20
117.6668236990807
 10
101.7551617564912
 20
117.62872472870995
 10
101.6491235909643
 20
117.59089392337252
 10
101.54299052198617
 20
117.55333018931277
 10
101.43676368461493
 20
117.51603244763254
 10
101.3304441648487
 20
117.47899972868606
 10
101.22403244490059
 20
117.44223278261694
 10
101.1175285127183
 20
117.40573381282519
 10
101.01093237731561
 20
117.36950500955157
 10
100.90424408638258
 20
117.33354849757768
 10
100.79746372620612
 20
117.29786633445337
 10
100.69059142153193
 20
117.26246050879573
 10
100.58362733536765
 20
117.2273329386633
 10
100.47657166872781
 20
117.19248547000976
 10
100.36942466032109
 20
117.1579198752203
 10
100.26218658618042
 20
117.12363785173422
 10
100.15485775923734
 20
117.08964102075683
 10
100.04743852884123
 20
117.05593092606374
 10
99.93992928022503
 20
117.02250903289985
 10
99.83233043391884
 20
116.9893767269757
 10
99.72464244511302
 20
116.95653531356324
 10
99.6168658029726
 20
116.92398601669244
 10
99.50900102990505
 20
116.89172997845098
 10
99.40104868078325
 20
116.85976825838735
 10
99.29300934212621
 20
116.82810183301898
 10
99.18488363123964
 20
116.79673159544548
 10
99.07667219531889
 20
116.76565835506764
 10
98.9683757105168
 20
116.73488283741179
 10
98.85999488097907
 20
116.70440568405944
 10
98.75153043784987
 20
116.67422745268146
 10
98.64298313825044
 20
116.64434861717587
 10
98.53435376423337
 20
116.61476956790787
 10
98.4256431217155
 20
116.5854906120509
 10
98.31685204352904
 20
116.55651195841936
 10
98.20798204416145
 20
116.52783122235509
 10
98.0990359632867
 20
116.49944084945038
 10
97.99001666982578
 20
116.47133291702977
 10
97.88092689057903
 20
116.44349979557623
 10
97.77176921999933
 20
116.4159341305164
 10
97.66254612920422
 20
116.38862882512262
 10
97.55325997430123
 20
116.36157702442577
 10
97.4439130040928
 20
116.33477210004204
 10
97.33450736722065
 20
116.30820763582383
 10
97.2250451188034
 20
116.2818774142516
 10
97.11552822661625
 20
116.25577540348861
 10
97.00595857685697
 20
116.22989574502628
 10
96.89633797953839
 20
116.20423274185009
 10
96.7866681735443
 20
116.17878084706086
 10
96.67695083138258
 20
116.15353465288725
 10
96.56718756366709
 20
116.12848888002787
 10
96.4573799233572
 20
116.10363836726214
 10
96.34752940978265
 20
116.0789780612689
 10
96.2376374724794
 20
116.05450300659186
 10
96.12770551486119
 20
116.0302083356892
 10
96.01773489775107
 20
116.00608925900242
 10
95.90772694279582
 20
115.98214105497652
 10
95.79768293578682
 20
115.95835905995891
 10
95.68760412991081
 20
115.93473865789906
 10
95.57749174895399
 20
115.9112752697637
 10
95.46734699048521
 20
115.88796434257341
 10
95.35717102904374
 20
115.86480133795573
 10
95.24696501936062
 20
115.84178172009618
 10
95.13673007945268
 20
115.81890104049575
 10
95.02646524398531
 20
115.79616487848656
 10
94.91616573715888
 20
115.77359753427294
 10
94.80582647483547
 20
115.75122539689558
 10
94.69544255828907
 20
115.72907465618445
 10
94.5850093493971
 20
115.70717101176203
 10
94.47452254160365
 20
115.68553938157558
 10
94.36397822393184
 20
115.6642036188592
 10
94.25337293560698
 20
115.64318624635749
 10
94.14270370930768
 20
115.62250821604505
 10
94.03196810165352
 20
115.60218870148172
 10
93.92116421021336
 20
115.58224492843581
 10
93.81029067701792
 20
115.56269204760764
 10
93.6993466792226
 20
115.5435430513396
 10
93.58833190814208
 20
115.52480873425844
 10
93.47724653832412
 20
115.50649769600264
 10
93.36609118862694
 20
115.48861638265518
 10
93.2548668774066
 20
115.4711691623113
 10
93.1435749739185
 20
115.45415842939894
 10
93.03221714791317
 20
115.43758473193938
 10
92.92079531919038
 20
115.42144691585663
 10
92.80931160859961
 20
115.40574228066305
 10
92.69776829166901
 20
115.39046674129868
 10
92.58616775573631
 20
115.37561499151414
 10
92.47451246116415
 20
115.36118066489134
 10
92.36280490696313
 20
115.34715649033609
 10
92.25104760092684
 20
115.33353443960323
 10
92.13924303420791
 20
115.32030586509192
 10
92.02739366013151
 20
115.30746162675499
 10
91.91550187694924
 20
115.29499220748579
 10
91.80357031395584
 20
115.2828850207203
 10
91.6916033787711
 20
115.27110935703863
 10
91.57960559187116
 20
115.25963076066836
 10
91.46758076736003
 20
115.24841905182748
 10
91.35553216272915
 20
115.23744750020067
 10
91.24346259509173
 20
115.22669214878219
 10
91.13137453112111
 20
115.2161312695331
 10
91.01927015806794
 20
115.20574491495051
 10
90.90715144108727
 20
115.19551453894377
 10
90.79502017069993
 20
115.18542266652159
 10
90.68287800329071
 20
115.17545259568541
 10
90.57072649696175
 20
115.16558811715223
 10
90.45856714472585
 20
115.15581323837786
 10
90.34640140690314
 20
115.14611189787136
 10
90.2342307446699
 20
115.1364676538146
 10
90.12205665704114
 20
115.12686332707582
 10
90.00988072423775
 20
115.1172805719491
 10
89.89770466158173
 20
115.10769933675735
 10
89.78553039012577
 20
115.0980971578991
 10
89.6733601338315
 20
115.08844819954192
 10
89.56119655960399
 20
115.07872189639158
 10
89.44904298868919
 20
115.06888095726367
 10
89.33690373213535
 20
115.05887829602968
 10
89.22478465436406
 20
115.04865206587515
 10
89.11269418747841
 20
115.03811710855386
 10
89.00064532416643
 20
115.02714901434774
 10
88.88866002496736
 20
115.01555106202547
 10
88.77678079259344
 20
115.00297424015565
 10
88.66511096895765
 20
114.98866903018268
 10
88.55407352002257
 20
114.97018890243312
 10
88.45119595248109
 20
114.92789588544244
 10
88.34371139165302
 20
114.89896436538284
 10
88.23148408947264
 20
114.89016193442177
 10
88.11902349618285
 20
114.88491722097876
 10
88.00650012852813
 20
114.88122170734023
 10
87.89395095234424
 20
114.87840887743529
 10
87.78138878821728
 20
114.87617067281579
 10
87.66881925217305
 20
114.87433802813197
 10
87.55624518221283
 20
114.87280765478438
 10
87.44366816001542
 20
114.87151161087056
 10
87.33108913285997
 20
114.87040271664907
 10
87.21850869980389
 20
114.86944682105658
 10
87.10592725575862
 20
114.86861837793919
 10
86.99334506965238
 20
114.86789776121725
 10
86.88076232958325
 20
114.86726955601738
 10
86.76817917023489
 20
114.86672142758582
 10
86.655595690141
 20
114.86624334768264
 10
86.54301196283664
 20
114.86582705051882
 10
86.43042804419288
 20
114.86546564083143
 10
86.31784397731508
 20
114.86515330559382
 10
86.2052597958665
 20
114.86488509802918
 10
86.09267552636733
 20
114.86465677314186
 10
85.98009118982309
 20
114.86446466064929
 10
85.86750680291055
 20
114.86430556552351
 10
85.75492237886753
 20
114.86417668922299
 10
85.64233792817943
 20
114.86407556664224
 10
85.52975345912242
 20
114.86400001514994
 10
85.41716897820098
 20
114.86394809302982
 10
85.30458449050458
 20
114.86391806531157
 10
85.19200000000001
 20
114.86390837546506
  0
LWPOLYLINE
  5
E5
330
17
100
AcDbEntity
  8
01-VISIBLE
100
AcDbPolyline
 90
401
 70
0
 10
50.83199999999997
 20
137.18390837546508
 10
50.83243164010218
 20
137.07132498139856
 10
50.83372833977033
 20
136.95874822925424
 10
50.83589249883309
 20
136.84618481320268
 10
50.83892615339267
 20
136.73364147547636
 10
50.84283097041745
 20
136.6211249963049
 10
50.84760824303204
 20
136.50864218362406
 10
50.85325888653001
 20
136.39619986259405
 10
50.85978343513078
 20
136.28380486496377
 10
50.867182039498864
 20
136.1714640183199
 10
50.875454465039276
 20
136.05918413525933
 10
50.88460009097948
 20
135.94697200252585
 10
50.89461791024378
 20
135.8348343701515
 10
50.90550653018974
 20
135.72277794064982
 10
50.91726417648074
 20
135.61080935854548
 10
50.92988869313327
 20
135.49893519959912
 10
50.943377549029925
 20
135.38716196080702
 10
50.95772784262787
 20
135.27549605040292
 10
50.972936305291206
 20
135.16394377785227
 10
50.988999305716355
 20
135.0525113441318
 10
51.00591286015971
 20
134.9412048330524
 10
51.02367264147012
 20
134.83003020287507
 10
51.04227425334094
 20
134.71899332278934
 10
51.0617133976401
 20
134.60810000095842
 10
51.081985882775946
 20
134.49735599012115
 10
51.1030876258572
 20
134.38676699230064
 10
51.12501465249172
 20
134.27633866309412
 10
51.147763096461524
 20
134.1660766158964
 10
51.17132919927935
 20
134.05598642605665
 10
51.1957093096317
 20
133.94607363496783
 10
51.220899882712864
 20
133.8363437540892
 10
51.2468974794541
 20
133.7268022689016
 10
51.27369876804121
 20
133.61745464338597
 10
51.30130052796907
 20
133.50830632518208
 10
51.32969964368143
 20
133.39936274819686
 10
51.358893106107345
 20
133.29062933708232
 10
51.388878009492785
 20
133.18211151046907
 10
51.41965156810458
 20
133.07381468978016
 10
51.451211071212974
 20
132.9657442905448
 10
51.483553958139034
 20
132.857905748247
 10
51.51667752256765
 20
132.7503044321312
 10
51.55057743451292
 20
132.64294517441758
 10
51.5852483944463
 20
132.53583243341444
 10
51.620685083526595
 20
132.4289705771985
 10
51.65688216888619
 20
132.32236388531263
 10
51.693834306667
 20
132.21601654989453
 10
51.73153614499236
 20
132.1099326768757
 10
51.76998232687286
 20
132.00411628724723
 10
51.809167493044356
 20
131.8985713183896
 10
51.849086284736686
 20
131.7933016254625
 10
51.889733346371465
 20
131.68831098285247
 10
51.93110332818799
 20
131.5836030856739
 10
51.97319088879603
 20
131.47918155132143
 10
52.015990697654765
 20
131.37504992106975
 10
52.059497437476914
 20
131.2712116617181
 10
52.103705806557805
 20
131.1676701672764
 10
52.1486105239264
 20
131.06442876195828
 10
52.19420631989925
 20
130.96149069683548
 10
52.24048794047999
 20
130.8588591525104
 10
52.2874502010311
 20
130.75653726429914
 10
52.33508785868035
 20
130.6545280650077
 10
52.38339550760006
 20
130.55283443349228
 10
52.432367530827676
 20
130.45145906632467
 10
52.48199828311298
 20
130.3504045610768
 10
52.532282167165114
 20
130.24967345325956
 10
52.5832136069132
 20
130.149268204438
 10
52.63478705810635
 20
130.0491912083792
 10
52.686997009013645
 20
129.949444792449
 10
52.7398379810698
 20
129.85003121899183
 10
52.79330452946853
 20
129.75095268669253
 10
52.84739124370551
 20
129.65221133191943
 10
52.902092748072754
 20
129.553809230048
 10
52.95740370210638
 20
129.45574839676408
 10
53.01331880827149
 20
129.35803079352468
 10
53.06983281291174
 20
129.26065832937564
 10
53.12694050095577
 20
129.16363285916708
 10
53.184636701894675
 20
129.06695618823986
 10
53.242916290010214
 20
128.97063007387652
 10
53.301774184557644
 20
128.87465622672454
 10
53.36120534990569
 20
128.77903631219246
 10
53.42120479563572
 20
128.68377195181807
 10
53.481767570092785
 20
128.58886472041237
 10
53.54288853883199
 20
128.49431600378722
 10
53.60456244002911
 20
128.4001270290568
 10
53.66678401200946
 20
128.30629894454984
 10
53.72954801744045
 20
128.21283283575852
 10
53.79284924968757
 20
128.1197297301672
 10
53.856682531336546
 20
128.0269905969516
 10
53.92104271189797
 20
127.93461634604074
 10
53.98592466850984
 20
127.84260782918791
 10
54.05132331005788
 20
127.7509658435006
 10
54.117233581571
 20
127.65969113533117
 10
54.1836504620415
 20
127.5687843995363
 10
54.250568959444195
 20
127.47824627658632
 10
54.31798412159068
 20
127.38807736127622
 10
54.38589103183724
 20
127.29827820044875
 10
54.45428481160131
 20
127.20884929573177
 10
54.52316062055283
 20
127.11979110458142
 10
54.59251365677479
 20
127.03110404130503
 10
54.66233915651455
 20
126.94278847776513
 10
54.7326324026174
 20
126.85484475100591
 10
54.80338871084261
 20
126.76727315336326
 10
54.87460343936236
 20
126.68007394094339
 10
54.946272007803316
 20
126.59324735036331
 10
55.01838991290039
 20
126.50679361349744
 10
55.090952719282626
 20
126.42071295190948
 10
55.16395600979686
 20
126.33500553649189
 10
55.23739539407324
 20
126.24967149503067
 10
55.31126650847517
 20
126.16471091263486
 10
55.3855650168384
 20
126.08012383285633
 10
55.46028661117881
 20
125.99591025881095
 10
55.53542701236893
 20
125.91207015430015
 10
55.610981970783506
 20
125.82860344493201
 10
55.686947266914686
 20
125.74551001924097
 10
55.7633187119573
 20
125.66278972980581
 10
55.84009214836462
 20
125.58044239436484
 10
55.91726345037542
 20
125.49846779692797
 10
55.994828524512485
 20
125.41686568888476
 10
56.07278331005348
 20
125.33563579010814
 10
56.15112377947448
 20
125.2547777900532
 10
56.22984593886693
 20
125.17429134885029
 10
56.30894582832846
 20
125.09417609839235
 10
56.38841952232823
 20
125.01443164341568
 10
56.46826313097307
 20
124.93505756350766
 10
56.5484727963327
 20
124.85605341013827
 10
56.629044691625325
 20
124.77741870651907
 10
56.70997508408037
 20
124.69915301322928
 10
56.7912603487644
 20
124.62125594557871
 10
56.87289693140345
 20
124.5437271379769
 10
56.95488130140056
 20
124.46656619617589
 10
57.037209932576786
 20
124.38977267703409
 10
57.119879334767006
 20
124.31334612235611
 10
57.20288604145193
 20
124.23728604616986
 10
57.28622660612612
 20
124.16159193115931
 10
57.36989760795967
 20
124.08626323515881
 10
57.45389565083522
 20
124.01129939052854
 10
57.53821736365448
 20
123.93669980491457
 10
57.622859400627576
 20
123.86246386200548
 10
57.70781844154574
 20
123.78859092228504
 10
57.79309119203762
 20
123.71508032378094
 10
57.87867438380947
 20
123.64193138280908
 10
57.9645647748695
 20
123.56914339471328
 10
58.05075914973702
 20
123.4967156346
 10
58.13725431963631
 20
123.42464735806806
 10
58.22404712267591
 20
123.35293780193308
 10
58.311134424013375
 20
123.28158618494624
 10
58.39851311504909
 20
123.21059170732629
 10
58.48618011915874
 20
123.13995355839148
 10
58.574132377362446
 20
123.0696708993062
 10
58.662366868183895
 20
122.99974288841022
 10
58.75088069085105
 20
122.9301687880097
 10
58.839671075961135
 20
122.86094798246214
 10
58.92873531765794
 20
122.79207989537514
 10
59.0180706962952
 20
122.72356389103099
 10
59.10767452396715
 20
122.6553993331413
 10
59.19754412645332
 20
122.58758556173846
 10
59.28767684803536
 20
122.52012189967378
 10
59.37807005153077
 20
122.45300765293146
 10
59.468721118320495
 20
122.38624211093746
 10
59.55962744837051
 20
122.3198245468633
 10
59.65078646024772
 20
122.2537542179248
 10
59.74219559113013
 20
122.18803036567549
 10
59.8338522968117
 20
122.12265221629525
 10
59.925754051701944
 20
122.05761898087344
 10
60.01789834882035
 20
121.99292985568715
 10
60.110282699729964
 20
121.92858402239379
 10
60.20290463876822
 20
121.86458065444728
 10
60.295761718408755
 20
121.80091891079785
 10
60.388851507759156
 20
121.73759793397828
 10
60.48217159793859
 20
121.67461685827391
 10
60.57571960136889
 20
121.6119748091196
 10
60.66949314868069
 20
121.54967089887461
 10
60.76348988727797
 20
121.48770422493925
 10
60.85770748536463
 20
121.42607387614345
 10
60.95214364500305
 20
121.36477895329625
 10
61.04679612754619
 20
121.30381860974016
 10
61.141662772387434
 20
121.24319208292923
 10
61.236741430338526
 20
121.1828985925815
 10
61.33202996781304
 20
121.12293734742703
 10
61.42752626746733
 20
121.0633075464512
 10
61.523228227856855
 20
121.00400837861216
 10
61.61913376348509
 20
120.94503902317625
 10
61.715240804847184
 20
120.88639865005084
 10
61.81154729846847
 20
120.82808642011436
 10
61.908051206937884
 20
120.77010148554365
 10
62.00475050893657
 20
120.71244299013856
 10
62.1016431992615
 20
120.65511006964353
 10
62.198727288844594
 20
120.59810185206655
 10
62.296000804767
 20
120.54141745799497
 10
62.393461790269114
 20
120.48505600090846
 10
62.491108304756075
 20
120.4290165874891
 10
62.58893842379902
 20
120.37329831792826
 10
62.68695023913217
 20
120.31790028623064
 10
62.7851418586459
 20
120.26282158051525
 10
62.88351140637578
 20
120.20806128331321
 10
62.98205702297484
 20
120.15361847274704
 10
63.08077686330559
 20
120.09949221846898
 10
63.17966909964295
 20
120.04568158784085
 10
63.27873192545373
 20
119.99218565322121
 10
63.37796353164486
 20
119.93900344838724
 10
63.477362189624984
 20
119.88613412406826
 10
63.57692633740648
 20
119.83357711501468
 10
63.676654542353845
 20
119.7813320777474
 10
63.776545347601385
 20
119.72939860232718
 10
63.876597312419676
 20
119.67777628895168
 10
63.97680899817853
 20
119.62646472105799
 10
64.07717897121717
 20
119.57546347073271
 10
64.1777058029246
 20
119.52477209878802
 10
64.27838806981877
 20
119.47439015483832
 10
64.37922435362415
 20
119.42431717737739
 10
64.48021324134837
 20
119.37455269385588
 10
64.58135332535711
 20
119.32509622075938
 10
64.68264320344804
 20
119.27594726368682
 10
64.78408147892316
 20
119.2271053174292
 10
64.88566676065996
 20
119.17856986604883
 10
64.98739766321006
 20
119.13034038301986
 10
65.08927280766174
 20
119.08241633299907
 10
65.19129082097555
 20
119.03479717039022
 10
65.29345033611159
 20
118.98748233956708
 10
65.39574999237311
 20
118.94047127557175
 10
65.49818843545745
 20
118.89376340419922
 10
65.60076431750565
 20
118.84735814208184
 10
65.7034762971507
 20
118.80125489677364
 10
65.80632303956449
 20
118.7554530668346
 10
65.90930321650363
 20
118.70995204191465
 10
66.01241550363164
 20
118.66475119661874
 10
66.1156585975277
 20
118.61984992944178
 10
66.21903108934889
 20
118.57524737059806
 10
66.32253139347246
 20
118.53094220754551
 10
66.42615788122431
 20
118.48693298614646
 10
66.52990896135549
 20
118.44321829749353
 10
66.63378306708125
 20
118.39979674877306
 10
66.7377786450918
 20
118.35666693790982
 10
66.8418941763227
 20
118.31382750415769
 10
66.94612815741756
 20
118.27127708456695
 10
67.05047910931259
 20
118.22901433556159
 10
67.15494557520282
 20
118.18703792897215
 10
67.25952611977903
 20
118.14534655107376
 10
67.36421932872284
 20
118.10393890222167
 10
67.46902380836511
 20
118.06281369687063
 10
67.57393818543099
 20
118.02196966380187
 10
67.67896110681426
 20
117.98140554641778
 10
67.78409123933912
 20
117.94112010300086
 10
67.88932726948467
 20
117.90111210686771
 10
67.9946679030601
 20
117.86138034638395
 10
68.1001118648336
 20
117.82192362483939
 10
68.20565789812842
 20
117.78274076021584
 10
68.3113047644126
 20
117.74383058491276
 10
68.41705124291758
 20
117.70519194552706
 10
68.5228961303314
 20
117.66682370281576
 10
68.62883824062001
 20
117.62872473200002
 10
68.73487640503848
 20
117.59089392360018
 10
68.84100947240032
 20
117.55333018502057
 10
68.94723630968008
 20
117.51603244313297
 10
69.05355583145575
 20
117.47899972999383
 10
69.15996755143503
 20
117.44223278406255
 10
69.26647148364901
 20
117.40573381441122
 10
69.37306761905757
 20
117.3695050112031
 10
69.47975590996467
 20
117.33354849920086
 10
69.58653627008927
 20
117.2978663359704
 10
69.6934085746971
 20
117.26246051016183
 10
69.80037266079296
 20
117.2273329398709
 10
69.90742832737297
 20
117.19248547108387
 10
70.01457533573571
 20
117.15791987620872
 10
70.12181340985143
 20
117.12363785269564
 10
70.22914223678788
 20
117.08964102174886
 10
70.33656146719184
 20
117.05593092713274
 10
70.44407071582431
 20
117.02250903407356
 10
70.55166956214816
 20
116.9893767282596
 10
70.65935755096615
 20
116.95653531494031
 10
70.76713419310764
 20
116.92398601812681
 10
70.87499896616164
 20
116.89172997989425
 10
70.98295131525438
 20
116.85976825978713
 10
71.09099065386874
 20
116.82810183432841
 10
71.1991163647036
 20
116.79673159663244
 10
71.30732780057014
 20
116.76565835612216
 10
71.4156242853231
 20
116.73488283835033
 10
71.52400511482396
 20
116.70440568492432
 10
71.63246955793359
 20
116.67422745353406
 10
71.74101685753163
 20
116.64434861808205
 10
71.84964623155996
 20
116.61476956891458
 10
71.95835687408731
 20
116.58549061315257
 10
72.0671479602194
 20
116.55651198948955
 10
72.17601794762604
 20
116.52783120807304
 10
72.28496403248533
 20
116.49944085054587
 10
72.39398332588328
 20
116.47133291794319
 10
72.50307310510891
 20
116.44349979647004
 10
72.6122307757227
 20
116.41593413160874
 10
72.72145386653887
 20
116.38862882636313
 10
72.8307400214074
 20
116.3615770255916
 10
72.94008699154654
 20
116.33477210099046
 10
73.04949262837681
 20
116.30820763666593
 10
73.15895487681212
 20
116.28187741523533
 10
73.26847176894972
 20
116.25577540433068
 10
73.37804141850123
 20
116.22989574505635
 10
73.48766201571593
 20
116.20423274150517
 10
73.59733182177163
 20
116.17878084705066
 10
73.7070491640956
 20
116.15353465365159
 10
73.81681243197475
 20
116.12848888157924
 10
73.92662007237071
 20
116.10363836926392
 10
74.03647058591997
 20
116.07897806322876
 10
74.14636252310143
 20
116.05450300807605
 10
74.25629448055257
 20
116.03020833648944
 10
74.36626509751717
 20
116.00608925921188
 10
74.47627305240647
 20
115.98214105495637
 10
74.5863170594564
 20
115.95835906020213
 10
74.69639586546275
 20
115.93473865882393
 10
74.80650824657603
 20
115.91127527149743
 10
74.91665300513661
 20
115.88796434481563
 10
75.02682896653009
 20
115.86480134004483
 10
75.13703497604132
 20
115.84178172143831
 10
75.24726991581531
 20
115.81890104126909
 10
75.35753475133333
 20
115.7961648795829
 10
75.46783425817951
 20
115.77359753554289
 10
75.57817352042323
 20
115.75122539785072
 10
75.68855743689547
 20
115.72907465684914
 10
75.79899064578393
 20
115.70717101248928
 10
75.90947745362078
 20
115.68553938260558
 10
76.02002177131529
 20
115.6642036200884
 10
76.13062705959973
 20
115.64318624745678
 10
76.24129628581727
 20
115.62250821679137
 10
76.35203189341661
 20
115.60218870201591
 10
76.462835784879
 20
115.58224492918211
 10
76.57370931813963
 20
115.56269204881308
 10
76.68465331593129
 20
115.54354305261373
 10
76.79566808692084
 20
115.52480873508718
 10
76.90675345673795
 20
115.50649769692203
 10
77.01790880641454
 20
115.48861638354404
 10
77.12913311759668
 20
115.47116916305693
 10
77.24042502105769
 20
115.45415843007048
 10
77.35178284705174
 20
115.4375847326408
 10
77.46320467576714
 20
115.42144691661548
 10
77.57468838634338
 20
115.40574228143004
 10
77.68623170325085
 20
115.3904667420112
 10
77.79783223915815
 20
115.37561499215374
 10
77.90948753370972
 20
115.36118066549307
 10
78.02119508789673
 20
115.34715649095115
 10
78.13295239392123
 20
115.33353444024986
 10
78.24475696062457
 20
115.32030586573893
 10
78.35660633468052
 20
115.30746162736008
 10
78.46849811961737
 20
115.29499222419479
 10
78.58042967771671
 20
115.2828849916701
 10
78.6923966181107
 20
115.27110937762146
 10
78.80439440135066
 20
115.25963074567163
 10
78.91641922867359
 20
115.24841906516522
 10
79.02846783052408
 20
115.23744748517468
 10
79.14053739963505
 20
115.2266921492836
 10
79.25262546358938
 20
115.21613127002735
 10
79.36472983662637
 20
115.20574491543844
 10
79.47684855359091
 20
115.19551453942611
 10
79.5889798239622
 20
115.18542266699906
 10
79.70112199135544
 20
115.17545259615869
 10
79.8132734976338
 20
115.16558811722614
 10
79.92543284978657
 20
115.15581323767935
 10
80.03759858774255
 20
115.14611189889445
 10
80.14976924997893
 20
115.13646765505433
 10
80.26194333746216
 20
115.12686332679802
 10
80.3741192702626
 20
115.11728057181975
 10
80.48629533306212
 20
115.10769933849076
 10
80.59846960441314
 20
115.09809715858988
 10
80.71063986070337
 20
115.08844820036664
 10
80.82280343486309
 20
115.07872189661445
 10
80.93495700579564
 20
115.06888095786543
 10
81.04709626233196
 20
115.05887829661245
 10
81.15921534005996
 20
115.04865206615133
 10
81.27130580699048
 20
115.03811710947717
 10
81.3833546702093
 20
115.02714901447712
 10
81.49533996947625
 20
115.01555106296499
 10
81.60721920177583
 20
115.00297424055725
 10
81.71888902543778
 20
114.98866903097003
 10
81.82992646213867
 20
114.97018884373965
 10
81.93280403940558
 20
114.92789588523918
 10
82.04028860195746
 20
114.89896436609209
 10
82.15251590409623
 20
114.8901619347908
 10
82.26497649734956
 20
114.88491722122622
 10
82.37749986505199
 20
114.88122170752186
 10
82.49004904104346
 20
114.87840887758156
 10
82.60261120516913
 20
114.87617067293417
 10
82.71518074169315
 20
114.87433802822295
 10
82.8277548118355
 20
114.8728076548588
 10
82.94033183334976
 20
114.87151161094121
 10
83.0529108593712
 20
114.87040271672006
 10
83.16549129176946
 20
114.86944682112309
 10
83.27807273629227
 20
114.86861837799357
 10
83.3906549240121
 20
114.86789776125491
 10
83.50323766625164
 20
114.86726955603889
 10
83.61582082749344
 20
114.86672142759599
 10
83.72840430845591
 20
114.86624334768814
 10
83.84098803516753
 20
114.86582705052574
 10
83.95357195171182
 20
114.86546564084377
 10
84.06615601529056
 20
114.86515330561298
 10
84.17874019279148
 20
114.86488509805426
 10
84.29132445835643
 20
114.86465677317041
 10
84.40390879162925
 20
114.86446466067822
 10
84.51649317647401
 20
114.86430556554984
 10
84.62907760002473
 20
114.86417668924449
 10
84.74166205197211
 20
114.86407556665775
 10
84.85424652402224
 20
114.8640000151594
 10
84.9668310094816
 20
114.86394809303424
 10
85.079415502936
 20
114.86391806531266
 10
85.19200000000001
 20
114.86390837546503
  0
LINE
  5
E6
330
17
100
AcDbEntity
  8
01-VISIBLE
100
AcDbLine
 10
50.83199999999997
 20
137.18390837546508
 30
0.0
 11
50.19200000000001
 21
137.18390837546508
 31
0.0
  0
LINE
  5
E7
330
17
100
AcDbEntity
  8
01-VISIBLE
100
AcDbLine
 10
77.19000000000001
 20
291.5305038998343
 30
0.0
 11
77.19000000000001
 21
292.3760916245349
 31
0.0
  0
LINE
  5
E8
330
17
100
AcDbEntity
  8
01-VISIBLE
100
AcDbLine
 10
93.194
 20
291.5305038998343
 30
0.0
 11
93.194
 21
292.3760916245349
 31
0.0
  0
LINE
  5
E9
330
17
100
AcDbEntity
  8
01-VISIBLE
100
AcDbLine
 10
93.992
 20
292.3760916245349
 30
0.0
 11
93.19400000000005
 21
292.3760916245349
 31
0.0
  0
LINE
  5
EA
330
17
100
AcDbEntity
  8
01-VISIBLE
100
AcDbLine
 10
77.18999999999997
 20
292.3760916245349
 30
0.0
 11
76.39200000000001
 21
292.3760916245349
 31
0.0
  0
LINE
  5
EB
330
17
100
AcDbEntity
  8
01-VISIBLE
100
AcDbLine
 10
77.97200000000002
 20
291.5305038998343
 30
0.0
 11
77.18999999999997
 21
291.5305038998343
 31
0.0
  0
LINE
  5
EC
330
17
100
AcDbEntity
  8
01-VISIBLE
100
AcDbLine
 10
77.97200000000001
 20
291.5305038998343
 30
0.0
 11
77.97200000000001
 21
299.77609162453496
 31
0.0
  0
LINE
  5
ED
330
17
100
AcDbEntity
  8
01-VISIBLE
100
AcDbLine
 10
77.97200000000002
 20
299.7760916245349
 30
0.0
 11
76.39200000000001
 21
299.7760916245349
 31
0.0
  0
LINE
  5
EE
330
17
100
AcDbEntity
  8
01-VISIBLE
100
AcDbLine
 10
76.39200000000001
 20
292.3760916245349
 30
0.0
 11
76.39200000000001
 21
299.77609162453496
 31
0.0
  0
LINE
  5
EF
330
17
100
AcDbEntity
  8
01-VISIBLE
100
AcDbLine
 10
93.19400000000005
 20
291.5305038998343
 30
0.0
 11
92.41199999999999
 21
291.5305038998343
 31
0.0
  0
LWPOLYLINE
  5
F0
330
17
100
AcDbEntity
  8
01-VISIBLE
100
AcDbPolyline
 90
81
 70
0
 10
92.412
 20
291.5305038998343
 10
92.35175000000001
 20
291.5305038998343
 10
92.29150000000001
 20
291.5305038998343
 10
92.23125
 20
291.5305038998343
 10
92.171
 20
291.5305038998343
 10
92.11075000000001
 20
291.5305038998343
 10
92.05050000000001
 20
291.5305038998343
 10
91.99025
 20
291.5305038998343
 10
91.93
 20
291.5305038998343
 10
91.86975000000001
 20
291.5305038998343
 10
91.80950000000001
 20
291.5305038998343
 10
91.74925
 20
291.5305038998343
 10
91.68900000000001
 20
291.5305038998343
 10
91.62875000000001
 20
291.5305038998343
 10
91.5685
 20
291.5305038998343
 10
91.50825
 20
291.5305038998343
 10
91.44800000000001
 20
291.5305038998343
 10
91.38775000000001
 20
291.5305038998343
 10
91.32750000000001
 20
291.5305038998343
 10
91.26725
 20
291.5305038998343
 10
91.20700000000001
 20
291.5305038998343
 10
91.14675000000001
 20
291.5305038998343
 10
91.0865
 20
291.5305038998343
 10
91.02625
 20
291.5305038998343
 10
90.96600000000001
 20
291.5305038998343
 10
90.90575000000001
 20
291.5305038998343
 10
90.84550000000002
 20
291.5305038998343
 10
90.78525
 20
291.5305038998343
 10
90.72500000000001
 20
291.5305038998343
 10
90.66475000000001
 20
291.5305038998343
 10
90.6045
 20
291.5305038998343
 10
90.54425
 20
291.5305038998343
 10
90.48400000000001
 20
291.5305038998343
 10
90.42375000000001
 20
291.5305038998343
 10
90.3635
 20
291.5305038998343
 10
90.30325
 20
291.5305038998343
 10
90.24300000000001
 20
291.5305038998343
 10
90.18275000000001
 20
291.5305038998343
 10
90.1225
 20
291.5305038998343
 10
90.06225
 20
291.5305038998343
 10
90.00200000000001
 20
291.5305038998343
 10
89.94175000000001
 20
291.5305038998343
 10
89.8815
 20
291.5305038998343
 10
89.82125
 20
291.5305038998343
 10
89.76100000000001
 20
291.5305038998343
 10
89.70075000000001
 20
291.5305038998343
 10
89.6405
 20
291.5305038998343
 10
89.58025
 20
291.5305038998343
 10
89.52000000000001
 20
291.5305038998343
 10
89.45975000000001
 20
291.5305038998343
 10
89.3995
 20
291.5305038998343
 10
89.33925
 20
291.5305038998343
 10
89.27900000000001
 20
291.5305038998343
 10
89.21875
 20
291.5305038998343
 10
89.1585
 20
291.5305038998343
 10
89.09825000000001
 20
291.5305038998343
 10
89.03800000000001
 20
291.5305038998343
 10
88.97775000000001
 20
291.5305038998343
 10
88.9175
 20
291.5305038998343
 10
88.85725000000001
 20
291.5305038998343
 10
88.79700000000001
 20
291.5305038998343
 10
88.73675
 20
291.5305038998343
 10
88.6765
 20
291.5305038998343
 10
88.61625000000001
 20
291.5305038998343
 10
88.55600000000001
 20
291.5305038998343
 10
88.49575
 20
291.5305038998343
 10
88.4355
 20
291.5305038998343
 10
88.37525000000001
 20
291.5305038998343
 10
88.31500000000001
 20
291.5305038998343
 10
88.25475
 20
291.5305038998343
 10
88.1945
 20
291.5305038998343
 10
88.13425000000001
 20
291.5305038998343
 10
88.07400000000001
 20
291.5305038998343
 10
88.01375
 20
291.5305038998343
 10
87.9535
 20
291.5305038998343
 10
87.89325000000001
 20
291.5305038998343
 10
87.83300000000001
 20
291.5305038998343
 10
87.77275
 20
291.5305038998343
 10
87.7125
 20
291.5305038998343
 10
87.65225000000001
 20
291.5305038998343
 10
87.59200000000001
 20
291.5305038998343
  0
LWPOLYLINE
  5
F1
330
17
100
AcDbEntity
  8
01-VISIBLE
100
AcDbPolyline
 90
81
 70
0
 10
82.792
 20
291.5305038998343
 10
82.73175
 20
291.5305038998343
 10
82.67150000000001
 20
291.5305038998343
 10
82.61125000000001
 20
291.5305038998343
 10
82.551
 20
291.5305038998343
 10
82.49075
 20
291.5305038998343
 10
82.43050000000001
 20
291.5305038998343
 10
82.37025000000001
 20
291.5305038998343
 10
82.31
 20
291.5305038998343
 10
82.24975
 20
291.5305038998343
 10
82.18950000000001
 20
291.5305038998343
 10
82.12925000000001
 20
291.5305038998343
 10
82.069
 20
291.5305038998343
 10
82.00875
 20
291.5305038998343
 10
81.94850000000001
 20
291.5305038998343
 10
81.88825
 20
291.5305038998343
 10
81.828
 20
291.5305038998343
 10
81.76775
 20
291.5305038998343
 10
81.70750000000001
 20
291.5305038998343
 10
81.64725000000001
 20
291.5305038998343
 10
81.587
 20
291.5305038998343
 10
81.52675
 20
291.5305038998343
 10
81.46650000000001
 20
291.5305038998343
 10
81.40625
 20
291.5305038998343
 10
81.346
 20
291.5305038998343
 10
81.28575000000001
 20
291.5305038998343
 10
81.22550000000001
 20
291.5305038998343
 10
81.16525000000001
 20
291.5305038998343
 10
81.105
 20
291.5305038998343
 10
81.04475000000001
 20
291.5305038998343
 10
80.98450000000001
 20
291.5305038998343
 10
80.92425
 20
291.5305038998343
 10
80.864
 20
291.5305038998343
 10
80.80375000000001
 20
291.5305038998343
 10
80.74350000000001
 20
291.5305038998343
 10
80.68325000000002
 20
291.5305038998343
 10
80.623
 20
291.5305038998343
 10
80.56275000000001
 20
291.5305038998343
 10
80.50250000000001
 20
291.5305038998343
 10
80.44225
 20
291.5305038998343
 10
80.382
 20
291.5305038998343
 10
80.32175000000001
 20
291.5305038998343
 10
80.26150000000001
 20
291.5305038998343
 10
80.20125
 20
291.5305038998343
 10
80.141
 20
291.5305038998343
 10
80.08075000000001
 20
291.5305038998343
 10
80.02050000000001
 20
291.5305038998343
 10
79.96025
 20
291.5305038998343
 10
79.9
 20
291.5305038998343
 10
79.83975000000001
 20
291.5305038998343
 10
79.77950000000001
 20
291.5305038998343
 10
79.71925
 20
291.5305038998343
 10
79.659
 20
291.5305038998343
 10
79.59875000000001
 20
291.5305038998343
 10
79.53850000000001
 20
291.5305038998343
 10
79.47825
 20
291.5305038998343
 10
79.418
 20
291.5305038998343
 10
79.35775000000001
 20
291.5305038998343
 10
79.29750000000001
 20
291.5305038998343
 10
79.23725
 20
291.5305038998343
 10
79.177
 20
291.5305038998343
 10
79.11675000000001
 20
291.5305038998343
 10
79.0565
 20
291.5305038998343
 10
78.99625
 20
291.5305038998343
 10
78.936
 20
291.5305038998343
 10
78.87575000000001
 20
291.5305038998343
 10
78.81550000000001
 20
291.5305038998343
 10
78.75525
 20
291.5305038998343
 10
78.69500000000001
 20
291.5305038998343
 10
78.63475000000001
 20
291.5305038998343
 10
78.5745
 20
291.5305038998343
 10
78.51425
 20
291.5305038998343
 10
78.45400000000001
 20
291.5305038998343
 10
78.39375000000001
 20
291.5305038998343
 10
78.3335
 20
291.5305038998343
 10
78.27325
 20
291.5305038998343
 10
78.21300000000001
 20
291.5305038998343
 10
78.15275000000001
 20
291.5305038998343
 10
78.0925
 20
291.5305038998343
 10
78.03225
 20
291.5305038998343
 10
77.97200000000001
 20
291.5305038998343
  0
LINE
  5
F2
330
17
100
AcDbEntity
  8
01-VISIBLE
100
AcDbLine
 10
93.992
 20
292.3760916245349
 30
0.0
 11
93.992
 21
299.77609162453496
 31
0.0
  0
LINE
  5
F3
330
17
100
AcDbEntity
  8
01-VISIBLE
100
AcDbLine
 10
93.992
 20
299.7760916245349
 30
0.0
 11
92.41199999999999
 21
299.7760916245349
 31
0.0
  0
LINE
  5
F4
330
17
100
AcDbEntity
  8
01-VISIBLE
100
AcDbLine
 10
92.412
 20
299.77609162453496
 30
0.0
 11
92.412
 21
291.5305038998343
 31
0.0
  0
LWPOLYLINE
  5
F5
330
17
100
AcDbEntity
  8
01-VISIBLE
100
AcDbPolyline
 90
241
 70
0
 10
92.412
 20
299.77609162453496
 10
92.35183333333335
 20
299.77609162453496
 10
92.29166666666667
 20
299.77609162453496
 10
92.23150000000001
 20
299.77609162453496
 10
92.17133333333334
 20
299.77609162453496
 10
92.11116666666668
 20
299.77609162453496
 10
92.051
 20
299.77609162453496
 10
91.99083333333334
 20
299.77609162453496
 10
91.93066666666667
 20
299.77609162453496
 10
91.8705
 20
299.77609162453496
 10
91.81033333333335
 20
299.77609162453496
 10
91.75016666666667
 20
299.77609162453496
 10
91.69000000000001
 20
299.77609162453496
 10
91.62983333333334
 20
299.77609162453496
 10
91.56966666666668
 20
299.77609162453496
 10
91.5095
 20
299.77609162453496
 10
91.44933333333334
 20
299.77609162453496
 10
91.38916666666667
 20
299.77609162453496
 10
91.32900000000001
 20
299.77609162453496
 10
91.26883333333335
 20
299.77609162453496
 10
91.20866666666667
 20
299.77609162453496
 10
91.14850000000001
 20
299.77609162453496
 10
91.08833333333334
 20
299.77609162453496
 10
91.02816666666668
 20
299.77609162453496
 10
90.968
 20
299.77609162453496
 10
90.90783333333334
 20
299.77609162453496
 10
90.84766666666667
 20
299.77609162453496
 10
90.78750000000001
 20
299.77609162453496
 10
90.72733333333335
 20
299.77609162453496
 10
90.66716666666667
 20
299.77609162453496
 10
90.60700000000001
 20
299.77609162453496
 10
90.54683333333334
 20
299.77609162453496
 10
90.48666666666668
 20
299.77609162453496
 10
90.4265
 20
299.77609162453496
 10
90.36633333333334
 20
299.77609162453496
 10
90.30616666666667
 20
299.77609162453496
 10
90.24600000000001
 20
299.77609162453496
 10
90.18583333333333
 20
299.77609162453496
 10
90.12566666666667
 20
299.77609162453496
 10
90.06550000000001
 20
299.77609162453496
 10
90.00533333333334
 20
299.77609162453496
 10
89.94516666666668
 20
299.77609162453496
 10
89.885
 20
299.77609162453496
 10
89.82483333333334
 20
299.77609162453496
 10
89.76466666666667
 20
299.77609162453496
 10
89.70450000000001
 20
299.77609162453496
 10
89.64433333333334
 20
299.77609162453496
 10
89.58416666666668
 20
299.77609162453496
 10
89.524
 20
299.77609162453496
 10
89.46383333333334
 20
299.77609162453496
 10
89.40366666666668
 20
299.77609162453496
 10
89.3435
 20
299.77609162453496
 10
89.28333333333335
 20
299.77609162453496
 10
89.22316666666667
 20
299.77609162453496
 10
89.16300000000001
 20
299.77609162453496
 10
89.10283333333334
 20
299.77609162453496
 10
89.04266666666668
 20
299.77609162453496
 10
88.9825
 20
299.77609162453496
 10
88.92233333333334
 20
299.77609162453496
 10
88.86216666666667
 20
299.77609162453496
 10
88.802
 20
299.77609162453496
 10
88.74183333333335
 20
299.77609162453496
 10
88.68166666666667
 20
299.77609162453496
 10
88.62150000000001
 20
299.77609162453496
 10
88.56133333333334
 20
299.77609162453496
 10
88.50116666666668
 20
299.77609162453496
 10
88.441
 20
299.77609162453496
 10
88.38083333333334
 20
299.77609162453496
 10
88.32066666666668
 20
299.77609162453496
 10
88.26050000000001
 20
299.77609162453496
 10
88.20033333333335
 20
299.77609162453496
 10
88.14016666666667
 20
299.77609162453496
 10
88.08000000000001
 20
299.77609162453496
 10
88.01983333333334
 20
299.77609162453496
 10
87.95966666666668
 20
299.77609162453496
 10
87.8995
 20
299.77609162453496
 10
87.83933333333334
 20
299.77609162453496
 10
87.77916666666667
 20
299.77609162453496
 10
87.71900000000001
 20
299.77609162453496
 10
87.65883333333333
 20
299.77609162453496
 10
87.59866666666667
 20
299.77609162453496
 10
87.53850000000001
 20
299.77609162453496
 10
87.47833333333334
 20
299.77609162453496
 10
87.41816666666668
 20
299.77609162453496
 10
87.358
 20
299.77609162453496
 10
87.29783333333334
 20
299.77609162453496
 10
87.23766666666667
 20
299.77609162453496
 10
87.17750000000001
 20
299.77609162453496
 10
87.11733333333333
 20
299.77609162453496
 10
87.05716666666667
 20
299.77609162453496
 10
86.997
 20
299.77609162453496
 10
86.93683333333334
 20
299.77609162453496
 10
86.87666666666668
 20
299.77609162453496
 10
86.8165
 20
299.77609162453496
 10
86.75633333333334
 20
299.77609162453496
 10
86.69616666666667
 20
299.77609162453496
 10
86.63600000000001
 20
299.77609162453496
 10
86.57583333333334
 20
299.77609162453496
 10
86.51566666666668
 20
299.77609162453496
 10
86.4555
 20
299.77609162453496
 10
86.39533333333334
 20
299.77609162453496
 10
86.33516666666668
 20
299.77609162453496
 10
86.275
 20
299.77609162453496
 10
86.21483333333335
 20
299.77609162453496
 10
86.15466666666667
 20
299.77609162453496
 10
86.09450000000001
 20
299.77609162453496
 10
86.03433333333334
 20
299.77609162453496
 10
85.97416666666668
 20
299.77609162453496
 10
85.914
 20
299.77609162453496
 10
85.85383333333334
 20
299.77609162453496
 10
85.79366666666667
 20
299.77609162453496
 10
85.7335
 20
299.77609162453496
 10
85.67333333333335
 20
299.77609162453496
 10
85.61316666666667
 20
299.77609162453496
 10
85.55300000000001
 20
299.77609162453496
 10
85.49283333333334
 20
299.77609162453496
 10
85.43266666666668
 20
299.77609162453496
 10
85.3725
 20
299.77609162453496
 10
85.31233333333334
 20
299.77609162453496
 10
85.25216666666667
 20
299.77609162453496
 10
85.19200000000001
 20
299.77609162453496
 10
85.13183333333335
 20
299.77609162453496
 10
85.07166666666667
 20
299.77609162453496
 10
85.01150000000001
 20
299.77609162453496
 10
84.95133333333334
 20
299.77609162453496
 10
84.89116666666668
 20
299.77609162453496
 10
84.831
 20
299.77609162453496
 10
84.77083333333334
 20
299.77609162453496
 10
84.71066666666667
 20
299.77609162453496
 10
84.65050000000001
 20
299.77609162453496
 10
84.59033333333333
 20
299.77609162453496
 10
84.53016666666667
 20
299.77609162453496
 10
84.47
 20
299.77609162453496
 10
84.40983333333334
 20
299.77609162453496
 10
84.34966666666668
 20
299.77609162453496
 10
84.2895
 20
299.77609162453496
 10
84.22933333333334
 20
299.77609162453496
 10
84.16916666666667
 20
299.77609162453496
 10
84.10900000000001
 20
299.77609162453496
 10
84.04883333333333
 20
299.77609162453496
 10
83.98866666666667
 20
299.77609162453496
 10
83.92850000000001
 20
299.77609162453496
 10
83.86833333333334
 20
299.77609162453496
 10
83.80816666666668
 20
299.77609162453496
 10
83.748
 20
299.77609162453496
 10
83.68783333333334
 20
299.77609162453496
 10
83.62766666666667
 20
299.77609162453496
 10
83.56750000000001
 20
299.77609162453496
 10
83.50733333333334
 20
299.77609162453496
 10
83.44716666666667
 20
299.77609162453496
 10
83.387
 20
299.77609162453496
 10
83.32683333333334
 20
299.77609162453496
 10
83.26666666666668
 20
299.77609162453496
 10
83.2065
 20
299.77609162453496
 10
83.14633333333335
 20
299.77609162453496
 10
83.08616666666667
 20
299.77609162453496
 10
83.02600000000001
 20
299.77609162453496
 10
82.96583333333334
 20
299.77609162453496
 10
82.90566666666668
 20
299.77609162453496
 10
82.8455
 20
299.77609162453496
 10
82.78533333333334
 20
299.77609162453496
 10
82.72516666666667
 20
299.77609162453496
 10
82.665
 20
299.77609162453496
 10
82.60483333333333
 20
299.77609162453496
 10
82.54466666666667
 20
299.77609162453496
 10
82.48450000000001
 20
299.77609162453496
 10
82.42433333333334
 20
299.77609162453496
 10
82.36416666666668
 20
299.77609162453496
 10
82.304
 20
299.77609162453496
 10
82.24383333333334
 20
299.77609162453496
 10
82.18366666666667
 20
299.77609162453496
 10
82.1235
 20
299.77609162453496
 10
82.06333333333333
 20
299.77609162453496
 10
82.00316666666667
 20
299.77609162453496
 10
81.94300000000001
 20
299.77609162453496
 10
81.88283333333334
 20
299.77609162453496
 10
81.82266666666668
 20
299.77609162453496
 10
81.7625
 20
299.77609162453496
 10
81.70233333333334
 20
299.77609162453496
 10
81.64216666666667
 20
299.77609162453496
 10
81.58200000000001
 20
299.77609162453496
 10
81.52183333333333
 20
299.77609162453496
 10
81.46166666666667
 20
299.77609162453496
 10
81.40150000000001
 20
299.77609162453496
 10
81.34133333333334
 20
299.77609162453496
 10
81.28116666666668
 20
299.77609162453496
 10
81.221
 20
299.77609162453496
 10
81.16083333333334
 20
299.77609162453496
 10
81.10066666666667
 20
299.77609162453496
 10
81.04050000000001
 20
299.77609162453496
 10
80.98033333333335
 20
299.77609162453496
 10
80.92016666666667
 20
299.77609162453496
 10
80.86000000000001
 20
299.77609162453496
 10
80.79983333333334
 20
299.77609162453496
 10
80.73966666666668
 20
299.77609162453496
 10
80.6795
 20
299.77609162453496
 10
80.61933333333334
 20
299.77609162453496
 10
80.55916666666667
 20
299.77609162453496
 10
80.49900000000001
 20
299.77609162453496
 10
80.43883333333333
 20
299.77609162453496
 10
80.37866666666667
 20
299.77609162453496
 10
80.3185
 20
299.77609162453496
 10
80.25833333333334
 20
299.77609162453496
 10
80.19816666666668
 20
299.77609162453496
 10
80.138
 20
299.77609162453496
 10
80.07783333333334
 20
299.77609162453496
 10
80.01766666666667
 20
299.77609162453496
 10
79.95750000000001
 20
299.77609162453496
 10
79.89733333333334
 20
299.77609162453496
 10
79.83716666666668
 20
299.77609162453496
 10
79.77700000000002
 20
299.77609162453496
 10
79.71683333333334
 20
299.77609162453496
 10
79.65666666666667
 20
299.77609162453496
 10
79.5965
 20
299.77609162453496
 10
79.53633333333335
 20
299.77609162453496
 10
79.47616666666667
 20
299.77609162453496
 10
79.41600000000001
 20
299.77609162453496
 10
79.35583333333334
 20
299.77609162453496
 10
79.29566666666668
 20
299.77609162453496
 10
79.2355
 20
299.77609162453496
 10
79.17533333333334
 20
299.77609162453496
 10
79.11516666666668
 20
299.77609162453496
 10
79.055
 20
299.77609162453496
 10
78.99483333333333
 20
299.77609162453496
 10
78.93466666666667
 20
299.77609162453496
 10
78.87450000000001
 20
299.77609162453496
 10
78.81433333333334
 20
299.77609162453496
 10
78.75416666666668
 20
299.77609162453496
 10
78.694
 20
299.77609162453496
 10
78.63383333333334
 20
299.77609162453496
 10
78.57366666666667
 20
299.77609162453496
 10
78.51350000000001
 20
299.77609162453496
 10
78.45333333333335
 20
299.77609162453496
 10
78.39316666666667
 20
299.77609162453496
 10
78.33300000000001
 20
299.77609162453496
 10
78.27283333333334
 20
299.77609162453496
 10
78.21266666666668
 20
299.77609162453496
 10
78.1525
 20
299.77609162453496
 10
78.09233333333334
 20
299.77609162453496
 10
78.03216666666667
 20
299.77609162453496
 10
77.97200000000001
 20
299.77609162453496
  0
ARC
  5
F6
330
17
100
AcDbEntity
  8
01-VISIBLE
100
AcDbCircle
 10
50.51200000000001
 20
270.02390837546506
 30
0.0
 40
0.5120000000000001
100
AcDbArc
 50
90.0
 51
180.0
  0
ARC
  5
F7
330
17
100
AcDbEntity
  8
01-VISIBLE
100
AcDbCircle
 10
50.51200000000001
 20
270.02390837546506
 30
0.0
 40
0.5120000000000001
100
AcDbArc
 50
-90.0
 51
90.0
  0
ARC
  5
F8
330
17
100
AcDbEntity
  8
01-VISIBLE
100
AcDbCircle
 10
50.51200000000001
 20
270.02390837546506
 30
0.0
 40
0.5120000000000001
100
AcDbArc
 50
180.0
 51
-90.0
  0
ARC
  5
F9
330
17
100
AcDbEntity
  8
01-VISIBLE
100
AcDbCircle
 10
119.87200000000001
 20
270.02390837546506
 30
0.0
 40
0.5120000000000001
100
AcDbArc
 50
0.0
 51
90.0
  0
ARC
  5
FA
330
17
100
AcDbEntity
  8
01-VISIBLE
100
AcDbCircle
 10
119.87200000000001
 20
270.02390837546506
 30
0.0
 40
0.5120000000000001
100
AcDbArc
 50
90.0
 51
-90.0
  0
ARC
  5
FB
330
17
100
AcDbEntity
  8
01-VISIBLE
100
AcDbCircle
 10
119.87200000000001
 20
270.02390837546506
 30
0.0
 40
0.5120000000000001
100
AcDbArc
 50
-90.0
 51
0.0
  0
ARC
  5
FC
330
17
100
AcDbEntity
  8
01-VISIBLE
100
AcDbCircle
 10
50.51200000000001
 20
137.18390837546505
 30
0.0
 40
0.5120000000000001
100
AcDbArc
 50
90.0
 51
180.0
  0
ARC
  5
FD
330
17
100
AcDbEntity
  8
01-VISIBLE
100
AcDbCircle
 10
50.51200000000001
 20
137.18390837546505
 30
0.0
 40
0.5120000000000001
100
AcDbArc
 50
-90.0
 51
90.0
  0
ARC
  5
FE
330
17
100
AcDbEntity
  8
01-VISIBLE
100
AcDbCircle
 10
50.51200000000001
 20
137.18390837546505
 30
0.0
 40
0.5120000000000001
100
AcDbArc
 50
180.0
 51
-90.0
  0
ARC
  5
FF
330
17
100
AcDbEntity
  8
01-VISIBLE
100
AcDbCircle
 10
119.87200000000001
 20
137.18390837546505
 30
0.0
 40
0.5120000000000001
100
AcDbArc
 50
0.0
 51
90.0
  0
ARC
  5
100
330
17
100
AcDbEntity
  8
01-VISIBLE
100
AcDbCircle
 10
119.87200000000001
 20
137.18390837546505
 30
0.0
 40
0.5120000000000001
100
AcDbArc
 50
90.0
 51
-90.0
  0
ARC
  5
101
330
17
100
AcDbEntity
  8
01-VISIBLE
100
AcDbCircle
 10
119.87200000000001
 20
137.18390837546505
 30
0.0
 40
0.5120000000000001
100
AcDbArc
 50
-90.0
 51
0.0
  0
ARC
  5
102
330
17
100
AcDbEntity
  8
01-VISIBLE
100
AcDbCircle
 10
93.992
 20
292.3760916245349
 30
0.0
 40
0.5120000000000001
100
AcDbArc
 50
0.0
 51
90.0
  0
ARC
  5
103
330
17
100
AcDbEntity
  8
01-VISIBLE
100
AcDbCircle
 10
93.992
 20
292.3760916245349
 30
0.0
 40
0.5120000000000001
100
AcDbArc
 50
90.0
 51
-90.0
  0
ARC
  5
104
330
17
100
AcDbEntity
  8
01-VISIBLE
100
AcDbCircle
 10
93.992
 20
292.3760916245349
 30
0.0
 40
0.5120000000000001
100
AcDbArc
 50
-90.0
 51
0.0
  0
ARC
  5
105
330
17
100
AcDbEntity
  8
01-VISIBLE
100
AcDbCircle
 10
76.39200000000001
 20
292.3760916245349
 30
0.0
 40
0.5120000000000001
100
AcDbArc
 50
90.0
 51
180.0
  0
ARC
  5
106
330
17
100
AcDbEntity
  8
01-VISIBLE
100
AcDbCircle
 10
76.39200000000001
 20
292.3760916245349
 30
0.0
 40
0.5120000000000001
100
AcDbArc
 50
-90.0
 51
90.0
  0
ARC
  5
107
330
17
100
AcDbEntity
  8
01-VISIBLE
100
AcDbCircle
 10
76.39200000000001
 20
292.3760916245349
 30
0.0
 40
0.5120000000000001
100
AcDbArc
 50
180.0
 51
-90.0
  0
LINE
  5
108
330
17
100
AcDbEntity
  8
01-VISIBLE
100
AcDbLine
 10
82.792
 20
119.86390837546506
 30
0.0
 11
82.792
 21
296.53609162453495
 31
0.0
  0
LINE
  5
109
330
17
100
AcDbEntity
  8
01-VISIBLE
100
AcDbLine
 10
87.59200000000001
 20
119.86390837546506
 30
0.0
 11
87.59200000000001
 21
296.53609162453495
 31
0.0
  0
LINE
  5
10A
330
17
100
AcDbEntity
  8
01-VISIBLE
100
AcDbLine
 10
87.59200000000001
 20
296.53609162453495
 30
0.0
 11
87.09200000000001
 21
296.53609162453495
 31
0.0
  0
LWPOLYLINE
  5
10B
330
17
100
AcDbEntity
  8
01-VISIBLE
100
AcDbPolyline
 90
64
 70
0
 10
87.09200000000001
 20
296.53609162453495
 10
87.03168253968255
 20
296.53609162453495
 10
86.97136507936509
 20
296.53609162453495
 10
86.91104761904762
 20
296.53609162453495
 10
86.85073015873017
 20
296.53609162453495
 10
86.79041269841271
 20
296.53609162453495
 10
86.73009523809525
 20
296.53609162453495
 10
86.66977777777778
 20
296.53609162453495
 10
86.60946031746032
 20
296.53609162453495
 10
86.54914285714287
 20
296.53609162453495
 10
86.4888253968254
 20
296.53609162453495
 10
86.42850793650794
 20
296.53609162453495
 10
86.36819047619048
 20
296.53609162453495
 10
86.30787301587303
 20
296.53609162453495
 10
86.24755555555556
 20
296.53609162453495
 10
86.1872380952381
 20
296.53609162453495
 10
86.12692063492064
 20
296.53609162453495
 10
86.06660317460319
 20
296.53609162453495
 10
86.00628571428572
 20
296.53609162453495
 10
85.94596825396826
 20
296.53609162453495
 10
85.8856507936508
 20
296.53609162453495
 10
85.82533333333335
 20
296.53609162453495
 10
85.76501587301588
 20
296.53609162453495
 10
85.70469841269842
 20
296.53609162453495
 10
85.64438095238096
 20
296.53609162453495
 10
85.58406349206349
 20
296.53609162453495
 10
85.52374603174604
 20
296.53609162453495
 10
85.46342857142858
 20
296.53609162453495
 10
85.40311111111112
 20
296.53609162453495
 10
85.34279365079365
 20
296.53609162453495
 10
85.2824761904762
 20
296.53609162453495
 10
85.22215873015874
 20
296.53609162453495
 10
85.16184126984128
 20
296.53609162453495
 10
85.10152380952381
 20
296.53609162453495
 10
85.04120634920636
 20
296.53609162453495
 10
84.9808888888889
 20
296.53609162453495
 10
84.92057142857144
 20
296.53609162453495
 10
84.86025396825397
 20
296.53609162453495
 10
84.79993650793652
 20
296.53609162453495
 10
84.73961904761906
 20
296.53609162453495
 10
84.6793015873016
 20
296.53609162453495
 10
84.61898412698413
 20
296.53609162453495
 10
84.55866666666667
 20
296.53609162453495
 10
84.49834920634922
 20
296.53609162453495
 10
84.43803174603175
 20
296.53609162453495
 10
84.37771428571429
 20
296.53609162453495
 10
84.31739682539683
 20
296.53609162453495
 10
84.25707936507938
 20
296.53609162453495
 10
84.19676190476191
 20
296.53609162453495
 10
84.13644444444445
 20
296.53609162453495
 10
84.07612698412699
 20
296.53609162453495
 10
84.01580952380954
 20
296.53609162453495
 10
83.95549206349207
 20
296.53609162453495
 10
83.89517460317461
 20
296.53609162453495
 10
83.83485714285715
 20
296.53609162453495
 10
83.7745396825397
 20
296.53609162453495
 10
83.71422222222223
 20
296.53609162453495
 10
83.65390476190477
 20
296.53609162453495
 10
83.5935873015873
 20
296.53609162453495
 10
83.53326984126984
 20
296.53609162453495
 10
83.47295238095239
 20
296.53609162453495
 10
83.41263492063493
 20
296.53609162453495
 10
83.35231746031747
 20
296.53609162453495
 10
83.292
 20
296.53609162453495
  0
LINE
  5
10C
330
17
100
AcDbEntity
  8
01-VISIBLE
100
AcDbLine
 10
83.292
 20
296.53609162453495
 30
0.0
 11
82.792
 21
296.53609162453495
 31
0.0
  0
LINE
  5
10D
330
17
100
AcDbEntity
  8
01-VISIBLE
100
AcDbLine
 10
83.292
 20
119.86390837546504
 30
0.0
 11
82.792
 21
119.86390837546504
 31
0.0
  0
LINE
  5
10E
330
17
100
AcDbEntity
  8
01-VISIBLE
100
AcDbLine
 10
83.292
 20
119.86390837546506
 30
0.0
 11
83.292
 21
296.53609162453495
 31
0.0
  0
LINE
  5
10F
330
17
100
AcDbEntity
  8
01-VISIBLE
100
AcDbLine
 10
87.59200000000001
 20
119.86390837546504
 30
0.0
 11
87.09200000000001
 21
119.86390837546504
 31
0.0
  0
LWPOLYLINE
  5
110
330
17
100
AcDbEntity
  8
01-VISIBLE
100
AcDbPolyline
 90
64
 70
0
 10
87.09200000000001
 20
119.86390837546506
 10
87.03168253968255
 20
119.86390837546506
 10
86.97136507936509
 20
119.86390837546506
 10
86.91104761904762
 20
119.86390837546506
 10
86.85073015873017
 20
119.86390837546506
 10
86.79041269841271
 20
119.86390837546506
 10
86.73009523809525
 20
119.86390837546506
 10
86.66977777777778
 20
119.86390837546506
 10
86.60946031746032
 20
119.86390837546506
 10
86.54914285714287
 20
119.86390837546506
 10
86.4888253968254
 20
119.86390837546506
 10
86.42850793650794
 20
119.86390837546506
 10
86.36819047619048
 20
119.86390837546506
 10
86.30787301587303
 20
119.86390837546506
 10
86.24755555555556
 20
119.86390837546506
 10
86.1872380952381
 20
119.86390837546506
 10
86.12692063492064
 20
119.86390837546506
 10
86.06660317460319
 20
119.86390837546506
 10
86.00628571428572
 20
119.86390837546506
 10
85.94596825396826
 20
119.86390837546506
 10
85.8856507936508
 20
119.86390837546506
 10
85.82533333333335
 20
119.86390837546506
 10
85.76501587301588
 20
119.86390837546506
 10
85.70469841269842
 20
119.86390837546506
 10
85.64438095238096
 20
119.86390837546506
 10
85.58406349206349
 20
119.86390837546506
 10
85.52374603174604
 20
119.86390837546506
 10
85.46342857142858
 20
119.86390837546506
 10
85.40311111111112
 20
119.86390837546506
 10
85.34279365079365
 20
119.86390837546506
 10
85.2824761904762
 20
119.86390837546506
 10
85.22215873015874
 20
119.86390837546506
 10
85.16184126984128
 20
119.86390837546506
 10
85.10152380952381
 20
119.86390837546506
 10
85.04120634920636
 20
119.86390837546506
 10
84.9808888888889
 20
119.86390837546506
 10
84.92057142857144
 20
119.86390837546506
 10
84.86025396825397
 20
119.86390837546506
 10
84.79993650793652
 20
119.86390837546506
 10
84.73961904761906
 20
119.86390837546506
 10
84.6793015873016
 20
119.86390837546506
 10
84.61898412698413
 20
119.86390837546506
 10
84.55866666666667
 20
119.86390837546506
 10
84.49834920634922
 20
119.86390837546506
 10
84.43803174603175
 20
119.86390837546506
 10
84.37771428571429
 20
119.86390837546506
 10
84.31739682539683
 20
119.86390837546506
 10
84.25707936507938
 20
119.86390837546506
 10
84.19676190476191
 20
119.86390837546506
 10
84.13644444444445
 20
119.86390837546506
 10
84.07612698412699
 20
119.86390837546506
 10
84.01580952380954
 20
119.86390837546506
 10
83.95549206349207
 20
119.86390837546506
 10
83.89517460317461
 20
119.86390837546506
 10
83.83485714285715
 20
119.86390837546506
 10
83.7745396825397
 20
119.86390837546506
 10
83.71422222222223
 20
119.86390837546506
 10
83.65390476190477
 20
119.86390837546506
 10
83.5935873015873
 20
119.86390837546506
 10
83.53326984126984
 20
119.86390837546506
 10
83.47295238095239
 20
119.86390837546506
 10
83.41263492063493
 20
119.86390837546506
 10
83.35231746031747
 20
119.86390837546506
 10
83.292
 20
119.86390837546506
  0
LINE
  5
111
330
17
100
AcDbEntity
  8
01-VISIBLE
100
AcDbLine
 10
87.09200000000001
 20
119.86390837546506
 30
0.0
 11
87.09200000000001
 21
296.53609162453495
 31
0.0
  0
HATCH
  5
112
330
17
100
AcDbEntity
  8
05-RAYADO
 62
7
100
AcDbHatch
 10
0.0
 20
0.0
 30
0.0
210
0.0
220
0.0
230
1.0
  2
SOLID
 70
1
 71
0
 91
1
 92
3
 72
0
 73
1
 93
4
 10
50.832
 20
137.18390837546505
 10
50.19200000000001
 20
137.18390837546505
 10
50.19200000000001
 20
270.02390837546506
 10
50.832
 20
270.02390837546506
 97
0
 75
1
 76
1
 98
0
  0
HATCH
  5
113
330
17
100
AcDbEntity
  8
05-RAYADO
 62
7
100
AcDbHatch
 10
0.0
 20
0.0
 30
0.0
210
0.0
220
0.0
230
1.0
  2
SOLID
 70
1
 71
0
 91
1
 92
3
 72
0
 73
1
 93
4
 10
119.55200000000002
 20
270.02390837546506
 10
120.19200000000001
 20
270.02390837546506
 10
120.19200000000001
 20
137.18390837546505
 10
119.55200000000002
 20
137.18390837546505
 97
0
 75
1
 76
1
 98
0
  0
HATCH
  5
114
330
17
100
AcDbEntity
  8
05-RAYADO
 62
7
100
AcDbHatch
 10
0.0
 20
0.0
 30
0.0
210
0.0
220
0.0
230
1.0
  2
SOLID
 70
1
 71
0
 91
1
 92
3
 72
0
 73
1
 93
802
 10
93.19200000000001
 20
292.37609157546507
 10
93.2858542
 20
292.36162417546507
 10
93.37970480000001
 20
292.34713197546506
 10
93.47355100000001
 20
292.3326125754651
 10
93.56739280000001
 20
292.31806397546507
 10
93.66122940000001
 20
292.3034831754651
 10
93.75506060000001
 20
292.28886677546507
 10
93.8488858
 20
292.2742115754651
 10
93.94270420000001
 20
292.2595129754651
 10
94.03651500000001
 20
292.2447663754651
 10
94.13031740000001
 20
292.22996597546506
 10
94.22411020000001
 20
292.21510497546507
 10
94.317892
 20
292.2001755754651
 10
94.41166140000001
 20
292.18516797546505
 10
94.5054164
 20
292.1700707754651
 10
94.5991546
 20
292.15486937546507
 10
94.692873
 20
292.1395457754651
 10
94.78656760000001
 20
292.1240775754651
 10
94.8802332
 20
292.10843517546505
 10
94.97386300000001
 20
292.09257997546507
 10
95.0674474
 20
292.07645937546505
 10
95.16097300000001
 20
292.0600007754651
 10
95.2544194
 20
292.0430985754651
 10
95.347755
 20
292.02559637546506
 10
95.4409286
 20
292.00725117546506
 10
95.5338516
 20
291.9876789754651
 10
95.6263746
 20
291.96630117546505
 10
95.71830440000001
 20
291.94250477546507
 10
95.8096464
 20
291.91653657546505
 10
95.9008562
 20
291.89010377546504
 10
95.99234440000001
 20
291.86465417546503
 10
96.08417060000001
 20
291.8404511754651
 10
96.17621340000001
 20
291.8170843754651
 10
96.26838380000001
 20
291.7942253754651
 10
96.36063680000001
 20
291.77170217546507
 10
96.4529464
 20
291.74941117546507
 10
96.54529520000001
 20
291.72728397546507
 10
96.6376718
 20
291.7052723754651
 10
96.73006740000001
 20
291.6833405754651
 10
96.82247500000001
 20
291.66146057546507
 10
96.91488980000001
 20
291.63960977546503
 10
97.00730700000001
 20
291.61776977546504
 10
97.09972300000001
 20
291.5959243754651
 10
97.19213440000001
 20
291.57405977546506
 10
97.2845384
 20
291.55216337546506
 10
97.37693200000001
 20
291.5302235754651
 10
97.46931260000001
 20
291.5082293754651
 10
97.56167780000001
 20
291.48617057546505
 10
97.6540252
 20
291.46403677546505
 10
97.7463522
 20
291.44181837546506
 10
97.8386562
 20
291.41950477546504
 10
97.9309348
 20
291.3970859754651
 10
98.02318500000001
 20
291.37455097546507
 10
98.11540400000001
 20
291.35188897546504
 10
98.20758880000001
 20
291.32908757546505
 10
98.29973600000001
 20
291.3061345754651
 10
98.3918416
 20
291.28301597546505
 10
98.48390180000001
 20
291.25971697546504
 10
98.57591200000002
 20
291.2362207754651
 10
98.667867
 20
291.21250957546505
 10
98.75976080000001
 20
291.1885625754651
 10
98.85158760000002
 20
291.16435997546506
 10
98.9433444
 20
291.13989377546505
 10
99.03502940000001
 20
291.11515937546505
 10
99.1266406
 20
291.09015277546507
 10
99.21817600000001
 20
291.06487037546503
 10
99.30963360000001
 20
291.03930857546504
 10
99.40101220000001
 20
291.0134647754651
 10
99.49230980000002
 20
290.98733677546505
 10
99.58352500000001
 20
290.96092277546506
 10
99.67465680000001
 20
290.93422197546505
 10
99.76570380000001
 20
290.9072341754651
 10
99.85666560000001
 20
290.8799595754651
 10
99.9475412
 20
290.8523995754651
 10
100.0383304
 20
290.8245563754651
 10
100.12903320000001
 20
290.79643317546504
 10
100.21965
 20
290.7680335754651
 10
100.31018120000002
 20
290.73936257546507
 10
100.40062780000001
 20
290.71042577546507
 10
100.49099120000001
 20
290.68122997546504
 10
100.58127280000001
 20
290.65178277546505
 10
100.67147480000001
 20
290.62209217546507
 10
100.76159940000001
 20
290.5921677754651
 10
100.85164940000001
 20
290.5620191754651
 10
100.9416276
 20
290.53165717546506
 10
101.0315372
 20
290.50109277546505
 10
101.12138200000001
 20
290.47033777546505
 10
101.21116540000001
 20
290.43940457546506
 10
101.30089140000001
 20
290.40830537546503
 10
101.39056440000002
 20
290.37705317546505
 10
101.48018780000001
 20
290.34565957546505
 10
101.5697628
 20
290.3141275754651
 10
101.6592882
 20
290.28245497546504
 10
101.74876280000001
 20
290.25063997546505
 10
101.83818600000001
 20
290.21868037546506
 10
101.9275566
 20
290.18657377546504
 10
102.01687360000001
 20
290.15431817546505
 10
102.10613560000002
 20
290.12191137546506
 10
102.19534180000001
 20
290.08935077546505
 10
102.28449080000001
 20
290.05663397546505
 10
102.3735814
 20
290.0237585754651
 10
102.46261240000001
 20
289.9907219754651
 10
102.5515824
 20
289.9575215754651
 10
102.64049020000002
 20
289.9241545754651
 10
102.72933420000001
 20
289.89061837546507
 10
102.81811300000001
 20
289.8569101754651
 10
102.90682500000001
 20
289.82302657546506
 10
102.99546880000001
 20
289.7889649754651
 10
103.0840428
 20
289.7547217754651
 10
103.1725452
 20
289.7202941754651
 10
103.2609742
 20
289.6856787754651
 10
103.3493282
 20
289.6508717754651
 10
103.437605
 20
289.61586997546505
 10
103.52580280000001
 20
289.5806695754651
 10
103.6139196
 20
289.54526657546506
 10
103.701953
 20
289.50965717546507
 10
103.7899012
 20
289.47383757546504
 10
103.87776160000001
 20
289.43780297546505
 10
103.96553180000001
 20
289.4015495754651
 10
104.0532098
 20
289.3650735754651
 10
104.14079480000001
 20
289.32837497546507
 10
104.22828620000001
 20
289.29145337546504
 10
104.31568320000001
 20
289.2543091754651
 10
104.4029852
 20
289.2169421754651
 10
104.4901916
 20
289.17935297546506
 10
104.577302
 20
289.1415411754651
 10
104.66431560000001
 20
289.1035075754651
 10
104.75123200000002
 20
289.06525217546505
 10
104.83805040000001
 20
289.02677517546505
 10
104.92477060000002
 20
288.9880773754651
 10
105.0113922
 20
288.9491587754651
 10
105.0979142
 20
288.91001997546505
 10
105.18433680000001
 20
288.8706615754651
 10
105.27065900000001
 20
288.83108377546506
 10
105.35688080000001
 20
288.79128757546505
 10
105.4430016
 20
288.7512733754651
 10
105.529021
 20
288.71104197546504
 10
105.614939
 20
288.67059397546507
 10
105.70075480000001
 20
288.6299299754651
 10
105.7864686
 20
288.58905097546506
 10
105.87207980000001
 20
288.54795797546507
 10
105.9575882
 20
288.5066513754651
 10
106.0429938
 20
288.4651323754651
 10
106.12829620000001
 20
288.4234019754651
 10
106.21349520000001
 20
288.3814609754651
 10
106.29859100000002
 20
288.33931057546505
 10
106.38358300000002
 20
288.2969515754651
 10
106.46847100000001
 20
288.25438477546504
 10
106.55325420000001
 20
288.21160917546507
 10
106.6379316
 20
288.1686243754651
 10
106.7225018
 20
288.1254297754651
 10
106.80696420000001
 20
288.08202437546504
 10
106.89131780000001
 20
288.03840757546504
 10
106.97556120000002
 20
287.9945787754651
 10
107.0596936
 20
287.95053717546506
 10
107.14371400000002
 20
287.9062821754651
 10
107.22762100000001
 20
287.86181277546507
 10
107.31141380000001
 20
287.8171283754651
 10
107.39509120000001
 20
287.77222817546505
 10
107.47865220000001
 20
287.7271115754651
 10
107.5620954
 20
287.6817777754651
 10
107.64541980000001
 20
287.63622577546505
 10
107.72862420000001
 20
287.5904551754651
 10
107.8117074
 20
287.5444649754651
 10
107.89466820000001
 20
287.49825417546504
 10
107.9775056
 20
287.4518225754651
 10
108.060218
 20
287.4051687754651
 10
108.1428046
 20
287.35829237546506
 10
108.22526380000001
 20
287.31119237546505
 10
108.30759440000001
 20
287.2638679754651
 10
108.38979520000001
 20
287.21631837546505
 10
108.4718648
 20
287.1685429754651
 10
108.553802
 20
287.12054057546504
 10
108.63560520000001
 20
287.07231037546507
 10
108.71727360000001
 20
287.02385197546505
 10
108.79880560000001
 20
286.97516457546504
 10
108.8802002
 20
286.92624817546505
 10
108.9614566
 20
286.87710197546505
 10
109.0425732
 20
286.8277255754651
 10
109.12354920000001
 20
286.7781189754651
 10
109.20438320000001
 20
286.7282813754651
 10
109.28507420000001
 20
286.67821257546507
 10
109.3656212
 20
286.6279121754651
 10
109.4460226
 20
286.5773799754651
 10
109.5262778
 20
286.52661517546505
 10
109.6063852
 20
286.47561797546507
 10
109.6863438
 20
286.42438757546506
 10
109.76615240000001
 20
286.3729237754651
 10
109.84580960000001
 20
286.3212263754651
 10
109.92531480000001
 20
286.2692947754651
 10
110.0046662
 20
286.2171289754651
 10
110.08386300000001
 20
286.16472857546506
 10
110.1629036
 20
286.1120931754651
 10
110.2417872
 20
286.05922257546507
 10
110.3205126
 20
286.00611637546507
 10
110.3990782
 20
285.95277457546507
 10
110.477483
 20
285.89919657546506
 10
110.555726
 20
285.84538217546503
 10
110.63380560000002
 20
285.79133137546506
 10
110.71172080000001
 20
285.73704377546505
 10
110.78947020000001
 20
285.6825189754651
 10
110.86705260000001
 20
285.62775677546506
 10
110.94446640000001
 20
285.5727563754651
 10
111.02171000000001
 20
285.51751757546504
 10
111.0987822
 20
285.46203937546505
 10
111.17568120000001
 20
285.4063217754651
 10
111.2524058
 20
285.3503641754651
 10
111.32895440000001
 20
285.29416577546505
 10
111.40532540000001
 20
285.23772637546506
 10
111.48151720000001
 20
285.1810455754651
 10
111.55752840000001
 20
285.1241225754651
 10
111.63335740000001
 20
285.06695717546506
 10
111.7090026
 20
285.0095487754651
 10
111.78446260000001
 20
284.95189697546505
 10
111.8597354
 20
284.89400137546505
 10
111.93482
 20
284.8358613754651
 10
112.0097142
 20
284.7774765754651
 10
112.08441680000001
 20
284.71884677546507
 10
112.1589258
 20
284.65997137546503
 10
112.23324000000001
 20
284.60084997546505
 10
112.3073574
 20
284.54148217546503
 10
112.3812764
 20
284.48186757546506
 10
112.4549954
 20
284.4220057754651
 10
112.52851280000002
 20
284.36189657546504
 10
112.60182660000001
 20
284.30153937546504
 10
112.67493560000001
 20
284.24093377546507
 10
112.74783740000001
 20
284.18007977546506
 10
112.8205308
 20
284.11897657546507
 10
112.8930138
 20
284.05762397546505
 10
112.9652844
 20
283.99602137546503
 10
113.03734120000001
 20
283.93416857546504
 10
113.109182
 20
283.87206537546507
 10
113.180805
 20
283.80971117546505
 10
113.2522086
 20
283.74710557546507
 10
113.32339080000001
 20
283.6842483754651
 10
113.39434960000001
 20
283.6211391754651
 10
113.46508320000001
 20
283.5577775754651
 10
113.53558980000001
 20
283.49416357546505
 10
113.6058672
 20
283.43029657546504
 10
113.6759138
 20
283.36617637546505
 10
113.74572760000001
 20
283.30180277546503
 10
113.81530640000001
 20
283.2371753754651
 10
113.8846486
 20
283.1722939754651
 10
113.95375200000001
 20
283.1071583754651
 10
114.02261460000001
 20
283.04176837546504
 10
114.0912346
 20
282.97612377546506
 10
114.15960980000001
 20
282.9102241754651
 10
114.2277384
 20
282.8440695754651
 10
114.2956182
 20
282.77765977546505
 10
114.3632472
 20
282.71099457546507
 10
114.43062320000001
 20
282.6440737754651
 10
114.4977442
 20
282.5768973754651
 10
114.56460820000001
 20
282.50946477546506
 10
114.63121260000001
 20
282.44177617546507
 10
114.69755560000002
 20
282.37383097546507
 10
114.7636346
 20
282.30562937546506
 10
114.82944780000001
 20
282.2371707754651
 10
114.89499260000001
 20
282.16845537546504
 10
114.9602668
 20
282.0994829754651
 10
115.02526800000001
 20
282.03025337546507
 10
115.0899942
 20
281.9607663754651
 10
115.15444300000001
 20
281.89102197546504
 10
115.21861200000001
 20
281.82101997546505
 10
115.28249880000001
 20
281.75076057546505
 10
115.3461012
 20
281.68024357546506
 10
115.4094168
 20
281.6094687754651
 10
115.47244300000001
 20
281.53843637546504
 10
115.53517780000001
 20
281.4671461754651
 10
115.5976184
 20
281.39559837546506
 10
115.65976260000001
 20
281.32379297546504
 10
115.72160780000002
 20
281.2517299754651
 10
115.78315180000001
 20
281.17940937546507
 10
115.844392
 20
281.10683137546505
 10
115.90532580000001
 20
281.03399617546506
 10
115.965951
 20
280.96090357546507
 10
116.0262648
 20
280.88755397546504
 10
116.08626480000001
 20
280.8139475754651
 10
116.14594840000001
 20
280.7400843754651
 10
116.2053132
 20
280.6659643754651
 10
116.26435640000001
 20
280.59158817546506
 10
116.32307540000001
 20
280.5169557754651
 10
116.38146760000001
 20
280.44206737546506
 10
116.43953040000001
 20
280.36692337546503
 10
116.49726100000001
 20
280.29152377546507
 10
116.554657
 20
280.21586917546506
 10
116.61171540000001
 20
280.13995977546506
 10
116.6684338
 20
280.06379577546505
 10
116.72480920000001
 20
279.9873775754651
 10
116.78083900000001
 20
279.9107057754651
 10
116.83652040000001
 20
279.8337805754651
 10
116.89185060000001
 20
279.75660217546505
 10
116.94682700000001
 20
279.67917157546503
 10
117.00144660000001
 20
279.6014887754651
 10
117.05570660000001
 20
279.5235543754651
 10
117.10960440000001
 20
279.44536897546504
 10
117.1631368
 20
279.3669331754651
 10
117.21630140000002
 20
279.28824737546506
 10
117.26909500000002
 20
279.2093121754651
 10
117.321515
 20
279.13012857546505
 10
117.37355860000001
 20
279.0506969754651
 10
117.42522300000002
 20
278.9710181754651
 10
117.476505
 20
278.89109277546504
 10
117.52740200000001
 20
278.81092157546504
 10
117.57791120000002
 20
278.7305055754651
 10
117.6280294
 20
278.6498453754651
 10
117.6777538
 20
278.56894157546503
 10
117.72708160000002
 20
278.48779557546504
 10
117.77600940000002
 20
278.4064077754651
 10
117.82453480000001
 20
278.3247793754651
 10
117.87265440000002
 20
278.24291097546507
 10
117.92036520000002
 20
278.16080377546507
 10
117.96766440000002
 20
278.07845877546504
 10
118.0145488
 20
277.9958769754651
 10
118.0610154
 20
277.91305917546504
 10
118.1070612
 20
277.83000677546505
 10
118.15268300000001
 20
277.74672077546506
 10
118.19787780000001
 20
277.6632021754651
 10
118.24264240000001
 20
277.57945237546505
 10
118.28697380000001
 20
277.49547237546506
 10
118.33086920000001
 20
277.41126357546506
 10
118.37432580000001
 20
277.32682777546506
 10
118.4173408
 20
277.24216597546507
 10
118.45991140000001
 20
277.1572797754651
 10
118.50203480000002
 20
277.07217077546505
 10
118.54370820000001
 20
276.98684057546507
 10
118.58492860000001
 20
276.9012907754651
 10
118.6256932
 20
276.8155225754651
 10
118.665999
 20
276.72953797546506
 10
118.7058432
 20
276.64333857546507
 10
118.74522280000001
 20
276.55692577546506
 10
118.78413500000002
 20
276.4703015754651
 10
118.8225764
 20
276.38346757546503
 10
118.86054460000001
 20
276.29642537546505
 10
118.8980362
 20
276.2091769754651
 10
118.93504820000001
 20
276.12172397546504
 10
118.9715778
 20
276.03406837546504
 10
119.00762180000001
 20
275.9462119754651
 10
119.04317740000002
 20
275.8581567754651
 10
119.07824120000001
 20
275.7699047754651
 10
119.11281020000001
 20
275.68145757546506
 10
119.14688180000002
 20
275.59281777546505
 10
119.18045320000002
 20
275.50398717546506
 10
119.21352180000001
 20
275.41496817546505
 10
119.24608460000002
 20
275.32576297546507
 10
119.27813920000001
 20
275.23637377546504
 10
119.30968280000002
 20
275.14680317546504
 10
119.3407128
 20
275.05705317546506
 10
119.37122640000001
 20
274.96712637546506
 10
119.4012208
 20
274.87702517546506
 10
119.43069340000001
 20
274.78675177546506
 10
119.45964140000001
 20
274.69630897546506
 10
119.48806240000002
 20
274.6056989754651
 10
119.51595320000001
 20
274.51492457546505
 10
119.54331140000001
 20
274.4239879754651
 10
119.5701344
 20
274.33289237546506
 10
119.59641920000001
 20
274.24163977546505
 10
119.62216320000002
 20
274.15023337546506
 10
119.64736380000001
 20
274.0586753754651
 10
119.67201820000001
 20
273.9669689754651
 10
119.69612400000001
 20
273.8751167754651
 10
119.7196782
 20
273.7831217754651
 10
119.74267940000001
 20
273.69098677546503
 10
119.76512640000001
 20
273.5987151754651
 10
119.7870178
 20
273.5063103754651
 10
119.8083522
 20
273.41377517546505
 10
119.82912820000001
 20
273.3211131754651
 10
119.84934460000001
 20
273.2283273754651
 10
119.86899980000001
 20
273.1354209754651
 10
119.88809220000002
 20
273.04239737546504
 10
119.90662020000002
 20
272.94925977546507
 10
119.92458240000002
 20
272.8560113754651
 10
119.94197680000002
 20
272.76265537546504
 10
119.95880220000001
 20
272.66919517546506
 10
119.97505620000001
 20
272.57563397546505
 10
119.99073760000002
 20
272.48197497546505
 10
120.00584400000001
 20
272.3882215754651
 10
120.020374
 20
272.29437717546506
 10
120.03432520000001
 20
272.2004447754651
 10
120.04769580000001
 20
272.10642817546506
 10
120.060484
 20
272.01233057546506
 10
120.0726874
 20
271.91815537546506
 10
120.084304
 20
271.82390577546505
 10
120.09533180000001
 20
271.72958577546507
 10
120.10576940000001
 20
271.63519837546505
 10
120.1156148
 20
271.54074757546505
 10
120.12486700000001
 20
271.44623657546504
 10
120.13352460000002
 20
271.35166957546505
 10
120.14158640000001
 20
271.2570495754651
 10
120.1490516
 20
271.16238097546506
 10
120.1559196
 20
271.06766697546504
 10
120.16218940000002
 20
270.97291157546505
 10
120.1678612
 20
270.8781183754651
 10
120.17293420000001
 20
270.78329137546507
 10
120.17740880000001
 20
270.6884341754651
 10
120.18128480000001
 20
270.5935507754651
 10
120.18456260000002
 20
270.49864457546505
 10
120.1872428
 20
270.40371977546505
 10
120.18932560000002
 20
270.3087799754651
 10
120.19081220000001
 20
270.21382897546505
 10
120.1917032
 20
270.11887057546505
 10
120.19200000000001
 20
270.02390837546506
 10
119.55200000000002
 20
270.02390837546506
 10
119.55189660000002
 20
270.11638217546505
 10
119.55156760000001
 20
270.2088553754651
 10
119.55098140000001
 20
270.30132737546506
 10
119.5501002
 20
270.3937969754651
 10
119.54887920000002
 20
270.4862627754651
 10
119.54726480000001
 20
270.57872257546506
 10
119.54519300000001
 20
270.6711729754651
 10
119.54258720000001
 20
270.76360997546504
 10
119.53935600000001
 20
270.85602717546504
 10
119.53539220000002
 20
270.94841577546504
 10
119.53057220000001
 20
271.04076357546506
 10
119.52475900000002
 20
271.1330541754651
 10
119.5178114
 20
271.22526597546505
 10
119.50960180000001
 20
271.31737397546505
 10
119.500044
 20
271.40935157546505
 10
119.48912900000002
 20
271.5011783754651
 10
119.4769526
 20
271.59284637546506
 10
119.46371860000002
 20
271.6843679754651
 10
119.44970740000001
 20
271.7757739754651
 10
119.43522220000001
 20
271.8671063754651
 10
119.42051640000001
 20
271.9584033754651
 10
119.40564220000002
 20
272.04967317546505
 10
119.3905756
 20
272.14091137546507
 10
119.3752954
 20
272.2321141754651
 10
119.35978300000001
 20
272.32327757546506
 10
119.34402060000001
 20
272.41439817546507
 10
119.3279914
 20
272.50547217546506
 10
119.3116784
 20
272.5964957754651
 10
119.2950648
 20
272.68746497546505
 10
119.27813260000002
 20
272.7783753754651
 10
119.26086320000002
 20
272.8692223754651
 10
119.24323740000001
 20
272.96000077546506
 10
119.22523380000001
 20
273.05070517546505
 10
119.20683020000001
 20
273.14132917546505
 10
119.18800180000001
 20
273.23186577546505
 10
119.168722
 20
273.32230757546506
 10
119.14896140000002
 20
273.41264537546505
 10
119.12868740000002
 20
273.5028691754651
 10
119.107864
 20
273.59296797546506
 10
119.08645080000001
 20
273.68292817546507
 10
119.06440280000001
 20
273.7727349754651
 10
119.0416926
 20
273.86237677546507
 10
119.01831660000002
 20
273.95184697546506
 10
118.99427500000002
 20
274.04114077546507
 10
118.96956840000001
 20
274.13025297546505
 10
118.9441998
 20
274.2191787754651
 10
118.91817280000001
 20
274.30791417546504
 10
118.89149320000001
 20
274.3964555754651
 10
118.864168
 20
274.48479977546504
 10
118.83620580000002
 20
274.57294457546504
 10
118.8076168
 20
274.6608879754651
 10
118.77841280000001
 20
274.74862917546506
 10
118.74860660000002
 20
274.8361675754651
 10
118.71821320000001
 20
274.92350397546505
 10
118.68724840000002
 20
275.0106391754651
 10
118.65572920000001
 20
275.09757557546504
 10
118.62367440000001
 20
275.1843159754651
 10
118.591103
 20
275.27086357546506
 10
118.55803600000002
 20
275.35722297546505
 10
118.52449420000002
 20
275.44339937546505
 10
118.49050000000001
 20
275.5293981754651
 10
118.45607460000001
 20
275.61522517546507
 10
118.42122700000002
 20
275.70088177546506
 10
118.3859582
 20
275.7863657754651
 10
118.35026880000001
 20
275.87167497546506
 10
118.3141592
 20
275.9568073754651
 10
118.27763000000002
 20
276.0417601754651
 10
118.2406808
 20
276.12653137546505
 10
118.20331140000002
 20
276.21111837546505
 10
118.16552180000001
 20
276.2955181754651
 10
118.12731100000002
 20
276.37972837546505
 10
118.08867860000001
 20
276.4637457754651
 10
118.04962320000001
 20
276.54756737546506
 10
118.01014380000001
 20
276.63119017546506
 10
117.97023920000001
 20
276.71461097546506
 10
117.9299076
 20
276.79782617546505
 10
117.88914740000001
 20
276.88083217546506
 10
117.84795640000002
 20
276.9636253754651
 10
117.8063328
 20
277.0462017754651
 10
117.76427420000002
 20
277.12855757546504
 10
117.721778
 20
277.21068837546505
 10
117.67884140000001
 20
277.29258977546505
 10
117.6354618
 20
277.37425737546505
 10
117.5916392
 20
277.45568817546507
 10
117.54737700000001
 20
277.53688097546507
 10
117.5026794
 20
277.6178347754651
 10
117.45755020000001
 20
277.69854877546504
 10
117.4119934
 20
277.77902217546506
 10
117.36601300000001
 20
277.85925437546507
 10
117.31961320000002
 20
277.93924477546506
 10
117.27279800000001
 20
278.01899277546505
 10
117.22557160000001
 20
278.09849777546503
 10
117.1779382
 20
278.17775977546506
 10
117.1299022
 20
278.25677837546505
 10
117.08146740000001
 20
278.33555317546507
 10
117.03263860000001
 20
278.41408437546505
 10
116.9834196
 20
278.4923715754651
 10
116.93381520000001
 20
278.5704151754651
 10
116.88382920000001
 20
278.64821497546507
 10
116.8334664
 20
278.72577137546506
 10
116.78273100000001
 20
278.80308437546506
 10
116.7316272
 20
278.8801545754651
 10
116.68015960000001
 20
278.9569821754651
 10
116.62833260000001
 20
279.0335677754651
 10
116.5761504
 20
279.1099119754651
 10
116.52361660000001
 20
279.18601457546504
 10
116.4707338
 20
279.26187497546505
 10
116.41750440000001
 20
279.3374927754651
 10
116.36393100000001
 20
279.4128669754651
 10
116.310016
 20
279.48799737546506
 10
116.2557618
 20
279.56288317546506
 10
116.2011708
 20
279.63752397546506
 10
116.14624560000001
 20
279.7119189754651
 10
116.09098840000001
 20
279.7860677754651
 10
116.0354018
 20
279.85996997546505
 10
115.97948780000002
 20
279.9336247754651
 10
115.92324880000001
 20
280.00703177546507
 10
115.8666872
 20
280.08019037546507
 10
115.8098052
 20
280.15310017546506
 10
115.7526052
 20
280.22576077546506
 10
115.69508920000001
 20
280.2981713754651
 10
115.6372594
 20
280.37033177546505
 10
115.57911820000001
 20
280.44224157546506
 10
115.52066740000001
 20
280.51389997546505
 10
115.46190960000001
 20
280.5853065754651
 10
115.4028466
 20
280.65646097546505
 10
115.3434804
 20
280.72736277546505
 10
115.28381340000001
 20
280.79801157546507
 10
115.22384780000002
 20
280.86840717546505
 10
115.16358600000001
 20
280.9385493754651
 10
115.1030308
 20
281.00843837546506
 10
115.04218460000001
 20
281.0780741754651
 10
114.98104980000001
 20
281.14745677546506
 10
114.91962900000001
 20
281.21658617546507
 10
114.8579246
 20
281.2854625754651
 10
114.7959388
 20
281.35408617546506
 10
114.73367440000001
 20
281.4224567754651
 10
114.6711338
 20
281.49057497546505
 10
114.60831920000001
 20
281.55844037546507
 10
114.54523320000001
 20
281.62605377546504
 10
114.48187800000001
 20
281.6934149754651
 10
114.4182562
 20
281.7605241754651
 10
114.3543698
 20
281.8273819754651
 10
114.29022160000001
 20
281.8939883754651
 10
114.22581360000001
 20
281.96034357546506
 10
114.16114820000001
 20
282.0264479754651
 10
114.09622780000001
 20
282.09230197546503
 10
114.0310546
 20
282.15790577546505
 10
113.96563080000001
 20
282.22325977546507
 10
113.89995880000001
 20
282.28836417546506
 10
113.83404080000001
 20
282.35321957546506
 10
113.76787900000001
 20
282.41782617546505
 10
113.7014752
 20
282.4821841754651
 10
113.63483160000001
 20
282.5462935754651
 10
113.56795000000001
 20
282.6101549754651
 10
113.50083240000001
 20
282.67376817546506
 10
113.433481
 20
282.73713377546505
 10
113.36589740000001
 20
282.80025157546504
 10
113.29808360000001
 20
282.86312217546504
 10
113.23004180000001
 20
282.9257457754651
 10
113.16177340000002
 20
282.9881223754651
 10
113.0932808
 20
283.05025257546504
 10
113.0245656
 20
283.11213637546507
 10
112.95562960000001
 20
283.1737743754651
 10
112.8864748
 20
283.2351667754651
 10
112.817103
 20
283.2963137754651
 10
112.747516
 20
283.35721597546507
 10
112.6777156
 20
283.4178733754651
 10
112.60770380000001
 20
283.4782863754651
 10
112.5374822
 20
283.53845557546504
 10
112.4670524
 20
283.5983811754651
 10
112.39641660000001
 20
283.65806357546506
 10
112.3255764
 20
283.7175031754651
 10
112.25453340000001
 20
283.77670037546505
 10
112.1832894
 20
283.83565557546507
 10
112.1118462
 20
283.89436897546506
 10
112.0402054
 20
283.9528411754651
 10
111.9683684
 20
284.01107237546506
 10
111.8963372
 20
284.06906297546504
 10
111.8241132
 20
284.1268133754651
 10
111.7516982
 20
284.1843239754651
 10
111.6790934
 20
284.2415949754651
 10
111.60630080000001
 20
284.2986267754651
 10
111.53332180000001
 20
284.35541997546505
 10
111.4601578
 20
284.41197497546506
 10
111.3868108
 20
284.46829197546504
 10
111.31328180000001
 20
284.5243713754651
 10
111.2395728
 20
284.5802139754651
 10
111.16568500000001
 20
284.63581977546505
 10
111.09162020000001
 20
284.69118937546506
 10
111.01737960000001
 20
284.74632337546507
 10
110.94296500000002
 20
284.80122217546506
 10
110.8683776
 20
284.85588597546507
 10
110.79361920000001
 20
284.91031557546506
 10
110.718691
 20
284.96451137546507
 10
110.64359440000001
 20
285.01847357546507
 10
110.56833120000002
 20
285.07220317546506
 10
110.49290260000001
 20
285.12570017546506
 10
110.4173102
 20
285.17896537546505
 10
110.34155520000002
 20
285.23199917546503
 10
110.26563900000001
 20
285.2848021754651
 10
110.18956320000001
 20
285.33737477546504
 10
110.1133288
 20
285.38971737546507
 10
110.03693740000001
 20
285.4418303754651
 10
109.96039
 20
285.4937139754651
 10
109.88368820000001
 20
285.5453687754651
 10
109.80683280000001
 20
285.59679517546505
 10
109.72982540000001
 20
285.6479935754651
 10
109.65266720000001
 20
285.69896437546504
 10
109.57535940000001
 20
285.74970797546507
 10
109.49790320000001
 20
285.80022477546504
 10
109.42030000000001
 20
285.8505153754651
 10
109.34255080000001
 20
285.90057997546506
 10
109.26465680000001
 20
285.95041937546506
 10
109.18661940000001
 20
286.00003357546507
 10
109.10843980000001
 20
286.04942337546504
 10
109.03011900000001
 20
286.09858917546507
 10
108.95165840000001
 20
286.1475311754651
 10
108.87305900000001
 20
286.1962501754651
 10
108.79432200000001
 20
286.24474657546506
 10
108.71544840000001
 20
286.29302077546504
 10
108.6364398
 20
286.34107317546506
 10
108.557297
 20
286.38890457546506
 10
108.4780212
 20
286.43651517546505
 10
108.3986136
 20
286.4839055754651
 10
108.3190754
 20
286.53107617546505
 10
108.2394074
 20
286.57802757546506
 10
108.15961100000001
 20
286.6247601754651
 10
108.079687
 20
286.6712743754651
 10
107.9996366
 20
286.71757057546506
 10
107.91946080000001
 20
286.7636493754651
 10
107.83916060000001
 20
286.80951097546506
 10
107.75873680000001
 20
286.85515557546506
 10
107.67819080000001
 20
286.90058397546505
 10
107.59752320000001
 20
286.9457963754651
 10
107.51673520000001
 20
286.99079317546506
 10
107.43582780000001
 20
287.0355747754651
 10
107.3548018
 20
287.08014177546505
 10
107.27365840000002
 20
287.1244943754651
 10
107.1923984
 20
287.16863317546506
 10
107.11102300000002
 20
287.2125585754651
 10
107.02953280000001
 20
287.2562709754651
 10
106.94792900000002
 20
287.29977057546506
 10
106.86621240000001
 20
287.34305837546503
 10
106.7843842
 20
287.3861341754651
 10
106.70244500000001
 20
287.42899897546505
 10
106.62039580000001
 20
287.4716529754651
 10
106.5382378
 20
287.51409637546504
 10
106.45597160000001
 20
287.55633017546506
 10
106.3735982
 20
287.5983543754651
 10
106.29111840000002
 20
287.6401697754651
 10
106.20853340000001
 20
287.68177637546506
 10
106.12584380000001
 20
287.7231751754651
 10
106.0430508
 20
287.76436637546504
 10
105.96015480000001
 20
287.8053503754651
 10
105.87715720000001
 20
287.84612757546506
 10
105.79405820000001
 20
287.8866983754651
 10
105.71085900000001
 20
287.92706297546505
 10
105.62756040000001
 20
287.96722197546507
 10
105.54416300000001
 20
288.00717577546504
 10
105.46066780000001
 20
288.0469245754651
 10
105.37707560000001
 20
288.08646857546506
 10
105.29338700000001
 20
288.12580857546504
 10
105.20960280000001
 20
288.1649445754651
 10
105.125724
 20
288.2038771754651
 10
105.04175120000001
 20
288.24260677546505
 10
104.95768500000001
 20
288.28113357546505
 10
104.8735266
 20
288.31945817546506
 10
104.78927660000001
 20
288.3575805754651
 10
104.70493540000001
 20
288.39550177546505
 10
104.62050420000001
 20
288.43322157546504
 10
104.53598380000001
 20
288.4707405754651
 10
104.4513744
 20
288.50805937546505
 10
104.36667720000001
 20
288.5451781754651
 10
104.28189300000001
 20
288.5820973754651
 10
104.1970222
 20
288.6188173754651
 10
104.11206560000001
 20
288.65533857546507
 10
104.02702400000001
 20
288.69166157546505
 10
103.94189820000001
 20
288.7277863754651
 10
103.8566888
 20
288.7637137754651
 10
103.7713966
 20
288.79944397546507
 10
103.68602220000001
 20
288.8349773754651
 10
103.6005664
 20
288.87031457546504
 10
103.5150296
 20
288.90545557546506
 10
103.42941280000001
 20
288.94040077546504
 10
103.34371660000001
 20
288.97515077546507
 10
103.2579414
 20
289.0097055754651
 10
103.172088
 20
289.0440655754651
 10
103.08615700000001
 20
289.0782309754651
 10
103.00014920000001
 20
289.11220257546506
 10
102.91406500000001
 20
289.14598017546507
 10
102.8279052
 20
289.1795641754651
 10
102.74167020000002
 20
289.2129551754651
 10
102.65536100000001
 20
289.24615337546504
 10
102.56897780000001
 20
289.27915897546507
 10
102.48252160000001
 20
289.31197257546506
 10
102.39599280000002
 20
289.3445941754651
 10
102.309392
 20
289.37702437546506
 10
102.22271980000001
 20
289.40926337546506
 10
102.13597700000001
 20
289.4413115754651
 10
102.049164
 20
289.4731693754651
 10
101.96228140000001
 20
289.5048369754651
 10
101.8753298
 20
289.5363145754651
 10
101.78831000000001
 20
289.5676029754651
 10
101.7012224
 20
289.59870217546506
 10
101.61406760000001
 20
289.62961257546505
 10
101.526846
 20
289.6603343754651
 10
101.43955860000001
 20
289.6908681754651
 10
101.35220580000001
 20
289.7212143754651
 10
101.26478800000001
 20
289.7513729754651
 10
101.17730580000001
 20
289.7813445754651
 10
101.08976000000001
 20
289.81112937546504
 10
101.00215100000001
 20
289.8407277754651
 10
100.91447920000002
 20
289.8701397754651
 10
100.8267452
 20
289.89936597546506
 10
100.73894960000001
 20
289.92840637546504
 10
100.65109280000001
 20
289.95726137546507
 10
100.5631754
 20
289.98593097546507
 10
100.475198
 20
290.01441577546507
 10
100.387161
 20
290.04271597546506
 10
100.29906500000001
 20
290.0708317754651
 10
100.2109104
 20
290.09876337546507
 10
100.12269760000001
 20
290.12651117546505
 10
100.03442740000001
 20
290.1540753754651
 10
99.9461002
 20
290.1814561754651
 10
99.85771640000002
 20
290.20865397546504
 10
99.76927660000001
 20
290.2356691754651
 10
99.68078120000001
 20
290.26250177546507
 10
99.59223080000001
 20
290.2891519754651
 10
99.50362600000001
 20
290.31562057546506
 10
99.4149668
 20
290.34190717546505
 10
99.32625440000001
 20
290.36801257546506
 10
99.2374886
 20
290.39393697546507
 10
99.14867040000001
 20
290.4196803754651
 10
99.05979980000001
 20
290.44524317546507
 10
98.97087780000001
 20
290.47062577546507
 10
98.88190460000001
 20
290.49582857546505
 10
98.7928806
 20
290.5208513754651
 10
98.7038064
 20
290.54569497546504
 10
98.6146824
 20
290.57035937546505
 10
98.52550920000002
 20
290.5948449754651
 10
98.43628700000001
 20
290.61915177546507
 10
98.3470164
 20
290.64328017546507
 10
98.25769780000002
 20
290.66723037546507
 10
98.1683318
 20
290.69100257546506
 10
98.07891860000001
 20
290.7145971754651
 10
97.98945880000001
 20
290.73801397546504
 10
97.89995280000001
 20
290.76125357546505
 10
97.81040080000001
 20
290.78431617546505
 10
97.72080360000001
 20
290.80720177546505
 10
97.63116140000001
 20
290.8299105754651
 10
97.5414748
 20
290.85244317546505
 10
97.451744
 20
290.87479937546505
 10
97.36196960000001
 20
290.8969795754651
 10
97.2721518
 20
290.9189841754651
 10
97.18229140000001
 20
290.94081297546506
 10
97.0923884
 20
290.9624665754651
 10
97.0024436
 20
290.9839449754651
 10
96.912457
 20
291.0052485754651
 10
96.82242920000002
 20
291.02637757546506
 10
96.73236080000001
 20
291.04733197546506
 10
96.64225200000001
 20
291.06811217546505
 10
96.5521032
 20
291.08871817546503
 10
96.461915
 20
291.10915057546504
 10
96.37168740000001
 20
291.12940937546506
 10
96.28142120000001
 20
291.1494947754651
 10
96.19111660000002
 20
291.16940697546505
 10
96.1007742
 20
291.18914637546504
 10
96.010394
 20
291.20871297546506
 10
95.9199768
 20
291.2281071754651
 10
95.8295228
 20
291.24732897546505
 10
95.73903220000001
 20
291.26637877546506
 10
95.64850580000001
 20
291.28525637546505
 10
95.55794360000002
 20
291.3039621754651
 10
95.467346
 20
291.32249617546506
 10
95.37671360000002
 20
291.34085877546505
 10
95.28604680000001
 20
291.35904977546505
 10
95.19534560000001
 20
291.37706957546504
 10
95.1046106
 20
291.3949181754651
 10
95.01384200000001
 20
291.4125957754651
 10
94.9230404
 20
291.43010277546506
 10
94.8322062
 20
291.44743897546505
 10
94.7413396
 20
291.46460457546505
 10
94.65044080000001
 20
291.4815999754651
 10
94.55951040000001
 20
291.49842517546506
 10
94.46854880000001
 20
291.51508057546505
 10
94.3775564
 20
291.53156597546507
 10
94.28653320000001
 20
291.54788177546504
 10
94.1954798
 20
291.5640279754651
 10
94.1043966
 20
291.58000497546504
 10
94.01328400000001
 20
291.59581277546505
 10
93.92214200000001
 20
291.61145177546507
 10
93.83097140000001
 20
291.62692197546505
 10
93.7397724
 20
291.6422235754651
 10
93.6485452
 20
291.6573567754651
 10
93.55729020000001
 20
291.6723219754651
 10
93.4660078
 20
291.68711897546507
 10
93.3746984
 20
291.70174817546507
 10
93.2833624
 20
291.7162097754651
 10
93.19200000000001
 20
291.73050397546507
 97
0
 75
1
 76
1
 98
0
  0
HATCH
  5
115
330
17
100
AcDbEntity
  8
05-RAYADO
 62
7
100
AcDbHatch
 10
0.0
 20
0.0
 30
0.0
210
0.0
220
0.0
230
1.0
  2
SOLID
 70
1
 71
0
 91
1
 92
3
 72
0
 73
1
 93
802
 10
50.832
 20
270.02390837546506
 10
50.19200000000001
 20
270.02390837546506
 10
50.19229680000001
 20
270.11887057546505
 10
50.19318780000001
 20
270.21382897546505
 10
50.194674400000004
 20
270.3087799754651
 10
50.19675720000001
 20
270.40371977546505
 10
50.1994374
 20
270.49864457546505
 10
50.20271520000001
 20
270.5935507754651
 10
50.206591200000005
 20
270.6884341754651
 10
50.21106580000001
 20
270.78329137546507
 10
50.2161388
 20
270.8781183754651
 10
50.221810600000005
 20
270.97291157546505
 10
50.2280804
 20
271.06766697546504
 10
50.23494840000001
 20
271.16238097546506
 10
50.242413600000006
 20
271.2570495754651
 10
50.250475400000006
 20
271.35166957546505
 10
50.259133000000006
 20
271.44623657546504
 10
50.268385200000004
 20
271.54074757546505
 10
50.27823060000001
 20
271.63519837546505
 10
50.288668200000004
 20
271.72958577546507
 10
50.299696000000004
 20
271.82390577546505
 10
50.31131260000001
 20
271.91815537546506
 10
50.323516000000005
 20
272.01233057546506
 10
50.33630420000001
 20
272.10642817546506
 10
50.34967480000001
 20
272.2004447754651
 10
50.363626000000004
 20
272.29437717546506
 10
50.378156000000004
 20
272.3882215754651
 10
50.393262400000005
 20
272.48197497546505
 10
50.40894380000001
 20
272.57563397546505
 10
50.42519780000001
 20
272.66919517546506
 10
50.442023000000006
 20
272.76265537546504
 10
50.4594176
 20
272.8560113754651
 10
50.4773798
 20
272.94925977546507
 10
50.495907800000005
 20
273.04239737546504
 10
50.51500020000001
 20
273.1354209754651
 10
50.534655400000005
 20
273.2283273754651
 10
50.55487180000001
 20
273.3211131754651
 10
50.575647800000006
 20
273.41377517546505
 10
50.59698220000001
 20
273.5063103754651
 10
50.61887360000001
 20
273.5987151754651
 10
50.64132060000001
 20
273.69098677546503
 10
50.6643218
 20
273.7831217754651
 10
50.687876
 20
273.8751167754651
 10
50.711981800000004
 20
273.9669689754651
 10
50.73663620000001
 20
274.0586753754651
 10
50.761836800000005
 20
274.15023337546506
 10
50.78758080000001
 20
274.24163977546505
 10
50.81386560000001
 20
274.33289237546506
 10
50.84068860000001
 20
274.4239879754651
 10
50.86804680000001
 20
274.51492457546505
 10
50.8959376
 20
274.6056989754651
 10
50.924358600000005
 20
274.69630897546506
 10
50.953306600000005
 20
274.78675177546506
 10
50.9827792
 20
274.87702517546506
 10
51.01277360000001
 20
274.96712637546506
 10
51.04328720000001
 20
275.05705317546506
 10
51.0743172
 20
275.14680317546504
 10
51.1058608
 20
275.23637377546504
 10
51.137915400000004
 20
275.32576297546507
 10
51.170478200000005
 20
275.41496817546505
 10
51.203546800000005
 20
275.50398717546506
 10
51.237118200000005
 20
275.59281777546505
 10
51.27118980000001
 20
275.68145757546506
 10
51.30575880000001
 20
275.7699047754651
 10
51.3408226
 20
275.8581567754651
 10
51.376378200000005
 20
275.9462119754651
 10
51.41242220000001
 20
276.03406837546504
 10
51.44895180000001
 20
276.12172397546504
 10
51.48596380000001
 20
276.2091769754651
 10
51.5234554
 20
276.29642537546505
 10
51.561423600000005
 20
276.38346757546503
 10
51.599865
 20
276.4703015754651
 10
51.63877720000001
 20
276.55692577546506
 10
51.678156800000004
 20
276.64333857546507
 10
51.71800100000001
 20
276.72953797546506
 10
51.75830680000001
 20
276.8155225754651
 10
51.79907140000001
 20
276.9012907754651
 10
51.8402918
 20
276.98684057546507
 10
51.8819652
 20
277.07217077546505
 10
51.924088600000005
 20
277.1572797754651
 10
51.96665920000001
 20
277.24216597546507
 10
52.009674200000006
 20
277.32682777546506
 10
52.053130800000005
 20
277.41126357546506
 10
52.0970262
 20
277.49547237546506
 10
52.141357600000006
 20
277.57945237546505
 10
52.18612220000001
 20
277.6632021754651
 10
52.231317000000004
 20
277.74672077546506
 10
52.2769388
 20
277.83000677546505
 10
52.322984600000005
 20
277.91305917546504
 10
52.36945120000001
 20
277.9958769754651
 10
52.416335600000004
 20
278.07845877546504
 10
52.4636348
 20
278.16080377546507
 10
52.511345600000006
 20
278.24291097546507
 10
52.559465200000005
 20
278.3247793754651
 10
52.6079906
 20
278.4064077754651
 10
52.6569184
 20
278.48779557546504
 10
52.70624620000001
 20
278.56894157546503
 10
52.755970600000005
 20
278.6498453754651
 10
52.806088800000005
 20
278.7305055754651
 10
52.856598000000005
 20
278.81092157546504
 10
52.907495000000004
 20
278.89109277546504
 10
52.958777000000005
 20
278.9710181754651
 10
53.010441400000005
 20
279.0506969754651
 10
53.06248500000001
 20
279.13012857546505
 10
53.114905
 20
279.2093121754651
 10
53.1676986
 20
279.28824737546506
 10
53.22086320000001
 20
279.3669331754651
 10
53.274395600000005
 20
279.44536897546504
 10
53.32829340000001
 20
279.5235543754651
 10
53.382553400000006
 20
279.6014887754651
 10
53.437173
 20
279.67917157546503
 10
53.4921494
 20
279.75660217546505
 10
53.5474796
 20
279.8337805754651
 10
53.603161
 20
279.9107057754651
 10
53.659190800000005
 20
279.9873775754651
 10
53.715566200000005
 20
280.06379577546505
 10
53.772284600000006
 20
280.13995977546506
 10
53.82934300000001
 20
280.21586917546506
 10
53.886739000000006
 20
280.29152377546507
 10
53.944469600000005
 20
280.36692337546503
 10
54.00253240000001
 20
280.44206737546506
 10
54.06092460000001
 20
280.5169557754651
 10
54.1196436
 20
280.59158817546506
 10
54.17868680000001
 20
280.6659643754651
 10
54.238051600000006
 20
280.7400843754651
 10
54.297735200000005
 20
280.8139475754651
 10
54.35773520000001
 20
280.88755397546504
 10
54.41804900000001
 20
280.96090357546507
 10
54.4786742
 20
281.03399617546506
 10
54.53960800000001
 20
281.10683137546505
 10
54.6008482
 20
281.17940937546507
 10
54.6623922
 20
281.2517299754651
 10
54.72423740000001
 20
281.32379297546504
 10
54.78638160000001
 20
281.39559837546506
 10
54.8488222
 20
281.4671461754651
 10
54.911557
 20
281.53843637546504
 10
54.974583200000005
 20
281.6094687754651
 10
55.03789880000001
 20
281.68024357546506
 10
55.1015012
 20
281.75076057546505
 10
55.16538800000001
 20
281.82101997546505
 10
55.229557
 20
281.89102197546504
 10
55.29400580000001
 20
281.9607663754651
 10
55.358732
 20
282.03025337546507
 10
55.42373320000001
 20
282.0994829754651
 10
55.489007400000006
 20
282.16845537546504
 10
55.5545522
 20
282.2371707754651
 10
55.62036540000001
 20
282.30562937546506
 10
55.6864444
 20
282.37383097546507
 10
55.7527874
 20
282.44177617546507
 10
55.819391800000005
 20
282.50946477546506
 10
55.88625580000001
 20
282.5768973754651
 10
55.9533768
 20
282.6440737754651
 10
56.02075280000001
 20
282.71099457546507
 10
56.08838180000001
 20
282.77765977546505
 10
56.15626160000001
 20
282.8440695754651
 10
56.2243902
 20
282.9102241754651
 10
56.29276540000001
 20
282.97612377546506
 10
56.3613854
 20
283.04176837546504
 10
56.430248000000006
 20
283.1071583754651
 10
56.49935140000001
 20
283.1722939754651
 10
56.5686936
 20
283.2371753754651
 10
56.638272400000005
 20
283.30180277546503
 10
56.70808620000001
 20
283.36617637546505
 10
56.77813280000001
 20
283.43029657546504
 10
56.848410200000004
 20
283.49416357546505
 10
56.918916800000005
 20
283.5577775754651
 10
56.9896504
 20
283.6211391754651
 10
57.0606092
 20
283.6842483754651
 10
57.13179140000001
 20
283.74710557546507
 10
57.20319500000001
 20
283.80971117546505
 10
57.274818
 20
283.87206537546507
 10
57.3466588
 20
283.93416857546504
 10
57.418715600000006
 20
283.99602137546503
 10
57.49098620000001
 20
284.05762397546505
 10
57.56346920000001
 20
284.11897657546507
 10
57.636162600000006
 20
284.18007977546506
 10
57.7090644
 20
284.24093377546507
 10
57.782173400000005
 20
284.30153937546504
 10
57.8554872
 20
284.36189657546504
 10
57.929004600000006
 20
284.4220057754651
 10
58.00272360000001
 20
284.48186757546506
 10
58.07664260000001
 20
284.54148217546503
 10
58.150760000000005
 20
284.60084997546505
 10
58.22507420000001
 20
284.65997137546503
 10
58.2995832
 20
284.71884677546507
 10
58.37428580000001
 20
284.7774765754651
 10
58.449180000000005
 20
284.8358613754651
 10
58.52426460000001
 20
284.89400137546505
 10
58.5995374
 20
284.95189697546505
 10
58.67499740000001
 20
285.0095487754651
 10
58.750642600000006
 20
285.06695717546506
 10
58.826471600000005
 20
285.1241225754651
 10
58.9024828
 20
285.1810455754651
 10
58.978674600000005
 20
285.23772637546506
 10
59.0550456
 20
285.29416577546505
 10
59.13159420000001
 20
285.3503641754651
 10
59.2083188
 20
285.4063217754651
 10
59.28521780000001
 20
285.46203937546505
 10
59.36229
 20
285.51751757546504
 10
59.439533600000004
 20
285.5727563754651
 10
59.51694740000001
 20
285.62775677546506
 10
59.594529800000004
 20
285.6825189754651
 10
59.672279200000006
 20
285.73704377546505
 10
59.750194400000005
 20
285.79133137546506
 10
59.82827400000001
 20
285.84538217546503
 10
59.90651700000001
 20
285.89919657546506
 10
59.98492180000001
 20
285.95277457546507
 10
60.06348740000001
 20
286.00611637546507
 10
60.14221280000001
 20
286.05922257546507
 10
60.22109640000001
 20
286.1120931754651
 10
60.30013700000001
 20
286.16472857546506
 10
60.379333800000005
 20
286.2171289754651
 10
60.458685200000005
 20
286.2692947754651
 10
60.538190400000005
 20
286.3212263754651
 10
60.617847600000005
 20
286.3729237754651
 10
60.69765620000001
 20
286.42438757546506
 10
60.77761480000001
 20
286.47561797546507
 10
60.857722200000005
 20
286.52661517546505
 10
60.93797740000001
 20
286.5773799754651
 10
61.01837880000001
 20
286.6279121754651
 10
61.0989258
 20
286.67821257546507
 10
61.179616800000005
 20
286.7282813754651
 10
61.2604508
 20
286.7781189754651
 10
61.34142680000001
 20
286.8277255754651
 10
61.42254340000001
 20
286.87710197546505
 10
61.50379980000001
 20
286.92624817546505
 10
61.585194400000006
 20
286.97516457546504
 10
61.6667264
 20
287.02385197546505
 10
61.74839480000001
 20
287.07231037546507
 10
61.83019800000001
 20
287.12054057546504
 10
61.91213520000001
 20
287.1685429754651
 10
61.994204800000006
 20
287.21631837546505
 10
62.0764056
 20
287.2638679754651
 10
62.15873620000001
 20
287.31119237546505
 10
62.24119540000001
 20
287.35829237546506
 10
62.32378200000001
 20
287.4051687754651
 10
62.40649440000001
 20
287.4518225754651
 10
62.4893318
 20
287.49825417546504
 10
62.57229260000001
 20
287.5444647754651
 10
62.6553758
 20
287.5904551754651
 10
62.7385802
 20
287.63622577546505
 10
62.82190460000001
 20
287.6817777754651
 10
62.9053478
 20
287.7271115754651
 10
62.988908800000004
 20
287.77222817546505
 10
63.0725862
 20
287.8171283754651
 10
63.156379
 20
287.86181277546507
 10
63.240286000000005
 20
287.9062821754651
 10
63.324306400000005
 20
287.95053717546506
 10
63.408438800000006
 20
287.9945787754651
 10
63.492682200000004
 20
288.03840757546504
 10
63.577035800000004
 20
288.08202437546504
 10
63.66149820000001
 20
288.1254297754651
 10
63.746068400000006
 20
288.1686243754651
 10
63.8307458
 20
288.21160917546507
 10
63.91552900000001
 20
288.25438477546504
 10
64.000417
 20
288.2969515754651
 10
64.085409
 20
288.33931057546505
 10
64.1705048
 20
288.3814609754651
 10
64.2557038
 20
288.4234019754651
 10
64.34100620000001
 20
288.4651323754651
 10
64.42641160000001
 20
288.5066513754651
 10
64.5119202
 20
288.54795797546507
 10
64.59753140000001
 20
288.58905097546506
 10
64.6832452
 20
288.6299299754651
 10
64.76906100000001
 20
288.67059397546507
 10
64.85497900000001
 20
288.71104197546504
 10
64.94099840000001
 20
288.7512733754651
 10
65.0271192
 20
288.79128757546505
 10
65.113341
 20
288.83108377546506
 10
65.1996632
 20
288.8706615754651
 10
65.28608580000001
 20
288.91001997546505
 10
65.37260780000001
 20
288.9491587754651
 10
65.4592294
 20
288.9880773754651
 10
65.5459496
 20
289.02677517546505
 10
65.632768
 20
289.06525217546505
 10
65.7196844
 20
289.1035075754651
 10
65.80669800000001
 20
289.1415411754651
 10
65.89380840000001
 20
289.17935297546506
 10
65.98101480000001
 20
289.2169421754651
 10
66.0683168
 20
289.2543091754651
 10
66.1557138
 20
289.29145337546504
 10
66.2432052
 20
289.32837497546507
 10
66.33079020000001
 20
289.3650735754651
 10
66.4184682
 20
289.4015495754651
 10
66.5062384
 20
289.43780297546505
 10
66.59409880000001
 20
289.47383757546504
 10
66.68204700000001
 20
289.50965717546507
 10
66.77008040000001
 20
289.54526657546506
 10
66.8581972
 20
289.5806695754651
 10
66.94639500000001
 20
289.61586997546505
 10
67.03467180000001
 20
289.6508717754651
 10
67.12302580000001
 20
289.6856787754651
 10
67.21145480000001
 20
289.7202941754651
 10
67.29995720000001
 20
289.7547217754651
 10
67.3885312
 20
289.7889649754651
 10
67.477175
 20
289.82302657546506
 10
67.565887
 20
289.8569101754651
 10
67.6546658
 20
289.89061837546507
 10
67.7435098
 20
289.9241545754651
 10
67.83241760000001
 20
289.9575215754651
 10
67.9213876
 20
289.9907219754651
 10
68.01041860000001
 20
290.0237585754651
 10
68.0995092
 20
290.05663397546505
 10
68.1886582
 20
290.08935077546505
 10
68.2778644
 20
290.12191137546506
 10
68.3671264
 20
290.15431817546505
 10
68.45644340000001
 20
290.18657377546504
 10
68.54581400000001
 20
290.21868037546506
 10
68.6352372
 20
290.25063997546505
 10
68.72471180000001
 20
290.28245497546504
 10
68.81423720000001
 20
290.3141275754651
 10
68.9038122
 20
290.34565957546505
 10
68.9934356
 20
290.37705317546505
 10
69.0831086
 20
290.40830537546503
 10
69.1728346
 20
290.43940457546506
 10
69.262618
 20
290.47033777546505
 10
69.35246280000001
 20
290.50109277546505
 10
69.44237240000001
 20
290.53165717546506
 10
69.5323506
 20
290.5620191754651
 10
69.6224006
 20
290.5921677754651
 10
69.7125252
 20
290.62209217546507
 10
69.8027272
 20
290.65178277546505
 10
69.8930088
 20
290.68122997546504
 10
69.9833722
 20
290.71042577546507
 10
70.0738188
 20
290.73936257546507
 10
70.16435000000001
 20
290.7680335754651
 10
70.2549668
 20
290.79643317546504
 10
70.34566960000001
 20
290.8245563754651
 10
70.43645880000001
 20
290.8523995754651
 10
70.5273344
 20
290.8799595754651
 10
70.6182962
 20
290.9072341754651
 10
70.7093432
 20
290.93422197546505
 10
70.800475
 20
290.96092277546506
 10
70.8916902
 20
290.98733677546505
 10
70.9829878
 20
291.0134647754651
 10
71.0743664
 20
291.03930857546504
 10
71.165824
 20
291.06487037546503
 10
71.25735940000001
 20
291.09015277546507
 10
71.3489706
 20
291.11515937546505
 10
71.44065560000001
 20
291.13989377546505
 10
71.5324124
 20
291.16435997546506
 10
71.62423940000001
 20
291.18856237546504
 10
71.71613300000001
 20
291.21250957546505
 10
71.808088
 20
291.2362209754651
 10
71.9000982
 20
291.25971697546504
 10
71.99215840000001
 20
291.28301597546505
 10
72.084264
 20
291.3061345754651
 10
72.1764112
 20
291.32908757546505
 10
72.268596
 20
291.35188897546504
 10
72.360815
 20
291.37455097546507
 10
72.45306520000001
 20
291.3970859754651
 10
72.54534380000001
 20
291.41950477546504
 10
72.63764780000001
 20
291.44181837546506
 10
72.72997480000001
 20
291.46403677546505
 10
72.8223222
 20
291.48617057546505
 10
72.9146874
 20
291.5082293754651
 10
73.007068
 20
291.5302235754651
 10
73.09946160000001
 20
291.55216337546506
 10
73.1918656
 20
291.57405977546506
 10
73.284277
 20
291.5959243754651
 10
73.376693
 20
291.61776977546504
 10
73.4691102
 20
291.63960977546503
 10
73.561525
 20
291.66146057546507
 10
73.6539326
 20
291.6833405754651
 10
73.74632820000001
 20
291.7052723754651
 10
73.8387048
 20
291.72728397546507
 10
73.93105360000001
 20
291.74941117546507
 10
74.0233632
 20
291.77170217546507
 10
74.1156162
 20
291.7942253754651
 10
74.2077866
 20
291.8170843754651
 10
74.29982940000001
 20
291.8404511754651
 10
74.3916556
 20
291.8646543754651
 10
74.48314380000001
 20
291.89010377546504
 10
74.57435360000001
 20
291.91653657546505
 10
74.6656956
 20
291.94250477546507
 10
74.75762540000001
 20
291.96630117546505
 10
74.85014840000001
 20
291.9876789754651
 10
74.94307140000001
 20
292.00725117546506
 10
75.03624500000001
 20
292.02559637546506
 10
75.12958060000001
 20
292.0430985754651
 10
75.223027
 20
292.0600007754651
 10
75.31655260000001
 20
292.07645937546505
 10
75.410137
 20
292.09257997546507
 10
75.50376680000001
 20
292.10843517546505
 10
75.5974324
 20
292.1240775754651
 10
75.69112700000001
 20
292.1395457754651
 10
75.78484540000001
 20
292.15486937546507
 10
75.87858360000001
 20
292.1700707754651
 10
75.9723386
 20
292.18516797546505
 10
76.06610800000001
 20
292.2001755754651
 10
76.1598898
 20
292.21510497546507
 10
76.2536826
 20
292.22996597546506
 10
76.347485
 20
292.2447663754651
 10
76.4412958
 20
292.2595129754651
 10
76.53511420000001
 20
292.2742115754651
 10
76.62893940000001
 20
292.28886677546507
 10
76.7227706
 20
292.3034831754651
 10
76.8166072
 20
292.31806397546507
 10
76.910449
 20
292.3326125754651
 10
77.0042952
 20
292.34713197546506
 10
77.09814580000001
 20
292.36162417546507
 10
77.19200000000001
 20
292.37609157546507
 10
77.19200000000001
 20
291.73050397546507
 10
77.10063760000001
 20
291.7162097754651
 10
77.00930160000001
 20
291.70174817546507
 10
76.91799220000001
 20
291.68711897546507
 10
76.8267098
 20
291.6723219754651
 10
76.73545480000001
 20
291.6573567754651
 10
76.64422760000001
 20
291.6422235754651
 10
76.5530286
 20
291.62692197546505
 10
76.461858
 20
291.61145177546507
 10
76.370716
 20
291.59581277546505
 10
76.27960340000001
 20
291.58000497546504
 10
76.18852020000001
 20
291.5640279754651
 10
76.0974668
 20
291.54788177546504
 10
76.00644360000001
 20
291.53156597546507
 10
75.9154512
 20
291.51508057546505
 10
75.8244896
 20
291.49842517546506
 10
75.7335592
 20
291.4815999754651
 10
75.64266040000001
 20
291.46460457546505
 10
75.55179380000001
 20
291.44743897546505
 10
75.46095960000001
 20
291.43010277546506
 10
75.370158
 20
291.4125957754651
 10
75.27938940000001
 20
291.3949181754651
 10
75.1886544
 20
291.37706957546504
 10
75.0979532
 20
291.35904977546505
 10
75.0072864
 20
291.34085877546505
 10
74.91665400000001
 20
291.32249617546506
 10
74.8260564
 20
291.3039621754651
 10
74.7354942
 20
291.28525637546505
 10
74.6449678
 20
291.26637877546506
 10
74.55447720000001
 20
291.24732897546505
 10
74.46402320000001
 20
291.2281071754651
 10
74.37360600000001
 20
291.20871297546506
 10
74.28322580000001
 20
291.18914637546504
 10
74.1928834
 20
291.16940697546505
 10
74.1025788
 20
291.1494947754651
 10
74.0123126
 20
291.12940937546506
 10
73.92208500000001
 20
291.10915057546504
 10
73.83189680000001
 20
291.08871817546503
 10
73.741748
 20
291.06811217546505
 10
73.6516392
 20
291.04733197546506
 10
73.5615708
 20
291.02637757546506
 10
73.47154300000001
 20
291.0052485754651
 10
73.38155640000001
 20
290.9839449754651
 10
73.29161160000001
 20
290.9624665754651
 10
73.2017086
 20
290.94081297546506
 10
73.11184820000001
 20
290.9189841754651
 10
73.0220304
 20
290.8969795754651
 10
72.93225600000001
 20
290.87479937546505
 10
72.84252520000001
 20
290.85244317546505
 10
72.7528386
 20
290.8299105754651
 10
72.6631964
 20
290.80720177546505
 10
72.5735992
 20
290.78431617546505
 10
72.4840472
 20
290.76125357546505
 10
72.3945412
 20
290.73801397546504
 10
72.3050814
 20
290.7145971754651
 10
72.21566820000001
 20
290.69100257546506
 10
72.1263022
 20
290.66723037546507
 10
72.03698360000001
 20
290.64328017546507
 10
71.94771300000001
 20
290.61915177546507
 10
71.8584908
 20
290.5948449754651
 10
71.76931760000001
 20
290.57035937546505
 10
71.68019360000001
 20
290.54569497546504
 10
71.59111940000001
 20
290.5208513754651
 10
71.5020954
 20
290.49582857546505
 10
71.4131222
 20
290.47062577546507
 10
71.3242
 20
290.44524317546507
 10
71.2353296
 20
290.4196803754651
 10
71.14651140000001
 20
290.39393697546507
 10
71.0577456
 20
290.36801257546506
 10
70.96903320000001
 20
290.34190717546505
 10
70.880374
 20
290.31562057546506
 10
70.7917692
 20
290.2891519754651
 10
70.7032188
 20
290.26250177546507
 10
70.6147234
 20
290.2356691754651
 10
70.5262836
 20
290.20865397546504
 10
70.43789980000001
 20
290.1814561754651
 10
70.3495726
 20
290.1540753754651
 10
70.2613024
 20
290.12651117546505
 10
70.17308960000001
 20
290.09876337546507
 10
70.084935
 20
290.0708317754651
 10
69.99683900000001
 20
290.04271597546506
 10
69.90880200000001
 20
290.01441577546507
 10
69.82082460000001
 20
289.98593097546507
 10
69.7329072
 20
289.95726137546507
 10
69.6450504
 20
289.92840637546504
 10
69.55725480000001
 20
289.89936597546506
 10
69.4695208
 20
289.8701397754651
 10
69.381849
 20
289.8407277754651
 10
69.29424
 20
289.81112937546504
 10
69.2066942
 20
289.7813445754651
 10
69.119212
 20
289.7513729754651
 10
69.03179420000001
 20
289.7212143754651
 10
68.9444414
 20
289.6908681754651
 10
68.85715400000001
 20
289.6603343754651
 10
68.7699324
 20
289.62961257546505
 10
68.68277760000001
 20
289.59870217546506
 10
68.59569
 20
289.5676029754651
 10
68.50867020000001
 20
289.5363145754651
 10
68.4217186
 20
289.5048369754651
 10
68.33483600000001
 20
289.4731693754651
 10
68.248023
 20
289.4413115754651
 10
68.16128020000001
 20
289.40926337546506
 10
68.07460800000001
 20
289.37702437546506
 10
67.9880072
 20
289.3445941754651
 10
67.9014784
 20
289.31197257546506
 10
67.8150222
 20
289.27915897546507
 10
67.728639
 20
289.24615337546504
 10
67.6423298
 20
289.2129551754651
 10
67.55609480000001
 20
289.1795641754651
 10
67.469935
 20
289.14598017546507
 10
67.3838508
 20
289.11220257546506
 10
67.297843
 20
289.0782309754651
 10
67.21191200000001
 20
289.0440655754651
 10
67.12605860000001
 20
289.0097055754651
 10
67.0402834
 20
288.97515077546507
 10
66.9545872
 20
288.94040077546504
 10
66.86897040000001
 20
288.90545557546506
 10
66.78343360000001
 20
288.87031457546504
 10
66.6979778
 20
288.8349773754651
 10
66.61260340000001
 20
288.79944397546507
 10
66.52731120000001
 20
288.7637137754651
 10
66.4421018
 20
288.7277863754651
 10
66.356976
 20
288.69166157546505
 10
66.2719344
 20
288.65533857546507
 10
66.18697780000001
 20
288.6188173754651
 10
66.102107
 20
288.5820973754651
 10
66.0173228
 20
288.5451781754651
 10
65.93262560000001
 20
288.50805937546505
 10
65.8480162
 20
288.4707405754651
 10
65.7634958
 20
288.43322157546504
 10
65.6790646
 20
288.39550177546505
 10
65.5947234
 20
288.3575805754651
 10
65.51047340000001
 20
288.31945817546506
 10
65.426315
 20
288.28113357546505
 10
65.34224880000001
 20
288.24260677546505
 10
65.25827600000001
 20
288.2038771754651
 10
65.1743972
 20
288.1649445754651
 10
65.090613
 20
288.12580857546504
 10
65.0069244
 20
288.08646857546506
 10
64.9233322
 20
288.0469245754651
 10
64.839837
 20
288.00717577546504
 10
64.75643960000001
 20
287.96722197546507
 10
64.673141
 20
287.92706297546505
 10
64.5899418
 20
287.8866983754651
 10
64.5068428
 20
287.84612757546506
 10
64.4238452
 20
287.8053503754651
 10
64.34094920000001
 20
287.76436637546504
 10
64.2581562
 20
287.7231751754651
 10
64.17546660000001
 20
287.68177637546506
 10
64.0928816
 20
287.6401697754651
 10
64.01040180000001
 20
287.5983543754651
 10
63.9280284
 20
287.55633017546506
 10
63.84576220000001
 20
287.51409637546504
 10
63.7636042
 20
287.4716529754651
 10
63.681555
 20
287.42899897546505
 10
63.59961580000001
 20
287.3861341754651
 10
63.517787600000005
 20
287.34305837546503
 10
63.436071000000005
 20
287.29977057546506
 10
63.3544672
 20
287.2562709754651
 10
63.272977000000004
 20
287.2125585754651
 10
63.191601600000006
 20
287.16863317546506
 10
63.110341600000005
 20
287.1244943754651
 10
63.02919820000001
 20
287.08014177546505
 10
62.9481722
 20
287.0355747754651
 10
62.8672648
 20
286.99079317546506
 10
62.7864768
 20
286.9457963754651
 10
62.705809200000004
 20
286.90058397546505
 10
62.625263200000006
 20
286.85515557546506
 10
62.5448394
 20
286.80951097546506
 10
62.464539200000004
 20
286.7636493754651
 10
62.384363400000005
 20
286.71757057546506
 10
62.30431300000001
 20
286.6712743754651
 10
62.224389
 20
286.6247601754651
 10
62.14459260000001
 20
286.57802757546506
 10
62.064924600000005
 20
286.53107617546505
 10
61.98538640000001
 20
286.4839055754651
 10
61.90597880000001
 20
286.43651517546505
 10
61.82670300000001
 20
286.38890457546506
 10
61.74756020000001
 20
286.34107317546506
 10
61.6685516
 20
286.29302077546504
 10
61.589678000000006
 20
286.24474657546506
 10
61.510941
 20
286.1962501754651
 10
61.4323416
 20
286.1475311754651
 10
61.353881
 20
286.09858917546507
 10
61.2755602
 20
286.04942337546504
 10
61.1973806
 20
286.00003357546507
 10
61.1193432
 20
285.95041937546506
 10
61.0414492
 20
285.90057997546506
 10
60.9637
 20
285.8505153754651
 10
60.886096800000004
 20
285.80022477546504
 10
60.808640600000004
 20
285.74970797546507
 10
60.731332800000004
 20
285.69896437546504
 10
60.654174600000005
 20
285.6479935754651
 10
60.577167200000005
 20
285.59679517546505
 10
60.500311800000006
 20
285.5453687754651
 10
60.42361000000001
 20
285.4937139754651
 10
60.3470626
 20
285.4418303754651
 10
60.27067120000001
 20
285.38971737546507
 10
60.194436800000005
 20
285.33737477546504
 10
60.11836100000001
 20
285.2848021754651
 10
60.042444800000006
 20
285.23199917546503
 10
59.966689800000005
 20
285.17896537546505
 10
59.89109740000001
 20
285.12570017546506
 10
59.815668800000005
 20
285.07220317546506
 10
59.7404056
 20
285.01847357546507
 10
59.66530900000001
 20
284.96451137546507
 10
59.59038100000001
 20
284.91031557546506
 10
59.515622400000005
 20
284.85588597546507
 10
59.441035
 20
284.80122217546506
 10
59.3666204
 20
284.74632337546507
 10
59.292379800000006
 20
284.69118937546506
 10
59.218315000000004
 20
284.63581977546505
 10
59.14442720000001
 20
284.5802139754651
 10
59.0707182
 20
284.5243713754651
 10
58.99718920000001
 20
284.46829197546504
 10
58.92384220000001
 20
284.41197497546506
 10
58.850678200000004
 20
284.35541997546505
 10
58.7776992
 20
284.2986267754651
 10
58.70490660000001
 20
284.2415949754651
 10
58.63230180000001
 20
284.1843239754651
 10
58.55988680000001
 20
284.1268133754651
 10
58.48766280000001
 20
284.06906297546504
 10
58.415631600000005
 20
284.01107237546506
 10
58.34379460000001
 20
283.9528411754651
 10
58.272153800000005
 20
283.89436897546506
 10
58.20071060000001
 20
283.83565557546507
 10
58.1294666
 20
283.77670037546505
 10
58.05842360000001
 20
283.7175031754651
 10
57.987583400000005
 20
283.65806357546506
 10
57.91694760000001
 20
283.5983811754651
 10
57.84651780000001
 20
283.53845557546504
 10
57.776296200000004
 20
283.4782863754651
 10
57.70628440000001
 20
283.4178733754651
 10
57.63648400000001
 20
283.35721597546507
 10
57.566897000000004
 20
283.2963137754651
 10
57.497525200000005
 20
283.2351667754651
 10
57.428370400000006
 20
283.1737743754651
 10
57.35943440000001
 20
283.11213637546507
 10
57.290719200000005
 20
283.05025257546504
 10
57.2222266
 20
282.9881223754651
 10
57.153958200000005
 20
282.9257457754651
 10
57.0859164
 20
282.86312217546504
 10
57.018102600000006
 20
282.80025157546504
 10
56.95051900000001
 20
282.73713377546505
 10
56.88316760000001
 20
282.67376817546506
 10
56.816050000000004
 20
282.6101549754651
 10
56.7491684
 20
282.5462935754651
 10
56.6825248
 20
282.4821841754651
 10
56.61612100000001
 20
282.41782617546505
 10
56.5499592
 20
282.35321957546506
 10
56.48404120000001
 20
282.28836417546506
 10
56.4183692
 20
282.22325977546507
 10
56.35294540000001
 20
282.15790577546505
 10
56.287772200000006
 20
282.09230197546503
 10
56.2228518
 20
282.0264479754651
 10
56.158186400000005
 20
281.96034357546506
 10
56.093778400000005
 20
281.8939883754651
 10
56.02963020000001
 20
281.8273819754651
 10
55.965743800000006
 20
281.7605241754651
 10
55.902122000000006
 20
281.6934149754651
 10
55.8387668
 20
281.62605377546504
 10
55.7756808
 20
281.55844037546507
 10
55.71286620000001
 20
281.49057497546505
 10
55.6503256
 20
281.4224567754651
 10
55.58806120000001
 20
281.35408617546506
 10
55.52607540000001
 20
281.2854625754651
 10
55.464371
 20
281.21658617546507
 10
55.40295020000001
 20
281.14745677546506
 10
55.3418154
 20
281.0780741754651
 10
55.28096920000001
 20
281.00843837546506
 10
55.220414000000005
 20
280.9385493754651
 10
55.1601522
 20
280.86840717546505
 10
55.1001866
 20
280.79801157546507
 10
55.0405196
 20
280.72736277546505
 10
54.981153400000004
 20
280.65646097546505
 10
54.9220904
 20
280.5853065754651
 10
54.86333260000001
 20
280.51389997546505
 10
54.804881800000004
 20
280.44224157546506
 10
54.74674060000001
 20
280.37033177546505
 10
54.6889108
 20
280.2981713754651
 10
54.63139480000001
 20
280.22576077546506
 10
54.57419480000001
 20
280.15310017546506
 10
54.517312800000006
 20
280.08019037546507
 10
54.460751200000004
 20
280.00703177546507
 10
54.4045122
 20
279.9336247754651
 10
54.34859820000001
 20
279.85996997546505
 10
54.2930116
 20
279.7860677754651
 10
54.2377544
 20
279.7119189754651
 10
54.18282920000001
 20
279.63752397546506
 10
54.12823820000001
 20
279.56288317546506
 10
54.07398400000001
 20
279.48799737546506
 10
54.02006900000001
 20
279.4128669754651
 10
53.9664956
 20
279.3374927754651
 10
53.91326620000001
 20
279.26187497546505
 10
53.8603834
 20
279.18601457546504
 10
53.80784960000001
 20
279.1099119754651
 10
53.75566740000001
 20
279.0335677754651
 10
53.703840400000004
 20
278.9569821754651
 10
53.65237280000001
 20
278.8801545754651
 10
53.601269
 20
278.80308437546506
 10
53.55053360000001
 20
278.72577137546506
 10
53.50017080000001
 20
278.64821497546507
 10
53.4501848
 20
278.5704151754651
 10
53.40058040000001
 20
278.4923715754651
 10
53.3513614
 20
278.41408437546505
 10
53.302532600000006
 20
278.33555317546507
 10
53.254097800000004
 20
278.25677837546505
 10
53.20606180000001
 20
278.17775977546506
 10
53.158428400000005
 20
278.09849777546503
 10
53.111202000000006
 20
278.01899277546505
 10
53.0643868
 20
277.93924477546506
 10
53.017987000000005
 20
277.85925437546507
 10
52.97200660000001
 20
277.77902217546506
 10
52.92644980000001
 20
277.69854877546504
 10
52.88132060000001
 20
277.6178347754651
 10
52.83662300000001
 20
277.53688097546507
 10
52.792360800000004
 20
277.45568817546507
 10
52.748538200000006
 20
277.37425737546505
 10
52.70515860000001
 20
277.29258977546505
 10
52.66222200000001
 20
277.21068837546505
 10
52.619725800000005
 20
277.12855757546504
 10
52.57766720000001
 20
277.0462017754651
 10
52.536043600000006
 20
276.9636253754651
 10
52.49485260000001
 20
276.88083217546506
 10
52.45409240000001
 20
276.79782617546505
 10
52.413760800000006
 20
276.71461097546506
 10
52.373856200000006
 20
276.63119017546506
 10
52.33437680000001
 20
276.54756737546506
 10
52.295321400000006
 20
276.4637457754651
 10
52.256689
 20
276.37972837546505
 10
52.21847820000001
 20
276.2955181754651
 10
52.1806886
 20
276.21111837546505
 10
52.14331920000001
 20
276.12653137546505
 10
52.106370000000005
 20
276.0417601754651
 10
52.06984080000001
 20
275.9568073754651
 10
52.033731200000005
 20
275.87167497546506
 10
51.99804180000001
 20
275.7863657754651
 10
51.962773000000006
 20
275.70088177546506
 10
51.92792540000001
 20
275.61522517546507
 10
51.8935
 20
275.5293981754651
 10
51.8595058
 20
275.44339937546505
 10
51.825964000000006
 20
275.35722297546505
 10
51.792897
 20
275.27086357546506
 10
51.7603256
 20
275.1843159754651
 10
51.728270800000004
 20
275.09757557546504
 10
51.696751600000006
 20
275.0106391754651
 10
51.66578680000001
 20
274.92350397546505
 10
51.635393400000005
 20
274.8361675754651
 10
51.60558720000001
 20
274.74862917546506
 10
51.57638320000001
 20
274.6608879754651
 10
51.547794200000006
 20
274.57294457546504
 10
51.51983200000001
 20
274.48479977546504
 10
51.49250680000001
 20
274.3964555754651
 10
51.46582720000001
 20
274.30791417546504
 10
51.43980020000001
 20
274.2191787754651
 10
51.41443160000001
 20
274.13025297546505
 10
51.389725000000006
 20
274.04114077546507
 10
51.3656834
 20
273.95184697546506
 10
51.34230740000001
 20
273.86237677546507
 10
51.31959720000001
 20
273.7727349754651
 10
51.29754940000001
 20
273.68292817546507
 10
51.27613600000001
 20
273.59296797546506
 10
51.2553126
 20
273.5028691754651
 10
51.2350386
 20
273.41264537546505
 10
51.215278000000005
 20
273.32230757546506
 10
51.195998200000005
 20
273.23186577546505
 10
51.17716980000001
 20
273.14132917546505
 10
51.15876620000001
 20
273.05070517546505
 10
51.1407626
 20
272.96000077546506
 10
51.123136800000005
 20
272.8692223754651
 10
51.1058674
 20
272.7783753754651
 10
51.08893520000001
 20
272.68746497546505
 10
51.07232160000001
 20
272.5964957754651
 10
51.056008600000006
 20
272.50547217546506
 10
51.03997940000001
 20
272.41439817546507
 10
51.02421700000001
 20
272.32327757546506
 10
51.00870460000001
 20
272.2321141754651
 10
50.99342440000001
 20
272.14091137546507
 10
50.978357800000005
 20
272.04967317546505
 10
50.9634836
 20
271.9584033754651
 10
50.9487778
 20
271.8671063754651
 10
50.934292600000006
 20
271.7757739754651
 10
50.9202814
 20
271.6843679754651
 10
50.9070474
 20
271.59284637546506
 10
50.894871
 20
271.5011783754651
 10
50.883956000000005
 20
271.40935157546505
 10
50.87439820000001
 20
271.31737397546505
 10
50.86618860000001
 20
271.22526597546505
 10
50.859241000000004
 20
271.1330541754651
 10
50.853427800000006
 20
271.04076357546506
 10
50.8486078
 20
270.94841577546504
 10
50.844644
 20
270.85602717546504
 10
50.84141280000001
 20
270.76360997546504
 10
50.83880700000001
 20
270.6711729754651
 10
50.83673520000001
 20
270.57872257546506
 10
50.835120800000006
 20
270.4862627754651
 10
50.833899800000005
 20
270.3937969754651
 10
50.83301860000001
 20
270.30132737546506
 10
50.8324324
 20
270.2088553754651
 10
50.8321034
 20
270.11638217546505
 97
0
 75
1
 76
1
 98
0
  0
HATCH
  5
116
330
17
100
AcDbEntity
  8
05-RAYADO
 62
7
100
AcDbHatch
 10
0.0
 20
0.0
 30
0.0
210
0.0
220
0.0
230
1.0
  2
SOLID
 70
1
 71
0
 91
1
 92
3
 72
0
 73
1
 93
1602
 10
120.19200000000001
 20
137.18390837546505
 10
120.19185940000001
 20
137.06886837546506
 10
120.1914112
 20
136.95382897546506
 10
120.19060960000002
 20
136.83879177546507
 10
120.18939980000002
 20
136.72375797546505
 10
120.18771560000002
 20
136.60873017546504
 10
120.18547620000001
 20
136.49371197546506
 10
120.18258340000001
 20
136.37870837546507
 10
120.1789162
 20
136.26372697546506
 10
120.174327
 20
136.14877877546505
 10
120.1686358
 20
136.03387997546506
 10
120.16162780000002
 20
135.91905417546505
 10
120.15305560000002
 20
135.80433477546507
 10
120.1426538
 20
135.68976737546507
 10
120.13017540000001
 20
135.57540777546507
 10
120.11545940000002
 20
135.46131457546505
 10
120.0985158
 20
135.34753077546506
 10
120.07959000000001
 20
135.23405917546506
 10
120.05914900000002
 20
135.12085017546505
 10
120.0377742
 20
135.00781337546505
 10
120.01602020000001
 20
134.89484877546505
 10
119.99415620000002
 20
134.78190537546504
 10
119.97213680000002
 20
134.66899217546506
 10
119.9499078
 20
134.55612017546505
 10
119.92742460000001
 20
134.44329837546505
 10
119.904649
 20
134.33053537546505
 10
119.88154680000001
 20
134.21783877546505
 10
119.8580852
 20
134.10521657546505
 10
119.8342332
 20
133.99267617546505
 10
119.80995960000001
 20
133.88022617546505
 10
119.7852326
 20
133.76787497546505
 10
119.76001920000002
 20
133.65563197546504
 10
119.734285
 20
133.54350717546507
 10
119.7079932
 20
133.43151177546505
 10
119.681104
 20
133.31965837546505
 10
119.65357420000001
 20
133.20796097546506
 10
119.62535680000002
 20
133.09643537546506
 10
119.59639960000001
 20
132.98509957546506
 10
119.56664420000001
 20
132.87397437546505
 10
119.5360254
 20
132.76308417546505
 10
119.50447100000001
 20
132.65245637546505
 10
119.47193800000001
 20
132.54211257546507
 10
119.43842220000002
 20
132.43206337546505
 10
119.4039238
 20
132.32231817546506
 10
119.36844520000001
 20
132.21288577546505
 10
119.33199200000001
 20
132.10377437546506
 10
119.29457140000001
 20
131.99499077546506
 10
119.2561938
 20
131.88654117546506
 10
119.21687200000001
 20
131.77843037546506
 10
119.17662180000002
 20
131.67066177546505
 10
119.13546120000001
 20
131.56323757546505
 10
119.09341080000002
 20
131.45615837546507
 10
119.05049380000001
 20
131.34942377546506
 10
119.0067358
 20
131.24303097546505
 10
118.9621644
 20
131.13697637546505
 10
118.9168094
 20
131.03125457546506
 10
118.87070200000001
 20
130.92585877546506
 10
118.82387560000001
 20
130.82078017546507
 10
118.77636480000001
 20
130.71600937546506
 10
118.72820520000002
 20
130.61153517546506
 10
118.67943360000001
 20
130.50734537546506
 10
118.63007900000001
 20
130.40343037546506
 10
118.58014780000002
 20
130.29979117546506
 10
118.5296414
 20
130.19643097546506
 10
118.4785612
 20
130.09335337546506
 10
118.42690780000001
 20
129.99056157546505
 10
118.37468220000001
 20
129.88805957546506
 10
118.32188440000002
 20
129.78585097546505
 10
118.26851440000002
 20
129.68393997546505
 10
118.214572
 20
129.58233077546507
 10
118.1600564
 20
129.48102797546505
 10
118.10496660000001
 20
129.38003617546505
 10
118.0493016
 20
129.27936037546505
 10
117.99305980000001
 20
129.17900577546504
 10
117.93623920000002
 20
129.07897757546505
 10
117.878838
 20
128.97928157546505
 10
117.82085360000002
 20
128.87992357546506
 10
117.76228360000002
 20
128.78090957546505
 10
117.703125
 20
128.68224637546507
 10
117.6433744
 20
128.58394017546505
 10
117.58302880000001
 20
128.48599857546506
 10
117.522084
 20
128.38842837546505
 10
117.46053840000002
 20
128.29123597546504
 10
117.39839740000001
 20
128.19442337546505
 10
117.3356674
 20
128.09799117546507
 10
117.27235520000002
 20
128.00194057546506
 10
117.20846700000001
 20
127.90627177546506
 10
117.14401000000001
 20
127.81098537546507
 10
117.07899080000001
 20
127.71608157546505
 10
117.01341620000001
 20
127.62156097546506
 10
116.947293
 20
127.52742297546506
 10
116.8806282
 20
127.43366797546506
 10
116.81342880000001
 20
127.34029537546506
 10
116.7457014
 20
127.24730497546506
 10
116.6774532
 20
127.15469617546506
 10
116.60869120000001
 20
127.06246817546506
 10
116.5394224
 20
126.97062037546506
 10
116.46965360000002
 20
126.87915157546506
 10
116.399392
 20
126.78806097546506
 10
116.3286444
 20
126.69734717546505
 10
116.257418
 20
126.60700897546506
 10
116.1857196
 20
126.51704477546505
 10
116.11355640000001
 20
126.42745297546506
 10
116.040935
 20
126.33823217546507
 10
115.9678616
 20
126.24938137546506
 10
115.8943404
 20
126.16090057546506
 10
115.8203754
 20
126.07279037546506
 10
115.7459704
 20
125.98505157546506
 10
115.67112940000001
 20
125.89768417546506
 10
115.5958564
 20
125.81068897546506
 10
115.520155
 20
125.72406617546505
 10
115.444029
 20
125.63781617546506
 10
115.36748220000001
 20
125.55193937546505
 10
115.29051840000001
 20
125.46643637546507
 10
115.21314120000001
 20
125.38130717546505
 10
115.13535440000001
 20
125.29655217546505
 10
115.05716120000001
 20
125.21217177546507
 10
114.97856560000001
 20
125.12816617546505
 10
114.8995708
 20
125.04453577546506
 10
114.82018040000001
 20
124.96128077546506
 10
114.740398
 20
124.87840157546506
 10
114.6602268
 20
124.79589817546506
 10
114.57967020000001
 20
124.71377117546506
 10
114.4987318
 20
124.63202037546506
 10
114.41741440000001
 20
124.55064637546506
 10
114.3357218
 20
124.46964937546505
 10
114.253657
 20
124.38902937546506
 10
114.1712234
 20
124.30878637546506
 10
114.088425
 20
124.22892017546506
 10
114.00526500000001
 20
124.14943017546506
 10
113.9217476
 20
124.07031597546506
 10
113.83787620000001
 20
123.99157717546507
 10
113.7536546
 20
123.91321297546506
 10
113.66908620000001
 20
123.83522317546506
 10
113.5841748
 20
123.75760697546505
 10
113.4989238
 20
123.68036397546506
 10
113.41333700000001
 20
123.60349317546506
 10
113.3274178
 20
123.52699417546506
 10
113.2411696
 20
123.45086617546505
 10
113.15459600000001
 20
123.37510837546506
 10
113.0677004
 20
123.29972017546505
 10
112.9804864
 20
123.22470057546506
 10
112.89295720000001
 20
123.15004897546505
 10
112.80511620000001
 20
123.07576457546506
 10
112.71696700000001
 20
123.00184617546506
 10
112.6285124
 20
122.92829317546506
 10
112.5397562
 20
122.85510477546507
 10
112.4507016
 20
122.78227977546506
 10
112.3613516
 20
122.70981737546506
 10
112.27170960000001
 20
122.63771637546506
 10
112.1817788
 20
122.56597617546507
 10
112.09156180000001
 20
122.49459597546506
 10
112.0010618
 20
122.42357517546506
 10
111.91028120000001
 20
122.35291317546506
 10
111.81922300000001
 20
122.28260937546506
 10
111.72788960000001
 20
122.21266337546506
 10
111.636284
 20
122.14307417546506
 10
111.54440880000001
 20
122.07384157546505
 10
111.4522666
 20
122.00496457546507
 10
111.35986000000001
 20
121.93644277546505
 10
111.2671916
 20
121.86827537546506
 10
111.17426420000001
 20
121.80046157546506
 10
111.0810802
 20
121.73300077546506
 10
110.98764200000001
 20
121.66589217546506
 10
110.8939526
 20
121.59913517546505
 10
110.800014
 20
121.53272897546506
 10
110.70582920000001
 20
121.46667277546506
 10
110.6114002
 20
121.40096557546505
 10
110.51673000000001
 20
121.33560697546505
 10
110.4218204
 20
121.27059617546506
 10
110.3266744
 20
121.20593197546506
 10
110.231294
 20
121.14161397546506
 10
110.13568180000001
 20
121.07764097546506
 10
110.03984020000001
 20
121.01401237546506
 10
109.9437714
 20
120.95072737546506
 10
109.8474776
 20
120.88778497546505
 10
109.7509612
 20
120.82518437546506
 10
109.6542244
 20
120.76292537546506
 10
109.557269
 20
120.70100677546506
 10
109.46009760000001
 20
120.63942817546506
 10
109.36271200000002
 20
120.57818857546506
 10
109.26511440000002
 20
120.51728757546506
 10
109.1673068
 20
120.45672437546506
 10
109.06929140000001
 20
120.39649797546505
 10
108.97107020000001
 20
120.33660777546505
 10
108.87264540000001
 20
120.27705317546506
 10
108.7740186
 20
120.21783317546506
 10
108.67519240000001
 20
120.15894697546506
 10
108.5761684
 20
120.10039377546507
 10
108.47694860000001
 20
120.04217297546506
 10
108.37753500000001
 20
119.98428357546506
 10
108.27792980000001
 20
119.92672477546506
 10
108.1781346
 20
119.86949577546505
 10
108.07815160000001
 20
119.81259557546505
 10
107.9779826
 20
119.75602357546506
 10
107.8776294
 20
119.69977877546506
 10
107.777094
 20
119.64386037546507
 10
107.67637820000002
 20
119.58826757546507
 10
107.57548400000002
 20
119.53299937546507
 10
107.47441320000001
 20
119.47805477546505
 10
107.37316740000001
 20
119.42343317546506
 10
107.27174860000001
 20
119.36913357546506
 10
107.1701582
 20
119.31515517546507
 10
107.0683982
 20
119.26149777546506
 10
106.96647000000002
 20
119.20816037546506
 10
106.86437540000001
 20
119.15514237546506
 10
106.7621158
 20
119.10244317546505
 10
106.659693
 20
119.05006197546506
 10
106.5571084
 20
118.99799837546506
 10
106.45436360000001
 20
118.94625137546507
 10
106.3514602
 20
118.89482057546506
 10
106.2484
 20
118.84370497546506
 10
106.14518420000002
 20
118.79290397546507
 10
106.0418144
 20
118.74241697546506
 10
105.93829240000001
 20
118.69224317546505
 10
105.83461940000001
 20
118.64238197546506
 10
105.73079720000001
 20
118.59283237546506
 10
105.6268268
 20
118.54359397546506
 10
105.52271040000001
 20
118.49466577546505
 10
105.41844880000001
 20
118.44604717546505
 10
105.31404380000001
 20
118.39773737546506
 10
105.20949680000001
 20
118.34973557546506
 10
105.10480940000001
 20
118.30204117546506
 10
104.99998260000001
 20
118.25465337546505
 10
104.89501840000001
 20
118.20757137546506
 10
104.78991760000001
 20
118.16079457546506
 10
104.68468200000001
 20
118.11432177546506
 10
104.57931300000001
 20
118.06815277546505
 10
104.47381180000001
 20
118.02228637546506
 10
104.3681796
 20
117.97672237546506
 10
104.26241780000001
 20
117.93146017546506
 10
104.1565276
 20
117.88649917546506
 10
104.0505102
 20
117.84183857546506
 10
103.94436720000002
 20
117.79747797546506
 10
103.8380994
 20
117.75341677546506
 10
103.73170820000001
 20
117.70965437546506
 10
103.6251948
 20
117.66619017546506
 10
103.51856040000001
 20
117.62302377546506
 10
103.4118064
 20
117.58015417546505
 10
103.30493380000001
 20
117.53758097546506
 10
103.1979438
 20
117.49530357546506
 10
103.09083760000001
 20
117.45332137546507
 10
102.98361640000002
 20
117.41163377546506
 10
102.87628160000001
 20
117.37023997546505
 10
102.76883380000001
 20
117.32913957546506
 10
102.6612748
 20
117.28833177546505
 10
102.55360540000001
 20
117.24781617546506
 10
102.4458266
 20
117.20759197546506
 10
102.33793980000002
 20
117.16765857546505
 10
102.2299462
 20
117.12801517546507
 10
102.12184660000001
 20
117.08866137546505
 10
102.01364240000001
 20
117.04959657546506
 10
101.90533440000002
 20
117.01081997546505
 10
101.796924
 20
116.97233097546506
 10
101.68841200000001
 20
116.93412877546506
 10
101.5797998
 20
116.89621317546506
 10
101.47108800000001
 20
116.85858317546506
 10
101.362278
 20
116.82123877546506
 10
101.25337060000001
 20
116.78417917546506
 10
101.1443668
 20
116.74740397546506
 10
101.03526780000001
 20
116.71091277546506
 10
100.92607420000002
 20
116.67470517546506
 10
100.81678720000001
 20
116.63878037546506
 10
100.70740760000001
 20
116.60313837546505
 10
100.59793660000001
 20
116.56777837546505
 10
100.488375
 20
116.53269977546506
 10
100.378724
 20
116.49790237546506
 10
100.2689842
 20
116.46338557546505
 10
100.15915660000002
 20
116.42914897546505
 10
100.04924240000001
 20
116.39519177546507
 10
99.93924220000001
 20
116.36151377546506
 10
99.82915720000001
 20
116.32811457546507
 10
99.71898820000001
 20
116.29499337546505
 10
99.60873600000001
 20
116.26214977546506
 10
99.49840160000001
 20
116.22958317546505
 10
99.38798600000001
 20
116.19729337546505
 10
99.27749020000002
 20
116.16527957546506
 10
99.1669148
 20
116.13354157546506
 10
99.0562606
 20
116.10207857546506
 10
98.94552900000001
 20
116.07089017546505
 10
98.83472040000001
 20
116.03997577546505
 10
98.7238358
 20
116.00933517546505
 10
98.61287620000002
 20
115.97896737546506
 10
98.50184240000002
 20
115.94887237546506
 10
98.390735
 20
115.91904957546507
 10
98.2795552
 20
115.88949837546505
 10
98.16830340000001
 20
115.86021877546506
 10
98.0569808
 20
115.83120997546506
 10
97.94558800000001
 20
115.80247217546506
 10
97.83412580000001
 20
115.77400457546506
 10
97.72259500000001
 20
115.74580677546506
 10
97.6109962
 20
115.71787877546507
 10
97.49933060000001
 20
115.69021997546506
 10
97.3875986
 20
115.66282997546506
 10
97.2758014
 20
115.63570837546506
 10
97.16393920000002
 20
115.60885477546506
 10
97.0520132
 20
115.58226897546506
 10
96.94002400000001
 20
115.55595037546506
 10
96.82797260000001
 20
115.52989897546506
 10
96.71585940000001
 20
115.50411397546506
 10
96.6036852
 20
115.47859517546506
 10
96.49145100000001
 20
115.45334197546507
 10
96.37915740000001
 20
115.42835437546506
 10
96.26680520000001
 20
115.40363197546506
 10
96.15439500000001
 20
115.37917397546505
 10
96.04192760000001
 20
115.35498037546506
 10
95.9294038
 20
115.33105057546506
 10
95.8168244
 20
115.30738417546506
 10
95.70419000000001
 20
115.28398097546506
 10
95.59150120000001
 20
115.26084057546505
 10
95.47875880000001
 20
115.23796257546506
 10
95.3659638
 20
115.21534637546506
 10
95.25311640000001
 20
115.19299177546506
 10
95.14021780000002
 20
115.17089857546506
 10
95.02726820000001
 20
115.14906637546505
 10
94.91426860000001
 20
115.12749497546505
 10
94.80121960000001
 20
115.10618437546506
 10
94.6881218
 20
115.08513397546506
 10
94.5749758
 20
115.06434357546506
 10
94.4617824
 20
115.04381317546506
 10
94.34854240000001
 20
115.02354237546506
 10
94.235256
 20
115.00353077546507
 10
94.12192440000001
 20
114.98377837546505
 10
94.0085478
 20
114.96428497546506
 10
93.8951272
 20
114.94504997546505
 10
93.78166300000001
 20
114.92607337546505
 10
93.66815580000001
 20
114.90735497546505
 10
93.5546066
 20
114.88889437546506
 10
93.4410158
 20
114.87069137546506
 10
93.32738400000001
 20
114.85274557546506
 10
93.21371180000001
 20
114.83505697546505
 10
93.10000000000001
 20
114.81762497546507
 10
92.9862492
 20
114.80044977546505
 10
92.87246
 20
114.78353077546505
 10
92.758633
 20
114.76686777546506
 10
92.64476900000001
 20
114.75046057546506
 10
92.53086820000001
 20
114.73430877546505
 10
92.41693180000001
 20
114.71841237546506
 10
92.30296000000001
 20
114.70277077546505
 10
92.1889534
 20
114.68738397546505
 10
92.0749128
 20
114.67225157546505
 10
91.9608388
 20
114.65737337546506
 10
91.846732
 20
114.64274917546506
 10
91.73259300000001
 20
114.62837857546506
 10
91.61842240000001
 20
114.61426157546506
 10
91.50422060000001
 20
114.60039817546506
 10
91.38998840000001
 20
114.58678777546506
 10
91.27572640000001
 20
114.57343037546505
 10
91.16143500000001
 20
114.56032577546506
 10
91.047115
 20
114.54747377546505
 10
90.93276700000001
 20
114.53487437546505
 10
90.81839120000001
 20
114.52252717546506
 10
90.7039888
 20
114.51043217546506
 10
90.5895598
 20
114.49858917546506
 10
90.4751052
 20
114.48699777546506
 10
90.36062520000002
 20
114.47565797546505
 10
90.24612060000001
 20
114.46456977546507
 10
90.1315922
 20
114.45373277546506
 10
90.01704000000001
 20
114.44314677546505
 10
89.902465
 20
114.43281177546505
 10
89.7878678
 20
114.42272777546506
 10
89.67324860000001
 20
114.41289417546506
 10
89.55860840000001
 20
114.40331117546506
 10
89.44394740000001
 20
114.39397837546505
 10
89.32926640000001
 20
114.38489577546505
 10
89.2145658
 20
114.37606317546506
 10
89.0998462
 20
114.36748057546505
 10
88.98510820000001
 20
114.35914777546506
 10
88.8703524
 20
114.35106437546506
 10
88.7555794
 20
114.34323057546506
 10
88.6407896
 20
114.33564597546506
 10
88.5259834
 20
114.32831057546505
 10
88.4111618
 20
114.32122437546505
 10
88.29632500000001
 20
114.31438737546506
 10
88.1814736
 20
114.30779977546506
 10
88.0666082
 20
114.30146137546505
 10
87.9517294
 20
114.29537217546506
 10
87.83683740000001
 20
114.28953237546506
 10
87.72193320000001
 20
114.28394177546505
 10
87.6070172
 20
114.27860057546506
 10
87.4920898
 20
114.27350837546506
 10
87.3771516
 20
114.26866557546506
 10
87.2622032
 20
114.26407197546506
 10
87.1472452
 20
114.25972757546506
 10
87.0322778
 20
114.25563217546505
 10
86.917302
 20
114.25178577546505
 10
86.8023182
 20
114.24818837546506
 10
86.68732680000001
 20
114.24483977546505
 10
86.5723284
 20
114.24173997546505
 10
86.45732360000001
 20
114.23888897546506
 10
86.3423128
 20
114.23628657546506
 10
86.2272968
 20
114.23393277546506
 10
86.11227600000001
 20
114.23182717546506
 10
85.9972508
 20
114.22996997546505
 10
85.88222180000001
 20
114.22836077546506
 10
85.76718980000001
 20
114.22699957546506
 10
85.65215500000001
 20
114.22588637546505
 10
85.53711820000001
 20
114.22502077546505
 10
85.4220796
 20
114.22440257546506
 10
85.30704
 20
114.22403197546505
 10
85.19200000000001
 20
114.22390837546506
 10
85.07696000000001
 20
114.22403197546505
 10
84.96192040000001
 20
114.22440257546506
 10
84.8468818
 20
114.22502077546505
 10
84.731845
 20
114.22588637546505
 10
84.6168102
 20
114.22699957546506
 10
84.5017782
 20
114.22836077546506
 10
84.38674920000001
 20
114.22996997546505
 10
84.271724
 20
114.23182717546506
 10
84.15670320000001
 20
114.23393277546506
 10
84.04168720000001
 20
114.23628657546506
 10
83.9266764
 20
114.23888897546506
 10
83.81167160000001
 20
114.24173997546505
 10
83.6966732
 20
114.24483977546505
 10
83.58168180000001
 20
114.24818837546506
 10
83.46669800000001
 20
114.25178577546505
 10
83.35172220000001
 20
114.25563217546505
 10
83.23675480000001
 20
114.25972757546506
 10
83.12179680000001
 20
114.26407197546506
 10
83.00684840000001
 20
114.26866557546506
 10
82.89191020000001
 20
114.27350837546506
 10
82.77698280000001
 20
114.27860057546506
 10
82.6620668
 20
114.28394177546505
 10
82.54716260000001
 20
114.28953237546506
 10
82.43227060000001
 20
114.29537217546506
 10
82.31739180000001
 20
114.30146137546505
 10
82.20252640000001
 20
114.30779977546506
 10
82.087675
 20
114.31438737546506
 10
81.97283820000001
 20
114.32122437546505
 10
81.85801660000001
 20
114.32831057546505
 10
81.74321040000001
 20
114.33564597546506
 10
81.62842060000001
 20
114.34323057546506
 10
81.51364760000001
 20
114.35106437546506
 10
81.3988918
 20
114.35914777546506
 10
81.28415380000001
 20
114.36748057546505
 10
81.16943420000001
 20
114.37606317546506
 10
81.0547336
 20
114.38489577546505
 10
80.9400526
 20
114.39397837546505
 10
80.8253916
 20
114.40331117546506
 10
80.7107514
 20
114.41289417546506
 10
80.59613220000001
 20
114.42272777546506
 10
80.48153500000001
 20
114.43281177546505
 10
80.36696
 20
114.44314677546505
 10
80.25240780000001
 20
114.45373277546506
 10
80.1378794
 20
114.46456977546507
 10
80.0233748
 20
114.47565797546505
 10
79.90889480000001
 20
114.48699777546506
 10
79.79444020000001
 20
114.49858917546506
 10
79.68001120000001
 20
114.51043217546506
 10
79.5656088
 20
114.52252717546506
 10
79.451233
 20
114.53487437546505
 10
79.33688500000001
 20
114.54747377546505
 10
79.222565
 20
114.56032577546506
 10
79.1082736
 20
114.57343037546505
 10
78.99401160000001
 20
114.58678777546506
 10
78.8797794
 20
114.60039817546506
 10
78.7655776
 20
114.61426157546506
 10
78.651407
 20
114.62837857546506
 10
78.53726800000001
 20
114.64274917546506
 10
78.42316120000001
 20
114.65737337546506
 10
78.30908720000001
 20
114.67225157546505
 10
78.19504660000001
 20
114.68738397546505
 10
78.08104
 20
114.70277077546505
 10
77.9670682
 20
114.71841237546506
 10
77.8531318
 20
114.73430877546505
 10
77.739231
 20
114.75046057546506
 10
77.62536700000001
 20
114.76686777546506
 10
77.51154000000001
 20
114.78353077546505
 10
77.39775080000001
 20
114.80044977546505
 10
77.284
 20
114.81762497546507
 10
77.1702882
 20
114.83505697546505
 10
77.056616
 20
114.85274557546506
 10
76.94298420000001
 20
114.87069137546506
 10
76.82939340000001
 20
114.88889437546506
 10
76.7158442
 20
114.90735497546505
 10
76.602337
 20
114.92607337546505
 10
76.48887280000001
 20
114.94504997546505
 10
76.37545220000001
 20
114.96428497546506
 10
76.2620756
 20
114.98377837546505
 10
76.14874400000001
 20
115.00353077546507
 10
76.0354576
 20
115.02354237546506
 10
75.92221760000001
 20
115.04381317546506
 10
75.80902420000001
 20
115.06434357546506
 10
75.69587820000001
 20
115.08513397546506
 10
75.5827804
 20
115.10618437546506
 10
75.4697314
 20
115.12749497546505
 10
75.3567318
 20
115.14906637546505
 10
75.2437822
 20
115.17089857546506
 10
75.1308836
 20
115.19299177546506
 10
75.01803620000001
 20
115.21534637546506
 10
74.9052412
 20
115.23796257546506
 10
74.7924988
 20
115.26084057546505
 10
74.67981
 20
115.28398117546506
 10
74.56717560000001
 20
115.30738417546506
 10
74.45459620000001
 20
115.33105057546506
 10
74.3420724
 20
115.35498037546506
 10
74.229605
 20
115.37917397546505
 10
74.11719480000001
 20
115.40363197546506
 10
74.0048426
 20
115.42835437546506
 10
73.892549
 20
115.45334197546507
 10
73.78031480000001
 20
115.47859517546506
 10
73.6681406
 20
115.50411397546506
 10
73.5560274
 20
115.52989897546506
 10
73.443976
 20
115.55595037546506
 10
73.33198680000001
 20
115.58226897546506
 10
73.2200608
 20
115.60885477546506
 10
73.10819860000001
 20
115.63570837546506
 10
72.99640140000001
 20
115.66282997546506
 10
72.8846694
 20
115.69021997546506
 10
72.77300380000001
 20
115.71787877546507
 10
72.661405
 20
115.74580677546506
 10
72.5498742
 20
115.77400457546506
 10
72.438412
 20
115.80247217546506
 10
72.32701920000001
 20
115.83120997546506
 10
72.2156966
 20
115.86021857546505
 10
72.10444480000001
 20
115.88949837546505
 10
71.99326500000001
 20
115.91904957546507
 10
71.8821576
 20
115.94887237546506
 10
71.7711238
 20
115.97896737546506
 10
71.66016420000001
 20
116.00933517546505
 10
71.5492796
 20
116.03997577546505
 10
71.438471
 20
116.07089017546505
 10
71.32773940000001
 20
116.10207857546506
 10
71.21708520000001
 20
116.13354157546506
 10
71.1065098
 20
116.16527957546506
 10
70.996014
 20
116.19729337546505
 10
70.8855984
 20
116.22958317546505
 10
70.775264
 20
116.26214977546506
 10
70.6650118
 20
116.29499337546505
 10
70.5548428
 20
116.32811457546507
 10
70.4447578
 20
116.36151377546506
 10
70.3347576
 20
116.39519177546507
 10
70.2248434
 20
116.42914897546505
 10
70.11501580000001
 20
116.46338557546505
 10
70.00527600000001
 20
116.49790237546506
 10
69.89562500000001
 20
116.53269977546506
 10
69.7860634
 20
116.56777837546505
 10
69.6765924
 20
116.60313837546505
 10
69.56721280000001
 20
116.63878037546506
 10
69.4579258
 20
116.67470517546506
 10
69.3487322
 20
116.71091277546506
 10
69.23963320000001
 20
116.74740397546506
 10
69.1306294
 20
116.78417917546506
 10
69.02172200000001
 20
116.82123877546506
 10
68.912912
 20
116.85858317546506
 10
68.80420020000001
 20
116.89621317546506
 10
68.695588
 20
116.93412877546506
 10
68.58707600000001
 20
116.97233097546506
 10
68.4786656
 20
117.01081997546505
 10
68.3703576
 20
117.04959657546506
 10
68.2621534
 20
117.08866137546505
 10
68.15405380000001
 20
117.12801517546507
 10
68.0460602
 20
117.16765857546505
 10
67.93817340000001
 20
117.20759197546506
 10
67.8303946
 20
117.24781617546506
 10
67.72272520000001
 20
117.28833177546505
 10
67.6151662
 20
117.32913957546506
 10
67.5077184
 20
117.37023997546505
 10
67.4003836
 20
117.41163377546506
 10
67.2931624
 20
117.45332137546507
 10
67.18605620000001
 20
117.49530357546506
 10
67.0790662
 20
117.53758097546506
 10
66.97219360000001
 20
117.58015417546505
 10
66.8654396
 20
117.62302377546506
 10
66.75880520000001
 20
117.66619017546506
 10
66.6522918
 20
117.70965437546506
 10
66.54590060000001
 20
117.75341677546506
 10
66.4396328
 20
117.79747797546506
 10
66.33348980000001
 20
117.84183857546506
 10
66.22747240000001
 20
117.88649917546506
 10
66.1215822
 20
117.93146017546506
 10
66.01582040000001
 20
117.97672237546506
 10
65.91018820000001
 20
118.02228637546506
 10
65.804687
 20
118.06815277546505
 10
65.699318
 20
118.11432177546506
 10
65.5940824
 20
118.16079457546506
 10
65.4889816
 20
118.20757137546506
 10
65.3840174
 20
118.25465337546505
 10
65.2791906
 20
118.30204117546506
 10
65.1745032
 20
118.34973557546506
 10
65.06995620000001
 20
118.39773737546506
 10
64.96555120000001
 20
118.44604717546505
 10
64.8612896
 20
118.49466577546505
 10
64.75717320000001
 20
118.54359377546506
 10
64.6532028
 20
118.59283237546506
 10
64.5493806
 20
118.64238197546506
 10
64.4457076
 20
118.69224317546505
 10
64.34218560000001
 20
118.74241697546506
 10
64.2388158
 20
118.79290397546507
 10
64.13560000000001
 20
118.84370497546506
 10
64.03253980000001
 20
118.89482057546506
 10
63.92963640000001
 20
118.94625137546507
 10
63.82689160000001
 20
118.99799837546506
 10
63.72430700000001
 20
119.05006197546506
 10
63.62188420000001
 20
119.10244317546505
 10
63.5196246
 20
119.15514237546506
 10
63.417530000000006
 20
119.20816037546506
 10
63.31560180000001
 20
119.26149777546506
 10
63.21384180000001
 20
119.31515517546507
 10
63.112251400000005
 20
119.36913357546506
 10
63.0108326
 20
119.42343317546506
 10
62.90958680000001
 20
119.47805477546505
 10
62.808516000000004
 20
119.53299937546507
 10
62.707621800000005
 20
119.58826757546507
 10
62.60690600000001
 20
119.64386037546507
 10
62.50637060000001
 20
119.69977877546506
 10
62.40601740000001
 20
119.75602357546506
 10
62.3058484
 20
119.81259557546505
 10
62.20586540000001
 20
119.86949577546505
 10
62.106070200000005
 20
119.92672477546506
 10
62.006465000000006
 20
119.98428357546506
 10
61.9070514
 20
120.04217297546506
 10
61.80783160000001
 20
120.10039377546507
 10
61.70880760000001
 20
120.15894697546506
 10
61.60998140000001
 20
120.21783317546506
 10
61.511354600000004
 20
120.27705317546506
 10
61.4129298
 20
120.33660777546505
 10
61.3147086
 20
120.39649797546505
 10
61.21669320000001
 20
120.45672437546506
 10
61.118885600000006
 20
120.51728757546506
 10
61.021288000000006
 20
120.57818857546506
 10
60.9239024
 20
120.63942817546506
 10
60.82673100000001
 20
120.70100677546506
 10
60.72977560000001
 20
120.76292537546506
 10
60.63303880000001
 20
120.82518437546506
 10
60.53652240000001
 20
120.88778497546505
 10
60.440228600000005
 20
120.95072737546506
 10
60.34415980000001
 20
121.01401237546506
 10
60.24831820000001
 20
121.07764097546506
 10
60.15270600000001
 20
121.14161397546506
 10
60.057325600000006
 20
121.20593197546506
 10
59.962179600000006
 20
121.27059617546506
 10
59.867270000000005
 20
121.33560697546505
 10
59.77259980000001
 20
121.40096557546505
 10
59.678170800000004
 20
121.46667277546506
 10
59.58398600000001
 20
121.53272897546506
 10
59.49004740000001
 20
121.59913517546505
 10
59.396358000000006
 20
121.66589217546506
 10
59.302919800000005
 20
121.73300077546506
 10
59.209735800000004
 20
121.80046157546506
 10
59.11680840000001
 20
121.86827537546506
 10
59.02414
 20
121.93644277546505
 10
58.931733400000006
 20
122.00496457546507
 10
58.8395912
 20
122.07384157546505
 10
58.74771600000001
 20
122.14307417546506
 10
58.6561104
 20
122.21266337546506
 10
58.56477700000001
 20
122.28260937546506
 10
58.4737188
 20
122.35291317546506
 10
58.382938200000005
 20
122.42357517546506
 10
58.29243820000001
 20
122.49459597546506
 10
58.20222120000001
 20
122.56597617546507
 10
58.112290400000006
 20
122.63771637546506
 10
58.02264840000001
 20
122.70981737546506
 10
57.933298400000005
 20
122.78227977546506
 10
57.84424380000001
 20
122.85510477546507
 10
57.75548760000001
 20
122.92829317546506
 10
57.667033
 20
123.00184617546506
 10
57.5788838
 20
123.07576457546506
 10
57.4910428
 20
123.15004897546505
 10
57.40351360000001
 20
123.22470057546506
 10
57.31629960000001
 20
123.29972017546505
 10
57.229404
 20
123.37510837546506
 10
57.14283040000001
 20
123.45086617546505
 10
57.05658220000001
 20
123.52699417546506
 10
56.970663
 20
123.60349317546506
 10
56.88507620000001
 20
123.68036397546506
 10
56.79982520000001
 20
123.75760697546505
 10
56.714913800000005
 20
123.83522317546506
 10
56.6303454
 20
123.91321297546506
 10
56.546123800000004
 20
123.99157717546507
 10
56.462252400000004
 20
124.07031597546506
 10
56.378735000000006
 20
124.14943017546506
 10
56.29557500000001
 20
124.22892017546506
 10
56.212776600000005
 20
124.30878637546506
 10
56.130343
 20
124.38902937546506
 10
56.04827820000001
 20
124.46964937546505
 10
55.9665856
 20
124.55064637546506
 10
55.885268200000006
 20
124.63202037546506
 10
55.804329800000005
 20
124.71377117546506
 10
55.723773200000004
 20
124.79589817546506
 10
55.64360200000001
 20
124.87840157546506
 10
55.5638196
 20
124.96128077546506
 10
55.48442920000001
 20
125.04453577546506
 10
55.405434400000004
 20
125.12816617546505
 10
55.326838800000004
 20
125.21217177546507
 10
55.2486456
 20
125.29655217546505
 10
55.170858800000005
 20
125.38130717546505
 10
55.093481600000004
 20
125.46643637546507
 10
55.0165178
 20
125.55193937546505
 10
54.93997100000001
 20
125.63781617546506
 10
54.86384500000001
 20
125.72406617546505
 10
54.788143600000005
 20
125.81068897546506
 10
54.7128706
 20
125.89768417546506
 10
54.63802960000001
 20
125.98505157546506
 10
54.56362460000001
 20
126.07279037546506
 10
54.4896596
 20
126.16090057546506
 10
54.41613840000001
 20
126.24938137546506
 10
54.34306500000001
 20
126.33823217546507
 10
54.27044360000001
 20
126.42745297546506
 10
54.19828040000001
 20
126.51704477546505
 10
54.126582000000006
 20
126.60700897546506
 10
54.055355600000006
 20
126.69734717546505
 10
53.98460800000001
 20
126.78806097546506
 10
53.9143464
 20
126.87915157546506
 10
53.84457760000001
 20
126.97062037546506
 10
53.775308800000005
 20
127.06246817546506
 10
53.706546800000005
 20
127.15469617546506
 10
53.638298600000006
 20
127.24730497546506
 10
53.5705712
 20
127.34029537546506
 10
53.50337180000001
 20
127.43366797546506
 10
53.436707000000006
 20
127.52742297546506
 10
53.370583800000006
 20
127.62156097546506
 10
53.3050092
 20
127.71608157546505
 10
53.239990000000006
 20
127.81098537546507
 10
53.17553300000001
 20
127.90627177546506
 10
53.1116448
 20
128.00194037546507
 10
53.04833260000001
 20
128.09799117546507
 10
52.98560260000001
 20
128.19442337546505
 10
52.9234616
 20
128.29123597546504
 10
52.86191600000001
 20
128.38842837546505
 10
52.800971200000006
 20
128.48599857546506
 10
52.74062560000001
 20
128.58394017546505
 10
52.68087500000001
 20
128.68224637546507
 10
52.621716400000004
 20
128.78090957546505
 10
52.5631464
 20
128.87992357546506
 10
52.505162000000006
 20
128.97928157546505
 10
52.447760800000005
 20
129.07897757546505
 10
52.3909402
 20
129.17900577546504
 10
52.33469840000001
 20
129.27936037546505
 10
52.27903340000001
 20
129.38003617546505
 10
52.223943600000005
 20
129.48102797546505
 10
52.169428
 20
129.58233077546507
 10
52.11548560000001
 20
129.68393977546506
 10
52.062115600000006
 20
129.78585097546505
 10
52.009317800000005
 20
129.88805957546506
 10
51.957092200000005
 20
129.99056157546505
 10
51.905438800000006
 20
130.09335337546506
 10
51.854358600000005
 20
130.19643097546506
 10
51.8038522
 20
130.29979117546506
 10
51.753921600000005
 20
130.40343057546505
 10
51.704565800000005
 20
130.50734517546505
 10
51.6557948
 20
130.61153517546506
 10
51.60763520000001
 20
130.71600937546506
 10
51.56012440000001
 20
130.82078017546507
 10
51.513298000000006
 20
130.92585877546506
 10
51.46719060000001
 20
131.03125457546506
 10
51.42183560000001
 20
131.13697637546505
 10
51.377264200000006
 20
131.24303097546505
 10
51.3335062
 20
131.34942377546506
 10
51.29058920000001
 20
131.45615837546507
 10
51.248538800000006
 20
131.56323757546505
 10
51.2073782
 20
131.67066177546505
 10
51.167128000000005
 20
131.77843037546506
 10
51.12780620000001
 20
131.88654117546506
 10
51.089428600000005
 20
131.99499077546506
 10
51.05200800000001
 20
132.10377437546506
 10
51.015554800000004
 20
132.21288577546505
 10
50.980076200000006
 20
132.32231817546506
 10
50.9455778
 20
132.43206337546505
 10
50.912062000000006
 20
132.54211257546507
 10
50.879529000000005
 20
132.65245637546505
 10
50.84797460000001
 20
132.76308417546505
 10
50.81735580000001
 20
132.87397437546505
 10
50.78760040000001
 20
132.98509957546506
 10
50.7586432
 20
133.09643537546506
 10
50.730425800000006
 20
133.20796097546506
 10
50.70289600000001
 20
133.31965837546505
 10
50.6760068
 20
133.43151177546505
 10
50.64971500000001
 20
133.54350717546507
 10
50.623980800000005
 20
133.65563197546504
 10
50.59876740000001
 20
133.76787497546505
 10
50.57404040000001
 20
133.88022617546505
 10
50.54976680000001
 20
133.99267617546505
 10
50.52591480000001
 20
134.10521657546505
 10
50.502453200000005
 20
134.21783877546505
 10
50.47935100000001
 20
134.33053537546505
 10
50.456575400000006
 20
134.44329837546505
 10
50.43409220000001
 20
134.55612017546505
 10
50.411863200000006
 20
134.66899217546506
 10
50.389843600000006
 20
134.78190537546504
 10
50.36797980000001
 20
134.89484877546505
 10
50.346225800000006
 20
135.00781337546505
 10
50.324851
 20
135.12085017546505
 10
50.304410000000004
 20
135.23405917546506
 10
50.285484200000006
 20
135.34753077546506
 10
50.2685406
 20
135.46131457546505
 10
50.25382460000001
 20
135.57540777546507
 10
50.24134620000001
 20
135.68976737546507
 10
50.230944400000006
 20
135.80433477546507
 10
50.2223722
 20
135.91905417546505
 10
50.2153642
 20
136.03387997546506
 10
50.20967300000001
 20
136.14877877546505
 10
50.205083800000004
 20
136.26372697546506
 10
50.2014166
 20
136.37870837546507
 10
50.19852380000001
 20
136.49371197546506
 10
50.1962844
 20
136.60873017546504
 10
50.194600200000004
 20
136.72375797546505
 10
50.193390400000006
 20
136.83879177546507
 10
50.19258880000001
 20
136.95382897546506
 10
50.1921406
 20
137.06886837546506
 10
50.19200000000001
 20
137.18390837546505
 10
50.832
 20
137.18390837546505
 10
50.83243160000001
 20
137.07132497546507
 10
50.833728400000005
 20
136.95874817546505
 10
50.835892400000006
 20
136.84618477546505
 10
50.83892620000001
 20
136.73364157546507
 10
50.842831000000004
 20
136.62112497546505
 10
50.8476082
 20
136.50864217546507
 10
50.853258800000006
 20
136.39619977546505
 10
50.859783400000005
 20
136.28380477546506
 10
50.86718200000001
 20
136.17146397546506
 10
50.8754544
 20
136.05918417546505
 10
50.884600000000006
 20
135.94697197546506
 10
50.89461800000001
 20
135.83483437546505
 10
50.9055066
 20
135.72277797546505
 10
50.917264200000005
 20
135.61080937546507
 10
50.929888600000005
 20
135.49893517546505
 10
50.943377600000005
 20
135.38716197546506
 10
50.95772780000001
 20
135.27549597546505
 10
50.97293640000001
 20
135.16394377546504
 10
50.988999400000004
 20
135.05251137546506
 10
51.00591280000001
 20
134.94120477546505
 10
51.023672600000005
 20
134.83003017546505
 10
51.04227420000001
 20
134.71899337546506
 10
51.06171340000001
 20
134.60809997546505
 10
51.081985800000005
 20
134.49735597546504
 10
51.10308760000001
 20
134.38676697546506
 10
51.12501460000001
 20
134.27633857546505
 10
51.147763000000005
 20
134.16607657546507
 10
51.17132920000001
 20
134.05598637546507
 10
51.195709400000005
 20
133.94607357546505
 10
51.220899800000005
 20
133.83634377546505
 10
51.2468974
 20
133.72680217546505
 10
51.273698800000005
 20
133.61745457546505
 10
51.301300600000005
 20
133.50830637546505
 10
51.329699600000005
 20
133.39936277546505
 10
51.358893200000004
 20
133.29062937546507
 10
51.388878000000005
 20
133.18211157546506
 10
51.41965160000001
 20
133.07381477546505
 10
51.45121100000001
 20
132.96574437546505
 10
51.483554000000005
 20
132.85790577546504
 10
51.51667760000001
 20
132.75030437546505
 10
51.55057740000001
 20
132.64294517546506
 10
51.585248400000005
 20
132.53583237546505
 10
51.62068500000001
 20
132.42897057546506
 10
51.656882200000005
 20
132.32236397546507
 10
51.69383440000001
 20
132.21601657546506
 10
51.7315362
 20
132.10993277546507
 10
51.76998240000001
 20
132.00411637546506
 10
51.80916740000001
 20
131.89857137546505
 10
51.8490862
 20
131.79330157546505
 10
51.889733400000004
 20
131.68831097546507
 10
51.931103400000005
 20
131.58360317546504
 10
51.973190800000005
 20
131.47918157546505
 10
52.01599060000001
 20
131.37504997546506
 10
52.059497400000005
 20
131.27121157546506
 10
52.10370580000001
 20
131.16767017546505
 10
52.148610600000005
 20
131.06442877546505
 10
52.194206400000006
 20
130.96149077546505
 10
52.240488000000006
 20
130.85885917546506
 10
52.2874502
 20
130.75653717546507
 10
52.335087800000004
 20
130.65452797546504
 10
52.38339560000001
 20
130.55283437546507
 10
52.432367600000006
 20
130.45145897546507
 10
52.48199820000001
 20
130.35040457546506
 10
52.532282200000004
 20
130.24967337546505
 10
52.5832136
 20
130.14926817546507
 10
52.634787
 20
130.04919117546507
 10
52.686997000000005
 20
129.94944477546505
 10
52.739838000000006
 20
129.85003117546506
 10
52.793304600000006
 20
129.75095277546507
 10
52.84739120000001
 20
129.65221137546507
 10
52.902092800000005
 20
129.55380917546506
 10
52.95740380000001
 20
129.45574837546505
 10
53.01331880000001
 20
129.35803077546507
 10
53.06983280000001
 20
129.26065837546506
 10
53.126940600000005
 20
129.16363277546506
 10
53.18463680000001
 20
129.06695617546507
 10
53.24291620000001
 20
128.97062997546504
 10
53.301774200000004
 20
128.87465617546505
 10
53.3612054
 20
128.77903637546507
 10
53.42120480000001
 20
128.68377197546505
 10
53.481767600000005
 20
128.58886477546505
 10
53.54288860000001
 20
128.49431597546504
 10
53.604562400000006
 20
128.40012697546507
 10
53.66678400000001
 20
128.30629897546507
 10
53.72954800000001
 20
128.21283277546507
 10
53.792849200000006
 20
128.11972977546506
 10
53.8566826
 20
128.02699057546505
 10
53.92104280000001
 20
127.93461637546505
 10
53.985924600000004
 20
127.84260777546505
 10
54.0513234
 20
127.75096577546506
 10
54.117233600000006
 20
127.65969117546506
 10
54.183650400000005
 20
127.56878437546506
 10
54.250569000000006
 20
127.47824637546506
 10
54.317984200000005
 20
127.38807737546506
 10
54.38589100000001
 20
127.29827817546506
 10
54.4542848
 20
127.20884937546506
 10
54.523160600000004
 20
127.11979117546505
 10
54.592513600000004
 20
127.03110397546506
 10
54.662339200000005
 20
126.94278857546506
 10
54.7326324
 20
126.85484477546505
 10
54.80338880000001
 20
126.76727317546506
 10
54.874603400000005
 20
126.68007397546506
 10
54.94627200000001
 20
126.59324737546505
 10
55.018390000000004
 20
126.50679357546505
 10
55.09095280000001
 20
126.42071297546505
 10
55.163956000000006
 20
126.33500557546506
 10
55.23739540000001
 20
126.24967157546506
 10
55.3112666
 20
126.16471097546506
 10
55.38556500000001
 20
126.08012377546505
 10
55.4602866
 20
125.99591017546506
 10
55.53542700000001
 20
125.91207017546506
 10
55.61098200000001
 20
125.82860337546506
 10
55.686947200000006
 20
125.74550997546505
 10
55.76331880000001
 20
125.66278977546506
 10
55.84009220000001
 20
125.58044237546505
 10
55.91726340000001
 20
125.49846777546506
 10
55.994828600000005
 20
125.41686577546506
 10
56.072783400000006
 20
125.33563577546506
 10
56.15112380000001
 20
125.25477777546506
 10
56.22984600000001
 20
125.17429137546506
 10
56.308945800000004
 20
125.09417617546507
 10
56.388419600000006
 20
125.01443157546507
 10
56.46826320000001
 20
124.93505757546507
 10
56.548472800000006
 20
124.85605337546505
 10
56.62904460000001
 20
124.77741877546507
 10
56.70997500000001
 20
124.69915297546505
 10
56.7912604
 20
124.62125597546506
 10
56.87289700000001
 20
124.54372717546505
 10
56.954881400000005
 20
124.46656617546506
 10
57.03721
 20
124.38977277546506
 10
57.1198794
 20
124.31334617546506
 10
57.20288600000001
 20
124.23728597546506
 10
57.286226600000006
 20
124.16159197546506
 10
57.3698976
 20
124.08626317546506
 10
57.45389560000001
 20
124.01129937546506
 10
57.53821740000001
 20
123.93669977546506
 10
57.62285940000001
 20
123.86246377546506
 10
57.70781840000001
 20
123.78859097546506
 10
57.793091200000006
 20
123.71508037546506
 10
57.87867440000001
 20
123.64193137546506
 10
57.964564800000005
 20
123.56914337546506
 10
58.0507592
 20
123.49671557546506
 10
58.1372544
 20
123.42464737546506
 10
58.2240472
 20
123.35293777546505
 10
58.31113440000001
 20
123.28158617546507
 10
58.39851320000001
 20
123.21059177546506
 10
58.48618020000001
 20
123.13995357546506
 10
58.57413240000001
 20
123.06967097546506
 10
58.6623668
 20
122.99974297546505
 10
58.7508806
 20
122.93016877546506
 10
58.83967100000001
 20
122.86094797546505
 10
58.92873540000001
 20
122.79207997546506
 10
59.01807060000001
 20
122.72356397546505
 10
59.10767460000001
 20
122.65539937546507
 10
59.19754420000001
 20
122.58758557546506
 10
59.28767680000001
 20
122.52012197546506
 10
59.37807000000001
 20
122.45300757546505
 10
59.468721200000005
 20
122.38624217546506
 10
59.559627400000004
 20
122.31982457546506
 10
59.6507864
 20
122.25375417546506
 10
59.7421956
 20
122.18803037546506
 10
59.83385220000001
 20
122.12265217546506
 10
59.925754000000005
 20
122.05761897546506
 10
60.01789840000001
 20
121.99292977546506
 10
60.110282600000005
 20
121.92858397546506
 10
60.20290460000001
 20
121.86458057546506
 10
60.29576180000001
 20
121.80091897546507
 10
60.38885160000001
 20
121.73759797546506
 10
60.4821716
 20
121.67461677546505
 10
60.575719600000006
 20
121.61197477546506
 10
60.669493200000005
 20
121.54967097546506
 10
60.7634898
 20
121.48770417546505
 10
60.85770740000001
 20
121.42607397546506
 10
60.95214360000001
 20
121.36477897546506
 10
61.0467962
 20
121.30381857546506
 10
61.141662800000006
 20
121.24319217546505
 10
61.23674140000001
 20
121.18289857546506
 10
61.33203
 20
121.12293737546506
 10
61.4275262
 20
121.06330757546506
 10
61.523228200000005
 20
121.00400837546506
 10
61.6191338
 20
120.94503897546505
 10
61.715240800000004
 20
120.88639857546505
 10
61.81154720000001
 20
120.82808637546506
 10
61.9080512
 20
120.77010157546506
 10
62.00475060000001
 20
120.71244297546505
 10
62.101643200000005
 20
120.65510997546505
 10
62.19872720000001
 20
120.59810177546505
 10
62.2960008
 20
120.54141737546506
 10
62.39346180000001
 20
120.48505597546506
 10
62.4911084
 20
120.42901657546506
 10
62.5889384
 20
120.37329837546505
 10
62.686950200000005
 20
120.31790037546506
 10
62.785141800000005
 20
120.26282157546505
 10
62.8835114
 20
120.20806137546506
 10
62.982057000000005
 20
120.15361837546506
 10
63.08077680000001
 20
120.09949217546506
 10
63.179669000000004
 20
120.04568157546507
 10
63.278732000000005
 20
119.99218557546506
 10
63.3779636
 20
119.93900337546506
 10
63.4773622
 20
119.88613417546506
 10
63.576926400000005
 20
119.83357717546505
 10
63.676654600000006
 20
119.78133217546505
 10
63.7765454
 20
119.72939857546505
 10
63.87659740000001
 20
119.67777637546506
 10
63.976809
 20
119.62646477546505
 10
64.077179
 20
119.57546337546506
 10
64.17770580000001
 20
119.52477217546506
 10
64.278388
 20
119.47439017546506
 10
64.3792244
 20
119.42431717546506
 10
64.48021320000001
 20
119.37455277546506
 10
64.58135340000001
 20
119.32509617546506
 10
64.6826432
 20
119.27594717546506
 10
64.7840814
 20
119.22710537546506
 10
64.88566680000001
 20
119.17856977546506
 10
64.98739760000001
 20
119.13034037546507
 10
65.0892728
 20
119.08241637546506
 10
65.1912908
 20
119.03479717546506
 10
65.29345040000001
 20
118.98748237546506
 10
65.39575
 20
118.94047137546505
 10
65.4981884
 20
118.89376337546506
 10
65.6007644
 20
118.84735817546506
 10
65.70347620000001
 20
118.80125497546506
 10
65.806323
 20
118.75545297546506
 10
65.90930320000001
 20
118.70995197546506
 10
66.01241560000001
 20
118.66475117546506
 10
66.1156586
 20
118.61984997546506
 10
66.219031
 20
118.57524737546505
 10
66.3225314
 20
118.53094217546506
 10
66.4261578
 20
118.48693297546507
 10
66.529909
 20
118.44321837546505
 10
66.63378300000001
 20
118.39979677546506
 10
66.73777860000001
 20
118.35666697546506
 10
66.84189420000001
 20
118.31382757546506
 10
66.9461282
 20
118.27127717546506
 10
67.05047920000001
 20
118.22901437546506
 10
67.1549456
 20
118.18703797546506
 10
67.25952620000001
 20
118.14534657546506
 10
67.36421940000001
 20
118.10393897546506
 10
67.4690238
 20
118.06281377546506
 10
67.5739382
 20
118.02196957546505
 10
67.6789612
 20
117.98140557546506
 10
67.7840912
 20
117.94112017546506
 10
67.88932720000001
 20
117.90111217546506
 10
67.994668
 20
117.86138037546506
 10
68.10011180000001
 20
117.82192357546506
 10
68.20565780000001
 20
117.78274077546506
 10
68.3113048
 20
117.74383057546505
 10
68.4170512
 20
117.70519197546506
 10
68.5228962
 20
117.66682377546506
 10
68.6288382
 20
117.62872477546506
 10
68.7348764
 20
117.59089397546506
 10
68.8410094
 20
117.55333017546506
 10
68.94723640000001
 20
117.51603237546506
 10
69.0535558
 20
117.47899977546506
 10
69.1599676
 20
117.44223277546506
 10
69.2664714
 20
117.40573377546505
 10
69.37306760000001
 20
117.36950497546506
 10
69.47975600000001
 20
117.33354857546506
 10
69.58653620000001
 20
117.29786637546506
 10
69.6934086
 20
117.26246057546506
 10
69.8003726
 20
117.22733297546506
 10
69.9074284
 20
117.19248537546505
 10
70.01457540000001
 20
117.15791997546506
 10
70.12181340000001
 20
117.12363777546506
 10
70.22914220000001
 20
117.08964097546506
 10
70.33656140000001
 20
117.05593097546506
 10
70.4440708
 20
117.02250897546506
 10
70.55166960000001
 20
116.98937677546506
 10
70.6593576
 20
116.95653537546505
 10
70.7671342
 20
116.92398597546506
 10
70.874999
 20
116.89172997546505
 10
70.9829514
 20
116.85976817546506
 10
71.0909906
 20
116.82810177546506
 10
71.19911640000001
 20
116.79673157546506
 10
71.30732780000001
 20
116.76565837546505
 10
71.41562420000001
 20
116.73488277546505
 10
71.5240052
 20
116.70440577546506
 10
71.63246960000001
 20
116.67422737546505
 10
71.74101680000001
 20
116.64434857546506
 10
71.84964620000001
 20
116.61476957546506
 10
71.9583568
 20
116.58549057546506
 10
72.067148
 20
116.55651197546506
 10
72.176018
 20
116.52783117546505
 10
72.284964
 20
116.49944077546506
 10
72.39398340000001
 20
116.47133297546506
 10
72.5030732
 20
116.44349977546506
 10
72.6122308
 20
116.41593417546505
 10
72.7214538
 20
116.38862877546507
 10
72.83074
 20
116.36157697546506
 10
72.940087
 20
116.33477217546506
 10
73.04949260000001
 20
116.30820757546506
 10
73.1589548
 20
116.28187737546506
 10
73.26847180000001
 20
116.25577537546506
 10
73.3780414
 20
116.22989577546505
 10
73.487662
 20
116.20423277546506
 10
73.5973318
 20
116.17878077546506
 10
73.7070492
 20
116.15353457546506
 10
73.8168124
 20
116.12848897546506
 10
73.92662000000001
 20
116.10363837546507
 10
74.0364706
 20
116.07897797546505
 10
74.1463626
 20
116.05450297546506
 10
74.2562944
 20
116.03020837546507
 10
74.366265
 20
116.00608917546506
 10
74.476273
 20
115.98214097546506
 10
74.58631700000001
 20
115.95835897546506
 10
74.6963958
 20
115.93473857546506
 10
74.80650820000001
 20
115.91127517546505
 10
74.91665300000001
 20
115.88796437546506
 10
75.026829
 20
115.86480137546506
 10
75.13703500000001
 20
115.84178177546505
 10
75.24727000000001
 20
115.81890097546506
 10
75.35753480000001
 20
115.79616497546506
 10
75.4678342
 20
115.77359757546506
 10
75.57817360000001
 20
115.75122537546505
 10
75.68855740000001
 20
115.72907457546506
 10
75.79899060000001
 20
115.70717097546506
 10
75.90947740000001
 20
115.68553937546505
 10
76.02002180000001
 20
115.66420357546505
 10
76.130627
 20
115.64318617546506
 10
76.24129620000001
 20
115.62250817546506
 10
76.3520318
 20
115.60218877546507
 10
76.46283580000001
 20
115.58224497546506
 10
76.57370940000001
 20
115.56269197546506
 10
76.6846534
 20
115.54354297546506
 10
76.795668
 20
115.52480877546506
 10
76.90675340000001
 20
115.50649777546506
 10
77.01790880000001
 20
115.48861637546506
 10
77.12913320000001
 20
115.47116917546506
 10
77.240425
 20
115.45415837546506
 10
77.35178280000001
 20
115.43758477546506
 10
77.46320460000001
 20
115.42144697546506
 10
77.57468840000001
 20
115.40574237546505
 10
77.6862318
 20
115.39046677546506
 10
77.7978322
 20
115.37561497546506
 10
77.9094876
 20
115.36118057546506
 10
78.021195
 20
115.34715657546506
 10
78.13295240000001
 20
115.33353437546506
 10
78.244757
 20
115.32030577546506
 10
78.3566064
 20
115.30746157546506
 10
78.46849820000001
 20
115.29499217546505
 10
78.5804296
 20
115.28288497546507
 10
78.69239660000001
 20
115.27110937546506
 10
78.8043944
 20
115.25963077546506
 10
78.9164192
 20
115.24841897546506
 10
79.0284678
 20
115.23744757546505
 10
79.1405374
 20
115.22669217546506
 10
79.2526254
 20
115.21613117546505
 10
79.3647298
 20
115.20574497546505
 10
79.47684860000001
 20
115.19551457546505
 10
79.5889798
 20
115.18542257546505
 10
79.70112200000001
 20
115.17545257546506
 10
79.81327340000001
 20
115.16558817546506
 10
79.92543280000001
 20
115.15581317546506
 10
80.03759860000001
 20
115.14611197546506
 10
80.14976920000001
 20
115.13646757546506
 10
80.2619434
 20
115.12686337546506
 10
80.37411920000001
 20
115.11728057546506
 10
80.4862954
 20
115.10769937546506
 10
80.5984696
 20
115.09809717546506
 10
80.71063980000001
 20
115.08844817546506
 10
80.82280340000001
 20
115.07872197546506
 10
80.93495700000001
 20
115.06888097546506
 10
81.04709620000001
 20
115.05887837546506
 10
81.15921540000001
 20
115.04865197546506
 10
81.27130580000001
 20
115.03811717546506
 10
81.3833546
 20
115.02714897546505
 10
81.49534000000001
 20
115.01555097546506
 10
81.6072192
 20
115.00297417546506
 10
81.718889
 20
114.98866897546506
 10
81.8299264
 20
114.97018877546506
 10
81.932804
 20
114.92789597546506
 10
82.04028860000001
 20
114.89896437546506
 10
82.152516
 20
114.89016197546506
 10
82.26497640000001
 20
114.88491717546506
 10
82.37749980000001
 20
114.88122177546506
 10
82.49004900000001
 20
114.87840897546506
 10
82.60261120000001
 20
114.87617057546505
 10
82.71518080000001
 20
114.87433797546505
 10
82.82775480000001
 20
114.87280757546506
 10
82.94033180000001
 20
114.87151157546506
 10
83.0529108
 20
114.87040277546507
 10
83.1654912
 20
114.86944677546506
 10
83.2780728
 20
114.86861837546506
 10
83.39065500000001
 20
114.86789777546505
 10
83.5032376
 20
114.86726957546506
 10
83.61582080000001
 20
114.86672137546506
 10
83.7284044
 20
114.86624337546506
 10
83.84098800000001
 20
114.86582697546505
 10
83.95357200000001
 20
114.86546557546507
 10
84.066156
 20
114.86515337546506
 10
84.17874020000001
 20
114.86488517546506
 10
84.29132440000001
 20
114.86465677546505
 10
84.40390880000001
 20
114.86446457546506
 10
84.51649320000001
 20
114.86430557546505
 10
84.6290776
 20
114.86417677546505
 10
84.741662
 20
114.86407557546505
 10
84.85424660000001
 20
114.86399997546506
 10
84.96683100000001
 20
114.86394817546505
 10
85.0794156
 20
114.86391797546506
 10
85.19200000000001
 20
114.86390837546506
 10
85.30458440000001
 20
114.86391797546506
 10
85.417169
 20
114.86394817546505
 10
85.5297534
 20
114.86399997546506
 10
85.64233800000001
 20
114.86407557546505
 10
85.75492240000001
 20
114.86417677546505
 10
85.8675068
 20
114.86430557546505
 10
85.9800912
 20
114.86446457546506
 10
86.0926756
 20
114.86465677546505
 10
86.20525980000001
 20
114.86488517546506
 10
86.31784400000001
 20
114.86515337546506
 10
86.430428
 20
114.86546557546507
 10
86.543012
 20
114.86582697546505
 10
86.65559560000001
 20
114.86624337546506
 10
86.7681792
 20
114.86672137546506
 10
86.88076240000001
 20
114.86726957546506
 10
86.993345
 20
114.86789777546505
 10
87.10592720000001
 20
114.86861837546506
 10
87.2185086
 20
114.86944677546506
 10
87.33108920000001
 20
114.87040277546507
 10
87.4436682
 20
114.87151157546506
 10
87.5562452
 20
114.87280757546506
 10
87.6688192
 20
114.87433797546505
 10
87.7813888
 20
114.87617057546505
 10
87.893951
 20
114.87840897546506
 10
88.0065002
 20
114.88122177546506
 10
88.1190234
 20
114.88491717546506
 10
88.23148400000001
 20
114.89016197546506
 10
88.3437114
 20
114.89896437546506
 10
88.45119600000001
 20
114.92789597546506
 10
88.55407360000001
 20
114.97018897546506
 10
88.66511100000001
 20
114.98866897546506
 10
88.77678080000001
 20
115.00297417546506
 10
88.88866
 20
115.01555097546506
 10
89.00064540000001
 20
115.02714897546505
 10
89.1126942
 20
115.03811717546506
 10
89.2247846
 20
115.04865197546506
 10
89.3369038
 20
115.05887837546506
 10
89.449043
 20
115.06888097546506
 10
89.5611966
 20
115.07872197546506
 10
89.6733602
 20
115.08844817546506
 10
89.78553040000001
 20
115.09809717546506
 10
89.89770460000001
 20
115.10769937546506
 10
90.0098808
 20
115.11728057546506
 10
90.12205660000001
 20
115.12686337546506
 10
90.2342308
 20
115.13646757546506
 10
90.3464014
 20
115.14611197546506
 10
90.4585672
 20
115.15581317546506
 10
90.57072640000001
 20
115.16558817546506
 10
90.682878
 20
115.17545257546506
 10
90.79502020000001
 20
115.18542257546505
 10
90.9071514
 20
115.19551457546505
 10
91.01927020000001
 20
115.20574497546505
 10
91.13137460000002
 20
115.21613117546505
 10
91.24346260000002
 20
115.22669217546506
 10
91.35553220000001
 20
115.23744757546505
 10
91.46758080000001
 20
115.24841897546506
 10
91.57960560000001
 20
115.25963077546506
 10
91.6916034
 20
115.27110937546506
 10
91.80357040000001
 20
115.28288497546507
 10
91.9155018
 20
115.29499217546505
 10
92.02739360000001
 20
115.30746157546506
 10
92.13924300000001
 20
115.32030577546506
 10
92.2510476
 20
115.33353437546506
 10
92.36280500000001
 20
115.34715657546506
 10
92.47451240000001
 20
115.36118057546506
 10
92.58616780000001
 20
115.37561497546506
 10
92.69776820000001
 20
115.39046677546506
 10
92.8093116
 20
115.40574237546505
 10
92.9207954
 20
115.42144697546506
 10
93.0322172
 20
115.43758477546506
 10
93.14357500000001
 20
115.45415837546506
 10
93.2548668
 20
115.47116917546506
 10
93.3660912
 20
115.48861637546506
 10
93.4772466
 20
115.50649777546506
 10
93.58833200000001
 20
115.52480877546506
 10
93.69934660000001
 20
115.54354297546506
 10
93.8102906
 20
115.56269197546506
 10
93.9211642
 20
115.58224497546506
 10
94.03196820000001
 20
115.60218877546507
 10
94.1427038
 20
115.62250817546506
 10
94.25337300000001
 20
115.64318617546506
 10
94.3639782
 20
115.66420357546505
 10
94.4745226
 20
115.68553937546505
 10
94.5850094
 20
115.70717097546506
 10
94.6954426
 20
115.72907457546506
 10
94.8058264
 20
115.75122537546505
 10
94.91616580000002
 20
115.77359757546506
 10
95.0264652
 20
115.79616497546506
 10
95.13673
 20
115.81890097546506
 10
95.246965
 20
115.84178177546505
 10
95.35717100000001
 20
115.86480137546506
 10
95.467347
 20
115.88796437546506
 10
95.5774918
 20
115.91127517546505
 10
95.68760420000001
 20
115.93473857546506
 10
95.797683
 20
115.95835897546506
 10
95.90772700000001
 20
115.98214097546506
 10
96.0177348
 20
116.00608917546506
 10
96.12770560000001
 20
116.03020837546507
 10
96.23763740000001
 20
116.05450297546506
 10
96.34752940000001
 20
116.07897797546505
 10
96.45738
 20
116.10363837546507
 10
96.56718760000001
 20
116.12848897546506
 10
96.67695080000001
 20
116.15353457546506
 10
96.78666820000001
 20
116.17878077546506
 10
96.89633800000001
 20
116.20423277546506
 10
97.00595860000001
 20
116.22989577546505
 10
97.1155282
 20
116.25577537546506
 10
97.22504520000001
 20
116.28187737546506
 10
97.3345074
 20
116.30820757546506
 10
97.44391300000001
 20
116.33477217546506
 10
97.55326000000001
 20
116.36157697546506
 10
97.66254620000001
 20
116.38862877546507
 10
97.77176920000001
 20
116.41593417546505
 10
97.88092680000001
 20
116.44349977546506
 10
97.9900166
 20
116.47133297546506
 10
98.09903600000001
 20
116.49944077546506
 10
98.20798200000002
 20
116.52783117546505
 10
98.31685200000001
 20
116.55651197546506
 10
98.42564320000001
 20
116.58549057546506
 10
98.5343538
 20
116.61476957546506
 10
98.6429832
 20
116.64434857546506
 10
98.75153040000001
 20
116.67422737546505
 10
98.85999480000001
 20
116.70440577546506
 10
98.9683758
 20
116.73488277546505
 10
99.0766722
 20
116.76565837546505
 10
99.1848836
 20
116.79673157546506
 10
99.29300940000002
 20
116.82810177546506
 10
99.40104860000001
 20
116.85976817546506
 10
99.50900100000001
 20
116.89172997546505
 10
99.61686580000001
 20
116.92398597546506
 10
99.72464240000001
 20
116.95653537546505
 10
99.8323304
 20
116.98937677546506
 10
99.93992920000001
 20
117.02250897546506
 10
100.0474386
 20
117.05593097546506
 10
100.1548578
 20
117.08964097546506
 10
100.2621866
 20
117.12363777546506
 10
100.3694246
 20
117.15791977546506
 10
100.47657160000001
 20
117.19248537546505
 10
100.58362740000001
 20
117.22733297546506
 10
100.69059140000002
 20
117.26246057546506
 10
100.7974638
 20
117.29786637546506
 10
100.904244
 20
117.33354857546506
 10
101.0109324
 20
117.36950497546506
 10
101.11752860000001
 20
117.40573377546505
 10
101.22403240000001
 20
117.44223277546506
 10
101.33044420000002
 20
117.47899977546506
 10
101.4367636
 20
117.51603237546506
 10
101.54299060000001
 20
117.55333017546506
 10
101.64912360000001
 20
117.59089397546506
 10
101.75516180000001
 20
117.62872477546506
 10
101.86110380000001
 20
117.66682377546506
 10
101.96694880000001
 20
117.70519197546506
 10
102.07269520000001
 20
117.74383057546505
 10
102.17834200000001
 20
117.78274077546506
 10
102.2838882
 20
117.82192357546506
 10
102.38933200000001
 20
117.86138037546506
 10
102.4946728
 20
117.90111217546506
 10
102.59990880000001
 20
117.94112017546506
 10
102.70503880000001
 20
117.98140557546506
 10
102.81006180000001
 20
118.02196957546505
 10
102.91497620000001
 20
118.06281377546506
 10
103.0197806
 20
118.10393897546506
 10
103.1244738
 20
118.14534657546506
 10
103.22905440000001
 20
118.18703797546506
 10
103.3335208
 20
118.22901437546506
 10
103.43787180000001
 20
118.27127717546506
 10
103.5421058
 20
118.31382757546506
 10
103.6462214
 20
118.35666697546506
 10
103.750217
 20
118.39979677546506
 10
103.85409100000001
 20
118.44321837546505
 10
103.95784220000002
 20
118.48693297546507
 10
104.06146860000001
 20
118.53094217546506
 10
104.16496900000001
 20
118.57524737546505
 10
104.26834140000001
 20
118.61984997546506
 10
104.3715844
 20
118.66475117546506
 10
104.4746968
 20
118.70995197546506
 10
104.57767700000001
 20
118.75545297546506
 10
104.68052360000001
 20
118.80125497546506
 10
104.78323560000001
 20
118.84735817546506
 10
104.88581160000001
 20
118.89376337546506
 10
104.98825000000001
 20
118.94047117546506
 10
105.0905496
 20
118.98748237546506
 10
105.19270920000001
 20
119.03479717546506
 10
105.29472720000001
 20
119.08241637546506
 10
105.3966024
 20
119.13034037546507
 10
105.4983332
 20
119.17856977546506
 10
105.59991860000001
 20
119.22710537546506
 10
105.70135680000001
 20
119.27594717546506
 10
105.8026466
 20
119.32509617546506
 10
105.9037868
 20
119.37455277546506
 10
106.00477560000002
 20
119.42431717546506
 10
106.10561200000001
 20
119.47439017546506
 10
106.2062942
 20
119.52477217546506
 10
106.30682100000001
 20
119.57546337546506
 10
106.40719100000001
 20
119.62646477546505
 10
106.5074026
 20
119.67777637546506
 10
106.60745460000001
 20
119.72939857546505
 10
106.70734540000001
 20
119.78133217546505
 10
106.80707360000001
 20
119.83357717546505
 10
106.90663780000001
 20
119.88613417546506
 10
107.00603640000001
 20
119.93900337546506
 10
107.10526800000001
 20
119.99218557546506
 10
107.20433080000001
 20
120.04568157546507
 10
107.3032232
 20
120.09949217546506
 10
107.40194300000002
 20
120.15361837546506
 10
107.50048860000001
 20
120.20806137546506
 10
107.59885820000001
 20
120.26282157546505
 10
107.6970498
 20
120.31790037546506
 10
107.79506160000001
 20
120.37329837546505
 10
107.89289160000001
 20
120.42901657546506
 10
107.9905382
 20
120.48505597546506
 10
108.08799920000001
 20
120.54141737546506
 10
108.1852728
 20
120.59810177546505
 10
108.2823568
 20
120.65510997546505
 10
108.3792494
 20
120.71244297546505
 10
108.47594880000001
 20
120.77010157546506
 10
108.5724526
 20
120.82808637546506
 10
108.66875920000001
 20
120.88639857546505
 10
108.76486620000001
 20
120.94503897546505
 10
108.86077180000001
 20
121.00400837546506
 10
108.95647380000001
 20
121.06330757546506
 10
109.05197000000001
 20
121.12293737546506
 10
109.14725860000001
 20
121.18289857546506
 10
109.24233720000001
 20
121.24319217546505
 10
109.33720380000001
 20
121.30381857546506
 10
109.43185640000002
 20
121.36477897546506
 10
109.5262926
 20
121.42607397546506
 10
109.62051020000001
 20
121.48770417546505
 10
109.71450680000001
 20
121.54967097546506
 10
109.8082804
 20
121.61197477546506
 10
109.90182840000001
 20
121.67461677546505
 10
109.9951484
 20
121.73759797546506
 10
110.0882382
 20
121.80091897546507
 10
110.1810954
 20
121.86458057546506
 10
110.27371720000001
 20
121.92858397546506
 10
110.36610160000001
 20
121.99292977546506
 10
110.458246
 20
122.05761897546506
 10
110.5501476
 20
122.12265217546506
 10
110.64180440000001
 20
122.18803037546506
 10
110.73321360000001
 20
122.25375417546506
 10
110.8243726
 20
122.31982457546506
 10
110.91527880000001
 20
122.38624217546506
 10
111.00593
 20
122.45300757546505
 10
111.0963232
 20
122.52012197546506
 10
111.1864558
 20
122.58758557546506
 10
111.2763254
 20
122.65539937546507
 10
111.3659294
 20
122.72356397546505
 10
111.4552646
 20
122.79207997546506
 10
111.544329
 20
122.86094797546505
 10
111.63311940000001
 20
122.93016877546506
 10
111.72163320000001
 20
122.99974297546505
 10
111.8098676
 20
123.06967097546506
 10
111.89781980000001
 20
123.13995357546506
 10
111.9854868
 20
123.21059177546506
 10
112.0728656
 20
123.28158617546507
 10
112.15995280000001
 20
123.35293777546505
 10
112.24674560000001
 20
123.42464737546506
 10
112.33324080000001
 20
123.49671557546506
 10
112.41943520000001
 20
123.56914337546506
 10
112.5053256
 20
123.64193137546506
 10
112.59090880000001
 20
123.71508037546506
 10
112.6761816
 20
123.78859097546506
 10
112.7611406
 20
123.86246377546506
 10
112.8457826
 20
123.93669977546506
 10
112.9301044
 20
124.01129937546506
 10
113.01410240000001
 20
124.08626317546506
 10
113.09777340000001
 20
124.16159197546506
 10
113.18111400000001
 20
124.23728597546506
 10
113.26412060000001
 20
124.31334617546506
 10
113.34679000000001
 20
124.38977257546506
 10
113.42911860000001
 20
124.46656617546506
 10
113.511103
 20
124.54372717546505
 10
113.59273960000002
 20
124.62125597546506
 10
113.674025
 20
124.69915297546505
 10
113.7549554
 20
124.77741877546507
 10
113.8355272
 20
124.85605337546505
 10
113.9157368
 20
124.93505757546507
 10
113.99558040000001
 20
125.01443157546507
 10
114.07505420000001
 20
125.09417617546507
 10
114.154154
 20
125.17429137546506
 10
114.2328762
 20
125.25477777546506
 10
114.31121660000001
 20
125.33563577546506
 10
114.38917140000001
 20
125.41686577546506
 10
114.4667366
 20
125.49846777546506
 10
114.5439078
 20
125.58044237546505
 10
114.6206812
 20
125.66278977546506
 10
114.69705280000001
 20
125.74550997546505
 10
114.77301800000001
 20
125.82860337546506
 10
114.848573
 20
125.91207017546506
 10
114.92371340000001
 20
125.99591017546506
 10
114.998435
 20
126.08012377546505
 10
115.0727334
 20
126.16471097546506
 10
115.1466046
 20
126.24967157546506
 10
115.220044
 20
126.33500557546506
 10
115.2930472
 20
126.42071297546505
 10
115.36561
 20
126.50679357546505
 10
115.437728
 20
126.59324737546505
 10
115.5093966
 20
126.68007397546506
 10
115.5806112
 20
126.76727317546506
 10
115.65136760000001
 20
126.85484477546505
 10
115.72166080000001
 20
126.94278857546506
 10
115.79148640000001
 20
127.03110397546506
 10
115.8608394
 20
127.11979117546505
 10
115.9297152
 20
127.20884937546506
 10
115.998109
 20
127.29827817546506
 10
116.0660158
 20
127.38807737546506
 10
116.133431
 20
127.47824617546506
 10
116.20034960000001
 20
127.56878437546506
 10
116.26676640000001
 20
127.65969117546506
 10
116.33267660000001
 20
127.75096577546506
 10
116.39807540000001
 20
127.84260777546505
 10
116.4629572
 20
127.93461637546505
 10
116.52731740000002
 20
128.02699057546505
 10
116.59115080000001
 20
128.11972977546506
 10
116.654452
 20
128.21283277546507
 10
116.71721600000001
 20
128.30629897546507
 10
116.77943760000001
 20
128.40012697546507
 10
116.8411114
 20
128.49431597546504
 10
116.9022324
 20
128.58886477546505
 10
116.9627952
 20
128.68377197546505
 10
117.02279460000001
 20
128.77903637546507
 10
117.0822258
 20
128.87465617546505
 10
117.1410838
 20
128.97062997546504
 10
117.19936320000001
 20
129.06695617546507
 10
117.2570594
 20
129.16363277546506
 10
117.31416720000001
 20
129.26065837546506
 10
117.3706812
 20
129.35803077546507
 10
117.4265962
 20
129.45574837546505
 10
117.48190720000001
 20
129.55380917546506
 10
117.53660880000001
 20
129.65221137546507
 10
117.59069540000002
 20
129.75095277546507
 10
117.64416200000001
 20
129.85003117546506
 10
117.69700300000001
 20
129.94944477546505
 10
117.74921300000001
 20
130.04919117546507
 10
117.80078640000002
 20
130.14926817546507
 10
117.85171780000002
 20
130.24967337546505
 10
117.90200180000001
 20
130.35040457546506
 10
117.95163240000001
 20
130.45145897546507
 10
118.00060440000001
 20
130.55283437546507
 10
118.04891220000002
 20
130.65452797546504
 10
118.09654980000002
 20
130.75653717546507
 10
118.14351200000002
 20
130.85885917546506
 10
118.1897936
 20
130.96149077546505
 10
118.2353894
 20
131.06442877546505
 10
118.28029420000001
 20
131.16767017546505
 10
118.32450260000002
 20
131.27121157546506
 10
118.3680094
 20
131.37504997546506
 10
118.41080920000002
 20
131.47918157546505
 10
118.4528966
 20
131.58360317546504
 10
118.4942666
 20
131.68831097546507
 10
118.53491380000001
 20
131.79330157546505
 10
118.57483260000001
 20
131.89857137546505
 10
118.61401760000001
 20
132.00411637546506
 10
118.65246380000002
 20
132.10993277546507
 10
118.6901656
 20
132.21601657546506
 10
118.7271178
 20
132.32236397546507
 10
118.763315
 20
132.42897057546506
 10
118.7987516
 20
132.53583237546505
 10
118.8334226
 20
132.64294517546506
 10
118.8673224
 20
132.75030437546505
 10
118.90044600000002
 20
132.85790577546504
 10
118.93278900000001
 20
132.96574437546505
 10
118.9643484
 20
133.07381477546505
 10
118.99512200000001
 20
133.18211157546506
 10
119.0251068
 20
133.29062937546507
 10
119.05430040000002
 20
133.39936277546505
 10
119.08269940000001
 20
133.50830637546505
 10
119.11030120000001
 20
133.61745457546505
 10
119.13710260000002
 20
133.72680217546505
 10
119.1631002
 20
133.83634377546505
 10
119.18829060000002
 20
133.94607357546505
 10
119.21267080000001
 20
134.05598637546507
 10
119.23623700000002
 20
134.16607657546507
 10
119.2589854
 20
134.27633857546505
 10
119.2809124
 20
134.38676697546506
 10
119.3020142
 20
134.49735597546504
 10
119.32228660000001
 20
134.60809997546505
 10
119.3417258
 20
134.71899337546506
 10
119.36032740000002
 20
134.83003017546505
 10
119.37808720000001
 20
134.94120477546505
 10
119.3950006
 20
135.05251137546506
 10
119.4110636
 20
135.16394377546504
 10
119.4262722
 20
135.27549597546505
 10
119.44062240000001
 20
135.38716197546506
 10
119.45411140000002
 20
135.49893517546505
 10
119.46673580000001
 20
135.61080937546507
 10
119.47849340000002
 20
135.72277797546505
 10
119.489382
 20
135.83483437546505
 10
119.49940000000001
 20
135.94697197546506
 10
119.50854560000002
 20
136.05918417546505
 10
119.516818
 20
136.17146397546506
 10
119.52421660000002
 20
136.28380477546506
 10
119.53074120000001
 20
136.39619977546505
 10
119.53639180000002
 20
136.50864217546507
 10
119.54116900000001
 20
136.62112497546505
 10
119.54507380000001
 20
136.73364137546506
 10
119.54810760000001
 20
136.84618477546505
 10
119.5502716
 20
136.95874817546505
 10
119.55156840000001
 20
137.07132497546507
 10
119.55200000000002
 20
137.18390837546505
 97
0
 75
1
 76
1
 98
0
  0
HATCH
  5
117
330
17
100
AcDbEntity
  8
05-RAYADO
 62
7
100
AcDbHatch
 10
0.0
 20
0.0
 30
0.0
210
0.0
220
0.0
230
1.0
  2
ANSI31
 70
0
 71
0
 91
1
 92
3
 72
0
 73
1
 93
6
 10
77.97200000000001
 20
291.5305039754651
 10
77.19000000000001
 20
291.5305039754651
 10
77.19000000000001
 20
292.37609157546507
 10
76.39200000000001
 20
292.37609157546507
 10
76.39200000000001
 20
299.77609157546505
 10
77.97200000000001
 20
299.77609157546505
 97
0
 75
1
 76
1
 52
0.0
 41
0.6299212598425197
 77
0
 78
1
 53
45.0
 43
0.0
 44
0.0
 45
-1.4142135624
 46
1.4142135624
 79
0
 98
0
  0
HATCH
  5
118
330
17
100
AcDbEntity
  8
05-RAYADO
 62
7
100
AcDbHatch
 10
0.0
 20
0.0
 30
0.0
210
0.0
220
0.0
230
1.0
  2
ANSI31
 70
0
 71
0
 91
1
 92
3
 72
0
 73
1
 93
6
 10
93.992
 20
292.37609157546507
 10
93.194
 20
292.37609157546507
 10
93.194
 20
291.5305039754651
 10
92.412
 20
291.5305039754651
 10
92.412
 20
299.77609157546505
 10
93.992
 20
299.77609157546505
 97
0
 75
1
 76
1
 52
0.0
 41
0.6299212598425197
 77
0
 78
1
 53
45.0
 43
0.0
 44
0.0
 45
-1.4142135624
 46
1.4142135624
 79
0
 98
0
  0
HATCH
  5
119
330
17
100
AcDbEntity
  8
05-RAYADO
 62
7
100
AcDbHatch
 10
0.0
 20
0.0
 30
0.0
210
0.0
220
0.0
230
1.0
  2
SOLID
 70
1
 71
0
 91
1
 92
3
 72
0
 73
1
 93
80
 10
50.00000000000001
 20
270.02390837546506
 10
50.00157840000001
 20
270.0640793754651
 10
50.0063036
 20
270.10400277546506
 10
50.01414660000001
 20
270.14343237546507
 10
50.025059000000006
 20
270.18212517546505
 10
50.038973600000006
 20
270.2198423754651
 10
50.0558046
 20
270.25635157546503
 10
50.075448200000004
 20
270.29142757546504
 10
50.09778320000001
 20
270.32485437546507
 10
50.122672200000004
 20
270.3564257754651
 10
50.1499614
 20
270.38594697546506
 10
50.17948260000001
 20
270.41323617546504
 10
50.211054000000004
 20
270.4381251754651
 10
50.244480800000005
 20
270.4604601754651
 10
50.2795568
 20
270.48010377546507
 10
50.316066000000006
 20
270.4969347754651
 10
50.35378320000001
 20
270.51084937546506
 10
50.392476
 20
270.52176177546505
 10
50.4319056
 20
270.5296047754651
 10
50.47182900000001
 20
270.5343299754651
 10
50.51200000000001
 20
270.53590837546506
 10
50.55217100000001
 20
270.5343299754651
 10
50.59209440000001
 20
270.5296047754651
 10
50.631524000000006
 20
270.52176177546505
 10
50.670216800000006
 20
270.51084937546506
 10
50.707934
 20
270.4969347754651
 10
50.744443200000006
 20
270.48010377546507
 10
50.77951920000001
 20
270.4604601754651
 10
50.812946000000004
 20
270.4381251754651
 10
50.84451740000001
 20
270.41323617546504
 10
50.874038600000006
 20
270.38594697546506
 10
50.901327800000004
 20
270.3564257754651
 10
50.926216800000006
 20
270.32485437546507
 10
50.948551800000004
 20
270.29142757546504
 10
50.968195400000006
 20
270.25635157546503
 10
50.98502640000001
 20
270.2198423754651
 10
50.99894100000001
 20
270.18212517546505
 10
51.009853400000004
 20
270.14343237546507
 10
51.017696400000005
 20
270.10400277546506
 10
51.02242160000001
 20
270.0640793754651
 10
51.02400000000001
 20
270.02390837546506
 10
51.02242160000001
 20
269.98373737546507
 10
51.017696400000005
 20
269.94381397546505
 10
51.009853400000004
 20
269.90438437546504
 10
50.99894100000001
 20
269.86569157546506
 10
50.98502640000001
 20
269.82797437546503
 10
50.968195400000006
 20
269.7914651754651
 10
50.948551800000004
 20
269.7563891754651
 10
50.926216800000006
 20
269.72296237546504
 10
50.901327800000004
 20
269.6913909754651
 10
50.874038600000006
 20
269.66186977546505
 10
50.84451740000001
 20
269.63458057546507
 10
50.812946000000004
 20
269.60969157546504
 10
50.77951920000001
 20
269.58735657546504
 10
50.744443200000006
 20
269.56771297546504
 10
50.707934
 20
269.5508819754651
 10
50.670216800000006
 20
269.53696737546505
 10
50.631524000000006
 20
269.52605497546506
 10
50.59209440000001
 20
269.5182119754651
 10
50.55217100000001
 20
269.5134867754651
 10
50.51200000000001
 20
269.51190837546505
 10
50.47182900000001
 20
269.5134867754651
 10
50.4319056
 20
269.5182119754651
 10
50.392476
 20
269.52605497546506
 10
50.35378320000001
 20
269.53696737546505
 10
50.316066000000006
 20
269.5508819754651
 10
50.2795568
 20
269.56771297546504
 10
50.244480800000005
 20
269.58735657546504
 10
50.211054000000004
 20
269.60969157546504
 10
50.17948260000001
 20
269.63458057546507
 10
50.1499614
 20
269.66186977546505
 10
50.122672200000004
 20
269.6913909754651
 10
50.09778320000001
 20
269.72296237546504
 10
50.075448200000004
 20
269.7563891754651
 10
50.0558046
 20
269.7914651754651
 10
50.038973600000006
 20
269.82797437546503
 10
50.025059000000006
 20
269.86569157546506
 10
50.01414660000001
 20
269.90438437546504
 10
50.0063036
 20
269.94381397546505
 10
50.00157840000001
 20
269.98373737546507
 97
0
 75
1
 76
1
 98
0
  0
HATCH
  5
11A
330
17
100
AcDbEntity
  8
05-RAYADO
 62
7
100
AcDbHatch
 10
0.0
 20
0.0
 30
0.0
210
0.0
220
0.0
230
1.0
  2
SOLID
 70
1
 71
0
 91
1
 92
3
 72
0
 73
1
 93
80
 10
120.38400000000001
 20
270.02390837546506
 10
120.38242160000001
 20
269.98373737546507
 10
120.37769640000002
 20
269.94381397546505
 10
120.36985340000001
 20
269.90438437546504
 10
120.35894100000002
 20
269.86569157546506
 10
120.34502640000001
 20
269.82797437546503
 10
120.32819540000001
 20
269.7914651754651
 10
120.3085518
 20
269.7563891754651
 10
120.2862168
 20
269.72296237546504
 10
120.2613278
 20
269.6913909754651
 10
120.23403860000002
 20
269.66186977546505
 10
120.20451740000001
 20
269.63458057546507
 10
120.17294600000001
 20
269.60969157546504
 10
120.13951920000001
 20
269.58735657546504
 10
120.10444320000002
 20
269.56771297546504
 10
120.06793400000001
 20
269.5508819754651
 10
120.0302168
 20
269.53696737546505
 10
119.99152400000001
 20
269.52605497546506
 10
119.95209440000002
 20
269.5182119754651
 10
119.912171
 20
269.5134867754651
 10
119.87200000000001
 20
269.51190837546505
 10
119.831829
 20
269.5134867754651
 10
119.7919056
 20
269.5182119754651
 10
119.752476
 20
269.52605497546506
 10
119.71378320000001
 20
269.53696737546505
 10
119.67606600000002
 20
269.5508819754651
 10
119.63955680000001
 20
269.56771297546504
 10
119.6044808
 20
269.58735657546504
 10
119.571054
 20
269.60969157546504
 10
119.53948260000001
 20
269.63458057546507
 10
119.50996140000001
 20
269.66186977546505
 10
119.48267220000001
 20
269.6913909754651
 10
119.45778320000001
 20
269.72296237546504
 10
119.43544820000001
 20
269.7563891754651
 10
119.4158046
 20
269.7914651754651
 10
119.3989736
 20
269.82797437546503
 10
119.38505900000001
 20
269.86569157546506
 10
119.37414660000002
 20
269.90438437546504
 10
119.36630360000001
 20
269.94381397546505
 10
119.36157840000001
 20
269.98373737546507
 10
119.36000000000001
 20
270.02390837546506
 10
119.36157840000001
 20
270.0640793754651
 10
119.36630360000001
 20
270.10400277546506
 10
119.37414660000002
 20
270.14343237546507
 10
119.38505900000001
 20
270.18212517546505
 10
119.3989736
 20
270.2198423754651
 10
119.4158046
 20
270.25635157546503
 10
119.43544820000001
 20
270.29142757546504
 10
119.45778320000001
 20
270.32485437546507
 10
119.48267220000001
 20
270.3564257754651
 10
119.50996140000001
 20
270.38594697546506
 10
119.53948260000001
 20
270.41323617546504
 10
119.571054
 20
270.4381251754651
 10
119.6044808
 20
270.4604601754651
 10
119.63955680000001
 20
270.48010377546507
 10
119.67606600000002
 20
270.4969347754651
 10
119.71378320000001
 20
270.51084937546506
 10
119.752476
 20
270.52176177546505
 10
119.7919056
 20
270.5296047754651
 10
119.831829
 20
270.5343299754651
 10
119.87200000000001
 20
270.53590837546506
 10
119.912171
 20
270.5343299754651
 10
119.95209440000002
 20
270.5296047754651
 10
119.99152400000001
 20
270.52176177546505
 10
120.0302168
 20
270.51084937546506
 10
120.06793400000001
 20
270.4969347754651
 10
120.10444320000002
 20
270.48010377546507
 10
120.13951920000001
 20
270.4604601754651
 10
120.17294600000001
 20
270.4381251754651
 10
120.20451740000001
 20
270.41323617546504
 10
120.23403860000002
 20
270.38594697546506
 10
120.2613278
 20
270.3564257754651
 10
120.2862168
 20
270.32485437546507
 10
120.3085518
 20
270.29142757546504
 10
120.32819540000001
 20
270.25635157546503
 10
120.34502640000001
 20
270.2198423754651
 10
120.35894100000002
 20
270.18212517546505
 10
120.36985340000001
 20
270.14343237546507
 10
120.37769640000002
 20
270.10400277546506
 10
120.38242160000001
 20
270.0640793754651
 97
0
 75
1
 76
1
 98
0
  0
HATCH
  5
11B
330
17
100
AcDbEntity
  8
05-RAYADO
 62
7
100
AcDbHatch
 10
0.0
 20
0.0
 30
0.0
210
0.0
220
0.0
230
1.0
  2
SOLID
 70
1
 71
0
 91
1
 92
3
 72
0
 73
1
 93
80
 10
50.00000000000001
 20
137.18390837546505
 10
50.00157840000001
 20
137.22407937546507
 10
50.0063036
 20
137.26400277546506
 10
50.01414660000001
 20
137.30343237546506
 10
50.025059000000006
 20
137.34212517546507
 10
50.038973600000006
 20
137.37984237546505
 10
50.0558046
 20
137.41635157546506
 10
50.075448200000004
 20
137.45142757546506
 10
50.09778320000001
 20
137.48485437546506
 10
50.122672200000004
 20
137.51642577546505
 10
50.1499614
 20
137.54594697546506
 10
50.17948260000001
 20
137.57323617546507
 10
50.211054000000004
 20
137.59812517546504
 10
50.244480800000005
 20
137.62046017546504
 10
50.2795568
 20
137.64010377546506
 10
50.316066000000006
 20
137.65693477546506
 10
50.35378320000001
 20
137.67084937546505
 10
50.392476
 20
137.68176177546505
 10
50.4319056
 20
137.68960477546506
 10
50.47182900000001
 20
137.69432997546505
 10
50.51200000000001
 20
137.69590837546505
 10
50.55217100000001
 20
137.69432997546505
 10
50.59209440000001
 20
137.68960477546506
 10
50.631524000000006
 20
137.68176177546505
 10
50.670216800000006
 20
137.67084937546505
 10
50.707934
 20
137.65693477546506
 10
50.744443200000006
 20
137.64010377546506
 10
50.77951920000001
 20
137.62046017546504
 10
50.812946000000004
 20
137.59812517546504
 10
50.84451740000001
 20
137.57323617546507
 10
50.874038600000006
 20
137.54594697546506
 10
50.901327800000004
 20
137.51642577546505
 10
50.926216800000006
 20
137.48485437546506
 10
50.948551800000004
 20
137.45142757546506
 10
50.968195400000006
 20
137.41635157546506
 10
50.98502640000001
 20
137.37984237546505
 10
50.99894100000001
 20
137.34212517546507
 10
51.009853400000004
 20
137.30343237546506
 10
51.017696400000005
 20
137.26400277546506
 10
51.02242160000001
 20
137.22407937546507
 10
51.02400000000001
 20
137.18390837546505
 10
51.02242160000001
 20
137.14373737546507
 10
51.017696400000005
 20
137.10381397546507
 10
51.009853400000004
 20
137.06438437546507
 10
50.99894100000001
 20
137.02569157546506
 10
50.98502640000001
 20
136.98797437546506
 10
50.968195400000006
 20
136.95146517546505
 10
50.948551800000004
 20
136.91638917546504
 10
50.926216800000006
 20
136.88296237546507
 10
50.901327800000004
 20
136.85139097546505
 10
50.874038600000006
 20
136.82186977546507
 10
50.84451740000001
 20
136.79458057546506
 10
50.812946000000004
 20
136.76969157546506
 10
50.77951920000001
 20
136.74735657546506
 10
50.744443200000006
 20
136.72771297546507
 10
50.707934
 20
136.71088197546504
 10
50.670216800000006
 20
136.69696737546505
 10
50.631524000000006
 20
136.68605497546505
 10
50.59209440000001
 20
136.67821197546505
 10
50.55217100000001
 20
136.67348677546505
 10
50.51200000000001
 20
136.67190837546505
 10
50.47182900000001
 20
136.67348677546505
 10
50.4319056
 20
136.67821197546505
 10
50.392476
 20
136.68605497546505
 10
50.35378320000001
 20
136.69696737546505
 10
50.316066000000006
 20
136.71088197546504
 10
50.2795568
 20
136.72771297546507
 10
50.244480800000005
 20
136.74735657546506
 10
50.211054000000004
 20
136.76969157546506
 10
50.17948260000001
 20
136.79458057546506
 10
50.1499614
 20
136.82186977546507
 10
50.122672200000004
 20
136.85139097546505
 10
50.09778320000001
 20
136.88296237546507
 10
50.075448200000004
 20
136.91638917546504
 10
50.0558046
 20
136.95146517546505
 10
50.038973600000006
 20
136.98797437546506
 10
50.025059000000006
 20
137.02569157546506
 10
50.01414660000001
 20
137.06438437546507
 10
50.0063036
 20
137.10381397546507
 10
50.00157840000001
 20
137.14373737546507
 97
0
 75
1
 76
1
 98
0
  0
HATCH
  5
11C
330
17
100
AcDbEntity
  8
05-RAYADO
 62
7
100
AcDbHatch
 10
0.0
 20
0.0
 30
0.0
210
0.0
220
0.0
230
1.0
  2
SOLID
 70
1
 71
0
 91
1
 92
3
 72
0
 73
1
 93
80
 10
120.38400000000001
 20
137.18390837546505
 10
120.38242160000001
 20
137.14373737546507
 10
120.37769640000002
 20
137.10381397546507
 10
120.36985340000001
 20
137.06438437546507
 10
120.35894100000002
 20
137.02569157546506
 10
120.34502640000001
 20
136.98797437546506
 10
120.32819540000001
 20
136.95146517546505
 10
120.3085518
 20
136.91638917546504
 10
120.2862168
 20
136.88296237546507
 10
120.2613278
 20
136.85139097546505
 10
120.23403860000002
 20
136.82186977546507
 10
120.20451740000001
 20
136.79458057546506
 10
120.17294600000001
 20
136.76969157546506
 10
120.13951920000001
 20
136.74735657546506
 10
120.10444320000002
 20
136.72771297546507
 10
120.06793400000001
 20
136.71088197546504
 10
120.0302168
 20
136.69696737546505
 10
119.99152400000001
 20
136.68605497546505
 10
119.95209440000002
 20
136.67821197546505
 10
119.912171
 20
136.67348677546505
 10
119.87200000000001
 20
136.67190837546505
 10
119.831829
 20
136.67348677546505
 10
119.7919056
 20
136.67821197546505
 10
119.752476
 20
136.68605497546505
 10
119.71378320000001
 20
136.69696737546505
 10
119.67606600000002
 20
136.71088197546504
 10
119.63955680000001
 20
136.72771297546507
 10
119.6044808
 20
136.74735657546506
 10
119.571054
 20
136.76969157546506
 10
119.53948260000001
 20
136.79458057546506
 10
119.50996140000001
 20
136.82186977546507
 10
119.48267220000001
 20
136.85139097546505
 10
119.45778320000001
 20
136.88296237546507
 10
119.43544820000001
 20
136.91638917546504
 10
119.4158046
 20
136.95146517546505
 10
119.3989736
 20
136.98797437546506
 10
119.38505900000001
 20
137.02569157546506
 10
119.37414660000002
 20
137.06438437546507
 10
119.36630360000001
 20
137.10381397546507
 10
119.36157840000001
 20
137.14373737546507
 10
119.36000000000001
 20
137.18390837546505
 10
119.36157840000001
 20
137.22407937546507
 10
119.36630360000001
 20
137.26400277546506
 10
119.37414660000002
 20
137.30343237546506
 10
119.38505900000001
 20
137.34212517546507
 10
119.3989736
 20
137.37984237546505
 10
119.4158046
 20
137.41635157546506
 10
119.43544820000001
 20
137.45142757546506
 10
119.45778320000001
 20
137.48485437546506
 10
119.48267220000001
 20
137.51642577546505
 10
119.50996140000001
 20
137.54594697546506
 10
119.53948260000001
 20
137.57323617546507
 10
119.571054
 20
137.59812517546504
 10
119.6044808
 20
137.62046017546504
 10
119.63955680000001
 20
137.64010377546506
 10
119.67606600000002
 20
137.65693477546506
 10
119.71378320000001
 20
137.67084937546505
 10
119.752476
 20
137.68176177546505
 10
119.7919056
 20
137.68960477546506
 10
119.831829
 20
137.69432997546505
 10
119.87200000000001
 20
137.69590837546505
 10
119.912171
 20
137.69432997546505
 10
119.95209440000002
 20
137.68960477546506
 10
119.99152400000001
 20
137.68176177546505
 10
120.0302168
 20
137.67084937546505
 10
120.06793400000001
 20
137.65693477546506
 10
120.10444320000002
 20
137.64010377546506
 10
120.13951920000001
 20
137.62046017546504
 10
120.17294600000001
 20
137.59812517546504
 10
120.20451740000001
 20
137.57323617546507
 10
120.23403860000002
 20
137.54594697546506
 10
120.2613278
 20
137.51642577546505
 10
120.2862168
 20
137.48485437546506
 10
120.3085518
 20
137.45142757546506
 10
120.32819540000001
 20
137.41635157546506
 10
120.34502640000001
 20
137.37984237546505
 10
120.35894100000002
 20
137.34212517546507
 10
120.36985340000001
 20
137.30343237546506
 10
120.37769640000002
 20
137.26400277546506
 10
120.38242160000001
 20
137.22407937546507
 97
0
 75
1
 76
1
 98
0
  0
HATCH
  5
11D
330
17
100
AcDbEntity
  8
05-RAYADO
 62
7
100
AcDbHatch
 10
0.0
 20
0.0
 30
0.0
210
0.0
220
0.0
230
1.0
  2
SOLID
 70
1
 71
0
 91
1
 92
3
 72
0
 73
1
 93
80
 10
94.504
 20
292.37609157546507
 10
94.5024216
 20
292.3359205754651
 10
94.49769640000001
 20
292.29599717546506
 10
94.4898534
 20
292.25656757546506
 10
94.478941
 20
292.21787497546507
 10
94.46502640000001
 20
292.1801577754651
 10
94.4481954
 20
292.1436485754651
 10
94.42855180000001
 20
292.1085723754651
 10
94.40621680000001
 20
292.07514557546506
 10
94.38132780000001
 20
292.0435741754651
 10
94.35403860000001
 20
292.01405297546506
 10
94.3245174
 20
291.9867637754651
 10
94.292946
 20
291.9618749754651
 10
94.2595192
 20
291.93953977546505
 10
94.22444320000001
 20
291.9198963754651
 10
94.18793400000001
 20
291.9030653754651
 10
94.15021680000001
 20
291.88915077546505
 10
94.111524
 20
291.87823817546507
 10
94.07209440000001
 20
291.8703951754651
 10
94.032171
 20
291.86566997546504
 10
93.992
 20
291.86409157546507
 10
93.951829
 20
291.86566997546504
 10
93.91190560000001
 20
291.8703951754651
 10
93.872476
 20
291.87823817546507
 10
93.83378320000001
 20
291.88915077546505
 10
93.79606600000001
 20
291.9030653754651
 10
93.75955680000001
 20
291.9198963754651
 10
93.72448080000001
 20
291.93953977546505
 10
93.69105400000001
 20
291.9618749754651
 10
93.6594826
 20
291.9867637754651
 10
93.62996140000001
 20
292.01405297546506
 10
93.6026722
 20
292.0435741754651
 10
93.57778320000001
 20
292.07514557546506
 10
93.5554482
 20
292.1085723754651
 10
93.5358046
 20
292.1436485754651
 10
93.51897360000001
 20
292.1801577754651
 10
93.505059
 20
292.21787497546507
 10
93.49414660000001
 20
292.25656757546506
 10
93.48630360000001
 20
292.29599717546506
 10
93.4815784
 20
292.3359205754651
 10
93.48
 20
292.37609157546507
 10
93.4815784
 20
292.41626277546504
 10
93.48630360000001
 20
292.4561859754651
 10
93.49414660000001
 20
292.4956155754651
 10
93.505059
 20
292.53430837546506
 10
93.51897360000001
 20
292.5720255754651
 10
93.5358046
 20
292.60853477546505
 10
93.5554482
 20
292.6436109754651
 10
93.57778320000001
 20
292.6770375754651
 10
93.6026722
 20
292.70860897546504
 10
93.62996140000001
 20
292.73813037546506
 10
93.6594826
 20
292.76541957546505
 10
93.69105400000001
 20
292.7903083754651
 10
93.72448080000001
 20
292.8126433754651
 10
93.75955680000001
 20
292.8322869754651
 10
93.79606600000001
 20
292.84911797546505
 10
93.83378320000001
 20
292.86303257546507
 10
93.872476
 20
292.87394497546506
 10
93.91190560000001
 20
292.88178797546504
 10
93.951829
 20
292.8865133754651
 10
93.992
 20
292.88809157546507
 10
94.032171
 20
292.8865133754651
 10
94.07209440000001
 20
292.88178797546504
 10
94.111524
 20
292.87394497546506
 10
94.15021680000001
 20
292.86303257546507
 10
94.18793400000001
 20
292.84911797546505
 10
94.22444320000001
 20
292.8322869754651
 10
94.2595192
 20
292.8126433754651
 10
94.292946
 20
292.7903083754651
 10
94.3245174
 20
292.76541957546505
 10
94.35403860000001
 20
292.73813037546506
 10
94.38132780000001
 20
292.70860897546504
 10
94.40621680000001
 20
292.6770375754651
 10
94.42855180000001
 20
292.6436109754651
 10
94.4481954
 20
292.60853477546505
 10
94.46502640000001
 20
292.5720255754651
 10
94.478941
 20
292.53430837546506
 10
94.4898534
 20
292.4956155754651
 10
94.49769640000001
 20
292.4561859754651
 10
94.5024216
 20
292.41626277546504
 97
0
 75
1
 76
1
 98
0
  0
HATCH
  5
11E
330
17
100
AcDbEntity
  8
05-RAYADO
 62
7
100
AcDbHatch
 10
0.0
 20
0.0
 30
0.0
210
0.0
220
0.0
230
1.0
  2
SOLID
 70
1
 71
0
 91
1
 92
3
 72
0
 73
1
 93
80
 10
75.88000000000001
 20
292.37609157546507
 10
75.88157840000001
 20
292.41626277546504
 10
75.8863036
 20
292.4561859754651
 10
75.89414660000001
 20
292.4956155754651
 10
75.90505900000001
 20
292.53430837546506
 10
75.9189736
 20
292.5720255754651
 10
75.93580460000001
 20
292.60853477546505
 10
75.9554482
 20
292.6436109754651
 10
75.9777832
 20
292.6770375754651
 10
76.0026722
 20
292.70860897546504
 10
76.0299614
 20
292.73813037546506
 10
76.05948260000001
 20
292.76541957546505
 10
76.09105400000001
 20
292.7903083754651
 10
76.12448080000001
 20
292.8126433754651
 10
76.1595568
 20
292.8322869754651
 10
76.196066
 20
292.84911797546505
 10
76.2337832
 20
292.86303257546507
 10
76.27247600000001
 20
292.87394497546506
 10
76.3119056
 20
292.88178797546504
 10
76.35182900000001
 20
292.8865133754651
 10
76.39200000000001
 20
292.88809157546507
 10
76.43217100000001
 20
292.8865133754651
 10
76.4720944
 20
292.88178797546504
 10
76.51152400000001
 20
292.87394497546506
 10
76.5502168
 20
292.86303257546507
 10
76.587934
 20
292.84911797546505
 10
76.6244432
 20
292.8322869754651
 10
76.6595192
 20
292.8126433754651
 10
76.692946
 20
292.7903083754651
 10
76.72451740000001
 20
292.76541957546505
 10
76.7540386
 20
292.73813037546506
 10
76.78132780000001
 20
292.70860897546504
 10
76.8062168
 20
292.6770375754651
 10
76.82855180000001
 20
292.6436109754651
 10
76.84819540000001
 20
292.60853477546505
 10
76.8650264
 20
292.5720255754651
 10
76.87894100000001
 20
292.53430837546506
 10
76.8898534
 20
292.4956155754651
 10
76.8976964
 20
292.4561859754651
 10
76.90242160000001
 20
292.41626277546504
 10
76.90400000000001
 20
292.37609157546507
 10
76.90242160000001
 20
292.3359205754651
 10
76.8976964
 20
292.29599717546506
 10
76.8898534
 20
292.25656757546506
 10
76.87894100000001
 20
292.21787497546507
 10
76.8650264
 20
292.1801577754651
 10
76.84819540000001
 20
292.1436485754651
 10
76.82855180000001
 20
292.1085723754651
 10
76.8062168
 20
292.07514557546506
 10
76.78132780000001
 20
292.0435741754651
 10
76.7540386
 20
292.01405297546506
 10
76.72451740000001
 20
291.9867637754651
 10
76.692946
 20
291.9618749754651
 10
76.6595192
 20
291.93953977546505
 10
76.6244432
 20
291.9198963754651
 10
76.587934
 20
291.9030653754651
 10
76.5502168
 20
291.88915077546505
 10
76.51152400000001
 20
291.87823817546507
 10
76.4720944
 20
291.8703951754651
 10
76.43217100000001
 20
291.86566997546504
 10
76.39200000000001
 20
291.86409157546507
 10
76.35182900000001
 20
291.86566997546504
 10
76.3119056
 20
291.8703951754651
 10
76.27247600000001
 20
291.87823817546507
 10
76.2337832
 20
291.88915077546505
 10
76.196066
 20
291.9030653754651
 10
76.1595568
 20
291.9198963754651
 10
76.12448080000001
 20
291.93953977546505
 10
76.09105400000001
 20
291.9618749754651
 10
76.05948260000001
 20
291.9867637754651
 10
76.0299614
 20
292.01405297546506
 10
76.0026722
 20
292.0435741754651
 10
75.9777832
 20
292.07514557546506
 10
75.9554482
 20
292.1085723754651
 10
75.93580460000001
 20
292.1436485754651
 10
75.9189736
 20
292.1801577754651
 10
75.90505900000001
 20
292.21787497546507
 10
75.89414660000001
 20
292.25656757546506
 10
75.8863036
 20
292.29599717546506
 10
75.88157840000001
 20
292.3359205754651
 97
0
 75
1
 76
1
 98
0
  0
HATCH
  5
11F
330
17
100
AcDbEntity
  8
05-RAYADO
 62
7
100
AcDbHatch
 10
0.0
 20
0.0
 30
0.0
210
0.0
220
0.0
230
1.0
  2
SOLID
 70
1
 71
0
 91
1
 92
3
 72
0
 73
1
 93
4
 10
83.292
 20
119.86390837546506
 10
82.792
 20
119.86390837546506
 10
82.792
 20
296.5360915754651
 10
83.292
 20
296.5360915754651
 97
0
 75
1
 76
1
 98
0
  0
HATCH
  5
120
330
17
100
AcDbEntity
  8
05-RAYADO
 62
7
100
AcDbHatch
 10
0.0
 20
0.0
 30
0.0
210
0.0
220
0.0
230
1.0
  2
SOLID
 70
1
 71
0
 91
1
 92
3
 72
0
 73
1
 93
4
 10
87.09200000000001
 20
296.5360915754651
 10
87.59200000000001
 20
296.5360915754651
 10
87.59200000000001
 20
119.86390837546506
 10
87.09200000000001
 20
119.86390837546506
 97
0
 75
1
 76
1
 98
0
  0
LINE
  5
121
330
17
100
AcDbEntity
  8
03-EJE
100
AcDbLine
 10
85.19200000000001
 20
109.22390837546506
 30
0.0
 11
85.19200000000001
 21
304.77609162453496
 31
0.0
  0
TEXT
  5
122
330
17
100
AcDbEntity
  8
06-TEXTO
100
AcDbText
 10
85.19200000000001
 20
319.77609162453496
 30
0.0
 40
7.0
  1
A-A (1:5)
  7
ISO3098
 72
1
 11
85.19200000000001
 21
319.77609162453496
 31
0.0
100
AcDbText
 73
2
  0
DIMENSION
  5
123
330
17
100
AcDbEntity
  8
04-COTA
100
AcDbDimension
280
0
  2
*D1
  3
FLAMA-ISO
 10
50.19200000000001
 20
105.22390837546506
 30
0.0
 11
85.19200000000001
 21
107.97390837546506
 31
0.0
 70
32
 71
5
  1
<>
100
AcDbAlignedDimension
 13
50.19200000000001
 23
114.22390837546506
 33
0.0
 14
120.19200000000001
 24
114.22390837546506
 34
0.0
 50
0.0
100
AcDbRotatedDimension
1001
ACAD
1000
DSTYLE
1002
{
1070
144
1040
5.0
1070
3
1000
%%c<>
1002
}
  0
DIMENSION
  5
136
330
17
100
AcDbEntity
  8
04-COTA
100
AcDbDimension
280
0
  2
*D2
  3
FLAMA-ISO
 10
142.192
 20
114.22390837546506
 30
0.0
 11
139.442
 21
207.0
 31
0.0
 70
32
 71
5
  1
<>
100
AcDbAlignedDimension
 13
120.19200000000001
 23
114.22390837546506
 33
0.0
 14
93.992
 24
299.77609162453496
 34
0.0
 50
90.0
100
AcDbRotatedDimension
1001
ACAD
1000
DSTYLE
1002
{
1070
144
1040
5.0
1002
}
  0
DIMENSION
  5
145
330
17
100
AcDbEntity
  8
04-COTA
100
AcDbDimension
280
0
  2
*D3
  3
FLAMA-ISO
 10
131.192
 20
270.02390837546506
 30
0.0
 11
128.442
 21
284.9
 31
0.0
 70
32
 71
5
  1
<>
100
AcDbAlignedDimension
 13
120.19200000000001
 23
270.02390837546506
 33
0.0
 14
93.992
 24
299.77609162453496
 34
0.0
 50
90.0
100
AcDbRotatedDimension
1001
ACAD
1000
DSTYLE
1002
{
1070
144
1040
5.0
1002
}
  0
DIMENSION
  5
154
330
17
100
AcDbEntity
  8
04-COTA
100
AcDbDimension
280
0
  2
*D4
  3
FLAMA-ISO
 10
41.19200000000001
 20
114.22390837546506
 30
0.0
 11
38.44200000000001
 21
125.70390837546506
 31
0.0
 70
32
 71
5
  1
<>
100
AcDbAlignedDimension
 13
50.19200000000001
 23
114.22390837546506
 33
0.0
 14
50.19200000000001
 24
137.18390837546505
 34
0.0
 50
90.0
100
AcDbRotatedDimension
1001
ACAD
1000
DSTYLE
1002
{
1070
144
1040
5.0
1002
}
  0
DIMENSION
  5
163
330
17
100
AcDbEntity
  8
04-COTA
100
AcDbDimension
280
0
  2
*D5
  3
FLAMA-ISO
 10
76.39200000000001
 20
304.77609162453496
 30
0.0
 11
85.19200000000001
 21
307.52609162453496
 31
0.0
 70
32
 71
5
  1
<>
100
AcDbAlignedDimension
 13
76.39200000000001
 23
299.77609162453496
 33
0.0
 14
93.992
 24
299.77609162453496
 34
0.0
 50
0.0
100
AcDbRotatedDimension
1001
ACAD
1000
DSTYLE
1002
{
1070
144
1040
5.0
1070
3
1000
%%c<>
1002
}
  0
LWPOLYLINE
  5
172
330
17
100
AcDbEntity
  8
02-OCULTA
100
AcDbPolyline
 90
2
 70
0
 10
345.3541666666667
 20
302.90483580927884
 10
345.3541666666667
 20
286.5135597086976
  0
LWPOLYLINE
  5
173
330
17
100
AcDbEntity
  8
02-OCULTA
100
AcDbPolyline
 90
145
 70
0
 10
345.3541666666667
 20
302.90483580927884
 10
345.10347222222225
 20
302.90483580927884
 10
344.8527777777778
 20
302.90483580927884
 10
344.6020833333333
 20
302.90483580927884
 10
344.3513888888889
 20
302.90483580927884
 10
344.10069444444446
 20
302.90483580927884
 10
343.85
 20
302.90483580927884
 10
343.5993055555556
 20
302.90483580927884
 10
343.34861111111115
 20
302.90483580927884
 10
343.09791666666666
 20
302.90483580927884
 10
342.84722222222223
 20
302.90483580927884
 10
342.5965277777778
 20
302.90483580927884
 10
342.34583333333336
 20
302.90483580927884
 10
342.0951388888889
 20
302.90483580927884
 10
341.8444444444445
 20
302.90483580927884
 10
341.59375
 20
302.90483580927884
 10
341.34305555555557
 20
302.90483580927884
 10
341.09236111111113
 20
302.90483580927884
 10
340.8416666666667
 20
302.90483580927884
 10
340.59097222222226
 20
302.90483580927884
 10
340.34027777777777
 20
302.90483580927884
 10
340.08958333333334
 20
302.90483580927884
 10
339.8388888888889
 20
302.90483580927884
 10
339.58819444444447
 20
302.90483580927884
 10
339.33750000000003
 20
302.90483580927884
 10
339.0868055555556
 20
302.90483580927884
 10
338.8361111111111
 20
302.90483580927884
 10
338.5854166666667
 20
302.90483580927884
 10
338.33472222222224
 20
302.90483580927884
 10
338.0840277777778
 20
302.90483580927884
 10
337.83333333333337
 20
302.90483580927884
 10
337.58263888888894
 20
302.90483580927884
 10
337.33194444444445
 20
302.90483580927884
 10
337.08125
 20
302.90483580927884
 10
336.8305555555556
 20
302.90483580927884
 10
336.57986111111114
 20
302.90483580927884
 10
336.3291666666667
 20
302.90483580927884
 10
336.0784722222222
 20
302.90483580927884
 10
335.8277777777778
 20
302.90483580927884
 10
335.57708333333335
 20
302.90483580927884
 10
335.3263888888889
 20
302.90483580927884
 10
335.0756944444445
 20
302.90483580927884
 10
334.82500000000005
 20
302.90483580927884
 10
334.57430555555555
 20
302.90483580927884
 10
334.3236111111111
 20
302.90483580927884
 10
334.0729166666667
 20
302.90483580927884
 10
333.82222222222225
 20
302.90483580927884
 10
333.5715277777778
 20
302.90483580927884
 10
333.3208333333333
 20
302.90483580927884
 10
333.0701388888889
 20
302.90483580927884
 10
332.81944444444446
 20
302.90483580927884
 10
332.56875
 20
302.90483580927884
 10
332.3180555555556
 20
302.90483580927884
 10
332.06736111111115
 20
302.90483580927884
 10
331.81666666666666
 20
302.90483580927884
 10
331.56597222222223
 20
302.90483580927884
 10
331.3152777777778
 20
302.90483580927884
 10
331.06458333333336
 20
302.90483580927884
 10
330.8138888888889
 20
302.90483580927884
 10
330.5631944444445
 20
302.90483580927884
 10
330.3125
 20
302.90483580927884
 10
330.06180555555557
 20
302.90483580927884
 10
329.81111111111113
 20
302.90483580927884
 10
329.5604166666667
 20
302.90483580927884
 10
329.30972222222226
 20
302.90483580927884
 10
329.0590277777778
 20
302.90483580927884
 10
328.80833333333334
 20
302.90483580927884
 10
328.5576388888889
 20
302.90483580927884
 10
328.30694444444447
 20
302.90483580927884
 10
328.05625000000003
 20
302.90483580927884
 10
327.8055555555556
 20
302.90483580927884
 10
327.5548611111111
 20
302.90483580927884
 10
327.3041666666667
 20
302.90483580927884
 10
327.05347222222224
 20
302.90483580927884
 10
326.8027777777778
 20
302.90483580927884
 10
326.55208333333337
 20
302.90483580927884
 10
326.3013888888889
 20
302.90483580927884
 10
326.05069444444445
 20
302.90483580927884
 10
325.8
 20
302.90483580927884
 10
325.5493055555556
 20
302.90483580927884
 10
325.29861111111114
 20
302.90483580927884
 10
325.0479166666667
 20
302.90483580927884
 10
324.7972222222222
 20
302.90483580927884
 10
324.5465277777778
 20
302.90483580927884
 10
324.29583333333335
 20
302.90483580927884
 10
324.0451388888889
 20
302.90483580927884
 10
323.7944444444445
 20
302.90483580927884
 10
323.54375
 20
302.90483580927884
 10
323.29305555555555
 20
302.90483580927884
 10
323.0423611111111
 20
302.90483580927884
 10
322.7916666666667
 20
302.90483580927884
 10
322.54097222222225
 20
302.90483580927884
 10
322.2902777777778
 20
302.90483580927884
 10
322.0395833333333
 20
302.90483580927884
 10
321.7888888888889
 20
302.90483580927884
 10
321.53819444444446
 20
302.90483580927884
 10
321.2875
 20
302.90483580927884
 10
321.0368055555556
 20
302.90483580927884
 10
320.78611111111115
 20
302.90483580927884
 10
320.53541666666666
 20
302.90483580927884
 10
320.28472222222223
 20
302.90483580927884
 10
320.0340277777778
 20
302.90483580927884
 10
319.78333333333336
 20
302.90483580927884
 10
319.5326388888889
 20
302.90483580927884
 10
319.28194444444443
 20
302.90483580927884
 10
319.03125
 20
302.90483580927884
 10
318.78055555555557
 20
302.90483580927884
 10
318.52986111111113
 20
302.90483580927884
 10
318.2791666666667
 20
302.90483580927884
 10
318.02847222222226
 20
302.90483580927884
 10
317.7777777777778
 20
302.90483580927884
 10
317.52708333333334
 20
302.90483580927884
 10
317.2763888888889
 20
302.90483580927884
 10
317.02569444444447
 20
302.90483580927884
 10
316.77500000000003
 20
302.90483580927884
 10
316.5243055555556
 20
302.90483580927884
 10
316.2736111111111
 20
302.90483580927884
 10
316.0229166666667
 20
302.90483580927884
 10
315.77222222222224
 20
302.90483580927884
 10
315.5215277777778
 20
302.90483580927884
 10
315.27083333333337
 20
302.90483580927884
 10
315.02013888888894
 20
302.90483580927884
 10
314.76944444444445
 20
302.90483580927884
 10
314.51875
 20
302.90483580927884
 10
314.2680555555556
 20
302.90483580927884
 10
314.01736111111114
 20
302.90483580927884
 10
313.7666666666667
 20
302.90483580927884
 10
313.5159722222222
 20
302.90483580927884
 10
313.2652777777778
 20
302.90483580927884
 10
313.01458333333335
 20
302.90483580927884
 10
312.7638888888889
 20
302.90483580927884
 10
312.5131944444445
 20
302.90483580927884
 10
312.26250000000005
 20
302.90483580927884
 10
312.01180555555555
 20
302.90483580927884
 10
311.7611111111111
 20
302.90483580927884
 10
311.5104166666667
 20
302.90483580927884
 10
311.25972222222225
 20
302.90483580927884
 10
311.0090277777778
 20
302.90483580927884
 10
310.7583333333333
 20
302.90483580927884
 10
310.5076388888889
 20
302.90483580927884
 10
310.25694444444446
 20
302.90483580927884
 10
310.00625
 20
302.90483580927884
 10
309.7555555555556
 20
302.90483580927884
 10
309.50486111111115
 20
302.90483580927884
 10
309.25416666666666
 20
302.90483580927884
  0
LWPOLYLINE
  5
174
330
17
100
AcDbEntity
  8
02-OCULTA
100
AcDbPolyline
 90
145
 70
0
 10
309.25416666666666
 20
302.90483580927884
 10
309.50486111111115
 20
302.90483580927884
 10
309.7555555555556
 20
302.90483580927884
 10
310.00625
 20
302.90483580927884
 10
310.25694444444446
 20
302.90483580927884
 10
310.5076388888889
 20
302.90483580927884
 10
310.7583333333333
 20
302.90483580927884
 10
311.0090277777778
 20
302.90483580927884
 10
311.25972222222225
 20
302.90483580927884
 10
311.5104166666667
 20
302.90483580927884
 10
311.7611111111111
 20
302.90483580927884
 10
312.01180555555555
 20
302.90483580927884
 10
312.26250000000005
 20
302.90483580927884
 10
312.5131944444445
 20
302.90483580927884
 10
312.7638888888889
 20
302.90483580927884
 10
313.01458333333335
 20
302.90483580927884
 10
313.2652777777778
 20
302.90483580927884
 10
313.5159722222222
 20
302.90483580927884
 10
313.7666666666667
 20
302.90483580927884
 10
314.01736111111114
 20
302.90483580927884
 10
314.2680555555556
 20
302.90483580927884
 10
314.51875
 20
302.90483580927884
 10
314.76944444444445
 20
302.90483580927884
 10
315.02013888888894
 20
302.90483580927884
 10
315.27083333333337
 20
302.90483580927884
 10
315.5215277777778
 20
302.90483580927884
 10
315.77222222222224
 20
302.90483580927884
 10
316.0229166666667
 20
302.90483580927884
 10
316.2736111111111
 20
302.90483580927884
 10
316.52430555555554
 20
302.90483580927884
 10
316.77500000000003
 20
302.90483580927884
 10
317.02569444444447
 20
302.90483580927884
 10
317.2763888888889
 20
302.90483580927884
 10
317.52708333333334
 20
302.90483580927884
 10
317.77777777777777
 20
302.90483580927884
 10
318.02847222222226
 20
302.90483580927884
 10
318.2791666666667
 20
302.90483580927884
 10
318.52986111111113
 20
302.90483580927884
 10
318.78055555555557
 20
302.90483580927884
 10
319.03125
 20
302.90483580927884
 10
319.2819444444445
 20
302.90483580927884
 10
319.5326388888889
 20
302.90483580927884
 10
319.78333333333336
 20
302.90483580927884
 10
320.0340277777778
 20
302.90483580927884
 10
320.28472222222223
 20
302.90483580927884
 10
320.53541666666666
 20
302.90483580927884
 10
320.7861111111111
 20
302.90483580927884
 10
321.0368055555556
 20
302.90483580927884
 10
321.2875
 20
302.90483580927884
 10
321.53819444444446
 20
302.90483580927884
 10
321.7888888888889
 20
302.90483580927884
 10
322.0395833333333
 20
302.90483580927884
 10
322.2902777777778
 20
302.90483580927884
 10
322.54097222222225
 20
302.90483580927884
 10
322.7916666666667
 20
302.90483580927884
 10
323.0423611111111
 20
302.90483580927884
 10
323.29305555555555
 20
302.90483580927884
 10
323.54375000000005
 20
302.90483580927884
 10
323.7944444444445
 20
302.90483580927884
 10
324.0451388888889
 20
302.90483580927884
 10
324.29583333333335
 20
302.90483580927884
 10
324.5465277777778
 20
302.90483580927884
 10
324.7972222222222
 20
302.90483580927884
 10
325.0479166666667
 20
302.90483580927884
 10
325.29861111111114
 20
302.90483580927884
 10
325.5493055555556
 20
302.90483580927884
 10
325.8
 20
302.90483580927884
 10
326.05069444444445
 20
302.90483580927884
 10
326.30138888888894
 20
302.90483580927884
 10
326.55208333333337
 20
302.90483580927884
 10
326.8027777777778
 20
302.90483580927884
 10
327.05347222222224
 20
302.90483580927884
 10
327.3041666666667
 20
302.90483580927884
 10
327.5548611111111
 20
302.90483580927884
 10
327.8055555555556
 20
302.90483580927884
 10
328.05625000000003
 20
302.90483580927884
 10
328.30694444444447
 20
302.90483580927884
 10
328.5576388888889
 20
302.90483580927884
 10
328.80833333333334
 20
302.90483580927884
 10
329.05902777777777
 20
302.90483580927884
 10
329.30972222222226
 20
302.90483580927884
 10
329.5604166666667
 20
302.90483580927884
 10
329.81111111111113
 20
302.90483580927884
 10
330.06180555555557
 20
302.90483580927884
 10
330.3125
 20
302.90483580927884
 10
330.5631944444445
 20
302.90483580927884
 10
330.8138888888889
 20
302.90483580927884
 10
331.06458333333336
 20
302.90483580927884
 10
331.3152777777778
 20
302.90483580927884
 10
331.56597222222223
 20
302.90483580927884
 10
331.81666666666666
 20
302.90483580927884
 10
332.06736111111115
 20
302.90483580927884
 10
332.3180555555556
 20
302.90483580927884
 10
332.56875
 20
302.90483580927884
 10
332.81944444444446
 20
302.90483580927884
 10
333.0701388888889
 20
302.90483580927884
 10
333.3208333333334
 20
302.90483580927884
 10
333.5715277777778
 20
302.90483580927884
 10
333.82222222222225
 20
302.90483580927884
 10
334.0729166666667
 20
302.90483580927884
 10
334.3236111111111
 20
302.90483580927884
 10
334.57430555555555
 20
302.90483580927884
 10
334.82500000000005
 20
302.90483580927884
 10
335.0756944444445
 20
302.90483580927884
 10
335.3263888888889
 20
302.90483580927884
 10
335.57708333333335
 20
302.90483580927884
 10
335.8277777777778
 20
302.90483580927884
 10
336.0784722222222
 20
302.90483580927884
 10
336.3291666666667
 20
302.90483580927884
 10
336.57986111111114
 20
302.90483580927884
 10
336.8305555555556
 20
302.90483580927884
 10
337.08125
 20
302.90483580927884
 10
337.33194444444445
 20
302.90483580927884
 10
337.58263888888894
 20
302.90483580927884
 10
337.83333333333337
 20
302.90483580927884
 10
338.0840277777778
 20
302.90483580927884
 10
338.33472222222224
 20
302.90483580927884
 10
338.5854166666667
 20
302.90483580927884
 10
338.8361111111111
 20
302.90483580927884
 10
339.0868055555556
 20
302.90483580927884
 10
339.33750000000003
 20
302.90483580927884
 10
339.58819444444447
 20
302.90483580927884
 10
339.8388888888889
 20
302.90483580927884
 10
340.08958333333334
 20
302.90483580927884
 10
340.34027777777777
 20
302.90483580927884
 10
340.5909722222222
 20
302.90483580927884
 10
340.8416666666667
 20
302.90483580927884
 10
341.09236111111113
 20
302.90483580927884
 10
341.34305555555557
 20
302.90483580927884
 10
341.59375
 20
302.90483580927884
 10
341.84444444444443
 20
302.90483580927884
 10
342.0951388888889
 20
302.90483580927884
 10
342.34583333333336
 20
302.90483580927884
 10
342.5965277777778
 20
302.90483580927884
 10
342.84722222222223
 20
302.90483580927884
 10
343.09791666666666
 20
302.90483580927884
 10
343.34861111111115
 20
302.90483580927884
 10
343.5993055555556
 20
302.90483580927884
 10
343.85
 20
302.90483580927884
 10
344.10069444444446
 20
302.90483580927884
 10
344.3513888888889
 20
302.90483580927884
 10
344.6020833333334
 20
302.90483580927884
 10
344.8527777777778
 20
302.90483580927884
 10
345.10347222222225
 20
302.90483580927884
 10
345.3541666666667
 20
302.90483580927884
  0
LWPOLYLINE
  5
175
330
17
100
AcDbEntity
  8
02-OCULTA
100
AcDbPolyline
 90
167
 70
0
 10
349.3041666666667
 20
302.90483580927884
 10
349.0541666666667
 20
302.90483580927884
 10
348.8041666666667
 20
302.90483580927884
 10
348.5541666666667
 20
302.90483580927884
 10
348.3041666666667
 20
302.90483580927884
 10
348.0541666666667
 20
302.90483580927884
 10
347.8041666666667
 20
302.90483580927884
 10
347.5541666666667
 20
302.90483580927884
 10
347.3041666666667
 20
302.90483580927884
 10
347.0541666666667
 20
302.90483580927884
 10
346.8041666666667
 20
302.90483580927884
 10
346.5541666666667
 20
302.90483580927884
 10
346.3041666666667
 20
302.90483580927884
 10
346.0541666666667
 20
302.90483580927884
 10
345.8041666666667
 20
302.90483580927884
 10
345.5541666666667
 20
302.90483580927884
 10
345.3041666666667
 20
302.90483580927884
 10
345.0541666666667
 20
302.90483580927884
 10
344.8041666666667
 20
302.90483580927884
 10
344.5541666666667
 20
302.90483580927884
 10
344.3041666666667
 20
302.90483580927884
 10
344.0541666666667
 20
302.90483580927884
 10
343.8041666666667
 20
302.90483580927884
 10
343.5541666666667
 20
302.90483580927884
 10
343.3041666666667
 20
302.90483580927884
 10
343.0541666666667
 20
302.90483580927884
 10
342.8041666666667
 20
302.90483580927884
 10
342.5541666666667
 20
302.90483580927884
 10
342.3041666666667
 20
302.90483580927884
 10
342.0541666666667
 20
302.90483580927884
 10
341.8041666666667
 20
302.90483580927884
 10
341.5541666666667
 20
302.90483580927884
 10
341.3041666666667
 20
302.90483580927884
 10
341.0541666666667
 20
302.90483580927884
 10
340.8041666666667
 20
302.90483580927884
 10
340.5541666666667
 20
302.90483580927884
 10
340.3041666666667
 20
302.90483580927884
 10
340.0541666666667
 20
302.90483580927884
 10
339.8041666666667
 20
302.90483580927884
 10
339.5541666666667
 20
302.90483580927884
 10
339.3041666666667
 20
302.90483580927884
 10
339.0541666666667
 20
302.90483580927884
 10
338.8041666666667
 20
302.90483580927884
 10
338.5541666666667
 20
302.90483580927884
 10
338.3041666666667
 20
302.90483580927884
 10
338.0541666666667
 20
302.90483580927884
 10
337.8041666666667
 20
302.90483580927884
 10
337.5541666666667
 20
302.90483580927884
 10
337.3041666666667
 20
302.90483580927884
 10
337.0541666666667
 20
302.90483580927884
 10
336.8041666666667
 20
302.90483580927884
 10
336.5541666666667
 20
302.90483580927884
 10
336.3041666666667
 20
302.90483580927884
 10
336.0541666666667
 20
302.90483580927884
 10
335.8041666666667
 20
302.90483580927884
 10
335.5541666666667
 20
302.90483580927884
 10
335.3041666666667
 20
302.90483580927884
 10
335.0541666666667
 20
302.90483580927884
 10
334.8041666666667
 20
302.90483580927884
 10
334.5541666666667
 20
302.90483580927884
 10
334.3041666666667
 20
302.90483580927884
 10
334.0541666666667
 20
302.90483580927884
 10
333.8041666666667
 20
302.90483580927884
 10
333.5541666666667
 20
302.90483580927884
 10
333.3041666666667
 20
302.90483580927884
 10
333.0541666666667
 20
302.90483580927884
 10
332.8041666666667
 20
302.90483580927884
 10
332.5541666666667
 20
302.90483580927884
 10
332.3041666666667
 20
302.90483580927884
 10
332.0541666666667
 20
302.90483580927884
 10
331.8041666666667
 20
302.90483580927884
 10
331.5541666666667
 20
302.90483580927884
 10
331.3041666666667
 20
302.90483580927884
 10
331.0541666666667
 20
302.90483580927884
 10
330.8041666666667
 20
302.90483580927884
 10
330.5541666666667
 20
302.90483580927884
 10
330.3041666666667
 20
302.90483580927884
 10
330.0541666666667
 20
302.90483580927884
 10
329.8041666666667
 20
302.90483580927884
 10
329.5541666666667
 20
302.90483580927884
 10
329.3041666666667
 20
302.90483580927884
 10
329.0541666666667
 20
302.90483580927884
 10
328.8041666666667
 20
302.90483580927884
 10
328.5541666666667
 20
302.90483580927884
 10
328.3041666666667
 20
302.90483580927884
 10
328.0541666666667
 20
302.90483580927884
 10
327.8041666666667
 20
302.90483580927884
 10
327.5541666666667
 20
302.90483580927884
 10
327.3041666666667
 20
302.90483580927884
 10
327.0541666666667
 20
302.90483580927884
 10
326.8041666666667
 20
302.90483580927884
 10
326.5541666666667
 20
302.90483580927884
 10
326.3041666666667
 20
302.90483580927884
 10
326.0541666666667
 20
302.90483580927884
 10
325.8041666666667
 20
302.90483580927884
 10
325.5541666666667
 20
302.90483580927884
 10
325.3041666666667
 20
302.90483580927884
 10
325.0541666666667
 20
302.90483580927884
 10
324.8041666666667
 20
302.90483580927884
 10
324.5541666666667
 20
302.90483580927884
 10
324.3041666666667
 20
302.90483580927884
 10
324.0541666666667
 20
302.90483580927884
 10
323.8041666666667
 20
302.90483580927884
 10
323.5541666666667
 20
302.90483580927884
 10
323.3041666666667
 20
302.90483580927884
 10
323.0541666666667
 20
302.90483580927884
 10
322.8041666666667
 20
302.90483580927884
 10
322.5541666666667
 20
302.90483580927884
 10
322.3041666666667
 20
302.90483580927884
 10
322.0541666666667
 20
302.90483580927884
 10
321.8041666666667
 20
302.90483580927884
 10
321.5541666666667
 20
302.90483580927884
 10
321.3041666666667
 20
302.90483580927884
 10
321.0541666666667
 20
302.90483580927884
 10
320.8041666666667
 20
302.90483580927884
 10
320.5541666666667
 20
302.90483580927884
 10
320.3041666666667
 20
302.90483580927884
 10
320.0541666666667
 20
302.90483580927884
 10
319.8041666666667
 20
302.90483580927884
 10
319.5541666666667
 20
302.90483580927884
 10
319.3041666666667
 20
302.90483580927884
 10
319.0541666666667
 20
302.90483580927884
 10
318.8041666666667
 20
302.90483580927884
 10
318.5541666666667
 20
302.90483580927884
 10
318.3041666666667
 20
302.90483580927884
 10
318.0541666666667
 20
302.90483580927884
 10
317.8041666666667
 20
302.90483580927884
 10
317.5541666666667
 20
302.90483580927884
 10
317.3041666666667
 20
302.90483580927884
 10
317.0541666666667
 20
302.90483580927884
 10
316.8041666666667
 20
302.90483580927884
 10
316.5541666666667
 20
302.90483580927884
 10
316.3041666666667
 20
302.90483580927884
 10
316.0541666666667
 20
302.90483580927884
 10
315.8041666666667
 20
302.90483580927884
 10
315.5541666666667
 20
302.90483580927884
 10
315.3041666666667
 20
302.90483580927884
 10
315.0541666666667
 20
302.90483580927884
 10
314.8041666666667
 20
302.90483580927884
 10
314.5541666666667
 20
302.90483580927884
 10
314.3041666666667
 20
302.90483580927884
 10
314.0541666666667
 20
302.90483580927884
 10
313.8041666666667
 20
302.90483580927884
 10
313.5541666666667
 20
302.90483580927884
 10
313.3041666666667
 20
302.90483580927884
 10
313.0541666666667
 20
302.90483580927884
 10
312.8041666666667
 20
302.90483580927884
 10
312.5541666666667
 20
302.90483580927884
 10
312.3041666666667
 20
302.90483580927884
 10
312.0541666666667
 20
302.90483580927884
 10
311.8041666666667
 20
302.90483580927884
 10
311.5541666666667
 20
302.90483580927884
 10
311.3041666666667
 20
302.90483580927884
 10
311.0541666666667
 20
302.90483580927884
 10
310.8041666666667
 20
302.90483580927884
 10
310.5541666666667
 20
302.90483580927884
 10
310.3041666666667
 20
302.90483580927884
 10
310.0541666666667
 20
302.90483580927884
 10
309.8041666666667
 20
302.90483580927884
 10
309.5541666666667
 20
302.90483580927884
 10
309.3041666666667
 20
302.90483580927884
 10
309.0541666666667
 20
302.90483580927884
 10
308.8041666666667
 20
302.90483580927884
 10
308.5541666666667
 20
302.90483580927884
 10
308.3041666666667
 20
302.90483580927884
 10
308.0541666666667
 20
302.90483580927884
 10
308.04622509918806
 20
302.90483580927884
  0
LWPOLYLINE
  5
176
330
17
100
AcDbEntity
  8
02-OCULTA
100
AcDbPolyline
 90
167
 70
0
 10
308.04622509918806
 20
302.90483580927884
 10
308.0541666666667
 20
302.90483580927884
 10
308.3041666666667
 20
302.90483580927884
 10
308.5541666666667
 20
302.90483580927884
 10
308.8041666666667
 20
302.90483580927884
 10
309.0541666666667
 20
302.90483580927884
 10
309.3041666666667
 20
302.90483580927884
 10
309.5541666666667
 20
302.90483580927884
 10
309.8041666666667
 20
302.90483580927884
 10
310.0541666666667
 20
302.90483580927884
 10
310.3041666666667
 20
302.90483580927884
 10
310.5541666666667
 20
302.90483580927884
 10
310.8041666666667
 20
302.90483580927884
 10
311.0541666666667
 20
302.90483580927884
 10
311.3041666666667
 20
302.90483580927884
 10
311.5541666666667
 20
302.90483580927884
 10
311.8041666666667
 20
302.90483580927884
 10
312.0541666666667
 20
302.90483580927884
 10
312.3041666666667
 20
302.90483580927884
 10
312.5541666666667
 20
302.90483580927884
 10
312.8041666666667
 20
302.90483580927884
 10
313.0541666666667
 20
302.90483580927884
 10
313.3041666666667
 20
302.90483580927884
 10
313.5541666666667
 20
302.90483580927884
 10
313.8041666666667
 20
302.90483580927884
 10
314.0541666666667
 20
302.90483580927884
 10
314.3041666666667
 20
302.90483580927884
 10
314.5541666666667
 20
302.90483580927884
 10
314.8041666666667
 20
302.90483580927884
 10
315.0541666666667
 20
302.90483580927884
 10
315.3041666666667
 20
302.90483580927884
 10
315.5541666666667
 20
302.90483580927884
 10
315.8041666666667
 20
302.90483580927884
 10
316.0541666666667
 20
302.90483580927884
 10
316.3041666666667
 20
302.90483580927884
 10
316.5541666666667
 20
302.90483580927884
 10
316.8041666666667
 20
302.90483580927884
 10
317.0541666666667
 20
302.90483580927884
 10
317.3041666666667
 20
302.90483580927884
 10
317.5541666666667
 20
302.90483580927884
 10
317.8041666666667
 20
302.90483580927884
 10
318.0541666666667
 20
302.90483580927884
 10
318.3041666666667
 20
302.90483580927884
 10
318.5541666666667
 20
302.90483580927884
 10
318.8041666666667
 20
302.90483580927884
 10
319.0541666666667
 20
302.90483580927884
 10
319.3041666666667
 20
302.90483580927884
 10
319.5541666666667
 20
302.90483580927884
 10
319.8041666666667
 20
302.90483580927884
 10
320.0541666666667
 20
302.90483580927884
 10
320.3041666666667
 20
302.90483580927884
 10
320.5541666666667
 20
302.90483580927884
 10
320.8041666666667
 20
302.90483580927884
 10
321.0541666666667
 20
302.90483580927884
 10
321.3041666666667
 20
302.90483580927884
 10
321.5541666666667
 20
302.90483580927884
 10
321.8041666666667
 20
302.90483580927884
 10
322.0541666666667
 20
302.90483580927884
 10
322.3041666666667
 20
302.90483580927884
 10
322.5541666666667
 20
302.90483580927884
 10
322.8041666666667
 20
302.90483580927884
 10
323.0541666666667
 20
302.90483580927884
 10
323.3041666666667
 20
302.90483580927884
 10
323.5541666666667
 20
302.90483580927884
 10
323.8041666666667
 20
302.90483580927884
 10
324.0541666666667
 20
302.90483580927884
 10
324.3041666666667
 20
302.90483580927884
 10
324.5541666666667
 20
302.90483580927884
 10
324.8041666666667
 20
302.90483580927884
 10
325.0541666666667
 20
302.90483580927884
 10
325.3041666666667
 20
302.90483580927884
 10
325.5541666666667
 20
302.90483580927884
 10
325.8041666666667
 20
302.90483580927884
 10
326.0541666666667
 20
302.90483580927884
 10
326.3041666666667
 20
302.90483580927884
 10
326.5541666666667
 20
302.90483580927884
 10
326.8041666666667
 20
302.90483580927884
 10
327.0541666666667
 20
302.90483580927884
 10
327.3041666666667
 20
302.90483580927884
 10
327.5541666666667
 20
302.90483580927884
 10
327.8041666666667
 20
302.90483580927884
 10
328.0541666666667
 20
302.90483580927884
 10
328.3041666666667
 20
302.90483580927884
 10
328.5541666666667
 20
302.90483580927884
 10
328.8041666666667
 20
302.90483580927884
 10
329.0541666666667
 20
302.90483580927884
 10
329.3041666666667
 20
302.90483580927884
 10
329.5541666666667
 20
302.90483580927884
 10
329.8041666666667
 20
302.90483580927884
 10
330.0541666666667
 20
302.90483580927884
 10
330.3041666666667
 20
302.90483580927884
 10
330.5541666666667
 20
302.90483580927884
 10
330.8041666666667
 20
302.90483580927884
 10
331.0541666666667
 20
302.90483580927884
 10
331.3041666666667
 20
302.90483580927884
 10
331.5541666666667
 20
302.90483580927884
 10
331.8041666666667
 20
302.90483580927884
 10
332.0541666666667
 20
302.90483580927884
 10
332.3041666666667
 20
302.90483580927884
 10
332.5541666666667
 20
302.90483580927884
 10
332.8041666666667
 20
302.90483580927884
 10
333.0541666666667
 20
302.90483580927884
 10
333.3041666666667
 20
302.90483580927884
 10
333.5541666666667
 20
302.90483580927884
 10
333.8041666666667
 20
302.90483580927884
 10
334.0541666666667
 20
302.90483580927884
 10
334.3041666666667
 20
302.90483580927884
 10
334.5541666666667
 20
302.90483580927884
 10
334.8041666666667
 20
302.90483580927884
 10
335.0541666666667
 20
302.90483580927884
 10
335.3041666666667
 20
302.90483580927884
 10
335.5541666666667
 20
302.90483580927884
 10
335.8041666666667
 20
302.90483580927884
 10
336.0541666666667
 20
302.90483580927884
 10
336.3041666666667
 20
302.90483580927884
 10
336.5541666666667
 20
302.90483580927884
 10
336.8041666666667
 20
302.90483580927884
 10
337.0541666666667
 20
302.90483580927884
 10
337.3041666666667
 20
302.90483580927884
 10
337.5541666666667
 20
302.90483580927884
 10
337.8041666666667
 20
302.90483580927884
 10
338.0541666666667
 20
302.90483580927884
 10
338.3041666666667
 20
302.90483580927884
 10
338.5541666666667
 20
302.90483580927884
 10
338.8041666666667
 20
302.90483580927884
 10
339.0541666666667
 20
302.90483580927884
 10
339.3041666666667
 20
302.90483580927884
 10
339.5541666666667
 20
302.90483580927884
 10
339.8041666666667
 20
302.90483580927884
 10
340.0541666666667
 20
302.90483580927884
 10
340.3041666666667
 20
302.90483580927884
 10
340.5541666666667
 20
302.90483580927884
 10
340.8041666666667
 20
302.90483580927884
 10
341.0541666666667
 20
302.90483580927884
 10
341.3041666666667
 20
302.90483580927884
 10
341.5541666666667
 20
302.90483580927884
 10
341.8041666666667
 20
302.90483580927884
 10
342.0541666666667
 20
302.90483580927884
 10
342.3041666666667
 20
302.90483580927884
 10
342.5541666666667
 20
302.90483580927884
 10
342.8041666666667
 20
302.90483580927884
 10
343.0541666666667
 20
302.90483580927884
 10
343.3041666666667
 20
302.90483580927884
 10
343.5541666666667
 20
302.90483580927884
 10
343.8041666666667
 20
302.90483580927884
 10
344.0541666666667
 20
302.90483580927884
 10
344.3041666666667
 20
302.90483580927884
 10
344.5541666666667
 20
302.90483580927884
 10
344.8041666666667
 20
302.90483580927884
 10
345.0541666666667
 20
302.90483580927884
 10
345.3041666666667
 20
302.90483580927884
 10
345.5541666666667
 20
302.90483580927884
 10
345.8041666666667
 20
302.90483580927884
 10
346.0541666666667
 20
302.90483580927884
 10
346.3041666666667
 20
302.90483580927884
 10
346.5541666666667
 20
302.90483580927884
 10
346.8041666666667
 20
302.90483580927884
 10
347.0541666666667
 20
302.90483580927884
 10
347.3041666666667
 20
302.90483580927884
 10
347.5541666666667
 20
302.90483580927884
 10
347.8041666666667
 20
302.90483580927884
 10
348.0541666666667
 20
302.90483580927884
 10
348.3041666666667
 20
302.90483580927884
 10
348.5541666666667
 20
302.90483580927884
 10
348.8041666666667
 20
302.90483580927884
 10
349.0541666666667
 20
302.90483580927884
 10
349.3041666666667
 20
302.90483580927884
  0
LWPOLYLINE
  5
177
330
17
100
AcDbEntity
  8
02-OCULTA
100
AcDbPolyline
 90
190
 70
0
 10
351.3291666666667
 20
309.65483580927884
 10
351.07890625000005
 20
309.65483580927884
 10
350.8286458333333
 20
309.65483580927884
 10
350.57838541666666
 20
309.65483580927884
 10
350.328125
 20
309.65483580927884
 10
350.07786458333334
 20
309.65483580927884
 10
349.8276041666667
 20
309.65483580927884
 10
349.57734375
 20
309.65483580927884
 10
349.32708333333335
 20
309.65483580927884
 10
349.0768229166667
 20
309.65483580927884
 10
348.8265625
 20
309.65483580927884
 10
348.57630208333336
 20
309.65483580927884
 10
348.3260416666667
 20
309.65483580927884
 10
348.07578125000003
 20
309.65483580927884
 10
347.82552083333337
 20
309.65483580927884
 10
347.5752604166667
 20
309.65483580927884
 10
347.32500000000005
 20
309.65483580927884
 10
347.0747395833333
 20
309.65483580927884
 10
346.82447916666666
 20
309.65483580927884
 10
346.57421875
 20
309.65483580927884
 10
346.32395833333334
 20
309.65483580927884
 10
346.0736979166667
 20
309.65483580927884
 10
345.8234375
 20
309.65483580927884
 10
345.57317708333335
 20
309.65483580927884
 10
345.3229166666667
 20
309.65483580927884
 10
345.07265625
 20
309.65483580927884
 10
344.82239583333336
 20
309.65483580927884
 10
344.5721354166667
 20
309.65483580927884
 10
344.32187500000003
 20
309.65483580927884
 10
344.07161458333337
 20
309.65483580927884
 10
343.8213541666667
 20
309.65483580927884
 10
343.57109375000005
 20
309.65483580927884
 10
343.3208333333333
 20
309.65483580927884
 10
343.07057291666666
 20
309.65483580927884
 10
342.8203125
 20
309.65483580927884
 10
342.57005208333334
 20
309.65483580927884
 10
342.3197916666667
 20
309.65483580927884
 10
342.06953125
 20
309.65483580927884
 10
341.81927083333335
 20
309.65483580927884
 10
341.5690104166667
 20
309.65483580927884
 10
341.31875
 20
309.65483580927884
 10
341.06848958333336
 20
309.65483580927884
 10
340.8182291666667
 20
309.65483580927884
 10
340.56796875000003
 20
309.65483580927884
 10
340.31770833333337
 20
309.65483580927884
 10
340.0674479166667
 20
309.65483580927884
 10
339.8171875
 20
309.65483580927884
 10
339.5669270833333
 20
309.65483580927884
 10
339.31666666666666
 20
309.65483580927884
 10
339.06640625
 20
309.65483580927884
 10
338.81614583333334
 20
309.65483580927884
 10
338.5658854166667
 20
309.65483580927884
 10
338.315625
 20
309.65483580927884
 10
338.06536458333335
 20
309.65483580927884
 10
337.8151041666667
 20
309.65483580927884
 10
337.56484375
 20
309.65483580927884
 10
337.31458333333336
 20
309.65483580927884
 10
337.0643229166667
 20
309.65483580927884
 10
336.81406250000003
 20
309.65483580927884
 10
336.56380208333337
 20
309.65483580927884
 10
336.3135416666667
 20
309.65483580927884
 10
336.06328125000005
 20
309.65483580927884
 10
335.8130208333333
 20
309.65483580927884
 10
335.56276041666666
 20
309.65483580927884
 10
335.3125
 20
309.65483580927884
 10
335.06223958333334
 20
309.65483580927884
 10
334.8119791666667
 20
309.65483580927884
 10
334.56171875
 20
309.65483580927884
 10
334.31145833333335
 20
309.65483580927884
 10
334.0611979166667
 20
309.65483580927884
 10
333.8109375
 20
309.65483580927884
 10
333.56067708333336
 20
309.65483580927884
 10
333.3104166666667
 20
309.65483580927884
 10
333.06015625000003
 20
309.65483580927884
 10
332.80989583333337
 20
309.65483580927884
 10
332.5596354166667
 20
309.65483580927884
 10
332.30937500000005
 20
309.65483580927884
 10
332.0591145833333
 20
309.65483580927884
 10
331.80885416666666
 20
309.65483580927884
 10
331.55859375
 20
309.65483580927884
 10
331.30833333333334
 20
309.65483580927884
 10
331.0580729166667
 20
309.65483580927884
 10
330.8078125
 20
309.65483580927884
 10
330.55755208333335
 20
309.65483580927884
 10
330.3072916666667
 20
309.65483580927884
 10
330.05703125
 20
309.65483580927884
 10
329.80677083333336
 20
309.65483580927884
 10
329.5565104166667
 20
309.65483580927884
 10
329.30625000000003
 20
309.65483580927884
 10
329.05598958333337
 20
309.65483580927884
 10
328.80572916666665
 20
309.65483580927884
 10
328.55546875000005
 20
309.65483580927884
 10
328.3052083333333
 20
309.65483580927884
 10
328.05494791666666
 20
309.65483580927884
 10
327.8046875
 20
309.65483580927884
 10
327.55442708333334
 20
309.65483580927884
 10
327.3041666666667
 20
309.65483580927884
 10
327.05390625
 20
309.65483580927884
 10
326.80364583333335
 20
309.65483580927884
 10
326.5533854166667
 20
309.65483580927884
 10
326.303125
 20
309.65483580927884
 10
326.05286458333336
 20
309.65483580927884
 10
325.8026041666667
 20
309.65483580927884
 10
325.55234375000003
 20
309.65483580927884
 10
325.30208333333337
 20
309.65483580927884
 10
325.0518229166667
 20
309.65483580927884
 10
324.80156250000005
 20
309.65483580927884
 10
324.5513020833333
 20
309.65483580927884
 10
324.30104166666666
 20
309.65483580927884
 10
324.05078125
 20
309.65483580927884
 10
323.80052083333334
 20
309.65483580927884
 10
323.5502604166667
 20
309.65483580927884
 10
323.3
 20
309.65483580927884
 10
323.04973958333335
 20
309.65483580927884
 10
322.7994791666667
 20
309.65483580927884
 10
322.54921875
 20
309.65483580927884
 10
322.29895833333336
 20
309.65483580927884
 10
322.0486979166667
 20
309.65483580927884
 10
321.79843750000003
 20
309.65483580927884
 10
321.54817708333337
 20
309.65483580927884
 10
321.2979166666667
 20
309.65483580927884
 10
321.04765625000005
 20
309.65483580927884
 10
320.7973958333333
 20
309.65483580927884
 10
320.54713541666666
 20
309.65483580927884
 10
320.296875
 20
309.65483580927884
 10
320.04661458333334
 20
309.65483580927884
 10
319.7963541666667
 20
309.65483580927884
 10
319.54609375
 20
309.65483580927884
 10
319.29583333333335
 20
309.65483580927884
 10
319.0455729166667
 20
309.65483580927884
 10
318.7953125
 20
309.65483580927884
 10
318.54505208333336
 20
309.65483580927884
 10
318.2947916666667
 20
309.65483580927884
 10
318.04453125000003
 20
309.65483580927884
 10
317.79427083333337
 20
309.65483580927884
 10
317.5440104166667
 20
309.65483580927884
 10
317.29375000000005
 20
309.65483580927884
 10
317.0434895833333
 20
309.65483580927884
 10
316.79322916666666
 20
309.65483580927884
 10
316.54296875
 20
309.65483580927884
 10
316.29270833333334
 20
309.65483580927884
 10
316.0424479166667
 20
309.65483580927884
 10
315.7921875
 20
309.65483580927884
 10
315.54192708333335
 20
309.65483580927884
 10
315.2916666666667
 20
309.65483580927884
 10
315.04140625
 20
309.65483580927884
 10
314.79114583333336
 20
309.65483580927884
 10
314.5408854166667
 20
309.65483580927884
 10
314.29062500000003
 20
309.65483580927884
 10
314.04036458333337
 20
309.65483580927884
 10
313.7901041666667
 20
309.65483580927884
 10
313.53984375000005
 20
309.65483580927884
 10
313.2895833333334
 20
309.65483580927884
 10
313.03932291666666
 20
309.65483580927884
 10
312.7890625
 20
309.65483580927884
 10
312.53880208333334
 20
309.65483580927884
 10
312.2885416666667
 20
309.65483580927884
 10
312.03828125
 20
309.65483580927884
 10
311.78802083333335
 20
309.65483580927884
 10
311.5377604166667
 20
309.65483580927884
 10
311.2875
 20
309.65483580927884
 10
311.03723958333336
 20
309.65483580927884
 10
310.7869791666667
 20
309.65483580927884
 10
310.53671875000003
 20
309.65483580927884
 10
310.28645833333337
 20
309.65483580927884
 10
310.0361979166667
 20
309.65483580927884
 10
309.78593750000005
 20
309.65483580927884
 10
309.5356770833333
 20
309.65483580927884
 10
309.28541666666666
 20
309.65483580927884
 10
309.03515625
 20
309.65483580927884
 10
308.78489583333334
 20
309.65483580927884
 10
308.5346354166667
 20
309.65483580927884
 10
308.284375
 20
309.65483580927884
 10
308.03411458333335
 20
309.65483580927884
 10
307.7838541666667
 20
309.65483580927884
 10
307.53359375
 20
309.65483580927884
 10
307.28333333333336
 20
309.65483580927884
 10
307.0330729166667
 20
309.65483580927884
 10
306.78281250000003
 20
309.65483580927884
 10
306.53255208333337
 20
309.65483580927884
 10
306.28229166666665
 20
309.65483580927884
 10
306.03203125000005
 20
309.65483580927884
 10
305.7817708333333
 20
309.65483580927884
 10
305.5315104166667
 20
309.65483580927884
 10
305.28125
 20
309.65483580927884
 10
305.03098958333334
 20
309.65483580927884
 10
304.7807291666667
 20
309.65483580927884
 10
304.53046875
 20
309.65483580927884
 10
304.28020833333335
 20
309.65483580927884
 10
304.1006583905327
 20
309.65483580927884
  0
LWPOLYLINE
  5
178
330
17
100
AcDbEntity
  8
02-OCULTA
100
AcDbPolyline
 90
174
 70
0
 10
351.3291666666667
 20
302.90483580927884
 10
351.07890625000005
 20
302.90483580927884
 10
350.8286458333333
 20
302.90483580927884
 10
350.57838541666666
 20
302.90483580927884
 10
350.328125
 20
302.90483580927884
 10
350.07786458333334
 20
302.90483580927884
 10
349.8276041666667
 20
302.90483580927884
 10
349.57734375
 20
302.90483580927884
 10
349.32708333333335
 20
302.90483580927884
 10
349.0768229166667
 20
302.90483580927884
 10
348.8265625
 20
302.90483580927884
 10
348.57630208333336
 20
302.90483580927884
 10
348.3260416666667
 20
302.90483580927884
 10
348.07578125000003
 20
302.90483580927884
 10
347.82552083333337
 20
302.90483580927884
 10
347.5752604166667
 20
302.90483580927884
 10
347.32500000000005
 20
302.90483580927884
 10
347.0747395833333
 20
302.90483580927884
 10
346.82447916666666
 20
302.90483580927884
 10
346.57421875
 20
302.90483580927884
 10
346.32395833333334
 20
302.90483580927884
 10
346.0736979166667
 20
302.90483580927884
 10
345.8234375
 20
302.90483580927884
 10
345.57317708333335
 20
302.90483580927884
 10
345.3229166666667
 20
302.90483580927884
 10
345.07265625
 20
302.90483580927884
 10
344.82239583333336
 20
302.90483580927884
 10
344.5721354166667
 20
302.90483580927884
 10
344.32187500000003
 20
302.90483580927884
 10
344.07161458333337
 20
302.90483580927884
 10
343.8213541666667
 20
302.90483580927884
 10
343.57109375000005
 20
302.90483580927884
 10
343.3208333333333
 20
302.90483580927884
 10
343.07057291666666
 20
302.90483580927884
 10
342.8203125
 20
302.90483580927884
 10
342.57005208333334
 20
302.90483580927884
 10
342.3197916666667
 20
302.90483580927884
 10
342.06953125
 20
302.90483580927884
 10
341.81927083333335
 20
302.90483580927884
 10
341.5690104166667
 20
302.90483580927884
 10
341.31875
 20
302.90483580927884
 10
341.06848958333336
 20
302.90483580927884
 10
340.8182291666667
 20
302.90483580927884
 10
340.56796875000003
 20
302.90483580927884
 10
340.31770833333337
 20
302.90483580927884
 10
340.0674479166667
 20
302.90483580927884
 10
339.8171875
 20
302.90483580927884
 10
339.5669270833333
 20
302.90483580927884
 10
339.31666666666666
 20
302.90483580927884
 10
339.06640625
 20
302.90483580927884
 10
338.81614583333334
 20
302.90483580927884
 10
338.5658854166667
 20
302.90483580927884
 10
338.315625
 20
302.90483580927884
 10
338.06536458333335
 20
302.90483580927884
 10
337.8151041666667
 20
302.90483580927884
 10
337.56484375
 20
302.90483580927884
 10
337.31458333333336
 20
302.90483580927884
 10
337.0643229166667
 20
302.90483580927884
 10
336.81406250000003
 20
302.90483580927884
 10
336.56380208333337
 20
302.90483580927884
 10
336.3135416666667
 20
302.90483580927884
 10
336.06328125000005
 20
302.90483580927884
 10
335.8130208333333
 20
302.90483580927884
 10
335.56276041666666
 20
302.90483580927884
 10
335.3125
 20
302.90483580927884
 10
335.06223958333334
 20
302.90483580927884
 10
334.8119791666667
 20
302.90483580927884
 10
334.56171875
 20
302.90483580927884
 10
334.31145833333335
 20
302.90483580927884
 10
334.0611979166667
 20
302.90483580927884
 10
333.8109375
 20
302.90483580927884
 10
333.56067708333336
 20
302.90483580927884
 10
333.3104166666667
 20
302.90483580927884
 10
333.06015625000003
 20
302.90483580927884
 10
332.80989583333337
 20
302.90483580927884
 10
332.5596354166667
 20
302.90483580927884
 10
332.30937500000005
 20
302.90483580927884
 10
332.0591145833333
 20
302.90483580927884
 10
331.80885416666666
 20
302.90483580927884
 10
331.55859375
 20
302.90483580927884
 10
331.30833333333334
 20
302.90483580927884
 10
331.0580729166667
 20
302.90483580927884
 10
330.8078125
 20
302.90483580927884
 10
330.55755208333335
 20
302.90483580927884
 10
330.3072916666667
 20
302.90483580927884
 10
330.05703125
 20
302.90483580927884
 10
329.80677083333336
 20
302.90483580927884
 10
329.5565104166667
 20
302.90483580927884
 10
329.30625000000003
 20
302.90483580927884
 10
329.05598958333337
 20
302.90483580927884
 10
328.80572916666665
 20
302.90483580927884
 10
328.55546875000005
 20
302.90483580927884
 10
328.3052083333333
 20
302.90483580927884
 10
328.05494791666666
 20
302.90483580927884
 10
327.8046875
 20
302.90483580927884
 10
327.55442708333334
 20
302.90483580927884
 10
327.3041666666667
 20
302.90483580927884
 10
327.05390625
 20
302.90483580927884
 10
326.80364583333335
 20
302.90483580927884
 10
326.5533854166667
 20
302.90483580927884
 10
326.303125
 20
302.90483580927884
 10
326.05286458333336
 20
302.90483580927884
 10
325.8026041666667
 20
302.90483580927884
 10
325.55234375000003
 20
302.90483580927884
 10
325.30208333333337
 20
302.90483580927884
 10
325.0518229166667
 20
302.90483580927884
 10
324.80156250000005
 20
302.90483580927884
 10
324.5513020833333
 20
302.90483580927884
 10
324.30104166666666
 20
302.90483580927884
 10
324.05078125
 20
302.90483580927884
 10
323.80052083333334
 20
302.90483580927884
 10
323.5502604166667
 20
302.90483580927884
 10
323.3
 20
302.90483580927884
 10
323.04973958333335
 20
302.90483580927884
 10
322.7994791666667
 20
302.90483580927884
 10
322.54921875
 20
302.90483580927884
 10
322.29895833333336
 20
302.90483580927884
 10
322.0486979166667
 20
302.90483580927884
 10
321.79843750000003
 20
302.90483580927884
 10
321.54817708333337
 20
302.90483580927884
 10
321.2979166666667
 20
302.90483580927884
 10
321.04765625000005
 20
302.90483580927884
 10
320.7973958333333
 20
302.90483580927884
 10
320.54713541666666
 20
302.90483580927884
 10
320.296875
 20
302.90483580927884
 10
320.04661458333334
 20
302.90483580927884
 10
319.7963541666667
 20
302.90483580927884
 10
319.54609375
 20
302.90483580927884
 10
319.29583333333335
 20
302.90483580927884
 10
319.0455729166667
 20
302.90483580927884
 10
318.7953125
 20
302.90483580927884
 10
318.54505208333336
 20
302.90483580927884
 10
318.2947916666667
 20
302.90483580927884
 10
318.04453125000003
 20
302.90483580927884
 10
317.79427083333337
 20
302.90483580927884
 10
317.5440104166667
 20
302.90483580927884
 10
317.29375000000005
 20
302.90483580927884
 10
317.0434895833333
 20
302.90483580927884
 10
316.79322916666666
 20
302.90483580927884
 10
316.54296875
 20
302.90483580927884
 10
316.29270833333334
 20
302.90483580927884
 10
316.0424479166667
 20
302.90483580927884
 10
315.7921875
 20
302.90483580927884
 10
315.54192708333335
 20
302.90483580927884
 10
315.2916666666667
 20
302.90483580927884
 10
315.04140625
 20
302.90483580927884
 10
314.79114583333336
 20
302.90483580927884
 10
314.5408854166667
 20
302.90483580927884
 10
314.29062500000003
 20
302.90483580927884
 10
314.04036458333337
 20
302.90483580927884
 10
313.7901041666667
 20
302.90483580927884
 10
313.53984375000005
 20
302.90483580927884
 10
313.2895833333334
 20
302.90483580927884
 10
313.03932291666666
 20
302.90483580927884
 10
312.7890625
 20
302.90483580927884
 10
312.53880208333334
 20
302.90483580927884
 10
312.2885416666667
 20
302.90483580927884
 10
312.03828125
 20
302.90483580927884
 10
311.78802083333335
 20
302.90483580927884
 10
311.5377604166667
 20
302.90483580927884
 10
311.2875
 20
302.90483580927884
 10
311.03723958333336
 20
302.90483580927884
 10
310.7869791666667
 20
302.90483580927884
 10
310.53671875000003
 20
302.90483580927884
 10
310.28645833333337
 20
302.90483580927884
 10
310.0361979166667
 20
302.90483580927884
 10
309.78593750000005
 20
302.90483580927884
 10
309.5356770833333
 20
302.90483580927884
 10
309.28541666666666
 20
302.90483580927884
 10
309.03515625
 20
302.90483580927884
 10
308.78489583333334
 20
302.90483580927884
 10
308.5346354166667
 20
302.90483580927884
 10
308.284375
 20
302.90483580927884
 10
308.04622509918806
 20
302.90483580927884
  0
LWPOLYLINE
  5
179
330
17
100
AcDbEntity
  8
02-OCULTA
100
AcDbPolyline
 90
137
 70
0
 10
344.3541666666667
 20
309.65483580927884
 10
344.10343137254904
 20
309.65483580927884
 10
343.8526960784314
 20
309.65483580927884
 10
343.60196078431375
 20
309.65483580927884
 10
343.3512254901961
 20
309.65483580927884
 10
343.10049019607845
 20
309.65483580927884
 10
342.8497549019608
 20
309.65483580927884
 10
342.59901960784316
 20
309.65483580927884
 10
342.3482843137255
 20
309.65483580927884
 10
342.09754901960787
 20
309.65483580927884
 10
341.8468137254902
 20
309.65483580927884
 10
341.5960784313726
 20
309.65483580927884
 10
341.34534313725493
 20
309.65483580927884
 10
341.0946078431373
 20
309.65483580927884
 10
340.84387254901964
 20
309.65483580927884
 10
340.593137254902
 20
309.65483580927884
 10
340.34240196078434
 20
309.65483580927884
 10
340.0916666666667
 20
309.65483580927884
 10
339.84093137254905
 20
309.65483580927884
 10
339.5901960784314
 20
309.65483580927884
 10
339.33946078431376
 20
309.65483580927884
 10
339.0887254901961
 20
309.65483580927884
 10
338.83799019607847
 20
309.65483580927884
 10
338.5872549019608
 20
309.65483580927884
 10
338.3365196078432
 20
309.65483580927884
 10
338.0857843137255
 20
309.65483580927884
 10
337.8350490196079
 20
309.65483580927884
 10
337.58431372549023
 20
309.65483580927884
 10
337.3335784313726
 20
309.65483580927884
 10
337.08284313725494
 20
309.65483580927884
 10
336.8321078431373
 20
309.65483580927884
 10
336.58137254901965
 20
309.65483580927884
 10
336.330637254902
 20
309.65483580927884
 10
336.07990196078435
 20
309.65483580927884
 10
335.8291666666667
 20
309.65483580927884
 10
335.57843137254906
 20
309.65483580927884
 10
335.3276960784314
 20
309.65483580927884
 10
335.07696078431377
 20
309.65483580927884
 10
334.8262254901961
 20
309.65483580927884
 10
334.5754901960785
 20
309.65483580927884
 10
334.3247549019608
 20
309.65483580927884
 10
334.0740196078432
 20
309.65483580927884
 10
333.8232843137255
 20
309.65483580927884
 10
333.57254901960783
 20
309.65483580927884
 10
333.3218137254902
 20
309.65483580927884
 10
333.07107843137254
 20
309.65483580927884
 10
332.8203431372549
 20
309.65483580927884
 10
332.56960784313725
 20
309.65483580927884
 10
332.3188725490196
 20
309.65483580927884
 10
332.06813725490196
 20
309.65483580927884
 10
331.8174019607843
 20
309.65483580927884
 10
331.56666666666666
 20
309.65483580927884
 10
331.315931372549
 20
309.65483580927884
 10
331.06519607843137
 20
309.65483580927884
 10
330.8144607843137
 20
309.65483580927884
 10
330.5637254901961
 20
309.65483580927884
 10
330.31299019607843
 20
309.65483580927884
 10
330.0622549019608
 20
309.65483580927884
 10
329.81151960784314
 20
309.65483580927884
 10
329.5607843137255
 20
309.65483580927884
 10
329.31004901960785
 20
309.65483580927884
 10
329.0593137254902
 20
309.65483580927884
 10
328.80857843137255
 20
309.65483580927884
 10
328.5578431372549
 20
309.65483580927884
 10
328.30710784313726
 20
309.65483580927884
 10
328.0563725490196
 20
309.65483580927884
 10
327.80563725490197
 20
309.65483580927884
 10
327.5549019607843
 20
309.65483580927884
 10
327.3041666666667
 20
309.65483580927884
 10
327.053431372549
 20
309.65483580927884
 10
326.8026960784314
 20
309.65483580927884
 10
326.55196078431374
 20
309.65483580927884
 10
326.3012254901961
 20
309.65483580927884
 10
326.05049019607844
 20
309.65483580927884
 10
325.7997549019608
 20
309.65483580927884
 10
325.54901960784315
 20
309.65483580927884
 10
325.2982843137255
 20
309.65483580927884
 10
325.04754901960786
 20
309.65483580927884
 10
324.7968137254902
 20
309.65483580927884
 10
324.54607843137256
 20
309.65483580927884
 10
324.2953431372549
 20
309.65483580927884
 10
324.04460784313727
 20
309.65483580927884
 10
323.7938725490196
 20
309.65483580927884
 10
323.543137254902
 20
309.65483580927884
 10
323.29240196078433
 20
309.65483580927884
 10
323.0416666666667
 20
309.65483580927884
 10
322.79093137254904
 20
309.65483580927884
 10
322.5401960784314
 20
309.65483580927884
 10
322.28946078431375
 20
309.65483580927884
 10
322.0387254901961
 20
309.65483580927884
 10
321.78799019607845
 20
309.65483580927884
 10
321.5372549019608
 20
309.65483580927884
 10
321.28651960784316
 20
309.65483580927884
 10
321.0357843137255
 20
309.65483580927884
 10
320.78504901960787
 20
309.65483580927884
 10
320.5343137254902
 20
309.65483580927884
 10
320.2835784313726
 20
309.65483580927884
 10
320.03284313725493
 20
309.65483580927884
 10
319.7821078431373
 20
309.65483580927884
 10
319.53137254901964
 20
309.65483580927884
 10
319.280637254902
 20
309.65483580927884
 10
319.02990196078434
 20
309.65483580927884
 10
318.7791666666667
 20
309.65483580927884
 10
318.52843137254905
 20
309.65483580927884
 10
318.2776960784314
 20
309.65483580927884
 10
318.02696078431376
 20
309.65483580927884
 10
317.7762254901961
 20
309.65483580927884
 10
317.52549019607847
 20
309.65483580927884
 10
317.2747549019608
 20
309.65483580927884
 10
317.0240196078432
 20
309.65483580927884
 10
316.7732843137255
 20
309.65483580927884
 10
316.5225490196079
 20
309.65483580927884
 10
316.27181372549023
 20
309.65483580927884
 10
316.0210784313726
 20
309.65483580927884
 10
315.77034313725494
 20
309.65483580927884
 10
315.5196078431373
 20
309.65483580927884
 10
315.26887254901965
 20
309.65483580927884
 10
315.018137254902
 20
309.65483580927884
 10
314.76740196078435
 20
309.65483580927884
 10
314.5166666666667
 20
309.65483580927884
 10
314.26593137254906
 20
309.65483580927884
 10
314.0151960784314
 20
309.65483580927884
 10
313.7644607843137
 20
309.65483580927884
 10
313.51372549019607
 20
309.65483580927884
 10
313.2629901960785
 20
309.65483580927884
 10
313.0122549019608
 20
309.65483580927884
 10
312.7615196078432
 20
309.65483580927884
 10
312.5107843137255
 20
309.65483580927884
 10
312.2600490196079
 20
309.65483580927884
 10
312.0093137254902
 20
309.65483580927884
 10
311.75857843137254
 20
309.65483580927884
 10
311.5078431372549
 20
309.65483580927884
 10
311.25710784313725
 20
309.65483580927884
 10
311.0063725490196
 20
309.65483580927884
 10
310.75563725490196
 20
309.65483580927884
 10
310.5049019607843
 20
309.65483580927884
 10
310.25416666666666
 20
309.65483580927884
  0
LWPOLYLINE
  5
17A
330
17
100
AcDbEntity
  8
02-OCULTA
100
AcDbPolyline
 90
137
 70
0
 10
310.25416666666666
 20
309.65483580927884
 10
310.5049019607843
 20
309.65483580927884
 10
310.75563725490196
 20
309.65483580927884
 10
311.0063725490196
 20
309.65483580927884
 10
311.25710784313725
 20
309.65483580927884
 10
311.5078431372549
 20
309.65483580927884
 10
311.75857843137254
 20
309.65483580927884
 10
312.0093137254902
 20
309.65483580927884
 10
312.2600490196079
 20
309.65483580927884
 10
312.5107843137255
 20
309.65483580927884
 10
312.7615196078432
 20
309.65483580927884
 10
313.0122549019608
 20
309.65483580927884
 10
313.2629901960785
 20
309.65483580927884
 10
313.51372549019607
 20
309.65483580927884
 10
313.76446078431377
 20
309.65483580927884
 10
314.0151960784314
 20
309.65483580927884
 10
314.26593137254906
 20
309.65483580927884
 10
314.5166666666667
 20
309.65483580927884
 10
314.76740196078435
 20
309.65483580927884
 10
315.018137254902
 20
309.65483580927884
 10
315.26887254901965
 20
309.65483580927884
 10
315.5196078431373
 20
309.65483580927884
 10
315.77034313725494
 20
309.65483580927884
 10
316.0210784313726
 20
309.65483580927884
 10
316.27181372549023
 20
309.65483580927884
 10
316.5225490196079
 20
309.65483580927884
 10
316.7732843137255
 20
309.65483580927884
 10
317.0240196078432
 20
309.65483580927884
 10
317.2747549019608
 20
309.65483580927884
 10
317.52549019607847
 20
309.65483580927884
 10
317.7762254901961
 20
309.65483580927884
 10
318.02696078431376
 20
309.65483580927884
 10
318.2776960784314
 20
309.65483580927884
 10
318.52843137254905
 20
309.65483580927884
 10
318.7791666666667
 20
309.65483580927884
 10
319.02990196078434
 20
309.65483580927884
 10
319.280637254902
 20
309.65483580927884
 10
319.53137254901964
 20
309.65483580927884
 10
319.7821078431373
 20
309.65483580927884
 10
320.03284313725493
 20
309.65483580927884
 10
320.2835784313726
 20
309.65483580927884
 10
320.5343137254902
 20
309.65483580927884
 10
320.78504901960787
 20
309.65483580927884
 10
321.0357843137255
 20
309.65483580927884
 10
321.28651960784316
 20
309.65483580927884
 10
321.5372549019608
 20
309.65483580927884
 10
321.78799019607845
 20
309.65483580927884
 10
322.0387254901961
 20
309.65483580927884
 10
322.28946078431375
 20
309.65483580927884
 10
322.5401960784314
 20
309.65483580927884
 10
322.79093137254904
 20
309.65483580927884
 10
323.0416666666667
 20
309.65483580927884
 10
323.29240196078433
 20
309.65483580927884
 10
323.543137254902
 20
309.65483580927884
 10
323.7938725490196
 20
309.65483580927884
 10
324.04460784313727
 20
309.65483580927884
 10
324.2953431372549
 20
309.65483580927884
 10
324.54607843137256
 20
309.65483580927884
 10
324.7968137254902
 20
309.65483580927884
 10
325.04754901960786
 20
309.65483580927884
 10
325.2982843137255
 20
309.65483580927884
 10
325.54901960784315
 20
309.65483580927884
 10
325.7997549019608
 20
309.65483580927884
 10
326.05049019607844
 20
309.65483580927884
 10
326.3012254901961
 20
309.65483580927884
 10
326.55196078431374
 20
309.65483580927884
 10
326.8026960784314
 20
309.65483580927884
 10
327.053431372549
 20
309.65483580927884
 10
327.3041666666667
 20
309.65483580927884
 10
327.5549019607843
 20
309.65483580927884
 10
327.80563725490197
 20
309.65483580927884
 10
328.0563725490196
 20
309.65483580927884
 10
328.30710784313726
 20
309.65483580927884
 10
328.5578431372549
 20
309.65483580927884
 10
328.80857843137255
 20
309.65483580927884
 10
329.0593137254902
 20
309.65483580927884
 10
329.31004901960785
 20
309.65483580927884
 10
329.5607843137255
 20
309.65483580927884
 10
329.81151960784314
 20
309.65483580927884
 10
330.0622549019608
 20
309.65483580927884
 10
330.31299019607843
 20
309.65483580927884
 10
330.5637254901961
 20
309.65483580927884
 10
330.8144607843137
 20
309.65483580927884
 10
331.06519607843137
 20
309.65483580927884
 10
331.315931372549
 20
309.65483580927884
 10
331.56666666666666
 20
309.65483580927884
 10
331.8174019607843
 20
309.65483580927884
 10
332.06813725490196
 20
309.65483580927884
 10
332.3188725490196
 20
309.65483580927884
 10
332.56960784313725
 20
309.65483580927884
 10
332.8203431372549
 20
309.65483580927884
 10
333.07107843137254
 20
309.65483580927884
 10
333.3218137254902
 20
309.65483580927884
 10
333.5725490196079
 20
309.65483580927884
 10
333.8232843137255
 20
309.65483580927884
 10
334.0740196078432
 20
309.65483580927884
 10
334.3247549019608
 20
309.65483580927884
 10
334.5754901960784
 20
309.65483580927884
 10
334.82622549019607
 20
309.65483580927884
 10
335.07696078431377
 20
309.65483580927884
 10
335.3276960784314
 20
309.65483580927884
 10
335.57843137254906
 20
309.65483580927884
 10
335.8291666666667
 20
309.65483580927884
 10
336.0799019607843
 20
309.65483580927884
 10
336.33063725490194
 20
309.65483580927884
 10
336.58137254901965
 20
309.65483580927884
 10
336.8321078431373
 20
309.65483580927884
 10
337.08284313725494
 20
309.65483580927884
 10
337.3335784313726
 20
309.65483580927884
 10
337.58431372549023
 20
309.65483580927884
 10
337.8350490196079
 20
309.65483580927884
 10
338.0857843137255
 20
309.65483580927884
 10
338.3365196078432
 20
309.65483580927884
 10
338.5872549019608
 20
309.65483580927884
 10
338.83799019607847
 20
309.65483580927884
 10
339.0887254901961
 20
309.65483580927884
 10
339.33946078431376
 20
309.65483580927884
 10
339.5901960784314
 20
309.65483580927884
 10
339.84093137254905
 20
309.65483580927884
 10
340.0916666666667
 20
309.65483580927884
 10
340.34240196078434
 20
309.65483580927884
 10
340.593137254902
 20
309.65483580927884
 10
340.84387254901964
 20
309.65483580927884
 10
341.0946078431373
 20
309.65483580927884
 10
341.34534313725493
 20
309.65483580927884
 10
341.5960784313726
 20
309.65483580927884
 10
341.8468137254902
 20
309.65483580927884
 10
342.09754901960787
 20
309.65483580927884
 10
342.3482843137255
 20
309.65483580927884
 10
342.59901960784316
 20
309.65483580927884
 10
342.8497549019608
 20
309.65483580927884
 10
343.10049019607845
 20
309.65483580927884
 10
343.3512254901961
 20
309.65483580927884
 10
343.60196078431375
 20
309.65483580927884
 10
343.8526960784314
 20
309.65483580927884
 10
344.10343137254904
 20
309.65483580927884
 10
344.3541666666667
 20
309.65483580927884
  0
LWPOLYLINE
  5
17B
330
17
100
AcDbEntity
  8
02-OCULTA
100
AcDbPolyline
 90
137
 70
0
 10
344.3541666666667
 20
302.90483580927884
 10
344.10343137254904
 20
302.90483580927884
 10
343.8526960784314
 20
302.90483580927884
 10
343.60196078431375
 20
302.90483580927884
 10
343.3512254901961
 20
302.90483580927884
 10
343.10049019607845
 20
302.90483580927884
 10
342.8497549019608
 20
302.90483580927884
 10
342.59901960784316
 20
302.90483580927884
 10
342.3482843137255
 20
302.90483580927884
 10
342.09754901960787
 20
302.90483580927884
 10
341.8468137254902
 20
302.90483580927884
 10
341.5960784313726
 20
302.90483580927884
 10
341.34534313725493
 20
302.90483580927884
 10
341.0946078431373
 20
302.90483580927884
 10
340.84387254901964
 20
302.90483580927884
 10
340.593137254902
 20
302.90483580927884
 10
340.34240196078434
 20
302.90483580927884
 10
340.0916666666667
 20
302.90483580927884
 10
339.84093137254905
 20
302.90483580927884
 10
339.5901960784314
 20
302.90483580927884
 10
339.33946078431376
 20
302.90483580927884
 10
339.0887254901961
 20
302.90483580927884
 10
338.83799019607847
 20
302.90483580927884
 10
338.5872549019608
 20
302.90483580927884
 10
338.3365196078432
 20
302.90483580927884
 10
338.0857843137255
 20
302.90483580927884
 10
337.8350490196079
 20
302.90483580927884
 10
337.58431372549023
 20
302.90483580927884
 10
337.3335784313726
 20
302.90483580927884
 10
337.08284313725494
 20
302.90483580927884
 10
336.8321078431373
 20
302.90483580927884
 10
336.58137254901965
 20
302.90483580927884
 10
336.330637254902
 20
302.90483580927884
 10
336.07990196078435
 20
302.90483580927884
 10
335.8291666666667
 20
302.90483580927884
 10
335.57843137254906
 20
302.90483580927884
 10
335.3276960784314
 20
302.90483580927884
 10
335.07696078431377
 20
302.90483580927884
 10
334.8262254901961
 20
302.90483580927884
 10
334.5754901960785
 20
302.90483580927884
 10
334.3247549019608
 20
302.90483580927884
 10
334.0740196078432
 20
302.90483580927884
 10
333.8232843137255
 20
302.90483580927884
 10
333.57254901960783
 20
302.90483580927884
 10
333.3218137254902
 20
302.90483580927884
 10
333.07107843137254
 20
302.90483580927884
 10
332.8203431372549
 20
302.90483580927884
 10
332.56960784313725
 20
302.90483580927884
 10
332.3188725490196
 20
302.90483580927884
 10
332.06813725490196
 20
302.90483580927884
 10
331.8174019607843
 20
302.90483580927884
 10
331.56666666666666
 20
302.90483580927884
 10
331.315931372549
 20
302.90483580927884
 10
331.06519607843137
 20
302.90483580927884
 10
330.8144607843137
 20
302.90483580927884
 10
330.5637254901961
 20
302.90483580927884
 10
330.31299019607843
 20
302.90483580927884
 10
330.0622549019608
 20
302.90483580927884
 10
329.81151960784314
 20
302.90483580927884
 10
329.5607843137255
 20
302.90483580927884
 10
329.31004901960785
 20
302.90483580927884
 10
329.0593137254902
 20
302.90483580927884
 10
328.80857843137255
 20
302.90483580927884
 10
328.5578431372549
 20
302.90483580927884
 10
328.30710784313726
 20
302.90483580927884
 10
328.0563725490196
 20
302.90483580927884
 10
327.80563725490197
 20
302.90483580927884
 10
327.5549019607843
 20
302.90483580927884
 10
327.3041666666667
 20
302.90483580927884
 10
327.053431372549
 20
302.90483580927884
 10
326.8026960784314
 20
302.90483580927884
 10
326.55196078431374
 20
302.90483580927884
 10
326.3012254901961
 20
302.90483580927884
 10
326.05049019607844
 20
302.90483580927884
 10
325.7997549019608
 20
302.90483580927884
 10
325.54901960784315
 20
302.90483580927884
 10
325.2982843137255
 20
302.90483580927884
 10
325.04754901960786
 20
302.90483580927884
 10
324.7968137254902
 20
302.90483580927884
 10
324.54607843137256
 20
302.90483580927884
 10
324.2953431372549
 20
302.90483580927884
 10
324.04460784313727
 20
302.90483580927884
 10
323.7938725490196
 20
302.90483580927884
 10
323.543137254902
 20
302.90483580927884
 10
323.29240196078433
 20
302.90483580927884
 10
323.0416666666667
 20
302.90483580927884
 10
322.79093137254904
 20
302.90483580927884
 10
322.5401960784314
 20
302.90483580927884
 10
322.28946078431375
 20
302.90483580927884
 10
322.0387254901961
 20
302.90483580927884
 10
321.78799019607845
 20
302.90483580927884
 10
321.5372549019608
 20
302.90483580927884
 10
321.28651960784316
 20
302.90483580927884
 10
321.0357843137255
 20
302.90483580927884
 10
320.78504901960787
 20
302.90483580927884
 10
320.5343137254902
 20
302.90483580927884
 10
320.2835784313726
 20
302.90483580927884
 10
320.03284313725493
 20
302.90483580927884
 10
319.7821078431373
 20
302.90483580927884
 10
319.53137254901964
 20
302.90483580927884
 10
319.280637254902
 20
302.90483580927884
 10
319.02990196078434
 20
302.90483580927884
 10
318.7791666666667
 20
302.90483580927884
 10
318.52843137254905
 20
302.90483580927884
 10
318.2776960784314
 20
302.90483580927884
 10
318.02696078431376
 20
302.90483580927884
 10
317.7762254901961
 20
302.90483580927884
 10
317.52549019607847
 20
302.90483580927884
 10
317.2747549019608
 20
302.90483580927884
 10
317.0240196078432
 20
302.90483580927884
 10
316.7732843137255
 20
302.90483580927884
 10
316.5225490196079
 20
302.90483580927884
 10
316.27181372549023
 20
302.90483580927884
 10
316.0210784313726
 20
302.90483580927884
 10
315.77034313725494
 20
302.90483580927884
 10
315.5196078431373
 20
302.90483580927884
 10
315.26887254901965
 20
302.90483580927884
 10
315.018137254902
 20
302.90483580927884
 10
314.76740196078435
 20
302.90483580927884
 10
314.5166666666667
 20
302.90483580927884
 10
314.26593137254906
 20
302.90483580927884
 10
314.0151960784314
 20
302.90483580927884
 10
313.7644607843137
 20
302.90483580927884
 10
313.51372549019607
 20
302.90483580927884
 10
313.2629901960785
 20
302.90483580927884
 10
313.0122549019608
 20
302.90483580927884
 10
312.7615196078432
 20
302.90483580927884
 10
312.5107843137255
 20
302.90483580927884
 10
312.2600490196079
 20
302.90483580927884
 10
312.0093137254902
 20
302.90483580927884
 10
311.75857843137254
 20
302.90483580927884
 10
311.5078431372549
 20
302.90483580927884
 10
311.25710784313725
 20
302.90483580927884
 10
311.0063725490196
 20
302.90483580927884
 10
310.75563725490196
 20
302.90483580927884
 10
310.5049019607843
 20
302.90483580927884
 10
310.25416666666666
 20
302.90483580927884
  0
LWPOLYLINE
  5
17C
330
17
100
AcDbEntity
  8
02-OCULTA
100
AcDbPolyline
 90
137
 70
0
 10
310.25416666666666
 20
302.90483580927884
 10
310.5049019607843
 20
302.90483580927884
 10
310.75563725490196
 20
302.90483580927884
 10
311.0063725490196
 20
302.90483580927884
 10
311.25710784313725
 20
302.90483580927884
 10
311.5078431372549
 20
302.90483580927884
 10
311.75857843137254
 20
302.90483580927884
 10
312.0093137254902
 20
302.90483580927884
 10
312.2600490196079
 20
302.90483580927884
 10
312.5107843137255
 20
302.90483580927884
 10
312.7615196078432
 20
302.90483580927884
 10
313.0122549019608
 20
302.90483580927884
 10
313.2629901960785
 20
302.90483580927884
 10
313.51372549019607
 20
302.90483580927884
 10
313.76446078431377
 20
302.90483580927884
 10
314.0151960784314
 20
302.90483580927884
 10
314.26593137254906
 20
302.90483580927884
 10
314.5166666666667
 20
302.90483580927884
 10
314.76740196078435
 20
302.90483580927884
 10
315.018137254902
 20
302.90483580927884
 10
315.26887254901965
 20
302.90483580927884
 10
315.5196078431373
 20
302.90483580927884
 10
315.77034313725494
 20
302.90483580927884
 10
316.0210784313726
 20
302.90483580927884
 10
316.27181372549023
 20
302.90483580927884
 10
316.5225490196079
 20
302.90483580927884
 10
316.7732843137255
 20
302.90483580927884
 10
317.0240196078432
 20
302.90483580927884
 10
317.2747549019608
 20
302.90483580927884
 10
317.52549019607847
 20
302.90483580927884
 10
317.7762254901961
 20
302.90483580927884
 10
318.02696078431376
 20
302.90483580927884
 10
318.2776960784314
 20
302.90483580927884
 10
318.52843137254905
 20
302.90483580927884
 10
318.7791666666667
 20
302.90483580927884
 10
319.02990196078434
 20
302.90483580927884
 10
319.280637254902
 20
302.90483580927884
 10
319.53137254901964
 20
302.90483580927884
 10
319.7821078431373
 20
302.90483580927884
 10
320.03284313725493
 20
302.90483580927884
 10
320.2835784313726
 20
302.90483580927884
 10
320.5343137254902
 20
302.90483580927884
 10
320.78504901960787
 20
302.90483580927884
 10
321.0357843137255
 20
302.90483580927884
 10
321.28651960784316
 20
302.90483580927884
 10
321.5372549019608
 20
302.90483580927884
 10
321.78799019607845
 20
302.90483580927884
 10
322.0387254901961
 20
302.90483580927884
 10
322.28946078431375
 20
302.90483580927884
 10
322.5401960784314
 20
302.90483580927884
 10
322.79093137254904
 20
302.90483580927884
 10
323.0416666666667
 20
302.90483580927884
 10
323.29240196078433
 20
302.90483580927884
 10
323.543137254902
 20
302.90483580927884
 10
323.7938725490196
 20
302.90483580927884
 10
324.04460784313727
 20
302.90483580927884
 10
324.2953431372549
 20
302.90483580927884
 10
324.54607843137256
 20
302.90483580927884
 10
324.7968137254902
 20
302.90483580927884
 10
325.04754901960786
 20
302.90483580927884
 10
325.2982843137255
 20
302.90483580927884
 10
325.54901960784315
 20
302.90483580927884
 10
325.7997549019608
 20
302.90483580927884
 10
326.05049019607844
 20
302.90483580927884
 10
326.3012254901961
 20
302.90483580927884
 10
326.55196078431374
 20
302.90483580927884
 10
326.8026960784314
 20
302.90483580927884
 10
327.053431372549
 20
302.90483580927884
 10
327.3041666666667
 20
302.90483580927884
 10
327.5549019607843
 20
302.90483580927884
 10
327.80563725490197
 20
302.90483580927884
 10
328.0563725490196
 20
302.90483580927884
 10
328.30710784313726
 20
302.90483580927884
 10
328.5578431372549
 20
302.90483580927884
 10
328.80857843137255
 20
302.90483580927884
 10
329.0593137254902
 20
302.90483580927884
 10
329.31004901960785
 20
302.90483580927884
 10
329.5607843137255
 20
302.90483580927884
 10
329.81151960784314
 20
302.90483580927884
 10
330.0622549019608
 20
302.90483580927884
 10
330.31299019607843
 20
302.90483580927884
 10
330.5637254901961
 20
302.90483580927884
 10
330.8144607843137
 20
302.90483580927884
 10
331.06519607843137
 20
302.90483580927884
 10
331.315931372549
 20
302.90483580927884
 10
331.56666666666666
 20
302.90483580927884
 10
331.8174019607843
 20
302.90483580927884
 10
332.06813725490196
 20
302.90483580927884
 10
332.3188725490196
 20
302.90483580927884
 10
332.56960784313725
 20
302.90483580927884
 10
332.8203431372549
 20
302.90483580927884
 10
333.07107843137254
 20
302.90483580927884
 10
333.3218137254902
 20
302.90483580927884
 10
333.5725490196079
 20
302.90483580927884
 10
333.8232843137255
 20
302.90483580927884
 10
334.0740196078432
 20
302.90483580927884
 10
334.3247549019608
 20
302.90483580927884
 10
334.5754901960784
 20
302.90483580927884
 10
334.82622549019607
 20
302.90483580927884
 10
335.07696078431377
 20
302.90483580927884
 10
335.3276960784314
 20
302.90483580927884
 10
335.57843137254906
 20
302.90483580927884
 10
335.8291666666667
 20
302.90483580927884
 10
336.0799019607843
 20
302.90483580927884
 10
336.33063725490194
 20
302.90483580927884
 10
336.58137254901965
 20
302.90483580927884
 10
336.8321078431373
 20
302.90483580927884
 10
337.08284313725494
 20
302.90483580927884
 10
337.3335784313726
 20
302.90483580927884
 10
337.58431372549023
 20
302.90483580927884
 10
337.8350490196079
 20
302.90483580927884
 10
338.0857843137255
 20
302.90483580927884
 10
338.3365196078432
 20
302.90483580927884
 10
338.5872549019608
 20
302.90483580927884
 10
338.83799019607847
 20
302.90483580927884
 10
339.0887254901961
 20
302.90483580927884
 10
339.33946078431376
 20
302.90483580927884
 10
339.5901960784314
 20
302.90483580927884
 10
339.84093137254905
 20
302.90483580927884
 10
340.0916666666667
 20
302.90483580927884
 10
340.34240196078434
 20
302.90483580927884
 10
340.593137254902
 20
302.90483580927884
 10
340.84387254901964
 20
302.90483580927884
 10
341.0946078431373
 20
302.90483580927884
 10
341.34534313725493
 20
302.90483580927884
 10
341.5960784313726
 20
302.90483580927884
 10
341.8468137254902
 20
302.90483580927884
 10
342.09754901960787
 20
302.90483580927884
 10
342.3482843137255
 20
302.90483580927884
 10
342.59901960784316
 20
302.90483580927884
 10
342.8497549019608
 20
302.90483580927884
 10
343.10049019607845
 20
302.90483580927884
 10
343.3512254901961
 20
302.90483580927884
 10
343.60196078431375
 20
302.90483580927884
 10
343.8526960784314
 20
302.90483580927884
 10
344.10343137254904
 20
302.90483580927884
 10
344.3541666666667
 20
302.90483580927884
  0
LWPOLYLINE
  5
17D
330
17
100
AcDbEntity
  8
02-OCULTA
100
AcDbPolyline
 90
2
 70
0
 10
344.3541666666667
 20
302.90483580927884
 10
344.3541666666667
 20
309.65483580927884
  0
LWPOLYLINE
  5
17E
330
17
100
AcDbEntity
  8
02-OCULTA
100
AcDbPolyline
 90
145
 70
0
 10
345.3541666666667
 20
302.90483580927884
 10
345.10347222222225
 20
302.90483580927884
 10
344.8527777777778
 20
302.90483580927884
 10
344.6020833333333
 20
302.90483580927884
 10
344.3513888888889
 20
302.90483580927884
 10
344.10069444444446
 20
302.90483580927884
 10
343.85
 20
302.90483580927884
 10
343.5993055555556
 20
302.90483580927884
 10
343.34861111111115
 20
302.90483580927884
 10
343.09791666666666
 20
302.90483580927884
 10
342.84722222222223
 20
302.90483580927884
 10
342.5965277777778
 20
302.90483580927884
 10
342.34583333333336
 20
302.90483580927884
 10
342.0951388888889
 20
302.90483580927884
 10
341.8444444444445
 20
302.90483580927884
 10
341.59375
 20
302.90483580927884
 10
341.34305555555557
 20
302.90483580927884
 10
341.09236111111113
 20
302.90483580927884
 10
340.8416666666667
 20
302.90483580927884
 10
340.59097222222226
 20
302.90483580927884
 10
340.34027777777777
 20
302.90483580927884
 10
340.08958333333334
 20
302.90483580927884
 10
339.8388888888889
 20
302.90483580927884
 10
339.58819444444447
 20
302.90483580927884
 10
339.33750000000003
 20
302.90483580927884
 10
339.0868055555556
 20
302.90483580927884
 10
338.8361111111111
 20
302.90483580927884
 10
338.5854166666667
 20
302.90483580927884
 10
338.33472222222224
 20
302.90483580927884
 10
338.0840277777778
 20
302.90483580927884
 10
337.83333333333337
 20
302.90483580927884
 10
337.58263888888894
 20
302.90483580927884
 10
337.33194444444445
 20
302.90483580927884
 10
337.08125
 20
302.90483580927884
 10
336.8305555555556
 20
302.90483580927884
 10
336.57986111111114
 20
302.90483580927884
 10
336.3291666666667
 20
302.90483580927884
 10
336.0784722222222
 20
302.90483580927884
 10
335.8277777777778
 20
302.90483580927884
 10
335.57708333333335
 20
302.90483580927884
 10
335.3263888888889
 20
302.90483580927884
 10
335.0756944444445
 20
302.90483580927884
 10
334.82500000000005
 20
302.90483580927884
 10
334.57430555555555
 20
302.90483580927884
 10
334.3236111111111
 20
302.90483580927884
 10
334.0729166666667
 20
302.90483580927884
 10
333.82222222222225
 20
302.90483580927884
 10
333.5715277777778
 20
302.90483580927884
 10
333.3208333333333
 20
302.90483580927884
 10
333.0701388888889
 20
302.90483580927884
 10
332.81944444444446
 20
302.90483580927884
 10
332.56875
 20
302.90483580927884
 10
332.3180555555556
 20
302.90483580927884
 10
332.06736111111115
 20
302.90483580927884
 10
331.81666666666666
 20
302.90483580927884
 10
331.56597222222223
 20
302.90483580927884
 10
331.3152777777778
 20
302.90483580927884
 10
331.06458333333336
 20
302.90483580927884
 10
330.8138888888889
 20
302.90483580927884
 10
330.5631944444445
 20
302.90483580927884
 10
330.3125
 20
302.90483580927884
 10
330.06180555555557
 20
302.90483580927884
 10
329.81111111111113
 20
302.90483580927884
 10
329.5604166666667
 20
302.90483580927884
 10
329.30972222222226
 20
302.90483580927884
 10
329.0590277777778
 20
302.90483580927884
 10
328.80833333333334
 20
302.90483580927884
 10
328.5576388888889
 20
302.90483580927884
 10
328.30694444444447
 20
302.90483580927884
 10
328.05625000000003
 20
302.90483580927884
 10
327.8055555555556
 20
302.90483580927884
 10
327.5548611111111
 20
302.90483580927884
 10
327.3041666666667
 20
302.90483580927884
 10
327.05347222222224
 20
302.90483580927884
 10
326.8027777777778
 20
302.90483580927884
 10
326.55208333333337
 20
302.90483580927884
 10
326.3013888888889
 20
302.90483580927884
 10
326.05069444444445
 20
302.90483580927884
 10
325.8
 20
302.90483580927884
 10
325.5493055555556
 20
302.90483580927884
 10
325.29861111111114
 20
302.90483580927884
 10
325.0479166666667
 20
302.90483580927884
 10
324.7972222222222
 20
302.90483580927884
 10
324.5465277777778
 20
302.90483580927884
 10
324.29583333333335
 20
302.90483580927884
 10
324.0451388888889
 20
302.90483580927884
 10
323.7944444444445
 20
302.90483580927884
 10
323.54375
 20
302.90483580927884
 10
323.29305555555555
 20
302.90483580927884
 10
323.0423611111111
 20
302.90483580927884
 10
322.7916666666667
 20
302.90483580927884
 10
322.54097222222225
 20
302.90483580927884
 10
322.2902777777778
 20
302.90483580927884
 10
322.0395833333333
 20
302.90483580927884
 10
321.7888888888889
 20
302.90483580927884
 10
321.53819444444446
 20
302.90483580927884
 10
321.2875
 20
302.90483580927884
 10
321.0368055555556
 20
302.90483580927884
 10
320.78611111111115
 20
302.90483580927884
 10
320.53541666666666
 20
302.90483580927884
 10
320.28472222222223
 20
302.90483580927884
 10
320.0340277777778
 20
302.90483580927884
 10
319.78333333333336
 20
302.90483580927884
 10
319.5326388888889
 20
302.90483580927884
 10
319.28194444444443
 20
302.90483580927884
 10
319.03125
 20
302.90483580927884
 10
318.78055555555557
 20
302.90483580927884
 10
318.52986111111113
 20
302.90483580927884
 10
318.2791666666667
 20
302.90483580927884
 10
318.02847222222226
 20
302.90483580927884
 10
317.7777777777778
 20
302.90483580927884
 10
317.52708333333334
 20
302.90483580927884
 10
317.2763888888889
 20
302.90483580927884
 10
317.02569444444447
 20
302.90483580927884
 10
316.77500000000003
 20
302.90483580927884
 10
316.5243055555556
 20
302.90483580927884
 10
316.2736111111111
 20
302.90483580927884
 10
316.0229166666667
 20
302.90483580927884
 10
315.77222222222224
 20
302.90483580927884
 10
315.5215277777778
 20
302.90483580927884
 10
315.27083333333337
 20
302.90483580927884
 10
315.02013888888894
 20
302.90483580927884
 10
314.76944444444445
 20
302.90483580927884
 10
314.51875
 20
302.90483580927884
 10
314.2680555555556
 20
302.90483580927884
 10
314.01736111111114
 20
302.90483580927884
 10
313.7666666666667
 20
302.90483580927884
 10
313.5159722222222
 20
302.90483580927884
 10
313.2652777777778
 20
302.90483580927884
 10
313.01458333333335
 20
302.90483580927884
 10
312.7638888888889
 20
302.90483580927884
 10
312.5131944444445
 20
302.90483580927884
 10
312.26250000000005
 20
302.90483580927884
 10
312.01180555555555
 20
302.90483580927884
 10
311.7611111111111
 20
302.90483580927884
 10
311.5104166666667
 20
302.90483580927884
 10
311.25972222222225
 20
302.90483580927884
 10
311.0090277777778
 20
302.90483580927884
 10
310.7583333333333
 20
302.90483580927884
 10
310.5076388888889
 20
302.90483580927884
 10
310.25694444444446
 20
302.90483580927884
 10
310.00625
 20
302.90483580927884
 10
309.7555555555556
 20
302.90483580927884
 10
309.50486111111115
 20
302.90483580927884
 10
309.25416666666666
 20
302.90483580927884
  0
LWPOLYLINE
  5
17F
330
17
100
AcDbEntity
  8
02-OCULTA
100
AcDbPolyline
 90
145
 70
0
 10
309.25416666666666
 20
302.90483580927884
 10
309.50486111111115
 20
302.90483580927884
 10
309.7555555555556
 20
302.90483580927884
 10
310.00625
 20
302.90483580927884
 10
310.25694444444446
 20
302.90483580927884
 10
310.5076388888889
 20
302.90483580927884
 10
310.7583333333333
 20
302.90483580927884
 10
311.0090277777778
 20
302.90483580927884
 10
311.25972222222225
 20
302.90483580927884
 10
311.5104166666667
 20
302.90483580927884
 10
311.7611111111111
 20
302.90483580927884
 10
312.01180555555555
 20
302.90483580927884
 10
312.26250000000005
 20
302.90483580927884
 10
312.5131944444445
 20
302.90483580927884
 10
312.7638888888889
 20
302.90483580927884
 10
313.01458333333335
 20
302.90483580927884
 10
313.2652777777778
 20
302.90483580927884
 10
313.5159722222222
 20
302.90483580927884
 10
313.7666666666667
 20
302.90483580927884
 10
314.01736111111114
 20
302.90483580927884
 10
314.2680555555556
 20
302.90483580927884
 10
314.51875
 20
302.90483580927884
 10
314.76944444444445
 20
302.90483580927884
 10
315.02013888888894
 20
302.90483580927884
 10
315.27083333333337
 20
302.90483580927884
 10
315.5215277777778
 20
302.90483580927884
 10
315.77222222222224
 20
302.90483580927884
 10
316.0229166666667
 20
302.90483580927884
 10
316.2736111111111
 20
302.90483580927884
 10
316.52430555555554
 20
302.90483580927884
 10
316.77500000000003
 20
302.90483580927884
 10
317.02569444444447
 20
302.90483580927884
 10
317.2763888888889
 20
302.90483580927884
 10
317.52708333333334
 20
302.90483580927884
 10
317.77777777777777
 20
302.90483580927884
 10
318.02847222222226
 20
302.90483580927884
 10
318.2791666666667
 20
302.90483580927884
 10
318.52986111111113
 20
302.90483580927884
 10
318.78055555555557
 20
302.90483580927884
 10
319.03125
 20
302.90483580927884
 10
319.2819444444445
 20
302.90483580927884
 10
319.5326388888889
 20
302.90483580927884
 10
319.78333333333336
 20
302.90483580927884
 10
320.0340277777778
 20
302.90483580927884
 10
320.28472222222223
 20
302.90483580927884
 10
320.53541666666666
 20
302.90483580927884
 10
320.7861111111111
 20
302.90483580927884
 10
321.0368055555556
 20
302.90483580927884
 10
321.2875
 20
302.90483580927884
 10
321.53819444444446
 20
302.90483580927884
 10
321.7888888888889
 20
302.90483580927884
 10
322.0395833333333
 20
302.90483580927884
 10
322.2902777777778
 20
302.90483580927884
 10
322.54097222222225
 20
302.90483580927884
 10
322.7916666666667
 20
302.90483580927884
 10
323.0423611111111
 20
302.90483580927884
 10
323.29305555555555
 20
302.90483580927884
 10
323.54375000000005
 20
302.90483580927884
 10
323.7944444444445
 20
302.90483580927884
 10
324.0451388888889
 20
302.90483580927884
 10
324.29583333333335
 20
302.90483580927884
 10
324.5465277777778
 20
302.90483580927884
 10
324.7972222222222
 20
302.90483580927884
 10
325.0479166666667
 20
302.90483580927884
 10
325.29861111111114
 20
302.90483580927884
 10
325.5493055555556
 20
302.90483580927884
 10
325.8
 20
302.90483580927884
 10
326.05069444444445
 20
302.90483580927884
 10
326.30138888888894
 20
302.90483580927884
 10
326.55208333333337
 20
302.90483580927884
 10
326.8027777777778
 20
302.90483580927884
 10
327.05347222222224
 20
302.90483580927884
 10
327.3041666666667
 20
302.90483580927884
 10
327.5548611111111
 20
302.90483580927884
 10
327.8055555555556
 20
302.90483580927884
 10
328.05625000000003
 20
302.90483580927884
 10
328.30694444444447
 20
302.90483580927884
 10
328.5576388888889
 20
302.90483580927884
 10
328.80833333333334
 20
302.90483580927884
 10
329.05902777777777
 20
302.90483580927884
 10
329.30972222222226
 20
302.90483580927884
 10
329.5604166666667
 20
302.90483580927884
 10
329.81111111111113
 20
302.90483580927884
 10
330.06180555555557
 20
302.90483580927884
 10
330.3125
 20
302.90483580927884
 10
330.5631944444445
 20
302.90483580927884
 10
330.8138888888889
 20
302.90483580927884
 10
331.06458333333336
 20
302.90483580927884
 10
331.3152777777778
 20
302.90483580927884
 10
331.56597222222223
 20
302.90483580927884
 10
331.81666666666666
 20
302.90483580927884
 10
332.06736111111115
 20
302.90483580927884
 10
332.3180555555556
 20
302.90483580927884
 10
332.56875
 20
302.90483580927884
 10
332.81944444444446
 20
302.90483580927884
 10
333.0701388888889
 20
302.90483580927884
 10
333.3208333333334
 20
302.90483580927884
 10
333.5715277777778
 20
302.90483580927884
 10
333.82222222222225
 20
302.90483580927884
 10
334.0729166666667
 20
302.90483580927884
 10
334.3236111111111
 20
302.90483580927884
 10
334.57430555555555
 20
302.90483580927884
 10
334.82500000000005
 20
302.90483580927884
 10
335.0756944444445
 20
302.90483580927884
 10
335.3263888888889
 20
302.90483580927884
 10
335.57708333333335
 20
302.90483580927884
 10
335.8277777777778
 20
302.90483580927884
 10
336.0784722222222
 20
302.90483580927884
 10
336.3291666666667
 20
302.90483580927884
 10
336.57986111111114
 20
302.90483580927884
 10
336.8305555555556
 20
302.90483580927884
 10
337.08125
 20
302.90483580927884
 10
337.33194444444445
 20
302.90483580927884
 10
337.58263888888894
 20
302.90483580927884
 10
337.83333333333337
 20
302.90483580927884
 10
338.0840277777778
 20
302.90483580927884
 10
338.33472222222224
 20
302.90483580927884
 10
338.5854166666667
 20
302.90483580927884
 10
338.8361111111111
 20
302.90483580927884
 10
339.0868055555556
 20
302.90483580927884
 10
339.33750000000003
 20
302.90483580927884
 10
339.58819444444447
 20
302.90483580927884
 10
339.8388888888889
 20
302.90483580927884
 10
340.08958333333334
 20
302.90483580927884
 10
340.34027777777777
 20
302.90483580927884
 10
340.5909722222222
 20
302.90483580927884
 10
340.8416666666667
 20
302.90483580927884
 10
341.09236111111113
 20
302.90483580927884
 10
341.34305555555557
 20
302.90483580927884
 10
341.59375
 20
302.90483580927884
 10
341.84444444444443
 20
302.90483580927884
 10
342.0951388888889
 20
302.90483580927884
 10
342.34583333333336
 20
302.90483580927884
 10
342.5965277777778
 20
302.90483580927884
 10
342.84722222222223
 20
302.90483580927884
 10
343.09791666666666
 20
302.90483580927884
 10
343.34861111111115
 20
302.90483580927884
 10
343.5993055555556
 20
302.90483580927884
 10
343.85
 20
302.90483580927884
 10
344.10069444444446
 20
302.90483580927884
 10
344.3513888888889
 20
302.90483580927884
 10
344.6020833333334
 20
302.90483580927884
 10
344.8527777777778
 20
302.90483580927884
 10
345.10347222222225
 20
302.90483580927884
 10
345.3541666666667
 20
302.90483580927884
  0
LWPOLYLINE
  5
180
330
17
100
AcDbEntity
  8
02-OCULTA
100
AcDbPolyline
 90
2
 70
0
 10
345.3541666666667
 20
294.8048358092788
 10
345.3541666666667
 20
302.90483580927884
  0
LWPOLYLINE
  5
181
330
17
100
AcDbEntity
  8
02-OCULTA
100
AcDbPolyline
 90
119
 70
0
 10
345.3541666666667
 20
294.8048358092788
 10
345.10347222222225
 20
294.8048358092788
 10
344.8527777777778
 20
294.8048358092788
 10
344.6020833333333
 20
294.8048358092788
 10
344.3513888888889
 20
294.8048358092788
 10
344.10069444444446
 20
294.8048358092788
 10
343.85
 20
294.8048358092788
 10
343.5993055555556
 20
294.8048358092788
 10
343.34861111111115
 20
294.8048358092788
 10
343.09791666666666
 20
294.8048358092788
 10
342.84722222222223
 20
294.8048358092788
 10
342.5965277777778
 20
294.8048358092788
 10
342.34583333333336
 20
294.8048358092788
 10
342.0951388888889
 20
294.8048358092788
 10
341.8444444444445
 20
294.8048358092788
 10
341.59375
 20
294.8048358092788
 10
341.34305555555557
 20
294.8048358092788
 10
341.09236111111113
 20
294.8048358092788
 10
340.8416666666667
 20
294.8048358092788
 10
340.59097222222226
 20
294.8048358092788
 10
340.34027777777777
 20
294.8048358092788
 10
340.08958333333334
 20
294.8048358092788
 10
339.8388888888889
 20
294.8048358092788
 10
339.58819444444447
 20
294.8048358092788
 10
339.33750000000003
 20
294.8048358092788
 10
339.0868055555556
 20
294.8048358092788
 10
338.8361111111111
 20
294.8048358092788
 10
338.5854166666667
 20
294.8048358092788
 10
338.33472222222224
 20
294.8048358092788
 10
338.0840277777778
 20
294.8048358092788
 10
337.83333333333337
 20
294.8048358092788
 10
337.58263888888894
 20
294.8048358092788
 10
337.33194444444445
 20
294.8048358092788
 10
337.08125
 20
294.8048358092788
 10
336.8305555555556
 20
294.8048358092788
 10
336.57986111111114
 20
294.8048358092788
 10
336.3291666666667
 20
294.8048358092788
 10
336.0784722222222
 20
294.8048358092788
 10
335.8277777777778
 20
294.8048358092788
 10
335.57708333333335
 20
294.8048358092788
 10
335.3263888888889
 20
294.8048358092788
 10
335.0756944444445
 20
294.8048358092788
 10
334.82500000000005
 20
294.8048358092788
 10
334.57430555555555
 20
294.8048358092788
 10
334.3236111111111
 20
294.8048358092788
 10
334.0729166666667
 20
294.8048358092788
 10
333.82222222222225
 20
294.8048358092788
 10
333.5715277777778
 20
294.8048358092788
 10
333.3208333333333
 20
294.8048358092788
 10
333.0701388888889
 20
294.8048358092788
 10
332.81944444444446
 20
294.8048358092788
 10
332.56875
 20
294.8048358092788
 10
332.3180555555556
 20
294.8048358092788
 10
332.06736111111115
 20
294.8048358092788
 10
331.81666666666666
 20
294.8048358092788
 10
331.56597222222223
 20
294.8048358092788
 10
331.3152777777778
 20
294.8048358092788
 10
331.06458333333336
 20
294.8048358092788
 10
330.8138888888889
 20
294.8048358092788
 10
330.5631944444445
 20
294.8048358092788
 10
330.3125
 20
294.8048358092788
 10
330.06180555555557
 20
294.8048358092788
 10
329.81111111111113
 20
294.8048358092788
 10
329.5604166666667
 20
294.8048358092788
 10
329.30972222222226
 20
294.8048358092788
 10
329.0590277777778
 20
294.8048358092788
 10
328.80833333333334
 20
294.8048358092788
 10
328.5576388888889
 20
294.8048358092788
 10
328.30694444444447
 20
294.8048358092788
 10
328.05625000000003
 20
294.8048358092788
 10
327.8055555555556
 20
294.8048358092788
 10
327.5548611111111
 20
294.8048358092788
 10
327.3041666666667
 20
294.8048358092788
 10
327.05347222222224
 20
294.8048358092788
 10
326.8027777777778
 20
294.8048358092788
 10
326.55208333333337
 20
294.8048358092788
 10
326.3013888888889
 20
294.8048358092788
 10
326.05069444444445
 20
294.8048358092788
 10
325.8
 20
294.8048358092788
 10
325.5493055555556
 20
294.8048358092788
 10
325.29861111111114
 20
294.8048358092788
 10
325.0479166666667
 20
294.8048358092788
 10
324.7972222222222
 20
294.8048358092788
 10
324.5465277777778
 20
294.8048358092788
 10
324.29583333333335
 20
294.8048358092788
 10
324.0451388888889
 20
294.8048358092788
 10
323.7944444444445
 20
294.8048358092788
 10
323.54375
 20
294.8048358092788
 10
323.29305555555555
 20
294.8048358092788
 10
323.0423611111111
 20
294.8048358092788
 10
322.7916666666667
 20
294.8048358092788
 10
322.54097222222225
 20
294.8048358092788
 10
322.2902777777778
 20
294.8048358092788
 10
322.0395833333333
 20
294.8048358092788
 10
321.7888888888889
 20
294.8048358092788
 10
321.53819444444446
 20
294.8048358092788
 10
321.2875
 20
294.8048358092788
 10
321.0368055555556
 20
294.8048358092788
 10
320.78611111111115
 20
294.8048358092788
 10
320.53541666666666
 20
294.8048358092788
 10
320.28472222222223
 20
294.8048358092788
 10
320.0340277777778
 20
294.8048358092788
 10
319.78333333333336
 20
294.8048358092788
 10
319.5326388888889
 20
294.8048358092788
 10
319.28194444444443
 20
294.8048358092788
 10
319.03125
 20
294.8048358092788
 10
318.78055555555557
 20
294.8048358092788
 10
318.52986111111113
 20
294.8048358092788
 10
318.2791666666667
 20
294.8048358092788
 10
318.02847222222226
 20
294.8048358092788
 10
317.7777777777778
 20
294.8048358092788
 10
317.52708333333334
 20
294.8048358092788
 10
317.2763888888889
 20
294.8048358092788
 10
317.02569444444447
 20
294.8048358092788
 10
316.77500000000003
 20
294.8048358092788
 10
316.5243055555556
 20
294.8048358092788
 10
316.2736111111111
 20
294.8048358092788
 10
316.0229166666667
 20
294.8048358092788
 10
315.83888705733756
 20
294.8048358092788
  0
LWPOLYLINE
  5
182
330
17
100
AcDbEntity
  8
02-OCULTA
100
AcDbPolyline
 90
119
 70
0
 10
315.83888705733756
 20
294.8048358092788
 10
316.0229166666667
 20
294.8048358092788
 10
316.2736111111111
 20
294.8048358092788
 10
316.52430555555554
 20
294.8048358092788
 10
316.77500000000003
 20
294.8048358092788
 10
317.02569444444447
 20
294.8048358092788
 10
317.2763888888889
 20
294.8048358092788
 10
317.52708333333334
 20
294.8048358092788
 10
317.77777777777777
 20
294.8048358092788
 10
318.02847222222226
 20
294.8048358092788
 10
318.2791666666667
 20
294.8048358092788
 10
318.52986111111113
 20
294.8048358092788
 10
318.78055555555557
 20
294.8048358092788
 10
319.03125
 20
294.8048358092788
 10
319.2819444444445
 20
294.8048358092788
 10
319.5326388888889
 20
294.8048358092788
 10
319.78333333333336
 20
294.8048358092788
 10
320.0340277777778
 20
294.8048358092788
 10
320.28472222222223
 20
294.8048358092788
 10
320.53541666666666
 20
294.8048358092788
 10
320.7861111111111
 20
294.8048358092788
 10
321.0368055555556
 20
294.8048358092788
 10
321.2875
 20
294.8048358092788
 10
321.53819444444446
 20
294.8048358092788
 10
321.7888888888889
 20
294.8048358092788
 10
322.0395833333333
 20
294.8048358092788
 10
322.2902777777778
 20
294.8048358092788
 10
322.54097222222225
 20
294.8048358092788
 10
322.7916666666667
 20
294.8048358092788
 10
323.0423611111111
 20
294.8048358092788
 10
323.29305555555555
 20
294.8048358092788
 10
323.54375000000005
 20
294.8048358092788
 10
323.7944444444445
 20
294.8048358092788
 10
324.0451388888889
 20
294.8048358092788
 10
324.29583333333335
 20
294.8048358092788
 10
324.5465277777778
 20
294.8048358092788
 10
324.7972222222222
 20
294.8048358092788
 10
325.0479166666667
 20
294.8048358092788
 10
325.29861111111114
 20
294.8048358092788
 10
325.5493055555556
 20
294.8048358092788
 10
325.8
 20
294.8048358092788
 10
326.05069444444445
 20
294.8048358092788
 10
326.30138888888894
 20
294.8048358092788
 10
326.55208333333337
 20
294.8048358092788
 10
326.8027777777778
 20
294.8048358092788
 10
327.05347222222224
 20
294.8048358092788
 10
327.3041666666667
 20
294.8048358092788
 10
327.5548611111111
 20
294.8048358092788
 10
327.8055555555556
 20
294.8048358092788
 10
328.05625000000003
 20
294.8048358092788
 10
328.30694444444447
 20
294.8048358092788
 10
328.5576388888889
 20
294.8048358092788
 10
328.80833333333334
 20
294.8048358092788
 10
329.05902777777777
 20
294.8048358092788
 10
329.30972222222226
 20
294.8048358092788
 10
329.5604166666667
 20
294.8048358092788
 10
329.81111111111113
 20
294.8048358092788
 10
330.06180555555557
 20
294.8048358092788
 10
330.3125
 20
294.8048358092788
 10
330.5631944444445
 20
294.8048358092788
 10
330.8138888888889
 20
294.8048358092788
 10
331.06458333333336
 20
294.8048358092788
 10
331.3152777777778
 20
294.8048358092788
 10
331.56597222222223
 20
294.8048358092788
 10
331.81666666666666
 20
294.8048358092788
 10
332.06736111111115
 20
294.8048358092788
 10
332.3180555555556
 20
294.8048358092788
 10
332.56875
 20
294.8048358092788
 10
332.81944444444446
 20
294.8048358092788
 10
333.0701388888889
 20
294.8048358092788
 10
333.3208333333334
 20
294.8048358092788
 10
333.5715277777778
 20
294.8048358092788
 10
333.82222222222225
 20
294.8048358092788
 10
334.0729166666667
 20
294.8048358092788
 10
334.3236111111111
 20
294.8048358092788
 10
334.57430555555555
 20
294.8048358092788
 10
334.82500000000005
 20
294.8048358092788
 10
335.0756944444445
 20
294.8048358092788
 10
335.3263888888889
 20
294.8048358092788
 10
335.57708333333335
 20
294.8048358092788
 10
335.8277777777778
 20
294.8048358092788
 10
336.0784722222222
 20
294.8048358092788
 10
336.3291666666667
 20
294.8048358092788
 10
336.57986111111114
 20
294.8048358092788
 10
336.8305555555556
 20
294.8048358092788
 10
337.08125
 20
294.8048358092788
 10
337.33194444444445
 20
294.8048358092788
 10
337.58263888888894
 20
294.8048358092788
 10
337.83333333333337
 20
294.8048358092788
 10
338.0840277777778
 20
294.8048358092788
 10
338.33472222222224
 20
294.8048358092788
 10
338.5854166666667
 20
294.8048358092788
 10
338.8361111111111
 20
294.8048358092788
 10
339.0868055555556
 20
294.8048358092788
 10
339.33750000000003
 20
294.8048358092788
 10
339.58819444444447
 20
294.8048358092788
 10
339.8388888888889
 20
294.8048358092788
 10
340.08958333333334
 20
294.8048358092788
 10
340.34027777777777
 20
294.8048358092788
 10
340.5909722222222
 20
294.8048358092788
 10
340.8416666666667
 20
294.8048358092788
 10
341.09236111111113
 20
294.8048358092788
 10
341.34305555555557
 20
294.8048358092788
 10
341.59375
 20
294.8048358092788
 10
341.84444444444443
 20
294.8048358092788
 10
342.0951388888889
 20
294.8048358092788
 10
342.34583333333336
 20
294.8048358092788
 10
342.5965277777778
 20
294.8048358092788
 10
342.84722222222223
 20
294.8048358092788
 10
343.09791666666666
 20
294.8048358092788
 10
343.34861111111115
 20
294.8048358092788
 10
343.5993055555556
 20
294.8048358092788
 10
343.85
 20
294.8048358092788
 10
344.10069444444446
 20
294.8048358092788
 10
344.3513888888889
 20
294.8048358092788
 10
344.6020833333334
 20
294.8048358092788
 10
344.8527777777778
 20
294.8048358092788
 10
345.10347222222225
 20
294.8048358092788
 10
345.3541666666667
 20
294.8048358092788
  0
LWPOLYLINE
  5
183
330
17
100
AcDbEntity
  8
02-OCULTA
100
AcDbPolyline
 90
129
 70
0
 10
343.3291666666667
 20
302.90483580927884
 10
343.0787760416667
 20
302.90483580927884
 10
342.82838541666666
 20
302.90483580927884
 10
342.5779947916667
 20
302.90483580927884
 10
342.3276041666667
 20
302.90483580927884
 10
342.0772135416667
 20
302.90483580927884
 10
341.8268229166667
 20
302.90483580927884
 10
341.57643229166666
 20
302.90483580927884
 10
341.3260416666667
 20
302.90483580927884
 10
341.0756510416667
 20
302.90483580927884
 10
340.8252604166667
 20
302.90483580927884
 10
340.5748697916667
 20
302.90483580927884
 10
340.32447916666666
 20
302.90483580927884
 10
340.0740885416667
 20
302.90483580927884
 10
339.8236979166667
 20
302.90483580927884
 10
339.5733072916667
 20
302.90483580927884
 10
339.3229166666667
 20
302.90483580927884
 10
339.07252604166666
 20
302.90483580927884
 10
338.8221354166667
 20
302.90483580927884
 10
338.5717447916667
 20
302.90483580927884
 10
338.3213541666667
 20
302.90483580927884
 10
338.0709635416667
 20
302.90483580927884
 10
337.82057291666666
 20
302.90483580927884
 10
337.5701822916667
 20
302.90483580927884
 10
337.3197916666667
 20
302.90483580927884
 10
337.0694010416667
 20
302.90483580927884
 10
336.8190104166667
 20
302.90483580927884
 10
336.56861979166666
 20
302.90483580927884
 10
336.3182291666667
 20
302.90483580927884
 10
336.0678385416667
 20
302.90483580927884
 10
335.8174479166667
 20
302.90483580927884
 10
335.5670572916667
 20
302.90483580927884
 10
335.31666666666666
 20
302.90483580927884
 10
335.0662760416667
 20
302.90483580927884
 10
334.8158854166667
 20
302.90483580927884
 10
334.5654947916667
 20
302.90483580927884
 10
334.3151041666667
 20
302.90483580927884
 10
334.06471354166666
 20
302.90483580927884
 10
333.8143229166667
 20
302.90483580927884
 10
333.5639322916667
 20
302.90483580927884
 10
333.3135416666667
 20
302.90483580927884
 10
333.0631510416667
 20
302.90483580927884
 10
332.81276041666666
 20
302.90483580927884
 10
332.5623697916667
 20
302.90483580927884
 10
332.3119791666667
 20
302.90483580927884
 10
332.0615885416667
 20
302.90483580927884
 10
331.8111979166667
 20
302.90483580927884
 10
331.56080729166666
 20
302.90483580927884
 10
331.3104166666667
 20
302.90483580927884
 10
331.0600260416667
 20
302.90483580927884
 10
330.8096354166667
 20
302.90483580927884
 10
330.5592447916667
 20
302.90483580927884
 10
330.30885416666666
 20
302.90483580927884
 10
330.0584635416667
 20
302.90483580927884
 10
329.8080729166667
 20
302.90483580927884
 10
329.5576822916667
 20
302.90483580927884
 10
329.3072916666667
 20
302.90483580927884
 10
329.05690104166666
 20
302.90483580927884
 10
328.8065104166667
 20
302.90483580927884
 10
328.5561197916667
 20
302.90483580927884
 10
328.3057291666667
 20
302.90483580927884
 10
328.0553385416667
 20
302.90483580927884
 10
327.80494791666666
 20
302.90483580927884
 10
327.5545572916667
 20
302.90483580927884
 10
327.3041666666667
 20
302.90483580927884
 10
327.0537760416667
 20
302.90483580927884
 10
326.8033854166667
 20
302.90483580927884
 10
326.55299479166666
 20
302.90483580927884
 10
326.3026041666667
 20
302.90483580927884
 10
326.0522135416667
 20
302.90483580927884
 10
325.8018229166667
 20
302.90483580927884
 10
325.5514322916667
 20
302.90483580927884
 10
325.30104166666666
 20
302.90483580927884
 10
325.0506510416667
 20
302.90483580927884
 10
324.8002604166667
 20
302.90483580927884
 10
324.54986979166665
 20
302.90483580927884
 10
324.2994791666667
 20
302.90483580927884
 10
324.04908854166666
 20
302.90483580927884
 10
323.7986979166667
 20
302.90483580927884
 10
323.5483072916667
 20
302.90483580927884
 10
323.29791666666665
 20
302.90483580927884
 10
323.0475260416667
 20
302.90483580927884
 10
322.79713541666666
 20
302.90483580927884
 10
322.5467447916667
 20
302.90483580927884
 10
322.2963541666667
 20
302.90483580927884
 10
322.04596354166665
 20
302.90483580927884
 10
321.7955729166667
 20
302.90483580927884
 10
321.54518229166666
 20
302.90483580927884
 10
321.2947916666667
 20
302.90483580927884
 10
321.0444010416667
 20
302.90483580927884
 10
320.7940104166667
 20
302.90483580927884
 10
320.5436197916667
 20
302.90483580927884
 10
320.29322916666666
 20
302.90483580927884
 10
320.0428385416667
 20
302.90483580927884
 10
319.7924479166667
 20
302.90483580927884
 10
319.5420572916667
 20
302.90483580927884
 10
319.2916666666667
 20
302.90483580927884
 10
319.0412760416667
 20
302.90483580927884
 10
318.7908854166667
 20
302.90483580927884
 10
318.5404947916667
 20
302.90483580927884
 10
318.2901041666667
 20
302.90483580927884
 10
318.0397135416667
 20
302.90483580927884
 10
317.78932291666666
 20
302.90483580927884
 10
317.5389322916667
 20
302.90483580927884
 10
317.2885416666667
 20
302.90483580927884
 10
317.03815104166665
 20
302.90483580927884
 10
316.7877604166667
 20
302.90483580927884
 10
316.53736979166666
 20
302.90483580927884
 10
316.2869791666667
 20
302.90483580927884
 10
316.0365885416667
 20
302.90483580927884
 10
315.7861979166667
 20
302.90483580927884
 10
315.5358072916667
 20
302.90483580927884
 10
315.28541666666666
 20
302.90483580927884
 10
315.0350260416667
 20
302.90483580927884
 10
314.7846354166667
 20
302.90483580927884
 10
314.5342447916667
 20
302.90483580927884
 10
314.2838541666667
 20
302.90483580927884
 10
314.03346354166666
 20
302.90483580927884
 10
313.7830729166667
 20
302.90483580927884
 10
313.5326822916667
 20
302.90483580927884
 10
313.28229166666665
 20
302.90483580927884
 10
313.0319010416667
 20
302.90483580927884
 10
312.78151041666666
 20
302.90483580927884
 10
312.5311197916667
 20
302.90483580927884
 10
312.2807291666667
 20
302.90483580927884
 10
312.0303385416667
 20
302.90483580927884
 10
311.7799479166667
 20
302.90483580927884
 10
311.52955729166666
 20
302.90483580927884
 10
311.2791666666667
 20
302.90483580927884
  0
LWPOLYLINE
  5
184
330
17
100
AcDbEntity
  8
02-OCULTA
100
AcDbPolyline
 90
129
 70
0
 10
311.2791666666667
 20
302.90483580927884
 10
311.52955729166666
 20
302.90483580927884
 10
311.7799479166667
 20
302.90483580927884
 10
312.0303385416667
 20
302.90483580927884
 10
312.2807291666667
 20
302.90483580927884
 10
312.5311197916667
 20
302.90483580927884
 10
312.78151041666666
 20
302.90483580927884
 10
313.0319010416667
 20
302.90483580927884
 10
313.2822916666667
 20
302.90483580927884
 10
313.5326822916667
 20
302.90483580927884
 10
313.7830729166667
 20
302.90483580927884
 10
314.03346354166666
 20
302.90483580927884
 10
314.2838541666667
 20
302.90483580927884
 10
314.5342447916667
 20
302.90483580927884
 10
314.7846354166667
 20
302.90483580927884
 10
315.0350260416667
 20
302.90483580927884
 10
315.28541666666666
 20
302.90483580927884
 10
315.5358072916667
 20
302.90483580927884
 10
315.7861979166667
 20
302.90483580927884
 10
316.0365885416667
 20
302.90483580927884
 10
316.2869791666667
 20
302.90483580927884
 10
316.53736979166666
 20
302.90483580927884
 10
316.7877604166667
 20
302.90483580927884
 10
317.0381510416667
 20
302.90483580927884
 10
317.2885416666667
 20
302.90483580927884
 10
317.5389322916667
 20
302.90483580927884
 10
317.7893229166667
 20
302.90483580927884
 10
318.0397135416667
 20
302.90483580927884
 10
318.2901041666667
 20
302.90483580927884
 10
318.5404947916667
 20
302.90483580927884
 10
318.7908854166667
 20
302.90483580927884
 10
319.04127604166666
 20
302.90483580927884
 10
319.2916666666667
 20
302.90483580927884
 10
319.5420572916667
 20
302.90483580927884
 10
319.7924479166667
 20
302.90483580927884
 10
320.0428385416667
 20
302.90483580927884
 10
320.29322916666666
 20
302.90483580927884
 10
320.5436197916667
 20
302.90483580927884
 10
320.79401041666665
 20
302.90483580927884
 10
321.0444010416667
 20
302.90483580927884
 10
321.2947916666667
 20
302.90483580927884
 10
321.5451822916667
 20
302.90483580927884
 10
321.7955729166667
 20
302.90483580927884
 10
322.0459635416667
 20
302.90483580927884
 10
322.2963541666667
 20
302.90483580927884
 10
322.5467447916667
 20
302.90483580927884
 10
322.7971354166667
 20
302.90483580927884
 10
323.0475260416667
 20
302.90483580927884
 10
323.2979166666667
 20
302.90483580927884
 10
323.5483072916667
 20
302.90483580927884
 10
323.7986979166667
 20
302.90483580927884
 10
324.04908854166666
 20
302.90483580927884
 10
324.2994791666667
 20
302.90483580927884
 10
324.5498697916667
 20
302.90483580927884
 10
324.8002604166667
 20
302.90483580927884
 10
325.0506510416667
 20
302.90483580927884
 10
325.30104166666666
 20
302.90483580927884
 10
325.5514322916667
 20
302.90483580927884
 10
325.8018229166667
 20
302.90483580927884
 10
326.0522135416667
 20
302.90483580927884
 10
326.3026041666667
 20
302.90483580927884
 10
326.55299479166666
 20
302.90483580927884
 10
326.8033854166667
 20
302.90483580927884
 10
327.0537760416667
 20
302.90483580927884
 10
327.3041666666667
 20
302.90483580927884
 10
327.5545572916667
 20
302.90483580927884
 10
327.80494791666666
 20
302.90483580927884
 10
328.0553385416667
 20
302.90483580927884
 10
328.3057291666667
 20
302.90483580927884
 10
328.5561197916667
 20
302.90483580927884
 10
328.8065104166667
 20
302.90483580927884
 10
329.05690104166666
 20
302.90483580927884
 10
329.3072916666667
 20
302.90483580927884
 10
329.55768229166665
 20
302.90483580927884
 10
329.8080729166667
 20
302.90483580927884
 10
330.0584635416667
 20
302.90483580927884
 10
330.30885416666666
 20
302.90483580927884
 10
330.5592447916667
 20
302.90483580927884
 10
330.80963541666665
 20
302.90483580927884
 10
331.0600260416667
 20
302.90483580927884
 10
331.3104166666667
 20
302.90483580927884
 10
331.56080729166666
 20
302.90483580927884
 10
331.8111979166667
 20
302.90483580927884
 10
332.0615885416667
 20
302.90483580927884
 10
332.3119791666667
 20
302.90483580927884
 10
332.5623697916667
 20
302.90483580927884
 10
332.81276041666666
 20
302.90483580927884
 10
333.0631510416667
 20
302.90483580927884
 10
333.3135416666667
 20
302.90483580927884
 10
333.5639322916667
 20
302.90483580927884
 10
333.8143229166667
 20
302.90483580927884
 10
334.06471354166666
 20
302.90483580927884
 10
334.3151041666667
 20
302.90483580927884
 10
334.5654947916667
 20
302.90483580927884
 10
334.8158854166667
 20
302.90483580927884
 10
335.0662760416667
 20
302.90483580927884
 10
335.31666666666666
 20
302.90483580927884
 10
335.5670572916667
 20
302.90483580927884
 10
335.8174479166667
 20
302.90483580927884
 10
336.0678385416667
 20
302.90483580927884
 10
336.3182291666667
 20
302.90483580927884
 10
336.5686197916667
 20
302.90483580927884
 10
336.8190104166667
 20
302.90483580927884
 10
337.06940104166665
 20
302.90483580927884
 10
337.3197916666667
 20
302.90483580927884
 10
337.5701822916667
 20
302.90483580927884
 10
337.8205729166667
 20
302.90483580927884
 10
338.0709635416667
 20
302.90483580927884
 10
338.32135416666665
 20
302.90483580927884
 10
338.5717447916667
 20
302.90483580927884
 10
338.8221354166667
 20
302.90483580927884
 10
339.07252604166666
 20
302.90483580927884
 10
339.3229166666667
 20
302.90483580927884
 10
339.5733072916667
 20
302.90483580927884
 10
339.8236979166667
 20
302.90483580927884
 10
340.0740885416667
 20
302.90483580927884
 10
340.3244791666667
 20
302.90483580927884
 10
340.5748697916667
 20
302.90483580927884
 10
340.8252604166667
 20
302.90483580927884
 10
341.0756510416667
 20
302.90483580927884
 10
341.3260416666667
 20
302.90483580927884
 10
341.5764322916667
 20
302.90483580927884
 10
341.8268229166667
 20
302.90483580927884
 10
342.0772135416667
 20
302.90483580927884
 10
342.3276041666667
 20
302.90483580927884
 10
342.5779947916667
 20
302.90483580927884
 10
342.82838541666666
 20
302.90483580927884
 10
343.0787760416667
 20
302.90483580927884
 10
343.3291666666667
 20
302.90483580927884
  0
LWPOLYLINE
  5
185
330
17
100
AcDbEntity
  8
02-OCULTA
100
AcDbPolyline
 90
111
 70
0
 10
343.3291666666667
 20
294.8048358092788
 10
343.0787760416667
 20
294.8048358092788
 10
342.82838541666666
 20
294.8048358092788
 10
342.5779947916667
 20
294.8048358092788
 10
342.3276041666667
 20
294.8048358092788
 10
342.0772135416667
 20
294.8048358092788
 10
341.8268229166667
 20
294.8048358092788
 10
341.57643229166666
 20
294.8048358092788
 10
341.3260416666667
 20
294.8048358092788
 10
341.0756510416667
 20
294.8048358092788
 10
340.8252604166667
 20
294.8048358092788
 10
340.5748697916667
 20
294.8048358092788
 10
340.32447916666666
 20
294.8048358092788
 10
340.0740885416667
 20
294.8048358092788
 10
339.8236979166667
 20
294.8048358092788
 10
339.5733072916667
 20
294.8048358092788
 10
339.3229166666667
 20
294.8048358092788
 10
339.07252604166666
 20
294.8048358092788
 10
338.8221354166667
 20
294.8048358092788
 10
338.5717447916667
 20
294.8048358092788
 10
338.3213541666667
 20
294.8048358092788
 10
338.0709635416667
 20
294.8048358092788
 10
337.82057291666666
 20
294.8048358092788
 10
337.5701822916667
 20
294.8048358092788
 10
337.3197916666667
 20
294.8048358092788
 10
337.0694010416667
 20
294.8048358092788
 10
336.8190104166667
 20
294.8048358092788
 10
336.56861979166666
 20
294.8048358092788
 10
336.3182291666667
 20
294.8048358092788
 10
336.0678385416667
 20
294.8048358092788
 10
335.8174479166667
 20
294.8048358092788
 10
335.5670572916667
 20
294.8048358092788
 10
335.31666666666666
 20
294.8048358092788
 10
335.0662760416667
 20
294.8048358092788
 10
334.8158854166667
 20
294.8048358092788
 10
334.5654947916667
 20
294.8048358092788
 10
334.3151041666667
 20
294.8048358092788
 10
334.06471354166666
 20
294.8048358092788
 10
333.8143229166667
 20
294.8048358092788
 10
333.5639322916667
 20
294.8048358092788
 10
333.3135416666667
 20
294.8048358092788
 10
333.0631510416667
 20
294.8048358092788
 10
332.81276041666666
 20
294.8048358092788
 10
332.5623697916667
 20
294.8048358092788
 10
332.3119791666667
 20
294.8048358092788
 10
332.0615885416667
 20
294.8048358092788
 10
331.8111979166667
 20
294.8048358092788
 10
331.56080729166666
 20
294.8048358092788
 10
331.3104166666667
 20
294.8048358092788
 10
331.0600260416667
 20
294.8048358092788
 10
330.8096354166667
 20
294.8048358092788
 10
330.5592447916667
 20
294.8048358092788
 10
330.30885416666666
 20
294.8048358092788
 10
330.0584635416667
 20
294.8048358092788
 10
329.8080729166667
 20
294.8048358092788
 10
329.5576822916667
 20
294.8048358092788
 10
329.3072916666667
 20
294.8048358092788
 10
329.05690104166666
 20
294.8048358092788
 10
328.8065104166667
 20
294.8048358092788
 10
328.5561197916667
 20
294.8048358092788
 10
328.3057291666667
 20
294.8048358092788
 10
328.0553385416667
 20
294.8048358092788
 10
327.80494791666666
 20
294.8048358092788
 10
327.5545572916667
 20
294.8048358092788
 10
327.3041666666667
 20
294.8048358092788
 10
327.0537760416667
 20
294.8048358092788
 10
326.8033854166667
 20
294.8048358092788
 10
326.55299479166666
 20
294.8048358092788
 10
326.3026041666667
 20
294.8048358092788
 10
326.0522135416667
 20
294.8048358092788
 10
325.8018229166667
 20
294.8048358092788
 10
325.5514322916667
 20
294.8048358092788
 10
325.30104166666666
 20
294.8048358092788
 10
325.0506510416667
 20
294.8048358092788
 10
324.8002604166667
 20
294.8048358092788
 10
324.54986979166665
 20
294.8048358092788
 10
324.2994791666667
 20
294.8048358092788
 10
324.04908854166666
 20
294.8048358092788
 10
323.7986979166667
 20
294.8048358092788
 10
323.5483072916667
 20
294.8048358092788
 10
323.29791666666665
 20
294.8048358092788
 10
323.0475260416667
 20
294.8048358092788
 10
322.79713541666666
 20
294.8048358092788
 10
322.5467447916667
 20
294.8048358092788
 10
322.2963541666667
 20
294.8048358092788
 10
322.04596354166665
 20
294.8048358092788
 10
321.7955729166667
 20
294.8048358092788
 10
321.54518229166666
 20
294.8048358092788
 10
321.2947916666667
 20
294.8048358092788
 10
321.0444010416667
 20
294.8048358092788
 10
320.7940104166667
 20
294.8048358092788
 10
320.5436197916667
 20
294.8048358092788
 10
320.29322916666666
 20
294.8048358092788
 10
320.0428385416667
 20
294.8048358092788
 10
319.7924479166667
 20
294.8048358092788
 10
319.5420572916667
 20
294.8048358092788
 10
319.2916666666667
 20
294.8048358092788
 10
319.0412760416667
 20
294.8048358092788
 10
318.7908854166667
 20
294.8048358092788
 10
318.5404947916667
 20
294.8048358092788
 10
318.2901041666667
 20
294.8048358092788
 10
318.0397135416667
 20
294.8048358092788
 10
317.78932291666666
 20
294.8048358092788
 10
317.5389322916667
 20
294.8048358092788
 10
317.2885416666667
 20
294.8048358092788
 10
317.03815104166665
 20
294.8048358092788
 10
316.7877604166667
 20
294.8048358092788
 10
316.53736979166666
 20
294.8048358092788
 10
316.2869791666667
 20
294.8048358092788
 10
316.0365885416667
 20
294.8048358092788
 10
315.83888705733756
 20
294.8048358092788
  0
LWPOLYLINE
  5
186
330
17
100
AcDbEntity
  8
02-OCULTA
100
AcDbPolyline
 90
111
 70
0
 10
315.83888705733756
 20
294.8048358092788
 10
316.0365885416667
 20
294.8048358092788
 10
316.2869791666667
 20
294.8048358092788
 10
316.53736979166666
 20
294.8048358092788
 10
316.7877604166667
 20
294.8048358092788
 10
317.0381510416667
 20
294.8048358092788
 10
317.2885416666667
 20
294.8048358092788
 10
317.5389322916667
 20
294.8048358092788
 10
317.7893229166667
 20
294.8048358092788
 10
318.0397135416667
 20
294.8048358092788
 10
318.2901041666667
 20
294.8048358092788
 10
318.5404947916667
 20
294.8048358092788
 10
318.7908854166667
 20
294.8048358092788
 10
319.04127604166666
 20
294.8048358092788
 10
319.2916666666667
 20
294.8048358092788
 10
319.5420572916667
 20
294.8048358092788
 10
319.7924479166667
 20
294.8048358092788
 10
320.0428385416667
 20
294.8048358092788
 10
320.29322916666666
 20
294.8048358092788
 10
320.5436197916667
 20
294.8048358092788
 10
320.79401041666665
 20
294.8048358092788
 10
321.0444010416667
 20
294.8048358092788
 10
321.2947916666667
 20
294.8048358092788
 10
321.5451822916667
 20
294.8048358092788
 10
321.7955729166667
 20
294.8048358092788
 10
322.0459635416667
 20
294.8048358092788
 10
322.2963541666667
 20
294.8048358092788
 10
322.5467447916667
 20
294.8048358092788
 10
322.7971354166667
 20
294.8048358092788
 10
323.0475260416667
 20
294.8048358092788
 10
323.2979166666667
 20
294.8048358092788
 10
323.5483072916667
 20
294.8048358092788
 10
323.7986979166667
 20
294.8048358092788
 10
324.04908854166666
 20
294.8048358092788
 10
324.2994791666667
 20
294.8048358092788
 10
324.5498697916667
 20
294.8048358092788
 10
324.8002604166667
 20
294.8048358092788
 10
325.0506510416667
 20
294.8048358092788
 10
325.30104166666666
 20
294.8048358092788
 10
325.5514322916667
 20
294.8048358092788
 10
325.8018229166667
 20
294.8048358092788
 10
326.0522135416667
 20
294.8048358092788
 10
326.3026041666667
 20
294.8048358092788
 10
326.55299479166666
 20
294.8048358092788
 10
326.8033854166667
 20
294.8048358092788
 10
327.0537760416667
 20
294.8048358092788
 10
327.3041666666667
 20
294.8048358092788
 10
327.5545572916667
 20
294.8048358092788
 10
327.80494791666666
 20
294.8048358092788
 10
328.0553385416667
 20
294.8048358092788
 10
328.3057291666667
 20
294.8048358092788
 10
328.5561197916667
 20
294.8048358092788
 10
328.8065104166667
 20
294.8048358092788
 10
329.05690104166666
 20
294.8048358092788
 10
329.3072916666667
 20
294.8048358092788
 10
329.55768229166665
 20
294.8048358092788
 10
329.8080729166667
 20
294.8048358092788
 10
330.0584635416667
 20
294.8048358092788
 10
330.30885416666666
 20
294.8048358092788
 10
330.5592447916667
 20
294.8048358092788
 10
330.80963541666665
 20
294.8048358092788
 10
331.0600260416667
 20
294.8048358092788
 10
331.3104166666667
 20
294.8048358092788
 10
331.56080729166666
 20
294.8048358092788
 10
331.8111979166667
 20
294.8048358092788
 10
332.0615885416667
 20
294.8048358092788
 10
332.3119791666667
 20
294.8048358092788
 10
332.5623697916667
 20
294.8048358092788
 10
332.81276041666666
 20
294.8048358092788
 10
333.0631510416667
 20
294.8048358092788
 10
333.3135416666667
 20
294.8048358092788
 10
333.5639322916667
 20
294.8048358092788
 10
333.8143229166667
 20
294.8048358092788
 10
334.06471354166666
 20
294.8048358092788
 10
334.3151041666667
 20
294.8048358092788
 10
334.5654947916667
 20
294.8048358092788
 10
334.8158854166667
 20
294.8048358092788
 10
335.0662760416667
 20
294.8048358092788
 10
335.31666666666666
 20
294.8048358092788
 10
335.5670572916667
 20
294.8048358092788
 10
335.8174479166667
 20
294.8048358092788
 10
336.0678385416667
 20
294.8048358092788
 10
336.3182291666667
 20
294.8048358092788
 10
336.5686197916667
 20
294.8048358092788
 10
336.8190104166667
 20
294.8048358092788
 10
337.06940104166665
 20
294.8048358092788
 10
337.3197916666667
 20
294.8048358092788
 10
337.5701822916667
 20
294.8048358092788
 10
337.8205729166667
 20
294.8048358092788
 10
338.0709635416667
 20
294.8048358092788
 10
338.32135416666665
 20
294.8048358092788
 10
338.5717447916667
 20
294.8048358092788
 10
338.8221354166667
 20
294.8048358092788
 10
339.07252604166666
 20
294.8048358092788
 10
339.3229166666667
 20
294.8048358092788
 10
339.5733072916667
 20
294.8048358092788
 10
339.8236979166667
 20
294.8048358092788
 10
340.0740885416667
 20
294.8048358092788
 10
340.3244791666667
 20
294.8048358092788
 10
340.5748697916667
 20
294.8048358092788
 10
340.8252604166667
 20
294.8048358092788
 10
341.0756510416667
 20
294.8048358092788
 10
341.3260416666667
 20
294.8048358092788
 10
341.5764322916667
 20
294.8048358092788
 10
341.8268229166667
 20
294.8048358092788
 10
342.0772135416667
 20
294.8048358092788
 10
342.3276041666667
 20
294.8048358092788
 10
342.5779947916667
 20
294.8048358092788
 10
342.82838541666666
 20
294.8048358092788
 10
343.0787760416667
 20
294.8048358092788
 10
343.3291666666667
 20
294.8048358092788
  0
LWPOLYLINE
  5
187
330
17
100
AcDbEntity
  8
02-OCULTA
100
AcDbPolyline
 90
2
 70
0
 10
343.3291666666667
 20
294.8048358092788
 10
343.3291666666667
 20
302.90483580927884
  0
LWPOLYLINE
  5
188
330
17
100
AcDbEntity
  8
02-OCULTA
100
AcDbPolyline
 90
2
 70
0
 10
317.1791666666667
 20
317.17446235358096
 10
317.1791666666667
 20
331.83520926497675
  0
LWPOLYLINE
  5
189
330
17
100
AcDbEntity
  8
02-OCULTA
100
AcDbPolyline
 90
2
 70
0
 10
317.1791666666667
 20
335.8204899244665
 10
317.1791666666667
 20
336.65483580927884
  0
LWPOLYLINE
  5
18A
330
17
100
AcDbEntity
  8
02-OCULTA
100
AcDbPolyline
 90
2
 70
0
 10
317.1791666666667
 20
309.65483580927884
 10
317.1791666666667
 20
336.65483580927884
  0
LWPOLYLINE
  5
18B
330
17
100
AcDbEntity
  8
02-OCULTA
100
AcDbPolyline
 90
38
 70
0
 10
317.1791666666667
 20
314.3798358092788
 10
317.1791666666667
 20
314.6352412146842
 10
317.1791666666667
 20
314.8906466200896
 10
317.1791666666667
 20
315.146052025495
 10
317.1791666666667
 20
315.40145743090045
 10
317.1791666666667
 20
315.65686283630583
 10
317.1791666666667
 20
315.9122682417112
 10
317.1791666666667
 20
316.16767364711666
 10
317.1791666666667
 20
316.42307905252204
 10
317.1791666666667
 20
316.6784844579275
 10
317.1791666666667
 20
316.93388986333287
 10
317.1791666666667
 20
317.18929526873825
 10
317.1791666666667
 20
317.4447006741437
 10
317.1791666666667
 20
317.7001060795491
 10
317.1791666666667
 20
317.9555114849545
 10
317.1791666666667
 20
318.2109168903599
 10
317.1791666666667
 20
318.4663222957653
 10
317.1791666666667
 20
318.7217277011707
 10
317.1791666666667
 20
318.9771331065761
 10
317.1791666666667
 20
319.23253851198155
 10
317.1791666666667
 20
319.48794391738693
 10
317.1791666666667
 20
319.74334932279237
 10
317.1791666666667
 20
319.99875472819775
 10
317.1791666666667
 20
320.25416013360314
 10
317.1791666666667
 20
320.5095655390086
 10
317.1791666666667
 20
320.76497094441396
 10
317.1791666666667
 20
321.0203763498194
 10
317.1791666666667
 20
321.2757817552248
 10
317.1791666666667
 20
321.53118716063017
 10
317.1791666666667
 20
321.7865925660356
 10
317.1791666666667
 20
322.041997971441
 10
317.1791666666667
 20
322.29740337684643
 10
317.1791666666667
 20
322.5528087822518
 10
317.1791666666667
 20
322.8082141876572
 10
317.1791666666667
 20
323.06361959306264
 10
317.1791666666667
 20
323.319024998468
 10
317.1791666666667
 20
323.57443040387346
 10
317.1791666666667
 20
323.82983580927885
  0
LWPOLYLINE
  5
18C
330
17
100
AcDbEntity
  8
02-OCULTA
100
AcDbPolyline
 90
38
 70
0
 10
317.1791666666667
 20
323.82983580927885
 10
317.1791666666667
 20
323.57443040387346
 10
317.1791666666667
 20
323.319024998468
 10
317.1791666666667
 20
323.06361959306264
 10
317.1791666666667
 20
322.8082141876572
 10
317.1791666666667
 20
322.5528087822518
 10
317.1791666666667
 20
322.29740337684643
 10
317.1791666666667
 20
322.041997971441
 10
317.1791666666667
 20
321.7865925660356
 10
317.1791666666667
 20
321.53118716063017
 10
317.1791666666667
 20
321.2757817552248
 10
317.1791666666667
 20
321.0203763498194
 10
317.1791666666667
 20
320.76497094441396
 10
317.1791666666667
 20
320.5095655390086
 10
317.1791666666667
 20
320.25416013360314
 10
317.1791666666667
 20
319.99875472819775
 10
317.1791666666667
 20
319.74334932279237
 10
317.1791666666667
 20
319.48794391738693
 10
317.1791666666667
 20
319.23253851198155
 10
317.1791666666667
 20
318.9771331065761
 10
317.1791666666667
 20
318.7217277011707
 10
317.1791666666667
 20
318.4663222957653
 10
317.1791666666667
 20
318.2109168903599
 10
317.1791666666667
 20
317.9555114849545
 10
317.1791666666667
 20
317.7001060795491
 10
317.1791666666667
 20
317.4447006741437
 10
317.1791666666667
 20
317.18929526873825
 10
317.1791666666667
 20
316.93388986333287
 10
317.1791666666667
 20
316.6784844579275
 10
317.1791666666667
 20
316.42307905252204
 10
317.1791666666667
 20
316.16767364711666
 10
317.1791666666667
 20
315.9122682417112
 10
317.1791666666667
 20
315.65686283630583
 10
317.1791666666667
 20
315.40145743090045
 10
317.1791666666667
 20
315.146052025495
 10
317.1791666666667
 20
314.8906466200896
 10
317.1791666666667
 20
314.6352412146842
 10
317.1791666666667
 20
314.3798358092788
  0
LWPOLYLINE
  5
18D
330
17
100
AcDbEntity
  8
02-OCULTA
100
AcDbPolyline
 90
7
 70
0
 10
317.1791666666667
 20
336.65483580927884
 10
317.2723647182006
 20
336.65483580927884
 10
317.3655627697346
 20
336.65483580927884
 10
317.4587608212685
 20
336.65483580927884
 10
317.55195887280246
 20
336.65483580927884
 10
317.64515692433645
 20
336.65483580927884
 10
317.7383549758704
 20
336.65483580927884
  0
LWPOLYLINE
  5
18E
330
17
100
AcDbEntity
  8
02-OCULTA
100
AcDbPolyline
 90
11
 70
0
 10
317.1791666666667
 20
336.65483580927884
 10
317.44916666666666
 20
336.65483580927884
 10
317.7191666666667
 20
336.65483580927884
 10
317.9891666666667
 20
336.65483580927884
 10
318.2591666666667
 20
336.65483580927884
 10
318.5291666666667
 20
336.65483580927884
 10
318.7991666666667
 20
336.65483580927884
 10
319.06916666666666
 20
336.65483580927884
 10
319.3391666666667
 20
336.65483580927884
 10
319.6091666666667
 20
336.65483580927884
 10
319.87916666666666
 20
336.65483580927884
  0
LWPOLYLINE
  5
18F
330
17
100
AcDbEntity
  8
02-OCULTA
100
AcDbPolyline
 90
2
 70
0
 10
324.36690603812167
 20
336.65483580927884
 10
330.2414272952117
 20
336.65483580927884
  0
LWPOLYLINE
  5
190
330
17
100
AcDbEntity
  8
02-OCULTA
100
AcDbPolyline
 90
2
 70
0
 10
319.87916666666666
 20
336.65483580927884
 10
334.7291666666667
 20
336.65483580927884
  0
LWPOLYLINE
  5
191
330
17
100
AcDbEntity
  8
02-OCULTA
100
AcDbPolyline
 90
11
 70
0
 10
337.4291666666667
 20
336.65483580927884
 10
337.1591666666667
 20
336.65483580927884
 10
336.8891666666667
 20
336.65483580927884
 10
336.6191666666667
 20
336.65483580927884
 10
336.3491666666667
 20
336.65483580927884
 10
336.0791666666667
 20
336.65483580927884
 10
335.80916666666667
 20
336.65483580927884
 10
335.5391666666667
 20
336.65483580927884
 10
335.2691666666667
 20
336.65483580927884
 10
334.99916666666667
 20
336.65483580927884
 10
334.7291666666667
 20
336.65483580927884
  0
LWPOLYLINE
  5
192
330
17
100
AcDbEntity
  8
02-OCULTA
100
AcDbPolyline
 90
11
 70
0
 10
317.1791666666667
 20
309.65483580927884
 10
317.44916666666666
 20
309.65483580927884
 10
317.7191666666667
 20
309.65483580927884
 10
317.9891666666667
 20
309.65483580927884
 10
318.25916666666666
 20
309.65483580927884
 10
318.5291666666667
 20
309.65483580927884
 10
318.7991666666667
 20
309.65483580927884
 10
319.06916666666666
 20
309.65483580927884
 10
319.3391666666667
 20
309.65483580927884
 10
319.6091666666667
 20
309.65483580927884
 10
319.87916666666666
 20
309.65483580927884
  0
LWPOLYLINE
  5
193
330
17
100
AcDbEntity
  8
02-OCULTA
100
AcDbPolyline
 90
11
 70
0
 10
317.1791666666667
 20
309.65483580927884
 10
317.44916666666666
 20
309.65483580927884
 10
317.7191666666667
 20
309.65483580927884
 10
317.9891666666667
 20
309.65483580927884
 10
318.2591666666667
 20
309.65483580927884
 10
318.5291666666667
 20
309.65483580927884
 10
318.7991666666667
 20
309.65483580927884
 10
319.06916666666666
 20
309.65483580927884
 10
319.3391666666667
 20
309.65483580927884
 10
319.6091666666667
 20
309.65483580927884
 10
319.87916666666666
 20
309.65483580927884
  0
LWPOLYLINE
  5
194
330
17
100
AcDbEntity
  8
02-OCULTA
100
AcDbPolyline
 90
2
 70
0
 10
319.87916666666666
 20
309.65483580927884
 10
334.7291666666667
 20
309.65483580927884
  0
LWPOLYLINE
  5
195
330
17
100
AcDbEntity
  8
02-OCULTA
100
AcDbPolyline
 90
2
 70
0
 10
319.87916666666666
 20
309.65483580927884
 10
334.7291666666667
 20
309.65483580927884
  0
LWPOLYLINE
  5
196
330
17
100
AcDbEntity
  8
02-OCULTA
100
AcDbPolyline
 90
11
 70
0
 10
337.4291666666667
 20
309.65483580927884
 10
337.1591666666667
 20
309.65483580927884
 10
336.8891666666667
 20
309.65483580927884
 10
336.6191666666667
 20
309.65483580927884
 10
336.3491666666667
 20
309.65483580927884
 10
336.0791666666667
 20
309.65483580927884
 10
335.80916666666667
 20
309.65483580927884
 10
335.5391666666667
 20
309.65483580927884
 10
335.2691666666667
 20
309.65483580927884
 10
334.99916666666667
 20
309.65483580927884
 10
334.7291666666667
 20
309.65483580927884
  0
LWPOLYLINE
  5
197
330
17
100
AcDbEntity
  8
02-OCULTA
100
AcDbPolyline
 90
11
 70
0
 10
337.4291666666667
 20
309.65483580927884
 10
337.1591666666667
 20
309.65483580927884
 10
336.8891666666667
 20
309.65483580927884
 10
336.6191666666667
 20
309.65483580927884
 10
336.3491666666667
 20
309.65483580927884
 10
336.0791666666667
 20
309.65483580927884
 10
335.80916666666667
 20
309.65483580927884
 10
335.5391666666667
 20
309.65483580927884
 10
335.2691666666667
 20
309.65483580927884
 10
334.99916666666667
 20
309.65483580927884
 10
334.7291666666667
 20
309.65483580927884
  0
LWPOLYLINE
  5
198
330
17
100
AcDbEntity
  8
02-OCULTA
100
AcDbPolyline
 90
2
 70
0
 10
308.4041666666667
 20
314.3798358092788
 10
308.2291666666667
 20
314.3798358092788
  0
LWPOLYLINE
  5
199
330
17
100
AcDbEntity
  8
02-OCULTA
100
AcDbPolyline
 90
38
 70
0
 10
308.2291666666667
 20
314.3798358092788
 10
308.2291666666667
 20
314.6352412146842
 10
308.2291666666667
 20
314.8906466200896
 10
308.2291666666667
 20
315.146052025495
 10
308.2291666666667
 20
315.40145743090045
 10
308.2291666666667
 20
315.65686283630583
 10
308.2291666666667
 20
315.9122682417112
 10
308.2291666666667
 20
316.16767364711666
 10
308.2291666666667
 20
316.42307905252204
 10
308.2291666666667
 20
316.6784844579275
 10
308.2291666666667
 20
316.93388986333287
 10
308.2291666666667
 20
317.18929526873825
 10
308.2291666666667
 20
317.4447006741437
 10
308.2291666666667
 20
317.7001060795491
 10
308.2291666666667
 20
317.9555114849545
 10
308.2291666666667
 20
318.2109168903599
 10
308.2291666666667
 20
318.4663222957653
 10
308.2291666666667
 20
318.7217277011707
 10
308.2291666666667
 20
318.9771331065761
 10
308.2291666666667
 20
319.23253851198155
 10
308.2291666666667
 20
319.48794391738693
 10
308.2291666666667
 20
319.74334932279237
 10
308.2291666666667
 20
319.99875472819775
 10
308.2291666666667
 20
320.25416013360314
 10
308.2291666666667
 20
320.5095655390086
 10
308.2291666666667
 20
320.76497094441396
 10
308.2291666666667
 20
321.0203763498194
 10
308.2291666666667
 20
321.2757817552248
 10
308.2291666666667
 20
321.53118716063017
 10
308.2291666666667
 20
321.7865925660356
 10
308.2291666666667
 20
322.041997971441
 10
308.2291666666667
 20
322.29740337684643
 10
308.2291666666667
 20
322.5528087822518
 10
308.2291666666667
 20
322.8082141876572
 10
308.2291666666667
 20
323.06361959306264
 10
308.2291666666667
 20
323.319024998468
 10
308.2291666666667
 20
323.57443040387346
 10
308.2291666666667
 20
323.82983580927885
  0
LWPOLYLINE
  5
19A
330
17
100
AcDbEntity
  8
02-OCULTA
100
AcDbPolyline
 90
38
 70
0
 10
308.2291666666667
 20
323.82983580927885
 10
308.2291666666667
 20
323.57443040387346
 10
308.2291666666667
 20
323.319024998468
 10
308.2291666666667
 20
323.06361959306264
 10
308.2291666666667
 20
322.8082141876572
 10
308.2291666666667
 20
322.5528087822518
 10
308.2291666666667
 20
322.29740337684643
 10
308.2291666666667
 20
322.041997971441
 10
308.2291666666667
 20
321.7865925660356
 10
308.2291666666667
 20
321.53118716063017
 10
308.2291666666667
 20
321.2757817552248
 10
308.2291666666667
 20
321.0203763498194
 10
308.2291666666667
 20
320.76497094441396
 10
308.2291666666667
 20
320.5095655390086
 10
308.2291666666667
 20
320.25416013360314
 10
308.2291666666667
 20
319.99875472819775
 10
308.2291666666667
 20
319.74334932279237
 10
308.2291666666667
 20
319.48794391738693
 10
308.2291666666667
 20
319.23253851198155
 10
308.2291666666667
 20
318.9771331065761
 10
308.2291666666667
 20
318.7217277011707
 10
308.2291666666667
 20
318.4663222957653
 10
308.2291666666667
 20
318.2109168903599
 10
308.2291666666667
 20
317.9555114849545
 10
308.2291666666667
 20
317.7001060795491
 10
308.2291666666667
 20
317.4447006741437
 10
308.2291666666667
 20
317.18929526873825
 10
308.2291666666667
 20
316.93388986333287
 10
308.2291666666667
 20
316.6784844579275
 10
308.2291666666667
 20
316.42307905252204
 10
308.2291666666667
 20
316.16767364711666
 10
308.2291666666667
 20
315.9122682417112
 10
308.2291666666667
 20
315.65686283630583
 10
308.2291666666667
 20
315.40145743090045
 10
308.2291666666667
 20
315.146052025495
 10
308.2291666666667
 20
314.8906466200896
 10
308.2291666666667
 20
314.6352412146842
 10
308.2291666666667
 20
314.3798358092788
  0
LWPOLYLINE
  5
19B
330
17
100
AcDbEntity
  8
02-OCULTA
100
AcDbPolyline
 90
191
 70
0
 10
330.3416666666667
 20
324.50483580927886
 10
330.34000593583977
 20
324.6052657935802
 10
330.3350255593437
 20
324.70558595916816
 10
330.3267309831472
 20
324.80568660741466
 10
330.31513127724736
 20
324.9054582797304
 10
330.30023912575246
 20
325.0047918772566
 10
330.28207081301144
 20
325.1035787801627
 10
330.2606462058075
 20
325.2017109664209
 10
330.2359887316341
 20
325.2990811299261
 10
330.2081253530773
 20
325.39558279783415
 10
330.1770865383324
 20
325.4911104469881
 10
330.1429062278875
 20
325.585559619306
 10
330.1056217974105
 20
325.6788270360047
 10
330.0652740168785
 20
325.7708107105333
 10
330.02190700599726
 20
325.8614100600943
 10
329.9755681859564
 20
325.95052601562895
 10
329.9263082275753
 20
326.03806113014844
 10
329.8741809958953
 20
326.12391968529016
 10
329.81924349127877
 20
326.20800779598454
 10
329.76155578708057
 20
326.29023351311724
 10
329.7011809639582
 20
326.3705069240737
 10
329.63818504089437
 20
326.4487402510577
 10
329.57263690300607
 20
326.52484794707465
 10
329.5046082262196
 20
326.5987467894765
 10
329.43417339889436
 20
326.67035597096395
 10
329.36140944047986
 20
326.7395971879485
 10
329.2863959172963
 20
326.8063947261759
 10
329.20921485553004
 20
326.87067554351876
 10
329.1299506515389
 20
326.9323693498472
 10
329.0486899795661
 20
326.9914086838897
 10
328.96552169696355
 20
327.0477289870013
 10
328.8805367470271
 20
327.10126867375743
 10
328.79382805955186
 20
327.15196919929673
 10
328.70549044921444
 20
327.19977512333884
 10
328.61562051189486
 20
327.24463417080773
 10
328.5243165190501
 20
327.2864972889936
 10
328.4316783102558
 20
327.32531870119135
 10
328.3378071840332
 20
327.3610559567567
 10
328.2428057870806
 20
327.3936699775254
 10
328.14677800203077
 20
327.42312510054455
 10
328.04982883385685
 20
327.4493891170696
 10
327.95206429505083
 20
327.47243330778406
 10
327.8535912897005
 20
327.4922324742037
 10
327.7545174965914
 20
327.50876496623084
 10
327.6549512514618
 20
327.52201270582805
 10
327.5550014285389
 20
327.5319612067866
 10
327.4547773214866
 20
327.53859959056683
 10
327.3543885238945
 20
327.5419205981935
 10
327.25394480943885
 20
327.5419205981935
 10
327.1535560118468
 20
327.53859959056683
 10
327.0533319047945
 20
327.5319612067866
 10
326.95338208187155
 20
327.52201270582805
 10
326.85381583674194
 20
327.50876496623084
 10
326.7547420436329
 20
327.4922324742037
 10
326.6562690382826
 20
327.47243330778406
 10
326.5585044994765
 20
327.4493891170696
 10
326.4615553313026
 20
327.42312510054455
 10
326.3655275462528
 20
327.3936699775254
 10
326.27052614930017
 20
327.3610559567567
 10
326.1766550230776
 20
327.32531870119135
 10
326.0840168142833
 20
327.2864972889936
 10
325.9927128214385
 20
327.24463417080773
 10
325.9028428841189
 20
327.19977512333884
 10
325.8145052737815
 20
327.15196919929673
 10
325.7277965863062
 20
327.10126867375743
 10
325.6428116363698
 20
327.0477289870013
 10
325.5596433537672
 20
326.9914086838897
 10
325.47838268179447
 20
326.9323693498472
 10
325.3991184778033
 20
326.87067554351876
 10
325.32193741603703
 20
326.8063947261759
 10
325.2469238928535
 20
326.7395971879485
 10
325.174159934439
 20
326.67035597096395
 10
325.10372510711375
 20
326.5987467894765
 10
325.03569643032733
 20
326.52484794707465
 10
324.970148292439
 20
326.4487402510577
 10
324.9071523693751
 20
326.3705069240737
 10
324.8467775462528
 20
326.29023351311724
 10
324.7890898420546
 20
326.20800779598454
 10
324.7341523374381
 20
326.12391968529016
 10
324.68202510575804
 20
326.03806113014844
 10
324.632765147377
 20
325.95052601562895
 10
324.58642632733614
 20
325.8614100600943
 10
324.54305931645484
 20
325.7708107105333
 10
324.50271153592286
 20
325.6788270360047
 10
324.4654271054458
 20
325.585559619306
 10
324.431246795001
 20
325.4911104469881
 10
324.4002079802561
 20
325.39558279783415
 10
324.37234460169924
 20
325.2990811299261
 10
324.3476871275259
 20
325.2017109664209
 10
324.32626252032196
 20
325.1035787801627
 10
324.3080942075809
 20
325.0047918772566
 10
324.293202056086
 20
324.9054582797304
 10
324.28160235018623
 20
324.80568660741466
 10
324.27330777398964
 20
324.70558595916816
 10
324.26832739749364
 20
324.6052657935802
 10
324.2666666666667
 20
324.50483580927886
 10
324.26832739749364
 20
324.4044058249775
 10
324.27330777398964
 20
324.30408565938956
 10
324.28160235018623
 20
324.20398501114306
 10
324.293202056086
 20
324.1042133388273
 10
324.3080942075809
 20
324.0048797413011
 10
324.32626252032196
 20
323.906092838395
 10
324.3476871275259
 20
323.80796065213684
 10
324.37234460169924
 20
323.7105904886316
 10
324.4002079802561
 20
323.61408882072357
 10
324.431246795001
 20
323.5185611715696
 10
324.4654271054458
 20
323.4241119992517
 10
324.50271153592286
 20
323.330844582553
 10
324.54305931645484
 20
323.23886090802444
 10
324.58642632733614
 20
323.14826155846345
 10
324.632765147377
 20
323.05914560292877
 10
324.68202510575804
 20
322.9716104884093
 10
324.7341523374381
 20
322.88575193326756
 10
324.7890898420546
 20
322.8016638225732
 10
324.8467775462528
 20
322.7194381054405
 10
324.9071523693751
 20
322.639164694484
 10
324.970148292439
 20
322.5609313675
 10
325.03569643032733
 20
322.48482367148307
 10
325.10372510711375
 20
322.41092482908124
 10
325.174159934439
 20
322.33931564759376
 10
325.2469238928535
 20
322.2700744306092
 10
325.32193741603703
 20
322.20327689238184
 10
325.3991184778033
 20
322.13899607503896
 10
325.47838268179447
 20
322.0773022687105
 10
325.5596433537672
 20
322.01826293466803
 10
325.6428116363698
 20
321.96194263155644
 10
325.7277965863062
 20
321.9084029448003
 10
325.8145052737815
 20
321.857702419261
 10
325.9028428841189
 20
321.8098964952189
 10
325.9927128214385
 20
321.76503744775
 10
326.0840168142833
 20
321.72317432956413
 10
326.1766550230776
 20
321.68435291736637
 10
326.27052614930017
 20
321.64861566180105
 10
326.3655275462528
 20
321.6160016410323
 10
326.4615553313026
 20
321.58654651801317
 10
326.5585044994765
 20
321.56028250148813
 10
326.6562690382826
 20
321.53723831077366
 10
326.7547420436329
 20
321.517439144354
 10
326.85381583674194
 20
321.5009066523269
 10
326.95338208187155
 20
321.48765891272967
 10
327.05333190479445
 20
321.4777104117711
 10
327.1535560118468
 20
321.4710720279909
 10
327.25394480943885
 20
321.46775102036423
 10
327.3543885238945
 20
321.46775102036423
 10
327.4547773214866
 20
321.4710720279909
 10
327.5550014285389
 20
321.4777104117711
 10
327.6549512514618
 20
321.48765891272967
 10
327.7545174965914
 20
321.5009066523269
 10
327.8535912897005
 20
321.517439144354
 10
327.95206429505083
 20
321.53723831077366
 10
328.04982883385685
 20
321.56028250148813
 10
328.14677800203077
 20
321.58654651801317
 10
328.2428057870806
 20
321.6160016410323
 10
328.3378071840332
 20
321.64861566180105
 10
328.4316783102558
 20
321.68435291736637
 10
328.5243165190501
 20
321.72317432956413
 10
328.61562051189486
 20
321.76503744775
 10
328.70549044921444
 20
321.8098964952189
 10
328.79382805955186
 20
321.857702419261
 10
328.8805367470271
 20
321.9084029448003
 10
328.96552169696355
 20
321.96194263155644
 10
329.0486899795661
 20
322.01826293466803
 10
329.1299506515389
 20
322.0773022687105
 10
329.20921485553004
 20
322.13899607503896
 10
329.2863959172963
 20
322.20327689238184
 10
329.36140944047986
 20
322.2700744306092
 10
329.43417339889436
 20
322.33931564759376
 10
329.5046082262196
 20
322.41092482908124
 10
329.57263690300607
 20
322.48482367148307
 10
329.63818504089437
 20
322.5609313675
 10
329.7011809639582
 20
322.639164694484
 10
329.76155578708057
 20
322.7194381054405
 10
329.81924349127877
 20
322.8016638225732
 10
329.8741809958953
 20
322.88575193326756
 10
329.9263082275753
 20
322.9716104884093
 10
329.9755681859564
 20
323.05914560292877
 10
330.02190700599726
 20
323.14826155846345
 10
330.0652740168785
 20
323.23886090802444
 10
330.1056217974105
 20
323.330844582553
 10
330.1429062278875
 20
323.4241119992517
 10
330.1770865383324
 20
323.5185611715696
 10
330.2081253530773
 20
323.61408882072357
 10
330.2359887316341
 20
323.7105904886316
 10
330.2606462058075
 20
323.80796065213684
 10
330.28207081301144
 20
323.906092838395
 10
330.30023912575246
 20
324.0048797413011
 10
330.31513127724736
 20
324.1042133388273
 10
330.3267309831472
 20
324.20398501114306
 10
330.3350255593437
 20
324.30408565938956
 10
330.34000593583977
 20
324.4044058249775
 10
330.3416666666667
 20
324.50483580927886
  0
LWPOLYLINE
  5
19C
330
17
100
AcDbEntity
  8
02-OCULTA
100
AcDbPolyline
 90
2
 70
0
 10
337.4291666666667
 20
317.17446235358096
 10
337.4291666666667
 20
331.83520926497675
  0
LWPOLYLINE
  5
19D
330
17
100
AcDbEntity
  8
02-OCULTA
100
AcDbPolyline
 90
2
 70
0
 10
337.4291666666667
 20
331.902653475671
 10
337.4291666666667
 20
335.0966346304967
  0
LWPOLYLINE
  5
19E
330
17
100
AcDbEntity
  8
02-OCULTA
100
AcDbPolyline
 90
2
 70
0
 10
337.4291666666667
 20
309.65483580927884
 10
337.4291666666667
 20
336.65483580927884
  0
LWPOLYLINE
  5
19F
330
17
100
AcDbEntity
  8
02-OCULTA
100
AcDbPolyline
 90
191
 70
0
 10
330.3416666666667
 20
324.50483580927886
 10
330.34000593583977
 20
324.6052657935802
 10
330.3350255593437
 20
324.70558595916816
 10
330.3267309831472
 20
324.80568660741466
 10
330.31513127724736
 20
324.9054582797304
 10
330.30023912575246
 20
325.0047918772566
 10
330.28207081301144
 20
325.1035787801627
 10
330.2606462058075
 20
325.2017109664209
 10
330.2359887316341
 20
325.2990811299261
 10
330.2081253530773
 20
325.39558279783415
 10
330.1770865383324
 20
325.4911104469881
 10
330.1429062278875
 20
325.585559619306
 10
330.1056217974105
 20
325.6788270360047
 10
330.0652740168785
 20
325.7708107105333
 10
330.02190700599726
 20
325.8614100600943
 10
329.9755681859564
 20
325.95052601562895
 10
329.9263082275753
 20
326.03806113014844
 10
329.8741809958953
 20
326.12391968529016
 10
329.81924349127877
 20
326.20800779598454
 10
329.76155578708057
 20
326.29023351311724
 10
329.7011809639582
 20
326.3705069240737
 10
329.63818504089437
 20
326.4487402510577
 10
329.57263690300607
 20
326.52484794707465
 10
329.5046082262196
 20
326.5987467894765
 10
329.43417339889436
 20
326.67035597096395
 10
329.36140944047986
 20
326.7395971879485
 10
329.2863959172963
 20
326.8063947261759
 10
329.20921485553004
 20
326.87067554351876
 10
329.1299506515389
 20
326.9323693498472
 10
329.0486899795661
 20
326.9914086838897
 10
328.96552169696355
 20
327.0477289870013
 10
328.8805367470271
 20
327.10126867375743
 10
328.79382805955186
 20
327.15196919929673
 10
328.70549044921444
 20
327.19977512333884
 10
328.61562051189486
 20
327.24463417080773
 10
328.5243165190501
 20
327.2864972889936
 10
328.4316783102558
 20
327.32531870119135
 10
328.3378071840332
 20
327.3610559567567
 10
328.2428057870806
 20
327.3936699775254
 10
328.14677800203077
 20
327.42312510054455
 10
328.04982883385685
 20
327.4493891170696
 10
327.95206429505083
 20
327.47243330778406
 10
327.8535912897005
 20
327.4922324742037
 10
327.7545174965914
 20
327.50876496623084
 10
327.6549512514618
 20
327.52201270582805
 10
327.5550014285389
 20
327.5319612067866
 10
327.4547773214866
 20
327.53859959056683
 10
327.3543885238945
 20
327.5419205981935
 10
327.25394480943885
 20
327.5419205981935
 10
327.1535560118468
 20
327.53859959056683
 10
327.0533319047945
 20
327.5319612067866
 10
326.95338208187155
 20
327.52201270582805
 10
326.85381583674194
 20
327.50876496623084
 10
326.7547420436329
 20
327.4922324742037
 10
326.6562690382826
 20
327.47243330778406
 10
326.5585044994765
 20
327.4493891170696
 10
326.4615553313026
 20
327.42312510054455
 10
326.3655275462528
 20
327.3936699775254
 10
326.27052614930017
 20
327.3610559567567
 10
326.1766550230776
 20
327.32531870119135
 10
326.0840168142833
 20
327.2864972889936
 10
325.9927128214385
 20
327.24463417080773
 10
325.9028428841189
 20
327.19977512333884
 10
325.8145052737815
 20
327.15196919929673
 10
325.7277965863062
 20
327.10126867375743
 10
325.6428116363698
 20
327.0477289870013
 10
325.5596433537672
 20
326.9914086838897
 10
325.47838268179447
 20
326.9323693498472
 10
325.3991184778033
 20
326.87067554351876
 10
325.32193741603703
 20
326.8063947261759
 10
325.2469238928535
 20
326.7395971879485
 10
325.174159934439
 20
326.67035597096395
 10
325.10372510711375
 20
326.5987467894765
 10
325.03569643032733
 20
326.52484794707465
 10
324.970148292439
 20
326.4487402510577
 10
324.9071523693751
 20
326.3705069240737
 10
324.8467775462528
 20
326.29023351311724
 10
324.7890898420546
 20
326.20800779598454
 10
324.7341523374381
 20
326.12391968529016
 10
324.68202510575804
 20
326.03806113014844
 10
324.632765147377
 20
325.95052601562895
 10
324.58642632733614
 20
325.8614100600943
 10
324.54305931645484
 20
325.7708107105333
 10
324.50271153592286
 20
325.6788270360047
 10
324.4654271054458
 20
325.585559619306
 10
324.431246795001
 20
325.4911104469881
 10
324.4002079802561
 20
325.39558279783415
 10
324.37234460169924
 20
325.2990811299261
 10
324.3476871275259
 20
325.2017109664209
 10
324.32626252032196
 20
325.1035787801627
 10
324.3080942075809
 20
325.0047918772566
 10
324.293202056086
 20
324.9054582797304
 10
324.28160235018623
 20
324.80568660741466
 10
324.27330777398964
 20
324.70558595916816
 10
324.26832739749364
 20
324.6052657935802
 10
324.2666666666667
 20
324.50483580927886
 10
324.26832739749364
 20
324.4044058249775
 10
324.27330777398964
 20
324.30408565938956
 10
324.28160235018623
 20
324.20398501114306
 10
324.293202056086
 20
324.1042133388273
 10
324.3080942075809
 20
324.0048797413011
 10
324.32626252032196
 20
323.906092838395
 10
324.3476871275259
 20
323.80796065213684
 10
324.37234460169924
 20
323.7105904886316
 10
324.4002079802561
 20
323.61408882072357
 10
324.431246795001
 20
323.5185611715696
 10
324.4654271054458
 20
323.4241119992517
 10
324.50271153592286
 20
323.330844582553
 10
324.54305931645484
 20
323.23886090802444
 10
324.58642632733614
 20
323.14826155846345
 10
324.632765147377
 20
323.05914560292877
 10
324.68202510575804
 20
322.9716104884093
 10
324.7341523374381
 20
322.88575193326756
 10
324.7890898420546
 20
322.8016638225732
 10
324.8467775462528
 20
322.7194381054405
 10
324.9071523693751
 20
322.639164694484
 10
324.970148292439
 20
322.5609313675
 10
325.03569643032733
 20
322.48482367148307
 10
325.10372510711375
 20
322.41092482908124
 10
325.174159934439
 20
322.33931564759376
 10
325.2469238928535
 20
322.2700744306092
 10
325.32193741603703
 20
322.20327689238184
 10
325.3991184778033
 20
322.13899607503896
 10
325.47838268179447
 20
322.0773022687105
 10
325.5596433537672
 20
322.01826293466803
 10
325.6428116363698
 20
321.96194263155644
 10
325.7277965863062
 20
321.9084029448003
 10
325.8145052737815
 20
321.857702419261
 10
325.9028428841189
 20
321.8098964952189
 10
325.9927128214385
 20
321.76503744775
 10
326.0840168142833
 20
321.72317432956413
 10
326.1766550230776
 20
321.68435291736637
 10
326.27052614930017
 20
321.64861566180105
 10
326.3655275462528
 20
321.6160016410323
 10
326.4615553313026
 20
321.58654651801317
 10
326.5585044994765
 20
321.56028250148813
 10
326.6562690382826
 20
321.53723831077366
 10
326.7547420436329
 20
321.517439144354
 10
326.85381583674194
 20
321.5009066523269
 10
326.95338208187155
 20
321.48765891272967
 10
327.05333190479445
 20
321.4777104117711
 10
327.1535560118468
 20
321.4710720279909
 10
327.25394480943885
 20
321.46775102036423
 10
327.3543885238945
 20
321.46775102036423
 10
327.4547773214866
 20
321.4710720279909
 10
327.5550014285389
 20
321.4777104117711
 10
327.6549512514618
 20
321.48765891272967
 10
327.7545174965914
 20
321.5009066523269
 10
327.8535912897005
 20
321.517439144354
 10
327.95206429505083
 20
321.53723831077366
 10
328.04982883385685
 20
321.56028250148813
 10
328.14677800203077
 20
321.58654651801317
 10
328.2428057870806
 20
321.6160016410323
 10
328.3378071840332
 20
321.64861566180105
 10
328.4316783102558
 20
321.68435291736637
 10
328.5243165190501
 20
321.72317432956413
 10
328.61562051189486
 20
321.76503744775
 10
328.70549044921444
 20
321.8098964952189
 10
328.79382805955186
 20
321.857702419261
 10
328.8805367470271
 20
321.9084029448003
 10
328.96552169696355
 20
321.96194263155644
 10
329.0486899795661
 20
322.01826293466803
 10
329.1299506515389
 20
322.0773022687105
 10
329.20921485553004
 20
322.13899607503896
 10
329.2863959172963
 20
322.20327689238184
 10
329.36140944047986
 20
322.2700744306092
 10
329.43417339889436
 20
322.33931564759376
 10
329.5046082262196
 20
322.41092482908124
 10
329.57263690300607
 20
322.48482367148307
 10
329.63818504089437
 20
322.5609313675
 10
329.7011809639582
 20
322.639164694484
 10
329.76155578708057
 20
322.7194381054405
 10
329.81924349127877
 20
322.8016638225732
 10
329.8741809958953
 20
322.88575193326756
 10
329.9263082275753
 20
322.9716104884093
 10
329.9755681859564
 20
323.05914560292877
 10
330.02190700599726
 20
323.14826155846345
 10
330.0652740168785
 20
323.23886090802444
 10
330.1056217974105
 20
323.330844582553
 10
330.1429062278875
 20
323.4241119992517
 10
330.1770865383324
 20
323.5185611715696
 10
330.2081253530773
 20
323.61408882072357
 10
330.2359887316341
 20
323.7105904886316
 10
330.2606462058075
 20
323.80796065213684
 10
330.28207081301144
 20
323.906092838395
 10
330.30023912575246
 20
324.0048797413011
 10
330.31513127724736
 20
324.1042133388273
 10
330.3267309831472
 20
324.20398501114306
 10
330.3350255593437
 20
324.30408565938956
 10
330.34000593583977
 20
324.4044058249775
 10
330.3416666666667
 20
324.50483580927886
  0
LWPOLYLINE
  5
1A0
330
17
100
AcDbEntity
  8
02-OCULTA
100
AcDbPolyline
 90
786
 70
0
 10
339.8041666666667
 20
324.50483580927886
 10
339.8037662629298
 20
324.60488546244363
 10
339.80256507737096
 20
324.7049287059676
 10
339.8005631869435
 20
324.80495913062055
 10
339.79776071989784
 20
324.9049703279936
 10
339.7941578557728
 20
325.0049558909096
 10
339.7897548253846
 20
325.10490941383375
 10
339.7845519108114
 20
325.2048244932837
 10
339.778549445376
 20
325.30469472824
 10
339.77174781362373
 20
325.40451372055634
 10
339.76414745129864
 20
325.50427507536904
 10
339.7557488453147
 20
325.60397240150706
 10
339.7465525337253
 20
325.7035993119012
 10
339.73655910568846
 20
325.80314942399366
 10
339.7257692014291
 20
325.9026163601464
 10
339.71418351219813
 20
326.00199374805015
 10
339.70180278022804
 20
326.10127522113265
 10
339.6886277986854
 20
326.2004544189661
 10
339.6746594116202
 20
326.29952498767517
 10
339.65989851391146
 20
326.39848058034363
 10
339.6443460512102
 20
326.4973148574213
 10
339.62800301987875
 20
326.59602148713
 10
339.6108704669267
 20
326.694594145869
 10
339.59294948994426
 20
326.7930265186207
 10
339.5742412370316
 20
326.89131229935475
 10
339.55474690672537
 20
326.989445191432
 10
339.53446774792206
 20
327.0874189080083
 10
339.51340505979783
 20
327.18522717243684
 10
339.49156019172534
 20
327.28286371867046
 10
339.4689345431872
 20
327.38032229166316
 10
339.44552956368653
 20
327.47759664777055
 10
339.42134675265396
 20
327.5746805551502
 10
339.3963876593515
 20
327.67156779416064
 10
339.3706538827734
 20
327.7682521577598
 10
339.34414707154383
 20
327.86472745190275
 10
339.31686892381094
 20
327.9609874959387
 10
339.28882118713824
 20
328.05702612300655
 10
339.26000565839274
 20
328.1528371804303
 10
339.23042418362974
 20
328.24841453011305
 10
339.2000786579745
 20
328.3437520489304
 10
339.1689710255008
 20
328.43884362912246
 10
339.1371032791068
 20
328.5336831786854
 10
339.10447746038676
 20
328.62826462176173
 10
339.07109565950066
 20
328.7225818990291
 10
339.0369600150401
 20
328.8166289680892
 10
339.0020727138915
 20
328.91039980385443
 10
338.96643599109575
 20
329.00388839893384
 10
338.93005212970513
 20
329.0970887640181
 10
338.8929234606371
 20
329.1899949282635
 10
338.85505236252493
 20
329.2826009396737
 10
338.81644126156533
 20
329.37490086548206
 10
338.7770926313629
 20
329.4668887925308
 10
338.7370089927718
 20
329.55855882765053
 10
338.69619291373425
 20
329.6499050980371
 10
338.654647009116
 20
329.7409217516285
 10
338.6123739405386
 20
329.83160295747956
 10
338.5693764162093
 20
329.92194290613514
 10
338.52565719074715
 20
330.01193581000274
 10
338.4812190650067
 20
330.10157590372324
 10
338.43606488589876
 20
330.1908574445401
 10
338.3901975462075
 20
330.2797747126671
 10
338.3436199844057
 20
330.3683220116555
 10
338.29633518446605
 20
330.456493668758
 10
338.2483461756703
 20
330.54428403529295
 10
338.19965603241496
 20
330.6316874870059
 10
338.15026787401456
 20
330.71869842442953
 10
338.1001848645015
 20
330.8053112732434
 10
338.0494102124237
 20
330.8915204846301
 10
337.99794717063884
 20
330.97732053563124
 10
337.945799036106
 20
331.06270592950096
 10
337.89296914967446
 20
331.1476711960583
 10
337.83946089586954
 20
331.2322108920377
 10
337.7852777026762
 20
331.31631960143756
 10
337.7304230413187
 20
331.39999193586715
 10
337.6749004260391
 20
331.48322253489204
 10
337.6187134138712
 20
331.5660060663774
 10
337.56186560441347
 20
331.6483372268296
 10
337.5043606395979
 20
331.7302107417358
 10
337.44620220345706
 20
331.81162136590234
 10
337.38739402188764
 20
331.8925638837903
 10
337.32793986241217
 20
331.9730331098497
 10
337.26784353393754
 20
332.0530238888521
 10
337.2071088865108
 20
332.13253109622036
 10
337.14573981107276
 20
332.2115496383571
 10
337.0837402392085
 20
332.2900744529713
 10
337.0211141428958
 20
332.36810050940215
 10
336.9578655342501
 20
332.4456228089419
 10
336.89399846526834
 20
332.5226363851555
 10
336.82951702756844
 20
332.59913630419925
 10
336.76442535212783
 20
332.6751176651365
 10
336.69872760901853
 20
332.7505756002519
 10
336.63242800714005
 20
332.82550527536324
 10
336.56553079394973
 20
332.89990189013105
 10
336.4980402551906
 20
332.9737606783661
 10
336.4299607146168
 20
333.04707690833465
 10
336.36129653371694
 20
333.11984588306206
 10
336.292052111434
 20
333.1920629406333
 10
336.22223188388404
 20
333.2637234544914
 10
336.15184032407194
 20
333.33482283373456
 10
336.0808819416047
 20
333.4053565234096
 10
336.00936128240244
 20
333.4753200048039
 10
335.93728292840757
 20
333.5447087957353
 10
335.8646514972907
 20
333.61351845083885
 10
335.7914716421554
 20
333.68174456185153
 10
335.7177480512396
 20
333.74938275789503
 10
335.64348544761555
 20
333.8164287057555
 10
335.56868858888697
 20
333.88287811016124
 10
335.4933622668847
 20
333.94872671405795
 10
335.4175113073592
 20
334.01397029888125
 10
335.3411405696716
 20
334.0786046848272
 10
335.26425494648265
 20
334.1426257311196
 10
335.1868593634388
 20
334.20602933627623
 10
335.1089587788571
 20
334.2688114383703
 10
335.0305581834069
 20
334.33096801529183
 10
334.951662599791
 20
334.39249508500467
 10
334.8722770824233
 20
334.45338870580184
 10
334.7924067171049
 20
334.51364497655806
 10
334.7120566206987
 20
334.57326003697955
 10
334.6312319408014
 20
334.6322300678515
 10
334.5499378554135
 20
334.69055129128236
 10
334.4681795726079
 20
334.74821997094665
 10
334.38596233019615
 20
334.8052324123236
 10
334.3032913953929
 20
334.8615849629338
 10
334.22017206447816
 20
334.91727401257407
 10
334.1366096624586
 20
334.9722959935477
 10
334.05260954272586
 20
335.0266473808936
 10
333.9681770867138
 20
335.080324692612
 10
333.8833177035538
 20
335.13332448988757
 10
333.7980368297282
 20
335.1856433773094
 10
333.7123399287217
 20
335.23727800308933
 10
333.62623249067195
 20
335.2882250592756
 10
333.53972003201727
 20
335.3384812819656
 10
333.4528080951436
 20
335.38804345151453
 10
333.36550224802914
 20
335.43690839274217
 10
333.27780808388803
 20
335.48507297513544
 10
333.18973122081144
 20
335.53253411304985
 10
333.10127730140835
 20
335.5792887659068
 10
333.01245199244346
 20
335.6253339383881
 10
332.9232609844745
 20
335.67066668062824
 10
332.8337099914875
 20
335.7152840884035
 10
332.74380475053084
 20
335.75918330331757
 10
332.65355102134765
 20
335.80236151298476
 10
332.56295458600675
 20
335.8448159512105
 10
332.47202124853237
 20
335.8865438981682
 10
332.38075683453224
 20
335.92754268057394
 10
332.2891671908243
 20
335.96780967185697
 10
332.1972581850622
 20
336.0073422923288
 10
332.10503570535957
 20
336.046138009348
 10
332.0125056599124
 20
336.08419433748253
 10
331.91967397662086
 20
336.12150883866894
 10
331.82654660270936
 20
336.158079122369
 10
331.73312950434575
 20
336.1939028457219
 10
331.6394286662589
 20
336.2289777136952
 10
331.5454500913552
 20
336.26330147923187
 10
331.45119980033434
 20
336.29687194339334
 10
331.3566838313033
 20
336.3296869555016
 10
331.26190823938964
 20
336.36174441327597
 10
331.1668790963535
 20
336.3930422629683
 10
331.0716024901988
 20
336.42357849949445
 10
330.97608452478295
 20
336.45335116656264
 10
330.88033131942603
 20
336.482358356799
 10
330.7843490085186
 20
336.51059821186965
 10
330.68814374112884
 20
336.5380689225994
 10
330.5917216806085
 20
336.56476872908837
 10
330.49508900419806
 20
336.5906959208242
 10
330.3982519026312
 20
336.6158488367917
 10
330.30121657973785
 20
336.64022586557945
 10
330.20398925204694
 20
336.6638254454829
 10
330.1065761483881
 20
336.68664606460453
 10
330.0089835094927
 20
336.7086862609504
 10
329.9112175875938
 20
336.72994462252433
 10
329.81328464602603
 20
336.7504197874179
 10
329.71519095882377
 20
336.77011044389786
 10
329.61694281031976
 20
336.78901533049026
 10
329.5185464947421
 20
336.80713323606113
 10
329.4200083158111
 20
336.824462999894
 10
329.3213345863357
 20
336.8410035117649
 10
329.22253162780856
 20
336.8567537120121
 10
329.12360577000163
 20
336.8717125916058
 10
329.0245633505601
 20
336.885879192211
 10
328.9254107145968
 20
336.8992526062504
 10
328.82615421428545
 20
336.91183197696154
 10
328.7268002084539
 20
336.9236164984521
 10
328.62735506217655
 20
336.9346054157514
 10
328.52782514636664
 20
336.9447980248589
 10
328.4282168373683
 20
336.95419367278913
 10
328.3285365165478
 20
336.96279175761384
 10
328.22879056988467
 20
336.9705917285001
 10
328.12898538756303
 20
336.9775930857458
 10
328.0291273635617
 20
336.98379538081196
 10
327.92922289524483
 20
336.989198216351
 10
327.829278382952
 20
336.9938012462324
 10
327.72930022958826
 20
336.99760417556496
 10
327.6292948402137
 20
337.00060676071547
 10
327.52926862163343
 20
337.00280880932456
 10
327.42922798198697
 20
337.0042101803188
 10
327.32917933033764
 20
337.00481078392005
 10
327.22912907626204
 20
337.00461058165075
 10
327.1290836294395
 20
337.00360958633695
 10
327.02904939924133
 20
337.0018078621069
 10
326.9290327943203
 20
336.99920552438726
 10
326.8290402221999
 20
336.99580273989585
 10
326.7290780888642
 20
336.9915997266308
 10
326.6291527983469
 20
336.9865967538562
 10
326.52927075232174
 20
336.9807941420857
 10
326.42943834969174
 20
336.9741922630612
 10
326.3296619861796
 20
336.9667915397294
 10
326.22994805391795
 20
336.9585924462147
 10
326.1303029410398
 20
336.94959550778884
 10
326.0307330312692
 20
336.9398013008369
 10
325.93124470351245
 20
336.9292104528209
 10
325.8318443314492
 20
336.91782364223917
 10
325.7325382831243
 20
336.90564159858314
 10
325.63333292053983
 20
336.8926651022908
 10
325.5342345992475
 20
336.8788949846958
 10
325.4352496679414
 20
336.8643321279755
 10
325.3363844680512
 20
336.84897746509324
 10
325.23764533333645
 20
336.8328319797394
 10
325.13903858947987
 20
336.8158967062681
 10
325.040570553683
 20
336.7981727296307
 10
324.9422475342609
 20
336.7796611853067
 10
324.8440758302383
 20
336.7603632592306
 10
324.74606173094594
 20
336.74028018771645
 10
324.6482115156176
 20
336.7194132573781
 10
324.5505314529881
 20
336.69776380504715
 10
324.45302780089133
 20
336.67533321768684
 10
324.35570680585954
 20
336.6521229323038
 10
324.2585747027231
 20
336.62813443585577
 10
324.1616377142112
 20
336.603369265156
 10
324.0649020505531
 20
336.5778290067753
 10
323.96837390908007
 20
336.55151529693984
 10
323.8720594738287
 20
336.5244298214271
 10
323.7759649151446
 20
336.49657431545705
 10
323.68009638928703
 20
336.4679505635815
 10
323.58446003803454
 20
336.43856039956955
 10
323.4890619882915
 20
336.40840570629035
 10
323.3939083516956
 20
336.37748841559227
 10
323.29900522422633
 20
336.3458105081788
 10
323.2043586858144
 20
336.3133740134826
 10
323.10997479995217
 20
336.2801810095346
 10
323.01585961330545
 20
336.2462336228312
 10
322.92201915532576
 20
336.2115340281982
 10
322.8284594378643
 20
336.176084448651
 10
322.73518645478674
 20
336.1398871552528
 10
322.6422061815893
 20
336.1029444669686
 10
322.5495245750157
 20
336.0652587505169
 10
322.4571475726759
 20
336.0268324202178
 10
322.3650810926653
 20
335.9876679378389
 10
322.2733310331861
 20
335.947767812437
 10
322.1819032721687
 20
335.9071346001976
 10
322.0908036668961
 20
335.86577090427096
 10
322.00003805362775
 20
335.8236793746058
 10
321.90961224722616
 20
335.7808627077788
 10
321.81953204078434
 20
335.73732364682274
 10
321.7298032052544
 20
335.6930649810501
 10
321.6404314890782
 20
335.64808954587426
 10
321.55142261781873
 20
335.60240022262855
 10
321.4627822937935
 20
335.5559999383809
 10
321.37451619570936
 20
335.50889166574717
 10
321.2866299782983
 20
335.4610784226998
 10
321.1991292719555
 20
335.4125632723748
 10
321.11201968237856
 20
335.363349322876
 10
321.0253067902083
 20
335.31343972707515
 10
320.93899615067124
 20
335.2628376824104
 10
320.8530932932239
 20
335.2115464306815
 10
320.76760372119816
 20
335.15956925784195
 10
320.68253291144924
 20
335.1069094937881
 10
320.5978863140042
 20
335.0535705121469
 10
320.5136693517134
 20
334.9995557300586
 10
320.42988741990257
 20
334.94486860795854
 10
320.34654588602757
 20
334.88951264935525
 10
320.26365008933016
 20
334.83349140060585
 10
320.18120534049626
 20
334.7768084506891
 10
320.0992169213156
 20
334.7194674309755
 10
320.01769008434326
 20
334.66147201499444
 10
319.93663005256326
 20
334.6028259181988
 10
319.8560420190539
 20
334.5435328977273
 10
319.7759311466552
 20
334.48359675216335
 10
319.696302567638
 20
334.4230213212921
 10
319.6171613833751
 20
334.36181048585416
 10
319.5385126640148
 20
334.2999681672971
 10
319.4603614481555
 20
334.2374983275242
 10
319.38271274252355
 20
334.17440496864043
 10
319.30557152165204
 20
334.1106921326968
 10
319.2289427275622
 20
334.0463639014302
 10
319.152831269447
 20
333.9814243960032
 10
319.07724202335635
 20
333.9158777767388
 10
319.00217983188486
 20
333.84972824285506
 10
318.92764950386174
 20
333.7829800321951
 10
318.85365581404244
 20
333.7156374209563
 10
318.7802035028029
 20
333.64770472341587
 10
318.70729727583597
 20
333.57918629165493
 10
318.63494180384976
 20
333.51008651527906
 10
318.5631417222685
 20
333.44040982113773
 10
318.49190163093544
 20
333.3701606730404
 10
318.4212260938185
 20
333.2993435714705
 10
318.35111963871753
 20
333.22796305329695
 10
318.2815867569744
 20
333.1560236914842
 10
318.2126319031851
 20
333.0835300947984
 10
318.14425949491476
 20
333.01048690751276
 10
318.07647391241414
 20
332.93689880910966
 10
318.0092794983393
 20
332.86277051398093
 10
317.94268055747347
 20
332.78810677112614
 10
317.87668135645094
 20
332.7129123638479
 10
317.81128612348397
 20
332.6371921094457
 10
317.7464990480919
 20
332.5609508589071
 10
317.6823242808327
 20
332.48419349659736
 10
317.6187659330369
 20
332.4069249399458
 10
317.5558280765447
 20
332.3291501391315
 10
317.49351474344434
 20
332.2508740767659
 10
317.43182992581455
 20
332.17210176757334
 10
317.3707775754684
 20
332.09283825807023
 10
317.3103616037002
 20
332.0130886262414
 10
317.2505858810348
 20
331.9328579812149
 10
317.19145423697984
 20
331.8521514629347
 10
317.1329704597804
 20
331.77097424183165
 10
317.075138296176
 20
331.68933151849166
 10
317.0179614511611
 20
331.60722852332293
 10
316.9614435877472
 20
331.52467051622074
 10
316.90558832672855
 20
331.4416627862309
 10
316.85039924644997
 20
331.3582106512101
 10
316.79587988257765
 20
331.27431945748566
 10
316.74203372787275
 20
331.18999457951344
 10
316.6888642319675
 20
331.10524141953266
 10
316.6363748011443
 20
331.02006540722056
 10
316.58456879811746
 20
330.934471999344
 10
316.5334495418177
 20
330.84846667941025
 10
316.4830203071796
 20
330.7620549573157
 10
316.4332843249318
 20
330.67524236899243
 10
316.38424478139
 20
330.588034476054
 10
316.33590481825286
 20
330.5004368654391
 10
316.2882675324007
 20
330.4124551490534
 10
316.2413359756971
 20
330.3240949634101
 10
316.19511315479326
 20
330.23536196926915
 10
316.1496020309357
 20
330.1462618512739
 10
316.1048055197763
 20
330.0568003175877
 10
316.0607264911854
 20
329.9669830995278
 10
316.0173677690684
 20
329.876815951198
 10
315.9747321311843
 20
329.7863046491206
 10
315.9328223089681
 20
329.6954549918656
 10
315.8916409873558
 20
329.6042727996798
 10
315.85119080461214
 20
329.5127639141138
 10
315.8114743521618
 20
329.42093419764734
 10
315.7724941744233
 20
329.3287895333145
 10
315.7342527686462
 20
329.2363358243261
 10
315.6967525847506
 20
329.1435789936916
 10
315.6599960251708
 20
329.0505249838404
 10
315.6239854447011
 20
328.95717975624
 10
315.58872315034466
 20
328.863549291015
 10
315.5542114011663
 20
328.7696395865633
 10
315.5204524081474
 20
328.67545665917254
 10
315.48744833404413
 20
328.58100654263416
 10
315.4552012932494
 20
328.4862952878567
 10
315.4237133516567
 20
328.39132896247867
 10
315.3929865265286
 20
328.2961136504796
 10
315.3630227863666
 20
328.2006554517901
 10
315.3338240507858
 20
328.1049604819013
 10
315.3053921903913
 20
328.009034871473
 10
315.2777290266589
 20
327.91288476594076
 10
315.2508363318181
 20
327.8165163251225
 10
315.2247158287385
 20
327.71993572282366
 10
315.19936919081965
 20
327.6231491464417
 10
315.1747980418837
 20
327.52616279656957
 10
315.1510039560715
 20
327.42898288659893
 10
315.1279884577416
 20
327.3316156423216
 10
315.1057530213725
 20
327.2340673015309
 10
315.0842990714686
 20
327.1363441136221
 10
315.0636279824685
 20
327.0384523391919
 10
315.0437410786574
 20
326.94039824963755
 10
315.0246396340815
 20
326.8421881267547
 10
315.00632487246736
 20
326.74382826233557
 10
314.98879796714283
 20
326.6453249577652
 10
314.97206004096194
 20
326.54668452361824
 10
314.9561121662333
 20
326.4479132792544
 10
314.940955364651
 20
326.3490175524138
 10
314.9265906072295
 20
326.2500036788113
 10
314.91301881424124
 20
326.15087800173103
 10
314.9002408551576
 20
326.0516468716196
 10
314.8882575485935
 20
325.9523166456794
 10
314.87706966225454
 20
325.85289368746146
 10
314.8666779128882
 20
325.7533843664576
 10
314.8570829662377
 20
325.6537950576925
 10
314.8482854369995
 20
325.55413214131516
 10
314.84028588878374
 20
325.4544020021902
 10
314.83308483407825
 20
325.3546110294889
 10
314.82668273421575
 20
325.2547656162798
 10
314.82107999934414
 20
325.15487215911924
 10
314.8162769884004
 20
325.05493705764127
 10
314.81227400908745
 20
324.954966714148
 10
314.80907131785466
 20
324.85496753319933
 10
314.806669119881
 20
324.75494592120253
 10
314.8050675690625
 20
324.654908286002
 10
314.8042667680017
 20
324.5548610364686
 10
314.8042667680017
 20
324.4548105820891
 10
314.8050675690625
 20
324.3547633325557
 10
314.806669119881
 20
324.2547256973552
 10
314.80907131785466
 20
324.1547040853584
 10
314.81227400908745
 20
324.05470490440973
 10
314.8162769884004
 20
323.95473456091645
 10
314.82107999934414
 20
323.8547994594385
 10
314.82668273421575
 20
323.7549060022779
 10
314.83308483407825
 20
323.6550605890688
 10
314.84028588878374
 20
323.5552696163675
 10
314.8482854369995
 20
323.45553947724255
 10
314.8570829662377
 20
323.3558765608652
 10
314.8666779128882
 20
323.2562872521001
 10
314.87706966225454
 20
323.15677793109626
 10
314.8882575485935
 20
323.05735497287833
 10
314.9002408551576
 20
322.9580247469381
 10
314.91301881424124
 20
322.8587936168267
 10
314.9265906072295
 20
322.7596679397464
 10
314.940955364651
 20
322.66065406614393
 10
314.9561121662333
 20
322.5617583393033
 10
314.97206004096194
 20
322.4629870949395
 10
314.98879796714283
 20
322.36434666079253
 10
315.00632487246736
 20
322.26584335622215
 10
315.0246396340815
 20
322.167483491803
 10
315.0437410786574
 20
322.06927336892016
 10
315.0636279824685
 20
321.9712192793658
 10
315.0842990714686
 20
321.8733275049356
 10
315.1057530213725
 20
321.77560431702676
 10
315.1279884577416
 20
321.6780559762361
 10
315.1510039560715
 20
321.5806887319588
 10
315.1747980418837
 20
321.48350882198815
 10
315.19936919081965
 20
321.38652247211604
 10
315.2247158287385
 20
321.28973589573405
 10
315.2508363318181
 20
321.1931552934352
 10
315.2777290266589
 20
321.09678685261696
 10
315.3053921903913
 20
321.00063674708474
 10
315.3338240507858
 20
320.90471113665643
 10
315.3630227863666
 20
320.8090161667676
 10
315.3929865265286
 20
320.71355796807813
 10
315.4237133516567
 20
320.61834265607905
 10
315.4552012932494
 20
320.523376330701
 10
315.48744833404413
 20
320.42866507592356
 10
315.5204524081474
 20
320.3342149593851
 10
315.5542114011663
 20
320.2400320319944
 10
315.58872315034466
 20
320.1461223275428
 10
315.6239854447011
 20
320.0524918623177
 10
315.6599960251708
 20
319.95914663471734
 10
315.6967525847506
 20
319.8660926248661
 10
315.7342527686462
 20
319.7733357942317
 10
315.7724941744233
 20
319.6808820852432
 10
315.8114743521618
 20
319.5887374209103
 10
315.85119080461214
 20
319.4969077044439
 10
315.8916409873558
 20
319.40539881887787
 10
315.9328223089681
 20
319.31421662669214
 10
315.9747321311843
 20
319.22336696943717
 10
316.0173677690684
 20
319.1328556673597
 10
316.0607264911854
 20
319.0426885190299
 10
316.1048055197763
 20
318.95287130097
 10
316.1496020309357
 20
318.8634097672838
 10
316.19511315479326
 20
318.7743096492886
 10
316.2413359756971
 20
318.6855766551476
 10
316.2882675324007
 20
318.5972164695043
 10
316.33590481825286
 20
318.5092347531186
 10
316.38424478139
 20
318.4216371425037
 10
316.4332843249318
 20
318.3344292495653
 10
316.4830203071796
 20
318.24761666124203
 10
316.5334495418177
 20
318.1612049391474
 10
316.58456879811746
 20
318.0751996192137
 10
316.6363748011443
 20
317.9896062113372
 10
316.6888642319675
 20
317.90443019902506
 10
316.74203372787275
 20
317.8196770390443
 10
316.79587988257765
 20
317.73535216107206
 10
316.85039924644997
 20
317.6514609673477
 10
316.90558832672855
 20
317.5680088323268
 10
316.9614435877472
 20
317.4850011023369
 10
317.0179614511611
 20
317.40244309523484
 10
317.075138296176
 20
317.32034010006606
 10
317.1329704597804
 20
317.238697376726
 10
317.19145423697984
 20
317.15752015562293
 10
317.2505858810348
 20
317.0768136373428
 10
317.3103616037002
 20
316.99658299231635
 10
317.3707775754684
 20
316.9168333604875
 10
317.43182992581455
 20
316.8375698509844
 10
317.49351474344434
 20
316.7587975417918
 10
317.5558280765446
 20
316.6805214794262
 10
317.6187659330369
 20
316.60274667861194
 10
317.6823242808327
 20
316.5254781219604
 10
317.7464990480919
 20
316.4487207596506
 10
317.81128612348397
 20
316.372479509112
 10
317.87668135645094
 20
316.2967592547098
 10
317.94268055747347
 20
316.2215648474316
 10
318.0092794983393
 20
316.1469011045768
 10
318.07647391241414
 20
316.0727728094481
 10
318.14425949491476
 20
315.99918471104496
 10
318.2126319031851
 20
315.92614152375927
 10
318.2815867569744
 20
315.8536479270735
 10
318.35111963871753
 20
315.7817085652607
 10
318.4212260938185
 20
315.7103280470873
 10
318.49190163093544
 20
315.6395109455173
 10
318.5631417222685
 20
315.5692617974199
 10
318.63494180384976
 20
315.49958510327866
 10
318.70729727583597
 20
315.43048532690284
 10
318.7802035028029
 20
315.3619668951418
 10
318.85365581404244
 20
315.29403419760143
 10
318.92764950386174
 20
315.2266915863626
 10
319.00217983188486
 20
315.15994337570265
 10
319.07724202335635
 20
315.0937938418189
 10
319.152831269447
 20
315.02824722255457
 10
319.2289427275622
 20
314.96330771712746
 10
319.30557152165204
 20
314.89897948586093
 10
319.38271274252355
 20
314.83526664991723
 10
319.4603614481555
 20
314.7721732910336
 10
319.5385126640148
 20
314.7097034512606
 10
319.6171613833751
 20
314.64786113270355
 10
319.696302567638
 20
314.5866502972656
 10
319.7759311466552
 20
314.52607486639437
 10
319.8560420190539
 20
314.46613872083043
 10
319.93663005256326
 20
314.40684570035893
 10
320.01769008434326
 20
314.3481996035633
 10
320.0992169213156
 20
314.29020418758216
 10
320.18120534049626
 20
314.23286316786863
 10
320.26365008933016
 20
314.1761802179519
 10
320.34654588602757
 20
314.12015896920246
 10
320.42988741990257
 20
314.0648030105991
 10
320.5136693517134
 20
314.01011588849906
 10
320.5978863140042
 20
313.95610110641076
 10
320.68253291144924
 20
313.90276212476954
 10
320.76760372119816
 20
313.8501023607158
 10
320.8530932932239
 20
313.79812518787617
 10
320.93899615067124
 20
313.7468339361473
 10
321.0253067902083
 20
313.69623189148257
 10
321.11201968237856
 20
313.6463222956817
 10
321.1991292719555
 20
313.5971083461829
 10
321.2866299782983
 20
313.54859319585796
 10
321.37451619570936
 20
313.5007799528105
 10
321.4627822937935
 20
313.45367168017674
 10
321.55142261781873
 20
313.40727139592923
 10
321.6404314890782
 20
313.3615820726835
 10
321.7298032052544
 20
313.3166066375077
 10
321.81953204078434
 20
313.2723479717349
 10
321.90961224722616
 20
313.22880891077887
 10
322.00003805362775
 20
313.185992243952
 10
322.0908036668961
 20
313.14390071428676
 10
322.1819032721687
 20
313.1025370183601
 10
322.2733310331861
 20
313.06190380612065
 10
322.3650810926653
 20
313.0220036807188
 10
322.4571475726759
 20
312.9828391983399
 10
322.5495245750157
 20
312.9444128680409
 10
322.6422061815893
 20
312.90672715158917
 10
322.73518645478674
 20
312.86978446330494
 10
322.8284594378643
 20
312.8335871699067
 10
322.92201915532576
 20
312.79813759035954
 10
323.01585961330545
 20
312.7634379957265
 10
323.10997479995217
 20
312.7294906090231
 10
323.2043586858144
 20
312.6962976050751
 10
323.29900522422633
 20
312.6638611103789
 10
323.3939083516956
 20
312.6321832029655
 10
323.4890619882915
 20
312.6012659122673
 10
323.58446003803454
 20
312.5711112189881
 10
323.68009638928703
 20
312.5417210549762
 10
323.7759649151446
 20
312.51309730310066
 10
323.8720594738287
 20
312.48524179713064
 10
323.96837390908007
 20
312.4581563216178
 10
324.0649020505531
 20
312.43184261178243
 10
324.1616377142112
 20
312.4063023534017
 10
324.25857470272314
 20
312.3815371827019
 10
324.3557068058595
 20
312.35754868625384
 10
324.45302780089133
 20
312.3343384008709
 10
324.55053145298814
 20
312.3119078135106
 10
324.6482115156176
 20
312.29025836117955
 10
324.74606173094594
 20
312.2693914308412
 10
324.8440758302383
 20
312.2493083593271
 10
324.9422475342609
 20
312.2300104332511
 10
325.040570553683
 20
312.21149888892705
 10
325.13903858947987
 20
312.1937749122896
 10
325.23764533333645
 20
312.17683963881825
 10
325.3363844680512
 20
312.1606941534645
 10
325.4352496679413
 20
312.1453394905822
 10
325.5342345992475
 20
312.1307766338619
 10
325.63333292053983
 20
312.11700651626694
 10
325.7325382831243
 20
312.1040300199745
 10
325.8318443314492
 20
312.0918479763186
 10
325.93124470351245
 20
312.0804611657369
 10
326.0307330312692
 20
312.06987031772087
 10
326.1303029410398
 20
312.06007611076893
 10
326.22994805391795
 20
312.051079172343
 10
326.3296619861796
 20
312.0428800788283
 10
326.42943834969174
 20
312.0354793554966
 10
326.52927075232174
 20
312.0288774764721
 10
326.629152798347
 20
312.0230748647015
 10
326.7290780888642
 20
312.018071891927
 10
326.8290402221999
 20
312.0138688786618
 10
326.9290327943203
 20
312.01046609417045
 10
327.02904939924133
 20
312.00786375645083
 10
327.1290836294395
 20
312.00606203222077
 10
327.22912907626204
 20
312.0050610369069
 10
327.32917933033764
 20
312.00486083463767
 10
327.42922798198697
 20
312.0054614382389
 10
327.52926862163343
 20
312.0068628092332
 10
327.6292948402137
 20
312.0090648578423
 10
327.72930022958826
 20
312.0120674429928
 10
327.829278382952
 20
312.0158703723253
 10
327.92922289524483
 20
312.02047340220673
 10
328.0291273635617
 20
312.02587623774576
 10
328.12898538756303
 20
312.0320785328119
 10
328.22879056988467
 20
312.0390798900577
 10
328.3285365165478
 20
312.0468798609439
 10
328.4282168373683
 20
312.0554779457686
 10
328.52782514636664
 20
312.06487359369885
 10
328.62735506217655
 20
312.07506620280634
 10
328.7268002084539
 20
312.08605512010564
 10
328.82615421428545
 20
312.0978396415962
 10
328.9254107145968
 20
312.11041901230726
 10
329.0245633505601
 20
312.1237924263467
 10
329.1236057700016
 20
312.137959026952
 10
329.22253162780856
 20
312.15291790654555
 10
329.3213345863357
 20
312.1686681067929
 10
329.4200083158111
 20
312.18520861866364
 10
329.51854649474205
 20
312.20253838249664
 10
329.61694281031976
 20
312.22065628806746
 10
329.7151909588238
 20
312.23956117465985
 10
329.81328464602603
 20
312.2592518311398
 10
329.9112175875938
 20
312.27972699603333
 10
330.0089835094927
 20
312.30098535760726
 10
330.1065761483881
 20
312.3230255539532
 10
330.20398925204694
 20
312.3458461730748
 10
330.30121657973785
 20
312.3694457529782
 10
330.3982519026312
 20
312.393822781766
 10
330.49508900419806
 20
312.4189756977335
 10
330.59172168060843
 20
312.4449028894693
 10
330.68814374112884
 20
312.47160269595827
 10
330.7843490085186
 20
312.49907340668807
 10
330.88033131942603
 20
312.52731326175865
 10
330.976084524783
 20
312.5563204519951
 10
331.0716024901988
 20
312.5860931190633
 10
331.1668790963535
 20
312.61662935558945
 10
331.26190823938964
 20
312.64792720528175
 10
331.3566838313033
 20
312.6799846630561
 10
331.45119980033434
 20
312.7127996751643
 10
331.5454500913552
 20
312.7463701393259
 10
331.6394286662589
 20
312.78069390486246
 10
331.7331295043458
 20
312.8157687728359
 10
331.82654660270936
 20
312.8515924961888
 10
331.91967397662086
 20
312.8881627798887
 10
332.0125056599124
 20
312.92547728107525
 10
332.10503570535957
 20
312.9635336092097
 10
332.1972581850622
 20
313.0023293262289
 10
332.2891671908243
 20
313.04186194670075
 10
332.38075683453224
 20
313.08212893798384
 10
332.47202124853237
 20
313.1231277203895
 10
332.56295458600675
 20
313.16485566734724
 10
332.65355102134765
 20
313.207310105573
 10
332.74380475053084
 20
313.2504883152402
 10
332.8337099914875
 20
313.2943875301542
 10
332.9232609844745
 20
313.3390049379294
 10
333.01245199244346
 20
313.38433768016966
 10
333.10127730140835
 20
313.43038285265095
 10
333.18973122081144
 20
313.4771375055078
 10
333.27780808388803
 20
313.5245986434223
 10
333.36550224802914
 20
313.5727632258156
 10
333.45280809514355
 20
313.6216281670431
 10
333.53972003201727
 20
313.67119033659213
 10
333.62623249067195
 20
313.7214465592821
 10
333.7123399287217
 20
313.7723936154684
 10
333.7980368297282
 20
313.82402824124824
 10
333.8833177035538
 20
313.8763471286702
 10
333.9681770867138
 20
313.9293469259457
 10
334.05260954272586
 20
313.9830242376641
 10
334.1366096624586
 20
314.03737562501
 10
334.22017206447816
 20
314.0923976059836
 10
334.3032913953929
 20
314.14808665562384
 10
334.38596233019615
 20
314.20443920623416
 10
334.4681795726079
 20
314.261451647611
 10
334.5499378554135
 20
314.3191203272753
 10
334.6312319408014
 20
314.37744155070624
 10
334.7120566206987
 20
314.4364115815781
 10
334.7924067171049
 20
314.4960266419996
 10
334.8722770824233
 20
314.5562829127558
 10
334.951662599791
 20
314.61717653355305
 10
335.0305581834069
 20
314.6787036032659
 10
335.1089587788571
 20
314.74086018018744
 10
335.1868593634388
 20
314.80364228228154
 10
335.26425494648265
 20
314.86704588743805
 10
335.3411405696716
 20
314.93106693373056
 10
335.4175113073592
 20
314.9957013196764
 10
335.49336226688473
 20
315.06094490449976
 10
335.56868858888697
 20
315.1267935083964
 10
335.64348544761555
 20
315.19324291280225
 10
335.7177480512396
 20
315.26028886066274
 10
335.7914716421554
 20
315.3279270567062
 10
335.8646514972907
 20
315.3961531677189
 10
335.9372829284075
 20
315.4649628228224
 10
336.00936128240244
 20
315.5343516137538
 10
336.0808819416047
 20
315.60431509514814
 10
336.151840324072
 20
315.67484878482315
 10
336.22223188388404
 20
315.74594816406625
 10
336.292052111434
 20
315.81760867792445
 10
336.36129653371694
 20
315.8898257354956
 10
336.4299607146168
 20
315.9625947102231
 10
336.4980402551906
 20
316.0359109401917
 10
336.56553079394973
 20
316.10976972842667
 10
336.63242800714005
 20
316.1841663431944
 10
336.69872760901853
 20
316.25909601830574
 10
336.76442535212783
 20
316.3345539534212
 10
336.82951702756844
 20
316.41053531435847
 10
336.89399846526834
 20
316.48703523340214
 10
336.9578655342501
 20
316.56404880961577
 10
337.0211141428958
 20
316.64157110915556
 10
337.0837402392085
 20
316.7195971655865
 10
337.14573981107276
 20
316.7981219802007
 10
337.2071088865108
 20
316.8771405223374
 10
337.26784353393754
 20
316.9566477297056
 10
337.32793986241217
 20
317.036638508708
 10
337.38739402188764
 20
317.11710773476744
 10
337.44620220345706
 20
317.1980502526554
 10
337.5043606395979
 20
317.27946087682193
 10
337.56186560441347
 20
317.3613343917282
 10
337.6187134138712
 20
317.44366555218033
 10
337.674900426039
 20
317.5264490836657
 10
337.7304230413187
 20
317.60967968269057
 10
337.7852777026762
 20
317.69335201712016
 10
337.83946089586954
 20
317.77746072652
 10
337.8929691496744
 20
317.8620004224994
 10
337.945799036106
 20
317.9469656890568
 10
337.99794717063884
 20
318.0323510829265
 10
338.0494102124237
 20
318.1181511339276
 10
338.1001848645015
 20
318.2043603453143
 10
338.15026787401456
 20
318.2909731941282
 10
338.19965603241496
 20
318.3779841315519
 10
338.2483461756703
 20
318.4653875832647
 10
338.29633518446605
 20
318.55317794979965
 10
338.3436199844057
 20
318.6413496069022
 10
338.3901975462075
 20
318.7298969058906
 10
338.43606488589876
 20
318.8188141740177
 10
338.4812190650067
 20
318.9080957148345
 10
338.52565719074715
 20
318.997735808555
 10
338.5693764162093
 20
319.08772871242263
 10
338.6123739405386
 20
319.17806866107816
 10
338.654647009116
 20
319.26874986692917
 10
338.69619291373425
 20
319.3597665205206
 10
338.7370089927718
 20
319.45111279090725
 10
338.7770926313629
 20
319.5427828260269
 10
338.81644126156533
 20
319.63477075307566
 10
338.85505236252493
 20
319.727070678884
 10
338.8929234606371
 20
319.8196766902943
 10
338.93005212970513
 20
319.9125828545396
 10
338.96643599109575
 20
320.0057832196239
 10
339.0020727138915
 20
320.0992718147033
 10
339.0369600150401
 20
320.1930426504685
 10
339.07109565950066
 20
320.28708971952864
 10
339.10447746038676
 20
320.38140699679604
 10
339.1371032791068
 20
320.4759884398723
 10
339.1689710255008
 20
320.57082798943526
 10
339.2000786579745
 20
320.6659195696273
 10
339.23042418362974
 20
320.76125708844467
 10
339.26000565839274
 20
320.8568344381274
 10
339.28882118713824
 20
320.95264549555117
 10
339.31686892381094
 20
321.048684122619
 10
339.34414707154383
 20
321.14494416665497
 10
339.3706538827734
 20
321.24141946079794
 10
339.3963876593515
 20
321.3381038243971
 10
339.42134675265396
 20
321.4349910634075
 10
339.44552956368653
 20
321.53207497078716
 10
339.4689345431872
 20
321.62934932689456
 10
339.49156019172534
 20
321.72680789988726
 10
339.51340505979783
 20
321.8244444461209
 10
339.53446774792206
 20
321.9222527105494
 10
339.55474690672537
 20
322.0202264271257
 10
339.5742412370316
 20
322.11835931920297
 10
339.59294948994426
 20
322.216645099937
 10
339.6108704669267
 20
322.3150774726887
 10
339.6280030198787
 20
322.41365013142774
 10
339.6443460512102
 20
322.5123567611364
 10
339.65989851391146
 20
322.6111910382141
 10
339.6746594116202
 20
322.71014663088255
 10
339.6886277986854
 20
322.8092171995916
 10
339.70180278022804
 20
322.90839639742507
 10
339.71418351219813
 20
323.00767787050756
 10
339.7257692014291
 20
323.1070552584113
 10
339.73655910568846
 20
323.2065221945641
 10
339.7465525337253
 20
323.30607230665646
 10
339.7557488453147
 20
323.40569921705065
 10
339.76414745129864
 20
323.5053965431887
 10
339.77174781362373
 20
323.6051578980014
 10
339.778549445376
 20
323.7049768903177
 10
339.7845519108114
 20
323.804847125274
 10
339.7897548253846
 20
323.90476220472397
 10
339.7941578557728
 20
324.0047157276481
 10
339.79776071989784
 20
324.1047012905641
 10
339.8005631869435
 20
324.2047124879372
 10
339.80256507737096
 20
324.30474291259014
 10
339.8037662629298
 20
324.4047861561141
 10
339.8041666666667
 20
324.50483580927886
  0
LWPOLYLINE
  5
1A1
330
17
100
AcDbEntity
  8
02-OCULTA
100
AcDbPolyline
 90
2
 70
0
 10
335.4401228759301
 20
326.60389273581416
 10
335.7223497267528
 20
329.2891018533085
  0
LWPOLYLINE
  5
1A2
330
17
100
AcDbEntity
  8
02-OCULTA
100
AcDbPolyline
 90
2
 70
0
 10
335.4401228759301
 20
326.60389273581416
 10
335.7223497267528
 20
329.2891018533085
  0
LWPOLYLINE
  5
1A3
330
17
100
AcDbEntity
  8
02-OCULTA
100
AcDbPolyline
 90
2
 70
0
 10
335.4401228759301
 20
326.60389273581416
 10
339.6945349310081
 20
326.1567360102601
  0
LWPOLYLINE
  5
1A4
330
17
100
AcDbEntity
  8
02-OCULTA
100
AcDbPolyline
 90
2
 70
0
 10
344.9509484555903
 20
325.6042646865187
 10
347.48551133939094
 20
325.3378713928841
  0
LWPOLYLINE
  5
1A5
330
17
100
AcDbEntity
  8
02-OCULTA
100
AcDbPolyline
 90
2
 70
0
 10
335.7223497267528
 20
329.2891018533085
 10
338.9886806445517
 20
328.94579664006864
  0
LWPOLYLINE
  5
1A6
330
17
100
AcDbEntity
  8
02-OCULTA
100
AcDbPolyline
 90
2
 70
0
 10
346.95921563357825
 20
328.1080596553887
 10
348.8835263406026
 20
327.90580645011335
  0
LWPOLYLINE
  5
1A7
330
17
100
AcDbEntity
  8
02-OCULTA
100
AcDbPolyline
 90
2
 70
0
 10
335.4401228759301
 20
326.60389273581416
 10
380.657416853541
 20
321.8513636315141
  0
LWPOLYLINE
  5
1A8
330
17
100
AcDbEntity
  8
02-OCULTA
100
AcDbPolyline
 90
2
 70
0
 10
335.7223497267528
 20
329.2891018533085
 10
380.8813422984201
 20
324.5427004736951
  0
LWPOLYLINE
  5
1A9
330
17
100
AcDbEntity
  8
02-OCULTA
100
AcDbPolyline
 90
2
 70
0
 10
313.8041666666667
 20
338.6798358092788
 10
313.4751194394728
 20
341.35971041871045
  0
LWPOLYLINE
  5
1AA
330
17
100
AcDbEntity
  8
02-OCULTA
100
AcDbPolyline
 90
2
 70
0
 10
314.387024010711
 20
338.7514016923363
 10
316.8845636092717
 20
339.05806099528326
  0
LWPOLYLINE
  5
1AB
330
17
100
AcDbEntity
  8
02-OCULTA
100
AcDbPolyline
 90
2
 70
0
 10
313.8041666666667
 20
338.6798358092788
 10
375.73246944055256
 20
346.28367527283245
  0
LWPOLYLINE
  5
1AC
330
17
100
AcDbEntity
  8
02-OCULTA
100
AcDbPolyline
 90
2
 70
0
 10
313.4751194394728
 20
341.35971041871045
 10
374.1797199928826
 20
348.8132981424471
  0
LWPOLYLINE
  5
1AD
330
17
100
AcDbEntity
  8
02-OCULTA
100
AcDbPolyline
 90
128
 70
0
 10
317.8541666666667
 20
337.3298358092788
 10
317.8516889095006
 20
337.4299795921224
 10
317.8442617014892
 20
337.52987830634805
 10
317.83190321825515
 20
337.629287483062
 10
317.8146437030779
 20
337.7279638513506
 10
317.79252539288314
 20
337.8256659336054
 10
317.76560241488244
 20
337.92215463645897
 10
317.73394065411446
 20
338.01719383588664
 10
317.6976175922134
 20
338.1105509550417
 10
317.6567221177985
 20
338.2019975334094
 10
317.6113543089484
 20
338.2913097858888
 10
317.56162518829393
 20
338.3782691504318
 10
317.50765645132634
 20
338.46266282290145
 10
317.44958016858874
 20
338.54428427783927
 10
317.3875384624768
 20
338.6229337738676
 10
317.3216831594418
 20
338.6984188424902
 10
317.2521754184459
 20
338.7705547590951
 10
317.17918533657866
 20
338.83916499500634
 10
317.1028915328015
 20
338.9040816494797
 10
317.02348071083696
 20
338.9651458605833
 10
316.9411472022734
 20
339.02220819396
 10
316.856092491003
 20
339.0751290085182
 10
316.7685247201569
 20
339.12377879815637
 10
316.67865818274436
 20
339.1680385086872
 10
316.5867127972414
 20
339.2077998291821
 10
316.4929135694138
 20
339.2429654570271
 10
316.3974900416901
 20
339.27344933603814
 10
316.300675731433
 20
339.299176867055
 10
316.20270755948286
 20
339.32008509049814
 10
316.10382527037325
 20
339.3361228404411
 10
316.00427084563546
 20
339.3472508698223
 10
315.90428791162924
 20
339.3534419464891
 10
315.80412114334837
 20
339.3546809198395
 10
315.70401566566
 20
339.3509647578981
 10
315.60421645344286
 20
339.3423025547359
 10
315.5049677320927
 20
339.32871550821545
 10
315.4065123798619
 20
339.31023686811653
 10
315.30909133349576
 20
339.2869118547679
 10
315.2129429986197
 20
339.25879754838576
 10
315.1183026663208
 20
339.2259627493891
 10
315.0254019373513
 20
339.1884878100332
 10
314.93446815536254
 20
339.14646443777445
 10
314.84572385055685
 20
339.09999547084664
 10
314.75938619511913
 20
339.04919462659865
 10
314.67566647176
 20
338.99418622320917
 10
314.5947695566715
 20
338.9351048754591
 10
314.5168934181609
 20
338.8720951653069
 10
314.442228632189
 20
338.8053112880718
 10
314.37095791599876
 20
338.7349166750924
 10
314.30325568097555
 20
338.66108359378285
 10
314.23928760583345
 20
338.58399272606556
 10
314.1792102311717
 20
338.5038327262119
 10
314.12317057639314
 20
338.42079975917414
 10
314.0713057799238
 20
338.3350970205366
 10
314.02374276361166
 20
338.246934239262
 10
313.98059792212786
 20
338.15652716444964
 10
313.94197683812934
 20
338.06409703736125
 10
313.9079740238804
 20
337.9698700500066
 10
313.8786726899655
 20
337.8740767916133
 10
313.85414454165874
 20
337.776951684337
 10
313.83444960344923
 20
337.6787324095906
 10
313.8196360721511
 20
337.57965932639803
 10
313.80974019895774
 20
337.4799748831959
 10
313.8047862007292
 20
337.3799230245208
 10
313.8047862007292
 20
337.2797485940368
 10
313.80974019895774
 20
337.1796967353617
 10
313.8196360721511
 20
337.08001229215955
 10
313.83444960344923
 20
336.98093920896696
 10
313.85414454165874
 20
336.8827199342206
 10
313.8786726899655
 20
336.7855948269443
 10
313.9079740238804
 20
336.689801568551
 10
313.94197683812934
 20
336.59557458119633
 10
313.98059792212786
 20
336.50314445410794
 10
314.02374276361166
 20
336.4127373792956
 10
314.0713057799238
 20
336.324574598021
 10
314.12317057639314
 20
336.23887185938344
 10
314.1792102311717
 20
336.1558388923457
 10
314.23928760583345
 20
336.075678892492
 10
314.30325568097555
 20
335.99858802477473
 10
314.37095791599876
 20
335.9247549434652
 10
314.442228632189
 20
335.8543603304858
 10
314.5168934181609
 20
335.78757645325067
 10
314.5947695566715
 20
335.7245667430985
 10
314.67566647176
 20
335.6654853953484
 10
314.75938619511913
 20
335.61047699195893
 10
314.84572385055685
 20
335.55967614771095
 10
314.93446815536254
 20
335.5132071807831
 10
315.0254019373513
 20
335.47118380852436
 10
315.1183026663208
 20
335.43370886916847
 10
315.2129429986197
 20
335.4008740701718
 10
315.30909133349576
 20
335.3727597637897
 10
315.4065123798619
 20
335.34943475044105
 10
315.5049677320927
 20
335.33095611034213
 10
315.60421645344286
 20
335.3173690638217
 10
315.70401566566
 20
335.30870686065947
 10
315.80412114334837
 20
335.3049906987181
 10
315.90428791162924
 20
335.30622967206847
 10
316.00427084563546
 20
335.3124207487353
 10
316.10382527037325
 20
335.3235487781165
 10
316.20270755948286
 20
335.33958652805944
 10
316.300675731433
 20
335.3604947515026
 10
316.3974900416901
 20
335.38622228251944
 10
316.4929135694138
 20
335.4167061615305
 10
316.5867127972414
 20
335.4518717893755
 10
316.67865818274436
 20
335.4916331098704
 10
316.7685247201569
 20
335.5358928204012
 10
316.856092491003
 20
335.58454261003936
 10
316.9411472022734
 20
335.63746342459757
 10
317.02348071083696
 20
335.6945257579743
 10
317.1028915328015
 20
335.7555899690779
 10
317.17918533657866
 20
335.82050662355124
 10
317.2521754184459
 20
335.8891168594625
 10
317.3216831594418
 20
335.9612527760674
 10
317.3875384624768
 20
336.03673784469
 10
317.44958016858874
 20
336.1153873407183
 10
317.50765645132634
 20
336.19700879565613
 10
317.56162518829393
 20
336.2814024681258
 10
317.6113543089484
 20
336.36836183266877
 10
317.6567221177985
 20
336.4576740851482
 10
317.6976175922134
 20
336.5491206635159
 10
317.73394065411446
 20
336.64247778267094
 10
317.76560241488244
 20
336.7375169820986
 10
317.79252539288314
 20
336.83400568495216
 10
317.8146437030779
 20
336.931707767207
 10
317.83190321825515
 20
337.0303841354956
 10
317.8442617014892
 20
337.12979331220953
 10
317.8516889095006
 20
337.2296920264352
 10
317.8541666666667
 20
337.3298358092788
  0
LWPOLYLINE
  5
1AE
330
17
100
AcDbEntity
  8
02-OCULTA
100
AcDbPolyline
 90
22
 70
0
 10
330.00416666666666
 20
338.6798358092788
 10
329.74702380952385
 20
338.6798358092788
 10
329.489880952381
 20
338.6798358092788
 10
329.2327380952381
 20
338.6798358092788
 10
328.97559523809525
 20
338.6798358092788
 10
328.7184523809524
 20
338.6798358092788
 10
328.4613095238095
 20
338.6798358092788
 10
328.2041666666667
 20
338.6798358092788
 10
327.94702380952384
 20
338.6798358092788
 10
327.689880952381
 20
338.6798358092788
 10
327.4327380952381
 20
338.6798358092788
 10
327.17559523809524
 20
338.6798358092788
 10
326.9184523809524
 20
338.6798358092788
 10
326.66130952380956
 20
338.6798358092788
 10
326.4041666666667
 20
338.6798358092788
 10
326.14702380952383
 20
338.6798358092788
 10
325.88988095238096
 20
338.6798358092788
 10
325.6327380952381
 20
338.6798358092788
 10
325.37559523809523
 20
338.6798358092788
 10
325.1184523809524
 20
338.6798358092788
 10
324.86130952380955
 20
338.6798358092788
 10
324.6041666666667
 20
338.6798358092788
  0
LWPOLYLINE
  5
1AF
330
17
100
AcDbEntity
  8
02-OCULTA
100
AcDbPolyline
 90
2
 70
0
 10
330.00416666666666
 20
336.15483580927884
 10
330.00416666666666
 20
336.7097528511927
  0
LWPOLYLINE
  5
1B0
330
17
100
AcDbEntity
  8
02-OCULTA
100
AcDbPolyline
 90
22
 70
0
 10
330.00416666666666
 20
336.15483580927884
 10
329.74702380952385
 20
336.15483580927884
 10
329.489880952381
 20
336.15483580927884
 10
329.2327380952381
 20
336.15483580927884
 10
328.97559523809525
 20
336.15483580927884
 10
328.7184523809524
 20
336.15483580927884
 10
328.4613095238095
 20
336.15483580927884
 10
328.2041666666667
 20
336.15483580927884
 10
327.94702380952384
 20
336.15483580927884
 10
327.689880952381
 20
336.15483580927884
 10
327.4327380952381
 20
336.15483580927884
 10
327.17559523809524
 20
336.15483580927884
 10
326.9184523809524
 20
336.15483580927884
 10
326.66130952380956
 20
336.15483580927884
 10
326.4041666666667
 20
336.15483580927884
 10
326.14702380952383
 20
336.15483580927884
 10
325.88988095238096
 20
336.15483580927884
 10
325.6327380952381
 20
336.15483580927884
 10
325.37559523809523
 20
336.15483580927884
 10
325.1184523809524
 20
336.15483580927884
 10
324.86130952380955
 20
336.15483580927884
 10
324.6041666666667
 20
336.15483580927884
  0
LWPOLYLINE
  5
1B1
330
17
100
AcDbEntity
  8
02-OCULTA
100
AcDbPolyline
 90
22
 70
0
 10
324.6041666666667
 20
336.15483580927884
 10
324.86130952380955
 20
336.15483580927884
 10
325.1184523809524
 20
336.15483580927884
 10
325.37559523809523
 20
336.15483580927884
 10
325.6327380952381
 20
336.15483580927884
 10
325.88988095238096
 20
336.15483580927884
 10
326.14702380952383
 20
336.15483580927884
 10
326.4041666666667
 20
336.15483580927884
 10
326.66130952380956
 20
336.15483580927884
 10
326.9184523809524
 20
336.15483580927884
 10
327.17559523809524
 20
336.15483580927884
 10
327.4327380952381
 20
336.15483580927884
 10
327.689880952381
 20
336.15483580927884
 10
327.94702380952384
 20
336.15483580927884
 10
328.2041666666667
 20
336.15483580927884
 10
328.4613095238095
 20
336.15483580927884
 10
328.7184523809524
 20
336.15483580927884
 10
328.97559523809525
 20
336.15483580927884
 10
329.2327380952381
 20
336.15483580927884
 10
329.489880952381
 20
336.15483580927884
 10
329.74702380952385
 20
336.15483580927884
 10
330.00416666666666
 20
336.15483580927884
  0
LWPOLYLINE
  5
1B2
330
17
100
AcDbEntity
  8
02-OCULTA
100
AcDbPolyline
 90
10
 70
0
 10
341.5925673878477
 20
336.9023358092808
 10
341.39156827537954
 20
336.7445865579504
 10
341.233253152181
 20
336.5440328455433
 10
341.1264831814803
 20
336.3119000345102
 10
341.0772344754656
 20
336.061181001277
 10
341.0882635580944
 20
335.80590893459083
 10
341.1589531265961
 20
335.5603718624869
 10
341.28534655398647
 20
335.3383129278596
 10
341.46036938184807
 20
335.15216116623986
 10
341.67422526399343
 20
335.01233580927914
  0
LWPOLYLINE
  5
1B3
330
17
100
AcDbEntity
  8
02-OCULTA
100
AcDbPolyline
 90
10
 70
0
 10
342.7157659454857
 20
336.9023358092808
 10
342.9167650579538
 20
336.7445865579503
 10
343.0750801811524
 20
336.5440328455433
 10
343.1818501518531
 20
336.3119000345102
 10
343.2310988578677
 20
336.061181001277
 10
343.220069775239
 20
335.80590893459083
 10
343.14938020673725
 20
335.560371862487
 10
343.02298677934687
 20
335.3383129278597
 10
342.8479639514853
 20
335.15216116623986
 10
342.63410806933996
 20
335.0123358092796
  0
LWPOLYLINE
  5
1B4
330
17
100
AcDbEntity
  8
02-OCULTA
100
AcDbPolyline
 90
68
 70
0
 10
343.2341666666667
 20
335.97983580927877
 10
343.22942112725036
 20
336.0809686179759
 10
343.2152262129723
 20
336.1812126679138
 10
343.1917066692497
 20
336.2796870107773
 10
343.1590691866783
 20
336.3755262505005
 10
343.1176005846287
 20
336.4678881483987
 10
343.0676652906665
 20
336.5559610247922
 10
343.0097021379507
 20
336.63897089207654
 10
342.94422050875147
 20
336.71618825655327
 10
342.8717958579806
 20
336.7869345292468
 10
342.7930646560733
 20
336.8505879893692
 10
342.7087187956627
 20
336.906589248024
 10
342.61949951120295
 20
336.9544461641364
 10
342.5261908649738
 20
336.9937381694072
 10
342.4296128567133
 20
337.02411996428106
 10
342.3306142174307
 20
337.0453245524522
 10
342.2300649507276
 20
337.05716558723753
 10
342.12884868717515
 20
337.0595390091974
 10
342.02785491893684
 20
337.05242396061436
 10
341.9279711828793
 20
337.0358829687911
 10
341.8300752608663
 20
337.0100613965587
 10
341.73502746578066
 20
336.97518616482233
 10
341.64366308106304
 20
336.9315637583723
 10
341.55678502021146
 20
336.87957753248514
 10
341.4751567707485
 20
336.81968434398317
 10
341.3994956846655
 20
336.7524105363605
 10
341.33046667430744
 20
336.67834731425734
 10
341.2686763690994
 20
336.5981455479326
 10
341.2146677844652
 20
336.51251005339253
 10
341.1689155497886
 20
336.4221933984422
 10
341.131821737353
 20
336.32798928909284
 10
341.1037123289159
 20
336.23072559444455
 10
341.0848343509693
 20
336.1312570713432
 10
341.0753537038621
 20
336.03045785274634
 10
341.0753537038621
 20
335.9292137658112
 10
341.0848343509693
 20
335.8284145472143
 10
341.1037123289159
 20
335.728946024113
 10
341.131821737353
 20
335.6316823294647
 10
341.1689155497886
 20
335.53747822011536
 10
341.2146677844652
 20
335.447161565165
 10
341.2686763690994
 20
335.36152607062496
 10
341.33046667430744
 20
335.2813243043002
 10
341.3994956846655
 20
335.207261082197
 10
341.4751567707485
 20
335.13998727457437
 10
341.55678502021146
 20
335.0800940860724
 10
341.64366308106304
 20
335.02810786018523
 10
341.73502746578066
 20
334.9844854537352
 10
341.8300752608663
 20
334.94961022199885
 10
341.9279711828793
 20
334.92378864976644
 10
342.02785491893684
 20
334.9072476579432
 10
342.12884868717515
 20
334.9001326093601
 10
342.2300649507276
 20
334.90250603132
 10
342.3306142174307
 20
334.91434706610534
 10
342.4296128567133
 20
334.9355516542765
 10
342.5261908649738
 20
334.9659334491503
 10
342.61949951120295
 20
335.0052254544211
 10
342.7087187956627
 20
335.05308237053356
 10
342.7930646560733
 20
335.1090836291883
 10
342.8717958579806
 20
335.1727370893107
 10
342.94422050875147
 20
335.24348336200427
 10
343.0097021379507
 20
335.320700726481
 10
343.0676652906665
 20
335.4037105937653
 10
343.1176005846287
 20
335.49178347015885
 10
343.1590691866783
 20
335.584145368057
 10
343.1917066692497
 20
335.6799846077802
 10
343.2152262129723
 20
335.7784589506437
 10
343.22942112725036
 20
335.87870300058165
 10
343.2341666666667
 20
335.97983580927877
  0
LWPOLYLINE
  5
1B5
330
17
100
AcDbEntity
  8
02-OCULTA
100
AcDbPolyline
 90
123
 70
0
 10
336.0734331570126
 20
333.4126955534204
 10
336.0239100122628
 20
333.32541373576083
 10
335.9756396113121
 20
333.2374329085771
 10
335.9286318184206
 20
333.1487710511222
 10
335.88289623982905
 20
333.0594462818207
 10
335.8384422217957
 20
332.9694768545658
 10
335.79527884868656
 20
332.87888115498953
 10
335.7534149411191
 20
332.7876776967051
 10
335.7128590541593
 20
332.6958851175236
 10
335.6736194755737
 20
332.603522175646
 10
335.63570422413557
 20
332.51060774582874
 10
335.5991210479866
 20
332.41716081552744
 10
335.563877423053
 20
332.3232004810165
 10
335.5299805515181
 20
332.22874594348644
 10
335.4974373603507
 20
332.13381650512025
 10
335.4662544998891
 20
332.0384315651491
 10
335.43643834248223
 20
331.94261061588765
 10
335.4079949811877
 20
331.846373238751
 10
335.3809302285263
 20
331.74973910025295
 10
335.35524961529444
 20
331.65272794798733
 10
335.3309583894336
 20
331.55535960659216
 10
335.3080615149583
 20
331.45765397369854
 10
335.28656367094146
 20
331.35963101586475
 10
335.26646925055803
 20
331.26131076449536
 10
335.2477823601876
 20
331.1627133117485
 10
335.2305068185751
 20
331.06385880642955
 10
335.21464615605026
 20
330.96476744987336
 10
335.2002036138063
 20
330.8654594918166
 10
335.1871821432377
 20
330.7659552262592
 10
335.17558440533685
 20
330.66627498731765
 10
335.1654127701504
 20
330.56643914506895
 10
335.15666931629494
 20
330.46646810138856
 10
335.1493558305321
 20
330.36638228578073
 10
335.14347380740355
 20
330.26620215120414
 10
335.13902444892545
 20
330.1659481698917
 10
335.1360086643431
 20
330.0656408291671
 10
335.1344270699447
 20
329.9653006272586
 10
335.13427998893576
 20
329.86494806910963
 10
335.1355674513729
 20
329.76460366218856
 10
335.1382891941578
 20
329.6642879122981
 10
335.14244466109074
 20
329.5640213193847
 10
335.14803300298456
 20
329.4638243733497
 10
335.1550530778381
 20
329.3637175498614
 10
335.1635034510694
 20
329.26372130617125
 10
335.173382395809
 20
329.16385607693354
 10
335.184687893253
 20
329.06414227002887
 10
335.1974176330753
 20
328.9646002623943
 10
335.2115690138998
 20
328.8652503958587
 10
335.2271391438322
 20
328.7661129729865
 10
335.2441248410508
 20
328.6672082529279
 10
335.26252263445673
 20
328.5685564472795
 10
335.28232876438335
 20
328.4701777159541
 10
335.3035391833644
 20
328.3720921630601
 10
335.3261495569614
 20
328.27431983279394
 10
335.3501552646492
 20
328.1768807053436
 10
335.37555140076
 20
328.07979469280565
 10
335.4023327754865
 20
327.98308163511626
 10
335.4304939159417
 20
327.88676129599656
 10
335.46002906727796
 20
327.79085335891403
 10
335.4909321938623
 20
327.69537742306017
 10
335.5231969805107
 20
327.6003529993449
 10
335.5568168337778
 20
327.50579950641014
 10
335.5917848833049
 20
327.4117362666608
 10
335.6280939832236
 20
327.3181825023166
 10
335.6657367136162
 20
327.22515733148384
 10
335.704705382032
 20
327.13267976424845
 10
335.7449920250592
 20
327.0407686987913
 10
335.78658840995257
 20
326.9494429175262
 10
335.8294860363153
 20
326.8587210832617
 10
335.8736761378366
 20
326.76862173538717
 10
335.91914968408287
 20
326.67916328608436
 10
335.9658973823431
 20
326.5903640165646
 10
336.0139096795281
 20
326.50224207333315
 10
336.0631767641225
 20
326.4148154644806
 10
336.1136885681897
 20
326.32810205600333
 10
336.1654347694295
 20
326.2421195681519
 10
336.21840479328756
 20
326.1568855718104
 10
336.27258781511614
 20
326.0724174849053
 10
336.3279727623861
 20
325.9887325688465
 10
336.38454831695003
 20
325.9058479249994
 10
336.4423029173547
 20
325.8237804911906
 10
336.501224761204
 20
325.74254703824613
 10
336.56130180757066
 20
325.6621641665648
 10
336.62252177945686
 20
325.58264830272543
 10
336.6848721663032
 20
325.50401569613007
 10
336.7483402265452
 20
325.42628241568343
 10
336.8129129902171
 20
325.3494643465093
 10
336.87857726160235
 20
325.27357718670396
 10
336.94531962193014
 20
325.19863644412857
 10
337.0131264321177
 20
325.1246574332399
 10
337.0819838355574
 20
325.0516552719609
 10
337.15187776094854
 20
324.97964487859093
 10
337.22279392517265
 20
324.90864096875765
 10
337.2947178362125
 20
324.8386580524094
 10
337.3676347961136
 20
324.7697104308503
 10
337.44152990398766
 20
324.7018121938176
 10
337.5163880590578
 20
324.6349772166023
 10
337.59219396374436
 20
324.56921915721387
 10
337.668932126791
 20
324.5045514535891
 10
337.74658686643045
 20
324.4409873208459
 10
337.8251423135893
 20
324.37853974858285
 10
337.90458241513056
 20
324.3172214982247
 10
337.98489093713454
 20
324.2570451004144
 10
338.066051468216
 20
324.19802285245277
 10
338.1480474228782
 20
324.140166815785
 10
338.2308620449021
 20
324.0834888135362
 10
338.31447841077033
 20
324.0280004280951
 10
338.398879433126
 20
323.97371299874726
 10
338.4840478642642
 20
323.9206376193579
 10
338.5699662996569
 20
323.86878513610446
 10
338.65661718150955
 20
323.8181661452607
 10
338.7439828023489
 20
323.76879099103087
 10
338.832045308642
 20
323.7206697634358
 10
338.9207867044443
 20
323.67381229625147
 10
339.01018885507733
 20
323.62822816499875
 10
339.10023349083457
 20
323.5839266849872
 10
339.190902210715
 20
323.540916909411
 10
339.2821764861834
 20
323.49920762749923
 10
339.37403766495663
 20
323.4588073627195
 10
339.4664669748154
 20
323.41972437103635
 10
339.55944552744046
 20
323.38196663922383
 10
339.6529543222725
 20
323.3455418832338
 10
339.7469742503949
 20
323.31045754661864
  0
LWPOLYLINE
  5
1B6
330
17
100
AcDbEntity
  8
02-OCULTA
100
AcDbPolyline
 90
49
 70
0
 10
333.3041666666667
 20
294.8048358092788
 10
333.0541666666667
 20
294.8048358092788
 10
332.8041666666667
 20
294.8048358092788
 10
332.5541666666667
 20
294.8048358092788
 10
332.3041666666667
 20
294.8048358092788
 10
332.0541666666667
 20
294.8048358092788
 10
331.8041666666667
 20
294.8048358092788
 10
331.5541666666667
 20
294.8048358092788
 10
331.3041666666667
 20
294.8048358092788
 10
331.0541666666667
 20
294.8048358092788
 10
330.8041666666667
 20
294.8048358092788
 10
330.5541666666667
 20
294.8048358092788
 10
330.3041666666667
 20
294.8048358092788
 10
330.0541666666667
 20
294.8048358092788
 10
329.8041666666667
 20
294.8048358092788
 10
329.5541666666667
 20
294.8048358092788
 10
329.3041666666667
 20
294.8048358092788
 10
329.0541666666667
 20
294.8048358092788
 10
328.8041666666667
 20
294.8048358092788
 10
328.5541666666667
 20
294.8048358092788
 10
328.3041666666667
 20
294.8048358092788
 10
328.0541666666667
 20
294.8048358092788
 10
327.8041666666667
 20
294.8048358092788
 10
327.5541666666667
 20
294.8048358092788
 10
327.3041666666667
 20
294.8048358092788
 10
327.0541666666667
 20
294.8048358092788
 10
326.8041666666667
 20
294.8048358092788
 10
326.5541666666667
 20
294.8048358092788
 10
326.3041666666667
 20
294.8048358092788
 10
326.0541666666667
 20
294.8048358092788
 10
325.8041666666667
 20
294.8048358092788
 10
325.5541666666667
 20
294.8048358092788
 10
325.3041666666667
 20
294.8048358092788
 10
325.0541666666667
 20
294.8048358092788
 10
324.8041666666667
 20
294.8048358092788
 10
324.5541666666667
 20
294.8048358092788
 10
324.3041666666667
 20
294.8048358092788
 10
324.0541666666667
 20
294.8048358092788
 10
323.8041666666667
 20
294.8048358092788
 10
323.5541666666667
 20
294.8048358092788
 10
323.3041666666667
 20
294.8048358092788
 10
323.0541666666667
 20
294.8048358092788
 10
322.8041666666667
 20
294.8048358092788
 10
322.5541666666667
 20
294.8048358092788
 10
322.3041666666667
 20
294.8048358092788
 10
322.0541666666667
 20
294.8048358092788
 10
321.8041666666667
 20
294.8048358092788
 10
321.5541666666667
 20
294.8048358092788
 10
321.3041666666667
 20
294.8048358092788
  0
LWPOLYLINE
  5
1B7
330
17
100
AcDbEntity
  8
02-OCULTA
100
AcDbPolyline
 90
49
 70
0
 10
321.3041666666667
 20
294.8048358092788
 10
321.5541666666667
 20
294.8048358092788
 10
321.8041666666667
 20
294.8048358092788
 10
322.0541666666667
 20
294.8048358092788
 10
322.3041666666667
 20
294.8048358092788
 10
322.5541666666667
 20
294.8048358092788
 10
322.8041666666667
 20
294.8048358092788
 10
323.0541666666667
 20
294.8048358092788
 10
323.3041666666667
 20
294.8048358092788
 10
323.5541666666667
 20
294.8048358092788
 10
323.8041666666667
 20
294.8048358092788
 10
324.0541666666667
 20
294.8048358092788
 10
324.3041666666667
 20
294.8048358092788
 10
324.5541666666667
 20
294.8048358092788
 10
324.8041666666667
 20
294.8048358092788
 10
325.0541666666667
 20
294.8048358092788
 10
325.3041666666667
 20
294.8048358092788
 10
325.5541666666667
 20
294.8048358092788
 10
325.8041666666667
 20
294.8048358092788
 10
326.0541666666667
 20
294.8048358092788
 10
326.3041666666667
 20
294.8048358092788
 10
326.5541666666667
 20
294.8048358092788
 10
326.8041666666667
 20
294.8048358092788
 10
327.0541666666667
 20
294.8048358092788
 10
327.3041666666667
 20
294.8048358092788
 10
327.5541666666667
 20
294.8048358092788
 10
327.8041666666667
 20
294.8048358092788
 10
328.0541666666667
 20
294.8048358092788
 10
328.3041666666667
 20
294.8048358092788
 10
328.5541666666667
 20
294.8048358092788
 10
328.8041666666667
 20
294.8048358092788
 10
329.0541666666667
 20
294.8048358092788
 10
329.3041666666667
 20
294.8048358092788
 10
329.5541666666667
 20
294.8048358092788
 10
329.8041666666667
 20
294.8048358092788
 10
330.0541666666667
 20
294.8048358092788
 10
330.3041666666667
 20
294.8048358092788
 10
330.5541666666667
 20
294.8048358092788
 10
330.8041666666667
 20
294.8048358092788
 10
331.0541666666667
 20
294.8048358092788
 10
331.3041666666667
 20
294.8048358092788
 10
331.5541666666667
 20
294.8048358092788
 10
331.8041666666667
 20
294.8048358092788
 10
332.0541666666667
 20
294.8048358092788
 10
332.3041666666667
 20
294.8048358092788
 10
332.5541666666667
 20
294.8048358092788
 10
332.8041666666667
 20
294.8048358092788
 10
333.0541666666667
 20
294.8048358092788
 10
333.3041666666667
 20
294.8048358092788
  0
LWPOLYLINE
  5
1B8
330
17
100
AcDbEntity
  8
02-OCULTA
100
AcDbPolyline
 90
2
 70
0
 10
333.3041666666667
 20
286.91946909033874
 10
333.3041666666667
 20
294.8048358092788
  0
LWPOLYLINE
  5
1B9
330
17
100
AcDbEntity
  8
02-OCULTA
100
AcDbPolyline
 90
39
 70
0
 10
332.0541666666667
 20
294.8048358092788
 10
331.8041666666667
 20
294.8048358092788
 10
331.5541666666667
 20
294.8048358092788
 10
331.3041666666667
 20
294.8048358092788
 10
331.0541666666667
 20
294.8048358092788
 10
330.8041666666667
 20
294.8048358092788
 10
330.5541666666667
 20
294.8048358092788
 10
330.3041666666667
 20
294.8048358092788
 10
330.0541666666667
 20
294.8048358092788
 10
329.8041666666667
 20
294.8048358092788
 10
329.5541666666667
 20
294.8048358092788
 10
329.3041666666667
 20
294.8048358092788
 10
329.0541666666667
 20
294.8048358092788
 10
328.8041666666667
 20
294.8048358092788
 10
328.5541666666667
 20
294.8048358092788
 10
328.3041666666667
 20
294.8048358092788
 10
328.0541666666667
 20
294.8048358092788
 10
327.8041666666667
 20
294.8048358092788
 10
327.5541666666667
 20
294.8048358092788
 10
327.3041666666667
 20
294.8048358092788
 10
327.0541666666667
 20
294.8048358092788
 10
326.8041666666667
 20
294.8048358092788
 10
326.5541666666667
 20
294.8048358092788
 10
326.3041666666667
 20
294.8048358092788
 10
326.0541666666667
 20
294.8048358092788
 10
325.8041666666667
 20
294.8048358092788
 10
325.5541666666667
 20
294.8048358092788
 10
325.3041666666667
 20
294.8048358092788
 10
325.0541666666667
 20
294.8048358092788
 10
324.8041666666667
 20
294.8048358092788
 10
324.5541666666667
 20
294.8048358092788
 10
324.3041666666667
 20
294.8048358092788
 10
324.0541666666667
 20
294.8048358092788
 10
323.8041666666667
 20
294.8048358092788
 10
323.5541666666667
 20
294.8048358092788
 10
323.3041666666667
 20
294.8048358092788
 10
323.0541666666667
 20
294.8048358092788
 10
322.8041666666667
 20
294.8048358092788
 10
322.5541666666667
 20
294.8048358092788
  0
LWPOLYLINE
  5
1BA
330
17
100
AcDbEntity
  8
02-OCULTA
100
AcDbPolyline
 90
39
 70
0
 10
322.5541666666667
 20
294.8048358092788
 10
322.8041666666667
 20
294.8048358092788
 10
323.0541666666667
 20
294.8048358092788
 10
323.3041666666667
 20
294.8048358092788
 10
323.5541666666667
 20
294.8048358092788
 10
323.8041666666667
 20
294.8048358092788
 10
324.0541666666667
 20
294.8048358092788
 10
324.3041666666667
 20
294.8048358092788
 10
324.5541666666667
 20
294.8048358092788
 10
324.8041666666667
 20
294.8048358092788
 10
325.0541666666667
 20
294.8048358092788
 10
325.3041666666667
 20
294.8048358092788
 10
325.5541666666667
 20
294.8048358092788
 10
325.8041666666667
 20
294.8048358092788
 10
326.0541666666667
 20
294.8048358092788
 10
326.3041666666667
 20
294.8048358092788
 10
326.5541666666667
 20
294.8048358092788
 10
326.8041666666667
 20
294.8048358092788
 10
327.0541666666667
 20
294.8048358092788
 10
327.3041666666667
 20
294.8048358092788
 10
327.5541666666667
 20
294.8048358092788
 10
327.8041666666667
 20
294.8048358092788
 10
328.0541666666667
 20
294.8048358092788
 10
328.3041666666667
 20
294.8048358092788
 10
328.5541666666667
 20
294.8048358092788
 10
328.8041666666667
 20
294.8048358092788
 10
329.0541666666667
 20
294.8048358092788
 10
329.3041666666667
 20
294.8048358092788
 10
329.5541666666667
 20
294.8048358092788
 10
329.8041666666667
 20
294.8048358092788
 10
330.0541666666667
 20
294.8048358092788
 10
330.3041666666667
 20
294.8048358092788
 10
330.5541666666667
 20
294.8048358092788
 10
330.8041666666667
 20
294.8048358092788
 10
331.0541666666667
 20
294.8048358092788
 10
331.3041666666667
 20
294.8048358092788
 10
331.5541666666667
 20
294.8048358092788
 10
331.8041666666667
 20
294.8048358092788
 10
332.0541666666667
 20
294.8048358092788
  0
LWPOLYLINE
  5
1BB
330
17
100
AcDbEntity
  8
02-OCULTA
100
AcDbPolyline
 90
2
 70
0
 10
332.0541666666667
 20
287.1715338683589
 10
332.0541666666667
 20
294.8048358092788
  0
LWPOLYLINE
  5
1BC
330
17
100
AcDbEntity
  8
02-OCULTA
100
AcDbPolyline
 90
49
 70
0
 10
308.4041666666667
 20
325.1048358092788
 10
308.4041666666667
 20
324.8548358092788
 10
308.4041666666667
 20
324.6048358092788
 10
308.4041666666667
 20
324.3548358092788
 10
308.4041666666667
 20
324.1048358092788
 10
308.4041666666667
 20
323.8548358092788
 10
308.4041666666667
 20
323.6048358092788
 10
308.4041666666667
 20
323.3548358092788
 10
308.4041666666667
 20
323.1048358092788
 10
308.4041666666667
 20
322.8548358092788
 10
308.4041666666667
 20
322.6048358092788
 10
308.4041666666667
 20
322.3548358092788
 10
308.4041666666667
 20
322.1048358092788
 10
308.4041666666667
 20
321.8548358092788
 10
308.4041666666667
 20
321.6048358092788
 10
308.4041666666667
 20
321.3548358092788
 10
308.4041666666667
 20
321.1048358092788
 10
308.4041666666667
 20
320.8548358092788
 10
308.4041666666667
 20
320.6048358092788
 10
308.4041666666667
 20
320.3548358092788
 10
308.4041666666667
 20
320.1048358092788
 10
308.4041666666667
 20
319.8548358092788
 10
308.4041666666667
 20
319.6048358092788
 10
308.4041666666667
 20
319.3548358092788
 10
308.4041666666667
 20
319.1048358092788
 10
308.4041666666667
 20
318.8548358092788
 10
308.4041666666667
 20
318.6048358092788
 10
308.4041666666667
 20
318.3548358092788
 10
308.4041666666667
 20
318.1048358092788
 10
308.4041666666667
 20
317.8548358092788
 10
308.4041666666667
 20
317.6048358092788
 10
308.4041666666667
 20
317.3548358092788
 10
308.4041666666667
 20
317.1048358092788
 10
308.4041666666667
 20
316.8548358092788
 10
308.4041666666667
 20
316.6048358092788
 10
308.4041666666667
 20
316.3548358092788
 10
308.4041666666667
 20
316.1048358092788
 10
308.4041666666667
 20
315.8548358092788
 10
308.4041666666667
 20
315.6048358092788
 10
308.4041666666667
 20
315.3548358092788
 10
308.4041666666667
 20
315.1048358092788
 10
308.4041666666667
 20
314.8548358092788
 10
308.4041666666667
 20
314.6048358092788
 10
308.4041666666667
 20
314.3548358092788
 10
308.4041666666667
 20
314.1048358092788
 10
308.4041666666667
 20
313.8548358092788
 10
308.4041666666667
 20
313.6048358092788
 10
308.4041666666667
 20
313.3548358092788
 10
308.4041666666667
 20
313.1048358092788
  0
LWPOLYLINE
  5
1BD
330
17
100
AcDbEntity
  8
02-OCULTA
100
AcDbPolyline
 90
2
 70
0
 10
309.25416666666666
 20
301.3190426586077
 10
309.25416666666666
 20
302.90483580927884
  0
LWPOLYLINE
  5
1BE
330
17
100
AcDbEntity
  8
02-OCULTA
100
AcDbPolyline
 90
2
 70
0
 10
310.25416666666666
 20
302.90483580927884
 10
310.25416666666666
 20
309.65483580927884
  0
LWPOLYLINE
  5
1BF
330
17
100
AcDbEntity
  8
02-OCULTA
100
AcDbPolyline
 90
2
 70
0
 10
309.25416666666666
 20
301.3190426586077
 10
309.25416666666666
 20
302.90483580927884
  0
LWPOLYLINE
  5
1C0
330
17
100
AcDbEntity
  8
02-OCULTA
100
AcDbPolyline
 90
2
 70
0
 10
311.2791666666667
 20
298.98227528362486
 10
311.2791666666667
 20
302.90483580927884
  0
LWPOLYLINE
  5
1C1
330
17
100
AcDbEntity
  8
02-OCULTA
100
AcDbPolyline
 90
2
 70
0
 10
317.1791666666667
 20
323.82983580927885
 10
314.82240497209807
 20
323.82983580927885
  0
LWPOLYLINE
  5
1C2
330
17
100
AcDbEntity
  8
02-OCULTA
100
AcDbPolyline
 90
2
 70
0
 10
308.4041666666667
 20
323.82983580927885
 10
308.2291666666667
 20
323.82983580927885
  0
LWPOLYLINE
  5
1C3
330
17
100
AcDbEntity
  8
02-OCULTA
100
AcDbPolyline
 90
2
 70
0
 10
324.6041666666667
 20
336.15483580927884
 10
324.6041666666667
 20
336.7097528511927
  0
LWPOLYLINE
  5
1C4
330
17
100
AcDbEntity
  8
02-OCULTA
100
AcDbPolyline
 90
31
 70
0
 10
339.77488296821207
 20
325.35995856442605
 10
339.55372900023895
 20
325.4827747505779
 10
339.3388983193895
 20
325.6163437280653
 10
339.1309133127097
 20
325.7603407075177
 10
338.9302797615951
 20
325.91441559596393
 10
338.7374854977748
 20
326.0781936927721
 10
338.5529993231264
 20
326.25127674942115
 10
338.37726984351764
 20
326.4332438979006
 10
338.21072436735227
 20
326.62365266214744
 10
338.05376786972977
 20
326.82204003823165
 10
337.90678200835174
 20
327.02792362111114
 10
337.7701241896568
 20
327.2408027740733
 10
337.64412669814357
 20
327.46015984677183
 10
337.5290960032499
 20
327.6854614933101
 10
337.42531181155704
 20
327.91615985649105
 10
337.33302638134643
 20
328.15169391474575
 10
337.2524641460873
 20
328.3914909526158
 10
337.1838210384675
 20
328.6349678855208
 10
337.12726397378975
 20
328.88153266716785
 10
337.0829304566813
 20
329.1305857386665
 10
337.05092827436414
 20
329.38152149438866
 10
337.0313352505446
 20
329.63372975467115
 10
337.02419904846806
 20
329.8865972451003
 10
337.02953702825
 20
330.13950908564067
 10
337.0473361805081
 20
330.39185028995513
 10
337.077553173827
 20
330.6430072659944
 10
337.1201145660599
 20
330.892369293767
 10
337.1749170909888
 20
331.13932997069713
 10
337.2418273357539
 20
331.38328880413
 10
337.3206824857874
 20
331.6236526087543
 10
337.4112908334611
 20
331.85983690220866
  0
LWPOLYLINE
  5
1C5
330
17
100
AcDbEntity
  8
02-OCULTA
100
AcDbPolyline
 90
2
 70
0
 10
321.3041666666667
 20
291.2023848596079
 10
321.3041666666667
 20
294.8048358092788
  0
LWPOLYLINE
  5
1C6
330
17
100
AcDbEntity
  8
02-OCULTA
100
AcDbPolyline
 90
2
 70
0
 10
322.5541666666667
 20
290.5417572943831
 10
322.5541666666667
 20
294.8048358092788
  0
LWPOLYLINE
  5
1C7
330
17
100
AcDbEntity
  8
01-VISIBLE
100
AcDbPolyline
 90
2
 70
0
 10
349.3041666666667
 20
287.17682640895947
 10
349.3041666666667
 20
302.90483580927884
  0
LWPOLYLINE
  5
1C8
330
17
100
AcDbEntity
  8
01-VISIBLE
100
AcDbPolyline
 90
190
 70
0
 10
304.1006583905327
 20
309.65483580927884
 10
304.28020833333335
 20
309.65483580927884
 10
304.53046875
 20
309.65483580927884
 10
304.7807291666667
 20
309.65483580927884
 10
305.03098958333334
 20
309.65483580927884
 10
305.28125
 20
309.65483580927884
 10
305.5315104166667
 20
309.65483580927884
 10
305.7817708333333
 20
309.65483580927884
 10
306.03203125000005
 20
309.65483580927884
 10
306.2822916666667
 20
309.65483580927884
 10
306.53255208333337
 20
309.65483580927884
 10
306.78281250000003
 20
309.65483580927884
 10
307.0330729166667
 20
309.65483580927884
 10
307.28333333333336
 20
309.65483580927884
 10
307.53359375
 20
309.65483580927884
 10
307.7838541666667
 20
309.65483580927884
 10
308.03411458333335
 20
309.65483580927884
 10
308.284375
 20
309.65483580927884
 10
308.5346354166667
 20
309.65483580927884
 10
308.78489583333334
 20
309.65483580927884
 10
309.03515625
 20
309.65483580927884
 10
309.28541666666666
 20
309.65483580927884
 10
309.5356770833333
 20
309.65483580927884
 10
309.78593750000005
 20
309.65483580927884
 10
310.0361979166667
 20
309.65483580927884
 10
310.28645833333337
 20
309.65483580927884
 10
310.53671875000003
 20
309.65483580927884
 10
310.7869791666667
 20
309.65483580927884
 10
311.03723958333336
 20
309.65483580927884
 10
311.2875
 20
309.65483580927884
 10
311.5377604166667
 20
309.65483580927884
 10
311.78802083333335
 20
309.65483580927884
 10
312.03828125
 20
309.65483580927884
 10
312.2885416666667
 20
309.65483580927884
 10
312.53880208333334
 20
309.65483580927884
 10
312.7890625
 20
309.65483580927884
 10
313.0393229166667
 20
309.65483580927884
 10
313.2895833333334
 20
309.65483580927884
 10
313.53984375000005
 20
309.65483580927884
 10
313.7901041666667
 20
309.65483580927884
 10
314.04036458333337
 20
309.65483580927884
 10
314.29062500000003
 20
309.65483580927884
 10
314.5408854166667
 20
309.65483580927884
 10
314.79114583333336
 20
309.65483580927884
 10
315.04140625
 20
309.65483580927884
 10
315.2916666666667
 20
309.65483580927884
 10
315.54192708333335
 20
309.65483580927884
 10
315.7921875
 20
309.65483580927884
 10
316.0424479166667
 20
309.65483580927884
 10
316.29270833333334
 20
309.65483580927884
 10
316.54296875
 20
309.65483580927884
 10
316.79322916666666
 20
309.65483580927884
 10
317.0434895833333
 20
309.65483580927884
 10
317.29375000000005
 20
309.65483580927884
 10
317.5440104166667
 20
309.65483580927884
 10
317.79427083333337
 20
309.65483580927884
 10
318.04453125000003
 20
309.65483580927884
 10
318.2947916666667
 20
309.65483580927884
 10
318.54505208333336
 20
309.65483580927884
 10
318.7953125
 20
309.65483580927884
 10
319.0455729166667
 20
309.65483580927884
 10
319.29583333333335
 20
309.65483580927884
 10
319.54609375
 20
309.65483580927884
 10
319.7963541666667
 20
309.65483580927884
 10
320.04661458333334
 20
309.65483580927884
 10
320.296875
 20
309.65483580927884
 10
320.5471354166667
 20
309.65483580927884
 10
320.7973958333334
 20
309.65483580927884
 10
321.04765625000005
 20
309.65483580927884
 10
321.2979166666667
 20
309.65483580927884
 10
321.54817708333337
 20
309.65483580927884
 10
321.79843750000003
 20
309.65483580927884
 10
322.0486979166667
 20
309.65483580927884
 10
322.29895833333336
 20
309.65483580927884
 10
322.54921875
 20
309.65483580927884
 10
322.7994791666667
 20
309.65483580927884
 10
323.04973958333335
 20
309.65483580927884
 10
323.3
 20
309.65483580927884
 10
323.5502604166667
 20
309.65483580927884
 10
323.80052083333334
 20
309.65483580927884
 10
324.05078125
 20
309.65483580927884
 10
324.30104166666666
 20
309.65483580927884
 10
324.5513020833334
 20
309.65483580927884
 10
324.80156250000005
 20
309.65483580927884
 10
325.0518229166667
 20
309.65483580927884
 10
325.30208333333337
 20
309.65483580927884
 10
325.55234375000003
 20
309.65483580927884
 10
325.8026041666667
 20
309.65483580927884
 10
326.05286458333336
 20
309.65483580927884
 10
326.303125
 20
309.65483580927884
 10
326.5533854166667
 20
309.65483580927884
 10
326.80364583333335
 20
309.65483580927884
 10
327.05390625
 20
309.65483580927884
 10
327.3041666666667
 20
309.65483580927884
 10
327.55442708333334
 20
309.65483580927884
 10
327.8046875
 20
309.65483580927884
 10
328.0549479166667
 20
309.65483580927884
 10
328.3052083333333
 20
309.65483580927884
 10
328.55546875000005
 20
309.65483580927884
 10
328.8057291666667
 20
309.65483580927884
 10
329.05598958333337
 20
309.65483580927884
 10
329.30625000000003
 20
309.65483580927884
 10
329.5565104166667
 20
309.65483580927884
 10
329.80677083333336
 20
309.65483580927884
 10
330.05703125
 20
309.65483580927884
 10
330.3072916666667
 20
309.65483580927884
 10
330.55755208333335
 20
309.65483580927884
 10
330.8078125
 20
309.65483580927884
 10
331.0580729166667
 20
309.65483580927884
 10
331.30833333333334
 20
309.65483580927884
 10
331.55859375
 20
309.65483580927884
 10
331.8088541666667
 20
309.65483580927884
 10
332.0591145833333
 20
309.65483580927884
 10
332.30937500000005
 20
309.65483580927884
 10
332.5596354166667
 20
309.65483580927884
 10
332.80989583333337
 20
309.65483580927884
 10
333.06015625000003
 20
309.65483580927884
 10
333.3104166666667
 20
309.65483580927884
 10
333.56067708333336
 20
309.65483580927884
 10
333.8109375
 20
309.65483580927884
 10
334.0611979166667
 20
309.65483580927884
 10
334.31145833333335
 20
309.65483580927884
 10
334.56171875
 20
309.65483580927884
 10
334.8119791666667
 20
309.65483580927884
 10
335.06223958333334
 20
309.65483580927884
 10
335.3125
 20
309.65483580927884
 10
335.5627604166667
 20
309.65483580927884
 10
335.8130208333333
 20
309.65483580927884
 10
336.06328125000005
 20
309.65483580927884
 10
336.3135416666667
 20
309.65483580927884
 10
336.56380208333337
 20
309.65483580927884
 10
336.81406250000003
 20
309.65483580927884
 10
337.0643229166667
 20
309.65483580927884
 10
337.31458333333336
 20
309.65483580927884
 10
337.56484375
 20
309.65483580927884
 10
337.8151041666667
 20
309.65483580927884
 10
338.06536458333335
 20
309.65483580927884
 10
338.315625
 20
309.65483580927884
 10
338.5658854166667
 20
309.65483580927884
 10
338.81614583333334
 20
309.65483580927884
 10
339.06640625
 20
309.65483580927884
 10
339.31666666666666
 20
309.65483580927884
 10
339.5669270833334
 20
309.65483580927884
 10
339.81718750000005
 20
309.65483580927884
 10
340.0674479166667
 20
309.65483580927884
 10
340.31770833333337
 20
309.65483580927884
 10
340.56796875000003
 20
309.65483580927884
 10
340.8182291666667
 20
309.65483580927884
 10
341.06848958333336
 20
309.65483580927884
 10
341.31875
 20
309.65483580927884
 10
341.5690104166667
 20
309.65483580927884
 10
341.81927083333335
 20
309.65483580927884
 10
342.06953125
 20
309.65483580927884
 10
342.3197916666667
 20
309.65483580927884
 10
342.57005208333334
 20
309.65483580927884
 10
342.8203125
 20
309.65483580927884
 10
343.07057291666666
 20
309.65483580927884
 10
343.3208333333333
 20
309.65483580927884
 10
343.57109375
 20
309.65483580927884
 10
343.8213541666667
 20
309.65483580927884
 10
344.07161458333337
 20
309.65483580927884
 10
344.32187500000003
 20
309.65483580927884
 10
344.5721354166667
 20
309.65483580927884
 10
344.82239583333336
 20
309.65483580927884
 10
345.07265625
 20
309.65483580927884
 10
345.3229166666667
 20
309.65483580927884
 10
345.57317708333335
 20
309.65483580927884
 10
345.8234375
 20
309.65483580927884
 10
346.0736979166667
 20
309.65483580927884
 10
346.32395833333334
 20
309.65483580927884
 10
346.57421875
 20
309.65483580927884
 10
346.82447916666666
 20
309.65483580927884
 10
347.0747395833333
 20
309.65483580927884
 10
347.32500000000005
 20
309.65483580927884
 10
347.5752604166667
 20
309.65483580927884
 10
347.82552083333337
 20
309.65483580927884
 10
348.07578125000003
 20
309.65483580927884
 10
348.3260416666667
 20
309.65483580927884
 10
348.57630208333336
 20
309.65483580927884
 10
348.8265625
 20
309.65483580927884
 10
349.0768229166667
 20
309.65483580927884
 10
349.32708333333335
 20
309.65483580927884
 10
349.57734375
 20
309.65483580927884
 10
349.8276041666667
 20
309.65483580927884
 10
350.07786458333334
 20
309.65483580927884
 10
350.328125
 20
309.65483580927884
 10
350.57838541666666
 20
309.65483580927884
 10
350.8286458333333
 20
309.65483580927884
 10
351.07890625
 20
309.65483580927884
 10
351.3291666666667
 20
309.65483580927884
  0
LWPOLYLINE
  5
1C9
330
17
100
AcDbEntity
  8
01-VISIBLE
100
AcDbPolyline
 90
2
 70
0
 10
351.3291666666667
 20
302.90483580927884
 10
351.3291666666667
 20
309.65483580927884
  0
LWPOLYLINE
  5
1CA
330
17
100
AcDbEntity
  8
01-VISIBLE
100
AcDbPolyline
 90
174
 70
0
 10
308.04622509918806
 20
302.90483580927884
 10
308.284375
 20
302.90483580927884
 10
308.5346354166667
 20
302.90483580927884
 10
308.78489583333334
 20
302.90483580927884
 10
309.03515625
 20
302.90483580927884
 10
309.28541666666666
 20
302.90483580927884
 10
309.5356770833333
 20
302.90483580927884
 10
309.78593750000005
 20
302.90483580927884
 10
310.0361979166667
 20
302.90483580927884
 10
310.28645833333337
 20
302.90483580927884
 10
310.53671875000003
 20
302.90483580927884
 10
310.7869791666667
 20
302.90483580927884
 10
311.03723958333336
 20
302.90483580927884
 10
311.2875
 20
302.90483580927884
 10
311.5377604166667
 20
302.90483580927884
 10
311.78802083333335
 20
302.90483580927884
 10
312.03828125
 20
302.90483580927884
 10
312.2885416666667
 20
302.90483580927884
 10
312.53880208333334
 20
302.90483580927884
 10
312.7890625
 20
302.90483580927884
 10
313.0393229166667
 20
302.90483580927884
 10
313.2895833333334
 20
302.90483580927884
 10
313.53984375000005
 20
302.90483580927884
 10
313.7901041666667
 20
302.90483580927884
 10
314.04036458333337
 20
302.90483580927884
 10
314.29062500000003
 20
302.90483580927884
 10
314.5408854166667
 20
302.90483580927884
 10
314.79114583333336
 20
302.90483580927884
 10
315.04140625
 20
302.90483580927884
 10
315.2916666666667
 20
302.90483580927884
 10
315.54192708333335
 20
302.90483580927884
 10
315.7921875
 20
302.90483580927884
 10
316.0424479166667
 20
302.90483580927884
 10
316.29270833333334
 20
302.90483580927884
 10
316.54296875
 20
302.90483580927884
 10
316.79322916666666
 20
302.90483580927884
 10
317.0434895833333
 20
302.90483580927884
 10
317.29375000000005
 20
302.90483580927884
 10
317.5440104166667
 20
302.90483580927884
 10
317.79427083333337
 20
302.90483580927884
 10
318.04453125000003
 20
302.90483580927884
 10
318.2947916666667
 20
302.90483580927884
 10
318.54505208333336
 20
302.90483580927884
 10
318.7953125
 20
302.90483580927884
 10
319.0455729166667
 20
302.90483580927884
 10
319.29583333333335
 20
302.90483580927884
 10
319.54609375
 20
302.90483580927884
 10
319.7963541666667
 20
302.90483580927884
 10
320.04661458333334
 20
302.90483580927884
 10
320.296875
 20
302.90483580927884
 10
320.5471354166667
 20
302.90483580927884
 10
320.7973958333334
 20
302.90483580927884
 10
321.04765625000005
 20
302.90483580927884
 10
321.2979166666667
 20
302.90483580927884
 10
321.54817708333337
 20
302.90483580927884
 10
321.79843750000003
 20
302.90483580927884
 10
322.0486979166667
 20
302.90483580927884
 10
322.29895833333336
 20
302.90483580927884
 10
322.54921875
 20
302.90483580927884
 10
322.7994791666667
 20
302.90483580927884
 10
323.04973958333335
 20
302.90483580927884
 10
323.3
 20
302.90483580927884
 10
323.5502604166667
 20
302.90483580927884
 10
323.80052083333334
 20
302.90483580927884
 10
324.05078125
 20
302.90483580927884
 10
324.30104166666666
 20
302.90483580927884
 10
324.5513020833334
 20
302.90483580927884
 10
324.80156250000005
 20
302.90483580927884
 10
325.0518229166667
 20
302.90483580927884
 10
325.30208333333337
 20
302.90483580927884
 10
325.55234375000003
 20
302.90483580927884
 10
325.8026041666667
 20
302.90483580927884
 10
326.05286458333336
 20
302.90483580927884
 10
326.303125
 20
302.90483580927884
 10
326.5533854166667
 20
302.90483580927884
 10
326.80364583333335
 20
302.90483580927884
 10
327.05390625
 20
302.90483580927884
 10
327.3041666666667
 20
302.90483580927884
 10
327.55442708333334
 20
302.90483580927884
 10
327.8046875
 20
302.90483580927884
 10
328.0549479166667
 20
302.90483580927884
 10
328.3052083333333
 20
302.90483580927884
 10
328.55546875000005
 20
302.90483580927884
 10
328.8057291666667
 20
302.90483580927884
 10
329.05598958333337
 20
302.90483580927884
 10
329.30625000000003
 20
302.90483580927884
 10
329.5565104166667
 20
302.90483580927884
 10
329.80677083333336
 20
302.90483580927884
 10
330.05703125
 20
302.90483580927884
 10
330.3072916666667
 20
302.90483580927884
 10
330.55755208333335
 20
302.90483580927884
 10
330.8078125
 20
302.90483580927884
 10
331.0580729166667
 20
302.90483580927884
 10
331.30833333333334
 20
302.90483580927884
 10
331.55859375
 20
302.90483580927884
 10
331.8088541666667
 20
302.90483580927884
 10
332.0591145833333
 20
302.90483580927884
 10
332.30937500000005
 20
302.90483580927884
 10
332.5596354166667
 20
302.90483580927884
 10
332.80989583333337
 20
302.90483580927884
 10
333.06015625000003
 20
302.90483580927884
 10
333.3104166666667
 20
302.90483580927884
 10
333.56067708333336
 20
302.90483580927884
 10
333.8109375
 20
302.90483580927884
 10
334.0611979166667
 20
302.90483580927884
 10
334.31145833333335
 20
302.90483580927884
 10
334.56171875
 20
302.90483580927884
 10
334.8119791666667
 20
302.90483580927884
 10
335.06223958333334
 20
302.90483580927884
 10
335.3125
 20
302.90483580927884
 10
335.5627604166667
 20
302.90483580927884
 10
335.8130208333333
 20
302.90483580927884
 10
336.06328125000005
 20
302.90483580927884
 10
336.3135416666667
 20
302.90483580927884
 10
336.56380208333337
 20
302.90483580927884
 10
336.81406250000003
 20
302.90483580927884
 10
337.0643229166667
 20
302.90483580927884
 10
337.31458333333336
 20
302.90483580927884
 10
337.56484375
 20
302.90483580927884
 10
337.8151041666667
 20
302.90483580927884
 10
338.06536458333335
 20
302.90483580927884
 10
338.315625
 20
302.90483580927884
 10
338.5658854166667
 20
302.90483580927884
 10
338.81614583333334
 20
302.90483580927884
 10
339.06640625
 20
302.90483580927884
 10
339.31666666666666
 20
302.90483580927884
 10
339.5669270833334
 20
302.90483580927884
 10
339.81718750000005
 20
302.90483580927884
 10
340.0674479166667
 20
302.90483580927884
 10
340.31770833333337
 20
302.90483580927884
 10
340.56796875000003
 20
302.90483580927884
 10
340.8182291666667
 20
302.90483580927884
 10
341.06848958333336
 20
302.90483580927884
 10
341.31875
 20
302.90483580927884
 10
341.5690104166667
 20
302.90483580927884
 10
341.81927083333335
 20
302.90483580927884
 10
342.06953125
 20
302.90483580927884
 10
342.3197916666667
 20
302.90483580927884
 10
342.57005208333334
 20
302.90483580927884
 10
342.8203125
 20
302.90483580927884
 10
343.07057291666666
 20
302.90483580927884
 10
343.3208333333333
 20
302.90483580927884
 10
343.57109375
 20
302.90483580927884
 10
343.8213541666667
 20
302.90483580927884
 10
344.07161458333337
 20
302.90483580927884
 10
344.32187500000003
 20
302.90483580927884
 10
344.5721354166667
 20
302.90483580927884
 10
344.82239583333336
 20
302.90483580927884
 10
345.07265625
 20
302.90483580927884
 10
345.3229166666667
 20
302.90483580927884
 10
345.57317708333335
 20
302.90483580927884
 10
345.8234375
 20
302.90483580927884
 10
346.0736979166667
 20
302.90483580927884
 10
346.32395833333334
 20
302.90483580927884
 10
346.57421875
 20
302.90483580927884
 10
346.82447916666666
 20
302.90483580927884
 10
347.0747395833333
 20
302.90483580927884
 10
347.32500000000005
 20
302.90483580927884
 10
347.5752604166667
 20
302.90483580927884
 10
347.82552083333337
 20
302.90483580927884
 10
348.07578125000003
 20
302.90483580927884
 10
348.3260416666667
 20
302.90483580927884
 10
348.57630208333336
 20
302.90483580927884
 10
348.8265625
 20
302.90483580927884
 10
349.0768229166667
 20
302.90483580927884
 10
349.32708333333335
 20
302.90483580927884
 10
349.57734375
 20
302.90483580927884
 10
349.8276041666667
 20
302.90483580927884
 10
350.07786458333334
 20
302.90483580927884
 10
350.328125
 20
302.90483580927884
 10
350.57838541666666
 20
302.90483580927884
 10
350.8286458333333
 20
302.90483580927884
 10
351.07890625
 20
302.90483580927884
 10
351.3291666666667
 20
302.90483580927884
  0
LWPOLYLINE
  5
1CB
330
17
100
AcDbEntity
  8
01-VISIBLE
100
AcDbPolyline
 90
2
 70
0
 10
317.1791666666667
 20
309.65483580927884
 10
317.1791666666667
 20
317.17446235358096
  0
LWPOLYLINE
  5
1CC
330
17
100
AcDbEntity
  8
01-VISIBLE
100
AcDbPolyline
 90
2
 70
0
 10
317.1791666666667
 20
331.83520926497675
 10
317.1791666666667
 20
335.8204899244665
  0
LWPOLYLINE
  5
1CD
330
17
100
AcDbEntity
  8
01-VISIBLE
100
AcDbPolyline
 90
9
 70
0
 10
317.7383549758704
 20
336.65483580927884
 10
318.00595643721994
 20
336.65483580927884
 10
318.27355789856944
 20
336.65483580927884
 10
318.541159359919
 20
336.65483580927884
 10
318.80876082126855
 20
336.65483580927884
 10
319.07636228261805
 20
336.65483580927884
 10
319.3439637439676
 20
336.65483580927884
 10
319.61156520531716
 20
336.65483580927884
 10
319.87916666666666
 20
336.65483580927884
  0
LWPOLYLINE
  5
1CE
330
17
100
AcDbEntity
  8
01-VISIBLE
100
AcDbPolyline
 90
2
 70
0
 10
319.87916666666666
 20
336.65483580927884
 10
324.36690603812167
 20
336.65483580927884
  0
LWPOLYLINE
  5
1CF
330
17
100
AcDbEntity
  8
01-VISIBLE
100
AcDbPolyline
 90
2
 70
0
 10
330.2414272952117
 20
336.65483580927884
 10
334.7291666666667
 20
336.65483580927884
  0
LWPOLYLINE
  5
1D0
330
17
100
AcDbEntity
  8
01-VISIBLE
100
AcDbPolyline
 90
11
 70
0
 10
337.4291666666667
 20
336.65483580927884
 10
337.1591666666667
 20
336.65483580927884
 10
336.8891666666667
 20
336.65483580927884
 10
336.6191666666667
 20
336.65483580927884
 10
336.3491666666667
 20
336.65483580927884
 10
336.0791666666667
 20
336.65483580927884
 10
335.80916666666667
 20
336.65483580927884
 10
335.5391666666667
 20
336.65483580927884
 10
335.2691666666667
 20
336.65483580927884
 10
334.99916666666667
 20
336.65483580927884
 10
334.7291666666667
 20
336.65483580927884
  0
LWPOLYLINE
  5
1D1
330
17
100
AcDbEntity
  8
01-VISIBLE
100
AcDbPolyline
 90
2
 70
0
 10
317.1791666666667
 20
314.3798358092788
 10
308.4041666666667
 20
314.3798358092788
  0
LWPOLYLINE
  5
1D2
330
17
100
AcDbEntity
  8
01-VISIBLE
100
AcDbPolyline
 90
2
 70
0
 10
337.4291666666667
 20
309.65483580927884
 10
337.4291666666667
 20
317.17446235358096
  0
LWPOLYLINE
  5
1D3
330
17
100
AcDbEntity
  8
01-VISIBLE
100
AcDbPolyline
 90
2
 70
0
 10
337.4291666666667
 20
331.83520926497675
 10
337.4291666666667
 20
331.902653475671
  0
LWPOLYLINE
  5
1D4
330
17
100
AcDbEntity
  8
01-VISIBLE
100
AcDbPolyline
 90
2
 70
0
 10
337.4291666666667
 20
335.0966346304967
 10
337.4291666666667
 20
336.65483580927884
  0
LWPOLYLINE
  5
1D5
330
17
100
AcDbEntity
  8
01-VISIBLE
100
AcDbPolyline
 90
393
 70
0
 10
327.3041666666667
 20
337.00483580927886
 10
327.20398940187886
 20
337.004434383458
 10
327.10381857128954
 20
337.003230131778
 10
327.00366060868396
 20
337.00122313158585
 10
326.903521947021
 20
336.9984135117874
 10
326.8034090180197
 20
336.99480145283934
 10
326.7033282517464
 20
336.99038718673734
 10
326.6032860762018
 20
336.9851709970016
 10
326.50328891690776
 20
336.97915321865804
 10
326.4033431964951
 20
336.97233423821757
 10
326.3034553342905
 20
336.9647144936503
 10
326.2036317459049
 20
336.95629447435834
 10
326.1038788428207
 20
336.9470747211438
 10
326.00420303198047
 20
336.93705582617423
 10
325.9046107153753
 20
336.92623843294444
 10
325.80510828963367
 20
336.9146232362353
 10
325.70570214561036
 20
336.90221098206945
 10
325.60639866797624
 20
336.8890024676626
 10
325.50720423480817
 20
336.8749985413729
 10
325.4081252171792
 20
336.8602001026465
 10
325.30916797874943
 20
336.8446081019595
 10
325.2103388753575
 20
336.8282235407568
 10
325.1116442546119
 20
336.81104747138824
 10
325.0130904554838
 20
336.7930809970407
 10
324.9146838078995
 20
336.7743252716671
 10
324.8164306323342
 20
336.7547814999129
 10
324.71833723940557
 20
336.7344509370378
 10
324.620409929469
 20
336.71333488883596
 10
324.5226549922128
 20
336.6914347115516
 10
324.42507870625366
 20
336.66875181179233
 10
324.3276873387342
 20
336.64528764643836
 10
324.23048714492
 20
336.62104372254925
 10
324.13348436779785
 20
336.59602159726677
 10
324.0366852376748
 20
336.57022287771525
 10
323.94009597177825
 20
336.54364922089854
 10
323.8437227738561
 20
336.5163023335926
 10
323.7475718337788
 20
336.4881839722371
 10
323.65164932714157
 20
336.4592959428218
 10
323.5559614148678
 20
336.4296401007709
 10
323.46051424281325
 20
336.3992183508237
 10
323.3653139413714
 20
336.36803264691224
 10
323.2703666250798
 20
336.3360849920361
 10
323.1756783922271
 20
336.3033774381335
 10
323.08125532446155
 20
336.26991208594933
 10
322.9871034864003
 20
336.2356910849009
 10
322.8932289252401
 20
336.20071663293885
 10
322.7996376703685
 20
336.1649909764072
 10
322.706335732977
 20
336.1285164098978
 10
322.6133291056745
 20
336.0912952761042
 10
322.52062376210307
 20
336.0533299656699
 10
322.4282256565536
 20
336.0146229170362
 10
322.33614072358375
 20
335.9751766162844
 10
322.24437487763674
 20
335.93499359697654
 10
322.1529340126614
 20
335.89407643999294
 10
322.0618240017335
 20
335.8524277733663
 10
321.97105069667884
 20
335.8100502721124
 10
321.88061992769724
 20
335.7669466580591
 10
321.7905375029879
 20
335.7231196996709
 10
321.7008092083767
 20
335.67857221187165
 10
321.61144080694436
 20
335.633307055863
 10
321.5224380386562
 20
335.58732713894136
 10
321.43380661999385
 20
335.540635414311
 10
321.34555224358763
 20
335.493234880894
 10
321.2576805778512
 20
335.4451285831382
 10
321.17019726661744
 20
335.3963196108212
 10
321.08310792877603
 20
335.346811098852
 10
320.9964181579124
 20
335.29660622706984
 10
320.9101335219484
 20
335.2457082200397
 10
320.82425956278513
 20
335.19412034684564
 10
320.7388017959464
 20
335.14184592088037
 10
320.653765710225
 20
335.0888882996324
 10
320.5691567673297
 20
335.03525088447094
 10
320.4849804015348
 20
334.98093712042686
 10
320.4012420193311
 20
334.9259504959718
 10
320.3179469990783
 20
334.87029454279383
 10
320.2351006906599
 20
334.81397283557084
 10
320.15270841513956
 20
334.7569889917408
 10
320.0707754644191
 20
334.69934667126967
 10
319.9893071008989
 20
334.6410495764157
 10
319.90830855713966
 20
334.58210145149263
 10
319.82778503552646
 20
334.52250608262835
 10
319.7477417079347
 20
334.4622672975218
 10
319.66818371539773
 20
334.4013889651979
 10
319.58911616777675
 20
334.33987499575784
 10
319.5105441434325
 20
334.27772934012927
 10
319.4324726888994
 20
334.21495598981124
 10
319.354906818561
 20
334.1515589766189
 10
319.27785151432823
 20
334.0875423724239
 10
319.20131172531933
 20
334.022910288893
 10
319.1252923675419
 20
333.9576668772243
 10
319.0497983235772
 20
333.89181632788024
 10
318.9748344422666
 20
333.82536287031843
 10
318.9004055384002
 20
333.75831077272034
 10
318.82651639240737
 20
333.69066434171685
 10
318.7531717500499
 20
333.62242792211174
 10
318.680376322117
 20
333.55360589660296
 10
318.6081347841231
 20
333.4842026855004
 10
318.5364517760072
 20
333.4142227464428
 10
318.4653319018348
 20
333.3436705741107
 10
318.3947797295028
 20
333.27255069993834
 10
318.32479979044507
 20
333.20086769182245
 10
318.2553965793426
 20
333.1286261538285
 10
318.18657455383374
 20
333.05583072589565
 10
318.11833813422874
 20
332.98248608353816
 10
318.05069170322525
 20
332.90859693754527
 10
317.9836396056271
 20
332.83416803367896
 10
317.9171861480653
 20
332.75920415236834
 10
317.85133559872116
 20
332.68371010840366
 10
317.78609218705253
 20
332.6076907506262
 10
317.7214601035217
 20
332.53115096161736
 10
317.65744349932663
 20
332.4540956573846
 10
317.5940464861343
 20
332.3765297870462
 10
317.5312731358163
 20
332.298458332513
 10
317.46912748018764
 20
332.2198863081688
 10
317.4076135107477
 20
332.1408187605478
 10
317.3467351784237
 20
332.06126076801075
 10
317.28649639331724
 20
331.981217440419
 10
317.22690102445284
 20
331.90069391880587
 10
317.1679528995298
 20
331.8196953750467
 10
317.1096558046759
 20
331.7382270115265
 10
317.05201348420474
 20
331.65629406080603
 10
316.99502964037475
 20
331.5739017852856
 10
316.93870793315176
 20
331.4910554768673
 10
316.88305197997374
 20
331.4077604566144
 10
316.8280653555187
 20
331.3240220744107
 10
316.7737515914746
 20
331.23984570861586
 10
316.72011417631313
 20
331.15523676572053
 10
316.6671565550652
 20
331.0702006799991
 10
316.61488212909984
 20
330.98474291316046
 10
316.5632942559058
 20
330.8988689539971
 10
316.51239624887575
 20
330.8125843180332
 10
316.4621913770936
 20
330.7258945471695
 10
316.41268286512434
 20
330.63880520932804
 10
316.36387389280725
 20
330.5513218980944
 10
316.31576759505145
 20
330.46345023235796
 10
316.26836706163454
 20
330.37519585595163
 10
316.22167533700417
 20
330.2865644372893
 10
316.1756954200826
 20
330.19756166900123
 10
316.13043026407394
 20
330.1081932675689
 10
316.0858827762746
 20
330.0184649729577
 10
316.0420558178864
 20
329.9283825482483
 10
315.99895220383314
 20
329.8379517792667
 10
315.9565747025793
 20
329.74717847421203
 10
315.9149260359526
 20
329.65606846328416
 10
315.87400887896905
 20
329.56462759830873
 10
315.8338258596612
 20
329.4728617523618
 10
315.7943795589093
 20
329.380776819392
 10
315.7556725102756
 20
329.2883787138425
 10
315.7177071998414
 20
329.195673370271
 10
315.6804860660477
 20
329.10266674296855
 10
315.64401149953835
 20
329.00936480557704
 10
315.6082858430066
 20
328.9157735507054
 10
315.5733113910447
 20
328.8218989895452
 10
315.5390903899962
 20
328.72774715148404
 10
315.5056250378121
 20
328.6333240837185
 10
315.47291748390944
 20
328.5386358508658
 10
315.44096982903335
 20
328.4436885345741
 10
315.4097841251219
 20
328.3484882331323
 10
315.37936237517465
 20
328.25304106107774
 10
315.3497065331237
 20
328.15735314880396
 10
315.32081850370844
 20
328.0614306421668
 10
315.29270014235294
 20
327.96527970208945
 10
315.26535325504705
 20
327.86890650416734
 10
315.2387795982302
 20
327.7723172382707
 10
315.2129808786788
 20
327.6755181081477
 10
315.18795875339634
 20
327.5785153310255
 10
315.1637148295071
 20
327.4813151372113
 10
315.14025066415314
 20
327.3839237696919
 10
315.11756776439387
 20
327.2863474837328
 10
315.0956675871096
 20
327.1885925464765
 10
315.0745515389077
 20
327.09066523654
 10
315.05422097603264
 20
326.9925718436114
 10
315.03467720427835
 20
326.894318668046
 10
315.01592147890483
 20
326.79591202046174
 10
314.9979550045573
 20
326.6973582213336
 10
314.9807789351887
 20
326.59866360058805
 10
314.96439437398607
 20
326.4998344971961
 10
314.948802373299
 20
326.40087725876634
 10
314.9340039345726
 20
326.30179824113736
 10
314.92000000828295
 20
326.2026038079693
 10
314.9067914938761
 20
326.1033003303352
 10
314.8943792397102
 20
326.00389418631187
 10
314.88276404300115
 20
325.9043917605702
 10
314.87194664977136
 20
325.80479944396507
 10
314.8619277548017
 20
325.70512363312486
 10
314.8527080015872
 20
325.60537073004065
 10
314.8442879822952
 20
325.50554714165503
 10
314.836668237728
 20
325.4056592794505
 10
314.8298492572875
 20
325.30571355903777
 10
314.823831478944
 20
325.2057163997438
 10
314.8186152892082
 20
325.1056742241991
 10
314.8142010231062
 20
325.00559345792584
 10
314.8105889641581
 20
324.90548052892456
 10
314.8077793443597
 20
324.8053418672616
 10
314.80577234416756
 20
324.70518390465605
 10
314.8045680924876
 20
324.60501307406673
 10
314.8041666666667
 20
324.50483580927886
 10
314.8045680924876
 20
324.404658544491
 10
314.80577234416756
 20
324.30448771390166
 10
314.8077793443597
 20
324.20432975129614
 10
314.8105889641581
 20
324.10419108963316
 10
314.8142010231062
 20
324.0040781606319
 10
314.8186152892082
 20
323.9039973943586
 10
314.823831478944
 20
323.80395521881394
 10
314.8298492572875
 20
323.70395805951995
 10
314.836668237728
 20
323.6040123391072
 10
314.8442879822952
 20
323.5041244769027
 10
314.8527080015872
 20
323.40430088851707
 10
314.8619277548017
 20
323.30454798543286
 10
314.87194664977136
 20
323.20487217459265
 10
314.88276404300115
 20
323.1052798579875
 10
314.8943792397102
 20
323.00577743224585
 10
314.9067914938761
 20
322.90637128822254
 10
314.92000000828295
 20
322.8070678105884
 10
314.9340039345726
 20
322.70787337742036
 10
314.948802373299
 20
322.6087943597914
 10
314.96439437398607
 20
322.5098371213616
 10
314.9807789351887
 20
322.41100801796966
 10
314.9979550045573
 20
322.3123133972241
 10
315.01592147890483
 20
322.213759598096
 10
315.03467720427835
 20
322.1153529505117
 10
315.05422097603264
 20
322.0170997749463
 10
315.07455153890777
 20
321.9190063820177
 10
315.0956675871096
 20
321.8210790720812
 10
315.11756776439387
 20
321.7233241348249
 10
315.14025066415314
 20
321.62574784886584
 10
315.1637148295071
 20
321.5283564813464
 10
315.18795875339634
 20
321.4311562875322
 10
315.2129808786788
 20
321.33415351041003
 10
315.2387795982302
 20
321.237354380287
 10
315.26535325504705
 20
321.1407651143904
 10
315.29270014235294
 20
321.04439191646827
 10
315.32081850370844
 20
320.94824097639093
 10
315.3497065331237
 20
320.85231846975375
 10
315.37936237517465
 20
320.75663055748
 10
315.4097841251219
 20
320.66118338542543
 10
315.44096982903335
 20
320.5659830839836
 10
315.47291748390944
 20
320.471035767692
 10
315.5056250378121
 20
320.3763475348393
 10
315.5390903899962
 20
320.28192446707374
 10
315.5733113910447
 20
320.1877726290125
 10
315.6082858430066
 20
320.0938980678523
 10
315.64401149953835
 20
320.0003068129807
 10
315.6804860660477
 20
319.9070048755891
 10
315.7177071998414
 20
319.8139982482867
 10
315.7556725102756
 20
319.72129290471526
 10
315.7943795589093
 20
319.6288947991658
 10
315.8338258596612
 20
319.53680986619594
 10
315.87400887896905
 20
319.44504402024893
 10
315.9149260359526
 20
319.35360315527356
 10
315.9565747025793
 20
319.2624931443456
 10
315.99895220383314
 20
319.17171983929103
 10
316.0420558178864
 20
319.08128907030937
 10
316.0858827762746
 20
318.9912066456001
 10
316.13043026407394
 20
318.9014783509889
 10
316.1756954200826
 20
318.81210994955654
 10
316.22167533700417
 20
318.7231071812684
 10
316.26836706163454
 20
318.63447576260603
 10
316.31576759505145
 20
318.5462213861998
 10
316.36387389280725
 20
318.45834972046333
 10
316.41268286512434
 20
318.3708664092296
 10
316.4621913770936
 20
318.2837770713882
 10
316.51239624887575
 20
318.1970873005245
 10
316.5632942559058
 20
318.1108026645606
 10
316.61488212909984
 20
318.0249287053973
 10
316.6671565550652
 20
317.9394709385586
 10
316.72011417631313
 20
317.85443485283713
 10
316.7737515914746
 20
317.76982590994186
 10
316.8280653555187
 20
317.685649544147
 10
316.88305197997374
 20
317.6019111619433
 10
316.93870793315176
 20
317.5186161416905
 10
316.99502964037475
 20
317.4357698332721
 10
317.05201348420474
 20
317.35337755775174
 10
317.1096558046759
 20
317.2714446070313
 10
317.1679528995298
 20
317.18997624351107
 10
317.22690102445284
 20
317.10897769975185
 10
317.28649639331724
 20
317.02845417813865
 10
317.3467351784237
 20
316.9484108505469
 10
317.4076135107477
 20
316.8688528580099
 10
317.46912748018764
 20
316.78978531038894
 10
317.5312731358163
 20
316.7112132860447
 10
317.5940464861343
 20
316.6331418315116
 10
317.65744349932663
 20
316.5555759611732
 10
317.7214601035217
 20
316.4785206569404
 10
317.78609218705253
 20
316.4019808679315
 10
317.85133559872116
 20
316.32596151015406
 10
317.9171861480653
 20
316.2504674661894
 10
317.9836396056271
 20
316.1755035848788
 10
318.05069170322525
 20
316.1010746810124
 10
318.11833813422874
 20
316.02718553501956
 10
318.18657455383374
 20
315.953840892662
 10
318.2553965793426
 20
315.8810454647292
 10
318.32479979044507
 20
315.80880392673527
 10
318.3947797295028
 20
315.7371209186193
 10
318.4653319018348
 20
315.666001044447
 10
318.53645177600714
 20
315.5954488721149
 10
318.6081347841231
 20
315.52546893305725
 10
318.680376322117
 20
315.45606572195476
 10
318.7531717500499
 20
315.3872436964459
 10
318.82651639240737
 20
315.3190072768409
 10
318.9004055384002
 20
315.25136084583744
 10
318.9748344422666
 20
315.1843087482393
 10
319.0497983235772
 20
315.1178552906775
 10
319.1252923675419
 20
315.05200474133335
 10
319.20131172531933
 20
314.98676132966466
 10
319.27785151432823
 20
314.92212924613386
 10
319.354906818561
 20
314.8581126419388
 10
319.4324726888994
 20
314.7947156287465
 10
319.5105441434325
 20
314.7319422784285
 10
319.58911616777675
 20
314.6697966227998
 10
319.66818371539773
 20
314.6082826533599
 10
319.7477417079347
 20
314.54740432103586
 10
319.82778503552646
 20
314.4871655359294
 10
319.90830855713966
 20
314.427570167065
 10
319.9893071008989
 20
314.36862204214196
 10
320.0707754644191
 20
314.3103249472881
 10
320.15270841513956
 20
314.2526826268169
 10
320.2351006906599
 20
314.19569878298694
 10
320.3179469990783
 20
314.13937707576395
 10
320.4012420193311
 20
314.0837211225859
 10
320.4849804015348
 20
314.02873449813086
 10
320.5691567673297
 20
313.9744207340868
 10
320.653765710225
 20
313.9207833189253
 10
320.7388017959464
 20
313.86782569767735
 10
320.82425956278513
 20
313.815551271712
 10
320.9101335219484
 20
313.763963398518
 10
320.99641815791233
 20
313.71306539148793
 10
321.08310792877603
 20
313.6628605197057
 10
321.1701972666175
 20
313.61335200773647
 10
321.2576805778512
 20
313.56454303541943
 10
321.34555224358763
 20
313.51643673766364
 10
321.43380661999385
 20
313.4690362042467
 10
321.5224380386562
 20
313.42234447961636
 10
321.61144080694436
 20
313.3763645626948
 10
321.7008092083767
 20
313.3310994066861
 10
321.7905375029879
 20
313.28655191888674
 10
321.8806199276972
 20
313.2427249604986
 10
321.97105069667884
 20
313.1996213464453
 10
322.0618240017335
 20
313.15724384519143
 10
322.1529340126614
 20
313.1155951785647
 10
322.24437487763674
 20
313.0746780215812
 10
322.33614072358375
 20
313.0344950022734
 10
322.4282256565536
 20
312.9950487015215
 10
322.52062376210307
 20
312.9563416528878
 10
322.6133291056745
 20
312.9183763424536
 10
322.7063357329769
 20
312.8811552086599
 10
322.7996376703685
 20
312.84468064215054
 10
322.8932289252401
 20
312.8089549856188
 10
322.9871034864003
 20
312.77398053365687
 10
323.08125532446155
 20
312.73975953260833
 10
323.1756783922271
 20
312.70629418042427
 10
323.2703666250798
 20
312.6735866265216
 10
323.3653139413714
 20
312.6416389716455
 10
323.46051424281325
 20
312.61045326773404
 10
323.5559614148678
 20
312.58003151778684
 10
323.65164932714157
 20
312.5503756757359
 10
323.7475718337788
 20
312.5214876463206
 10
323.8437227738561
 20
312.4933692849651
 10
323.9400959717782
 20
312.46602239765923
 10
324.0366852376748
 20
312.4394487408424
 10
324.13348436779785
 20
312.413650021291
 10
324.23048714492
 20
312.38862789600853
 10
324.3276873387342
 20
312.3643839721193
 10
324.42507870625366
 20
312.3409198067653
 10
324.5226549922127
 20
312.31823690700605
 10
324.620409929469
 20
312.29633672972176
 10
324.7183372394055
 20
312.2752206815199
 10
324.8164306323342
 20
312.2548901186448
 10
324.9146838078995
 20
312.23534634689054
 10
325.0130904554838
 20
312.216590621517
 10
325.1116442546119
 20
312.1986241471695
 10
325.2103388753575
 20
312.1814480778009
 10
325.30916797874943
 20
312.16506351659825
 10
325.4081252171792
 20
312.14947151591116
 10
325.50720423480817
 20
312.1346730771848
 10
325.60639866797624
 20
312.12066915089514
 10
325.70570214561036
 20
312.10746063648827
 10
325.80510828963367
 20
312.0950483823224
 10
325.9046107153753
 20
312.08343318561333
 10
326.00420303198047
 20
312.0726157923835
 10
326.1038788428207
 20
312.06259689741387
 10
326.2036317459049
 20
312.0533771441993
 10
326.3034553342905
 20
312.0449571249074
 10
326.4033431964951
 20
312.0373373803402
 10
326.50328891690776
 20
312.0305183998997
 10
326.60328607620175
 20
312.0245006215562
 10
326.7033282517464
 20
312.0192844318203
 10
326.8034090180197
 20
312.0148701657184
 10
326.903521947021
 20
312.01125810677024
 10
327.00366060868396
 20
312.0084484869718
 10
327.1038185712895
 20
312.0064414867797
 10
327.20398940187886
 20
312.0052372350998
 10
327.3041666666667
 20
312.00483580927886
  0
LWPOLYLINE
  5
1D6
330
17
100
AcDbEntity
  8
01-VISIBLE
100
AcDbPolyline
 90
393
 70
0
 10
327.3041666666667
 20
312.00483580927886
 10
327.40434393145455
 20
312.0052372350998
 10
327.50451476204387
 20
312.0064414867797
 10
327.6046727246494
 20
312.0084484869718
 10
327.7048113863124
 20
312.01125810677024
 10
327.80492431531366
 20
312.0148701657184
 10
327.9050050815869
 20
312.0192844318203
 10
328.0050472571316
 20
312.0245006215562
 10
328.1050444164256
 20
312.0305183998997
 10
328.2049901368383
 20
312.0373373803402
 10
328.30487799904284
 20
312.0449571249074
 10
328.4047015874285
 20
312.0533771441993
 10
328.5044544905127
 20
312.06259689741387
 10
328.6041303013529
 20
312.0726157923835
 10
328.703722617958
 20
312.08343318561333
 10
328.8032250436997
 20
312.0950483823224
 10
328.902631187723
 20
312.10746063648827
 10
329.0019346653571
 20
312.12066915089514
 10
329.1011290985252
 20
312.1346730771848
 10
329.2002081161542
 20
312.14947151591116
 10
329.2991653545839
 20
312.16506351659825
 10
329.39799445797587
 20
312.1814480778009
 10
329.49668907872143
 20
312.1986241471695
 10
329.59524287784956
 20
312.216590621517
 10
329.69364952543384
 20
312.23534634689054
 10
329.79190270099923
 20
312.2548901186448
 10
329.88999609392783
 20
312.2752206815199
 10
329.98792340386433
 20
312.29633672972176
 10
330.0856783411206
 20
312.31823690700605
 10
330.18325462707975
 20
312.3409198067653
 10
330.2806459945992
 20
312.3643839721193
 10
330.37784618841334
 20
312.38862789600853
 10
330.4748489655355
 20
312.413650021291
 10
330.57164809565853
 20
312.4394487408424
 10
330.66823736155516
 20
312.46602239765923
 10
330.7646105594773
 20
312.4933692849651
 10
330.8607614995546
 20
312.5214876463206
 10
330.9566840061918
 20
312.5503756757359
 10
331.05237191846555
 20
312.58003151778684
 10
331.1478190905201
 20
312.61045326773404
 10
331.2430193919619
 20
312.6416389716455
 10
331.33796670825353
 20
312.6735866265216
 10
331.43265494110625
 20
312.70629418042427
 10
331.52707800887185
 20
312.73975953260833
 10
331.62122984693303
 20
312.77398053365687
 10
331.7151044080932
 20
312.8089549856188
 10
331.80869566296485
 20
312.84468064215054
 10
331.9019976003564
 20
312.8811552086599
 10
331.99500422765885
 20
312.9183763424536
 10
332.08770957123033
 20
312.9563416528878
 10
332.18010767677976
 20
312.9950487015215
 10
332.2721926097496
 20
313.0344950022734
 10
332.3639584556966
 20
313.0746780215812
 10
332.45539932067203
 20
313.1155951785647
 10
332.5465093315999
 20
313.15724384519143
 10
332.63728263665456
 20
313.1996213464453
 10
332.72771340563617
 20
313.2427249604986
 10
332.81779583034546
 20
313.28655191888674
 10
332.90752412495664
 20
313.3310994066861
 10
332.996892526389
 20
313.3763645626948
 10
333.08589529467713
 20
313.42234447961636
 10
333.1745267133395
 20
313.4690362042467
 10
333.2627810897458
 20
313.51643673766364
 10
333.3506527554822
 20
313.56454303541943
 10
333.4381360667159
 20
313.61335200773647
 10
333.5252254045573
 20
313.6628605197057
 10
333.611915175421
 20
313.71306539148793
 10
333.69819981138494
 20
313.763963398518
 10
333.7840737705483
 20
313.815551271712
 10
333.86953153738693
 20
313.86782569767735
 10
333.9545676231084
 20
313.9207833189253
 10
334.0391765660037
 20
313.9744207340868
 10
334.12335293179854
 20
314.02873449813086
 10
334.2070913140023
 20
314.0837211225859
 10
334.29038633425506
 20
314.13937707576395
 10
334.37323264267343
 20
314.19569878298694
 10
334.4556249181938
 20
314.2526826268169
 10
334.53755786891423
 20
314.3103249472881
 10
334.61902623243446
 20
314.36862204214196
 10
334.70002477619374
 20
314.427570167065
 10
334.7805482978069
 20
314.4871655359294
 10
334.8605916253986
 20
314.54740432103586
 10
334.9401496179356
 20
314.6082826533599
 10
335.01921716555665
 20
314.6697966227998
 10
335.0977891899009
 20
314.7319422784285
 10
335.17586064443395
 20
314.7947156287465
 10
335.2534265147724
 20
314.8581126419388
 10
335.3304818190051
 20
314.92212924613386
 10
335.407021608014
 20
314.98676132966466
 10
335.4830409657915
 20
315.05200474133335
 10
335.55853500975616
 20
315.1178552906775
 10
335.6334988910667
 20
315.1843087482393
 10
335.70792779493314
 20
315.25136084583744
 10
335.781816940926
 20
315.3190072768409
 10
335.8551615832835
 20
315.3872436964459
 10
335.9279570112164
 20
315.45606572195476
 10
336.00019854921027
 20
315.52546893305725
 10
336.0718815573262
 20
315.5954488721149
 10
336.14300143149853
 20
315.666001044447
 10
336.21355360383063
 20
315.7371209186193
 10
336.2835335428883
 20
315.80880392673527
 10
336.3529367539908
 20
315.8810454647292
 10
336.4217587794996
 20
315.953840892662
 10
336.4899951991046
 20
316.02718553501956
 10
336.55764163010815
 20
316.1010746810124
 10
336.62469372770624
 20
316.1755035848788
 10
336.69114718526805
 20
316.2504674661894
 10
336.7569977346122
 20
316.32596151015406
 10
336.8222411462809
 20
316.4019808679315
 10
336.88687322981167
 20
316.4785206569404
 10
336.9508898340067
 20
316.5555759611732
 10
337.01428684719906
 20
316.6331418315116
 10
337.0770601975171
 20
316.7112132860447
 10
337.1392058531457
 20
316.78978531038894
 10
337.2007198225857
 20
316.8688528580099
 10
337.2615981549097
 20
316.9484108505469
 10
337.32183694001617
 20
317.02845417813865
 10
337.3814323088805
 20
317.1089776997518
 10
337.44038043380357
 20
317.18997624351107
 10
337.4986775286574
 20
317.2714446070313
 10
337.5563198491286
 20
317.35337755775174
 10
337.61330369295865
 20
317.4357698332721
 10
337.66962540018164
 20
317.5186161416905
 10
337.7252813533596
 20
317.6019111619433
 10
337.7802679778147
 20
317.685649544147
 10
337.83458174185876
 20
317.76982590994186
 10
337.8882191570202
 20
317.85443485283713
 10
337.9411767782682
 20
317.9394709385586
 10
337.9934512042335
 20
318.0249287053973
 10
338.0450390774276
 20
318.1108026645606
 10
338.0959370844576
 20
318.1970873005245
 10
338.14614195623983
 20
318.2837770713882
 10
338.19565046820907
 20
318.3708664092296
 10
338.2444594405261
 20
318.4583497204634
 10
338.2925657382819
 20
318.5462213861998
 10
338.3399662716988
 20
318.63447576260603
 10
338.3866579963292
 20
318.7231071812684
 10
338.43263791325074
 20
318.81210994955654
 10
338.4779030692594
 20
318.9014783509889
 10
338.5224505570588
 20
318.9912066456001
 10
338.5662775154469
 20
319.08128907030937
 10
338.6093811295002
 20
319.17171983929103
 10
338.6517586307541
 20
319.2624931443456
 10
338.6934072973808
 20
319.35360315527356
 10
338.73432445436436
 20
319.44504402024893
 10
338.77450747367214
 20
319.53680986619594
 10
338.813953774424
 20
319.6288947991658
 10
338.85266082305776
 20
319.72129290471526
 10
338.89062613349193
 20
319.8139982482867
 10
338.92784726728564
 20
319.9070048755891
 10
338.964321833795
 20
320.0003068129807
 10
339.0000474903267
 20
320.0938980678523
 10
339.03502194228867
 20
320.1877726290125
 10
339.0692429433372
 20
320.28192446707374
 10
339.10270829552127
 20
320.3763475348393
 10
339.1354158494239
 20
320.471035767692
 10
339.16736350430006
 20
320.5659830839836
 10
339.1985492082115
 20
320.66118338542543
 10
339.22897095815875
 20
320.75663055748
 10
339.25862680020964
 20
320.85231846975375
 10
339.28751482962497
 20
320.94824097639093
 10
339.3156331909804
 20
321.0443919164682
 10
339.3429800782863
 20
321.1407651143904
 10
339.3695537351031
 20
321.237354380287
 10
339.3953524546545
 20
321.33415351041003
 10
339.42037457993706
 20
321.4311562875322
 10
339.44461850382623
 20
321.5283564813464
 10
339.4680826691802
 20
321.62574784886584
 10
339.4907655689395
 20
321.7233241348249
 10
339.5126657462238
 20
321.8210790720812
 10
339.53378179442564
 20
321.9190063820177
 10
339.5541123573007
 20
322.0170997749463
 10
339.573656129055
 20
322.1153529505117
 10
339.5924118544285
 20
322.213759598096
 10
339.6103783287761
 20
322.3123133972241
 10
339.62755439814464
 20
322.41100801796966
 10
339.64393895934734
 20
322.5098371213616
 10
339.6595309600344
 20
322.6087943597914
 10
339.67432939876073
 20
322.70787337742036
 10
339.6883333250504
 20
322.8070678105884
 10
339.70154183945726
 20
322.90637128822254
 10
339.71395409362316
 20
323.00577743224585
 10
339.7255692903322
 20
323.1052798579875
 10
339.73638668356205
 20
323.20487217459265
 10
339.74640557853166
 20
323.30454798543286
 10
339.7556253317462
 20
323.404300888517
 10
339.76404535103813
 20
323.5041244769027
 10
339.77166509560533
 20
323.6040123391072
 10
339.7784840760459
 20
323.70395805951995
 10
339.7845018543894
 20
323.80395521881394
 10
339.7897180441252
 20
323.9039973943586
 10
339.79413231022716
 20
324.0040781606319
 10
339.7977443691753
 20
324.10419108963316
 10
339.8005539889737
 20
324.20432975129614
 10
339.80256098916584
 20
324.30448771390166
 10
339.80376524084573
 20
324.40465854449104
 10
339.8041666666667
 20
324.50483580927886
 10
339.80376524084573
 20
324.6050130740667
 10
339.80256098916584
 20
324.70518390465605
 10
339.8005539889737
 20
324.8053418672616
 10
339.7977443691753
 20
324.90548052892456
 10
339.79413231022716
 20
325.00559345792584
 10
339.7897180441252
 20
325.1056742241991
 10
339.7845018543894
 20
325.2057163997438
 10
339.7784840760459
 20
325.30571355903777
 10
339.77166509560533
 20
325.4056592794505
 10
339.76404535103813
 20
325.50554714165503
 10
339.7556253317462
 20
325.6053707300407
 10
339.74640557853166
 20
325.70512363312486
 10
339.73638668356205
 20
325.80479944396507
 10
339.7255692903322
 20
325.9043917605702
 10
339.71395409362316
 20
326.00389418631187
 10
339.70154183945726
 20
326.1033003303352
 10
339.6883333250504
 20
326.2026038079693
 10
339.67432939876073
 20
326.30179824113736
 10
339.6595309600344
 20
326.40087725876634
 10
339.64393895934734
 20
326.4998344971961
 10
339.62755439814464
 20
326.59866360058805
 10
339.6103783287761
 20
326.6973582213336
 10
339.5924118544285
 20
326.79591202046174
 10
339.573656129055
 20
326.894318668046
 10
339.5541123573007
 20
326.9925718436114
 10
339.53378179442564
 20
327.09066523654
 10
339.5126657462238
 20
327.1885925464765
 10
339.4907655689395
 20
327.2863474837328
 10
339.4680826691802
 20
327.3839237696919
 10
339.44461850382623
 20
327.4813151372113
 10
339.42037457993706
 20
327.5785153310255
 10
339.3953524546545
 20
327.6755181081477
 10
339.3695537351031
 20
327.7723172382707
 10
339.3429800782863
 20
327.86890650416734
 10
339.3156331909804
 20
327.9652797020895
 10
339.28751482962497
 20
328.0614306421668
 10
339.25862680020964
 20
328.15735314880396
 10
339.22897095815875
 20
328.25304106107774
 10
339.1985492082115
 20
328.3484882331323
 10
339.16736350430006
 20
328.4436885345741
 10
339.1354158494239
 20
328.5386358508658
 10
339.10270829552127
 20
328.6333240837185
 10
339.0692429433372
 20
328.72774715148404
 10
339.03502194228867
 20
328.8218989895452
 10
339.0000474903267
 20
328.9157735507054
 10
338.964321833795
 20
329.00936480557704
 10
338.92784726728564
 20
329.10266674296855
 10
338.89062613349193
 20
329.195673370271
 10
338.85266082305776
 20
329.2883787138425
 10
338.813953774424
 20
329.380776819392
 10
338.77450747367214
 20
329.4728617523618
 10
338.73432445436436
 20
329.56462759830873
 10
338.6934072973808
 20
329.65606846328416
 10
338.6517586307541
 20
329.74717847421203
 10
338.6093811295002
 20
329.8379517792667
 10
338.5662775154469
 20
329.9283825482483
 10
338.5224505570588
 20
330.0184649729576
 10
338.4779030692594
 20
330.10819326756877
 10
338.43263791325074
 20
330.19756166900123
 10
338.3866579963292
 20
330.2865644372893
 10
338.3399662716988
 20
330.37519585595163
 10
338.2925657382819
 20
330.46345023235796
 10
338.2444594405261
 20
330.5513218980944
 10
338.19565046820907
 20
330.63880520932804
 10
338.14614195623983
 20
330.7258945471695
 10
338.0959370844576
 20
330.8125843180332
 10
338.0450390774276
 20
330.8988689539971
 10
337.9934512042335
 20
330.98474291316046
 10
337.9411767782682
 20
331.0702006799991
 10
337.8882191570202
 20
331.15523676572053
 10
337.83458174185876
 20
331.23984570861586
 10
337.7802679778147
 20
331.3240220744107
 10
337.7252813533596
 20
331.4077604566144
 10
337.66962540018164
 20
331.4910554768673
 10
337.61330369295865
 20
331.5739017852856
 10
337.5563198491286
 20
331.65629406080603
 10
337.4986775286574
 20
331.7382270115265
 10
337.44038043380357
 20
331.8196953750467
 10
337.3814323088805
 20
331.90069391880587
 10
337.32183694001617
 20
331.981217440419
 10
337.2615981549097
 20
332.06126076801075
 10
337.2007198225857
 20
332.1408187605478
 10
337.1392058531457
 20
332.2198863081688
 10
337.0770601975171
 20
332.298458332513
 10
337.01428684719906
 20
332.3765297870462
 10
336.9508898340067
 20
332.4540956573846
 10
336.88687322981167
 20
332.53115096161736
 10
336.8222411462809
 20
332.6076907506262
 10
336.7569977346122
 20
332.68371010840366
 10
336.69114718526805
 20
332.75920415236834
 10
336.62469372770624
 20
332.83416803367896
 10
336.55764163010815
 20
332.90859693754527
 10
336.4899951991046
 20
332.98248608353816
 10
336.4217587794996
 20
333.05583072589565
 10
336.3529367539908
 20
333.1286261538285
 10
336.2835335428883
 20
333.20086769182245
 10
336.21355360383063
 20
333.27255069993834
 10
336.14300143149853
 20
333.3436705741107
 10
336.0718815573262
 20
333.4142227464428
 10
336.00019854921027
 20
333.4842026855004
 10
335.9279570112164
 20
333.55360589660296
 10
335.8551615832835
 20
333.62242792211174
 10
335.781816940926
 20
333.69066434171685
 10
335.70792779493314
 20
333.75831077272034
 10
335.6334988910667
 20
333.82536287031843
 10
335.55853500975616
 20
333.89181632788024
 10
335.4830409657915
 20
333.9576668772243
 10
335.407021608014
 20
334.022910288893
 10
335.3304818190051
 20
334.0875423724239
 10
335.2534265147724
 20
334.1515589766189
 10
335.17586064443395
 20
334.21495598981124
 10
335.0977891899009
 20
334.27772934012927
 10
335.01921716555665
 20
334.33987499575784
 10
334.9401496179356
 20
334.4013889651979
 10
334.8605916253986
 20
334.4622672975218
 10
334.7805482978069
 20
334.52250608262835
 10
334.70002477619374
 20
334.58210145149263
 10
334.61902623243446
 20
334.6410495764157
 10
334.53755786891423
 20
334.69934667126967
 10
334.4556249181938
 20
334.7569889917408
 10
334.37323264267343
 20
334.81397283557084
 10
334.29038633425506
 20
334.87029454279383
 10
334.2070913140023
 20
334.9259504959718
 10
334.12335293179854
 20
334.98093712042686
 10
334.0391765660037
 20
335.03525088447094
 10
333.9545676231084
 20
335.0888882996324
 10
333.86953153738693
 20
335.14184592088037
 10
333.7840737705483
 20
335.19412034684564
 10
333.69819981138494
 20
335.2457082200397
 10
333.611915175421
 20
335.29660622706984
 10
333.5252254045573
 20
335.346811098852
 10
333.4381360667159
 20
335.3963196108212
 10
333.3506527554822
 20
335.4451285831382
 10
333.2627810897458
 20
335.493234880894
 10
333.1745267133395
 20
335.540635414311
 10
333.08589529467713
 20
335.58732713894136
 10
332.996892526389
 20
335.633307055863
 10
332.90752412495664
 20
335.67857221187165
 10
332.81779583034546
 20
335.7231196996709
 10
332.72771340563617
 20
335.7669466580591
 10
332.63728263665456
 20
335.8100502721124
 10
332.5465093315999
 20
335.8524277733663
 10
332.45539932067203
 20
335.89407643999294
 10
332.3639584556966
 20
335.93499359697654
 10
332.2721926097496
 20
335.9751766162844
 10
332.18010767677976
 20
336.0146229170362
 10
332.08770957123033
 20
336.0533299656699
 10
331.99500422765885
 20
336.0912952761042
 10
331.9019976003564
 20
336.1285164098978
 10
331.80869566296485
 20
336.1649909764072
 10
331.7151044080932
 20
336.20071663293885
 10
331.62122984693303
 20
336.2356910849009
 10
331.52707800887185
 20
336.26991208594933
 10
331.43265494110625
 20
336.3033774381335
 10
331.3379667082536
 20
336.3360849920361
 10
331.2430193919619
 20
336.36803264691224
 10
331.1478190905201
 20
336.3992183508237
 10
331.0523719184656
 20
336.4296401007709
 10
330.9566840061918
 20
336.4592959428218
 10
330.8607614995546
 20
336.4881839722371
 10
330.7646105594773
 20
336.5163023335926
 10
330.66823736155516
 20
336.54364922089854
 10
330.57164809565853
 20
336.57022287771525
 10
330.47484896553556
 20
336.59602159726677
 10
330.37784618841334
 20
336.62104372254925
 10
330.2806459945992
 20
336.64528764643836
 10
330.18325462707975
 20
336.66875181179233
 10
330.0856783411206
 20
336.6914347115516
 10
329.98792340386433
 20
336.71333488883596
 10
329.88999609392783
 20
336.7344509370378
 10
329.79190270099923
 20
336.7547814999129
 10
329.69364952543384
 20
336.7743252716671
 10
329.59524287784956
 20
336.7930809970407
 10
329.49668907872143
 20
336.81104747138824
 10
329.39799445797587
 20
336.8282235407568
 10
329.2991653545839
 20
336.8446081019595
 10
329.2002081161542
 20
336.8602001026465
 10
329.1011290985252
 20
336.8749985413729
 10
329.0019346653571
 20
336.8890024676626
 10
328.902631187723
 20
336.90221098206945
 10
328.8032250436997
 20
336.9146232362353
 10
328.703722617958
 20
336.92623843294444
 10
328.6041303013529
 20
336.93705582617423
 10
328.5044544905127
 20
336.9470747211438
 10
328.4047015874285
 20
336.95629447435834
 10
328.30487799904284
 20
336.9647144936503
 10
328.2049901368383
 20
336.97233423821757
 10
328.1050444164256
 20
336.97915321865804
 10
328.0050472571316
 20
336.9851709970016
 10
327.9050050815869
 20
336.99038718673734
 10
327.80492431531366
 20
336.99480145283934
 10
327.7048113863124
 20
336.9984135117874
 10
327.6046727246494
 20
337.00122313158585
 10
327.50451476204387
 20
337.003230131778
 10
327.40434393145455
 20
337.004434383458
 10
327.3041666666667
 20
337.00483580927886
  0
LWPOLYLINE
  5
1D7
330
17
100
AcDbEntity
  8
01-VISIBLE
100
AcDbPolyline
 90
684
 70
0
 10
338.18416666666667
 20
324.50483580927886
 10
338.1837062890861
 20
324.6049237916022
 10
338.1823251953054
 20
324.7050033036566
 10
338.18002350220394
 20
324.80506587588985
 10
338.1768014045701
 20
324.9051030401835
 10
338.1726591750842
 20
325.00510633056916
 10
338.16759716429584
 20
325.10506728394523
 10
338.16161580059406
 20
325.204977440793
 10
338.15471559017107
 20
325.30482834589253
 10
338.14689711697946
 20
325.4046115490383
 10
338.13816104268284
 20
325.50431860575424
 10
338.12850810659967
 20
325.60394107800846
 10
338.11793912564093
 20
325.70347053492736
 10
338.1064549942407
 20
325.80289855350895
 10
338.09405668428076
 20
325.9022167193358
 10
338.0807452450082
 20
326.0014166272872
 10
338.06652180294657
 20
326.1004898822504
 10
338.05138756180054
 20
326.19942809983087
 10
338.03534380235425
 20
326.2982229070623
 10
338.0183918823627
 20
326.39686594311496
 10
338.00053323643687
 20
326.49534886000293
 10
337.9817693759224
 20
326.59366332329125
 10
337.9621018887716
 20
326.6918010128007
 10
337.9415324394092
 20
326.7897536233121
 10
337.9200627685912
 20
326.8875128652693
 10
337.897694693258
 20
326.9850704654805
 10
337.87443010638026
 20
327.08241816781845
 10
337.85027097679875
 20
327.17954773391926
 10
337.82521934905793
 20
327.2764509438796
 10
337.79927734323275
 20
327.37311959695205
 10
337.77244715474933
 20
327.46954551223945
 10
337.744731054199
 20
327.56572052938714
 10
337.7161313871464
 20
327.6616365092735
 10
337.6866505739307
 20
327.7572853346987
 10
337.6562911094611
 20
327.8526589110717
 10
337.62505556300533
 20
327.9477491670956
 10
337.5929465779725
 20
328.04254805545
 10
337.5599668716892
 20
328.1370475534727
 10
337.5261192351697
 20
328.23123966383827
 10
337.4914065328795
 20
328.32511641523496
 10
337.45583170249336
 20
328.4186698630392
 10
337.4193977546462
 20
328.5118920899883
 10
337.3821077726786
 20
328.60477520685
 10
337.3439649123758
 20
328.69731135309024
 10
337.30497240170064
 20
328.7894926975386
 10
337.2651335405203
 20
328.8813114390511
 10
337.2244517003273
 20
328.9727598071698
 10
337.1829303239536
 20
329.06383006278116
 10
337.1405729252801
 20
329.1545144987704
 10
337.09738308893833
 20
329.24480544067404
 10
337.053364470008
 20
329.3346952473294
 10
337.00852079370674
 20
329.4241763115211
 10
336.9628558550758
 20
329.5132410606247
 10
336.9163735186581
 20
329.6018819572483
 10
336.8690777181715
 20
329.6900914998693
 10
336.8209724561761
 20
329.7778622234702
 10
336.7720618037351
 20
329.8651867001699
 10
336.7223499000705
 20
329.9520575398522
 10
336.67184095221285
 20
330.0384673907917
 10
336.6205392346451
 20
330.1244089402755
 10
336.56844908894084
 20
330.2098749152222
 10
336.515574923397
 20
330.29485808279736
 10
336.46192121266074
 20
330.379351251026
 10
336.4074924973507
 20
330.46334726940046
 10
336.3522933836729
 20
330.5468390294864
 10
336.29632854303054
 20
330.6298194655239
 10
336.2396027116293
 20
330.7122815550251
 10
336.18212069007586
 20
330.79421831936935
 10
336.1238873429722
 20
330.87562282439325
 10
336.06490759850334
 20
330.95648818097726
 10
336.0051864480209
 20
331.0368075456294
 10
335.94472894562017
 20
331.11657412106393
 10
335.8835402077127
 20
331.1957811567764
 10
335.8216254125932
 20
331.2744219496156
 10
335.75898980000125
 20
331.3524898443504
 10
335.695638670678
 20
331.4299782342326
 10
335.6315773859175
 20
331.506880561557
 10
335.5668113671131
 20
331.5831903182156
 10
335.5013460952983
 20
331.6589010462487
 10
335.43518711068333
 20
331.734006338391
 10
335.3683400121861
 20
331.80849983861475
 10
335.30081045695835
 20
331.88237524266646
 10
335.23260415990694
 20
331.95562629860166
 10
335.16372689321014
 20
332.02824680731266
 10
335.09418448582926
 20
332.1002306230544
 10
335.0239828230153
 20
332.1715716539639
 10
334.9531278458108
 20
332.24226386257584
 10
334.8816255505472
 20
332.31230126633346
 10
334.80948198833727
 20
332.38167793809527
 10
334.73670326456323
 20
332.45038800663616
 10
334.66329553835965
 20
332.5184256571445
 10
334.58926502209266
 20
332.5857851317143
 10
334.514617980834
 20
332.6524607298323
 10
334.4393607318306
 20
332.7184468088605
 10
334.36349964397056
 20
332.7837377845139
 10
334.2870411372435
 20
332.8483281313324
 10
334.20999168219765
 20
332.9122123831493
 10
334.13235779939214
 20
332.9753851335535
 10
334.0541460588453
 20
333.0378410363466
 10
333.97536307947826
 20
333.09957480599604
 10
333.8960155285553
 20
333.1605812180821
 10
333.8161101211195
 20
333.22085510973994
 10
333.735653619424
 20
333.2803913800968
 10
333.65465283236034
 20
333.33918499070325
 10
333.57311461488194
 20
333.3972309659601
 10
333.49104586742396
 20
333.4545243935391
 10
333.4084535353193
 20
333.5110604247987
 10
333.325344608211
 20
333.5668342751946
 10
333.24172611946074
 20
333.6218412246845
 10
333.15760514555313
 20
333.6760766181275
 10
333.07298880549763
 20
333.7295358656782
 10
332.98788426022537
 20
333.78221444317495
 10
332.9022987119836
 20
333.8341078925228
 10
332.81623940372583
 20
333.8852118220712
 10
332.72971361849926
 20
333.93552190698455
 10
332.642728678828
 20
333.9850338896096
 10
332.55529194609375
 20
334.03374357983483
 10
332.4674108199126
 20
334.0816468554452
 10
332.3790927375087
 20
334.1287396624711
 10
332.29034517308537
 20
334.17501801553163
 10
332.201175637192
 20
334.2204779981717
 10
332.1115916760887
 20
334.26511576319325
 10
332.02160087110775
 20
334.3089275329813
 10
331.9312108380118
 20
334.35190959982293
 10
331.84042922634956
 20
334.39405832622225
 10
331.74926371880827
 20
334.4353701452067
 10
331.65772203056355
 20
334.4758415606304
 10
331.56581190862676
 20
334.51546914746876
 10
331.4735411311889
 20
334.5542495521093
 10
331.3809175069627
 20
334.592179492635
 10
331.28794887452176
 20
334.629255759102
 10
331.194643101637
 20
334.6654752138115
 10
331.10100808461095
 20
334.7008347915749
 10
331.00705174760964
 20
334.73533149997394
 10
330.9127820419916
 20
334.76896241961293
 10
330.8182069456354
 20
334.8017247043668
 10
330.72333446226423
 20
334.83361558162125
 10
330.6281726207685
 20
334.8646323525076
 10
330.53272947452666
 20
334.89477239213164
 10
330.43701310072345
 20
334.924033149795
 10
330.3410315996662
 20
334.9524121492114
 10
330.24479309409975
 20
334.9799069887163
 10
330.14830572851855
 20
335.00651534147033
 10
330.05157766847776
 20
335.03223495565527
 10
329.9546170999021
 20
335.0570636546659
 10
329.857432228393
 20
335.08099933729324
 10
329.76003127853437
 20
335.1040399779028
 10
329.66242249319623
 20
335.12618362660595
 10
329.5646141328375
 20
335.1474284094248
 10
329.4666144748069
 20
335.16777252845105
 10
329.36843181264203
 20
335.18721426199767
 10
329.2700744553681
 20
335.2057519647453
 10
329.17155072679424
 20
335.2233840678809
 10
329.07286896480946
 20
335.24010907923076
 10
328.97403752067675
 20
335.2559255833867
 10
328.87506475832646
 20
335.2708322418261
 10
328.7759590536485
 20
335.2848277930246
 10
328.6767287937833
 20
335.2979110525635
 10
328.57738237641234
 20
335.3100809132298
 10
328.4779282090473
 20
335.3213363451096
 10
328.37837470831846
 20
335.33167639567574
 10
328.2787302992626
 20
335.34110018986786
 10
328.1790034146097
 20
335.349606930167
 10
328.0792024940699
 20
335.35719589666263
 10
327.97933598361845
 20
335.36386644711416
 10
327.8794123347816
 20
335.3696180170046
 10
327.7794400039211
 20
335.37445011958886
 10
327.6794274515184
 20
335.37836234593436
 10
327.57938314145906
 20
335.3813543649566
 10
327.4793155403162
 20
335.38342592344617
 10
327.37923311663377
 20
335.38457684609074
 10
327.27914434021045
 20
335.3848070354898
 10
327.1790576813824
 20
335.3841164721628
 10
327.0789816103065
 20
335.3825052145509
 10
326.97892459624376
 20
335.37997339901204
 10
326.8788951068423
 20
335.37652123980916
 10
326.778901607421
 20
335.37214902909244
 10
326.6789525602528
 20
335.36685713687444
 10
326.5790564238489
 20
335.36064601099855
 10
326.47922165224264
 20
335.3535161771013
 10
326.37945669427427
 20
335.3454682385681
 10
326.27976999287563
 20
335.3365028764817
 10
326.1801699843561
 20
335.3266208495647
 10
326.08066509768827
 20
335.31582299411576
 10
325.98126375379474
 20
335.30411022393815
 10
325.88197436483546
 20
335.29148353026295
 10
325.78280533349584
 20
335.27794398166503
 10
325.6837650522757
 20
335.2634927239722
 10
325.5848619027788
 20
335.24813098016904
 10
325.4861042550039
 20
335.2318600502927
 10
325.387500466636
 20
335.2146813113232
 10
325.2890588823395
 20
335.1965962170669
 10
325.19078783305144
 20
335.17760629803325
 10
325.0926956352771
 20
335.1577131613056
 10
324.9947905903856
 20
335.13691849040487
 10
324.8970809839078
 20
335.1152240451474
 10
324.79957508483494
 20
335.09263166149555
 10
324.70228114491886
 20
335.069143251403
 10
324.60520739797363
 20
335.0447608026522
 10
324.50836205917875
 20
335.01948637868674
 10
324.41175332438405
 20
334.9933221184364
 10
324.315389369416
 20
334.9662702361364
 10
324.21927834938555
 20
334.9383330211394
 10
324.12342839799845
 20
334.90951283772284
 10
324.0278476268666
 20
334.8798121248877
 10
323.9325441248216
 20
334.8492333961528
 10
323.83752595723047
 20
334.81777923934186
 10
323.74280116531247
 20
334.78545231636457
 10
323.64837776545943
 20
334.75225536299143
 10
323.55426374855665
 20
334.7181911886216
 10
323.4604670793069
 20
334.6832626760461
 10
323.36699569555657
 20
334.64747278120325
 10
323.27385750762346
 20
334.61082453292846
 10
323.1810603976278
 20
334.57332103269806
 10
323.08861221882484
 20
334.5349654543673
 10
322.9965207949406
 20
334.4957610439006
 10
322.9047939195093
 20
334.455711119098
 10
322.81343935521426
 20
334.414819069314
 10
322.7224648332308
 20
334.3730883551702
 10
322.6318780525717
 20
334.3305225082632
 10
322.54168667943617
 20
334.2871251308655
 10
322.45189834656054
 20
334.2428998956204
 10
322.3625206525727
 20
334.19785054523123
 10
322.27356116134877
 20
334.1519808921449
 10
322.1850274013733
 20
334.10529481822897
 10
322.09692686510175
 20
334.05779627444343
 10
322.0092670083268
 20
334.0094892805061
 10
321.92205524954704
 20
333.96037792455235
 10
321.8352989693395
 20
333.91046636278935
 10
321.7490055097346
 20
333.8597588191445
 10
321.6631821735954
 20
333.8082595849074
 10
321.577836223999
 20
333.7559730183671
 10
321.49297488362225
 20
333.7029035444435
 10
321.40860533413024
 20
333.6490556543121
 10
321.32473471556887
 20
333.5944339050249
 10
321.24137012576017
 20
333.5390429191237
 10
321.158518619702
 20
333.48288738424986
 10
321.07618720897085
 20
333.4259720527469
 10
320.99438286112843
 20
333.3683017412587
 10
320.91311249913196
 20
333.30988133032173
 10
320.83238300074856
 20
333.2507157639521
 10
320.7522011979729
 20
333.1908100492271
 10
320.6725738764491
 20
333.1301692558613
 10
320.5935077748967
 20
333.06879851577804
 10
320.51500958453994
 20
333.00670302267434
 10
320.43708594854195
 20
332.94388803158205
 10
320.35974346144224
 20
332.88035885842277
 10
320.28298866859865
 20
332.816120879558
 10
320.2068280656337
 20
332.75117953133457
 10
320.13126809788446
 20
332.6855403096237
 10
320.0563151598574
 20
332.6192087693567
 10
319.9819755946871
 20
332.55219052405465
 10
319.90825569359964
 20
332.4844912453529
 10
319.8351616953798
 20
332.41611666252203
 10
319.7626997858433
 20
332.34707256198175
 10
319.6908760973136
 20
332.2773647868125
 10
319.6196967081023
 20
332.2069992362597
 10
319.5491676419954
 20
332.1359818652358
 10
319.47929486774285
 20
332.0643186838151
 10
319.4100842985541
 20
331.99201575672606
 10
319.3415417915973
 20
331.9190792028374
 10
319.27367314750353
 20
331.8455151946409
 10
319.2064841098761
 20
331.77132995772826
 10
319.1399803648045
 20
331.69652977026504
 10
319.0741675403831
 20
331.62112096245886
 10
319.00905120623474
 20
331.5451099160238
 10
318.9446368730398
 20
331.4685030636402
 10
318.8809299920693
 20
331.3913068884106
 10
318.8179359547239
 20
331.3135279233107
 10
318.7556600920777
 20
331.2351727506369
 10
318.69410767442673
 20
331.1562480014489
 10
318.63328391084326
 20
331.0767603550085
 10
318.5731939487349
 20
330.9967165382149
 10
318.5138428734089
 20
330.9161233250347
 10
318.45523570764175
 20
330.83498753592886
 10
318.3973774112543
 20
330.75331603727597
 10
318.3402728806918
 20
330.6711157407904
 10
318.28392694860986
 20
330.58839360293786
 10
318.22834438346484
 20
330.50515662434674
 10
318.17352988911114
 20
330.4214118492153
 10
318.11948810440236
 20
330.33716636471576
 10
318.06622360279925
 20
330.25242730039446
 10
318.0137408919824
 20
330.1672018275686
 10
317.96204441347084
 20
330.0814971587193
 10
317.911138542246
 20
329.99532054688103
 10
317.8610275863819
 20
329.9086792850282
 10
317.81171578668005
 20
329.8215807054574
 10
317.76320731631085
 20
329.7340321791676
 10
317.71550628046043
 20
329.64604111523573
 10
317.66861671598303
 20
329.5576149601898
 10
317.62254259105964
 20
329.46876119737914
 10
317.57728780486195
 20
329.37948734634045
 10
317.53285618722254
 20
329.2898009621619
 10
317.4892514983106
 20
329.1997096348436
 10
317.4464774283138
 20
329.1092209886554
 10
317.40453759712614
 20
329.0183426814912
 10
317.36343555404136
 20
328.9270824042216
 10
317.3231747774526
 20
328.8354478800424
 10
317.28375867455827
 20
328.74344686382136
 10
317.2451905810735
 20
328.6510871414419
 10
317.20747376094766
 20
328.5583765291438
 10
317.17061140608877
 20
328.4653228728625
 10
317.1346066360926
 20
328.3719340475642
 10
317.0994624979792
 20
328.2782179565801
 10
317.0651819659348
 20
328.1841825309373
 10
317.03176794106025
 20
328.0898357286875
 10
316.99922325112544
 20
327.99518553423377
 10
316.9675506503298
 20
327.9002399576548
 10
316.9367528190697
 20
327.80500703402674
 10
316.906832363711
 20
327.7094948227436
 10
316.8777918163689
 20
327.6137114068348
 10
316.84963363469376
 20
327.5176648922816
 10
316.82236020166255
 20
327.4213634073306
 10
316.7959738253777
 20
327.3248151018062
 10
316.7704767388716
 20
327.2280281464208
 10
316.7458710999176
 20
327.13101073208327
 10
316.7221589908474
 20
327.03377106920584
 10
316.6993424183749
 20
326.93631738700924
 10
316.6774233134262
 20
326.8386579328262
 10
316.65640353097643
 20
326.74080097140376
 10
316.63628484989266
 20
326.6427547842034
 10
316.6170689727833
 20
326.54452766870065
 10
316.5987575258539
 20
326.4461279376826
 10
316.58135205877
 20
326.34756391854444
 10
316.5648540445254
 20
326.2488439525849
 10
316.549264879318
 20
326.1499763943
 10
316.53458588243114
 20
326.0509696106765
 10
316.52081829612246
 20
325.95183198048335
 10
316.5079632855184
 20
325.852571893563
 10
316.49602193851575
 20
325.75319775012093
 10
316.4849952656897
 20
325.65371796001534
 10
316.47488420020795
 20
325.5541409420448
 10
316.46568959775215
 20
325.45447512323636
 10
316.45741223644524
 20
325.35472893813204
 10
316.4500528167857
 20
325.254910828075
 10
316.4436119615882
 20
325.15502924049554
 10
316.43809021593086
 20
325.0550926281957
 10
316.43348804710934
 20
324.9551094486343
 10
316.42980584459696
 20
324.85508816321095
 10
316.42704392001207
 20
324.75503723655027
 10
316.42520250709146
 20
324.65496513578523
 10
316.4242817616706
 20
324.5548803298407
 10
316.4242817616706
 20
324.454791288717
 10
316.42520250709146
 20
324.3547064827725
 10
316.42704392001207
 20
324.25463438200745
 10
316.42980584459696
 20
324.15458345534677
 10
316.43348804710934
 20
324.05456216992343
 10
316.43809021593086
 20
323.954578990362
 10
316.4436119615882
 20
323.8546423780622
 10
316.4500528167857
 20
323.7547607904827
 10
316.45741223644524
 20
323.6549426804257
 10
316.46568959775215
 20
323.55519649532135
 10
316.47488420020795
 20
323.4555306765129
 10
316.4849952656897
 20
323.35595365854243
 10
316.49602193851575
 20
323.2564738684368
 10
316.5079632855184
 20
323.15709972499474
 10
316.52081829612246
 20
323.0578396380743
 10
316.53458588243114
 20
322.95870200788124
 10
316.549264879318
 20
322.85969522425773
 10
316.5648540445254
 20
322.7608276659729
 10
316.58135205877
 20
322.6621077000133
 10
316.5987575258539
 20
322.5635436808751
 10
316.6170689727833
 20
322.46514394985707
 10
316.63628484989266
 20
322.3669168343543
 10
316.65640353097643
 20
322.26887064715396
 10
316.6774233134262
 20
322.1710136857315
 10
316.6993424183749
 20
322.0733542315485
 10
316.7221589908474
 20
321.9759005493519
 10
316.7458710999176
 20
321.87866088647445
 10
316.7704767388716
 20
321.7816434721369
 10
316.7959738253777
 20
321.6848565167515
 10
316.82236020166255
 20
321.5883082112271
 10
316.84963363469376
 20
321.49200672627614
 10
316.8777918163689
 20
321.3959602117229
 10
316.906832363711
 20
321.30017679581414
 10
316.9367528190697
 20
321.204664584531
 10
316.9675506503298
 20
321.10943166090294
 10
316.99922325112544
 20
321.01448608432395
 10
317.03176794106025
 20
320.9198358898702
 10
317.0651819659348
 20
320.82548908762044
 10
317.0994624979792
 20
320.73145366197764
 10
317.1346066360926
 20
320.6377375709935
 10
317.17061140608877
 20
320.54434874569523
 10
317.20747376094766
 20
320.45129508941386
 10
317.2451905810735
 20
320.35858447711587
 10
317.28375867455827
 20
320.26622475473636
 10
317.3231747774526
 20
320.1742237385153
 10
317.36343555404136
 20
320.0825892143361
 10
317.40453759712614
 20
319.9913289370665
 10
317.4464774283138
 20
319.9004506299023
 10
317.4892514983106
 20
319.80996198371406
 10
317.53285618722254
 20
319.7198706563958
 10
317.57728780486195
 20
319.63018427221726
 10
317.62254259105964
 20
319.5409104211786
 10
317.66861671598303
 20
319.4520566583679
 10
317.71550628046043
 20
319.36363050332204
 10
317.76320731631085
 20
319.2756394393901
 10
317.81171578668005
 20
319.1880909131003
 10
317.8610275863819
 20
319.1009923335296
 10
317.911138542246
 20
319.0143510716767
 10
317.96204441347084
 20
318.92817445983843
 10
318.0137408919824
 20
318.8424697909891
 10
318.06622360279925
 20
318.75724431816326
 10
318.11948810440236
 20
318.672505253842
 10
318.17352988911114
 20
318.5882597693424
 10
318.22834438346484
 20
318.504514994211
 10
318.28392694860986
 20
318.4212780156198
 10
318.3402728806918
 20
318.33855587776736
 10
318.3973774112543
 20
318.25635558128175
 10
318.45523570764175
 20
318.17468408262886
 10
318.5138428734089
 20
318.09354829352304
 10
318.5731939487349
 20
318.0129550803428
 10
318.63328391084326
 20
317.93291126354916
 10
318.69410767442673
 20
317.8534236171089
 10
318.7556600920777
 20
317.77449886792084
 10
318.8179359547239
 20
317.69614369524703
 10
318.8809299920693
 20
317.61836473014716
 10
318.94463687303977
 20
317.54116855491753
 10
319.00905120623474
 20
317.4645617025339
 10
319.0741675403831
 20
317.3885506560988
 10
319.1399803648045
 20
317.3131418482926
 10
319.2064841098761
 20
317.23834166082946
 10
319.27367314750353
 20
317.1641564239169
 10
319.3415417915973
 20
317.0905924157203
 10
319.4100842985541
 20
317.0176558618317
 10
319.47929486774285
 20
316.94535293474263
 10
319.5491676419954
 20
316.8736897533219
 10
319.6196967081023
 20
316.802672382298
 10
319.6908760973136
 20
316.7323068317453
 10
319.7626997858433
 20
316.6625990565759
 10
319.8351616953798
 20
316.59355495603575
 10
319.90825569359964
 20
316.52518037320476
 10
319.9819755946871
 20
316.4574810945031
 10
320.0563151598574
 20
316.390462849201
 10
320.13126809788446
 20
316.32413130893406
 10
320.2068280656337
 20
316.2584920872232
 10
320.28298866859865
 20
316.1935507389997
 10
320.35974346144224
 20
316.129312760135
 10
320.43708594854195
 20
316.0657835869757
 10
320.51500958453994
 20
316.00296859588343
 10
320.5935077748967
 20
315.94087310277973
 10
320.6725738764491
 20
315.87950236269637
 10
320.75220119797285
 20
315.81886156933064
 10
320.83238300074856
 20
315.75895585460563
 10
320.91311249913196
 20
315.699790288236
 10
320.99438286112843
 20
315.64136987729904
 10
321.07618720897085
 20
315.58369956581083
 10
321.158518619702
 20
315.52678423430785
 10
321.2413701257601
 20
315.470628699434
 10
321.3247347155688
 20
315.4152377135328
 10
321.40860533413024
 20
315.36061596424554
 10
321.4929748836222
 20
315.30676807411425
 10
321.577836223999
 20
315.2536986001906
 10
321.66318217359543
 20
315.2014120336504
 10
321.7490055097346
 20
315.14991279941324
 10
321.8352989693395
 20
315.0992052557683
 10
321.92205524954704
 20
315.04929369400537
 10
322.0092670083268
 20
315.0001823380516
 10
322.09692686510175
 20
314.9518753441142
 10
322.1850274013733
 20
314.90437680032875
 10
322.27356116134877
 20
314.8576907264129
 10
322.3625206525727
 20
314.81182107332654
 10
322.45189834656054
 20
314.76677172293734
 10
322.54168667943617
 20
314.72254648769217
 10
322.6318780525717
 20
314.6791491102945
 10
322.7224648332308
 20
314.6365832633876
 10
322.81343935521426
 20
314.5948525492438
 10
322.90479391950925
 20
314.5539604994597
 10
322.9965207949406
 20
314.51391057465713
 10
323.08861221882484
 20
314.4747061641905
 10
323.1810603976278
 20
314.4363505858596
 10
323.27385750762346
 20
314.3988470856293
 10
323.36699569555657
 20
314.36219883735447
 10
323.4604670793069
 20
314.3264089425116
 10
323.55426374855665
 20
314.2914804299361
 10
323.64837776545943
 20
314.25741625556634
 10
323.74280116531247
 20
314.2242193021931
 10
323.83752595723047
 20
314.19189237921586
 10
323.9325441248216
 20
314.160438222405
 10
324.02784762686656
 20
314.12985949367004
 10
324.12342839799845
 20
314.10015878083493
 10
324.21927834938555
 20
314.0713385974183
 10
324.315389369416
 20
314.0434013824214
 10
324.41175332438405
 20
314.0163495001213
 10
324.50836205917875
 20
313.990185239871
 10
324.60520739797363
 20
313.9649108159055
 10
324.70228114491886
 20
313.94052836715474
 10
324.79957508483494
 20
313.9170399570621
 10
324.8970809839078
 20
313.89444757341033
 10
324.9947905903856
 20
313.8727531281528
 10
325.0926956352771
 20
313.8519584572521
 10
325.19078783305144
 20
313.83206532052446
 10
325.2890588823395
 20
313.81307540149083
 10
325.387500466636
 20
313.7949903072345
 10
325.4861042550039
 20
313.777811568265
 10
325.5848619027788
 20
313.7615406383887
 10
325.6837650522757
 20
313.7461788945855
 10
325.78280533349584
 20
313.73172763689274
 10
325.88197436483546
 20
313.7181880882947
 10
325.98126375379474
 20
313.70556139461956
 10
326.0806650976883
 20
313.69384862444196
 10
326.18016998435616
 20
313.683050768993
 10
326.27976999287563
 20
313.67316874207603
 10
326.3794566942742
 20
313.6642033799896
 10
326.47922165224264
 20
313.6561554414564
 10
326.5790564238489
 20
313.64902560755917
 10
326.6789525602528
 20
313.6428144816833
 10
326.778901607421
 20
313.6375225894653
 10
326.8788951068423
 20
313.63315037874855
 10
326.97892459624376
 20
313.62969821954573
 10
327.0789816103065
 20
313.6271664040068
 10
327.1790576813824
 20
313.6255551463949
 10
327.27914434021045
 20
313.6248645830679
 10
327.37923311663377
 20
313.6250947724669
 10
327.4793155403162
 20
313.62624569511155
 10
327.57938314145906
 20
313.6283172536011
 10
327.6794274515184
 20
313.6313092726233
 10
327.7794400039211
 20
313.6352214989689
 10
327.8794123347816
 20
313.64005360155306
 10
327.97933598361845
 20
313.6458051714435
 10
328.0792024940699
 20
313.65247572189503
 10
328.1790034146098
 20
313.6600646883908
 10
328.2787302992626
 20
313.66857142868986
 10
328.37837470831846
 20
313.677995222882
 10
328.4779282090473
 20
313.68833527344805
 10
328.57738237641234
 20
313.69959070532786
 10
328.6767287937833
 20
313.71176056599415
 10
328.7759590536485
 20
313.7248438255331
 10
328.87506475832646
 20
313.7388393767316
 10
328.97403752067675
 20
313.75374603517093
 10
329.07286896480946
 20
313.76956253932696
 10
329.17155072679424
 20
313.7862875506768
 10
329.2700744553681
 20
313.8039196538124
 10
329.36843181264203
 20
313.82245735656005
 10
329.4666144748069
 20
313.8418990901067
 10
329.5646141328375
 20
313.8622432091329
 10
329.66242249319623
 20
313.88348799195177
 10
329.76003127853437
 20
313.90563164065486
 10
329.857432228393
 20
313.9286722812644
 10
329.9546170999021
 20
313.9526079638918
 10
330.05157766847776
 20
313.97743666290245
 10
330.14830572851855
 20
314.00315627708744
 10
330.24479309409975
 20
314.02976462984134
 10
330.3410315996662
 20
314.0572594693463
 10
330.43701310072345
 20
314.08563846876274
 10
330.53272947452666
 20
314.1148992264261
 10
330.6281726207685
 20
314.14503926605005
 10
330.72333446226423
 20
314.1760560369365
 10
330.8182069456354
 20
314.2079469141909
 10
330.9127820419916
 20
314.2407091989448
 10
331.00705174760964
 20
314.2743401185838
 10
331.10100808461095
 20
314.30883682698277
 10
331.194643101637
 20
314.34419640474624
 10
331.28794887452176
 20
314.3804158594557
 10
331.3809175069627
 20
314.4174921259227
 10
331.4735411311889
 20
314.45542206644836
 10
331.56581190862676
 20
314.49420247108895
 10
331.6577220305636
 20
314.5338300579274
 10
331.7492637188082
 20
314.574301473351
 10
331.84042922634956
 20
314.6156132923355
 10
331.9312108380118
 20
314.65776201873473
 10
332.02160087110775
 20
314.7007440855765
 10
332.1115916760887
 20
314.74455585536447
 10
332.201175637192
 20
314.789193620386
 10
332.29034517308537
 20
314.8346536030261
 10
332.3790927375087
 20
314.88093195608667
 10
332.4674108199126
 20
314.9280247631126
 10
332.55529194609375
 20
314.9759280387229
 10
332.642728678828
 20
315.02463772894805
 10
332.72971361849926
 20
315.0741497115731
 10
332.81623940372583
 20
315.1244597964866
 10
332.9022987119836
 20
315.17556372603485
 10
332.98788426022537
 20
315.22745717538277
 10
333.07298880549763
 20
315.2801357528795
 10
333.15760514555313
 20
315.3335950004302
 10
333.2417261194607
 20
315.3878303938732
 10
333.325344608211
 20
315.4428373433631
 10
333.4084535353193
 20
315.498611193759
 10
333.49104586742396
 20
315.5551472250187
 10
333.57311461488194
 20
315.6124406525976
 10
333.65465283236034
 20
315.67048662785453
 10
333.735653619424
 20
315.729280238461
 10
333.8161101211195
 20
315.78881650881783
 10
333.8960155285553
 20
315.8490904004757
 10
333.97536307947826
 20
315.91009681256173
 10
334.0541460588452
 20
315.97183058221117
 10
334.13235779939214
 20
316.03428648500426
 10
334.20999168219765
 20
316.09745923540834
 10
334.2870411372435
 20
316.1613434872253
 10
334.36349964397056
 20
316.2259338340439
 10
334.4393607318306
 20
316.29122480969716
 10
334.514617980834
 20
316.35721088872543
 10
334.58926502209266
 20
316.42388648684346
 10
334.66329553835965
 20
316.49124596141326
 10
334.73670326456323
 20
316.5592836119216
 10
334.80948198833727
 20
316.6279936804625
 10
334.88162555054714
 20
316.69737035222425
 10
334.9531278458108
 20
316.76740775598194
 10
335.0239828230153
 20
316.83809996459377
 10
335.09418448582926
 20
316.90944099550325
 10
335.16372689321014
 20
316.98142481124506
 10
335.23260415990694
 20
317.0540453199561
 10
335.30081045695835
 20
317.1272963758912
 10
335.3683400121861
 20
317.201171779943
 10
335.43518711068333
 20
317.2756652801667
 10
335.5013460952983
 20
317.3507705723091
 10
335.5668113671131
 20
317.4264813003421
 10
335.6315773859175
 20
317.5027910570007
 10
335.695638670678
 20
317.57969338432514
 10
335.75898980000125
 20
317.6571817742074
 10
335.8216254125932
 20
317.73524966894206
 10
335.8835402077127
 20
317.8138904617813
 10
335.94472894562017
 20
317.89309749749384
 10
336.0051864480209
 20
317.9728640729283
 10
336.06490759850334
 20
318.05318343758046
 10
336.1238873429722
 20
318.1340487941645
 10
336.18212069007586
 20
318.21545329918837
 10
336.2396027116293
 20
318.2973900635326
 10
336.29632854303054
 20
318.3798521530339
 10
336.3522933836729
 20
318.46283258907124
 10
336.4074924973507
 20
318.5463243491572
 10
336.46192121266074
 20
318.63032036753174
 10
336.515574923397
 20
318.71481353576036
 10
336.56844908894084
 20
318.7997967033356
 10
336.6205392346451
 20
318.88526267828223
 10
336.67184095221285
 20
318.971204227766
 10
336.7223499000705
 20
319.0576140787055
 10
336.7720618037351
 20
319.14448491838783
 10
336.8209724561761
 20
319.2318093950875
 10
336.8690777181715
 20
319.3195801186884
 10
336.9163735186581
 20
319.40778966130944
 10
336.9628558550758
 20
319.49643055793297
 10
337.00852079370674
 20
319.5854953070367
 10
337.053364470008
 20
319.67497637122835
 10
337.09738308893833
 20
319.7648661778837
 10
337.1405729252801
 20
319.85515711978735
 10
337.1829303239536
 20
319.94584155577655
 10
337.2244517003273
 20
320.0369118113879
 10
337.2651335405203
 20
320.1283601795066
 10
337.30497240170064
 20
320.2201789210191
 10
337.3439649123758
 20
320.31236026546753
 10
337.3821077726786
 20
320.4048964117078
 10
337.4193977546462
 20
320.4977795285694
 10
337.45583170249336
 20
320.5910017555185
 10
337.4914065328795
 20
320.68455520332276
 10
337.5261192351697
 20
320.77843195471945
 10
337.5599668716892
 20
320.87262406508495
 10
337.5929465779725
 20
320.9671235631077
 10
337.62505556300533
 20
321.0619224514621
 10
337.6562911094611
 20
321.157012707486
 10
337.6866505739307
 20
321.25238628385904
 10
337.7161313871464
 20
321.34803510928424
 10
337.744731054199
 20
321.4439510891706
 10
337.77244715474933
 20
321.54012610631827
 10
337.79927734323275
 20
321.6365520216057
 10
337.82521934905793
 20
321.73322067467814
 10
337.85027097679875
 20
321.83012388463845
 10
337.87443010638026
 20
321.9272534507393
 10
337.897694693258
 20
322.02460115307724
 10
337.9200627685912
 20
322.12215875328843
 10
337.9415324394092
 20
322.2199179952456
 10
337.9621018887716
 20
322.31787060575704
 10
337.9817693759224
 20
322.41600829526647
 10
338.00053323643687
 20
322.5143227585548
 10
338.0183918823627
 20
322.61280567544276
 10
338.03534380235425
 20
322.7114487114954
 10
338.05138756180054
 20
322.81024351872685
 10
338.06652180294657
 20
322.90918173630735
 10
338.0807452450082
 20
323.0082549912705
 10
338.09405668428076
 20
323.1074548992219
 10
338.1064549942407
 20
323.20677306504876
 10
338.11793912564093
 20
323.30620108363036
 10
338.12850810659967
 20
323.40573054054926
 10
338.13816104268284
 20
323.5053530128035
 10
338.14689711697946
 20
323.6050600695194
 10
338.15471559017107
 20
323.7048432726652
 10
338.16161580059406
 20
323.8046941777647
 10
338.16759716429584
 20
323.9046043346125
 10
338.1726591750842
 20
324.00456528798856
 10
338.1768014045701
 20
324.1045685783742
 10
338.18002350220394
 20
324.20460574266787
 10
338.18232519530534
 20
324.3046683149011
 10
338.1837062890861
 20
324.4047478269555
 10
338.18416666666667
 20
324.50483580927886
  0
LWPOLYLINE
  5
1D8
330
17
100
AcDbEntity
  8
01-VISIBLE
100
AcDbPolyline
 90
2
 70
0
 10
339.6945349310081
 20
326.1567360102601
 10
344.9509484555903
 20
325.6042646865187
  0
LWPOLYLINE
  5
1D9
330
17
100
AcDbEntity
  8
01-VISIBLE
100
AcDbPolyline
 90
2
 70
0
 10
347.48551133939094
 20
325.3378713928841
 10
380.657416853541
 20
321.8513636315141
  0
LWPOLYLINE
  5
1DA
330
17
100
AcDbEntity
  8
01-VISIBLE
100
AcDbPolyline
 90
2
 70
0
 10
338.9886806445517
 20
328.94579664006864
 10
346.95921563357825
 20
328.1080596553887
  0
LWPOLYLINE
  5
1DB
330
17
100
AcDbEntity
  8
01-VISIBLE
100
AcDbPolyline
 90
2
 70
0
 10
348.8835263406026
 20
327.90580645011335
 10
380.8813422984201
 20
324.5427004736951
  0
LWPOLYLINE
  5
1DC
330
17
100
AcDbEntity
  8
01-VISIBLE
100
AcDbPolyline
 90
2
 70
0
 10
313.8041666666667
 20
338.6798358092788
 10
313.4751194394728
 20
341.35971041871045
  0
LWPOLYLINE
  5
1DD
330
17
100
AcDbEntity
  8
01-VISIBLE
100
AcDbPolyline
 90
2
 70
0
 10
313.8041666666667
 20
338.6798358092788
 10
314.387024010711
 20
338.7514016923363
  0
LWPOLYLINE
  5
1DE
330
17
100
AcDbEntity
  8
01-VISIBLE
100
AcDbPolyline
 90
2
 70
0
 10
316.8845636092717
 20
339.05806099528326
 10
375.73246944055256
 20
346.28367527283245
  0
LWPOLYLINE
  5
1DF
330
17
100
AcDbEntity
  8
01-VISIBLE
100
AcDbPolyline
 90
2
 70
0
 10
313.4751194394728
 20
341.35971041871045
 10
374.1797199928826
 20
348.8132981424471
  0
LWPOLYLINE
  5
1E0
330
17
100
AcDbEntity
  8
01-VISIBLE
100
AcDbPolyline
 90
128
 70
0
 10
317.8541666666667
 20
337.3298358092788
 10
317.8516889095006
 20
337.4299795921224
 10
317.8442617014892
 20
337.52987830634805
 10
317.83190321825515
 20
337.629287483062
 10
317.8146437030779
 20
337.7279638513506
 10
317.79252539288314
 20
337.8256659336054
 10
317.76560241488244
 20
337.92215463645897
 10
317.73394065411446
 20
338.01719383588664
 10
317.6976175922134
 20
338.1105509550417
 10
317.6567221177985
 20
338.2019975334094
 10
317.6113543089484
 20
338.2913097858888
 10
317.56162518829393
 20
338.3782691504318
 10
317.50765645132634
 20
338.46266282290145
 10
317.44958016858874
 20
338.54428427783927
 10
317.3875384624768
 20
338.6229337738676
 10
317.3216831594418
 20
338.6984188424902
 10
317.2521754184459
 20
338.7705547590951
 10
317.17918533657866
 20
338.83916499500634
 10
317.1028915328015
 20
338.9040816494797
 10
317.02348071083696
 20
338.9651458605833
 10
316.9411472022734
 20
339.02220819396
 10
316.856092491003
 20
339.0751290085182
 10
316.7685247201569
 20
339.12377879815637
 10
316.67865818274436
 20
339.1680385086872
 10
316.5867127972414
 20
339.2077998291821
 10
316.4929135694138
 20
339.2429654570271
 10
316.3974900416901
 20
339.27344933603814
 10
316.300675731433
 20
339.299176867055
 10
316.20270755948286
 20
339.32008509049814
 10
316.10382527037325
 20
339.3361228404411
 10
316.00427084563546
 20
339.3472508698223
 10
315.90428791162924
 20
339.3534419464891
 10
315.80412114334837
 20
339.3546809198395
 10
315.70401566566
 20
339.3509647578981
 10
315.60421645344286
 20
339.3423025547359
 10
315.5049677320927
 20
339.32871550821545
 10
315.4065123798619
 20
339.31023686811653
 10
315.30909133349576
 20
339.2869118547679
 10
315.2129429986197
 20
339.25879754838576
 10
315.1183026663208
 20
339.2259627493891
 10
315.0254019373513
 20
339.1884878100332
 10
314.93446815536254
 20
339.14646443777445
 10
314.84572385055685
 20
339.09999547084664
 10
314.75938619511913
 20
339.04919462659865
 10
314.67566647176
 20
338.99418622320917
 10
314.5947695566715
 20
338.9351048754591
 10
314.5168934181609
 20
338.8720951653069
 10
314.442228632189
 20
338.8053112880718
 10
314.37095791599876
 20
338.7349166750924
 10
314.30325568097555
 20
338.66108359378285
 10
314.23928760583345
 20
338.58399272606556
 10
314.1792102311717
 20
338.5038327262119
 10
314.12317057639314
 20
338.42079975917414
 10
314.0713057799238
 20
338.3350970205366
 10
314.02374276361166
 20
338.246934239262
 10
313.98059792212786
 20
338.15652716444964
 10
313.94197683812934
 20
338.06409703736125
 10
313.9079740238804
 20
337.9698700500066
 10
313.8786726899655
 20
337.8740767916133
 10
313.85414454165874
 20
337.776951684337
 10
313.83444960344923
 20
337.6787324095906
 10
313.8196360721511
 20
337.57965932639803
 10
313.80974019895774
 20
337.4799748831959
 10
313.8047862007292
 20
337.3799230245208
 10
313.8047862007292
 20
337.2797485940368
 10
313.80974019895774
 20
337.1796967353617
 10
313.8196360721511
 20
337.08001229215955
 10
313.83444960344923
 20
336.98093920896696
 10
313.85414454165874
 20
336.8827199342206
 10
313.8786726899655
 20
336.7855948269443
 10
313.9079740238804
 20
336.689801568551
 10
313.94197683812934
 20
336.59557458119633
 10
313.98059792212786
 20
336.50314445410794
 10
314.02374276361166
 20
336.4127373792956
 10
314.0713057799238
 20
336.324574598021
 10
314.12317057639314
 20
336.23887185938344
 10
314.1792102311717
 20
336.1558388923457
 10
314.23928760583345
 20
336.075678892492
 10
314.30325568097555
 20
335.99858802477473
 10
314.37095791599876
 20
335.9247549434652
 10
314.442228632189
 20
335.8543603304858
 10
314.5168934181609
 20
335.78757645325067
 10
314.5947695566715
 20
335.7245667430985
 10
314.67566647176
 20
335.6654853953484
 10
314.75938619511913
 20
335.61047699195893
 10
314.84572385055685
 20
335.55967614771095
 10
314.93446815536254
 20
335.5132071807831
 10
315.0254019373513
 20
335.47118380852436
 10
315.1183026663208
 20
335.43370886916847
 10
315.2129429986197
 20
335.4008740701718
 10
315.30909133349576
 20
335.3727597637897
 10
315.4065123798619
 20
335.34943475044105
 10
315.5049677320927
 20
335.33095611034213
 10
315.60421645344286
 20
335.3173690638217
 10
315.70401566566
 20
335.30870686065947
 10
315.80412114334837
 20
335.3049906987181
 10
315.90428791162924
 20
335.30622967206847
 10
316.00427084563546
 20
335.3124207487353
 10
316.10382527037325
 20
335.3235487781165
 10
316.20270755948286
 20
335.33958652805944
 10
316.300675731433
 20
335.3604947515026
 10
316.3974900416901
 20
335.38622228251944
 10
316.4929135694138
 20
335.4167061615305
 10
316.5867127972414
 20
335.4518717893755
 10
316.67865818274436
 20
335.4916331098704
 10
316.7685247201569
 20
335.5358928204012
 10
316.856092491003
 20
335.58454261003936
 10
316.9411472022734
 20
335.63746342459757
 10
317.02348071083696
 20
335.6945257579743
 10
317.1028915328015
 20
335.7555899690779
 10
317.17918533657866
 20
335.82050662355124
 10
317.2521754184459
 20
335.8891168594625
 10
317.3216831594418
 20
335.9612527760674
 10
317.3875384624768
 20
336.03673784469
 10
317.44958016858874
 20
336.1153873407183
 10
317.50765645132634
 20
336.19700879565613
 10
317.56162518829393
 20
336.2814024681258
 10
317.6113543089484
 20
336.36836183266877
 10
317.6567221177985
 20
336.4576740851482
 10
317.6976175922134
 20
336.5491206635159
 10
317.73394065411446
 20
336.64247778267094
 10
317.76560241488244
 20
336.7375169820986
 10
317.79252539288314
 20
336.83400568495216
 10
317.8146437030779
 20
336.931707767207
 10
317.83190321825515
 20
337.0303841354956
 10
317.8442617014892
 20
337.12979331220953
 10
317.8516889095006
 20
337.2296920264352
 10
317.8541666666667
 20
337.3298358092788
  0
LWPOLYLINE
  5
1E1
330
17
100
AcDbEntity
  8
01-VISIBLE
100
AcDbPolyline
 90
22
 70
0
 10
324.6041666666667
 20
338.6798358092788
 10
324.86130952380955
 20
338.6798358092788
 10
325.1184523809524
 20
338.6798358092788
 10
325.37559523809523
 20
338.6798358092788
 10
325.6327380952381
 20
338.6798358092788
 10
325.88988095238096
 20
338.6798358092788
 10
326.14702380952383
 20
338.6798358092788
 10
326.4041666666667
 20
338.6798358092788
 10
326.66130952380956
 20
338.6798358092788
 10
326.9184523809524
 20
338.6798358092788
 10
327.17559523809524
 20
338.6798358092788
 10
327.4327380952381
 20
338.6798358092788
 10
327.689880952381
 20
338.6798358092788
 10
327.94702380952384
 20
338.6798358092788
 10
328.2041666666667
 20
338.6798358092788
 10
328.4613095238095
 20
338.6798358092788
 10
328.7184523809524
 20
338.6798358092788
 10
328.97559523809525
 20
338.6798358092788
 10
329.2327380952381
 20
338.6798358092788
 10
329.489880952381
 20
338.6798358092788
 10
329.74702380952385
 20
338.6798358092788
 10
330.00416666666666
 20
338.6798358092788
  0
LWPOLYLINE
  5
1E2
330
17
100
AcDbEntity
  8
01-VISIBLE
100
AcDbPolyline
 90
2
 70
0
 10
330.00416666666666
 20
336.7097528511927
 10
330.00416666666666
 20
338.6798358092788
  0
LWPOLYLINE
  5
1E3
330
17
100
AcDbEntity
  8
01-VISIBLE
100
AcDbPolyline
 90
13
 70
0
 10
342.1541666666667
 20
337.0598358092788
 10
342.1049671843656
 20
337.0587145841841
 10
342.0558698570537
 20
337.05535323694784
 10
342.0069766276116
 20
337.0497587468789
 10
341.9583890151426
 20
337.0419427300564
 10
341.9102079041844
 20
337.0319214152102
 10
341.86253333523837
 20
337.019715610025
 10
341.8154642970509
 20
337.00535065793605
 10
341.769098521079
 20
336.98885638550786
 10
341.7235322785663
 20
336.97026704050353
 10
341.678860180651
 20
336.9496212207752
 10
341.63517498192044
 20
336.9269617941215
 10
341.592567387821
 20
336.9023358092788
  0
LWPOLYLINE
  5
1E4
330
17
100
AcDbEntity
  8
01-VISIBLE
100
AcDbPolyline
 90
13
 70
0
 10
341.67422526399343
 20
335.0123358092788
 10
341.74981978047583
 20
334.9783850637961
 10
341.8277948906516
 20
334.95033036304704
 10
341.90769151578934
 20
334.9283368791794
 10
341.9890392642318
 20
334.9125340989057
 10
342.0713592008282
 20
334.9030150611496
 10
342.15416666666664
 20
334.8998358092787
 10
342.23697413250505
 20
334.9030150611496
 10
342.31929406910143
 20
334.9125340989057
 10
342.4006418175439
 20
334.9283368791794
 10
342.4805384426817
 20
334.95033036304704
 10
342.5585135528574
 20
334.9783850637961
 10
342.63410806933985
 20
335.0123358092787
  0
LWPOLYLINE
  5
1E5
330
17
100
AcDbEntity
  8
01-VISIBLE
100
AcDbPolyline
 90
13
 70
0
 10
342.7157659455124
 20
336.9023358092788
 10
342.67315835141295
 20
336.9269617941215
 10
342.62947315268235
 20
336.9496212207752
 10
342.584801054767
 20
336.97026704050353
 10
342.5392348122544
 20
336.98885638550786
 10
342.4928690362825
 20
337.00535065793605
 10
342.445799998095
 20
337.019715610025
 10
342.398125429149
 20
337.0319214152102
 10
342.3499443181908
 20
337.0419427300564
 10
342.3013567057218
 20
337.0497587468789
 10
342.2524634762797
 20
337.05535323694784
 10
342.2033661489678
 20
337.0587145841841
 10
342.1541666666667
 20
337.0598358092788
  0
LWPOLYLINE
  5
1E6
330
17
100
AcDbEntity
  8
01-VISIBLE
100
AcDbPolyline
 90
13
 70
0
 10
342.1541666666667
 20
336.9248358092787
 10
342.1073170104147
 20
336.9246794763207
 10
342.06046944081385
 20
336.92421048440946
 10
342.0136260444222
 20
336.9234288544338
 10
341.9667889076121
 20
336.92233462120674
 10
341.91996011647706
 20
336.9209278334649
 10
341.8731417567388
 20
336.9192085538654
 10
341.8263359136545
 20
336.91717685898385
 10
341.7795446719239
 20
336.9148328393106
 10
341.7327701155963
 20
336.9121765992465
 10
341.6860143279779
 20
336.9092082570988
 10
341.63927939153893
 20
336.90592794507523
 10
341.592567387821
 20
336.9023358092788
  0
LWPOLYLINE
  5
1E7
330
17
100
AcDbEntity
  8
01-VISIBLE
100
AcDbPolyline
 90
13
 70
0
 10
342.7157659455123
 20
336.9023358092788
 10
342.6690539417944
 20
336.90592794507523
 10
342.6223190053555
 20
336.9092082570988
 10
342.5755632177371
 20
336.9121765992465
 10
342.5287886614095
 20
336.9148328393106
 10
342.48199741967886
 20
336.91717685898385
 10
342.4351915765946
 20
336.9192085538654
 10
342.38837321685634
 20
336.9209278334649
 10
342.3415444257213
 20
336.92233462120674
 10
342.2947072889112
 20
336.9234288544338
 10
342.24786389251955
 20
336.92421048440946
 10
342.2010163229187
 20
336.9246794763207
 10
342.1541666666667
 20
336.9248358092787
  0
LWPOLYLINE
  5
1E8
330
17
100
AcDbEntity
  8
01-VISIBLE
100
AcDbPolyline
 90
13
 70
0
 10
342.1541666666667
 20
335.0348358092787
 10
342.11411338155716
 20
335.03467944572145
 10
342.07406253811394
 20
335.0342103645816
 10
342.0340165778545
 20
335.0334285944546
 10
341.99397794199876
 20
335.03233418299754
 10
341.9539490713199
 20
335.03092719692614
 10
341.913932405996
 20
335.0292077220111
 10
341.873930385461
 20
335.02717586307216
 10
341.8339454482562
 20
335.02483174397236
 10
341.7939800318813
 20
335.0221755076105
 10
341.75403657264616
 20
335.01920731591173
 10
341.7141175055221
 20
335.01592734981836
 10
341.67422526399343
 20
335.0123358092787
  0
LWPOLYLINE
  5
1E9
330
17
100
AcDbEntity
  8
01-VISIBLE
100
AcDbPolyline
 90
240
 70
0
 10
339.7469742503949
 20
323.31045754661864
 10
339.8413452311497
 20
323.2767699520762
 10
339.9361874424451
 20
323.2444328063876
 10
340.03148156046035
 20
323.21345269815066
 10
340.1272081693003
 20
323.1838359394711
 10
340.2233477649509
 20
323.155588564676
 10
340.31988075925335
 20
323.1287163290847
 10
340.41678748389506
 20
323.1032247078358
 10
340.5140481944169
 20
323.07911889477185
 10
340.6116430742361
 20
323.05640380138124
 10
340.7095522386841
 20
323.03508405579703
 10
340.8077557390576
 20
323.0151640018546
 10
340.9062335666833
 20
322.99664769820606
 10
341.0049656569945
 20
322.97953891749364
 10
341.1039318936192
 20
322.9638411455809
 10
341.2031121124788
 20
322.9495575808425
 10
341.30248610589655
 20
322.93669113351274
 10
341.4020336267145
 20
322.9252444250921
 10
341.5017343924193
 20
322.9152197878137
 10
341.6015680892741
 20
322.90661926416783
 10
341.7015143764579
 20
322.89944460648576
 10
341.8015528902097
 20
322.8936972765829
 10
341.9016632479776
 20
322.8893784454606
 10
342.0018250525717
 20
322.88648899306804
 10
342.10201789632
 20
322.8850295081226
 10
342.2022213652263
 20
322.88500028799007
 10
342.30241504312966
 20
322.8864013386239
 10
342.4025785158639
 20
322.8892323745642
 10
342.50269137541716
 20
322.89349281899575
 10
342.6027332240897
 20
322.89918180386553
 10
342.7026836786503
 20
322.90629817005976
 10
342.80252237448883
 20
322.91484046763975
 10
342.9022289697657
 20
322.9248069561376
 10
343.0017831495564
 20
322.9361956049107
 10
343.1011646299907
 20
322.9490040935556
 10
343.20035316238534
 20
322.9632298123803
 10
343.29932853736955
 20
322.9788698629368
 10
343.3980705890029
 20
322.9959210586108
 10
343.4965591988838
 20
323.01437992527167
 10
343.5947743002488
 20
323.0342427019797
 10
343.6926958820607
 20
323.0555053417528
 10
343.79030399308647
 20
323.07816351239086
 10
343.8875787459615
 20
323.1022125973586
 10
343.984500321242
 20
323.1276476967258
 10
344.0810489714432
 20
323.1544636281661
 10
344.1772050250625
 20
323.18265492801265
 10
344.2729488905879
 20
323.2122158523713
 10
344.3682610604893
 20
323.24314037829095
 10
344.4631221151936
 20
323.2754222049908
 10
344.5575127270407
 20
323.30905475514385
 10
344.6514136642223
 20
323.34403117621736
 10
344.74480579469935
 20
323.3803443418687
 10
344.8376700901012
 20
323.4179868533976
 10
344.92998762960156
 20
323.45695104125355
 10
345.02173960377445
 20
323.49722896659813
 10
345.1129073184258
 20
323.538812422923
 10
345.20347219840295
 20
323.5816929377217
 10
345.29341579137895
 20
323.6258617742159
 10
345.3827197716122
 20
323.67130993313555
 10
345.47136594368027
 20
323.71802815455237
 10
345.55933624618734
 20
323.7660069197667
 10
345.6466127554439
 20
323.81523645324677
 10
345.73317768911886
 20
323.8657067246204
 10
345.81901340986246
 20
323.9174074507188
 10
345.90410242890005
 20
323.97032809767165
 10
345.98842740959503
 20
324.02445788305334
 10
346.0719711709816
 20
324.07978577807984
 10
346.1547166912649
 20
324.1363005098559
 10
346.2366471112895
 20
324.1939905636717
 10
346.3177457379742
 20
324.2528441853491
 10
346.39799604771304
 20
324.3128493836364
 10
346.47738168974234
 20
324.37399393265156
 10
346.55588648947196
 20
324.4362653743732
 10
346.6334944517807
 20
324.49965102117886
 10
346.7101897642751
 20
324.5641379584302
 10
346.7859568005119
 20
324.62971304710396
 10
346.8607801231809
 20
324.69636292646953
 10
346.93464448725115
 20
324.76407401681064
 10
347.00753484307637
 20
324.8328325221925
 10
347.0794363394618
 20
324.90262443327265
 10
347.15033432668974
 20
324.97343553015514
 10
347.22021435950455
 20
325.0452513852881
 10
347.28906220005587
 20
325.118057366403
 10
347.3568638207994
 20
325.19183863949604
 10
347.423605407355
 20
325.26658017185065
 10
347.48927336132147
 20
325.3422667351003
 10
347.55385430304705
 20
325.418882908331
 10
347.6173350743554
 20
325.4964130812237
 10
347.67970274122683
 20
325.5748414572345
 10
347.7409445964333
 20
325.65415205681336
 10
347.8010481621275
 20
325.7343287206596
 10
347.8600011923854
 20
325.81535511301473
 10
347.9177916757012
 20
325.8972147249904
 10
347.97440783743434
 20
325.9798908779324
 10
348.0298381422091
 20
326.0633667268185
 10
348.08407129626437
 20
326.147625263691
 10
348.13709624975525
 20
326.23264932112164
 10
348.1889021990039
 20
326.31842157570975
 10
348.23947858870116
 20
326.40492455161154
 10
348.2888151140568
 20
326.4921406241012
 10
348.3369017228995
 20
326.58005202316116
 10
348.38372861772456
 20
326.66864083710357
 10
348.4292862576905
 20
326.75788901621894
 10
348.4735653605626
 20
326.8477783764543
 10
348.51655690460433
 20
326.9382906031178
 10
348.5582521304155
 20
327.0294072546105
 10
348.5986425427169
 20
327.1211097661835
 10
348.63771991208137
 20
327.21337945372085
 10
348.6754762766101
 20
327.30619751754597
 10
348.71190394355534
 20
327.39954504625246
 10
348.7469954908875
 20
327.4934030205568
 10
348.7807437688073
 20
327.5877523171738
 10
348.81314190120287
 20
327.6825737127128
 10
348.84418328705027
 20
327.7778478875943
 10
348.8738616017588
 20
327.8735554299864
 10
348.90217079845934
 20
327.9696768397599
 10
348.9291051092368
 20
328.0661925324613
 10
348.9546590463047
 20
328.163082843303
 10
348.9788274031239
 20
328.2603280311703
 10
349.001605255463
 20
328.3579082826431
 10
349.0229879624018
 20
328.45580371603324
 10
349.04297116727696
 20
328.55399438543515
 10
349.0615507985694
 20
328.6524602847898
 10
349.07872307073404
 20
328.75118135196084
 10
349.09448448497125
 20
328.85013747282215
 10
349.1088318299393
 20
328.9493084853563
 10
349.12176218240904
 20
329.0486741837621
 10
349.1332729078593
 20
329.1482143225721
 10
349.1433616610138
 20
329.2479086207764
 10
349.15202638631877
 20
329.3477367659563
 10
349.1592653183621
 20
329.44767841842196
 10
349.16507698223273
 20
329.5477132153565
 10
349.16946019382124
 20
329.6478207749654
 10
349.1724140600613
 20
329.74798070062883
 10
349.1739379791113
 20
329.84817258505774
 10
349.1740316404773
 20
329.9483760144513
 10
349.17269502507605
 20
330.0485705726565
 10
349.169928405239
 20
330.1487358453281
 10
349.1657323446567
 20
330.24885142408715
 10
349.16010769826426
 20
330.34889691068014
 10
349.1530556120666
 20
330.4488519211346
 10
349.1445775229056
 20
330.54869608991197
 10
349.13467515816683
 20
330.64840907405784
 10
349.1233505354279
 20
330.7479705573458
 10
349.1106059620473
 20
330.84736025441754
 10
349.0964440346942
 20
330.9465579149158
 10
349.0808676388195
 20
331.04554332761
 10
349.06387994806784
 20
331.1442963245144
 10
349.04548442363114
 20
331.24279678499744
 10
349.0256848135432
 20
331.34102463988114
 10
349.00448515191607
 20
331.43895987552986
 10
348.98188975811826
 20
331.5365825379285
 10
348.95790323589455
 20
331.6338727367477
 10
348.9325304724281
 20
331.7308106493968
 10
348.90577663734445
 20
331.8273765250621
 10
348.87764718165863
 20
331.9235506887314
 10
348.84814783666417
 20
332.0193135452029
 10
348.81728461276555
 20
332.1146455830772
 10
348.78506379825353
 20
332.20952737873296
 10
348.75149195802396
 20
332.3039396002844
 10
348.7165759322402
 20
332.3978630115201
 10
348.6803228349394
 20
332.4912784758222
 10
348.6427400525831
 20
332.5841669600656
 10
348.6038352425524
 20
332.67650953849585
 10
348.5636163315874
 20
332.7682873965852
 10
348.5220915141725
 20
332.8594818348659
 10
348.47926925086665
 20
332.95007427274044
 10
348.4351582665797
 20
333.0400462522669
 10
348.3897675487944
 20
333.1293794419201
 10
348.3431063457355
 20
333.2180556403263
 10
348.29518416448553
 20
333.3060567799719
 10
348.2460107690473
 20
333.3933649308844
 10
348.19559617835506
 20
333.4799623042857
 10
348.1439506642328
 20
333.56583125621677
 10
348.0910847493017
 20
333.6509542911319
 10
348.03700920483567
 20
333.73531406546414
 10
347.9817350485675
 20
333.8188933911585
 10
347.9252735424432
 20
333.9016752391739
 10
347.8676361903281
 20
333.98364274295335
 10
347.80883473566246
 20
334.06477920185984
 10
347.7488811590692
 20
334.14506808457946
 10
347.68778767591243
 20
334.2244930324891
 10
347.6255667338092
 20
334.30303786299027
 10
347.56223101009266
 20
334.3806865728056
 10
347.49779340922964
 20
334.4574233412397
 10
347.43226706019107
 20
334.5332325334023
 10
347.36566531377713
 20
334.60809870339443
 10
347.29800173989713
 20
334.682006597455
 10
347.22929012480444
 20
334.7549411570686
 10
347.15954446828783
 20
334.82688752203416
 10
347.088778980819
 20
334.89783103349197
 10
347.0170080806571
 20
334.96775723691115
 10
346.94424639091113
 20
335.03665188503425
 10
346.8705087365607
 20
335.1045009407798
 10
346.7958101414351
 20
335.1712905801032
 10
346.7201658251527
 20
335.2370071948125
 10
346.6435912000196
 20
335.3016373953414
 10
346.56610186788976
 20
335.36516801347733
 10
346.4877136169857
 20
335.42758610504455
 10
346.4084424186822
 20
335.4888789525408
 10
346.328304424252
 20
335.5490340677297
 10
346.2473159615748
 20
335.60803919418385
 10
346.16549353181097
 20
335.66588230978294
 10
346.0828538060389
 20
335.722551629163
 10
345.9994136218588
 20
335.7780356061174
 10
345.915189979962
 20
335.83232293594966
 10
345.83020004066685
 20
335.88540255777644
 10
345.7444611204226
 20
335.9372636567817
 10
345.6579906882812
 20
335.98789566641943
 10
345.5708063623379
 20
336.0372882705672
 10
345.4829259061419
 20
336.08543140562773
 10
345.39436722507656
 20
336.1323152625793
 10
345.30514836271186
 20
336.17793028897444
 10
345.21528749712763
 20
336.22226719088616
 10
345.12480293720995
 20
336.26531693480155
 10
345.0337131189209
 20
336.3070707494625
 10
344.942036601542
 20
336.34752012765244
 10
344.849792063893
 20
336.3866568279299
 10
344.7569983005263
 20
336.4244728763078
 10
344.66367421789715
 20
336.46096056787786
 10
344.569838830512
 20
336.4961124683808
 10
344.47551125705405
 20
336.52992141572025
 10
344.3807107164879
 20
336.56238052142345
 10
344.2854565241439
 20
336.59348317204314
 10
344.18976808778257
 20
336.62322303050604
 10
344.09366490364033
 20
336.651594037404
 10
343.9971665524573
 20
336.67859041222795
 10
343.9002926954877
 20
336.7042066545462
 10
343.80306307049386
 20
336.72843754512513
 10
343.705497487725
 20
336.7512781469921
 10
343.60761582588054
 20
336.7727238064421
 10
343.5094380280602
 20
336.79277015398515
 10
343.41098409770035
 20
336.81141310523725
 10
343.31227409449883
 20
336.828648861752
 10
343.2133281303274
 20
336.844473911795
 10
343.11416636513417
 20
336.85888503105895
 10
343.0148090028361
 20
336.8718792833209
 10
342.91527628720246
 20
336.8834540210401
 10
342.81558849773023
 20
336.8936068858981
 10
342.7157659455123
 20
336.9023358092788
  0
LWPOLYLINE
  5
1EA
330
17
100
AcDbEntity
  8
01-VISIBLE
100
AcDbPolyline
 90
68
 70
0
 10
341.592567387821
 20
336.9023358092788
 10
341.4915872090633
 20
336.89349723063566
 10
341.3907451801873
 20
336.8832014943071
 10
341.2900623270703
 20
336.87145074698634
 10
341.1895596424009
 20
336.85824743874076
 10
341.0892580813022
 20
336.84359432250113
 10
340.9891785569621
 20
336.8274944534881
 10
340.8893419362734
 20
336.8099511885744
 10
340.7897690354826
 20
336.7909681855854
 10
340.6904806158498
 20
336.77054940253646
 10
340.59149737931995
 20
336.74869909680746
 10
340.4928399642063
 20
336.7254218242552
 10
340.3945289408874
 20
336.70072243826354
 10
340.29658480751795
 20
336.6746060887314
 10
340.199027985755
 20
336.6470782209993
 10
340.10187881649983
 20
336.6181445747131
 10
340.0051575556571
 20
336.5878111826284
 10
339.90888436991105
 20
336.55608436935194
 10
339.8130793325209
 20
336.52297075002315
 10
339.71776241913557
 20
336.48847722893487
 10
339.6229535036285
 20
336.4526109980938
 10
339.528672353954
 20
336.4153795357208
 10
339.43493862802563
 20
336.3767906046916
 10
339.3417718696174
 20
336.336852250919
 10
339.2491915042887
 20
336.2955728016738
 10
339.1572168353343
 20
336.2529608638501
 10
339.06586703975915
 20
336.20902532216957
 10
338.97516116428045
 20
336.1637753373296
 10
338.8851181213558
 20
336.11722034409314
 10
338.79575668524035
 20
336.0693700493212
 10
338.70709548807196
 20
336.0202344299494
 10
338.61915301598657
 20
335.96982373090765
 10
338.5319476052636
 20
335.91814846298365
 10
338.445497438503
 20
335.8652194006318
 10
338.35982054083394
 20
335.8110475797267
 10
338.2749347761566
 20
335.7556442952617
 10
338.1908578434174
 20
335.69902109899414
 10
338.1076072729189
 20
335.64118979703716
 10
338.0252004226644
 20
335.58216244739725
 10
337.94365447473905
 20
335.52195135746075
 10
337.8629864317271
 20
335.46056908142776
 10
337.7832131131669
 20
335.398028417694
 10
337.70435115204396
 20
335.33434240618266
 10
337.62641699132297
 20
335.2695243256257
 10
337.54942688051926
 20
335.2035876907949
 10
337.4733968723109
 20
335.13654624968405
 10
337.3983428191915
 20
335.0684139806427
 10
337.32428037016507
 20
334.9992050894611
 10
337.25122496748304
 20
334.92893400640884
 10
337.17919184342446
 20
334.85761538322566
 10
337.1081960171203
 20
334.78526409006685
 10
337.0382522914215
 20
334.71189521240234
 10
336.9693752498128
 20
334.63752404787186
 10
336.9015792533721
 20
334.5621661030951
 10
336.8348784377759
 20
334.4858370904381
 10
336.76928671035216
 20
334.4085529247381
 10
336.7048177471804
 20
334.3303297199845
 10
336.6414849902404
 20
334.2511837859591
 10
336.57930164460925
 20
334.17113162483594
 10
336.5182806757084
 20
334.0901899277399
 10
336.4584348066
 20
334.0083755712673
 10
336.3997765153342
 20
333.9257056139663
 10
336.34231803234763
 20
333.84219729278055
 10
336.286071337913
 20
333.7578680194553
 10
336.2310481596413
 20
333.67273537690704
 10
336.17725997003686
 20
333.5868171155568
 10
336.1247179841046
 20
333.5001311496299
 10
336.0734331570126
 20
333.4126955534204
  0
LWPOLYLINE
  5
1EB
330
17
100
AcDbEntity
  8
01-VISIBLE
100
AcDbPolyline
 90
13
 70
0
 10
342.63410806933985
 20
335.0123358092787
 10
342.59421582781124
 20
335.01592734981836
 10
342.5542967606872
 20
335.01920731591173
 10
342.51435330145205
 20
335.0221755076105
 10
342.47438788507714
 20
335.02483174397236
 10
342.4344029478723
 20
335.02717586307216
 10
342.39440092733736
 20
335.0292077220111
 10
342.35438426201347
 20
335.03092719692614
 10
342.31435539133463
 20
335.03233418299754
 10
342.2743167554788
 20
335.0334285944546
 10
342.23427079521946
 20
335.0342103645816
 10
342.19421995177623
 20
335.03467944572145
 10
342.1541666666667
 20
335.0348358092787
  0
LWPOLYLINE
  5
1EC
330
17
100
AcDbEntity
  8
01-VISIBLE
100
AcDbPolyline
 90
2
 70
0
 10
308.4041666666667
 20
313.1048358092788
 10
302.6996558708204
 20
313.1048358092788
  0
LWPOLYLINE
  5
1ED
330
17
100
AcDbEntity
  8
01-VISIBLE
100
AcDbPolyline
 90
49
 70
0
 10
308.4041666666667
 20
313.1048358092788
 10
308.4041666666667
 20
313.3548358092788
 10
308.4041666666667
 20
313.6048358092788
 10
308.4041666666667
 20
313.8548358092788
 10
308.4041666666667
 20
314.1048358092788
 10
308.4041666666667
 20
314.3548358092788
 10
308.4041666666667
 20
314.6048358092788
 10
308.4041666666667
 20
314.8548358092788
 10
308.4041666666667
 20
315.1048358092788
 10
308.4041666666667
 20
315.3548358092788
 10
308.4041666666667
 20
315.6048358092788
 10
308.4041666666667
 20
315.8548358092788
 10
308.4041666666667
 20
316.1048358092788
 10
308.4041666666667
 20
316.3548358092788
 10
308.4041666666667
 20
316.6048358092788
 10
308.4041666666667
 20
316.8548358092788
 10
308.4041666666667
 20
317.1048358092788
 10
308.4041666666667
 20
317.3548358092788
 10
308.4041666666667
 20
317.6048358092788
 10
308.4041666666667
 20
317.8548358092788
 10
308.4041666666667
 20
318.1048358092788
 10
308.4041666666667
 20
318.3548358092788
 10
308.4041666666667
 20
318.6048358092788
 10
308.4041666666667
 20
318.8548358092788
 10
308.4041666666667
 20
319.1048358092788
 10
308.4041666666667
 20
319.3548358092788
 10
308.4041666666667
 20
319.6048358092788
 10
308.4041666666667
 20
319.8548358092788
 10
308.4041666666667
 20
320.1048358092788
 10
308.4041666666667
 20
320.3548358092788
 10
308.4041666666667
 20
320.6048358092788
 10
308.4041666666667
 20
320.8548358092788
 10
308.4041666666667
 20
321.1048358092788
 10
308.4041666666667
 20
321.3548358092788
 10
308.4041666666667
 20
321.6048358092788
 10
308.4041666666667
 20
321.8548358092788
 10
308.4041666666667
 20
322.1048358092788
 10
308.4041666666667
 20
322.3548358092788
 10
308.4041666666667
 20
322.6048358092788
 10
308.4041666666667
 20
322.8548358092788
 10
308.4041666666667
 20
323.1048358092788
 10
308.4041666666667
 20
323.3548358092788
 10
308.4041666666667
 20
323.6048358092788
 10
308.4041666666667
 20
323.8548358092788
 10
308.4041666666667
 20
324.1048358092788
 10
308.4041666666667
 20
324.3548358092788
 10
308.4041666666667
 20
324.6048358092788
 10
308.4041666666667
 20
324.8548358092788
 10
308.4041666666667
 20
325.1048358092788
  0
LWPOLYLINE
  5
1EE
330
17
100
AcDbEntity
  8
01-VISIBLE
100
AcDbPolyline
 90
2
 70
0
 10
314.82240497209807
 20
323.82983580927885
 10
308.4041666666667
 20
323.82983580927885
  0
LWPOLYLINE
  5
1EF
330
17
100
AcDbEntity
  8
01-VISIBLE
100
AcDbPolyline
 90
2
 70
0
 10
324.6041666666667
 20
336.7097528511927
 10
324.6041666666667
 20
338.6798358092788
  0
LWPOLYLINE
  5
1F0
330
17
100
AcDbEntity
  8
01-VISIBLE
100
AcDbPolyline
 90
75
 70
0
 10
342.1541666666667
 20
335.0348358092787
 10
342.40528860843136
 20
335.0286857063075
 10
342.6558084349603
 20
335.0102501447621
 10
342.90512547458326
 20
334.9795733267841
 10
343.15264193952936
 20
334.9367288056473
 10
343.39776435966013
 20
334.881819311366
 10
343.639905004716
 20
334.81497650007117
 10
343.87848329375896
 20
334.736360640285
 10
344.1129271887678
 20
334.64616023277136
 10
344.34267456149104
 20
334.54459154614716
 10
344.567174542622
 20
334.43189810404937
 10
344.7858888553575
 20
334.3083501262303
 10
344.9982930858451
 20
334.1742438389877
 10
345.20387795147826
 20
334.0299007877731
 10
345.4021505229097
 20
333.87566706631725
 10
345.59263540207127
 20
333.7119124809673
 10
345.7748758622101
 20
333.53902966487414
 10
345.94843494825466
 20
333.3574331421076
 10
346.112896523145
 20
333.1675583312062
 10
346.2678662292934
 20
332.969860472178
 10
346.41297250352665
 20
332.7648135930794
 10
346.5478674494497
 20
332.5529093529245
 10
346.67222761659514
 20
332.33465582551224
 10
346.7857548209496
 20
332.11057631445334
 10
346.88817686388944
 20
331.881208098386
 10
346.97924817261145
 20
331.6471011353322
 10
347.05875038143273
 20
331.40881674180486
 10
347.1264928616103
 20
331.1669262505081
 10
347.18231319239396
 20
330.92200964408556
 10
347.2260775494538
 20
330.6746541620258
 10
347.2576809724659
 20
330.42545288404784
 10
347.2770476619609
 20
330.1750033187455
 10
347.2841312284366
 20
329.9239059740299
 10
347.2789146812348
 20
329.6727629051473
 10
347.2614105209697
 20
329.4221762778447
 10
347.2316607193515
 20
329.1727469236759
 10
347.18973660937974
 20
328.9250728991621
 10
347.1357387093621
 20
328.67974805288696
 10
347.06979648795505
 20
328.43736060097257
 10
346.99206806129706
 20
328.1984917140908
 10
346.9027397990343
 20
327.9637141279547
 10
346.8020258612853
 20
327.73359077810363
 10
346.69016775201123
 20
327.5086734225846
 10
346.5674336722382
 20
327.28950134618316
 10
346.43411789900233
 20
327.0766000591511
 10
346.2905400861267
 20
326.8704800332617
 10
346.13704449407413
 20
326.67163547926197
 10
345.97399916606963
 20
326.4805431599996
 10
345.8017950522103
 20
326.29766123988605
 10
345.620845071461
 20
326.12342818306814
 10
345.4315829027824
 20
325.95826195142786
 10
345.2344623962355
 20
325.8025585170607
 10
345.0299563344529
 20
325.6566910280911
 10
344.81855502931046
 20
325.5210092620284
 10
344.6007653111594
 20
325.3958386105246
 10
344.37710936181315
 20
325.2814792223822
 10
344.14812345476685
 20
325.1782052770128
 10
343.91435664654824
 20
325.086264356477
 10
343.67636944474725
 20
325.00587688681526
 10
343.4347324630957
 20
324.9372356271362
 10
343.1900250630805
 20
324.88050519681764
 10
342.9428339758489
 20
324.83582164589035
 10
342.69375189817094
 20
324.8032920897213
 10
342.4433760621656
 20
324.7829944449255
 10
342.1923067902374
 20
324.7749773174884
 10
341.9411460637383
 20
324.77926010502574
 10
341.6904961090277
 20
324.79583278135794
 10
341.4409578992595
 20
324.82465526284824
 10
341.1931297460951
 20
324.8656584334553
 10
340.9476058691086
 20
324.9187440177842
 10
340.7049749634338
 20
324.98378475143005
 10
340.4658187842373
 20
325.0606246849694
 10
340.23071075441453
 20
325.1490795759943
 10
340.0002145940191
 20
325.2489373421106
 10
339.77488296821207
 20
325.35995856442605
  0
LWPOLYLINE
  5
1F1
330
17
100
AcDbEntity
  8
01-VISIBLE
100
AcDbPolyline
 90
25
 70
0
 10
337.4112908334611
 20
331.85983690220866
 10
337.5130880283434
 20
332.09053692645006
 10
337.6260987026841
 20
332.3159559974766
 10
337.7500497901823
 20
332.53554948110065
 10
337.88464179658865
 20
332.74878681827073
 10
338.0295495362448
 20
332.95515279682314
 10
338.1844229098412
 20
333.1541487973478
 10
338.3488877289525
 20
333.3452940127266
 10
338.52254660392884
 20
333.5281266283253
 10
338.70497991777825
 20
333.70220493331414
 10
338.8957469088344
 20
333.8671083145089
 10
339.0943867972987
 20
334.02243817123207
 10
339.30041954996244
 20
334.16781930844326
 10
339.51334729782815
 20
334.3029005596101
 10
339.732655601658
 20
334.4273555233198
 10
339.95781460373826
 20
334.54088346638827
 10
340.18828029089906
 20
334.64321008629116
 10
340.4234958200539
 20
334.73408816385887
 10
340.66289287598954
 20
334.8132981364061
 10
340.9058930473977
 20
334.8806486137484
 10
341.1519092188712
 20
334.9359768473518
 10
341.4003469828398
 20
334.9791491475682
 10
341.65060607556205
 20
335.01006122711755
 10
341.9020818350863
 20
335.0286384323787
 10
342.1541666666667
 20
335.0348358092787
  0
LWPOLYLINE
  5
1F2
330
17
100
AcDbEntity
  8
01-VISIBLE
100
AcDbPolyline
 90
2
 70
0
 10
308.4041666666667
 20
325.1048358092788
 10
300.43128636448944
 20
325.1048358092788
  0
CIRCLE
  5
1F3
330
17
100
AcDbEntity
  8
08-FINA
100
AcDbCircle
 10
293.4041666666667
 20
345.7375
 30
0.0
 40
4.0
  0
TEXT
  5
1F4
330
17
100
AcDbEntity
  8
06-TEXTO
100
AcDbText
 10
293.4041666666667
 20
345.7375
 30
0.0
 40
3.5
  1
17
  7
ISO3098
 72
1
 11
293.4041666666667
 21
345.7375
 31
0.0
100
AcDbText
 73
2
  0
LINE
  5
1F5
330
17
100
AcDbEntity
  8
08-FINA
100
AcDbLine
 10
297.2888755891665
 20
344.78406589768855
 30
0.0
 11
327.3041666666667
 21
337.41733580927877
 31
0.0
  0
HATCH
  5
1F6
330
17
100
AcDbEntity
  8
08-FINA
 62
7
100
AcDbHatch
 10
0.0
 20
0.0
 30
0.0
210
0.0
220
0.0
230
1.0
  2
SOLID
 70
1
 71
0
 91
1
 92
1
 93
1
 72
2
 10
327.3041666666667
 20
337.41733580927877
 40
0.6
 50
0
 51
360
 73
1
 97
0
 75
1
 76
1
 98
0
  0
CIRCLE
  5
1F7
330
17
100
AcDbEntity
  8
08-FINA
100
AcDbCircle
 10
293.4041666666667
 20
337.2375
 30
0.0
 40
4.0
  0
TEXT
  5
1F8
330
17
100
AcDbEntity
  8
06-TEXTO
100
AcDbText
 10
293.4041666666667
 20
337.2375
 30
0.0
 40
3.5
  1
16
  7
ISO3098
 72
1
 11
293.4041666666667
 21
337.2375
 31
0.0
100
AcDbText
 73
2
  0
LINE
  5
1F9
330
17
100
AcDbEntity
  8
08-FINA
100
AcDbLine
 10
297.4041327588451
 20
337.2539700158845
 30
0.0
 11
315.8291666666667
 21
337.3298358092788
 31
0.0
  0
HATCH
  5
1FA
330
17
100
AcDbEntity
  8
08-FINA
 62
7
100
AcDbHatch
 10
0.0
 20
0.0
 30
0.0
210
0.0
220
0.0
230
1.0
  2
SOLID
 70
1
 71
0
 91
1
 92
1
 93
1
 72
2
 10
315.8291666666667
 20
337.3298358092788
 40
0.6
 50
0
 51
360
 73
1
 97
0
 75
1
 76
1
 98
0
  0
CIRCLE
  5
1FB
330
17
100
AcDbEntity
  8
08-FINA
100
AcDbCircle
 10
293.4041666666667
 20
328.7375
 30
0.0
 40
4.0
  0
TEXT
  5
1FC
330
17
100
AcDbEntity
  8
06-TEXTO
100
AcDbText
 10
293.4041666666667
 20
328.7375
 30
0.0
 40
3.5
  1
13
  7
ISO3098
 72
1
 11
293.4041666666667
 21
328.7375
 31
0.0
100
AcDbText
 73
2
  0
LINE
  5
1FD
330
17
100
AcDbEntity
  8
08-FINA
100
AcDbLine
 10
297.39440546102617
 20
328.45822528938584
 30
0.0
 11
325.3041666666667
 21
326.50483580927886
 31
0.0
  0
HATCH
  5
1FE
330
17
100
AcDbEntity
  8
08-FINA
 62
7
100
AcDbHatch
 10
0.0
 20
0.0
 30
0.0
210
0.0
220
0.0
230
1.0
  2
SOLID
 70
1
 71
0
 91
1
 92
1
 93
1
 72
2
 10
325.3041666666667
 20
326.50483580927886
 40
0.6
 50
0
 51
360
 73
1
 97
0
 75
1
 76
1
 98
0
  0
CIRCLE
  5
1FF
330
17
100
AcDbEntity
  8
08-FINA
100
AcDbCircle
 10
293.4041666666667
 20
320.2375
 30
0.0
 40
4.0
  0
TEXT
  5
200
330
17
100
AcDbEntity
  8
06-TEXTO
100
AcDbText
 10
293.4041666666667
 20
320.2375
 30
0.0
 40
3.5
  1
18
  7
ISO3098
 72
1
 11
293.4041666666667
 21
320.2375
 31
0.0
100
AcDbText
 73
2
  0
LINE
  5
201
330
17
100
AcDbEntity
  8
08-FINA
100
AcDbLine
 10
297.39158355381335
 20
320.5545277087224
 30
0.0
 11
336.1341666166667
 21
323.63483575927876
 31
0.0
  0
HATCH
  5
202
330
17
100
AcDbEntity
  8
08-FINA
 62
7
100
AcDbHatch
 10
0.0
 20
0.0
 30
0.0
210
0.0
220
0.0
230
1.0
  2
SOLID
 70
1
 71
0
 91
1
 92
1
 93
1
 72
2
 10
336.1341666166667
 20
323.63483575927876
 40
0.6
 50
0
 51
360
 73
1
 97
0
 75
1
 76
1
 98
0
  0
CIRCLE
  5
203
330
17
100
AcDbEntity
  8
08-FINA
100
AcDbCircle
 10
293.4041666666667
 20
311.7375
 30
0.0
 40
4.0
  0
TEXT
  5
204
330
17
100
AcDbEntity
  8
06-TEXTO
100
AcDbText
 10
293.4041666666667
 20
311.7375
 30
0.0
 40
3.5
  1
12
  7
ISO3098
 72
1
 11
293.4041666666667
 21
311.7375
 31
0.0
100
AcDbText
 73
2
  0
LINE
  5
205
330
17
100
AcDbEntity
  8
08-FINA
100
AcDbLine
 10
297.13328535576983
 20
313.18445328279176
 30
0.0
 11
322.8291666666667
 21
323.15483580927884
 31
0.0
  0
HATCH
  5
206
330
17
100
AcDbEntity
  8
08-FINA
 62
7
100
AcDbHatch
 10
0.0
 20
0.0
 30
0.0
210
0.0
220
0.0
230
1.0
  2
SOLID
 70
1
 71
0
 91
1
 92
1
 93
1
 72
2
 10
322.8291666666667
 20
323.15483580927884
 40
0.6
 50
0
 51
360
 73
1
 97
0
 75
1
 76
1
 98
0
  0
CIRCLE
  5
207
330
17
100
AcDbEntity
  8
08-FINA
100
AcDbCircle
 10
293.4041666666667
 20
303.2375
 30
0.0
 40
4.0
  0
TEXT
  5
208
330
17
100
AcDbEntity
  8
06-TEXTO
100
AcDbText
 10
293.4041666666667
 20
303.2375
 30
0.0
 40
3.5
  1
22
  7
ISO3098
 72
1
 11
293.4041666666667
 21
303.2375
 31
0.0
100
AcDbText
 73
2
  0
LINE
  5
209
330
17
100
AcDbEntity
  8
08-FINA
100
AcDbLine
 10
295.6830958675326
 20
306.5248213559737
 30
0.0
 11
304.4041666666667
 21
319.1048358092788
 31
0.0
  0
HATCH
  5
20A
330
17
100
AcDbEntity
  8
08-FINA
 62
7
100
AcDbHatch
 10
0.0
 20
0.0
 30
0.0
210
0.0
220
0.0
230
1.0
  2
SOLID
 70
1
 71
0
 91
1
 92
1
 93
1
 72
2
 10
304.4041666666667
 20
319.1048358092788
 40
0.6
 50
0
 51
360
 73
1
 97
0
 75
1
 76
1
 98
0
  0
CIRCLE
  5
20B
330
17
100
AcDbEntity
  8
08-FINA
100
AcDbCircle
 10
293.4041666666667
 20
294.7375
 30
0.0
 40
4.0
  0
TEXT
  5
20C
330
17
100
AcDbEntity
  8
06-TEXTO
100
AcDbText
 10
293.4041666666667
 20
294.7375
 30
0.0
 40
3.5
  1
10
  7
ISO3098
 72
1
 11
293.4041666666667
 21
294.7375
 31
0.0
100
AcDbText
 73
2
  0
LINE
  5
20D
330
17
100
AcDbEntity
  8
08-FINA
100
AcDbLine
 10
297.1907011922478
 20
296.0267464025866
 30
0.0
 11
327.3041666666667
 21
306.27983580927884
 31
0.0
  0
HATCH
  5
20E
330
17
100
AcDbEntity
  8
08-FINA
 62
7
100
AcDbHatch
 10
0.0
 20
0.0
 30
0.0
210
0.0
220
0.0
230
1.0
  2
SOLID
 70
1
 71
0
 91
1
 92
1
 93
1
 72
2
 10
327.3041666666667
 20
306.27983580927884
 40
0.6
 50
0
 51
360
 73
1
 97
0
 75
1
 76
1
 98
0
  0
CIRCLE
  5
20F
330
17
100
AcDbEntity
  8
08-FINA
100
AcDbCircle
 10
293.4041666666667
 20
286.2375
 30
0.0
 40
4.0
  0
TEXT
  5
210
330
17
100
AcDbEntity
  8
06-TEXTO
100
AcDbText
 10
293.4041666666667
 20
286.2375
 30
0.0
 40
3.5
  1
11
  7
ISO3098
 72
1
 11
293.4041666666667
 21
286.2375
 31
0.0
100
AcDbText
 73
2
  0
LINE
  5
211
330
17
100
AcDbEntity
  8
08-FINA
100
AcDbLine
 10
297.1529318090863
 20
287.6327633826557
 30
0.0
 11
327.3041666666667
 21
298.8548358092788
 31
0.0
  0
HATCH
  5
212
330
17
100
AcDbEntity
  8
08-FINA
 62
7
100
AcDbHatch
 10
0.0
 20
0.0
 30
0.0
210
0.0
220
0.0
230
1.0
  2
SOLID
 70
1
 71
0
 91
1
 92
1
 93
1
 72
2
 10
327.3041666666667
 20
298.8548358092788
 40
0.6
 50
0
 51
360
 73
1
 97
0
 75
1
 76
1
 98
0
  0
CIRCLE
  5
213
330
17
100
AcDbEntity
  8
08-FINA
100
AcDbCircle
 10
387.9291666666667
 20
322.44018665039204
 30
0.0
 40
4.0
  0
TEXT
  5
214
330
17
100
AcDbEntity
  8
06-TEXTO
100
AcDbText
 10
387.9291666666667
 20
322.44018665039204
 30
0.0
 40
3.5
  1
14
  7
ISO3098
 72
1
 11
387.9291666666667
 21
322.44018665039204
 31
0.0
100
AcDbText
 73
2
  0
LINE
  5
215
330
17
100
AcDbEntity
  8
08-FINA
100
AcDbLine
 10
383.9291666666667
 20
322.44018665039204
 30
0.0
 11
372.35173135794554
 21
322.44018665039204
 31
0.0
  0
HATCH
  5
216
330
17
100
AcDbEntity
  8
08-FINA
 62
7
100
AcDbHatch
 10
0.0
 20
0.0
 30
0.0
210
0.0
220
0.0
230
1.0
  2
SOLID
 70
1
 71
0
 91
1
 92
1
 93
1
 72
2
 10
372.35173135794554
 20
322.44018665039204
 40
0.6
 50
0
 51
360
 73
1
 97
0
 75
1
 76
1
 98
0
  0
CIRCLE
  5
217
330
17
100
AcDbEntity
  8
08-FINA
100
AcDbCircle
 10
340.6666666666667
 20
326.5
 30
0.0
 40
40.2625
  0
TEXT
  5
218
330
17
100
AcDbEntity
  8
06-TEXTO
100
AcDbText
 10
340.6666666666667
 20
281.2375
 30
0.0
 40
5.0
  1
A (1:2)
  7
ISO3098
 72
1
 11
340.6666666666667
 21
281.2375
 31
0.0
100
AcDbText
 73
2
  0
TEXT
  5
219
330
17
100
AcDbEntity
  8
06-TEXTO
100
AcDbText
 10
340.6666666666667
 20
275.7375
 30
0.0
 40
2.5
  1
Válvula, manómetro y manijas
  7
ISO3098
 72
1
 11
340.6666666666667
 21
275.7375
 31
0.0
100
AcDbText
 73
2
  0
CIRCLE
  5
21A
330
17
100
AcDbEntity
  8
08-FINA
100
AcDbCircle
 10
90.47200000000001
 20
295.67609162453493
 30
0.0
 40
8.8
  0
TEXT
  5
21B
330
17
100
AcDbEntity
  8
06-TEXTO
100
AcDbText
 10
104.272
 20
300.9560916245349
 30
0.0
 40
5.0
  1
B
  7
ISO3098
 72
1
 11
104.272
 21
300.9560916245349
 31
0.0
100
AcDbText
 73
2
  0
LWPOLYLINE
  5
21C
330
17
100
AcDbEntity
  8
01-VISIBLE
100
AcDbPolyline
 90
55
 70
0
 10
559.9747080593223
 20
304.8564730836597
 10
559.883687158565
 20
304.8789864687657
 10
559.4225917621379
 20
304.99229720850735
 10
558.9613404725426
 20
305.10497170734266
 10
558.4999478299457
 20
305.217065997187
 10
558.0384275390081
 20
305.3286335838916
 10
557.5767926775234
 20
305.43972617724717
 10
557.1150558947691
 20
305.5503944060189
 10
556.6532296081776
 20
305.66068854794787
 10
556.1913262075414
 20
305.7706593082843
 10
555.7293582775015
 20
305.88035868746863
 10
555.2673388518814
 20
305.98984099042093
 10
554.8052817181114
 20
306.0991640489269
 10
554.3432017976348
 20
306.2083907590031
 10
553.881115640724
 20
306.31759108421954
 10
553.4190420951044
 20
306.42684475716953
 10
552.9570032440108
 20
306.5362450498827
 10
552.4950257743658
 20
306.64590423008656
 10
552.033143058515
 20
306.75596177857324
 10
551.5713984787216
 20
306.8665973473935
 10
551.1098510530217
 20
306.97805235470275
 10
550.6485856714984
 20
307.0906685494425
 10
550.1877335816358
 20
307.204963413918
 10
549.7275192065539
 20
307.3217973696761
 10
549.2683886115949
 20
307.44281294860536
 10
548.8109472979307
 20
307.57006088387743
 10
548.3548986863115
 20
307.70222496956046
 10
547.8981882230382
 20
307.832065976295
 10
547.4385395300328
 20
307.9510474335067
 10
546.9759242451755
 20
308.0579364422888
 10
546.5113095733445
 20
308.1557973710494
 10
546.0454421171863
 20
308.24752337088455
 10
545.5787633922246
 20
308.33503469332015
 10
545.1115314088479
 20
308.41954529099144
 10
544.6439036537417
 20
308.5018392384445
 10
544.1759812574438
 20
308.5824417747227
 10
543.7078322352577
 20
308.66171788060444
 10
543.2395041836446
 20
308.7399296763101
 10
542.7710315477404
 20
308.8172708904199
 10
542.3024399735639
 20
308.8938882942091
 10
541.833749022963
 20
308.96989548655563
 10
541.3649739294344
 20
309.04538203687036
 10
540.896126770201
 20
309.1204197195948
 10
540.4272172707035
 20
309.1950668719812
 10
539.958253370504
 20
309.26937150810113
 10
539.4892416300995
 20
309.34337358843675
 10
539.0201875290801
 20
309.417106703576
 10
538.5510956884602
 20
309.49059934331865
 10
538.0819700390638
 20
309.56387586714754
 10
537.6128139508508
 20
309.6369572560875
 10
537.1436303335188
 20
309.7098617021585
 10
536.6744217156673
 20
309.7826050755476
 10
536.2051903077571
 20
309.8552012985691
 10
535.7359380526689
 20
309.9276626477613
 10
535.2666666666668
 20
310.0
  0
LWPOLYLINE
  5
21D
330
17
100
AcDbEntity
  8
01-VISIBLE
100
AcDbPolyline
 90
2
 70
0
 10
535.2666666666668
 20
310.0
 10
535.2666666666668
 20
306.7720613764968
  0
LWPOLYLINE
  5
21E
330
17
100
AcDbEntity
  8
01-VISIBLE
100
AcDbPolyline
 90
52
 70
0
 10
535.2666666666668
 20
306.7720613764968
 10
535.7234787620813
 20
306.700590533476
 10
536.1801590979
 20
306.62828256281773
 10
536.636705944522
 20
306.5551364869881
 10
537.0931175669157
 20
306.48115133753413
 10
537.5493922246674
 20
306.4063261551694
 10
538.0055281720302
 20
306.33065998985876
 10
538.4615236579743
 20
306.2541519009038
 10
538.9173769262379
 20
306.17680095702724
 10
539.3730862153784
 20
306.0986062364577
 10
539.8286497588253
 20
306.0195668270137
 10
540.2840657849335
 20
305.93968182618835
 10
540.7393325170372
 20
305.85895034123246
 10
541.1944481735048
 20
305.7773714892387
 10
541.6494109677951
 20
305.6949443972244
 10
542.1042191085131
 20
305.611668202215
 10
542.5588707994682
 20
305.52754205132646
 10
543.0133642397318
 20
305.4425651018479
 10
543.4676976236965
 20
305.3567365213231
 10
543.9218691411359
 20
305.27005548763304
 10
544.375876977265
 20
305.1825211890763
 10
544.829719312802
 20
305.09413282445087
 10
545.2833943240305
 20
305.0048896031342
 10
545.7369001828619
 20
304.9147907451636
 10
546.1902350569001
 20
304.8238354813161
 10
546.6433971095051
 20
304.7320230531874
 10
547.0963844998598
 20
304.63935271327136
 10
547.5491953830347
 20
304.54582372503796
 10
548.0018279100556
 20
304.45143536301146
 10
548.4542802279715
 20
304.3561869128481
 10
548.906550479923
 20
304.26007767141266
 10
549.3586368009906
 20
304.1631069272378
 10
549.8105372712292
 20
304.0652737441925
 10
550.2622499297299
 20
303.9665770338204
 10
550.7137728059959
 20
303.8670157035933
 10
551.1651039204686
 20
303.7665886596478
 10
551.6162412844861
 20
303.6652948068664
 10
552.0671829002429
 20
303.56313304895855
 10
552.5179267607481
 20
303.4601022885438
 10
552.9684708497864
 20
303.3562014272345
 10
553.4188131418778
 20
303.2514293657199
 10
553.8689516022389
 20
303.1457850038512
 10
554.3188841867438
 20
303.039267240727
 10
554.7686088418864
 20
302.9318749747797
 10
555.218123504742
 20
302.8236071038631
 10
555.6674261029312
 20
302.71446252533997
 10
556.1165145545823
 20
302.60444013617143
 10
556.5653867682955
 20
302.4935388330065
 10
557.0140406431077
 20
302.38175751227277
 10
557.4624740684571
 20
302.26909507026755
 10
557.9106849241491
 20
302.1555504032509
 10
558.2589337021701
 20
302.06659807932454
  0
LWPOLYLINE
  5
21F
330
17
100
AcDbEntity
  8
01-VISIBLE
100
AcDbPolyline
 90
2
 70
0
 10
535.2766666666668
 20
305.7720613764968
 10
535.2766666666668
 20
310.0
  0
LWPOLYLINE
  5
220
330
17
100
AcDbEntity
  8
01-VISIBLE
100
AcDbPolyline
 90
2
 70
0
 10
539.2666666666668
 20
309.9999999999999
 10
535.276666666667
 20
309.9999999999999
  0
LWPOLYLINE
  5
221
330
17
100
AcDbEntity
  8
01-VISIBLE
100
AcDbPolyline
 90
2
 70
0
 10
535.276666666667
 20
305.7720613764967
 10
531.3666666666667
 20
305.7720613764967
  0
LWPOLYLINE
  5
222
330
17
100
AcDbEntity
  8
01-VISIBLE
100
AcDbPolyline
 90
81
 70
0
 10
531.3666666666668
 20
305.7720613764968
 10
531.0654166666667
 20
305.7720613764968
 10
530.7641666666667
 20
305.7720613764968
 10
530.4629166666667
 20
305.7720613764968
 10
530.1616666666667
 20
305.7720613764968
 10
529.8604166666668
 20
305.7720613764968
 10
529.5591666666668
 20
305.7720613764968
 10
529.2579166666667
 20
305.7720613764968
 10
528.9566666666667
 20
305.7720613764968
 10
528.6554166666667
 20
305.7720613764968
 10
528.3541666666667
 20
305.7720613764968
 10
528.0529166666668
 20
305.7720613764968
 10
527.7516666666668
 20
305.7720613764968
 10
527.4504166666668
 20
305.7720613764968
 10
527.1491666666667
 20
305.7720613764968
 10
526.8479166666667
 20
305.7720613764968
 10
526.5466666666667
 20
305.7720613764968
 10
526.2454166666668
 20
305.7720613764968
 10
525.9441666666668
 20
305.7720613764968
 10
525.6429166666668
 20
305.7720613764968
 10
525.3416666666667
 20
305.7720613764968
 10
525.0404166666667
 20
305.7720613764968
 10
524.7391666666667
 20
305.7720613764968
 10
524.4379166666668
 20
305.7720613764968
 10
524.1366666666668
 20
305.7720613764968
 10
523.8354166666668
 20
305.7720613764968
 10
523.5341666666667
 20
305.7720613764968
 10
523.2329166666667
 20
305.7720613764968
 10
522.9316666666667
 20
305.7720613764968
 10
522.6304166666667
 20
305.7720613764968
 10
522.3291666666668
 20
305.7720613764968
 10
522.0279166666668
 20
305.7720613764968
 10
521.7266666666667
 20
305.7720613764968
 10
521.4254166666667
 20
305.7720613764968
 10
521.1241666666667
 20
305.7720613764968
 10
520.8229166666667
 20
305.7720613764968
 10
520.5216666666668
 20
305.7720613764968
 10
520.2204166666668
 20
305.7720613764968
 10
519.9191666666668
 20
305.7720613764968
 10
519.6179166666667
 20
305.7720613764968
 10
519.3166666666667
 20
305.7720613764968
 10
519.0154166666667
 20
305.7720613764968
 10
518.7141666666668
 20
305.7720613764968
 10
518.4129166666668
 20
305.7720613764968
 10
518.1116666666668
 20
305.7720613764968
 10
517.8104166666667
 20
305.7720613764968
 10
517.5091666666667
 20
305.7720613764968
 10
517.2079166666667
 20
305.7720613764968
 10
516.9066666666668
 20
305.7720613764968
 10
516.6054166666668
 20
305.7720613764968
 10
516.3041666666668
 20
305.7720613764968
 10
516.0029166666667
 20
305.7720613764968
 10
515.7016666666667
 20
305.7720613764968
 10
515.4004166666667
 20
305.7720613764968
 10
515.0991666666667
 20
305.7720613764968
 10
514.7979166666668
 20
305.7720613764968
 10
514.4966666666668
 20
305.7720613764968
 10
514.1954166666667
 20
305.7720613764968
 10
513.8941666666667
 20
305.7720613764968
 10
513.5929166666667
 20
305.7720613764968
 10
513.2916666666667
 20
305.7720613764968
 10
512.9904166666668
 20
305.7720613764968
 10
512.6891666666668
 20
305.7720613764968
 10
512.3879166666668
 20
305.7720613764968
 10
512.0866666666667
 20
305.7720613764968
 10
511.7854166666667
 20
305.7720613764968
 10
511.48416666666674
 20
305.7720613764968
 10
511.18291666666676
 20
305.7720613764968
 10
510.8816666666667
 20
305.7720613764968
 10
510.58041666666674
 20
305.7720613764968
 10
510.27916666666675
 20
305.7720613764968
 10
509.9779166666668
 20
305.7720613764968
 10
509.67666666666673
 20
305.7720613764968
 10
509.37541666666675
 20
305.7720613764968
 10
509.0741666666667
 20
305.7720613764968
 10
508.77291666666673
 20
305.7720613764968
 10
508.47166666666675
 20
305.7720613764968
 10
508.17041666666677
 20
305.7720613764968
 10
507.86916666666673
 20
305.7720613764968
 10
507.56791666666675
 20
305.7720613764968
 10
507.26666666666677
 20
305.7720613764968
  0
LWPOLYLINE
  5
223
330
17
100
AcDbEntity
  8
01-VISIBLE
100
AcDbPolyline
 90
3
 70
0
 10
483.26666666666677
 20
305.7720613764968
 10
482.9654166666667
 20
305.7720613764968
 10
482.85511752604
 20
305.7720613764968
  0
LWPOLYLINE
  5
224
330
17
100
AcDbEntity
  8
01-VISIBLE
100
AcDbPolyline
 90
2
 70
0
 10
539.2666666666668
 20
310.0
 10
539.2666666666668
 20
347.0
  0
LWPOLYLINE
  5
225
330
17
100
AcDbEntity
  8
01-VISIBLE
100
AcDbPolyline
 90
2
 70
0
 10
539.2666666666668
 20
346.9999999999999
 10
531.3666666666667
 20
346.9999999999999
  0
LWPOLYLINE
  5
226
330
17
100
AcDbEntity
  8
01-VISIBLE
100
AcDbPolyline
 90
2
 70
0
 10
531.3666666666668
 20
347.0
 10
531.3666666666668
 20
305.7720613764968
  0
LWPOLYLINE
  5
227
330
17
100
AcDbEntity
  8
01-VISIBLE
100
AcDbPolyline
 90
163
 70
0
 10
531.3666666666668
 20
347.0
 10
531.0658333333334
 20
347.0
 10
530.7650000000001
 20
347.0
 10
530.4641666666668
 20
347.0
 10
530.1633333333334
 20
347.0
 10
529.8625000000001
 20
347.0
 10
529.5616666666667
 20
347.0
 10
529.2608333333334
 20
347.0
 10
528.96
 20
347.0
 10
528.6591666666667
 20
347.0
 10
528.3583333333335
 20
347.0
 10
528.0575000000001
 20
347.0
 10
527.7566666666668
 20
347.0
 10
527.4558333333334
 20
347.0
 10
527.1550000000001
 20
347.0
 10
526.8541666666667
 20
347.0
 10
526.5533333333334
 20
347.0
 10
526.2525
 20
347.0
 10
525.9516666666667
 20
347.0
 10
525.6508333333334
 20
347.0
 10
525.3500000000001
 20
347.0
 10
525.0491666666668
 20
347.0
 10
524.7483333333334
 20
347.0
 10
524.4475000000001
 20
347.0
 10
524.1466666666668
 20
347.0
 10
523.8458333333334
 20
347.0
 10
523.5450000000001
 20
347.0
 10
523.2441666666667
 20
347.0
 10
522.9433333333334
 20
347.0
 10
522.6425
 20
347.0
 10
522.3416666666667
 20
347.0
 10
522.0408333333335
 20
347.0
 10
521.7400000000001
 20
347.0
 10
521.4391666666668
 20
347.0
 10
521.1383333333334
 20
347.0
 10
520.8375000000001
 20
347.0
 10
520.5366666666667
 20
347.0
 10
520.2358333333334
 20
347.0
 10
519.9350000000001
 20
347.0
 10
519.6341666666667
 20
347.0
 10
519.3333333333334
 20
347.0
 10
519.0325
 20
347.0
 10
518.7316666666668
 20
347.0
 10
518.4308333333335
 20
347.0
 10
518.1300000000001
 20
347.0
 10
517.8291666666668
 20
347.0
 10
517.5283333333334
 20
347.0
 10
517.2275000000001
 20
347.0
 10
516.9266666666667
 20
347.0
 10
516.6258333333334
 20
347.0
 10
516.325
 20
347.0
 10
516.0241666666667
 20
347.0
 10
515.7233333333334
 20
347.0
 10
515.4225000000001
 20
347.0
 10
515.1216666666668
 20
347.0
 10
514.8208333333334
 20
347.0
 10
514.5200000000001
 20
347.0
 10
514.2191666666668
 20
347.0
 10
513.9183333333334
 20
347.0
 10
513.6175000000001
 20
347.0
 10
513.3166666666667
 20
347.0
 10
513.0158333333334
 20
347.0
 10
512.715
 20
347.0
 10
512.4141666666667
 20
347.0
 10
512.1133333333335
 20
347.0
 10
511.81250000000006
 20
347.0
 10
511.51166666666677
 20
347.0
 10
511.2108333333334
 20
347.0
 10
510.9100000000001
 20
347.0
 10
510.60916666666674
 20
347.0
 10
510.3083333333334
 20
347.0
 10
510.0075000000001
 20
347.0
 10
509.70666666666676
 20
347.0
 10
509.4058333333334
 20
347.0
 10
509.1050000000001
 20
347.0
 10
508.80416666666673
 20
347.0
 10
508.5033333333334
 20
347.0
 10
508.2025000000001
 20
347.0
 10
507.90166666666676
 20
347.0
 10
507.6008333333334
 20
347.0
 10
507.30000000000007
 20
347.0
 10
506.9991666666667
 20
347.0
 10
506.6983333333334
 20
347.0
 10
506.3975000000001
 20
347.0
 10
506.09666666666675
 20
347.0
 10
505.7958333333334
 20
347.0
 10
505.49500000000006
 20
347.0
 10
505.1941666666668
 20
347.0
 10
504.89333333333343
 20
347.0
 10
504.5925000000001
 20
347.0
 10
504.29166666666674
 20
347.0
 10
503.9908333333334
 20
347.0
 10
503.69000000000005
 20
347.0
 10
503.38916666666677
 20
347.0
 10
503.0883333333334
 20
347.0
 10
502.7875000000001
 20
347.0
 10
502.48666666666674
 20
347.0
 10
502.1858333333334
 20
347.0
 10
501.8850000000001
 20
347.0
 10
501.58416666666676
 20
347.0
 10
501.2833333333334
 20
347.0
 10
500.9825000000001
 20
347.0
 10
500.68166666666673
 20
347.0
 10
500.3808333333334
 20
347.0
 10
500.0800000000001
 20
347.0
 10
499.77916666666675
 20
347.0
 10
499.4783333333334
 20
347.0
 10
499.17750000000007
 20
347.0
 10
498.8766666666667
 20
347.0
 10
498.57583333333343
 20
347.0
 10
498.2750000000001
 20
347.0
 10
497.97416666666675
 20
347.0
 10
497.6733333333334
 20
347.0
 10
497.37250000000006
 20
347.0
 10
497.0716666666667
 20
347.0
 10
496.7708333333334
 20
347.0
 10
496.4700000000001
 20
347.0
 10
496.16916666666674
 20
347.0
 10
495.8683333333334
 20
347.0
 10
495.56750000000005
 20
347.0
 10
495.26666666666677
 20
347.0
 10
494.9658333333334
 20
347.0
 10
494.6650000000001
 20
347.0
 10
494.36416666666673
 20
347.0
 10
494.0633333333334
 20
347.0
 10
493.76250000000005
 20
347.0
 10
493.46166666666676
 20
347.0
 10
493.1608333333334
 20
347.0
 10
492.86000000000007
 20
347.0
 10
492.5591666666667
 20
347.0
 10
492.2583333333334
 20
347.0
 10
491.9575000000001
 20
347.0
 10
491.65666666666675
 20
347.0
 10
491.3558333333334
 20
347.0
 10
491.05500000000006
 20
347.0
 10
490.7541666666667
 20
347.0
 10
490.45333333333343
 20
347.0
 10
490.1525000000001
 20
347.0
 10
489.85166666666674
 20
347.0
 10
489.5508333333334
 20
347.0
 10
489.25000000000006
 20
347.0
 10
488.94916666666677
 20
347.0
 10
488.6483333333334
 20
347.0
 10
488.3475000000001
 20
347.0
 10
488.04666666666674
 20
347.0
 10
487.7458333333334
 20
347.0
 10
487.44500000000005
 20
347.0
 10
487.14416666666676
 20
347.0
 10
486.8433333333334
 20
347.0
 10
486.5425000000001
 20
347.0
 10
486.24166666666673
 20
347.0
 10
485.94083333333344
 20
347.0
 10
485.6400000000001
 20
347.0
 10
485.33916666666676
 20
347.0
 10
485.0383333333334
 20
347.0
 10
484.73750000000007
 20
347.0
 10
484.4366666666667
 20
347.0
 10
484.1358333333334
 20
347.0
 10
483.8350000000001
 20
347.0
 10
483.53416666666675
 20
347.0
 10
483.2333333333334
 20
347.0
 10
482.93250000000006
 20
347.0
 10
482.7368549367719
 20
347.0
  0
LWPOLYLINE
  5
228
330
17
100
AcDbEntity
  8
01-VISIBLE
100
AcDbPolyline
 90
41
 70
0
 10
541.8266666666667
 20
310.0
 10
541.824692999443
 20
310.10050512834323
 10
541.8187750410235
 20
310.2008552850633
 10
541.8089219164714
 20
310.30089573749206
 10
541.7951488185903
 20
310.40047223050294
 10
541.777476984499
 20
310.4994312243613
 10
541.7559336628848
 20
310.5976201314711
 10
541.7305520719881
 20
310.6948875516546
 10
541.7013713483823
 20
310.7910835055999
 10
541.6684364866283
 20
310.8860596661184
 10
541.6317982698956
 20
310.9796695868546
 10
541.5915131916589
 20
311.0717689280958
 10
541.547643368589
 20
311.16221567933326
 10
541.5002564447731
 20
311.2508703782322
 10
541.4494254874132
 20
311.33759632567285
 10
541.3952288741613
 20
311.42225979653017
 10
541.3377501722666
 20
311.5047302458687
 10
541.2770780097214
 20
311.5848805102331
 10
541.2133059386028
 20
311.6625870037253
 10
541.146532290822
 20
311.73772990856435
 10
541.0768600265043
 20
311.8101933598375
 10
541.0043965752311
 20
311.8798656241554
 10
540.929253670392
 20
311.9466392719361
 10
540.8515471768999
 20
312.01041134305467
 10
540.7713969125355
 20
312.07108350559986
 10
540.6889264631969
 20
312.1285622074945
 10
540.6042629923396
 20
312.18275882074647
 10
540.517537044899
 20
312.2335897781063
 10
540.428882346
 20
312.2809767019222
 10
540.3384355947626
 20
312.32484652499215
 10
540.2463362535213
 20
312.36513160322886
 10
540.1527263327852
 20
312.4017698199616
 10
540.0577501722667
 20
312.43470468171563
 10
539.9615542183213
 20
312.4638854053213
 10
539.8642867981379
 20
312.489266996218
 10
539.766097891028
 20
312.51081031783224
 10
539.6671388971697
 20
312.5284821519235
 10
539.5675624041588
 20
312.5422552498046
 10
539.4675219517301
 20
312.55210837435686
 10
539.36717179501
 20
312.5580263327763
 10
539.2666666666668
 20
312.55999999999995
  0
LWPOLYLINE
  5
229
330
17
100
AcDbEntity
  8
01-VISIBLE
100
AcDbPolyline
 90
81
 70
0
 10
539.2666666666668
 20
312.55999999999995
 10
539.1661615383235
 20
312.5580263327763
 10
539.0658113816035
 20
312.55210837435686
 10
538.9657709291747
 20
312.5422552498046
 10
538.8661944361637
 20
312.5284821519235
 10
538.7672354423055
 20
312.51081031783224
 10
538.6690465351957
 20
312.489266996218
 10
538.5717791150122
 20
312.4638854053213
 10
538.4755831610669
 20
312.43470468171563
 10
538.3806070005484
 20
312.4017698199616
 10
538.2869970798121
 20
312.36513160322886
 10
538.194897738571
 20
312.32484652499215
 10
538.1044509873335
 20
312.2809767019222
 10
538.0157962884346
 20
312.2335897781063
 10
537.9290703409939
 20
312.18275882074647
 10
537.8444068701366
 20
312.1285622074945
 10
537.7619364207981
 20
312.07108350559986
 10
537.6817861564335
 20
312.01041134305467
 10
537.6040796629414
 20
311.9466392719361
 10
537.5289367581024
 20
311.8798656241554
 10
537.4564733068291
 20
311.8101933598375
 10
537.3868010425114
 20
311.73772990856435
 10
537.3200273947307
 20
311.6625870037253
 10
537.2562553236121
 20
311.5848805102331
 10
537.1955831610669
 20
311.5047302458687
 10
537.1381044591723
 20
311.42225979653017
 10
537.0839078459203
 20
311.33759632567285
 10
537.0330768885603
 20
311.2508703782322
 10
536.9856899647446
 20
311.16221567933326
 10
536.9418201416745
 20
311.0717689280958
 10
536.9015350634379
 20
310.9796695868546
 10
536.8648968467052
 20
310.8860596661184
 10
536.8319619849511
 20
310.7910835055999
 10
536.8027812613454
 20
310.6948875516546
 10
536.7773996704487
 20
310.5976201314711
 10
536.7558563488344
 20
310.4994312243613
 10
536.7381845147432
 20
310.40047223050294
 10
536.7244114168622
 20
310.30089573749206
 10
536.7145582923099
 20
310.2008552850633
 10
536.7086403338905
 20
310.10050512834323
 10
536.7066666666667
 20
310.0
 10
536.7086403338905
 20
309.89949487165677
 10
536.7145582923099
 20
309.7991447149367
 10
536.7244114168622
 20
309.69910426250794
 10
536.7381845147432
 20
309.59952776949706
 10
536.7558563488344
 20
309.5005687756387
 10
536.7773996704487
 20
309.4023798685289
 10
536.8027812613454
 20
309.3051124483454
 10
536.8319619849511
 20
309.2089164944001
 10
536.8648968467052
 20
309.1139403338816
 10
536.9015350634379
 20
309.0203304131454
 10
536.9418201416745
 20
308.9282310719042
 10
536.9856899647446
 20
308.83778432066674
 10
537.0330768885603
 20
308.7491296217678
 10
537.0839078459203
 20
308.66240367432715
 10
537.1381044591723
 20
308.57774020346983
 10
537.1955831610669
 20
308.4952697541313
 10
537.2562553236121
 20
308.4151194897669
 10
537.3200273947307
 20
308.3374129962747
 10
537.3868010425114
 20
308.26227009143565
 10
537.4564733068291
 20
308.1898066401625
 10
537.5289367581024
 20
308.1201343758446
 10
537.6040796629414
 20
308.0533607280639
 10
537.6817861564335
 20
307.98958865694533
 10
537.7619364207981
 20
307.92891649440014
 10
537.8444068701366
 20
307.8714377925055
 10
537.9290703409939
 20
307.81724117925353
 10
538.0157962884346
 20
307.7664102218937
 10
538.1044509873335
 20
307.7190232980778
 10
538.194897738571
 20
307.67515347500785
 10
538.2869970798121
 20
307.63486839677114
 10
538.3806070005484
 20
307.5982301800384
 10
538.4755831610669
 20
307.56529531828437
 10
538.5717791150122
 20
307.5361145946787
 10
538.6690465351957
 20
307.510733003782
 10
538.7672354423055
 20
307.48918968216776
 10
538.8661944361637
 20
307.4715178480765
 10
538.9657709291747
 20
307.4577447501954
 10
539.0658113816035
 20
307.44789162564314
 10
539.1661615383235
 20
307.4419736672237
 10
539.2666666666668
 20
307.44000000000005
  0
LWPOLYLINE
  5
22A
330
17
100
AcDbEntity
  8
01-VISIBLE
100
AcDbPolyline
 90
41
 70
0
 10
539.2666666666668
 20
307.44000000000005
 10
539.36717179501
 20
307.4419736672237
 10
539.4675219517301
 20
307.44789162564314
 10
539.5675624041588
 20
307.4577447501954
 10
539.6671388971697
 20
307.4715178480765
 10
539.766097891028
 20
307.48918968216776
 10
539.8642867981379
 20
307.510733003782
 10
539.9615542183213
 20
307.5361145946787
 10
540.0577501722667
 20
307.56529531828437
 10
540.1527263327852
 20
307.5982301800384
 10
540.2463362535213
 20
307.63486839677114
 10
540.3384355947626
 20
307.67515347500785
 10
540.428882346
 20
307.7190232980778
 10
540.517537044899
 20
307.7664102218937
 10
540.6042629923396
 20
307.81724117925353
 10
540.6889264631969
 20
307.8714377925055
 10
540.7713969125355
 20
307.92891649440014
 10
540.8515471768999
 20
307.98958865694533
 10
540.929253670392
 20
308.0533607280639
 10
541.0043965752311
 20
308.1201343758446
 10
541.0768600265043
 20
308.1898066401625
 10
541.146532290822
 20
308.26227009143565
 10
541.2133059386028
 20
308.3374129962747
 10
541.2770780097214
 20
308.4151194897669
 10
541.3377501722666
 20
308.4952697541313
 10
541.3952288741613
 20
308.57774020346983
 10
541.4494254874132
 20
308.66240367432715
 10
541.5002564447731
 20
308.7491296217678
 10
541.547643368589
 20
308.83778432066674
 10
541.5915131916589
 20
308.9282310719042
 10
541.6317982698956
 20
309.0203304131454
 10
541.6684364866283
 20
309.1139403338816
 10
541.7013713483823
 20
309.2089164944001
 10
541.7305520719881
 20
309.3051124483454
 10
541.7559336628848
 20
309.4023798685289
 10
541.777476984499
 20
309.5005687756387
 10
541.7951488185903
 20
309.59952776949706
 10
541.8089219164714
 20
309.69910426250794
 10
541.8187750410235
 20
309.7991447149367
 10
541.824692999443
 20
309.89949487165677
 10
541.8266666666667
 20
310.0
  0
LWPOLYLINE
  5
22B
330
17
100
AcDbEntity
  8
01-VISIBLE
100
AcDbPolyline
 90
2
 70
0
 10
483.26666666666677
 20
305.023550846254
 10
483.26666666666677
 20
330.79999999999995
  0
LWPOLYLINE
  5
22C
330
17
100
AcDbEntity
  8
01-VISIBLE
100
AcDbPolyline
 90
2
 70
0
 10
507.26666666666677
 20
284.92648674705833
 10
507.26666666666677
 20
330.79999999999995
  0
LWPOLYLINE
  5
22D
330
17
100
AcDbEntity
  8
01-VISIBLE
100
AcDbPolyline
 90
2
 70
0
 10
507.26666666666677
 20
330.79999999999995
 10
504.76666666666677
 20
330.79999999999995
  0
LWPOLYLINE
  5
22E
330
17
100
AcDbEntity
  8
01-VISIBLE
100
AcDbPolyline
 90
64
 70
0
 10
504.76666666666677
 20
330.79999999999995
 10
504.4650793650794
 20
330.79999999999995
 10
504.16349206349213
 20
330.79999999999995
 10
503.86190476190484
 20
330.79999999999995
 10
503.56031746031755
 20
330.79999999999995
 10
503.25873015873026
 20
330.79999999999995
 10
502.9571428571429
 20
330.79999999999995
 10
502.6555555555556
 20
330.79999999999995
 10
502.35396825396833
 20
330.79999999999995
 10
502.05238095238104
 20
330.79999999999995
 10
501.75079365079375
 20
330.79999999999995
 10
501.4492063492064
 20
330.79999999999995
 10
501.1476190476191
 20
330.79999999999995
 10
500.8460317460318
 20
330.79999999999995
 10
500.54444444444454
 20
330.79999999999995
 10
500.24285714285725
 20
330.79999999999995
 10
499.9412698412699
 20
330.79999999999995
 10
499.6396825396826
 20
330.79999999999995
 10
499.3380952380953
 20
330.79999999999995
 10
499.03650793650803
 20
330.79999999999995
 10
498.7349206349207
 20
330.79999999999995
 10
498.4333333333334
 20
330.79999999999995
 10
498.1317460317461
 20
330.79999999999995
 10
497.8301587301588
 20
330.79999999999995
 10
497.5285714285715
 20
330.79999999999995
 10
497.2269841269842
 20
330.79999999999995
 10
496.9253968253969
 20
330.79999999999995
 10
496.6238095238096
 20
330.79999999999995
 10
496.3222222222223
 20
330.79999999999995
 10
496.020634920635
 20
330.79999999999995
 10
495.71904761904767
 20
330.79999999999995
 10
495.4174603174604
 20
330.79999999999995
 10
495.1158730158731
 20
330.79999999999995
 10
494.8142857142858
 20
330.79999999999995
 10
494.5126984126985
 20
330.79999999999995
 10
494.21111111111117
 20
330.79999999999995
 10
493.9095238095239
 20
330.79999999999995
 10
493.6079365079366
 20
330.79999999999995
 10
493.3063492063493
 20
330.79999999999995
 10
493.004761904762
 20
330.79999999999995
 10
492.70317460317466
 20
330.79999999999995
 10
492.40158730158737
 20
330.79999999999995
 10
492.1000000000001
 20
330.79999999999995
 10
491.7984126984128
 20
330.79999999999995
 10
491.4968253968255
 20
330.79999999999995
 10
491.19523809523815
 20
330.79999999999995
 10
490.89365079365086
 20
330.79999999999995
 10
490.5920634920636
 20
330.79999999999995
 10
490.2904761904763
 20
330.79999999999995
 10
489.98888888888894
 20
330.79999999999995
 10
489.68730158730165
 20
330.79999999999995
 10
489.38571428571436
 20
330.79999999999995
 10
489.08412698412707
 20
330.79999999999995
 10
488.7825396825398
 20
330.79999999999995
 10
488.48095238095243
 20
330.79999999999995
 10
488.17936507936514
 20
330.79999999999995
 10
487.87777777777785
 20
330.79999999999995
 10
487.57619047619056
 20
330.79999999999995
 10
487.27460317460327
 20
330.79999999999995
 10
486.9730158730159
 20
330.79999999999995
 10
486.67142857142863
 20
330.79999999999995
 10
486.36984126984134
 20
330.79999999999995
 10
486.06825396825406
 20
330.79999999999995
 10
485.76666666666677
 20
330.79999999999995
  0
LWPOLYLINE
  5
22F
330
17
100
AcDbEntity
  8
01-VISIBLE
100
AcDbPolyline
 90
2
 70
0
 10
485.76666666666677
 20
330.79999999999995
 10
483.26666666666677
 20
330.79999999999995
  0
LWPOLYLINE
  5
230
330
17
100
AcDbEntity
  8
01-VISIBLE
100
AcDbPolyline
 90
2
 70
0
 10
485.76666666666677
 20
301.0624309239432
 10
485.76666666666677
 20
330.79999999999995
  0
LWPOLYLINE
  5
231
330
17
100
AcDbEntity
  8
01-VISIBLE
100
AcDbPolyline
 90
2
 70
0
 10
504.76666666666677
 20
285.87584736076656
 10
504.76666666666677
 20
330.79999999999995
  0
HATCH
  5
232
330
17
100
AcDbEntity
  8
05-RAYADO
 62
7
100
AcDbHatch
 10
0.0
 20
0.0
 30
0.0
210
0.0
220
0.0
230
1.0
  2
ANSI31
 70
0
 71
0
 91
1
 92
3
 72
0
 73
1
 93
110
 10
535.7359376666667
 20
309.92766275465067
 10
536.2051906666668
 20
309.8552017546507
 10
536.6744216666667
 20
309.7826047546507
 10
537.1436306666667
 20
309.70986175465066
 10
537.6128136666667
 20
309.63695775465067
 10
538.0819696666667
 20
309.56387575465067
 10
538.5510956666667
 20
309.4905997546507
 10
539.0201876666667
 20
309.4171067546507
 10
539.4892416666668
 20
309.34337375465066
 10
539.9582536666668
 20
309.2693717546507
 10
540.4272176666667
 20
309.1950667546506
 10
540.8961266666668
 20
309.1204197546507
 10
541.3649736666667
 20
309.04538175465063
 10
541.8337486666668
 20
308.9698957546507
 10
542.3024396666667
 20
308.8938887546507
 10
542.7710316666668
 20
308.8172707546506
 10
543.2395046666668
 20
308.7399297546507
 10
543.7078326666667
 20
308.6617177546507
 10
544.1759816666668
 20
308.58244175465063
 10
544.6439036666668
 20
308.50183875465063
 10
545.1115316666668
 20
308.4195457546507
 10
545.5787636666668
 20
308.3350347546507
 10
546.0454416666668
 20
308.2475237546506
 10
546.5113096666668
 20
308.1557977546506
 10
546.9759246666667
 20
308.05793675465065
 10
547.4385396666668
 20
307.95104775465063
 10
547.8981886666668
 20
307.83206575465067
 10
548.3548986666667
 20
307.7022247546506
 10
548.8109476666667
 20
307.5700607546506
 10
549.2683886666667
 20
307.4428127546506
 10
549.7275196666667
 20
307.3217977546507
 10
550.1877336666668
 20
307.20496375465063
 10
550.6485856666668
 20
307.09066875465066
 10
551.1098506666667
 20
306.97805275465066
 10
551.5713986666667
 20
306.8665977546507
 10
552.0331426666668
 20
306.7559617546507
 10
552.4950256666667
 20
306.6459037546507
 10
552.9570036666668
 20
306.5362447546506
 10
553.4190416666668
 20
306.4268447546507
 10
553.8811156666668
 20
306.3175907546506
 10
554.3432016666668
 20
306.2083907546506
 10
554.8052816666667
 20
306.0991637546507
 10
555.2673386666668
 20
305.9898407546507
 10
555.7293586666667
 20
305.8803587546506
 10
556.1913266666668
 20
305.77065975465064
 10
556.6532296666668
 20
305.66068875465066
 10
557.1150556666668
 20
305.5503947546507
 10
557.5767926666667
 20
305.4397257546507
 10
558.0384276666667
 20
305.3286337546507
 10
558.4999476666667
 20
305.21706575465066
 10
558.9613406666667
 20
305.1049717546507
 10
559.4225916666668
 20
304.9922967546506
 10
559.8836866666668
 20
304.87898675465067
 10
559.9747080754823
 20
304.85647311302034
 10
559.9504942754501
 20
304.8124795418895
 10
559.4067255066788
 20
303.87947925549827
 10
558.8402235376539
 20
302.9601047249678
 10
558.2589338423564
 20
302.06659829480634
 10
557.9106846666667
 20
302.1555507546507
 10
557.4624736666667
 20
302.2690947546506
 10
557.0140406666667
 20
302.3817577546507
 10
556.5653866666668
 20
302.4935387546507
 10
556.1165146666667
 20
302.6044397546507
 10
555.6674256666668
 20
302.71446275465064
 10
555.2181236666668
 20
302.82360675465065
 10
554.7686086666668
 20
302.9318747546507
 10
554.3188846666667
 20
303.0392667546506
 10
553.8689516666667
 20
303.14578475465066
 10
553.4188126666668
 20
303.25142975465064
 10
552.9684706666667
 20
303.35620175465067
 10
552.5179266666668
 20
303.4601027546506
 10
552.0671826666668
 20
303.5631327546506
 10
551.6162416666667
 20
303.66529475465063
 10
551.1651036666667
 20
303.7665887546507
 10
550.7137726666667
 20
303.86701575465065
 10
550.2622496666668
 20
303.96657675465065
 10
549.8105376666667
 20
304.06527375465066
 10
549.3586366666667
 20
304.1631067546507
 10
548.9065506666667
 20
304.26007775465064
 10
548.4542806666667
 20
304.3561867546507
 10
548.0018276666667
 20
304.4514357546507
 10
547.5491956666667
 20
304.54582375465066
 10
547.0963846666667
 20
304.63935275465064
 10
546.6433966666667
 20
304.73202275465064
 10
546.1902346666667
 20
304.82383575465064
 10
545.7369006666668
 20
304.91479075465065
 10
545.2833946666667
 20
305.00488975465066
 10
544.8297196666667
 20
305.0941327546507
 10
544.3758766666667
 20
305.1825207546507
 10
543.9218686666668
 20
305.2700557546507
 10
543.4676976666667
 20
305.3567367546507
 10
543.0133646666668
 20
305.4425647546507
 10
542.5588706666667
 20
305.52754175465066
 10
542.1042186666667
 20
305.6116677546506
 10
541.6494106666668
 20
305.6949447546507
 10
541.1944486666667
 20
305.77737175465063
 10
540.7393326666668
 20
305.85895075465066
 10
540.2840656666667
 20
305.9396817546507
 10
539.8286496666667
 20
306.01956675465067
 10
539.3730866666667
 20
306.09860575465063
 10
538.9173766666668
 20
306.1768007546507
 10
538.4615236666667
 20
306.2541517546507
 10
538.0055286666667
 20
306.3306597546507
 10
537.5493926666668
 20
306.40632575465065
 10
537.0931176666668
 20
306.4811517546507
 10
536.6367056666668
 20
306.5551367546507
 10
536.1801586666668
 20
306.6282827546506
 10
535.7234786666668
 20
306.70059075465065
 10
535.2666666666668
 20
306.7720617546506
 10
535.2666666666668
 20
309.9999997546506
 97
0
 75
1
 76
1
 52
90.0
 41
0.6299212598425197
 77
0
 78
1
 53
135.0
 43
0.0
 44
0.0
 45
-1.4142135624
 46
-1.4142135624
 79
0
 98
0
  0
HATCH
  5
233
330
17
100
AcDbEntity
  8
05-RAYADO
 62
7
100
AcDbHatch
 10
0.0
 20
0.0
 30
0.0
210
0.0
220
0.0
230
1.0
  2
ANSI31
 70
0
 71
0
 91
1
 92
3
 72
0
 73
1
 93
6
 10
535.2766666666668
 20
309.9999997546506
 10
535.2766666666668
 20
305.7720617546506
 10
531.3666666666668
 20
305.7720617546506
 10
531.3666666666668
 20
346.9999997546506
 10
539.2666666666668
 20
346.9999997546506
 10
539.2666666666668
 20
309.9999997546506
 97
0
 75
1
 76
1
 52
0.0
 41
0.6299212598425197
 77
0
 78
1
 53
45.0
 43
0.0
 44
0.0
 45
-1.4142135624
 46
1.4142135624
 79
0
 98
0
  0
HATCH
  5
234
330
17
100
AcDbEntity
  8
05-RAYADO
 62
7
100
AcDbHatch
 10
0.0
 20
0.0
 30
0.0
210
0.0
220
0.0
230
1.0
  2
SOLID
 70
1
 71
0
 91
1
 92
3
 72
0
 73
1
 93
80
 10
541.8187746666667
 20
309.7991447546507
 10
541.7951486666667
 20
309.5995277546507
 10
541.7559336666667
 20
309.4023797546506
 10
541.7013716666668
 20
309.20891675465066
 10
541.6317986666668
 20
309.0203307546507
 10
541.5476436666668
 20
308.83778475465067
 10
541.4494256666667
 20
308.66240375465065
 10
541.3377506666667
 20
308.4952697546506
 10
541.2133056666668
 20
308.3374127546507
 10
541.0768596666668
 20
308.1898067546507
 10
540.9292536666668
 20
308.0533607546506
 10
540.7713966666668
 20
307.9289167546507
 10
540.6042626666667
 20
307.8172407546507
 10
540.4288826666667
 20
307.7190237546507
 10
540.2463366666667
 20
307.6348687546507
 10
540.0577506666667
 20
307.5652957546507
 10
539.8642866666668
 20
307.5107327546507
 10
539.6671386666667
 20
307.4715177546507
 10
539.4675216666667
 20
307.44789175465064
 10
539.2666666666668
 20
307.43999975465067
 10
539.0658116666667
 20
307.44789175465064
 10
538.8661946666667
 20
307.4715177546507
 10
538.6690466666668
 20
307.5107327546507
 10
538.4755826666667
 20
307.5652957546507
 10
538.2869966666667
 20
307.6348687546507
 10
538.1044506666667
 20
307.7190237546507
 10
537.9290706666668
 20
307.8172407546507
 10
537.7619366666668
 20
307.9289167546507
 10
537.6040796666667
 20
308.0533607546506
 10
537.4564736666667
 20
308.1898067546507
 10
537.3200276666668
 20
308.3374127546507
 10
537.1955826666667
 20
308.4952697546506
 10
537.0839076666667
 20
308.66240375465065
 10
536.9856896666668
 20
308.83778475465067
 10
536.9015346666667
 20
309.0203307546507
 10
536.8319616666668
 20
309.20891675465066
 10
536.7773996666667
 20
309.4023797546506
 10
536.7381846666667
 20
309.5995277546507
 10
536.7145586666668
 20
309.7991447546507
 10
536.7066666666667
 20
309.9999997546506
 10
536.7145586666668
 20
310.20085575465066
 10
536.7381846666667
 20
310.40047175465065
 10
536.7773996666667
 20
310.5976197546506
 10
536.8319616666668
 20
310.7910837546507
 10
536.9015346666667
 20
310.9796697546507
 10
536.9856896666668
 20
311.1622157546507
 10
537.0839076666667
 20
311.3375967546507
 10
537.1955826666667
 20
311.5047297546506
 10
537.3200276666668
 20
311.66258675465065
 10
537.4564736666667
 20
311.81019375465064
 10
537.6040796666667
 20
311.9466397546506
 10
537.7619366666668
 20
312.07108375465066
 10
537.9290706666668
 20
312.18275875465065
 10
538.1044506666667
 20
312.2809767546506
 10
538.2869966666667
 20
312.36513175465063
 10
538.4755826666667
 20
312.4347047546506
 10
538.6690466666668
 20
312.48926675465066
 10
538.8661946666667
 20
312.52848175465067
 10
539.0658116666667
 20
312.5521087546507
 10
539.2666666666668
 20
312.5599997546507
 10
539.4675216666667
 20
312.5521087546507
 10
539.6671386666667
 20
312.52848175465067
 10
539.8642866666668
 20
312.48926675465066
 10
540.0577506666667
 20
312.4347047546506
 10
540.2463366666667
 20
312.36513175465063
 10
540.4288826666667
 20
312.2809767546506
 10
540.6042626666667
 20
312.18275875465065
 10
540.7713966666668
 20
312.07108375465066
 10
540.9292536666668
 20
311.9466397546506
 10
541.0768596666668
 20
311.81019375465064
 10
541.2133056666668
 20
311.66258675465065
 10
541.3377506666667
 20
311.5047297546506
 10
541.4494256666667
 20
311.3375967546507
 10
541.5476436666668
 20
311.1622157546507
 10
541.6317986666668
 20
310.9796697546507
 10
541.7013716666668
 20
310.7910837546507
 10
541.7559336666667
 20
310.5976197546506
 10
541.7951486666667
 20
310.40047175465065
 10
541.8187746666667
 20
310.20085575465066
 10
541.8266666666667
 20
309.9999997546506
 97
0
 75
1
 76
1
 98
0
  0
HATCH
  5
235
330
17
100
AcDbEntity
  8
05-RAYADO
 62
7
100
AcDbHatch
 10
0.0
 20
0.0
 30
0.0
210
0.0
220
0.0
230
1.0
  2
ANSI31
 70
0
 71
0
 91
1
 92
3
 72
0
 73
1
 93
9
 10
483.26666666666677
 20
330.7999997546507
 10
485.76666666666677
 20
330.7999997546507
 10
485.76666666666677
 20
301.0624309239432
 10
485.69293488799707
 20
301.16443957761476
 10
485.08200372535475
 20
302.05490974713746
 10
484.49310979567963
 20
302.9601047249678
 10
483.9266078266548
 20
303.87947925549827
 10
483.3828390578834
 20
304.8124795418895
 10
483.26666666666677
 20
305.023550846254
 97
0
 75
1
 76
1
 52
0.0
 41
0.6299212598425197
 77
0
 78
1
 53
45.0
 43
0.0
 44
0.0
 45
-1.4142135624
 46
1.4142135624
 79
0
 98
0
  0
HATCH
  5
236
330
17
100
AcDbEntity
  8
05-RAYADO
 62
7
100
AcDbHatch
 10
0.0
 20
0.0
 30
0.0
210
0.0
220
0.0
230
1.0
  2
ANSI31
 70
0
 71
0
 91
1
 92
3
 72
0
 73
1
 93
7
 10
507.26666666666677
 20
330.7999997546507
 10
507.26666666666677
 20
284.92648674705833
 10
506.8435131174091
 20
285.07206113194707
 10
505.83128505912725
 20
285.44831685127144
 10
504.8285956426028
 20
285.8493005695034
 10
504.76666666666677
 20
285.87584736076656
 10
504.76666666666677
 20
330.7999997546507
 97
0
 75
1
 76
1
 52
0.0
 41
0.6299212598425197
 77
0
 78
1
 53
45.0
 43
0.0
 44
0.0
 45
-1.4142135624
 46
1.4142135624
 79
0
 98
0
  0
LINE
  5
237
330
17
100
AcDbEntity
  8
08-FINA
100
AcDbLine
 10
532.8586666666667
 20
309.0
 30
0.0
 11
532.8586666666667
 21
346.0
 31
0.0
  0
LINE
  5
238
330
17
100
AcDbEntity
  8
08-FINA
100
AcDbLine
 10
531.3666666666668
 20
334.04999999999995
 30
0.0
 11
509.3666666666668
 21
350.04999999999995
 31
0.0
  0
HATCH
  5
239
330
17
100
AcDbEntity
  8
08-FINA
 62
7
100
AcDbHatch
 10
0.0
 20
0.0
 30
0.0
210
0.0
220
0.0
230
1.0
  2
SOLID
 70
1
 71
0
 91
1
 92
3
 72
0
 73
1
 93
3
 10
531.3666666666668
 20
334.04999999999995
 10
529.5800951349788
 20
335.8439236779089
 10
529.1095577768388
 20
335.1969348104663
 97
0
 75
1
 76
1
 98
0
  0
LINE
  5
23A
330
17
100
AcDbEntity
  8
08-FINA
100
AcDbLine
 10
509.3666666666668
 20
350.04999999999995
 30
0.0
 11
480.5666666666668
 21
350.04999999999995
 31
0.0
  0
TEXT
  5
23B
330
17
100
AcDbEntity
  8
06-TEXTO
100
AcDbText
 10
494.9666666666668
 20
350.84999999999997
 30
0.0
 40
2.5
  1
RBSP 2 1/2"-11 h
  7
ISO3098
 72
1
 11
494.9666666666668
 21
350.84999999999997
 31
0.0
100
AcDbText
 73
1
  0
LINE
  5
23C
330
17
100
AcDbEntity
  8
12-SOLDADURA
100
AcDbLine
 10
553.8666666666668
 20
294.6
 30
0.0
 11
539.8666666666668
 21
310.6
 31
0.0
  0
HATCH
  5
23D
330
17
100
AcDbEntity
  8
08-FINA
 62
7
100
AcDbHatch
 10
0.0
 20
0.0
 30
0.0
210
0.0
220
0.0
230
1.0
  2
SOLID
 70
1
 71
0
 91
1
 92
3
 72
0
 73
1
 93
3
 10
539.8666666666668
 20
310.6
 10
541.4658921429188
 20
308.01301761194514
 10
542.2184688376258
 20
308.67152221981365
 97
0
 75
1
 76
1
 98
0
  0
LINE
  5
23E
330
17
100
AcDbEntity
  8
12-SOLDADURA
100
AcDbLine
 10
553.8666666666668
 20
294.6
 30
0.0
 11
569.8666666666668
 21
294.6
 31
0.0
  0
LINE
  5
23F
330
17
100
AcDbEntity
  8
12-SOLDADURA
  6
ISO02-TRAZOS
100
AcDbLine
 10
553.8666666666668
 20
296.1
 30
0.0
 11
569.8666666666668
 21
296.1
 31
0.0
  0
LWPOLYLINE
  5
240
330
17
100
AcDbEntity
  8
12-SOLDADURA
100
AcDbPolyline
 90
3
 70
1
 10
558.8666666666668
 20
294.6
 10
558.8666666666668
 20
291.1
 10
562.3666666666668
 20
294.6
  0
CIRCLE
  5
241
330
17
100
AcDbEntity
  8
12-SOLDADURA
100
AcDbCircle
 10
553.8666666666668
 20
294.6
 30
0.0
 40
1.5
  0
LINE
  5
242
330
17
100
AcDbEntity
  8
12-SOLDADURA
100
AcDbLine
 10
569.8666666666668
 20
294.6
 30
0.0
 11
572.3666666666668
 21
297.1
 31
0.0
  0
LINE
  5
243
330
17
100
AcDbEntity
  8
12-SOLDADURA
100
AcDbLine
 10
569.8666666666668
 20
294.6
 30
0.0
 11
572.3666666666668
 21
292.1
 31
0.0
  0
TEXT
  5
244
330
17
100
AcDbEntity
  8
12-SOLDADURA
100
AcDbText
 10
573.3666666666668
 20
294.6
 30
0.0
 40
2.5
  1
131
  7
ISO3098
 11
573.3666666666668
 21
294.6
 31
0.0
100
AcDbText
 73
2
  0
CIRCLE
  5
245
330
17
100
AcDbEntity
  8
08-FINA
100
AcDbCircle
 10
521.6666666666667
 20
326.5
 30
0.0
 40
44.0
  0
TEXT
  5
246
330
17
100
AcDbEntity
  8
06-TEXTO
100
AcDbText
 10
521.6666666666667
 20
277.5
 30
0.0
 40
5.0
  1
B (1:1)
  7
ISO3098
 72
1
 11
521.6666666666667
 21
277.5
 31
0.0
100
AcDbText
 73
2
  0
TEXT
  5
247
330
17
100
AcDbEntity
  8
06-TEXTO
100
AcDbText
 10
521.6666666666667
 20
272.0
 30
0.0
 40
2.5
  1
Cuello roscado
  7
ISO3098
 72
1
 11
521.6666666666667
 21
272.0
 31
0.0
100
AcDbText
 73
2
  0
CIRCLE
  5
248
330
17
100
AcDbEntity
  8
08-FINA
100
AcDbCircle
 10
119.55200000000002
 20
270.02390837546506
 30
0.0
 40
2.5600000000000005
  0
TEXT
  5
249
330
17
100
AcDbEntity
  8
06-TEXTO
100
AcDbText
 10
111.992
 20
270.02390837546506
 30
0.0
 40
5.0
  1
C
  7
ISO3098
 72
1
 11
111.992
 21
270.02390837546506
 31
0.0
100
AcDbText
 73
2
  0
LWPOLYLINE
  5
24A
330
17
100
AcDbEntity
  8
01-VISIBLE
100
AcDbPolyline
 90
2
 70
0
 10
286.7333333333333
 20
132.7145653350633
 10
286.7333333333333
 20
157.5
  0
LWPOLYLINE
  5
24B
330
17
100
AcDbEntity
  8
01-VISIBLE
100
AcDbPolyline
 90
2
 70
0
 10
286.7333333333333
 20
157.5
 10
280.33333333333366
 20
157.5
  0
LWPOLYLINE
  5
24C
330
17
100
AcDbEntity
  8
01-VISIBLE
100
AcDbPolyline
 90
2
 70
0
 10
280.3333333333333
 20
131.9000000000001
 10
280.3333333333333
 20
157.5
  0
LWPOLYLINE
  5
24D
330
17
100
AcDbEntity
  8
01-VISIBLE
100
AcDbPolyline
 90
28
 70
0
 10
286.7333333333333
 20
157.5
 10
286.7303657794458
 20
158.44962180147968
 10
286.72145493891327
 20
159.39920642496327
 10
286.70658975190145
 20
160.34871649642832
 10
286.6857607852577
 20
161.29811446065696
 10
286.6589602498592
 20
162.24736261776025
 10
286.62618201564453
 20
163.1964231602774
 10
286.5874216242701
 20
164.14525821076245
 10
286.54267629934395
 20
165.09382985975572
 10
286.49194495419476
 20
166.04210020404253
 10
286.4352281971451
 20
166.99003138509943
 10
286.37252833426504
 20
167.93758562762127
 10
286.3038493695919
 20
168.88472527803015
 10
286.229197002811
 20
169.83141284285716
 10
286.1485786244018
 20
170.77761102689738
 10
286.0620033082614
 20
171.72328277103225
 10
285.96948180182903
 20
172.66839128961874
 10
285.8710265137419
 20
173.61290010734592
 10
285.7666514990622
 20
174.55677309546036
 10
285.6563724421237
 20
175.49997450726642
 10
285.54020663705535
 20
176.4424690128094
 10
285.41817302586367
 20
177.3842217405238
 10
285.29029227375156
 20
178.32519832460457
 10
285.15658525879167
 20
179.26536472911653
 10
285.0170723991388
 20
180.20468715023026
 10
284.8717736460319
 20
181.14313199958315
 10
284.72070848262916
 20
182.08066588845463
 10
284.6104646065964
 20
182.73911621712273
  0
LWPOLYLINE
  5
24E
330
17
100
AcDbEntity
  8
01-VISIBLE
100
AcDbPolyline
 90
29
 70
0
 10
277.97247897515115
 20
182.98950710628424
 10
278.09324732458526
 20
182.3156374383609
 10
278.2535392738147
 20
181.40489731806497
 10
278.41116280117745
 20
180.49369153605562
 10
278.56628770168044
 20
179.58205701888755
 10
278.719089574554
 20
178.6700302169404
 10
278.8697562534074
 20
177.75764821150779
 10
279.0184971999225
 20
176.84495024569355
 10
279.16555456080096
 20
175.9319794624157
 10
279.31040695472694
 20
175.01865663709077
 10
279.45051913001555
 20
174.10459593651603
 10
279.5828590748865
 20
173.18937981701902
 10
279.7046233997756
 20
172.27269916974547
 10
279.81377377009403
 20
171.35443288485544
 10
279.90935146328917
 20
170.43465529100945
 10
279.99144796963554
 20
169.51357584622042
 10
280.0609228931355
 20
168.5914571813555
 10
280.11905438326204
 20
167.668552538742
 10
280.1672549299491
 20
166.74507470138246
 10
280.206893054922
 20
165.82118871683906
 10
280.23920483360195
 20
164.89701672948013
 10
280.2652636814316
 20
163.97264673489326
 10
280.28598169312255
 20
163.04814121235154
 10
280.3021252396452
 20
162.12354420908218
 10
280.3143352135831
 20
161.19888668679505
 10
280.3231472033729
 20
160.27419038885978
 10
280.3290096058541
 20
159.34947057788986
 10
280.3322990734346
 20
158.42473795478236
 10
280.3333333333333
 20
157.5
  0
LWPOLYLINE
  5
24F
330
17
100
AcDbEntity
  8
01-VISIBLE
100
AcDbPolyline
 90
2
 70
0
 10
280.33333333333366
 20
157.5
 10
286.7333333333333
 20
157.5
  0
LWPOLYLINE
  5
250
330
17
100
AcDbEntity
  8
01-VISIBLE
100
AcDbPolyline
 90
41
 70
0
 10
288.6533333333333
 20
157.5
 10
288.6493859988858
 20
157.70101025668646
 10
288.6375500820469
 20
157.90171057012662
 10
288.6178438329425
 20
158.1017914749841
 10
288.5902976371804
 20
158.30094446100588
 10
288.55495396899784
 20
158.49886244872255
 10
288.5118673257694
 20
158.6952402629422
 10
288.461104143976
 20
158.88977510330915
 10
288.4027426967645
 20
159.08216701119977
 10
288.33687297325645
 20
159.2721193322368
 10
288.2635965397911
 20
159.45933917370917
 10
288.1830263833177
 20
159.64353785619164
 10
288.09528673717773
 20
159.82443135866652
 10
288.00051288954603
 20
160.00174075646441
 10
287.89885097482625
 20
160.1751926513457
 10
287.79045774832235
 20
160.34451959306034
 10
287.675500344533
 20
160.5094604917374
 10
287.5541560194427
 20
160.66976102046624
 10
287.42661187720546
 20
160.82517400745064
 10
287.293064581644
 20
160.9754598171287
 10
287.15372005300844
 20
161.12038671967503
 10
287.00879315046194
 20
161.2597312483108
 10
286.85850734078383
 20
161.39327854387216
 10
286.70309435379966
 20
161.52082268610934
 10
286.54279382507076
 20
161.64216701119972
 10
286.37785292639364
 20
161.757124414989
 10
286.20852598467894
 20
161.86551764149294
 10
286.0350740897977
 20
161.9671795562126
 10
285.85776469199976
 20
162.06195340384443
 10
285.67687118952495
 20
162.1496930499843
 10
285.4926725070426
 20
162.23026320645772
 10
285.30545266557004
 20
162.3035396399232
 10
285.115500344533
 20
162.36940936343126
 10
284.9231084366425
 20
162.42777081064264
 10
284.72857359627557
 20
162.47853399243604
 10
284.5321957820559
 20
162.52162063566448
 10
284.3342777943393
 20
162.55696430384705
 10
284.1351248083174
 20
162.58451049960922
 10
283.93504390345987
 20
162.60421674871372
 10
283.73434359001976
 20
162.61605266555262
 10
283.5333333333333
 20
162.6199999999999
  0
LWPOLYLINE
  5
251
330
17
100
AcDbEntity
  8
01-VISIBLE
100
AcDbPolyline
 90
81
 70
0
 10
283.5333333333333
 20
162.6199999999999
 10
283.33232307664684
 20
162.61605266555262
 10
283.13162276320674
 20
162.60421674871372
 10
282.9315418583492
 20
162.58451049960922
 10
282.7323888723273
 20
162.55696430384705
 10
282.5344708846107
 20
162.52162063566448
 10
282.33809307039104
 20
162.47853399243604
 10
282.1435582300241
 20
162.42777081064264
 10
281.9511663221336
 20
162.36940936343126
 10
281.76121400109656
 20
162.3035396399232
 10
281.573994159624
 20
162.23026320645772
 10
281.38979547714166
 20
162.1496930499843
 10
281.20890197466684
 20
162.06195340384443
 10
281.0315925768689
 20
161.9671795562126
 10
280.85814068198766
 20
161.86551764149294
 10
280.68881374027296
 20
161.757124414989
 10
280.52387284159585
 20
161.64216701119972
 10
280.36357231286695
 20
161.52082268610934
 10
280.2081593258828
 20
161.39327854387216
 10
280.05787351620467
 20
161.2597312483108
 10
279.91294661365816
 20
161.12038671967503
 10
279.7736020850226
 20
160.9754598171287
 10
279.64005478946115
 20
160.82517400745064
 10
279.5125106472239
 20
160.66976102046624
 10
279.3911663221336
 20
160.5094604917374
 10
279.27620891834425
 20
160.34451959306034
 10
279.16781569184036
 20
160.1751926513457
 10
279.0661537771206
 20
160.00174075646441
 10
278.9713799294889
 20
159.82443135866652
 10
278.8836402833489
 20
159.64353785619164
 10
278.8030701268755
 20
159.45933917370917
 10
278.72979369341016
 20
159.2721193322368
 10
278.6639239699021
 20
159.08216701119977
 10
278.6055625226906
 20
158.88977510330915
 10
278.5547993408972
 20
158.6952402629422
 10
278.51171269766877
 20
158.49886244872255
 10
278.4763690294862
 20
158.30094446100588
 10
278.4488228337241
 20
158.1017914749841
 10
278.4291165846197
 20
157.90171057012662
 10
278.4172806677808
 20
157.70101025668646
 10
278.4133333333333
 20
157.5
 10
278.4172806677808
 20
157.29898974331354
 10
278.4291165846197
 20
157.09828942987338
 10
278.4488228337241
 20
156.8982085250159
 10
278.4763690294862
 20
156.69905553899412
 10
278.51171269766877
 20
156.50113755127745
 10
278.5547993408972
 20
156.3047597370578
 10
278.6055625226906
 20
156.11022489669085
 10
278.6639239699021
 20
155.91783298880023
 10
278.72979369341016
 20
155.7278806677632
 10
278.8030701268755
 20
155.54066082629083
 10
278.8836402833489
 20
155.35646214380836
 10
278.9713799294889
 20
155.17556864133348
 10
279.0661537771206
 20
154.99825924353559
 10
279.16781569184036
 20
154.8248073486543
 10
279.27620891834425
 20
154.65548040693966
 10
279.3911663221336
 20
154.4905395082626
 10
279.5125106472239
 20
154.33023897953376
 10
279.64005478946115
 20
154.17482599254936
 10
279.7736020850226
 20
154.0245401828713
 10
279.91294661365816
 20
153.87961328032497
 10
280.05787351620467
 20
153.7402687516892
 10
280.2081593258828
 20
153.60672145612784
 10
280.36357231286695
 20
153.47917731389066
 10
280.52387284159585
 20
153.35783298880028
 10
280.68881374027296
 20
153.242875585011
 10
280.85814068198766
 20
153.13448235850706
 10
281.0315925768689
 20
153.0328204437874
 10
281.20890197466684
 20
152.93804659615557
 10
281.38979547714166
 20
152.8503069500157
 10
281.573994159624
 20
152.76973679354228
 10
281.76121400109656
 20
152.6964603600768
 10
281.9511663221336
 20
152.63059063656874
 10
282.1435582300241
 20
152.57222918935736
 10
282.3380930703911
 20
152.52146600756396
 10
282.5344708846107
 20
152.47837936433552
 10
282.7323888723273
 20
152.44303569615295
 10
282.9315418583492
 20
152.41548950039078
 10
283.13162276320674
 20
152.39578325128628
 10
283.33232307664684
 20
152.38394733444738
 10
283.5333333333333
 20
152.3800000000001
  0
LWPOLYLINE
  5
252
330
17
100
AcDbEntity
  8
01-VISIBLE
100
AcDbPolyline
 90
41
 70
0
 10
283.5333333333333
 20
152.3800000000001
 10
283.73434359001976
 20
152.38394733444738
 10
283.93504390345987
 20
152.39578325128628
 10
284.1351248083174
 20
152.41548950039078
 10
284.3342777943393
 20
152.44303569615295
 10
284.5321957820559
 20
152.47837936433552
 10
284.72857359627557
 20
152.52146600756396
 10
284.9231084366425
 20
152.57222918935736
 10
285.115500344533
 20
152.63059063656874
 10
285.30545266557004
 20
152.6964603600768
 10
285.4926725070426
 20
152.76973679354228
 10
285.67687118952495
 20
152.8503069500157
 10
285.85776469199976
 20
152.93804659615557
 10
286.0350740897977
 20
153.0328204437874
 10
286.20852598467894
 20
153.13448235850706
 10
286.37785292639364
 20
153.242875585011
 10
286.54279382507076
 20
153.35783298880028
 10
286.70309435379966
 20
153.47917731389066
 10
286.85850734078383
 20
153.60672145612784
 10
287.00879315046194
 20
153.7402687516892
 10
287.15372005300844
 20
153.87961328032497
 10
287.293064581644
 20
154.0245401828713
 10
287.42661187720546
 20
154.17482599254936
 10
287.5541560194427
 20
154.33023897953376
 10
287.675500344533
 20
154.4905395082626
 10
287.79045774832235
 20
154.65548040693966
 10
287.89885097482625
 20
154.8248073486543
 10
288.00051288954603
 20
154.99825924353559
 10
288.09528673717773
 20
155.17556864133348
 10
288.1830263833177
 20
155.35646214380836
 10
288.2635965397911
 20
155.54066082629083
 10
288.33687297325645
 20
155.7278806677632
 10
288.4027426967645
 20
155.91783298880023
 10
288.461104143976
 20
156.11022489669085
 10
288.5118673257694
 20
156.3047597370578
 10
288.55495396899784
 20
156.50113755127745
 10
288.5902976371804
 20
156.69905553899412
 10
288.6178438329425
 20
156.8982085250159
 10
288.6375500820469
 20
157.09828942987338
 10
288.6493859988858
 20
157.29898974331354
 10
288.6533333333333
 20
157.5
  0
HATCH
  5
253
330
17
100
AcDbEntity
  8
05-RAYADO
 62
7
100
AcDbHatch
 10
0.0
 20
0.0
 30
0.0
210
0.0
220
0.0
230
1.0
  2
ANSI31
 70
0
 71
0
 91
1
 92
3
 72
0
 73
1
 93
14
 10
286.7333333333333
 20
157.5
 10
286.7333333333333
 20
132.7145653350633
 10
286.5536259388569
 20
132.6671999182197
 10
285.94232508134917
 20
132.52202547101365
 10
285.3276455769462
 20
132.3918968216774
 10
284.70995768559703
 20
132.27689235484308
 10
284.08963347939056
 20
132.17708134490158
 10
283.46704661843324
 20
132.092523914273
 10
282.84257212577006
 20
132.02327099719173
 10
282.2165861614848
 20
131.96936430902542
 10
281.58946579611523
 20
131.93083632114758
 10
280.96158878351986
 20
131.90771024137712
 10
280.3333333333333
 20
131.9000000000001
 10
280.3333333333333
 20
157.5
 97
0
 75
1
 76
1
 52
0.0
 41
0.6299212598425197
 77
0
 78
1
 53
45.0
 43
0.0
 44
0.0
 45
-1.4142135624
 46
1.4142135624
 79
0
 98
0
  0
HATCH
  5
254
330
17
100
AcDbEntity
  8
05-RAYADO
 62
7
100
AcDbHatch
 10
0.0
 20
0.0
 30
0.0
210
0.0
220
0.0
230
1.0
  2
ANSI31
 70
0
 71
0
 91
1
 92
3
 72
0
 73
1
 93
67
 10
284.7207093333333
 20
182.08066600000006
 10
284.8717733333333
 20
181.14313199999992
 10
285.0170733333333
 20
180.20468800000003
 10
285.1565853333333
 20
179.2653640000001
 10
285.2902913333333
 20
178.325198
 10
285.4181733333333
 20
177.3842219999999
 10
285.5402073333333
 20
176.44246999999996
 10
285.6563733333333
 20
175.49997400000007
 10
285.7666513333333
 20
174.5567739999999
 10
285.8710273333333
 20
173.61290000000008
 10
285.9694813333333
 20
172.66839200000004
 10
286.0620033333333
 20
171.72328199999993
 10
286.1485793333333
 20
170.7776120000001
 10
286.2291973333333
 20
169.831412
 10
286.3038493333333
 20
168.884726
 10
286.3725293333333
 20
167.937586
 10
286.4352273333333
 20
166.99003199999993
 10
286.4919453333333
 20
166.0420999999999
 10
286.5426753333333
 20
165.09383000000003
 10
286.5874213333333
 20
164.145258
 10
286.6261813333333
 20
163.19642399999998
 10
286.6589593333333
 20
162.24736200000007
 10
286.6857613333333
 20
161.29811399999994
 10
286.7065893333333
 20
160.34871599999997
 10
286.72145533333327
 20
159.39920600000005
 10
286.7303653333333
 20
158.4496220000001
 10
286.7333333333333
 20
157.5
 10
280.3333333333333
 20
157.5
 10
280.3322993333333
 20
158.42473799999993
 10
280.3290093333333
 20
159.3494700000001
 10
280.3231473333333
 20
160.2741900000001
 10
280.3143353333333
 20
161.1988859999999
 10
280.30212533333327
 20
162.12354400000004
 10
280.28598133333327
 20
163.0481420000001
 10
280.2652633333333
 20
163.97264599999994
 10
280.2392053333333
 20
164.8970159999999
 10
280.2068933333333
 20
165.8211879999999
 10
280.1672553333333
 20
166.74507399999993
 10
280.1190553333333
 20
167.6685520000001
 10
280.0609233333333
 20
168.5914580000001
 10
279.99144733333327
 20
169.51357600000006
 10
279.9093513333333
 20
170.4346559999999
 10
279.8137733333333
 20
171.3544320000001
 10
279.7046233333333
 20
172.2727
 10
279.5828593333333
 20
173.18938000000003
 10
279.4505193333333
 20
174.1045959999999
 10
279.3104073333333
 20
175.01865599999996
 10
279.1655553333333
 20
175.93198000000007
 10
279.0184973333333
 20
176.84494999999993
 10
278.8697553333333
 20
177.75764800000002
 10
278.7190893333333
 20
178.67003
 10
278.56628733333326
 20
179.58205799999996
 10
278.41116333333326
 20
180.493692
 10
278.25353933333326
 20
181.404898
 10
278.0932473333333
 20
182.31563800000004
 10
277.9724783692444
 20
182.98950705410653
 10
278.4500805051818
 20
183.03063569097458
 10
279.0772008705514
 20
183.06916367885242
 10
279.70507788314677
 20
183.09228975862288
 10
280.3333333333333
 20
183.0999999999999
 10
280.96158878351986
 20
183.09228975862288
 10
281.58946579611523
 20
183.06916367885242
 10
282.21658616148477
 20
183.03063569097458
 10
282.84257212577006
 20
182.97672900280827
 10
283.46704661843324
 20
182.907476085727
 10
284.08963347939056
 20
182.82291865509842
 10
284.6104644927736
 20
182.739116235437
 97
0
 75
1
 76
1
 52
90.0
 41
0.6299212598425197
 77
0
 78
1
 53
135.0
 43
0.0
 44
0.0
 45
-1.4142135624
 46
-1.4142135624
 79
0
 98
0
  0
HATCH
  5
255
330
17
100
AcDbEntity
  8
05-RAYADO
 62
7
100
AcDbHatch
 10
0.0
 20
0.0
 30
0.0
210
0.0
220
0.0
230
1.0
  2
SOLID
 70
1
 71
0
 91
1
 92
3
 72
0
 73
1
 93
80
 10
288.6375493333333
 20
157.0982899999999
 10
288.5902973333333
 20
156.69905599999993
 10
288.51186733333327
 20
156.30476
 10
288.4027433333333
 20
155.9178320000001
 10
288.2635973333333
 20
155.5406599999999
 10
288.0952873333333
 20
155.1755680000001
 10
287.8988513333333
 20
154.82480800000008
 10
287.6755013333333
 20
154.49054
 10
287.4266113333333
 20
154.17482599999994
 10
287.1537193333333
 20
153.87961399999995
 10
286.8585073333333
 20
153.606722
 10
286.5427933333333
 20
153.35783199999992
 10
286.2085253333333
 20
153.13448199999993
 10
285.8577653333333
 20
152.93804599999999
 10
285.4926733333333
 20
152.76973599999997
 10
285.11550133333327
 20
152.63058999999998
 10
284.7285733333333
 20
152.52146599999992
 10
284.3342773333333
 20
152.4430359999999
 10
283.9350433333333
 20
152.39578400000005
 10
283.5333333333333
 20
152.3800000000001
 10
283.13162333333327
 20
152.39578400000005
 10
282.7323893333333
 20
152.4430359999999
 10
282.3380933333333
 20
152.52146599999992
 10
281.9511653333333
 20
152.63058999999998
 10
281.5739933333333
 20
152.76973599999997
 10
281.2089013333333
 20
152.93804599999999
 10
280.85814133333326
 20
153.13448199999993
 10
280.5238733333333
 20
153.35783199999992
 10
280.2081593333333
 20
153.606722
 10
279.9129473333333
 20
153.87961399999995
 10
279.6400553333333
 20
154.17482599999994
 10
279.3911653333333
 20
154.49054
 10
279.1678153333333
 20
154.82480800000008
 10
278.9713793333333
 20
155.1755680000001
 10
278.80306933333327
 20
155.5406599999999
 10
278.6639233333333
 20
155.9178320000001
 10
278.5547993333333
 20
156.30476
 10
278.4763693333333
 20
156.69905599999993
 10
278.4291173333333
 20
157.0982899999999
 10
278.4133333333333
 20
157.5
 10
278.4291173333333
 20
157.9017100000001
 10
278.4763693333333
 20
158.30094400000007
 10
278.5547993333333
 20
158.69524
 10
278.6639233333333
 20
159.0821679999999
 10
278.80306933333327
 20
159.4593400000001
 10
278.9713793333333
 20
159.8244319999999
 10
279.1678153333333
 20
160.17519199999992
 10
279.3911653333333
 20
160.50946
 10
279.6400553333333
 20
160.82517400000006
 10
279.9129473333333
 20
161.12038600000005
 10
280.2081593333333
 20
161.393278
 10
280.5238733333333
 20
161.64216800000008
 10
280.85814133333326
 20
161.86551800000007
 10
281.2089013333333
 20
162.06195400000001
 10
281.5739933333333
 20
162.23026400000003
 10
281.9511653333333
 20
162.36941000000002
 10
282.3380933333333
 20
162.47853400000008
 10
282.7323893333333
 20
162.5569640000001
 10
283.13162333333327
 20
162.60421599999995
 10
283.5333333333333
 20
162.6199999999999
 10
283.9350433333333
 20
162.60421599999995
 10
284.3342773333333
 20
162.5569640000001
 10
284.7285733333333
 20
162.47853400000008
 10
285.11550133333327
 20
162.36941000000002
 10
285.4926733333333
 20
162.23026400000003
 10
285.8577653333333
 20
162.06195400000001
 10
286.2085253333333
 20
161.86551800000007
 10
286.5427933333333
 20
161.64216800000008
 10
286.8585073333333
 20
161.393278
 10
287.1537193333333
 20
161.12038600000005
 10
287.4266113333333
 20
160.82517400000006
 10
287.6755013333333
 20
160.50946
 10
287.8988513333333
 20
160.17519199999992
 10
288.0952873333333
 20
159.8244319999999
 10
288.2635973333333
 20
159.4593400000001
 10
288.4027433333333
 20
159.0821679999999
 10
288.51186733333327
 20
158.69524
 10
288.5902973333333
 20
158.30094400000007
 10
288.6375493333333
 20
157.9017100000001
 10
288.6533333333333
 20
157.5
 97
0
 75
1
 76
1
 98
0
  0
LINE
  5
256
330
17
100
AcDbEntity
  8
12-SOLDADURA
100
AcDbLine
 10
299.3333333333333
 20
173.0999999999999
 30
0.0
 11
287.3333333333333
 21
159.0999999999999
 31
0.0
  0
HATCH
  5
257
330
17
100
AcDbEntity
  8
08-FINA
 62
7
100
AcDbHatch
 10
0.0
 20
0.0
 30
0.0
210
0.0
220
0.0
230
1.0
  2
SOLID
 70
1
 71
0
 91
1
 92
3
 72
0
 73
1
 93
3
 10
287.3333333333333
 20
159.0999999999999
 10
289.66533575488387
 20
161.05237412036783
 10
288.90607915251854
 20
161.70316549382378
 97
0
 75
1
 76
1
 98
0
  0
LINE
  5
258
330
17
100
AcDbEntity
  8
12-SOLDADURA
100
AcDbLine
 10
299.3333333333333
 20
173.0999999999999
 30
0.0
 11
315.3333333333333
 21
173.0999999999999
 31
0.0
  0
LINE
  5
259
330
17
100
AcDbEntity
  8
12-SOLDADURA
  6
ISO02-TRAZOS
100
AcDbLine
 10
299.3333333333333
 20
174.5999999999999
 30
0.0
 11
315.3333333333333
 21
174.5999999999999
 31
0.0
  0
LWPOLYLINE
  5
25A
330
17
100
AcDbEntity
  8
12-SOLDADURA
100
AcDbPolyline
 90
3
 70
1
 10
304.3333333333333
 20
173.0999999999999
 10
304.3333333333333
 20
169.5999999999999
 10
307.8333333333333
 20
173.0999999999999
  0
CIRCLE
  5
25B
330
17
100
AcDbEntity
  8
12-SOLDADURA
100
AcDbCircle
 10
299.3333333333333
 20
173.0999999999999
 30
0.0
 40
1.5
  0
LINE
  5
25C
330
17
100
AcDbEntity
  8
12-SOLDADURA
100
AcDbLine
 10
315.3333333333333
 20
173.0999999999999
 30
0.0
 11
317.8333333333333
 21
175.5999999999999
 31
0.0
  0
LINE
  5
25D
330
17
100
AcDbEntity
  8
12-SOLDADURA
100
AcDbLine
 10
315.3333333333333
 20
173.0999999999999
 30
0.0
 11
317.8333333333333
 21
170.5999999999999
 31
0.0
  0
TEXT
  5
25E
330
17
100
AcDbEntity
  8
12-SOLDADURA
100
AcDbText
 10
318.8333333333333
 20
173.0999999999999
 30
0.0
 40
2.5
  1
131
  7
ISO3098
 11
318.8333333333333
 21
173.0999999999999
 31
0.0
100
AcDbText
 73
2
  0
TEXT
  5
25F
330
17
100
AcDbEntity
  8
06-TEXTO
100
AcDbText
 10
267.5333333333333
 20
131.9000000000001
 30
0.0
 40
2.5
  1
e = 3,2
  7
ISO3098
 72
1
 11
267.5333333333333
 21
131.9000000000001
 31
0.0
100
AcDbText
 73
2
  0
CIRCLE
  5
260
330
17
100
AcDbEntity
  8
08-FINA
100
AcDbCircle
 10
280.3333333333333
 20
157.5
 30
0.0
 40
25.6
  0
TEXT
  5
261
330
17
100
AcDbEntity
  8
06-TEXTO
100
AcDbText
 10
280.3333333333333
 20
126.9
 30
0.0
 40
5.0
  1
C (2:1)
  7
ISO3098
 72
1
 11
280.3333333333333
 21
126.9
 31
0.0
100
AcDbText
 73
2
  0
TEXT
  5
262
330
17
100
AcDbEntity
  8
06-TEXTO
100
AcDbText
 10
280.3333333333333
 20
121.4
 30
0.0
 40
2.5
  1
Unión cúpula-cuerpo
  7
ISO3098
 72
1
 11
280.3333333333333
 21
121.4
 31
0.0
100
AcDbText
 73
2
  0
CIRCLE
  5
263
330
17
100
AcDbEntity
  8
08-FINA
100
AcDbCircle
 10
119.55200000000002
 20
137.18390837546505
 30
0.0
 40
3.8400000000000007
  0
TEXT
  5
264
330
17
100
AcDbEntity
  8
06-TEXTO
100
AcDbText
 10
110.71200000000002
 20
137.18390837546505
 30
0.0
 40
5.0
  1
D
  7
ISO3098
 72
1
 11
110.71200000000002
 21
137.18390837546505
 31
0.0
100
AcDbText
 73
2
  0
LWPOLYLINE
  5
265
330
17
100
AcDbEntity
  8
01-VISIBLE
100
AcDbPolyline
 90
2
 70
0
 10
407.4
 20
157.5
 10
407.4
 20
195.36119997987254
  0
LWPOLYLINE
  5
266
330
17
100
AcDbEntity
  8
01-VISIBLE
100
AcDbPolyline
 90
2
 70
0
 10
407.4
 20
157.50000000000017
 10
401.00000000000034
 20
157.50000000000017
  0
LWPOLYLINE
  5
267
330
17
100
AcDbEntity
  8
01-VISIBLE
100
AcDbPolyline
 90
2
 70
0
 10
401.0
 20
157.5
 10
401.0
 20
195.89999999999998
  0
LWPOLYLINE
  5
268
330
17
100
AcDbEntity
  8
01-VISIBLE
100
AcDbPolyline
 90
35
 70
0
 10
402.3557758340531
 20
119.12679151529562
 10
402.5599314583563
 20
119.9760346516357
 10
402.8228503390487
 20
121.09598770007187
 10
403.0801923379835
 20
122.21723550681997
 10
403.3323257440902
 20
123.33966618361416
 10
403.57959632328
 20
124.46317827942187
 10
403.82233282295715
 20
125.58767879901978
 10
404.0608525467478
 20
126.71308139412997
 10
404.29546736273903
 20
127.83930462300845
 10
404.5264906339983
 20
128.9662701594571
 10
404.75424578886424
 20
130.0939007952586
 10
404.97907766296464
 20
131.22211800520301
 10
405.20136851542014
 20
132.35083869735087
 10
405.4215621197845
 20
133.47997047715882
 10
405.64020242657244
 20
134.60940413115924
 10
405.8577422052469
 20
135.7390502439648
 10
406.0714902565332
 20
136.8694184545339
 10
406.2758995444105
 20
138.00150847748097
 10
406.4651571934434
 20
139.13622359700724
 10
406.63459488359183
 20
140.27406170425598
 10
406.7817549755827
 20
141.41499302025267
 10
406.9065375307371
 20
142.55858967918238
 10
407.01055681191167
 20
143.70426491739653
 10
407.0962788912041
 20
144.85145788505832
 10
407.16635833360664
 20
145.99971557759562
 10
407.2232701288477
 20
147.14870341489217
 10
407.26916271700344
 20
148.29818569758504
 10
407.30583409669987
 20
149.44800019462355
 10
407.3347626447507
 20
150.5980362966676
 10
407.357155552806
 20
151.74821873613917
 10
407.3739978650401
 20
152.89849620161198
 10
407.3860956515103
 20
154.04883360102048
 10
407.39411173469966
 20
155.19920686268938
 10
407.39859437840073
 20
156.34959944741888
 10
407.4
 20
157.5
  0
LWPOLYLINE
  5
269
330
17
100
AcDbEntity
  8
01-VISIBLE
100
AcDbPolyline
 90
2
 70
0
 10
407.4
 20
157.50000000000017
 10
401.00000000000034
 20
157.50000000000017
  0
LWPOLYLINE
  5
26A
330
17
100
AcDbEntity
  8
01-VISIBLE
100
AcDbPolyline
 90
36
 70
0
 10
401.0
 20
157.5
 10
400.99568359415684
 20
156.37416605920197
 10
400.9827165922869
 20
155.2483985376603
 10
400.96107500226407
 20
154.12276437697358
 10
400.9307384624233
 20
152.99733099939743
 10
400.8916902993434
 20
151.87216620727895
 10
400.84391757776984
 20
150.74733808012343
 10
400.7874111423838
 20
149.62291486969144
 10
400.7221656511709
 20
148.49896489353785
 10
400.64817960018115
 20
147.37555642742484
 10
400.5654553395225
 20
146.2527575970475
 10
400.47399908047464
 20
145.13063626952373
 10
400.3738208936614
 20
144.00925994510106
 10
400.26493469826835
 20
142.88869564953694
 10
400.1473582423426
 20
141.769009827604
 10
400.02111307426225
 20
140.65026823816777
 10
399.8862245055117
 20
139.53253585127226
 10
399.74272156494624
 20
138.4158767476564
 10
399.59063694477675
 20
137.3003540211074
 10
399.43000693854776
 20
136.18602968403587
 10
399.26087139597024
 20
135.07296457283684
 10
399.0832735856004
 20
133.96121827046716
 10
398.897257487129
 20
132.8508494660511
 10
398.7028660660984
 20
131.7419162437413
 10
398.5001412193737
 20
130.63447613437643
 10
398.28912377202437
 20
129.52858615918097
 10
398.06985347501217
 20
128.42430287305183
 10
397.8423690036358
 20
127.32168240744767
 10
397.60670795668545
 20
126.22078051289742
 10
397.36290685626375
 20
125.12165260114682
 10
397.1110011482309
 20
124.02435378696282
 10
396.8510252032378
 20
122.92893892961763
 10
396.58301231831064
 20
121.83546267407348
 10
396.30699471895537
 20
120.74397949189358
 10
396.02300356175186
 20
119.65454372190163
 10
395.9638866826138
 20
119.43435812594907
  0
LWPOLYLINE
  5
26B
330
17
100
AcDbEntity
  8
01-VISIBLE
100
AcDbPolyline
 90
41
 70
0
 10
409.32
 20
157.5
 10
409.3160526655525
 20
157.70101025668646
 10
409.3042167487136
 20
157.90171057012657
 10
409.2845104996092
 20
158.1017914749841
 10
409.2569643038471
 20
158.300944461006
 10
409.2216206356645
 20
158.4988624487226
 10
409.1785339924361
 20
158.69524026294226
 10
409.1277708106427
 20
158.8897751033092
 10
409.0694093634312
 20
159.08216701119972
 10
409.00353963992313
 20
159.27211933223674
 10
408.93026320645777
 20
159.45933917370928
 10
408.8496930499844
 20
159.64353785619164
 10
408.7619534038444
 20
159.82443135866646
 10
408.6671795562127
 20
160.00174075646441
 10
408.56551764149293
 20
160.17519265134564
 10
408.45712441498904
 20
160.34451959306034
 10
408.3421670111997
 20
160.50946049173746
 10
408.2208226861094
 20
160.66976102046635
 10
408.09327854387215
 20
160.82517400745053
 10
407.9597312483107
 20
160.97545981712864
 10
407.8203867196751
 20
161.12038671967514
 10
407.6754598171286
 20
161.2597312483107
 10
407.5251740074505
 20
161.39327854387216
 10
407.36976102046634
 20
161.5208226861094
 10
407.20946049173745
 20
161.64216701119972
 10
407.04451959306033
 20
161.75712441498905
 10
406.8751926513456
 20
161.86551764149294
 10
406.7017407564644
 20
161.96717955621273
 10
406.52443135866645
 20
162.06195340384443
 10
406.34353785619163
 20
162.14969304998442
 10
406.15933917370927
 20
162.23026320645778
 10
405.97211933223673
 20
162.30353963992314
 10
405.7821670111997
 20
162.3694093634312
 10
405.5897751033092
 20
162.4277708106427
 10
405.39524026294225
 20
162.4785339924361
 10
405.1988624487226
 20
162.52162063566453
 10
405.000944461006
 20
162.5569643038471
 10
404.8017914749841
 20
162.58451049960922
 10
404.60171057012656
 20
162.6042167487136
 10
404.40101025668645
 20
162.6160526655525
 10
404.2
 20
162.62
  0
LWPOLYLINE
  5
26C
330
17
100
AcDbEntity
  8
01-VISIBLE
100
AcDbPolyline
 90
81
 70
0
 10
404.2
 20
162.62
 10
403.99898974331353
 20
162.6160526655525
 10
403.7982894298734
 20
162.6042167487136
 10
403.5982085250159
 20
162.58451049960922
 10
403.399055538994
 20
162.5569643038471
 10
403.2011375512774
 20
162.52162063566453
 10
403.0047597370577
 20
162.4785339924361
 10
402.8102248966908
 20
162.4277708106427
 10
402.6178329888003
 20
162.3694093634312
 10
402.42788066776325
 20
162.30353963992314
 10
402.2406608262907
 20
162.23026320645778
 10
402.05646214380835
 20
162.14969304998442
 10
401.87556864133353
 20
162.06195340384443
 10
401.6982592435356
 20
161.96717955621273
 10
401.52480734865435
 20
161.86551764149294
 10
401.35548040693965
 20
161.75712441498905
 10
401.19053950826253
 20
161.64216701119972
 10
401.03023897953364
 20
161.5208226861094
 10
400.87482599254946
 20
161.39327854387216
 10
400.72454018287135
 20
161.2597312483107
 10
400.57961328032485
 20
161.12038671967514
 10
400.4402687516893
 20
160.97545981712864
 10
400.30672145612783
 20
160.82517400745053
 10
400.1791773138906
 20
160.66976102046635
 10
400.05783298880027
 20
160.50946049173746
 10
399.94287558501094
 20
160.34451959306034
 10
399.83448235850705
 20
160.17519265134564
 10
399.73282044378726
 20
160.00174075646441
 10
399.63804659615556
 20
159.82443135866646
 10
399.55030695001557
 20
159.64353785619164
 10
399.4697367935422
 20
159.45933917370928
 10
399.39646036007684
 20
159.27211933223674
 10
399.3305906365688
 20
159.08216701119972
 10
399.2722291893573
 20
158.8897751033092
 10
399.2214660075639
 20
158.69524026294226
 10
399.17837936433546
 20
158.49886244872255
 10
399.1430356961529
 20
158.300944461006
 10
399.11548950039077
 20
158.1017914749841
 10
399.0957832512864
 20
157.90171057012657
 10
399.0839473344475
 20
157.70101025668646
 10
399.08
 20
157.5
 10
399.0839473344475
 20
157.29898974331354
 10
399.0957832512864
 20
157.09828942987343
 10
399.11548950039077
 20
156.8982085250159
 10
399.1430356961529
 20
156.699055538994
 10
399.17837936433546
 20
156.5011375512774
 10
399.2214660075639
 20
156.3047597370578
 10
399.2722291893573
 20
156.1102248966908
 10
399.3305906365688
 20
155.91783298880028
 10
399.39646036007684
 20
155.72788066776326
 10
399.4697367935422
 20
155.54066082629072
 10
399.55030695001557
 20
155.35646214380836
 10
399.63804659615556
 20
155.17556864133354
 10
399.73282044378726
 20
154.99825924353559
 10
399.83448235850705
 20
154.82480734865436
 10
399.94287558501094
 20
154.65548040693966
 10
400.05783298880027
 20
154.49053950826254
 10
400.1791773138906
 20
154.33023897953365
 10
400.30672145612783
 20
154.17482599254947
 10
400.4402687516893
 20
154.02454018287136
 10
400.57961328032485
 20
153.87961328032486
 10
400.72454018287135
 20
153.7402687516893
 10
400.87482599254946
 20
153.60672145612784
 10
401.03023897953364
 20
153.4791773138906
 10
401.19053950826253
 20
153.35783298880028
 10
401.35548040693965
 20
153.24287558501095
 10
401.52480734865435
 20
153.13448235850706
 10
401.6982592435356
 20
153.03282044378727
 10
401.87556864133353
 20
152.93804659615557
 10
402.05646214380835
 20
152.85030695001558
 10
402.2406608262907
 20
152.76973679354222
 10
402.42788066776325
 20
152.69646036007686
 10
402.6178329888003
 20
152.6305906365688
 10
402.8102248966908
 20
152.5722291893573
 10
403.0047597370578
 20
152.5214660075639
 10
403.2011375512774
 20
152.47837936433547
 10
403.399055538994
 20
152.4430356961529
 10
403.5982085250159
 20
152.41548950039078
 10
403.7982894298734
 20
152.3957832512864
 10
403.99898974331353
 20
152.3839473344475
 10
404.2
 20
152.38
  0
LWPOLYLINE
  5
26D
330
17
100
AcDbEntity
  8
01-VISIBLE
100
AcDbPolyline
 90
41
 70
0
 10
404.2
 20
152.38
 10
404.40101025668645
 20
152.3839473344475
 10
404.60171057012656
 20
152.3957832512864
 10
404.8017914749841
 20
152.41548950039078
 10
405.000944461006
 20
152.4430356961529
 10
405.1988624487226
 20
152.47837936433547
 10
405.39524026294225
 20
152.5214660075639
 10
405.5897751033092
 20
152.5722291893573
 10
405.7821670111997
 20
152.6305906365688
 10
405.97211933223673
 20
152.69646036007686
 10
406.15933917370927
 20
152.76973679354222
 10
406.34353785619163
 20
152.85030695001558
 10
406.52443135866645
 20
152.93804659615557
 10
406.7017407564644
 20
153.03282044378727
 10
406.8751926513456
 20
153.13448235850706
 10
407.04451959306033
 20
153.24287558501095
 10
407.20946049173745
 20
153.35783298880028
 10
407.36976102046634
 20
153.4791773138906
 10
407.5251740074505
 20
153.60672145612784
 10
407.6754598171286
 20
153.7402687516893
 10
407.8203867196751
 20
153.87961328032486
 10
407.9597312483107
 20
154.02454018287136
 10
408.09327854387215
 20
154.17482599254947
 10
408.2208226861094
 20
154.33023897953365
 10
408.3421670111997
 20
154.49053950826254
 10
408.45712441498904
 20
154.65548040693966
 10
408.56551764149293
 20
154.82480734865436
 10
408.6671795562127
 20
154.99825924353559
 10
408.7619534038444
 20
155.17556864133354
 10
408.8496930499844
 20
155.35646214380836
 10
408.93026320645777
 20
155.54066082629072
 10
409.00353963992313
 20
155.72788066776326
 10
409.0694093634312
 20
155.91783298880028
 10
409.1277708106427
 20
156.1102248966908
 10
409.1785339924361
 20
156.30475973705774
 10
409.2216206356645
 20
156.5011375512774
 10
409.2569643038471
 20
156.699055538994
 10
409.2845104996092
 20
156.8982085250159
 10
409.3042167487136
 20
157.09828942987343
 10
409.3160526655525
 20
157.29898974331354
 10
409.32
 20
157.5
  0
HATCH
  5
26E
330
17
100
AcDbEntity
  8
05-RAYADO
 62
7
100
AcDbHatch
 10
0.0
 20
0.0
 30
0.0
210
0.0
220
0.0
230
1.0
  2
ANSI31
 70
0
 71
0
 91
1
 92
3
 72
0
 73
1
 93
10
 10
407.4
 20
157.5
 10
401.0
 20
157.5
 10
401.0
 20
195.89999999999998
 10
401.9423831752798
 20
195.88843463793427
 10
402.8841986941728
 20
195.85374551827863
 10
403.8248792422272
 20
195.7959535364617
 10
404.7638581886551
 20
195.71509350421235
 10
405.7005699276499
 20
195.61121412859046
 10
406.6344502190859
 20
195.48437798264757
 10
407.4
 20
195.36119997987254
 97
0
 75
1
 76
1
 52
0.0
 41
0.6299212598425197
 77
0
 78
1
 53
45.0
 43
0.0
 44
0.0
 45
-1.4142135624
 46
1.4142135624
 79
0
 98
0
  0
HATCH
  5
26F
330
17
100
AcDbEntity
  8
05-RAYADO
 62
7
100
AcDbHatch
 10
0.0
 20
0.0
 30
0.0
210
0.0
220
0.0
230
1.0
  2
ANSI31
 70
0
 71
0
 91
1
 92
3
 72
0
 73
1
 93
78
 10
407.398594
 20
156.34959999999995
 10
407.39411199999995
 20
155.199206
 10
407.38609599999995
 20
154.048834
 10
407.373998
 20
152.89849599999997
 10
407.357156
 20
151.74821799999995
 10
407.33476199999996
 20
150.59803599999998
 10
407.305834
 20
149.44799999999998
 10
407.269162
 20
148.298186
 10
407.22326999999996
 20
147.14870399999995
 10
407.166358
 20
145.99971599999998
 10
407.096278
 20
144.85145799999998
 10
407.01055599999995
 20
143.70426399999997
 10
406.90653799999995
 20
142.55858999999998
 10
406.781754
 20
141.41499399999998
 10
406.634594
 20
140.27406199999996
 10
406.465158
 20
139.13622399999997
 10
406.2759
 20
138.001508
 10
406.07149
 20
136.869418
 10
405.857742
 20
135.73904999999996
 10
405.640202
 20
134.60940399999998
 10
405.421562
 20
133.47996999999998
 10
405.201368
 20
132.35083799999995
 10
404.97907799999996
 20
131.22211799999997
 10
404.75424599999997
 20
130.09389999999996
 10
404.52648999999997
 20
128.96626999999995
 10
404.29546799999997
 20
127.83930399999997
 10
404.06085199999995
 20
126.71308199999999
 10
403.82233199999996
 20
125.58767799999998
 10
403.579596
 20
124.46317799999997
 10
403.33232599999997
 20
123.33966599999997
 10
403.08019199999995
 20
122.21723599999996
 10
402.82284999999996
 20
121.09598799999998
 10
402.559932
 20
119.97603399999997
 10
402.35577682872577
 20
119.1267915519316
 10
401.9423831752798
 20
119.11156536206573
 10
401.0
 20
119.10000000000002
 10
400.0576168247202
 20
119.11156536206573
 10
399.1158013058272
 20
119.14625448172137
 10
398.1751207577728
 20
119.2040464635383
 10
397.23614181134485
 20
119.28490649578765
 10
396.2994300723501
 20
119.38878587140954
 10
395.96388675879575
 20
119.43435811560232
 10
396.02300399999996
 20
119.65454399999999
 10
396.306994
 20
120.74397999999997
 10
396.583012
 20
121.83546199999995
 10
396.851026
 20
122.92893799999996
 10
397.111002
 20
124.02435399999996
 10
397.36290599999995
 20
125.12165199999998
 10
397.60670799999997
 20
126.22077999999999
 10
397.84236999999996
 20
127.32168199999995
 10
398.06985399999996
 20
128.42430199999995
 10
398.28912399999996
 20
129.52858599999996
 10
398.500142
 20
130.63447599999995
 10
398.702866
 20
131.741916
 10
398.89725799999997
 20
132.85084999999998
 10
399.08327399999996
 20
133.96121799999997
 10
399.26087199999995
 20
135.07296399999996
 10
399.430006
 20
136.18602999999996
 10
399.59063599999996
 20
137.30035399999997
 10
399.74272199999996
 20
138.41587599999997
 10
399.88622399999997
 20
139.532536
 10
400.02111399999995
 20
140.65026799999998
 10
400.147358
 20
141.76900999999998
 10
400.264934
 20
142.88869599999998
 10
400.37381999999997
 20
144.00925999999998
 10
400.474
 20
145.13063599999998
 10
400.565456
 20
146.25275799999997
 10
400.64817999999997
 20
147.37555599999996
 10
400.72216599999996
 20
148.498964
 10
400.78741199999996
 20
149.62291399999998
 10
400.843918
 20
150.74733799999996
 10
400.89169
 20
151.872166
 10
400.93073799999996
 20
152.99732999999998
 10
400.961076
 20
154.12276399999996
 10
400.982716
 20
155.24839799999995
 10
400.995684
 20
156.374166
 10
401.0
 20
157.5
 10
407.4
 20
157.5
 97
0
 75
1
 76
1
 52
90.0
 41
0.6299212598425197
 77
0
 78
1
 53
135.0
 43
0.0
 44
0.0
 45
-1.4142135624
 46
-1.4142135624
 79
0
 98
0
  0
HATCH
  5
270
330
17
100
AcDbEntity
  8
05-RAYADO
 62
7
100
AcDbHatch
 10
0.0
 20
0.0
 30
0.0
210
0.0
220
0.0
230
1.0
  2
SOLID
 70
1
 71
0
 91
1
 92
3
 72
0
 73
1
 93
80
 10
409.304216
 20
157.09828999999996
 10
409.256964
 20
156.69905599999998
 10
409.17853399999996
 20
156.30476
 10
409.06941
 20
155.91783199999998
 10
408.93026399999997
 20
155.54066
 10
408.761954
 20
155.175568
 10
408.565518
 20
154.82480799999996
 10
408.34216799999996
 20
154.49053999999995
 10
408.093278
 20
154.174826
 10
407.820386
 20
153.879614
 10
407.525174
 20
153.606722
 10
407.20946
 20
153.35783199999997
 10
406.87519199999997
 20
153.134482
 10
406.524432
 20
152.93804599999999
 10
406.15934
 20
152.76973599999997
 10
405.78216799999996
 20
152.63058999999998
 10
405.39524
 20
152.52146599999998
 10
405.000944
 20
152.44303599999995
 10
404.60170999999997
 20
152.395784
 10
404.2
 20
152.38
 10
403.79828999999995
 20
152.395784
 10
403.399056
 20
152.44303599999995
 10
403.00476
 20
152.52146599999998
 10
402.61783199999996
 20
152.63058999999998
 10
402.24066
 20
152.76973599999997
 10
401.875568
 20
152.93804599999999
 10
401.52480799999995
 20
153.134482
 10
401.19054
 20
153.35783199999997
 10
400.874826
 20
153.606722
 10
400.579614
 20
153.879614
 10
400.306722
 20
154.174826
 10
400.05783199999996
 20
154.49053999999995
 10
399.834482
 20
154.82480799999996
 10
399.638046
 20
155.175568
 10
399.46973599999995
 20
155.54066
 10
399.33059
 20
155.91783199999998
 10
399.22146599999996
 20
156.30476
 10
399.143036
 20
156.69905599999998
 10
399.095784
 20
157.09828999999996
 10
399.08
 20
157.5
 10
399.095784
 20
157.90170999999998
 10
399.143036
 20
158.30094399999996
 10
399.22146599999996
 20
158.69523999999996
 10
399.33059
 20
159.08216799999997
 10
399.46973599999995
 20
159.45934
 10
399.638046
 20
159.824432
 10
399.834482
 20
160.17519199999998
 10
400.05783199999996
 20
160.50946
 10
400.306722
 20
160.825174
 10
400.579614
 20
161.120386
 10
400.874826
 20
161.39327799999995
 10
401.19054
 20
161.64216799999997
 10
401.52480799999995
 20
161.86551799999995
 10
401.875568
 20
162.06195399999996
 10
402.24066
 20
162.23026399999998
 10
402.61783199999996
 20
162.36940999999996
 10
403.00476
 20
162.47853399999997
 10
403.399056
 20
162.556964
 10
403.79828999999995
 20
162.60421599999995
 10
404.2
 20
162.62
 10
404.60170999999997
 20
162.60421599999995
 10
405.000944
 20
162.556964
 10
405.39524
 20
162.47853399999997
 10
405.78216799999996
 20
162.36940999999996
 10
406.15934
 20
162.23026399999998
 10
406.524432
 20
162.06195399999996
 10
406.87519199999997
 20
161.86551799999995
 10
407.20946
 20
161.64216799999997
 10
407.525174
 20
161.39327799999995
 10
407.820386
 20
161.120386
 10
408.093278
 20
160.825174
 10
408.34216799999996
 20
160.50946
 10
408.565518
 20
160.17519199999998
 10
408.761954
 20
159.824432
 10
408.93026399999997
 20
159.45934
 10
409.06941
 20
159.08216799999997
 10
409.17853399999996
 20
158.69523999999996
 10
409.256964
 20
158.30094399999996
 10
409.304216
 20
157.90170999999998
 10
409.32
 20
157.5
 97
0
 75
1
 76
1
 98
0
  0
LINE
  5
271
330
17
100
AcDbEntity
  8
12-SOLDADURA
100
AcDbLine
 10
420.0
 20
141.89999999999998
 30
0.0
 11
408.0
 21
155.89999999999998
 31
0.0
  0
HATCH
  5
272
330
17
100
AcDbEntity
  8
08-FINA
 62
7
100
AcDbHatch
 10
0.0
 20
0.0
 30
0.0
210
0.0
220
0.0
230
1.0
  2
SOLID
 70
1
 71
0
 91
1
 92
3
 72
0
 73
1
 93
3
 10
408.0
 20
155.89999999999998
 10
409.57274581918523
 20
153.2968345061761
 10
410.33200242155056
 20
153.94762587963206
 97
0
 75
1
 76
1
 98
0
  0
LINE
  5
273
330
17
100
AcDbEntity
  8
12-SOLDADURA
100
AcDbLine
 10
420.0
 20
141.89999999999998
 30
0.0
 11
436.0
 21
141.89999999999998
 31
0.0
  0
LINE
  5
274
330
17
100
AcDbEntity
  8
12-SOLDADURA
  6
ISO02-TRAZOS
100
AcDbLine
 10
420.0
 20
143.39999999999998
 30
0.0
 11
436.0
 21
143.39999999999998
 31
0.0
  0
LWPOLYLINE
  5
275
330
17
100
AcDbEntity
  8
12-SOLDADURA
100
AcDbPolyline
 90
3
 70
1
 10
425.0
 20
141.89999999999998
 10
425.0
 20
138.39999999999998
 10
428.5
 20
141.89999999999998
  0
CIRCLE
  5
276
330
17
100
AcDbEntity
  8
12-SOLDADURA
100
AcDbCircle
 10
420.0
 20
141.89999999999998
 30
0.0
 40
1.5
  0
LINE
  5
277
330
17
100
AcDbEntity
  8
12-SOLDADURA
100
AcDbLine
 10
436.0
 20
141.89999999999998
 30
0.0
 11
438.5
 21
144.39999999999998
 31
0.0
  0
LINE
  5
278
330
17
100
AcDbEntity
  8
12-SOLDADURA
100
AcDbLine
 10
436.0
 20
141.89999999999998
 30
0.0
 11
438.5
 21
139.39999999999998
 31
0.0
  0
TEXT
  5
279
330
17
100
AcDbEntity
  8
12-SOLDADURA
100
AcDbText
 10
439.5
 20
141.89999999999998
 30
0.0
 40
2.5
  1
131
  7
ISO3098
 11
439.5
 21
141.89999999999998
 31
0.0
100
AcDbText
 73
2
  0
CIRCLE
  5
27A
330
17
100
AcDbEntity
  8
08-FINA
100
AcDbCircle
 10
401.0
 20
157.5
 30
0.0
 40
38.400000000000006
  0
TEXT
  5
27B
330
17
100
AcDbEntity
  8
06-TEXTO
100
AcDbText
 10
401.0
 20
114.1
 30
0.0
 40
5.0
  1
D (2:1)
  7
ISO3098
 72
1
 11
401.0
 21
114.1
 31
0.0
100
AcDbText
 73
2
  0
TEXT
  5
27C
330
17
100
AcDbEntity
  8
06-TEXTO
100
AcDbText
 10
401.0
 20
108.6
 30
0.0
 40
2.5
  1
Unión fondo-cuerpo
  7
ISO3098
 72
1
 11
401.0
 21
108.6
 31
0.0
100
AcDbText
 73
2
  0
LWPOLYLINE
  5
27D
330
17
100
AcDbEntity
  8
02-OCULTA
100
AcDbPolyline
 90
2
 70
0
 10
541.7666666666668
 20
120.05447340717444
 10
541.7666666666668
 20
139.16666666666669
  0
LWPOLYLINE
  5
27E
330
17
100
AcDbEntity
  8
02-OCULTA
100
AcDbPolyline
 90
51
 70
0
 10
537.9166666666667
 20
192.5
 10
537.6666666666667
 20
192.5
 10
537.4166666666667
 20
192.5
 10
537.1666666666667
 20
192.5
 10
536.9166666666667
 20
192.5
 10
536.6666666666667
 20
192.5
 10
536.4166666666667
 20
192.5
 10
536.1666666666667
 20
192.5
 10
535.9166666666667
 20
192.5
 10
535.6666666666667
 20
192.5
 10
535.4166666666667
 20
192.5
 10
535.1666666666667
 20
192.5
 10
534.9166666666667
 20
192.5
 10
534.6666666666667
 20
192.5
 10
534.4166666666667
 20
192.5
 10
534.1666666666667
 20
192.5
 10
533.9166666666667
 20
192.5
 10
533.6666666666667
 20
192.5
 10
533.4166666666667
 20
192.5
 10
533.1666666666667
 20
192.5
 10
532.9166666666667
 20
192.5
 10
532.6666666666667
 20
192.5
 10
532.4166666666667
 20
192.5
 10
532.1666666666667
 20
192.5
 10
531.9166666666667
 20
192.5
 10
531.6666666666667
 20
192.5
 10
531.4166666666667
 20
192.5
 10
531.1666666666667
 20
192.5
 10
530.9166666666667
 20
192.5
 10
530.6666666666667
 20
192.5
 10
530.4166666666667
 20
192.5
 10
530.1666666666667
 20
192.5
 10
529.9166666666667
 20
192.5
 10
529.6666666666667
 20
192.5
 10
529.4166666666667
 20
192.5
 10
529.1666666666667
 20
192.5
 10
528.9166666666667
 20
192.5
 10
528.6666666666667
 20
192.5
 10
528.4166666666667
 20
192.5
 10
528.1666666666667
 20
192.5
 10
527.9166666666667
 20
192.5
 10
527.6666666666667
 20
192.5
 10
527.4166666666667
 20
192.5
 10
527.1666666666667
 20
192.5
 10
526.9166666666667
 20
192.5
 10
526.6666666666667
 20
192.5
 10
526.4166666666667
 20
192.5
 10
526.1666666666667
 20
192.5
 10
525.9166666666667
 20
192.5
 10
525.6666666666667
 20
192.5
 10
525.4166666666667
 20
192.5
  0
LWPOLYLINE
  5
27F
330
17
100
AcDbEntity
  8
02-OCULTA
100
AcDbPolyline
 90
51
 70
0
 10
525.4166666666667
 20
192.5
 10
525.6666666666667
 20
192.5
 10
525.9166666666667
 20
192.5
 10
526.1666666666667
 20
192.5
 10
526.4166666666667
 20
192.5
 10
526.6666666666667
 20
192.5
 10
526.9166666666667
 20
192.5
 10
527.1666666666667
 20
192.5
 10
527.4166666666667
 20
192.5
 10
527.6666666666667
 20
192.5
 10
527.9166666666667
 20
192.5
 10
528.1666666666667
 20
192.5
 10
528.4166666666667
 20
192.5
 10
528.6666666666667
 20
192.5
 10
528.9166666666667
 20
192.5
 10
529.1666666666667
 20
192.5
 10
529.4166666666667
 20
192.5
 10
529.6666666666667
 20
192.5
 10
529.9166666666667
 20
192.5
 10
530.1666666666667
 20
192.5
 10
530.4166666666667
 20
192.5
 10
530.6666666666667
 20
192.5
 10
530.9166666666667
 20
192.5
 10
531.1666666666667
 20
192.5
 10
531.4166666666667
 20
192.5
 10
531.6666666666667
 20
192.5
 10
531.9166666666667
 20
192.5
 10
532.1666666666667
 20
192.5
 10
532.4166666666667
 20
192.5
 10
532.6666666666667
 20
192.5
 10
532.9166666666667
 20
192.5
 10
533.1666666666667
 20
192.5
 10
533.4166666666667
 20
192.5
 10
533.6666666666667
 20
192.5
 10
533.9166666666667
 20
192.5
 10
534.1666666666667
 20
192.5
 10
534.4166666666667
 20
192.5
 10
534.6666666666667
 20
192.5
 10
534.9166666666667
 20
192.5
 10
535.1666666666667
 20
192.5
 10
535.4166666666667
 20
192.5
 10
535.6666666666667
 20
192.5
 10
535.9166666666667
 20
192.5
 10
536.1666666666667
 20
192.5
 10
536.4166666666667
 20
192.5
 10
536.6666666666667
 20
192.5
 10
536.9166666666667
 20
192.5
 10
537.1666666666667
 20
192.5
 10
537.4166666666667
 20
192.5
 10
537.6666666666667
 20
192.5
 10
537.9166666666667
 20
192.5
  0
LWPOLYLINE
  5
280
330
17
100
AcDbEntity
  8
02-OCULTA
100
AcDbPolyline
 90
2
 70
0
 10
521.6666666666667
 20
162.5
 10
521.6666666666667
 20
192.5
  0
LWPOLYLINE
  5
281
330
17
100
AcDbEntity
  8
02-OCULTA
100
AcDbPolyline
 90
2
 70
0
 10
528.1666666666667
 20
180.5
 10
535.1666666666667
 20
180.5
  0
LWPOLYLINE
  5
282
330
17
100
AcDbEntity
  8
02-OCULTA
100
AcDbPolyline
 90
2
 70
0
 10
535.1666666666667
 20
174.5
 10
535.1666666666667
 20
180.5
  0
LWPOLYLINE
  5
283
330
17
100
AcDbEntity
  8
02-OCULTA
100
AcDbPolyline
 90
2
 70
0
 10
528.1666666666667
 20
174.5
 10
535.1666666666667
 20
174.5
  0
LWPOLYLINE
  5
284
330
17
100
AcDbEntity
  8
02-OCULTA
100
AcDbPolyline
 90
2
 70
0
 10
528.1666666666667
 20
174.5
 10
528.1666666666667
 20
180.5
  0
LWPOLYLINE
  5
285
330
17
100
AcDbEntity
  8
02-OCULTA
100
AcDbPolyline
 90
2
 70
0
 10
521.6666666666667
 20
192.5
 10
541.6666666666667
 20
192.5
  0
LWPOLYLINE
  5
286
330
17
100
AcDbEntity
  8
02-OCULTA
100
AcDbPolyline
 90
2
 70
0
 10
521.6666666666667
 20
162.5
 10
541.6666666666667
 20
162.5
  0
LWPOLYLINE
  5
287
330
17
100
AcDbEntity
  8
02-OCULTA
100
AcDbPolyline
 90
2
 70
0
 10
541.6666666666667
 20
162.5
 10
541.6666666666667
 20
192.5
  0
LWPOLYLINE
  5
288
330
17
100
AcDbEntity
  8
02-OCULTA
100
AcDbPolyline
 90
65
 70
0
 10
523.6666666666667
 20
162.5
 10
523.9166666666667
 20
162.5
 10
524.1666666666667
 20
162.5
 10
524.4166666666667
 20
162.5
 10
524.6666666666667
 20
162.5
 10
524.9166666666667
 20
162.5
 10
525.1666666666667
 20
162.5
 10
525.4166666666667
 20
162.5
 10
525.6666666666667
 20
162.5
 10
525.9166666666667
 20
162.5
 10
526.1666666666667
 20
162.5
 10
526.4166666666667
 20
162.5
 10
526.6666666666667
 20
162.5
 10
526.9166666666667
 20
162.5
 10
527.1666666666667
 20
162.5
 10
527.4166666666667
 20
162.5
 10
527.6666666666667
 20
162.5
 10
527.9166666666667
 20
162.5
 10
528.1666666666667
 20
162.5
 10
528.4166666666667
 20
162.5
 10
528.6666666666667
 20
162.5
 10
528.9166666666667
 20
162.5
 10
529.1666666666667
 20
162.5
 10
529.4166666666667
 20
162.5
 10
529.6666666666667
 20
162.5
 10
529.9166666666667
 20
162.5
 10
530.1666666666667
 20
162.5
 10
530.4166666666667
 20
162.5
 10
530.6666666666667
 20
162.5
 10
530.9166666666667
 20
162.5
 10
531.1666666666667
 20
162.5
 10
531.4166666666667
 20
162.5
 10
531.6666666666667
 20
162.5
 10
531.9166666666667
 20
162.5
 10
532.1666666666667
 20
162.5
 10
532.4166666666667
 20
162.5
 10
532.6666666666667
 20
162.5
 10
532.9166666666667
 20
162.5
 10
533.1666666666667
 20
162.5
 10
533.4166666666667
 20
162.5
 10
533.6666666666667
 20
162.5
 10
533.9166666666667
 20
162.5
 10
534.1666666666667
 20
162.5
 10
534.4166666666667
 20
162.5
 10
534.6666666666667
 20
162.5
 10
534.9166666666667
 20
162.5
 10
535.1666666666667
 20
162.5
 10
535.4166666666667
 20
162.5
 10
535.6666666666667
 20
162.5
 10
535.9166666666667
 20
162.5
 10
536.1666666666667
 20
162.5
 10
536.4166666666667
 20
162.5
 10
536.6666666666667
 20
162.5
 10
536.9166666666667
 20
162.5
 10
537.1666666666667
 20
162.5
 10
537.4166666666667
 20
162.5
 10
537.6666666666667
 20
162.5
 10
537.9166666666667
 20
162.5
 10
538.1666666666667
 20
162.5
 10
538.4166666666667
 20
162.5
 10
538.6666666666667
 20
162.5
 10
538.9166666666667
 20
162.5
 10
539.1666666666667
 20
162.5
 10
539.4166666666667
 20
162.5
 10
539.6666666666667
 20
162.5
  0
LWPOLYLINE
  5
289
330
17
100
AcDbEntity
  8
02-OCULTA
100
AcDbPolyline
 90
65
 70
0
 10
539.6666666666667
 20
162.5
 10
539.4166666666667
 20
162.5
 10
539.1666666666667
 20
162.5
 10
538.9166666666667
 20
162.5
 10
538.6666666666667
 20
162.5
 10
538.4166666666667
 20
162.5
 10
538.1666666666667
 20
162.5
 10
537.9166666666667
 20
162.5
 10
537.6666666666667
 20
162.5
 10
537.4166666666667
 20
162.5
 10
537.1666666666667
 20
162.5
 10
536.9166666666667
 20
162.5
 10
536.6666666666667
 20
162.5
 10
536.4166666666667
 20
162.5
 10
536.1666666666667
 20
162.5
 10
535.9166666666667
 20
162.5
 10
535.6666666666667
 20
162.5
 10
535.4166666666667
 20
162.5
 10
535.1666666666667
 20
162.5
 10
534.9166666666667
 20
162.5
 10
534.6666666666667
 20
162.5
 10
534.4166666666667
 20
162.5
 10
534.1666666666667
 20
162.5
 10
533.9166666666667
 20
162.5
 10
533.6666666666667
 20
162.5
 10
533.4166666666667
 20
162.5
 10
533.1666666666667
 20
162.5
 10
532.9166666666667
 20
162.5
 10
532.6666666666667
 20
162.5
 10
532.4166666666667
 20
162.5
 10
532.1666666666667
 20
162.5
 10
531.9166666666667
 20
162.5
 10
531.6666666666667
 20
162.5
 10
531.4166666666667
 20
162.5
 10
531.1666666666667
 20
162.5
 10
530.9166666666667
 20
162.5
 10
530.6666666666667
 20
162.5
 10
530.4166666666667
 20
162.5
 10
530.1666666666667
 20
162.5
 10
529.9166666666667
 20
162.5
 10
529.6666666666667
 20
162.5
 10
529.4166666666667
 20
162.5
 10
529.1666666666667
 20
162.5
 10
528.9166666666667
 20
162.5
 10
528.6666666666667
 20
162.5
 10
528.4166666666667
 20
162.5
 10
528.1666666666667
 20
162.5
 10
527.9166666666667
 20
162.5
 10
527.6666666666667
 20
162.5
 10
527.4166666666667
 20
162.5
 10
527.1666666666667
 20
162.5
 10
526.9166666666667
 20
162.5
 10
526.6666666666667
 20
162.5
 10
526.4166666666667
 20
162.5
 10
526.1666666666667
 20
162.5
 10
525.9166666666667
 20
162.5
 10
525.6666666666667
 20
162.5
 10
525.4166666666667
 20
162.5
 10
525.1666666666667
 20
162.5
 10
524.9166666666667
 20
162.5
 10
524.6666666666667
 20
162.5
 10
524.4166666666667
 20
162.5
 10
524.1666666666667
 20
162.5
 10
523.9166666666667
 20
162.5
 10
523.6666666666667
 20
162.5
  0
LWPOLYLINE
  5
28A
330
17
100
AcDbEntity
  8
02-OCULTA
100
AcDbPolyline
 90
53
 70
0
 10
525.1666666666667
 20
162.5
 10
525.4166666666667
 20
162.5
 10
525.6666666666667
 20
162.5
 10
525.9166666666667
 20
162.5
 10
526.1666666666667
 20
162.5
 10
526.4166666666667
 20
162.5
 10
526.6666666666667
 20
162.5
 10
526.9166666666667
 20
162.5
 10
527.1666666666667
 20
162.5
 10
527.4166666666667
 20
162.5
 10
527.6666666666667
 20
162.5
 10
527.9166666666667
 20
162.5
 10
528.1666666666667
 20
162.5
 10
528.4166666666667
 20
162.5
 10
528.6666666666667
 20
162.5
 10
528.9166666666667
 20
162.5
 10
529.1666666666667
 20
162.5
 10
529.4166666666667
 20
162.5
 10
529.6666666666667
 20
162.5
 10
529.9166666666667
 20
162.5
 10
530.1666666666667
 20
162.5
 10
530.4166666666667
 20
162.5
 10
530.6666666666667
 20
162.5
 10
530.9166666666667
 20
162.5
 10
531.1666666666667
 20
162.5
 10
531.4166666666667
 20
162.5
 10
531.6666666666667
 20
162.5
 10
531.9166666666667
 20
162.5
 10
532.1666666666667
 20
162.5
 10
532.4166666666667
 20
162.5
 10
532.6666666666667
 20
162.5
 10
532.9166666666667
 20
162.5
 10
533.1666666666667
 20
162.5
 10
533.4166666666667
 20
162.5
 10
533.6666666666667
 20
162.5
 10
533.9166666666667
 20
162.5
 10
534.1666666666667
 20
162.5
 10
534.4166666666667
 20
162.5
 10
534.6666666666667
 20
162.5
 10
534.9166666666667
 20
162.5
 10
535.1666666666667
 20
162.5
 10
535.4166666666667
 20
162.5
 10
535.6666666666667
 20
162.5
 10
535.9166666666667
 20
162.5
 10
536.1666666666667
 20
162.5
 10
536.4166666666667
 20
162.5
 10
536.6666666666667
 20
162.5
 10
536.9166666666667
 20
162.5
 10
537.1666666666667
 20
162.5
 10
537.4166666666667
 20
162.5
 10
537.6666666666667
 20
162.5
 10
537.9166666666667
 20
162.5
 10
538.1666666666667
 20
162.5
  0
LWPOLYLINE
  5
28B
330
17
100
AcDbEntity
  8
02-OCULTA
100
AcDbPolyline
 90
53
 70
0
 10
538.1666666666667
 20
162.5
 10
537.9166666666667
 20
162.5
 10
537.6666666666667
 20
162.5
 10
537.4166666666667
 20
162.5
 10
537.1666666666667
 20
162.5
 10
536.9166666666667
 20
162.5
 10
536.6666666666667
 20
162.5
 10
536.4166666666667
 20
162.5
 10
536.1666666666667
 20
162.5
 10
535.9166666666667
 20
162.5
 10
535.6666666666667
 20
162.5
 10
535.4166666666667
 20
162.5
 10
535.1666666666667
 20
162.5
 10
534.9166666666667
 20
162.5
 10
534.6666666666667
 20
162.5
 10
534.4166666666667
 20
162.5
 10
534.1666666666667
 20
162.5
 10
533.9166666666667
 20
162.5
 10
533.6666666666667
 20
162.5
 10
533.4166666666667
 20
162.5
 10
533.1666666666667
 20
162.5
 10
532.9166666666667
 20
162.5
 10
532.6666666666667
 20
162.5
 10
532.4166666666667
 20
162.5
 10
532.1666666666667
 20
162.5
 10
531.9166666666667
 20
162.5
 10
531.6666666666667
 20
162.5
 10
531.4166666666667
 20
162.5
 10
531.1666666666667
 20
162.5
 10
530.9166666666667
 20
162.5
 10
530.6666666666667
 20
162.5
 10
530.4166666666667
 20
162.5
 10
530.1666666666667
 20
162.5
 10
529.9166666666667
 20
162.5
 10
529.6666666666667
 20
162.5
 10
529.4166666666667
 20
162.5
 10
529.1666666666667
 20
162.5
 10
528.9166666666667
 20
162.5
 10
528.6666666666667
 20
162.5
 10
528.4166666666667
 20
162.5
 10
528.1666666666667
 20
162.5
 10
527.9166666666667
 20
162.5
 10
527.6666666666667
 20
162.5
 10
527.4166666666667
 20
162.5
 10
527.1666666666667
 20
162.5
 10
526.9166666666667
 20
162.5
 10
526.6666666666667
 20
162.5
 10
526.4166666666667
 20
162.5
 10
526.1666666666667
 20
162.5
 10
525.9166666666667
 20
162.5
 10
525.6666666666667
 20
162.5
 10
525.4166666666667
 20
162.5
 10
525.1666666666667
 20
162.5
  0
LWPOLYLINE
  5
28C
330
17
100
AcDbEntity
  8
02-OCULTA
100
AcDbPolyline
 90
2
 70
0
 10
525.1666666666667
 20
162.5
 10
520.8925217264857
 20
115.0095006646547
  0
LWPOLYLINE
  5
28D
330
17
100
AcDbEntity
  8
02-OCULTA
100
AcDbPolyline
 90
2
 70
0
 10
548.2666666666668
 20
124.35755911640024
 10
548.2666666666668
 20
190.64244088359976
  0
LWPOLYLINE
  5
28E
330
17
100
AcDbEntity
  8
02-OCULTA
100
AcDbPolyline
 90
2
 70
0
 10
529.0666666666667
 20
115.65067133355396
 10
529.0666666666667
 20
199.34932866644607
  0
LWPOLYLINE
  5
28F
330
17
100
AcDbEntity
  8
02-OCULTA
100
AcDbPolyline
 90
2
 70
0
 10
538.1666666666667
 20
162.5
 10
541.9763760101758
 20
120.16989618323248
  0
LWPOLYLINE
  5
290
330
17
100
AcDbEntity
  8
01-VISIBLE
100
AcDbPolyline
 90
2
 70
0
 10
541.7666666666668
 20
139.16666666666669
 10
541.7666666666668
 20
194.94552659282556
  0
LWPOLYLINE
  5
291
330
17
100
AcDbEntity
  8
01-VISIBLE
100
AcDbPolyline
 90
2
 70
0
 10
537.9166666666667
 20
196.77049719250397
 10
537.9166666666667
 20
192.5
  0
LWPOLYLINE
  5
292
330
17
100
AcDbEntity
  8
01-VISIBLE
100
AcDbPolyline
 90
2
 70
0
 10
521.6666666666667
 20
162.5
 10
521.6666666666667
 20
192.5
  0
LWPOLYLINE
  5
293
330
17
100
AcDbEntity
  8
01-VISIBLE
100
AcDbPolyline
 90
2
 70
0
 10
521.6666666666667
 20
162.5
 10
541.6666666666667
 20
162.5
  0
LWPOLYLINE
  5
294
330
17
100
AcDbEntity
  8
01-VISIBLE
100
AcDbPolyline
 90
2
 70
0
 10
541.6666666666667
 20
162.5
 10
541.6666666666667
 20
192.5
  0
LWPOLYLINE
  5
295
330
17
100
AcDbEntity
  8
01-VISIBLE
100
AcDbPolyline
 90
2
 70
0
 10
521.6666666666667
 20
192.5
 10
541.6666666666667
 20
192.5
  0
LWPOLYLINE
  5
296
330
17
100
AcDbEntity
  8
01-VISIBLE
100
AcDbPolyline
 90
2
 70
0
 10
528.1666666666667
 20
180.5
 10
535.1666666666667
 20
180.5
  0
LWPOLYLINE
  5
297
330
17
100
AcDbEntity
  8
01-VISIBLE
100
AcDbPolyline
 90
2
 70
0
 10
535.1666666666667
 20
174.5
 10
535.1666666666667
 20
180.5
  0
LWPOLYLINE
  5
298
330
17
100
AcDbEntity
  8
01-VISIBLE
100
AcDbPolyline
 90
2
 70
0
 10
528.1666666666667
 20
174.5
 10
535.1666666666667
 20
174.5
  0
LWPOLYLINE
  5
299
330
17
100
AcDbEntity
  8
01-VISIBLE
100
AcDbPolyline
 90
2
 70
0
 10
528.1666666666667
 20
174.5
 10
528.1666666666667
 20
180.5
  0
LWPOLYLINE
  5
29A
330
17
100
AcDbEntity
  8
01-VISIBLE
100
AcDbPolyline
 90
2
 70
0
 10
523.6666666666667
 20
162.5
 10
519.3972914275946
 20
115.06249734364337
  0
LWPOLYLINE
  5
29B
330
17
100
AcDbEntity
  8
01-VISIBLE
100
AcDbPolyline
 90
2
 70
0
 10
546.6666666666667
 20
123.13439321434456
 10
546.6666666666667
 20
191.86560678565542
  0
LWPOLYLINE
  5
29C
330
17
100
AcDbEntity
  8
01-VISIBLE
100
AcDbPolyline
 90
2
 70
0
 10
525.4166666666667
 20
199.83115127838488
 10
525.4166666666667
 20
192.5
  0
LWPOLYLINE
  5
29D
330
17
100
AcDbEntity
  8
01-VISIBLE
100
AcDbPolyline
 90
2
 70
0
 10
539.6666666666667
 20
162.5
 10
543.403387284506
 20
120.9808820240076
  0
CIRCLE
  5
29E
330
17
100
AcDbEntity
  8
08-FINA
100
AcDbCircle
 10
521.6666666666667
 20
157.5
 30
0.0
 40
42.5
  0
TEXT
  5
29F
330
17
100
AcDbEntity
  8
06-TEXTO
100
AcDbText
 10
521.6666666666667
 20
110.0
 30
0.0
 40
5.0
  1
E (1:2)
  7
ISO3098
 72
1
 11
521.6666666666667
 21
110.0
 31
0.0
100
AcDbText
 73
2
  0
TEXT
  5
2A0
330
17
100
AcDbEntity
  8
06-TEXTO
100
AcDbText
 10
521.6666666666667
 20
104.5
 30
0.0
 40
2.5
  1
Válvula esférica y tobera
  7
ISO3098
 72
1
 11
521.6666666666667
 21
104.5
 31
0.0
100
AcDbText
 73
2
  0
VIEWPORT
  5
2A5
330
2A1
100
AcDbEntity
 67
1
  8
VIEWPORTS
100
AcDbViewport
 10
456192.0
 20
322560.0
 30
0.0
 40
1003622.4
 41
709632.0
 68
1
 69
1
 12
456192.0
 22
322560.0
 13
0.0
 23
0.0
 14
10.0
 24
10.0
 15
10.0
 25
10.0
 16
0.0
 26
0.0
 36
1.0
 17
0.0
 27
0.0
 37
0.0
 42
50.0
 43
0.0
 44
0.0
 45
709632.0
 50
0.0
 51
0.0
 72
100
 90
557088
  1

281
0
 71
0
 74
0
110
0.0
120
0.0
130
0.0
111
1.0
121
0.0
131
0.0
112
0.0
122
1.0
132
0.0
 79
0
146
0.0
282
0
  0
VIEWPORT
  5
2A6
330
2A1
100
AcDbEntity
 67
1
  8
VIEWPORTS
100
AcDbViewport
 10
297.0
 20
210.0
 30
0.0
 40
594.0
 41
420.0
 68
2
 69
3
 12
297.0
 22
210.0
 13
0.0
 23
0.0
 14
10.0
 24
10.0
 15
10.0
 25
10.0
 16
0.0
 26
0.0
 36
1.0
 17
0.0
 27
0.0
 37
0.0
 42
50.0
 43
0.0
 44
0.0
 45
420.0
 50
0.0
 51
0.0
 72
100
 90
0
  1

281
0
 71
0
 74
0
110
0.0
120
0.0
130
0.0
111
1.0
121
0.0
131
0.0
112
0.0
122
1.0
132
0.0
 79
0
146
0.0
282
0
  0
ENDSEC
  0
SECTION
  2
OBJECTS
  0
DICTIONARY
  5
A
330
0
100
AcDbDictionary
281
1
  3
ACAD_COLOR
350
B
  3
ACAD_GROUP
350
C
  3
ACAD_LAYOUT
350
D
  3
ACAD_MATERIAL
350
E
  3
ACAD_MLEADERSTYLE
350
F
  3
ACAD_MLINESTYLE
350
10
  3
ACAD_PLOTSETTINGS
350
11
  3
ACAD_PLOTSTYLENAME
350
12
  3
ACAD_SCALELIST
350
14
  3
ACAD_TABLESTYLE
350
15
  3
ACAD_VISUALSTYLE
350
16
  3
EZDXF_META
350
2D
  0
DICTIONARY
  5
B
330
A
100
AcDbDictionary
281
1
  0
DICTIONARY
  5
C
330
A
100
AcDbDictionary
281
1
  0
DICTIONARY
  5
D
330
A
100
AcDbDictionary
281
1
  3
Model
350
1A
  3
Lamina_A2
350
2A4
  0
DICTIONARY
  5
E
330
A
100
AcDbDictionary
281
1
  3
ByBlock
350
1F
  3
ByLayer
350
20
  3
Global
350
21
  0
DICTIONARY
  5
F
330
A
100
AcDbDictionary
281
1
  3
Standard
350
2C
  0
DICTIONARY
  5
10
330
A
100
AcDbDictionary
281
1
  3
Standard
350
22
  0
DICTIONARY
  5
11
330
A
100
AcDbDictionary
281
1
  0
ACDBDICTIONARYWDFLT
  5
12
330
A
100
AcDbDictionary
281
1
  3
Normal
350
13
100
AcDbDictionaryWithDefault
340
13
  0
ACDBPLACEHOLDER
  5
13
330
12
  0
DICTIONARY
  5
14
330
A
100
AcDbDictionary
281
1
  0
DICTIONARY
  5
15
330
A
100
AcDbDictionary
281
1
  0
DICTIONARY
  5
16
330
A
100
AcDbDictionary
281
1
  0
LAYOUT
  5
1A
330
D
100
AcDbPlotSettings
  1

  4
A3
  6

 40
7.5
 41
20.0
 42
7.5
 43
20.0
 44
420.0
 45
297.0
 46
0.0
 47
0.0
 48
0.0
 49
0.0
140
0.0
141
0.0
142
1.0
143
1.0
 70
1024
 72
1
 73
0
 74
5
  7

 75
16
 76
0
 77
2
 78
300
147
1.0
148
0.0
149
0.0
100
AcDbLayout
  1
Model
 70
1
 71
0
 10
0.0
 20
0.0
 11
420.0
 21
297.0
 12
0.0
 22
0.0
 32
0.0
 14
1e+20
 24
1e+20
 34
1e+20
 15
-1e+20
 25
-1e+20
 35
-1e+20
146
0.0
 13
0.0
 23
0.0
 33
0.0
 16
1.0
 26
0.0
 36
0.0
 17
0.0
 27
1.0
 37
0.0
 76
1
330
17
  0
MATERIAL
  5
1F
102
{ACAD_REACTORS
330
E
102
}
330
E
100
AcDbMaterial
  1
ByBlock
  2

 70
0
 40
1.0
 71
1
 41
1.0
 91
-1023410177
 42
1.0
 72
1
  3

 73
1
 74
1
 75
1
 44
0.5
 73
0
 45
1.0
 46
1.0
 77
1
  4

 78
1
 79
1
170
1
 48
1.0
171
1
  6

172
1
173
1
174
1
140
1.0
141
1.0
175
1
  7

176
1
177
1
178
1
143
1.0
179
1
  8

270
1
271
1
272
1
145
1.0
146
1.0
273
1
  9

274
1
275
1
276
1
 42
1.0
 72
1
  3

 73
1
 74
1
 75
1
 94
63
  0
MATERIAL
  5
20
102
{ACAD_REACTORS
330
E
102
}
330
E
100
AcDbMaterial
  1
ByLayer
  2

 70
0
 40
1.0
 71
1
 41
1.0
 91
-1023410177
 42
1.0
 72
1
  3

 73
1
 74
1
 75
1
 44
0.5
 73
0
 45
1.0
 46
1.0
 77
1
  4

 78
1
 79
1
170
1
 48
1.0
171
1
  6

172
1
173
1
174
1
140
1.0
141
1.0
175
1
  7

176
1
177
1
178
1
143
1.0
179
1
  8

270
1
271
1
272
1
145
1.0
146
1.0
273
1
  9

274
1
275
1
276
1
 42
1.0
 72
1
  3

 73
1
 74
1
 75
1
 94
63
  0
MATERIAL
  5
21
102
{ACAD_REACTORS
330
E
102
}
330
E
100
AcDbMaterial
  1
Global
  2

 70
0
 40
1.0
 71
1
 41
1.0
 91
-1023410177
 42
1.0
 72
1
  3

 73
1
 74
1
 75
1
 44
0.5
 73
0
 45
1.0
 46
1.0
 77
1
  4

 78
1
 79
1
170
1
 48
1.0
171
1
  6

172
1
173
1
174
1
140
1.0
141
1.0
175
1
  7

176
1
177
1
178
1
143
1.0
179
1
  8

270
1
271
1
272
1
145
1.0
146
1.0
273
1
  9

274
1
275
1
276
1
 42
1.0
 72
1
  3

 73
1
 74
1
 75
1
 94
63
  0
MLINESTYLE
  5
22
102
{ACAD_REACTORS
330
10
102
}
330
10
100
AcDbMlineStyle
  2
Standard
 70
0
  3

 62
256
 51
90.0
 52
90.0
 71
2
 49
0.5
 62
256
  6
BYLAYER
 49
-0.5
 62
256
  6
BYLAYER
  0
MLEADERSTYLE
  5
2C
102
{ACAD_REACTORS
330
F
102
}
330
F
100
AcDbMLeaderStyle
179
2
170
2
171
1
172
0
 90
2
 40
0.0
 41
0.0
173
1
 91
-1056964608
 92
-2
290
1
 42
2.0
291
1
 43
8.0
  3
Standard
 44
4.0
300

342
29
174
1
175
1
176
0
178
1
 93
-1056964608
 45
4.0
292
0
297
0
 46
4.0
 94
-1056964608
 47
1.0
 49
1.0
140
1.0
294
1
141
0.0
177
0
142
1.0
295
0
296
0
143
3.75
271
0
272
9
273
9
  0
DICTIONARY
  5
2D
330
A
100
AcDbDictionary
280
1
281
1
  3
CREATED_BY_EZDXF
350
2E
  3
WRITTEN_BY_EZDXF
350
2A9
  0
DICTIONARYVAR
  5
2E
330
2D
100
DictionaryVariables
280
0
  1
1.4.4 @ 2026-09-28T23:52:10.663503+00:00
  0
LAYOUT
  5
2A4
330
D
100
AcDbPlotSettings
  1

  2
DWG To PDF.pc3
  4
ISO_full_bleed_A2_(594.00_x_420.00_MM)_(594.00_x_420.00_MM)
  6

 40
0.0
 41
0.0
 42
0.0
 43
0.0
 44
594.0
 45
420.0
 46
0.0
 47
0.0
 48
0.0
 49
0.0
140
0.0
141
0.0
142
0.0078125
143
12.0
 70
672
 72
1
 73
0
 74
5
  7

 75
1
 76
0
 77
2
 78
300
147
1.0
148
0.0
149
0.0
100
AcDbLayout
  1
Lamina_A2
 70
1
 71
3
 10
-0.0
 20
-0.0
 11
594.0
 21
420.0
 12
0.0
 22
0.0
 32
0.0
 14
1e+20
 24
1e+20
 34
1e+20
 15
-1e+20
 25
-1e+20
 35
-1e+20
146
0.0
 13
0.0
 23
0.0
 33
0.0
 16
1.0
 26
0.0
 36
0.0
 17
0.0
 27
1.0
 37
0.0
 76
1
330
2A1
331
2A5
  0
DICTIONARYVAR
  5
2A9
330
2D
100
DictionaryVariables
280
0
  1
1.4.4 @ 2026-09-28T23:52:21.800622+00:00
  0
ENDSEC
  0
EOF
