  0
SECTION
  2
HEADER
  9
$ACADVER
  1
AC1032
  9
$ACADMAINTVER
 90
4
  9
$DWGCODEPAGE
  3
ANSI_1252
  9
$LASTSAVEDBY
  1
ezdxf
  9
$REQUIREDVERSIONS
160
0
  9
$INSBASE
 10
0.0
 20
0.0
 30
0.0
  9
$EXTMIN
 10
1e+20
 20
1e+20
 30
1e+20
  9
$EXTMAX
 10
-1e+20
 20
-1e+20
 30
-1e+20
  9
$LIMMIN
 10
0.0
 20
0.0
  9
$LIMMAX
 10
420.0
 20
297.0
  9
$ORTHOMODE
 70
0
  9
$REGENMODE
 70
1
  9
$FILLMODE
 70
1
  9
$QTEXTMODE
 70
0
  9
$MIRRTEXT
 70
1
  9
$LTSCALE
 40
1.0
  9
$ATTMODE
 70
1
  9
$TEXTSIZE
 40
2.5
  9
$TRACEWID
 40
1.0
  9
$TEXTSTYLE
  7
Standard
  9
$CLAYER
  8
0
  9
$CELTYPE
  6
ByLayer
  9
$CECOLOR
 62
256
  9
$CELTSCALE
 40
1.0
  9
$DISPSILH
 70
0
  9
$DIMSCALE
 40
1.0
  9
$DIMASZ
 40
2.5
  9
$DIMEXO
 40
0.625
  9
$DIMDLI
 40
3.75
  9
$DIMRND
 40
0.0
  9
$DIMDLE
 40
0.0
  9
$DIMEXE
 40
1.25
  9
$DIMTP
 40
0.0
  9
$DIMTM
 40
0.0
  9
$DIMTXT
 40
2.5
  9
$DIMCEN
 40
2.5
  9
$DIMTSZ
 40
0.0
  9
$DIMTOL
 70
0
  9
$DIMLIM
 70
0
  9
$DIMTIH
 70
0
  9
$DIMTOH
 70
0
  9
$DIMSE1
 70
0
  9
$DIMSE2
 70
0
  9
$DIMTAD
 70
1
  9
$DIMZIN
 70
8
  9
$DIMBLK
  1

  9
$DIMASO
 70
1
  9
$DIMSHO
 70
1
  9
$DIMPOST
  1

  9
$DIMAPOST
  1

  9
$DIMALT
 70
0
  9
$DIMALTD
 70
3
  9
$DIMALTF
 40
0.03937007874
  9
$DIMLFAC
 40
1.0
  9
$DIMTOFL
 70
1
  9
$DIMTVP
 40
0.0
  9
$DIMTIX
 70
0
  9
$DIMSOXD
 70
0
  9
$DIMSAH
 70
0
  9
$DIMBLK1
  1

  9
$DIMBLK2
  1

  9
$DIMSTYLE
  2
ISO-25
  9
$DIMCLRD
 70
0
  9
$DIMCLRE
 70
0
  9
$DIMCLRT
 70
0
  9
$DIMTFAC
 40
1.0
  9
$DIMGAP
 40
0.625
  9
$DIMJUST
 70
0
  9
$DIMSD1
 70
0
  9
$DIMSD2
 70
0
  9
$DIMTOLJ
 70
0
  9
$DIMTZIN
 70
8
  9
$DIMALTZ
 70
0
  9
$DIMALTTZ
 70
0
  9
$DIMUPT
 70
0
  9
$DIMDEC
 70
2
  9
$DIMTDEC
 70
2
  9
$DIMALTU
 70
2
  9
$DIMALTTD
 70
3
  9
$DIMTXSTY
  7
Standard
  9
$DIMAUNIT
 70
0
  9
$DIMADEC
 70
0
  9
$DIMALTRND
 40
0.0
  9
$DIMAZIN
 70
0
  9
$DIMDSEP
 70
44
  9
$DIMATFIT
 70
3
  9
$DIMFRAC
 70
0
  9
$DIMLDRBLK
  1

  9
$DIMLUNIT
 70
2
  9
$DIMLWD
 70
-2
  9
$DIMLWE
 70
-2
  9
$DIMTMOVE
 70
0
  9
$DIMFXL
 40
1.0
  9
$DIMFXLON
 70
0
  9
$DIMJOGANG
 40
0.785398163397
  9
$DIMTFILL
 70
0
  9
$DIMTFILLCLR
 70
0
  9
$DIMARCSYM
 70
0
  9
$DIMLTYPE
  6

  9
$DIMLTEX1
  6

  9
$DIMLTEX2
  6

  9
$DIMTXTDIRECTION
 70
0
  9
$LUNITS
 70
2
  9
$LUPREC
 70
4
  9
$SKETCHINC
 40
1.0
  9
$FILLETRAD
 40
10.0
  9
$AUNITS
 70
0
  9
$AUPREC
 70
2
  9
$MENU
  1
.
  9
$ELEVATION
 40
0.0
  9
$PELEVATION
 40
0.0
  9
$THICKNESS
 40
0.0
  9
$LIMCHECK
 70
0
  9
$CHAMFERA
 40
0.0
  9
$CHAMFERB
 40
0.0
  9
$CHAMFERC
 40
0.0
  9
$CHAMFERD
 40
0.0
  9
$SKPOLY
 70
0
  9
$TDCREATE
 40
2461322.054675926
  9
$TDUCREATE
 40
2458532.153996898
  9
$TDUPDATE
 40
2461322.054675926
  9
$TDUUPDATE
 40
2458532.1544311
  9
$TDINDWG
 40
0.0
  9
$TDUSRTIMER
 40
0.0
  9
$USRTIMER
 70
1
  9
$ANGBASE
 50
0.0
  9
$ANGDIR
 70
0
  9
$PDMODE
 70
0
  9
$PDSIZE
 40
0.0
  9
$PLINEWID
 40
0.0
  9
$SPLFRAME
 70
0
  9
$SPLINETYPE
 70
6
  9
$SPLINESEGS
 70
8
  9
$HANDSEED
  5
1E9
  9
$SURFTAB1
 70
6
  9
$SURFTAB2
 70
6
  9
$SURFTYPE
 70
6
  9
$SURFU
 70
6
  9
$SURFV
 70
6
  9
$UCSBASE
  2

  9
$UCSNAME
  2

  9
$UCSORG
 10
0.0
 20
0.0
 30
0.0
  9
$UCSXDIR
 10
1.0
 20
0.0
 30
0.0
  9
$UCSYDIR
 10
0.0
 20
1.0
 30
0.0
  9
$UCSORTHOREF
  2

  9
$UCSORTHOVIEW
 70
0
  9
$UCSORGTOP
 10
0.0
 20
0.0
 30
0.0
  9
$UCSORGBOTTOM
 10
0.0
 20
0.0
 30
0.0
  9
$UCSORGLEFT
 10
0.0
 20
0.0
 30
0.0
  9
$UCSORGRIGHT
 10
0.0
 20
0.0
 30
0.0
  9
$UCSORGFRONT
 10
0.0
 20
0.0
 30
0.0
  9
$UCSORGBACK
 10
0.0
 20
0.0
 30
0.0
  9
$PUCSBASE
  2

  9
$PUCSNAME
  2

  9
$PUCSORG
 10
0.0
 20
0.0
 30
0.0
  9
$PUCSXDIR
 10
1.0
 20
0.0
 30
0.0
  9
$PUCSYDIR
 10
0.0
 20
1.0
 30
0.0
  9
$PUCSORTHOREF
  2

  9
$PUCSORTHOVIEW
 70
0
  9
$PUCSORGTOP
 10
0.0
 20
0.0
 30
0.0
  9
$PUCSORGBOTTOM
 10
0.0
 20
0.0
 30
0.0
  9
$PUCSORGLEFT
 10
0.0
 20
0.0
 30
0.0
  9
$PUCSORGRIGHT
 10
0.0
 20
0.0
 30
0.0
  9
$PUCSORGFRONT
 10
0.0
 20
0.0
 30
0.0
  9
$PUCSORGBACK
 10
0.0
 20
0.0
 30
0.0
  9
$USERI1
 70
0
  9
$USERI2
 70
0
  9
$USERI3
 70
0
  9
$USERI4
 70
0
  9
$USERI5
 70
0
  9
$USERR1
 40
0.0
  9
$USERR2
 40
0.0
  9
$USERR3
 40
0.0
  9
$USERR4
 40
0.0
  9
$USERR5
 40
0.0
  9
$WORLDVIEW
 70
1
  9
$SHADEDGE
 70
3
  9
$SHADEDIF
 70
70
  9
$TILEMODE
 70
1
  9
$MAXACTVP
 70
64
  9
$PINSBASE
 10
0.0
 20
0.0
 30
0.0
  9
$PLIMCHECK
 70
0
  9
$PEXTMIN
 10
1e+20
 20
1e+20
 30
1e+20
  9
$PEXTMAX
 10
-1e+20
 20
-1e+20
 30
-1e+20
  9
$PLIMMIN
 10
-0.0
 20
-0.0
  9
$PLIMMAX
 10
420.0
 20
297.0
  9
$UNITMODE
 70
0
  9
$VISRETAIN
 70
1
  9
$PLINEGEN
 70
0
  9
$PSLTSCALE
 70
0
  9
$TREEDEPTH
 70
3020
  9
$CMLSTYLE
  2
Standard
  9
$CMLJUST
 70
0
  9
$CMLSCALE
 40
20.0
  9
$PROXYGRAPHICS
 70
1
  9
$MEASUREMENT
 70
1
  9
$CELWEIGHT
370
-1
  9
$ENDCAPS
280
0
  9
$JOINSTYLE
280
0
  9
$LWDISPLAY
290
1
  9
$INSUNITS
 70
4
  9
$HYPERLINKBASE
  1

  9
$STYLESHEET
  1

  9
$XEDIT
290
1
  9
$CEPSNTYPE
380
0
  9
$PSTYLEMODE
290
1
  9
$FINGERPRINTGUID
  2
{8C5773F1-B85E-4E56-88B7-F3A533231F15}
  9
$VERSIONGUID
  2
{F3749B5F-2348-4322-9700-50FA236591FE}
  9
$EXTNAMES
290
1
  9
$PSVPSCALE
 40
0.0
  9
$OLESTARTUP
290
0
  9
$SORTENTS
280
127
  9
$INDEXCTL
280
0
  9
$HIDETEXT
280
1
  9
$XCLIPFRAME
280
1
  9
$HALOGAP
280
0
  9
$OBSCOLOR
 70
257
  9
$OBSLTYPE
280
0
  9
$INTERSECTIONDISPLAY
280
0
  9
$INTERSECTIONCOLOR
 70
257
  9
$DIMASSOC
280
2
  9
$PROJECTNAME
  1

  9
$CAMERADISPLAY
290
0
  9
$LENSLENGTH
 40
50.0
  9
$CAMERAHEIGHT
 40
0.0
  9
$STEPSPERSEC
 40
24.0
  9
$STEPSIZE
 40
100.0
  9
$3DDWFPREC
 40
2.0
  9
$PSOLWIDTH
 40
0.005
  9
$PSOLHEIGHT
 40
0.08
  9
$LOFTANG1
 40
1.570796326795
  9
$LOFTANG2
 40
1.570796326795
  9
$LOFTMAG1
 40
0.0
  9
$LOFTMAG2
 40
0.0
  9
$LOFTPARAM
 70
7
  9
$LOFTNORMALS
280
1
  9
$LATITUDE
 40
37.795
  9
$LONGITUDE
 40
-122.394
  9
$NORTHDIRECTION
 40
0.0
  9
$TIMEZONE
 70
-8000
  9
$LIGHTGLYPHDISPLAY
280
1
  9
$TILEMODELIGHTSYNCH
280
1
  9
$CMATERIAL
347
20
  9
$SOLIDHIST
280
0
  9
$SHOWHIST
280
1
  9
$DWFFRAME
280
2
  9
$DGNFRAME
280
2
  9
$REALWORLDSCALE
290
1
  9
$INTERFERECOLOR
 62
256
  9
$CSHADOW
280
0
  9
$SHADOWPLANELOCATION
 40
0.0
  0
ENDSEC
  0
SECTION
  2
CLASSES
  0
CLASS
  1
ACDBDICTIONARYWDFLT
  2
AcDbDictionaryWithDefault
  3
ObjectDBX Classes
 90
0
 91
0
280
0
281
0
  0
CLASS
  1
SUN
  2
AcDbSun
  3
SCENEOE
 90
1153
 91
0
280
0
281
0
  0
CLASS
  1
VISUALSTYLE
  2
AcDbVisualStyle
  3
ObjectDBX Classes
 90
4095
 91
0
280
0
281
0
  0
CLASS
  1
MATERIAL
  2
AcDbMaterial
  3
ObjectDBX Classes
 90
1153
 91
0
280
0
281
0
  0
CLASS
  1
SCALE
  2
AcDbScale
  3
ObjectDBX Classes
 90
1153
 91
0
280
0
281
0
  0
CLASS
  1
TABLESTYLE
  2
AcDbTableStyle
  3
ObjectDBX Classes
 90
4095
 91
0
280
0
281
0
  0
CLASS
  1
MLEADERSTYLE
  2
AcDbMLeaderStyle
  3
ACDB_MLEADERSTYLE_CLASS
 90
4095
 91
0
280
0
281
0
  0
CLASS
  1
DICTIONARYVAR
  2
AcDbDictionaryVar
  3
ObjectDBX Classes
 90
0
 91
0
280
0
281
0
  0
CLASS
  1
CELLSTYLEMAP
  2
AcDbCellStyleMap
  3
ObjectDBX Classes
 90
1152
 91
0
280
0
281
0
  0
CLASS
  1
MENTALRAYRENDERSETTINGS
  2
AcDbMentalRayRenderSettings
  3
SCENEOE
 90
1024
 91
0
280
0
281
0
  0
CLASS
  1
ACDBDETAILVIEWSTYLE
  2
AcDbDetailViewStyle
  3
ObjectDBX Classes
 90
1025
 91
0
280
0
281
0
  0
CLASS
  1
ACDBSECTIONVIEWSTYLE
  2
AcDbSectionViewStyle
  3
ObjectDBX Classes
 90
1025
 91
0
280
0
281
0
  0
CLASS
  1
RASTERVARIABLES
  2
AcDbRasterVariables
  3
ISM
 90
0
 91
0
280
0
281
0
  0
CLASS
  1
LAYOUT
  2
AcDbLayout
  3
ObjectDBX Classes
 90
0
 91
0
280
0
281
0
  0
CLASS
  1
ACDBPLACEHOLDER
  2
AcDbPlaceHolder
  3
ObjectDBX Classes
 90
0
 91
0
280
0
281
0
  0
ENDSEC
  0
SECTION
  2
TABLES
  0
TABLE
  2
VPORT
  5
8
330
0
100
AcDbSymbolTable
 70
1
  0
VPORT
  5
23
330
8
100
AcDbSymbolTableRecord
100
AcDbViewportTableRecord
  2
*Active
 70
0
 10
0.0
 20
0.0
 11
1.0
 21
1.0
 12
0.0
 22
0.0
 13
0.0
 23
0.0
 14
0.5
 24
0.5
 15
0.5
 25
0.5
 16
0.0
 26
0.0
 36
1.0
 17
0.0
 27
0.0
 37
0.0
 40
1000.0
 41
1.34
 42
50.0
 43
0.0
 44
0.0
 50
0.0
 51
0.0
 71
0
 72
1000
 73
1
 74
3
 75
0
 76
0
 77
0
 78
0
281
0
 65
0
146
0.0
  0
ENDTAB
  0
TABLE
  2
LTYPE
  5
2
330
0
100
AcDbSymbolTable
 70
5
  0
LTYPE
  5
24
330
2
100
AcDbSymbolTableRecord
100
AcDbLinetypeTableRecord
  2
ByBlock
 70
0
  3

 72
65
 73
0
 40
0.0
  0
LTYPE
  5
25
330
2
100
AcDbSymbolTableRecord
100
AcDbLinetypeTableRecord
  2
ByLayer
 70
0
  3

 72
65
 73
0
 40
0.0
  0
LTYPE
  5
26
330
2
100
AcDbSymbolTableRecord
100
AcDbLinetypeTableRecord
  2
Continuous
 70
0
  3

 72
65
 73
0
 40
0.0
  0
LTYPE
  5
2F
330
2
100
AcDbSymbolTableRecord
100
AcDbLinetypeTableRecord
  2
IRAM-E-TRAZOS
 70
0
  3
IRAM 4502 E - trazos __ __ __
 72
65
 73
2
 40
5.0
 49
4.0
 74
0
 49
-1.0
 74
0
  0
LTYPE
  5
30
330
2
100
AcDbSymbolTableRecord
100
AcDbLinetypeTableRecord
  2
IRAM-F-TRAZO-PUNTO
 70
0
  3
IRAM 4502 F - trazo largo y trazo corto ____ _ ____
 72
65
 73
4
 40
20.0
 49
15.0
 74
0
 49
-2.0
 74
0
 49
1.0
 74
0
 49
-2.0
 74
0
  0
ENDTAB
  0
TABLE
  2
LAYER
  5
1
330
0
100
AcDbSymbolTable
 70
14
  0
LAYER
  5
27
330
1
100
AcDbSymbolTableRecord
100
AcDbLayerTableRecord
  2
0
 70
0
 62
7
  6
Continuous
370
-3
390
13
347
21
  0
LAYER
  5
28
330
1
100
AcDbSymbolTableRecord
100
AcDbLayerTableRecord
  2
Defpoints
 70
0
 62
7
  6
Continuous
290
0
370
-3
390
13
347
21
  0
LAYER
  5
31
330
1
100
AcDbSymbolTableRecord
100
AcDbLayerTableRecord
  2
01-VISIBLE
 70
0
 62
7
  6
CONTINUOUS
370
70
390
13
347
21
1001
AcAecLayerStandard
1000

1000
A continua gruesa: contornos y aristas visibles
  0
LAYER
  5
33
330
1
100
AcDbSymbolTableRecord
100
AcDbLayerTableRecord
  2
02-OCULTA
 70
0
 62
4
  6
IRAM-E-TRAZOS
370
35
390
13
347
21
1001
AcAecLayerStandard
1000

1000
E de trazos media: contornos y aristas ocultos
  0
LAYER
  5
34
330
1
100
AcDbSymbolTableRecord
100
AcDbLayerTableRecord
  2
03-EJE
 70
0
 62
1
  6
IRAM-F-TRAZO-PUNTO
370
18
390
13
347
21
1001
AcAecLayerStandard
1000

1000
F trazo largo y corto fina: ejes, simetrías, trayectorias
  0
LAYER
  5
35
330
1
100
AcDbSymbolTableRecord
100
AcDbLayerTableRecord
  2
04-COTA
 70
0
 62
3
  6
CONTINUOUS
370
18
390
13
347
21
1001
AcAecLayerStandard
1000

1000
B continua fina: líneas de cota y auxiliares
  0
LAYER
  5
36
330
1
100
AcDbSymbolTableRecord
100
AcDbLayerTableRecord
  2
05-RAYADO
 70
0
 62
8
  6
CONTINUOUS
370
18
390
13
347
21
1001
AcAecLayerStandard
1000

1000
B continua fina: rayados IRAM 4509
  0
LAYER
  5
37
330
1
100
AcDbSymbolTableRecord
100
AcDbLayerTableRecord
  2
06-TEXTO
 70
0
 62
7
  6
CONTINUOUS
370
25
390
13
347
21
1001
AcAecLayerStandard
1000

1000
Escritura IRAM 4503 tipo B (trazo h/10)
  0
LAYER
  5
38
330
1
100
AcDbSymbolTableRecord
100
AcDbLayerTableRecord
  2
07-RECUADRO
 70
0
 62
7
  6
CONTINUOUS
370
70
390
13
347
21
1001
AcAecLayerStandard
1000

1000
Recuadro IRAM 4504
  0
LAYER
  5
39
330
1
100
AcDbSymbolTableRecord
100
AcDbLayerTableRecord
  2
08-FINA
 70
0
 62
5
  6
CONTINUOUS
370
18
390
13
347
21
1001
AcAecLayerStandard
1000

1000
B continua fina: referencias, fondos de rosca, contornos de detalle
  0
LAYER
  5
3A
330
1
100
AcDbSymbolTableRecord
100
AcDbLayerTableRecord
  2
09-PLANO-CORTE
 70
0
 62
1
  6
IRAM-F-TRAZO-PUNTO
370
18
390
13
347
21
1001
AcAecLayerStandard
1000

1000
G trazo largo y corto fina con extremos gruesos: planos de corte
  0
LAYER
  5
3B
330
1
100
AcDbSymbolTableRecord
100
AcDbLayerTableRecord
  2
10-ROTULO
 70
0
 62
7
  6
CONTINUOUS
370
35
390
13
347
21
1001
AcAecLayerStandard
1000

1000
Rótulo y lista de materiales IRAM 4508
  0
LAYER
  5
3C
330
1
100
AcDbSymbolTableRecord
100
AcDbLayerTableRecord
  2
11-TEXTO-ROTULO
 70
0
 62
7
  6
CONTINUOUS
370
25
390
13
347
21
1001
AcAecLayerStandard
1000

1000
Escritura del rótulo
  0
LAYER
  5
3D
330
1
100
AcDbSymbolTableRecord
100
AcDbLayerTableRecord
  2
12-SOLDADURA
 70
0
 62
6
  6
CONTINUOUS
370
18
390
13
347
21
1001
AcAecLayerStandard
1000

1000
Símbolos de soldadura
  0
ENDTAB
  0
TABLE
  2
STYLE
  5
5
330
0
100
AcDbSymbolTable
 70
2
  0
STYLE
  5
29
330
5
100
AcDbSymbolTableRecord
100
AcDbTextStyleTableRecord
  2
Standard
 70
0
 40
0.0
 41
1.0
 50
0.0
 71
0
 42
2.5
  3
txt
  4

  0
STYLE
  5
3E
330
5
100
AcDbSymbolTableRecord
100
AcDbTextStyleTableRecord
  2
ISO3098
 70
0
 40
0.0
 41
1.0
 50
0.0
 71
0
 42
2.5
  3
isocpeur.ttf
  4

  0
ENDTAB
  0
TABLE
  2
VIEW
  5
7
330
0
100
AcDbSymbolTable
 70
0
  0
ENDTAB
  0
TABLE
  2
UCS
  5
6
330
0
100
AcDbSymbolTable
 70
0
  0
ENDTAB
  0
TABLE
  2
APPID
  5
3
330
0
100
AcDbSymbolTable
 70
4
  0
APPID
  5
2A
330
3
100
AcDbSymbolTableRecord
100
AcDbRegAppTableRecord
  2
ACAD
 70
0
  0
APPID
  5
32
330
3
100
AcDbSymbolTableRecord
100
AcDbRegAppTableRecord
  2
AcAecLayerStandard
 70
0
  0
APPID
  5
1E6
330
3
100
AcDbSymbolTableRecord
100
AcDbRegAppTableRecord
  2
HATCHBACKGROUNDCOLOR
 70
0
  0
APPID
  5
1E7
330
3
100
AcDbSymbolTableRecord
100
AcDbRegAppTableRecord
  2
EZDXF
 70
0
  0
ENDTAB
  0
TABLE
  2
DIMSTYLE
  5
4
330
0
100
AcDbSymbolTable
 70
2
100
AcDbDimStyleTable
  0
DIMSTYLE
105
2B
330
4
100
AcDbSymbolTableRecord
100
AcDbDimStyleTableRecord
  2
Standard
 70
0
 40
1.0
 41
2.5
 42
0.625
 43
3.75
 44
1.25
 45
0.0
 46
0.0
 47
0.0
 48
0.0
 49
2.5
140
2.5
141
2.5
142
0.0
143
0.03937007874
144
1.0
145
0.0
146
1.0
147
0.625
148
0.0
 69
0
 70
0
 71
0
 72
0
 73
0
 74
0
 75
0
 76
0
 77
1
 78
8
 79
3
170
0
171
3
172
1
173
0
174
0
175
0
176
0
177
0
178
0
179
2
271
2
272
2
273
2
274
3
275
0
276
0
277
2
278
44
279
0
280
0
281
0
282
0
283
0
284
8
285
0
286
0
288
0
289
3
290
0
371
-2
372
-2
  0
DIMSTYLE
105
43
330
4
100
AcDbSymbolTableRecord
100
AcDbDimStyleTableRecord
  2
FLAMA-IRAM
 70
0
 40
1.0
 41
3.5
 42
1.5
 43
3.75
 44
2.0
 45
0.0
 46
0.0
 47
0.0
 48
0.0
 49
2.5
140
3.5
141
2.5
142
0.0
143
0.03937007874
144
1.0
145
0.0
146
1.0
147
1.0
148
0.0
 69
0
 70
0
 71
0
 72
0
 73
0
 74
0
 75
0
 76
0
 77
1
 78
8
 79
3
170
0
171
3
172
1
173
0
174
0
175
0
176
3
177
3
178
3
179
2
271
1
272
2
273
2
274
3
275
0
276
0
277
2
278
44
279
0
280
0
281
0
282
0
283
0
284
8
285
0
286
0
288
0
289
3
290
0
340
3E
342
3F
343
3F
344
3F
371
18
372
18
  0
ENDTAB
  0
TABLE
  2
BLOCK_RECORD
  5
9
330
0
100
AcDbSymbolTable
 70
3
  0
BLOCK_RECORD
  5
17
330
9
100
AcDbSymbolTableRecord
100
AcDbBlockTableRecord
  2
*Model_Space
340
1A
 70
0
280
1
281
0
  0
BLOCK_RECORD
  5
3F
330
9
100
AcDbSymbolTableRecord
100
AcDbBlockTableRecord
  2
IRAM_FLECHA
340
0
 70
0
280
1
281
0
  0
BLOCK_RECORD
  5
1E0
330
9
100
AcDbSymbolTableRecord
100
AcDbBlockTableRecord
  2
*Paper_Space
340
1E3
 70
0
280
1
281
0
  0
ENDTAB
  0
ENDSEC
  0
SECTION
  2
BLOCKS
  0
BLOCK
  5
18
330
17
100
AcDbEntity
  8
0
100
AcDbBlockBegin
  2
*Model_Space
 70
0
 10
0.0
 20
0.0
 30
0.0
  3
*Model_Space
  1

  0
ENDBLK
  5
19
330
17
100
AcDbEntity
  8
0
100
AcDbBlockEnd
  0
BLOCK
  5
40
330
3F
100
AcDbEntity
  8
0
100
AcDbBlockBegin
  2
IRAM_FLECHA
 70
0
 10
0.0
 20
0.0
 30
0.0
  3
IRAM_FLECHA
  1

  0
SOLID
  5
42
330
3F
100
AcDbEntity
  8
0
100
AcDbTrace
 10
0.0
 20
0.0
 30
0.0
 11
-1.0
 21
0.125
 31
0.0
 12
-1.0
 22
-0.125
 32
0.0
 13
-1.0
 23
-0.125
 33
0.0
  0
ENDBLK
  5
41
330
3F
100
AcDbEntity
  8
0
100
AcDbBlockEnd
  0
BLOCK
  5
1E1
330
1E0
100
AcDbEntity
  8
0
100
AcDbBlockBegin
  2
*Paper_Space
 70
0
 10
0.0
 20
0.0
 30
0.0
  3
*Paper_Space
  1

  0
ENDBLK
  5
1E2
330
1E0
100
AcDbEntity
  8
0
100
AcDbBlockEnd
  0
ENDSEC
  0
SECTION
  2
ENTITIES
  0
LWPOLYLINE
  5
44
330
17
100
AcDbEntity
  8
08-FINA
100
AcDbPolyline
 90
4
 70
1
 10
0.0
 20
0.0
 10
420.0
 20
0.0
 10
420.0
 20
297.0
 10
0.0
 20
297.0
  0
LWPOLYLINE
  5
45
330
17
100
AcDbEntity
  8
07-RECUADRO
100
AcDbPolyline
 90
4
 70
1
 10
25.0
 20
10.0
 10
410.0
 20
10.0
 10
410.0
 20
287.0
 10
25.0
 20
287.0
  0
LINE
  5
46
330
17
100
AcDbEntity
  8
07-RECUADRO
100
AcDbLine
 10
210.0
 20
0.0
 30
0.0
 11
210.0
 21
15.0
 31
0.0
  0
LINE
  5
47
330
17
100
AcDbEntity
  8
07-RECUADRO
100
AcDbLine
 10
210.0
 20
297.0
 30
0.0
 11
210.0
 21
282.0
 31
0.0
  0
LINE
  5
48
330
17
100
AcDbEntity
  8
07-RECUADRO
100
AcDbLine
 10
0.0
 20
148.5
 30
0.0
 11
30.0
 21
148.5
 31
0.0
  0
LINE
  5
49
330
17
100
AcDbEntity
  8
07-RECUADRO
100
AcDbLine
 10
420.0
 20
148.5
 30
0.0
 11
405.0
 21
148.5
 31
0.0
  0
LINE
  5
4A
330
17
100
AcDbEntity
  8
08-FINA
100
AcDbLine
 10
60.0
 20
10.0
 30
0.0
 11
60.0
 21
5.0
 31
0.0
  0
LINE
  5
4B
330
17
100
AcDbEntity
  8
08-FINA
100
AcDbLine
 10
60.0
 20
287.0
 30
0.0
 11
60.0
 21
292.0
 31
0.0
  0
LINE
  5
4C
330
17
100
AcDbEntity
  8
08-FINA
100
AcDbLine
 10
110.0
 20
10.0
 30
0.0
 11
110.0
 21
5.0
 31
0.0
  0
LINE
  5
4D
330
17
100
AcDbEntity
  8
08-FINA
100
AcDbLine
 10
110.0
 20
287.0
 30
0.0
 11
110.0
 21
292.0
 31
0.0
  0
LINE
  5
4E
330
17
100
AcDbEntity
  8
08-FINA
100
AcDbLine
 10
160.0
 20
10.0
 30
0.0
 11
160.0
 21
5.0
 31
0.0
  0
LINE
  5
4F
330
17
100
AcDbEntity
  8
08-FINA
100
AcDbLine
 10
160.0
 20
287.0
 30
0.0
 11
160.0
 21
292.0
 31
0.0
  0
LINE
  5
50
330
17
100
AcDbEntity
  8
08-FINA
100
AcDbLine
 10
260.0
 20
10.0
 30
0.0
 11
260.0
 21
5.0
 31
0.0
  0
LINE
  5
51
330
17
100
AcDbEntity
  8
08-FINA
100
AcDbLine
 10
260.0
 20
287.0
 30
0.0
 11
260.0
 21
292.0
 31
0.0
  0
LINE
  5
52
330
17
100
AcDbEntity
  8
08-FINA
100
AcDbLine
 10
310.0
 20
10.0
 30
0.0
 11
310.0
 21
5.0
 31
0.0
  0
LINE
  5
53
330
17
100
AcDbEntity
  8
08-FINA
100
AcDbLine
 10
310.0
 20
287.0
 30
0.0
 11
310.0
 21
292.0
 31
0.0
  0
LINE
  5
54
330
17
100
AcDbEntity
  8
08-FINA
100
AcDbLine
 10
360.0
 20
10.0
 30
0.0
 11
360.0
 21
5.0
 31
0.0
  0
LINE
  5
55
330
17
100
AcDbEntity
  8
08-FINA
100
AcDbLine
 10
360.0
 20
287.0
 30
0.0
 11
360.0
 21
292.0
 31
0.0
  0
LINE
  5
56
330
17
100
AcDbEntity
  8
08-FINA
100
AcDbLine
 10
25.0
 20
48.5
 30
0.0
 11
20.0
 21
48.5
 31
0.0
  0
LINE
  5
57
330
17
100
AcDbEntity
  8
08-FINA
100
AcDbLine
 10
410.0
 20
48.5
 30
0.0
 11
415.0
 21
48.5
 31
0.0
  0
LINE
  5
58
330
17
100
AcDbEntity
  8
08-FINA
100
AcDbLine
 10
25.0
 20
98.5
 30
0.0
 11
20.0
 21
98.5
 31
0.0
  0
LINE
  5
59
330
17
100
AcDbEntity
  8
08-FINA
100
AcDbLine
 10
410.0
 20
98.5
 30
0.0
 11
415.0
 21
98.5
 31
0.0
  0
LINE
  5
5A
330
17
100
AcDbEntity
  8
08-FINA
100
AcDbLine
 10
25.0
 20
198.5
 30
0.0
 11
20.0
 21
198.5
 31
0.0
  0
LINE
  5
5B
330
17
100
AcDbEntity
  8
08-FINA
100
AcDbLine
 10
410.0
 20
198.5
 30
0.0
 11
415.0
 21
198.5
 31
0.0
  0
LINE
  5
5C
330
17
100
AcDbEntity
  8
08-FINA
100
AcDbLine
 10
25.0
 20
248.5
 30
0.0
 11
20.0
 21
248.5
 31
0.0
  0
LINE
  5
5D
330
17
100
AcDbEntity
  8
08-FINA
100
AcDbLine
 10
410.0
 20
248.5
 30
0.0
 11
415.0
 21
248.5
 31
0.0
  0
TEXT
  5
5E
330
17
100
AcDbEntity
  8
06-TEXTO
100
AcDbText
 10
42.5
 20
5.0
 30
0.0
 40
3.5
  1
1
  7
ISO3098
 72
1
 11
42.5
 21
5.0
 31
0.0
100
AcDbText
 73
2
  0
TEXT
  5
5F
330
17
100
AcDbEntity
  8
06-TEXTO
100
AcDbText
 10
42.5
 20
292.0
 30
0.0
 40
3.5
  1
1
  7
ISO3098
 72
1
 11
42.5
 21
292.0
 31
0.0
100
AcDbText
 73
2
  0
TEXT
  5
60
330
17
100
AcDbEntity
  8
06-TEXTO
100
AcDbText
 10
85.0
 20
5.0
 30
0.0
 40
3.5
  1
2
  7
ISO3098
 72
1
 11
85.0
 21
5.0
 31
0.0
100
AcDbText
 73
2
  0
TEXT
  5
61
330
17
100
AcDbEntity
  8
06-TEXTO
100
AcDbText
 10
85.0
 20
292.0
 30
0.0
 40
3.5
  1
2
  7
ISO3098
 72
1
 11
85.0
 21
292.0
 31
0.0
100
AcDbText
 73
2
  0
TEXT
  5
62
330
17
100
AcDbEntity
  8
06-TEXTO
100
AcDbText
 10
135.0
 20
5.0
 30
0.0
 40
3.5
  1
3
  7
ISO3098
 72
1
 11
135.0
 21
5.0
 31
0.0
100
AcDbText
 73
2
  0
TEXT
  5
63
330
17
100
AcDbEntity
  8
06-TEXTO
100
AcDbText
 10
135.0
 20
292.0
 30
0.0
 40
3.5
  1
3
  7
ISO3098
 72
1
 11
135.0
 21
292.0
 31
0.0
100
AcDbText
 73
2
  0
TEXT
  5
64
330
17
100
AcDbEntity
  8
06-TEXTO
100
AcDbText
 10
185.0
 20
5.0
 30
0.0
 40
3.5
  1
4
  7
ISO3098
 72
1
 11
185.0
 21
5.0
 31
0.0
100
AcDbText
 73
2
  0
TEXT
  5
65
330
17
100
AcDbEntity
  8
06-TEXTO
100
AcDbText
 10
185.0
 20
292.0
 30
0.0
 40
3.5
  1
4
  7
ISO3098
 72
1
 11
185.0
 21
292.0
 31
0.0
100
AcDbText
 73
2
  0
TEXT
  5
66
330
17
100
AcDbEntity
  8
06-TEXTO
100
AcDbText
 10
235.0
 20
5.0
 30
0.0
 40
3.5
  1
5
  7
ISO3098
 72
1
 11
235.0
 21
5.0
 31
0.0
100
AcDbText
 73
2
  0
TEXT
  5
67
330
17
100
AcDbEntity
  8
06-TEXTO
100
AcDbText
 10
235.0
 20
292.0
 30
0.0
 40
3.5
  1
5
  7
ISO3098
 72
1
 11
235.0
 21
292.0
 31
0.0
100
AcDbText
 73
2
  0
TEXT
  5
68
330
17
100
AcDbEntity
  8
06-TEXTO
100
AcDbText
 10
285.0
 20
5.0
 30
0.0
 40
3.5
  1
6
  7
ISO3098
 72
1
 11
285.0
 21
5.0
 31
0.0
100
AcDbText
 73
2
  0
TEXT
  5
69
330
17
100
AcDbEntity
  8
06-TEXTO
100
AcDbText
 10
285.0
 20
292.0
 30
0.0
 40
3.5
  1
6
  7
ISO3098
 72
1
 11
285.0
 21
292.0
 31
0.0
100
AcDbText
 73
2
  0
TEXT
  5
6A
330
17
100
AcDbEntity
  8
06-TEXTO
100
AcDbText
 10
335.0
 20
5.0
 30
0.0
 40
3.5
  1
7
  7
ISO3098
 72
1
 11
335.0
 21
5.0
 31
0.0
100
AcDbText
 73
2
  0
TEXT
  5
6B
330
17
100
AcDbEntity
  8
06-TEXTO
100
AcDbText
 10
335.0
 20
292.0
 30
0.0
 40
3.5
  1
7
  7
ISO3098
 72
1
 11
335.0
 21
292.0
 31
0.0
100
AcDbText
 73
2
  0
TEXT
  5
6C
330
17
100
AcDbEntity
  8
06-TEXTO
100
AcDbText
 10
385.0
 20
5.0
 30
0.0
 40
3.5
  1
8
  7
ISO3098
 72
1
 11
385.0
 21
5.0
 31
0.0
100
AcDbText
 73
2
  0
TEXT
  5
6D
330
17
100
AcDbEntity
  8
06-TEXTO
100
AcDbText
 10
385.0
 20
292.0
 30
0.0
 40
3.5
  1
8
  7
ISO3098
 72
1
 11
385.0
 21
292.0
 31
0.0
100
AcDbText
 73
2
  0
TEXT
  5
6E
330
17
100
AcDbEntity
  8
06-TEXTO
100
AcDbText
 10
15.0
 20
29.25
 30
0.0
 40
3.5
  1
F
  7
ISO3098
 72
1
 11
15.0
 21
29.25
 31
0.0
100
AcDbText
 73
2
  0
TEXT
  5
6F
330
17
100
AcDbEntity
  8
06-TEXTO
100
AcDbText
 10
415.0
 20
29.25
 30
0.0
 40
3.5
  1
F
  7
ISO3098
 72
1
 11
415.0
 21
29.25
 31
0.0
100
AcDbText
 73
2
  0
TEXT
  5
70
330
17
100
AcDbEntity
  8
06-TEXTO
100
AcDbText
 10
15.0
 20
73.5
 30
0.0
 40
3.5
  1
E
  7
ISO3098
 72
1
 11
15.0
 21
73.5
 31
0.0
100
AcDbText
 73
2
  0
TEXT
  5
71
330
17
100
AcDbEntity
  8
06-TEXTO
100
AcDbText
 10
415.0
 20
73.5
 30
0.0
 40
3.5
  1
E
  7
ISO3098
 72
1
 11
415.0
 21
73.5
 31
0.0
100
AcDbText
 73
2
  0
TEXT
  5
72
330
17
100
AcDbEntity
  8
06-TEXTO
100
AcDbText
 10
15.0
 20
123.5
 30
0.0
 40
3.5
  1
D
  7
ISO3098
 72
1
 11
15.0
 21
123.5
 31
0.0
100
AcDbText
 73
2
  0
TEXT
  5
73
330
17
100
AcDbEntity
  8
06-TEXTO
100
AcDbText
 10
415.0
 20
123.5
 30
0.0
 40
3.5
  1
D
  7
ISO3098
 72
1
 11
415.0
 21
123.5
 31
0.0
100
AcDbText
 73
2
  0
TEXT
  5
74
330
17
100
AcDbEntity
  8
06-TEXTO
100
AcDbText
 10
15.0
 20
173.5
 30
0.0
 40
3.5
  1
C
  7
ISO3098
 72
1
 11
15.0
 21
173.5
 31
0.0
100
AcDbText
 73
2
  0
TEXT
  5
75
330
17
100
AcDbEntity
  8
06-TEXTO
100
AcDbText
 10
415.0
 20
173.5
 30
0.0
 40
3.5
  1
C
  7
ISO3098
 72
1
 11
415.0
 21
173.5
 31
0.0
100
AcDbText
 73
2
  0
TEXT
  5
76
330
17
100
AcDbEntity
  8
06-TEXTO
100
AcDbText
 10
15.0
 20
223.5
 30
0.0
 40
3.5
  1
B
  7
ISO3098
 72
1
 11
15.0
 21
223.5
 31
0.0
100
AcDbText
 73
2
  0
TEXT
  5
77
330
17
100
AcDbEntity
  8
06-TEXTO
100
AcDbText
 10
415.0
 20
223.5
 30
0.0
 40
3.5
  1
B
  7
ISO3098
 72
1
 11
415.0
 21
223.5
 31
0.0
100
AcDbText
 73
2
  0
TEXT
  5
78
330
17
100
AcDbEntity
  8
06-TEXTO
100
AcDbText
 10
15.0
 20
267.75
 30
0.0
 40
3.5
  1
A
  7
ISO3098
 72
1
 11
15.0
 21
267.75
 31
0.0
100
AcDbText
 73
2
  0
TEXT
  5
79
330
17
100
AcDbEntity
  8
06-TEXTO
100
AcDbText
 10
415.0
 20
267.75
 30
0.0
 40
3.5
  1
A
  7
ISO3098
 72
1
 11
415.0
 21
267.75
 31
0.0
100
AcDbText
 73
2
  0
LWPOLYLINE
  5
7A
330
17
100
AcDbEntity
  8
01-VISIBLE
100
AcDbPolyline
 90
182
 70
0
 10
158.08706490258731
 20
163.8631340985034
 10
158.15661573330112
 20
163.90343264482578
 10
158.22604130221313
 20
163.94394660802814
 10
158.2953402605335
 20
163.9846767584374
 10
158.36451124248214
 20
164.02562387036875
 10
158.4335528650368
 20
164.0667887220746
 10
158.50246372767717
 20
164.1081720956904
 10
158.57124241212605
 20
164.1497747771775
 10
158.63988748208644
 20
164.19159755626185
 10
158.70839748297536
 20
164.23364122637017
 10
158.7767709416538
 20
164.27590658456182
 10
158.84500636615323
 20
164.31839443145725
 10
158.9131022453984
 20
164.36110557116223
 10
158.9810570489263
 20
164.4040408111885
 10
159.04886922660177
 20
164.44720096236983
 10
159.1165372083292
 20
164.4905868387741
 10
159.18405940376044
 20
164.53419925761054
 10
159.2514342019994
 20
164.5780390391328
 10
159.31865997130242
 20
164.62210700653674
 10
159.38573505877557
 20
164.66640398585378
 10
159.45265779006758
 20
164.71093080583864
 10
159.5194264690598
 20
164.75568829785226
 10
159.58603937755177
 20
164.8006772957388
 10
159.65249477494385
 20
164.84589863569727
 10
159.71879089791565
 20
164.89135315614732
 10
159.78492596010128
 20
164.93704169758894
 10
159.85089815176067
 20
164.98296510245558
 10
159.91670563944783
 20
165.02912421496166
 10
159.98234656567504
 20
165.07551988094232
 10
160.04781904857418
 20
165.12215294768743
 10
160.11312118155428
 20
165.16902426376748
 10
160.1782510329558
 20
165.21613467885305
 10
160.24320664570203
 20
165.26348504352583
 10
160.30798603694666
 20
165.31107620908267
 10
160.37258719771887
 20
165.3589090273311
 10
160.437008092565
 20
165.40698435037655
 10
160.5012466591876
 20
165.45530303040135
 10
160.56530080808136
 20
165.5038659194344
 10
160.62916842216666
 20
165.5526738691123
 10
160.6928473564205
 20
165.60172773043087
 10
160.7563354375046
 20
165.65102835348662
 10
160.81963046339197
 20
165.70057658720913
 10
160.88273020299067
 20
165.75037327908245
 10
160.94563239576595
 20
165.80041927485627
 10
161.00833475136056
 20
165.85071541824624
 10
161.0708349492135
 20
165.9012625506231
 10
161.1331306381772
 20
165.95206151069027
 10
161.19521943613395
 20
166.00311313414977
 10
161.25709892961106
 20
166.05441825335586
 10
161.3187666733954
 20
166.10597769695624
 10
161.38022019014775
 20
166.15779228952044
 10
161.4414569700168
 20
166.20986285115518
 10
161.50247447025336
 20
166.2621901971059
 10
161.56327011482534
 20
166.31477513734472
 10
161.62384129403313
 20
166.36761847614386
 10
161.68418536412653
 20
166.4207210116348
 10
161.74429964692308
 20
166.47408353535207
 10
161.8041814294284
 20
166.52770683176203
 10
161.86382796345882
 20
166.58159167777546
 10
161.92323646526705
 20
166.63573884224473
 10
161.98240411517088
 20
166.69014908544358
 10
162.0413280571859
 20
166.74482315853083
 10
162.10000539866218
 20
166.79976180299616
 10
162.15843320992622
 20
166.85496575008864
 10
162.2166085239279
 20
166.91043572022699
 10
162.27452833589368
 20
166.96617242239154
 10
162.33218960298615
 20
167.02217655349716
 10
162.38958924397113
 20
167.078448797747
 10
162.44672413889256
 20
167.13498982596695
 10
162.503591128756
 20
167.1918002949197
 10
162.56018701522166
 20
167.24888084659852
 10
162.6165085603075
 20
167.30623210750065
 10
162.67255248610334
 20
167.36385468787932
 10
162.72831547449692
 20
167.42174918097433
 10
162.7837941669124
 20
167.479916162221
 10
162.83898516406293
 20
167.53835618843715
 10
162.89388502571728
 20
167.59706979698723
 10
162.9484902704825
 20
167.6560575049242
 10
163.00279737560288
 20
167.71531980810846
 10
163.0568027767768
 20
167.77485718030292
 10
163.11050286799224
 20
167.8346700722454
 10
163.16389400138215
 20
167.89475891069668
 10
163.21697248710115
 20
167.95512409746505
 10
163.2697345932244
 20
168.0157660084064
 10
163.32217654567006
 20
168.0766849924006
 10
163.3742945281468
 20
168.13788137030303
 10
163.4260846821275
 20
168.19935543387209
 10
163.4775431068506
 20
168.26110744467184
 10
163.52866585935044
 20
168.32313763295087
 10
163.57944895451837
 20
168.38544619649605
 10
163.6298883651957
 20
168.44803329946234
 10
163.67998002230047
 20
168.51089907117841
 10
163.72971981498907
 20
168.57404360492816
 10
163.77910359085507
 20
168.63746695670852
 10
163.82812715616635
 20
168.70116914396385
 10
163.8767862761421
 20
168.76515014429708
 10
163.92507667527224
 20
168.8294098941584
 10
163.97299403768002
 20
168.8939482875117
 10
164.02053400753024
 20
168.95876517447914
 10
164.0676921894845
 20
169.02386035996523
 10
164.11446414920567
 20
169.08923360226015
 10
164.16084541391322
 20
169.15488461162406
 10
164.20683147299098
 20
169.22081304885242
 10
164.2524177786499
 20
169.28701852382414
 10
164.2975997466471
 20
169.35350059403294
 10
164.34237275706312
 20
169.42025876310345
 10
164.3867321551397
 20
169.48729247929322
 10
164.43067325217947
 20
169.55460113398215
 10
164.4741913265097
 20
169.62218406015063
 10
164.51728162451155
 20
169.69004053084808
 10
164.55993936171754
 20
169.75816975765355
 10
164.60215972397765
 20
169.82657088913044
 10
164.6439378686971
 20
169.8952430092769
 10
164.6852689261467
 20
169.96418513597433
 10
164.72614800084773
 20
170.033396219436
 10
164.76657017303262
 20
170.1028751406581
 10
164.80653050018353
 20
170.17262070987587
 10
164.84602401864942
 20
170.24263166502703
 10
164.88504574534375
 20
170.31290667022574
 10
164.92359067952316
 20
170.38344431424918
 10
164.96165380464936
 20
170.45424310904082
 10
164.99923009033384
 20
170.525301488232
 10
165.0363144943675
 20
170.59661780568666
 10
165.0729019648352
 20
170.6681903340712
 10
165.10898744231577
 20
170.7400172634538
 10
165.14456586216824
 20
170.81209669993643
 10
165.17963215690418
 20
170.8844266643232
 10
165.2141812586462
 20
170.95700509082917
 10
165.2482081016724
 20
171.02982982583308
 10
165.28170762504647
 20
171.10289862667838
 10
165.3146747753327
 20
171.17620916052658
 10
165.34710450939482
 20
171.24975900326677
 10
165.37899179727808
 20
171.32354563848605
 10
165.41033162517238
 20
171.39756645650445
 10
165.4411189984557
 20
171.47181875347974
 10
165.47134894481496
 20
171.54629973058513
 10
165.50101651744282
 20
171.62100649326555
 10
165.53011679830755
 20
171.69593605057605
 10
165.55864490149298
 20
171.77108531460658
 10
165.58659597660596
 20
171.84645109999877
 10
165.61396521224702
 20
171.92203012355705
 10
165.64074783954143
 20
171.99781900396
 10
165.66693913572567
 20
172.07381426157536
 10
165.69253442778555
 20
172.1500123183826
 10
165.71752909614082
 20
172.22640949800746
 10
165.74191857837155
 20
172.30300202587176
 10
165.76569837298058
 20
172.37978602946242
 10
165.78886404318652
 20
172.45675753872317
 10
165.81141122074146
 20
172.53391248657135
 10
165.83333560976678
 20
172.61124670954433
 10
165.85463299060078
 20
172.68875594857647
 10
165.87529922365124
 20
172.76643584991075
 10
165.89533025324556
 20
172.84428196614584
 10
165.91472211147172
 20
172.92228975742145
 10
165.93347092200185
 20
173.0004545927431
 10
165.95157290389128
 20
173.07877175144705
 10
165.96902437534465
 20
173.15723642480725
 10
165.98582175744139
 20
173.2358437177835
 10
166.00196157781235
 20
173.31458865091162
 10
166.01744047425888
 20
173.3934661623349
 10
166.03225519830664
 20
173.47247110997614
 10
166.04640261868542
 20
173.55159827384875
 10
166.05987972472647
 20
173.63084235850545
 10
166.07268362966934
 20
173.71019799562197
 10
166.08481157386979
 20
173.78965974671385
 10
166.0962609279004
 20
173.86922210598226
 10
166.1070291955363
 20
173.94887950328612
 10
166.1171140166178
 20
174.028626307236
 10
166.12651316978213
 20
174.10845682840562
 10
166.13522457505758
 20
174.18836532265564
 10
166.14324629631224
 20
174.2683459945652
 10
166.15057654355067
 20
174.34839300096445
 10
166.1572136750524
 20
174.4285004545627
 10
166.16315619934568
 20
174.50866242766546
 10
166.1684027770115
 20
174.58887295597333
 10
166.17295222231186
 20
174.66912604245567
 10
166.17680350463812
 20
174.74941566129178
 10
166.1799557497751
 20
174.8297357618713
 10
166.18240824097714
 20
174.91008027284602
 10
166.18416041985273
 20
174.99044310622543
 10
166.18521188705552
 20
175.07081816150628
 10
166.18556240277928
 20
175.15119932982918
  0
LWPOLYLINE
  5
7B
330
17
100
AcDbEntity
  8
01-VISIBLE
100
AcDbPolyline
 90
51
 70
0
 10
166.18556240277928
 20
175.15119932982918
 10
166.1852024154472
 20
175.23265927882926
 10
166.18412253779928
 20
175.31411286536624
 10
166.1823230227729
 20
175.39555373144776
 10
166.17980429157214
 20
175.47697552801333
 10
166.1765669331317
 20
175.55837191937638
 10
166.17261170336855
 20
175.639736587637
 10
166.16793952422356
 20
175.72106323705714
 10
166.16255148249672
 20
175.80234559838792
 10
166.1564488284784
 20
175.8835774331406
 10
166.1496329743817
 20
175.96475253779238
 10
166.14210549258001
 20
176.04586474791853
 10
166.13386811365564
 20
176.12690794224204
 10
166.12492272426445
 20
176.20787604659427
 10
166.11527136482377
 20
176.28876303777741
 10
166.1049162270295
 20
176.36956294732335
 10
166.09385965120987
 20
176.45026986514063
 10
166.08210412352355
 20
176.5308779430449
 10
166.06965227300964
 20
176.61138139816603
 10
166.05650686849796
 20
176.69177451622636
 10
166.04267081538802
 20
176.77205165468678
 10
166.0281471523054
 20
176.85220724575467
 10
166.01293904764424
 20
176.9322357992509
 10
165.997049796005
 20
177.01213190533224
 10
165.98048281453666
 20
177.09189023706676
 10
165.96324163919223
 20
177.1715055528593
 10
165.9453299209071
 20
177.25097269872597
 10
165.92675142170927
 20
177.3302866104163
 10
165.90751001077044
 20
177.4094423153814
 10
165.88760966040746
 20
177.48843493458924
 10
165.86705444204262
 20
177.56725968418607
 10
165.84584852213166
 20
177.645911877005
 10
165.82399615806847
 20
177.7243869239229
 10
165.80150169407443
 20
177.8026803350668
 10
165.77836955708077
 20
177.88078772087152
 10
165.754604252612
 20
177.95870479299126
 10
165.73021036067783
 20
178.03642736506686
 10
165.70519253168106
 20
178.11395135335238
 10
165.67955548234863
 20
178.1912727772035
 10
165.6533039916923
 20
178.26838775943136
 10
165.6264428970056
 20
178.34529252652567
 10
165.59897708990295
 20
178.42198340875066
 10
165.5709115124069
 20
178.49845684011814
 10
165.5422511530885
 20
178.5747093582416
 10
165.51300104326623
 20
178.65073760407637
 10
165.48316625326768
 20
178.7265383215493
 10
165.45275188875888
 20
178.8021083570839
 10
165.42176308714443
 20
178.8774446590242
 10
165.39020501404286
 20
178.9525442769633
 10
165.35808285983975
 20
179.0274043609807
 10
165.325401836322
 20
179.10202216079324
  0
LWPOLYLINE
  5
7C
330
17
100
AcDbEntity
  8
01-VISIBLE
100
AcDbPolyline
 90
51
 70
0
 10
111.74572296923657
 20
179.10202216079324
 10
111.71304194571881
 20
179.0274043609807
 10
111.6809197915157
 20
178.95254427696332
 10
111.64936171841413
 20
178.8774446590242
 10
111.61837291679969
 20
178.8021083570839
 10
111.58795855229087
 20
178.7265383215493
 10
111.55812376229234
 20
178.65073760407637
 10
111.52887365247005
 20
178.5747093582416
 10
111.50021329315166
 20
178.49845684011814
 10
111.47214771565561
 20
178.42198340875066
 10
111.44468190855297
 20
178.34529252652567
 10
111.41782081386626
 20
178.26838775943136
 10
111.39156932320992
 20
178.1912727772035
 10
111.36593227387749
 20
178.1139513533524
 10
111.34091444488072
 20
178.03642736506686
 10
111.31652055294654
 20
177.95870479299126
 10
111.29275524847779
 20
177.88078772087152
 10
111.26962311148414
 20
177.8026803350668
 10
111.24712864749009
 20
177.7243869239229
 10
111.22527628342691
 20
177.645911877005
 10
111.20407036351594
 20
177.56725968418607
 10
111.18351514515109
 20
177.48843493458924
 10
111.16361479478812
 20
177.4094423153814
 10
111.14437338384928
 20
177.3302866104163
 10
111.12579488465144
 20
177.25097269872597
 10
111.10788316636634
 20
177.1715055528593
 10
111.09064199102191
 20
177.09189023706676
 10
111.07407500955357
 20
177.01213190533224
 10
111.05818575791433
 20
176.93223579925092
 10
111.04297765325316
 20
176.8522072457547
 10
111.02845399017052
 20
176.77205165468678
 10
111.01461793706059
 20
176.69177451622636
 10
111.0014725325489
 20
176.61138139816603
 10
110.989020682035
 20
176.5308779430449
 10
110.97726515434869
 20
176.45026986514063
 10
110.96620857852906
 20
176.36956294732335
 10
110.95585344073478
 20
176.28876303777741
 10
110.94620208129412
 20
176.20787604659427
 10
110.93725669190293
 20
176.12690794224204
 10
110.92901931297854
 20
176.04586474791853
 10
110.92149183117687
 20
175.96475253779238
 10
110.91467597708015
 20
175.8835774331406
 10
110.90857332306184
 20
175.80234559838794
 10
110.90318528133501
 20
175.72106323705714
 10
110.89851310219002
 20
175.639736587637
 10
110.89455787242683
 20
175.55837191937638
 10
110.89132051398641
 20
175.47697552801333
 10
110.88880178278568
 20
175.39555373144776
 10
110.88700226775929
 20
175.31411286536624
 10
110.88592239011136
 20
175.23265927882926
 10
110.88556240277927
 20
175.15119932982918
  0
LWPOLYLINE
  5
7D
330
17
100
AcDbEntity
  8
01-VISIBLE
100
AcDbPolyline
 90
401
 70
0
 10
110.88556240277927
 20
175.15119932982918
 10
110.88659526395254
 20
175.01321846632558
 10
110.8896931533356
 20
174.87526851563587
 10
110.8948539910553
 20
174.7373803283116
 10
110.90207431909127
 20
174.59958463076453
 10
110.91134931385017
 20
174.4619119641543
 10
110.92267280361511
 20
174.32439262441142
 10
110.9360372907187
 20
174.18705660375292
 10
110.95143397824864
 20
174.04993353402858
 10
110.96885280105938
 20
173.91305263221426
 10
110.98828246082977
 20
173.77644264834385
 10
111.00971046487851
 20
173.64013181614177
 10
111.03312316842447
 20
173.50414780658923
 10
111.05850581995865
 20
173.3685176846222
 10
111.08584260937943
 20
173.23326786912884
 10
111.11511671853177
 20
173.0984240963764
 10
111.14631037378487
 20
172.96401138696547
 10
111.17940490028111
 20
172.83005401637485
 10
111.21438077749143
 20
172.69657548912681
 10
111.25121769571906
 20
172.56359851657152
 10
111.28989461320347
 20
172.4311449982596
 10
111.33038981348969
 20
172.29923600684353
 10
111.37268096274462
 20
172.16789177642357
 10
111.41674516672026
 20
172.03713169423162
 10
111.46255902708444
 20
171.90697429552512
 10
111.51009869686179
 20
171.7774372615471
 10
111.55933993475088
 20
171.64853742039327
 10
111.61025815810696
 20
171.52029075061512
 10
111.66282849440437
 20
171.39271238738027
 10
111.7170258310165
 20
171.26581663100262
 10
111.77282486317506
 20
171.1396169576532
 10
111.83020013999331
 20
171.0141260320591
 10
111.8891261084605
 20
170.88935572199892
 10
111.94957715533576
 20
170.76531711440526
 10
112.01152764688942
 20
170.64202053288818
 10
112.07495196645897
 20
170.519475556499
 10
112.1398245498033
 20
170.3976910395601
 10
112.20611991825514
 20
170.27667513239425
 10
112.27381270968563
 20
170.15643530279397
 10
112.34287770730737
 20
170.0369783580815
 10
112.41328986635415
 20
169.91831046761902
 10
112.4850243386845
 20
169.80043718563735
 10
112.55805649536526
 20
169.68336347426225
 10
112.63236194729805
 20
169.56709372662658
 10
112.70791656395726
 20
169.4516317899662
 10
112.78469649031328
 20
169.33698098860748
 10
112.86267816201774
 20
169.2231441467623
 10
112.94183831893024
 20
169.1101236110573
 10
113.02215401706817
 20
168.99792127273022
 10
113.1036026390617
 20
168.88653858943655
 10
113.18616190319614
 20
168.77597660661567
 10
113.26980987112395
 20
168.66623597837395
 10
113.35452495432753
 20
168.55731698784808
 10
113.44028591941183
 20
168.44921956701916
 10
113.52707189230532
 20
168.34194331595285
 10
113.61486236144445
 20
168.23548752144643
 10
113.70363718001505
 20
168.1298511750694
 10
113.79337656732119
 20
168.0250329905867
 10
113.88406110934937
 20
167.9210314207595
 10
113.97567175859287
 20
167.81784467352065
 10
114.06818983319828
 20
167.7154707275263
 10
114.16159701549284
 20
167.61390734708624
 10
114.25587534994872
 20
167.51315209648016
 10
114.3510072406366
 20
167.41320235366715
 10
114.44697544821878
 20
167.31405532339892
 10
114.54376308652809
 20
167.21570804974812
 10
114.64135361877692
 20
167.11815742806488
 10
114.73973085343725
 20
167.02140021637547
 10
114.83887893983007
 20
166.92543304623814
 10
114.93878236345994
 20
166.83025243307156
 10
115.03942594112797
 20
166.7358547859724
 10
115.140794815854
 20
166.64223641703833
 10
115.24287445163634
 20
166.54939355021367
 10
115.34565062807587
 20
166.45732232967418
 10
115.44910943488811
 20
166.36601882776876
 10
115.55323726632618
 20
166.2754790525342
 10
115.65802081553463
 20
166.185698954801
 10
115.76344706885332
 20
166.09667443490557
 10
115.8695033000879
 20
166.00840134902666
 10
115.97617706476288
 20
165.92087551516101
 10
116.08345619437124
 20
165.83409271875502
 10
116.19132879063334
 20
165.74804871800677
 10
116.2997832197766
 20
165.6627392488546
 10
116.40880810684658
 20
165.5781600296657
 10
116.51839233005835
 20
165.49430676563992
 10
116.62852501519681
 20
165.4111751529416
 10
116.73919553007322
 20
165.32876088257314
 10
116.85039347904407
 20
165.24705964400306
 10
116.96210869759882
 20
165.16606712856054
 10
117.07433124702058
 20
165.08577903260874
 10
117.18705140912476
 20
165.00619106050755
 10
117.30025968107897
 20
164.92729892737765
 10
117.41394677030756
 20
164.84909836167506
 10
117.52810358948334
 20
164.77158510758767
 10
117.64272125160853
 20
164.69475492726184
 10
117.75779106518692
 20
164.61860360286923
 10
117.87330452948828
 20
164.54312693852228
 10
117.9892533299064
 20
164.46832076204635
 10
118.10562933341092
 20
164.39418092661714
 10
118.22242458409374
 20
164.32070331227015
 10
118.33963129881002
 20
164.24788382729008
 10
118.45724186291353
 20
164.1757184094867
 10
118.57524882608607
 20
164.10420302736344
 10
118.69364489826059
 20
164.03333368118547
 10
118.81242294563704
 20
163.96310640395305
 10
118.9315759867905
 20
163.89351726228483
 10
119.05109718887013
 20
163.82456235721804
 10
119.1709798638883
 20
163.7562378249289
 10
119.29121746509853
 20
163.6885398373792
 10
119.41180358346092
 20
163.62146460289318
 10
119.53273194419384
 20
163.55500836666866
 10
119.6539964034104
 20
163.48916741122716
 10
119.77559094483823
 20
163.42393805680615
 10
119.89750967662117
 20
163.35931666169756
 10
120.01974682820114
 20
163.29529962253565
 10
120.14229674727886
 20
163.23188337453786
 10
120.26515389685154
 20
163.16906439170117
 10
120.38831285232628
 20
163.1068391869576
 10
120.51176829870712
 20
163.0452043122905
 10
120.63551502785467
 20
162.98415635881588
 10
120.75954793581607
 20
162.9236919568291
 10
120.88386202022443
 20
162.8638077758213
 10
121.00845237776505
 20
162.80450052446633
 10
121.13331420170827
 20
162.74576695058067
 10
121.25844277950583
 20
162.68760384105872
 10
121.38383349045036
 20
162.63000802178425
 10
121.50948180339593
 20
162.57297635752104
 10
121.63538327453796
 20
162.51650575178311
 10
121.76153354525144
 20
162.46059314668696
 10
121.88792833998578
 20
162.4052355227866
 10
122.01456346421455
 20
162.35042989889337
 10
122.1414348024391
 20
162.2961733318811
 10
122.26853831624445
 20
162.24246291647853
 10
122.39587004240606
 20
162.18929578504958
 10
122.52342609104612
 20
162.13666910736276
 10
122.65120264383809
 20
162.0845800903507
 10
122.77919595225809
 20
162.0330259778607
 10
122.9074023358821
 20
161.98200405039722
 10
123.03581818072738
 20
161.93151162485714
 10
123.16443993763707
 20
161.88154605425837
 10
123.29326412070705
 20
161.83210472746305
 10
123.42228730575331
 20
161.78318506889508
 10
123.5515061288192
 20
161.73478453825393
 10
123.68091728472125
 20
161.6869006302242
 10
123.81051752563256
 20
161.63953087418173
 10
123.94030365970266
 20
161.5926728338975
 10
124.07027254971271
 20
161.54632410723872
 10
124.20042111176538
 20
161.50048232586846
 10
124.33074631400798
 20
161.4551451549438
 10
124.46124517538843
 20
161.41031029281305
 10
124.59191476444256
 20
161.36597547071216
 10
124.72275219811243
 20
161.32213845246116
 10
124.85375464059423
 20
161.27879703416062
 10
124.98491930221547
 20
161.23594904388818
 10
125.11624343834023
 20
161.19359234139637
 10
125.24772434830182
 20
161.15172481781053
 10
125.37935937436211
 20
161.1103443953286
 10
125.51114590069662
 20
161.06944902692203
 10
125.64308135240489
 20
161.02903669603808
 10
125.77516319454513
 20
160.98910541630428
 10
125.90738893119266
 20
160.94965323123466
 10
126.0397561045213
 20
160.91067821393813
 10
126.17226229390737
 20
160.8721784668292
 10
126.3049051150551
 20
160.834152121341
 10
126.43768221914348
 20
160.79659733764106
 10
126.57059129199341
 20
160.75951230434976
 10
126.70363005325487
 20
160.72289523826112
 10
126.83679625561356
 20
160.68674438406725
 10
126.97008768401624
 20
160.65105801408504
 10
127.10350215491425
 20
160.61583442798621
 10
127.23703751552506
 20
160.58107195253083
 10
127.37069164311077
 20
160.54676894130324
 10
127.50446244427376
 20
160.51292377445202
 10
127.63834785426803
 20
160.4795348584327
 10
127.77234583632702
 20
160.44660062575423
 10
127.90645438100627
 20
160.41411953472866
 10
128.0406715055413
 20
160.3820900692241
 10
128.17499525321992
 20
160.35051073842158
 10
128.30942369276846
 20
160.31938007657484
 10
128.44395491775197
 20
160.2886966427743
 10
128.5785870459875
 20
160.25845902071393
 10
128.7133182189703
 20
160.228665818462
 10
128.84814660131258
 20
160.19931566823556
 10
128.98307038019468
 20
160.17040722617796
 10
129.11808776482752
 20
160.14193917214058
 10
129.25319698592725
 20
160.11391020946766
 10
129.3883962952003
 20
160.08631906478496
 10
129.52368396483996
 20
160.05916448779186
 10
129.6590582870331
 20
160.03244525105734
 10
129.79451757347707
 20
160.00616014981904
 10
129.93006015490673
 20
159.98030800178628
 10
130.06568438063115
 20
159.9548876469467
 10
130.2013886180793
 20
159.92989794737593
 10
130.33717125235535
 20
159.9053377870514
 10
130.4730306858022
 20
159.88120607166937
 10
130.60896533757426
 20
159.85750172846537
 10
130.7449736432179
 20
159.83422370603847
 10
130.88105405426037
 20
159.81137097417871
 10
131.01720503780632
 20
159.78894252369815
 10
131.15342507614216
 20
159.76693736626535
 10
131.28971266634753
 20
159.74535453424318
 10
131.42606631991407
 20
159.72419308053026
 10
131.56248456237117
 20
159.70345207840546
 10
131.6989659329183
 20
159.683130621376
 10
131.83550898406398
 20
159.66322782302902
 10
131.972112281271
 20
159.643742816886
 10
132.10877440260782
 20
159.62467475626096
 10
132.24549393840604
 20
159.60602281412184
 10
132.38226949092322
 20
159.58778618295486
 10
132.5190996740118
 20
159.56996407463248
 10
132.6559831127931
 20
159.55255572028452
 10
132.7929184433365
 20
159.53556037017216
 10
132.92990431234395
 20
159.51897729356557
 10
133.06693937683923
 20
159.50280577862446
 10
133.20402230386188
 20
159.48704513228168
 10
133.34115177016577
 20
159.47169468013027
 10
133.47832646192225
 20
159.45675376631317
 10
133.61554507442736
 20
159.44222175341642
 10
133.75280631181315
 20
159.4280980223652
 10
133.89010888676324
 20
159.41438197232287
 10
134.02745152023212
 20
159.40107302059323
 10
134.16483294116793
 20
159.38817060252552
 10
134.3022518862392
 20
159.37567417142265
 10
134.4397070995647
 20
159.36358319845237
 10
134.5771973324469
 20
159.35189717256105
 10
134.71472134310827
 20
159.34061560039095
 10
134.852277896431
 20
159.32973800619988
 10
134.98986576369933
 20
159.31926393178412
 10
135.1274837223451
 20
159.30919293640403
 10
135.26513055569538
 20
159.29952459671262
 10
135.40280505272347
 20
159.29025850668683
 10
135.5405060078017
 20
159.2813942775619
 10
135.67823222045686
 20
159.27293153776836
 10
135.8159824951279
 20
159.26486993287176
 10
135.95375564092572
 20
159.2572091255156
 10
136.09155047139492
 20
159.2499487953665
 10
136.2293658042776
 20
159.24308863906248
 10
136.3672004612788
 20
159.23662837016406
 10
136.50505326783386
 20
159.2305677191078
 10
136.64292305287714
 20
159.22490643316297
 10
136.78080864861255
 20
159.21964427639057
 10
136.9187088902851
 20
159.21478102960526
 10
137.0566226159541
 20
159.21031649034018
 10
137.19454866626742
 20
159.20625047281402
 10
137.3324858842368
 20
159.2025828079013
 10
137.47043311501426
 20
159.19931334310496
 10
137.6083892056694
 20
159.1964419425318
 10
137.74635300496755
 20
159.1939684868706
 10
137.88432336314847
 20
159.19189287337292
 10
138.02229913170606
 20
159.19021501583643
 10
138.1602791631681
 20
159.18893484459124
 10
138.29826231087682
 20
159.18805230648837
 10
138.43624742876963
 20
159.18756736489155
 10
138.5742333711603
 20
159.18747999967093
 10
138.7122189925198
 20
159.18779020720024
 10
138.85020314725807
 20
159.18849800035582
 10
138.9881846895048
 20
159.189603408519
 10
139.12616247289085
 20
159.19110647758066
 10
139.26413535032896
 20
159.19300726994868
 10
139.40210217379447
 20
159.195305864558
 10
139.5400617941055
 20
159.19800235688336
 10
139.67801306070257
 20
159.2010968589545
 10
139.81595482142782
 20
159.20458949937444
 10
139.9538859223035
 20
159.20848042334018
 10
140.0918052073095
 20
159.212769792666
 10
140.2297115181602
 20
159.21745778580953
 10
140.36760369408032
 20
159.22254459790065
 10
140.50548057157965
 20
159.2280304407729
 10
140.6433409842267
 20
159.23391554299764
 10
140.78118376242105
 20
159.24020014992095
 10
140.9190077331642
 20
159.24688452370327
 10
141.05681171982928
 20
159.2539689433617
 10
141.19459454192886
 20
159.26145370481504
 10
141.3323550148814
 20
159.26933912093165
 10
141.47009194977556
 20
159.27762552157998
 10
141.60780415313315
 20
159.28631325368204
 10
141.74549042666956
 20
159.29540268126937
 10
141.88314956705256
 20
159.30489418554197
 10
142.0207803656585
 20
159.31478816493006
 10
142.15838160832666
 20
159.32508503515874
 10
142.29595207511065
 20
159.33578522931504
 10
142.43349054002783
 20
159.34688919791847
 10
142.5709957708056
 20
159.35839740899388
 10
142.70846652862537
 20
159.3703103481474
 10
142.84590156786317
 20
159.3826285186455
 10
142.98329963582762
 20
159.3953524414964
 10
143.1206594724947
 20
159.40848265553512
 10
143.2579798102392
 20
159.42201971751078
 10
143.3952593735626
 20
159.43596420217722
 10
143.532496878818
 20
159.45031670238671
 10
143.66969103393063
 20
159.46507782918633
 10
143.80684053811527
 20
159.48024821191754
 10
143.94394408158928
 20
159.49582849831887
 10
144.08100034528186
 20
159.5118193546314
 10
144.21800800053882
 20
159.52822146570756
 10
144.35496570882327
 20
159.5450355351229
 10
144.49187212141143
 20
159.56226228529096
 10
144.62872587908439
 20
159.5799024575814
 10
144.76552561181416
 20
159.59795681244105
 10
144.90226993844567
 20
159.61642612951835
 10
145.03895746637284
 20
159.6353112077909
 10
145.1755867912098
 20
159.6546128656962
 10
145.31215649645645
 20
159.67433194126568
 10
145.44866515315826
 20
159.69446929226194
 10
145.58511131956038
 20
159.71502579631914
 10
145.72149354075563
 20
159.73600235108705
 10
145.85781034832607
 20
159.7573998743781
 10
145.99406025997862
 20
159.7792193043179
 10
146.1302417791733
 20
159.8014615994989
 10
146.2663533947455
 20
159.82412773913785
 10
146.40239358052037
 20
159.8472187232362
 10
146.53836079492052
 20
159.87073557274442
 10
146.67425348056588
 20
159.89467932972917
 10
146.81007006386608
 20
159.91905105754427
 10
146.9458089546047
 20
159.94385184100537
 10
147.08146854551532
 20
159.9690827865674
 10
147.2170472118492
 20
159.99474502250644
 10
147.35254331093424
 20
160.02083969910404
 10
147.48795518172494
 20
160.04736798883624
 10
147.6232811443431
 20
160.07433108656517
 10
147.758519499609
 20
160.10173020973463
 10
147.893668528563
 20
160.12956659856934
 10
148.02872649197656
 20
160.15784151627747
 10
148.1636916298535
 20
160.1865562492569
 10
148.29856216092003
 20
160.21571210730508
 10
148.43333628210405
 20
160.2453104238324
 10
148.56801216800298
 20
160.2753525560792
 10
148.70258797033998
 20
160.30583988533647
 10
148.83706181740823
 20
160.3367738171698
 10
148.97143181350253
 20
160.36815578164726
 10
149.10569603833852
 20
160.39998723357058
 10
149.2398525464585
 20
160.4322696527101
 10
149.37389936662396
 20
160.46500454404304
 10
149.50783450119403
 20
160.49819343799538
 10
149.6416559254897
 20
160.53183789068726
 10
149.77536158714332
 20
160.5659394841817
 10
149.90894940543288
 20
160.6004998267369
 10
150.04241727060077
 20
160.63552055306172
 10
150.1757630431563
 20
160.67100332457466
 10
150.30898455316188
 20
160.70694982966614
 10
150.44207959950182
 20
160.74336178396373
 10
150.57504594913425
 20
160.78024093060094
 10
150.70788133632422
 20
160.8175890404887
 10
150.84058346185878
 20
160.85540791259024
 10
150.97314999224253
 20
160.89369937419846
 10
151.10557855887407
 20
160.9324652812167
 10
151.2378667572013
 20
160.9717075184415
 10
151.3700121458568
 20
161.01142799984865
 10
151.5020122457711
 20
161.05162866888142
 10
151.63386453926412
 20
161.09231149874103
 10
151.76556646911382
 20
161.13347849267961
 10
151.89711543760117
 20
161.17513168429502
 10
152.02850880553163
 20
161.2172731378275
 10
152.15974389123124
 20
161.25990494845826
 10
152.29081796951732
 20
161.30302924260923
 10
152.42172827064303
 20
161.34664817824424
 10
152.55247197921477
 20
161.39076394517133
 10
152.68304623308177
 20
161.43537876534566
 10
152.81344812219697
 20
161.48049489317282
 10
152.94367468744844
 20
161.52611461581284
 10
153.07372291946044
 20
161.5722402534835
 10
153.20358975736323
 20
161.61887415976355
 10
153.33327208753084
 20
161.66601872189506
 10
153.46276674228557
 20
161.71367636108448
 10
153.59207049856857
 20
161.7618495328023
 10
153.72118007657545
 20
161.81054072708037
 10
153.85009213835573
 20
161.85975246880682
 10
153.97880328637535
 20
161.90948731801808
 10
154.107310062041
 20
161.95974787018713
 10
154.23560894418506
 20
162.0105367565075
 10
154.36369634751063
 20
162.06185664417274
 10
154.49156862099457
 20
162.11371023665032
 10
154.61922204624827
 20
162.1661002739492
 10
154.7466528358343
 20
162.21902953288082
 10
154.87385713153822
 20
162.27250082731211
 10
155.00083100259363
 20
162.32651700840995
 10
155.1275704438601
 20
162.38108096487645
 10
155.25407137395172
 20
162.4361956231732
 10
155.38032963331563
 20
162.49186394773469
 10
155.5063409822585
 20
162.54808894116866
 10
155.63210109892054
 20
162.604873644443
 10
155.7576055771944
 20
162.6622211370575
 10
155.8828499245884
 20
162.72013453719933
 10
156.0078295600325
 20
162.77861700188095
 10
156.13253981162487
 20
162.83767172705862
 10
156.25697591431862
 20
162.89730194773028
 10
156.3811330075459
 20
162.95751093801096
 10
156.50500613277904
 20
163.01830201118386
 10
156.6285902310261
 20
163.0796785197257
 10
156.75188014025997
 20
163.14164385530324
 10
156.874870592779
 20
163.20420144874055
 10
156.99755621249776
 20
163.2673547699527
 10
157.11993151216626
 20
163.3311073278457
 10
157.24199089051572
 20
163.39546267017798
 10
157.36372862932998
 20
163.46042438338281
 10
157.48513889044008
 20
163.5259960923471
 10
157.60621571264105
 20
163.59218146014467
 10
157.726953008529
 20
163.65898418772042
 10
157.8473445612571
 20
163.72640801352208
 10
157.9673840212089
 20
163.79445671307604
 10
158.08706490258731
 20
163.8631340985034
  0
LWPOLYLINE
  5
7E
330
17
100
AcDbEntity
  8
01-VISIBLE
100
AcDbPolyline
 90
182
 70
0
 10
158.08706490258731
 20
83.35657121902958
 10
158.15661573330112
 20
83.396869765352
 10
158.22604130221313
 20
83.43738372855434
 10
158.2953402605335
 20
83.4781138789636
 10
158.36451124248214
 20
83.51906099089493
 10
158.4335528650368
 20
83.56022584260077
 10
158.50246372767717
 20
83.60160921621663
 10
158.57124241212605
 20
83.6432118977037
 10
158.63988748208644
 20
83.68503467678805
 10
158.70839748297536
 20
83.72707834689636
 10
158.7767709416538
 20
83.76934370508805
 10
158.84500636615323
 20
83.81183155198343
 10
158.9131022453984
 20
83.85454269168842
 10
158.9810570489263
 20
83.89747793171469
 10
159.04886922660177
 20
83.94063808289603
 10
159.1165372083292
 20
83.98402395930029
 10
159.18405940376044
 20
84.02763637813673
 10
159.2514342019994
 20
84.07147615965899
 10
159.31865997130242
 20
84.11554412706295
 10
159.38573505877557
 20
84.15984110637999
 10
159.45265779006758
 20
84.20436792636485
 10
159.5194264690598
 20
84.24912541837845
 10
159.58603937755177
 20
84.29411441626499
 10
159.65249477494385
 20
84.33933575622346
 10
159.71879089791565
 20
84.38479027667353
 10
159.78492596010128
 20
84.43047881811512
 10
159.85089815176067
 20
84.47640222298179
 10
159.91670563944783
 20
84.52256133548784
 10
159.98234656567504
 20
84.56895700146852
 10
160.04781904857418
 20
84.61559006821362
 10
160.11312118155428
 20
84.6624613842937
 10
160.1782510329558
 20
84.70957179937923
 10
160.24320664570203
 20
84.75692216405203
 10
160.30798603694666
 20
84.80451332960888
 10
160.37258719771887
 20
84.8523461478573
 10
160.437008092565
 20
84.90042147090276
 10
160.5012466591876
 20
84.94874015092753
 10
160.56530080808136
 20
84.99730303996058
 10
160.62916842216666
 20
85.04611098963852
 10
160.6928473564205
 20
85.09516485095706
 10
160.7563354375046
 20
85.14446547401282
 10
160.81963046339197
 20
85.19401370773534
 10
160.88273020299067
 20
85.24381039960866
 10
160.94563239576595
 20
85.29385639538246
 10
161.00833475136056
 20
85.34415253877243
 10
161.0708349492135
 20
85.3946996711493
 10
161.1331306381772
 20
85.44549863121648
 10
161.19521943613395
 20
85.49655025467598
 10
161.25709892961106
 20
85.54785537388206
 10
161.3187666733954
 20
85.59941481748243
 10
161.38022019014775
 20
85.65122941004664
 10
161.4414569700168
 20
85.70329997168137
 10
161.50247447025336
 20
85.7556273176321
 10
161.56327011482534
 20
85.8082122578709
 10
161.62384129403313
 20
85.86105559667007
 10
161.68418536412653
 20
85.914158132161
 10
161.74429964692308
 20
85.96752065587829
 10
161.8041814294284
 20
86.02114395228821
 10
161.86382796345882
 20
86.07502879830167
 10
161.92323646526705
 20
86.12917596277093
 10
161.98240411517088
 20
86.18358620596979
 10
162.0413280571859
 20
86.23826027905702
 10
162.10000539866218
 20
86.29319892352234
 10
162.15843320992622
 20
86.34840287061482
 10
162.2166085239279
 20
86.4038728407532
 10
162.27452833589368
 20
86.45960954291775
 10
162.33218960298615
 20
86.51561367402334
 10
162.38958924397113
 20
86.57188591827321
 10
162.44672413889256
 20
86.62842694649318
 10
162.503591128756
 20
86.68523741544588
 10
162.56018701522166
 20
86.7423179671247
 10
162.6165085603075
 20
86.79966922802686
 10
162.67255248610334
 20
86.85729180840552
 10
162.72831547449692
 20
86.91518630150053
 10
162.7837941669124
 20
86.97335328274723
 10
162.83898516406293
 20
87.03179330896336
 10
162.89388502571728
 20
87.09050691751341
 10
162.9484902704825
 20
87.14949462545042
 10
163.00279737560288
 20
87.20875692863464
 10
163.0568027767768
 20
87.26829430082911
 10
163.11050286799224
 20
87.3281071927716
 10
163.16389400138215
 20
87.38819603122289
 10
163.21697248710115
 20
87.44856121799123
 10
163.2697345932244
 20
87.5092031289326
 10
163.32217654567006
 20
87.57012211292681
 10
163.3742945281468
 20
87.63131849082926
 10
163.4260846821275
 20
87.69279255439827
 10
163.4775431068506
 20
87.75454456519803
 10
163.52866585935044
 20
87.81657475347707
 10
163.57944895451837
 20
87.87888331702223
 10
163.6298883651957
 20
87.94147041998853
 10
163.67998002230047
 20
88.00433619170461
 10
163.72971981498907
 20
88.06748072545437
 10
163.77910359085507
 20
88.13090407723473
 10
163.82812715616635
 20
88.19460626449003
 10
163.8767862761421
 20
88.25858726482326
 10
163.92507667527224
 20
88.32284701468461
 10
163.97299403768002
 20
88.38738540803789
 10
164.02053400753024
 20
88.45220229500534
 10
164.0676921894845
 20
88.51729748049142
 10
164.11446414920567
 20
88.58267072278636
 10
164.16084541391322
 20
88.64832173215025
 10
164.20683147299098
 20
88.71425016937862
 10
164.2524177786499
 20
88.78045564435035
 10
164.2975997466471
 20
88.84693771455915
 10
164.34237275706312
 20
88.91369588362964
 10
164.3867321551397
 20
88.9807295998194
 10
164.43067325217947
 20
89.04803825450833
 10
164.4741913265097
 20
89.11562118067683
 10
164.51728162451155
 20
89.18347765137426
 10
164.55993936171754
 20
89.25160687817973
 10
164.60215972397765
 20
89.32000800965663
 10
164.6439378686971
 20
89.38868012980309
 10
164.6852689261467
 20
89.45762225650053
 10
164.72614800084773
 20
89.52683333996221
 10
164.76657017303262
 20
89.59631226118432
 10
164.80653050018353
 20
89.66605783040208
 10
164.84602401864942
 20
89.73606878555324
 10
164.88504574534375
 20
89.80634379075192
 10
164.92359067952316
 20
89.87688143477538
 10
164.96165380464936
 20
89.947680229567
 10
164.99923009033384
 20
90.01873860875818
 10
165.0363144943675
 20
90.09005492621284
 10
165.0729019648352
 20
90.16162745459738
 10
165.10898744231577
 20
90.23345438398
 10
165.14456586216824
 20
90.30553382046264
 10
165.17963215690418
 20
90.37786378484941
 10
165.2141812586462
 20
90.45044221135538
 10
165.2482081016724
 20
90.52326694635927
 10
165.28170762504647
 20
90.59633574720458
 10
165.3146747753327
 20
90.66964628105279
 10
165.34710450939482
 20
90.743196123793
 10
165.37899179727808
 20
90.81698275901225
 10
165.41033162517238
 20
90.89100357703066
 10
165.4411189984557
 20
90.96525587400592
 10
165.47134894481496
 20
91.03973685111133
 10
165.50101651744282
 20
91.11444361379178
 10
165.53011679830755
 20
91.18937317110223
 10
165.55864490149298
 20
91.2645224351328
 10
165.58659597660596
 20
91.33988822052497
 10
165.61396521224702
 20
91.41546724408326
 10
165.64074783954143
 20
91.49125612448621
 10
165.66693913572567
 20
91.56725138210156
 10
165.69253442778555
 20
91.6434494389088
 10
165.71752909614082
 20
91.71984661853364
 10
165.74191857837155
 20
91.79643914639794
 10
165.76569837298058
 20
91.87322314998863
 10
165.78886404318652
 20
91.95019465924936
 10
165.81141122074146
 20
92.02734960709756
 10
165.83333560976678
 20
92.10468383007053
 10
165.85463299060078
 20
92.18219306910267
 10
165.87529922365124
 20
92.25987297043694
 10
165.89533025324556
 20
92.33771908667202
 10
165.91472211147172
 20
92.41572687794766
 10
165.93347092200185
 20
92.49389171326928
 10
165.95157290389128
 20
92.57220887197326
 10
165.96902437534465
 20
92.65067354533348
 10
165.98582175744139
 20
92.7292808383097
 10
166.00196157781235
 20
92.8080257714378
 10
166.01744047425888
 20
92.88690328286108
 10
166.03225519830664
 20
92.96590823050234
 10
166.04640261868542
 20
93.04503539437496
 10
166.05987972472647
 20
93.12427947903164
 10
166.07268362966934
 20
93.20363511614818
 10
166.08481157386979
 20
93.28309686724006
 10
166.0962609279004
 20
93.36265922650846
 10
166.1070291955363
 20
93.44231662381233
 10
166.1171140166178
 20
93.52206342776222
 10
166.12651316978213
 20
93.6018939489318
 10
166.13522457505758
 20
93.68180244318185
 10
166.14324629631224
 20
93.76178311509142
 10
166.15057654355067
 20
93.84183012149066
 10
166.1572136750524
 20
93.92193757508892
 10
166.16315619934568
 20
94.00209954819167
 10
166.1684027770115
 20
94.08231007649951
 10
166.17295222231186
 20
94.16256316298187
 10
166.17680350463812
 20
94.24285278181799
 10
166.1799557497751
 20
94.32317288239747
 10
166.18240824097714
 20
94.40351739337223
 10
166.18416041985273
 20
94.48388022675161
 10
166.18521188705552
 20
94.56425528203249
 10
166.18556240277928
 20
94.64463645035539
  0
LWPOLYLINE
  5
7F
330
17
100
AcDbEntity
  8
01-VISIBLE
100
AcDbPolyline
 90
401
 70
0
 10
110.88556240277927
 20
94.64463645035539
 10
110.88659526395254
 20
94.50665558685179
 10
110.8896931533356
 20
94.36870563616208
 10
110.8948539910553
 20
94.2308174488378
 10
110.90207431909127
 20
94.09302175129073
 10
110.91134931385017
 20
93.95534908468048
 10
110.92267280361511
 20
93.81782974493761
 10
110.9360372907187
 20
93.68049372427913
 10
110.95143397824864
 20
93.54337065455478
 10
110.96885280105938
 20
93.40648975274047
 10
110.98828246082977
 20
93.26987976887003
 10
111.00971046487851
 20
93.13356893666798
 10
111.03312316842447
 20
92.99758492711541
 10
111.05850581995865
 20
92.8619548051484
 10
111.08584260937943
 20
92.72670498965505
 10
111.11511671853177
 20
92.59186121690259
 10
111.14631037378487
 20
92.45744850749165
 10
111.17940490028111
 20
92.32349113690104
 10
111.21438077749143
 20
92.190012609653
 10
111.25121769571906
 20
92.05703563709771
 10
111.28989461320347
 20
91.9245821187858
 10
111.33038981348969
 20
91.79267312736972
 10
111.37268096274462
 20
91.66132889694977
 10
111.41674516672026
 20
91.53056881475783
 10
111.46255902708444
 20
91.40041141605133
 10
111.51009869686179
 20
91.27087438207332
 10
111.55933993475088
 20
91.14197454091945
 10
111.61025815810696
 20
91.01372787114131
 10
111.66282849440437
 20
90.88614950790647
 10
111.7170258310165
 20
90.75925375152883
 10
111.77282486317506
 20
90.63305407817941
 10
111.83020013999331
 20
90.50756315258529
 10
111.8891261084605
 20
90.3827928425251
 10
111.94957715533576
 20
90.25875423493147
 10
112.01152764688942
 20
90.13545765341439
 10
112.07495196645897
 20
90.01291267702518
 10
112.1398245498033
 20
89.8911281600863
 10
112.20611991825514
 20
89.77011225292047
 10
112.27381270968563
 20
89.64987242332016
 10
112.34287770730737
 20
89.5304154786077
 10
112.41328986635415
 20
89.41174758814522
 10
112.4850243386845
 20
89.29387430616354
 10
112.55805649536526
 20
89.17680059478846
 10
112.63236194729805
 20
89.06053084715276
 10
112.70791656395726
 20
88.94506891049241
 10
112.78469649031328
 20
88.83041810913367
 10
112.86267816201774
 20
88.71658126728852
 10
112.94183831893024
 20
88.60356073158351
 10
113.02215401706817
 20
88.49135839325642
 10
113.1036026390617
 20
88.37997570996274
 10
113.18616190319614
 20
88.26941372714187
 10
113.26980987112395
 20
88.15967309890013
 10
113.35452495432753
 20
88.05075410837426
 10
113.44028591941183
 20
87.94265668754537
 10
113.52707189230532
 20
87.83538043647903
 10
113.61486236144445
 20
87.72892464197261
 10
113.70363718001505
 20
87.6232882955956
 10
113.79337656732119
 20
87.51847011111292
 10
113.88406110934937
 20
87.41446854128569
 10
113.97567175859287
 20
87.31128179404688
 10
114.06818983319828
 20
87.2089078480525
 10
114.16159701549284
 20
87.10734446761245
 10
114.25587534994872
 20
87.00658921700636
 10
114.3510072406366
 20
86.90663947419335
 10
114.44697544821878
 20
86.8074924439251
 10
114.54376308652809
 20
86.7091451702743
 10
114.64135361877692
 20
86.61159454859106
 10
114.73973085343725
 20
86.51483733690166
 10
114.83887893983007
 20
86.41887016676435
 10
114.93878236345994
 20
86.32368955359777
 10
115.03942594112797
 20
86.2292919064986
 10
115.140794815854
 20
86.13567353756454
 10
115.24287445163634
 20
86.04283067073986
 10
115.34565062807587
 20
85.95075945020038
 10
115.44910943488811
 20
85.85945594829494
 10
115.55323726632618
 20
85.7689161730604
 10
115.65802081553463
 20
85.6791360753272
 10
115.76344706885332
 20
85.59011155543176
 10
115.8695033000879
 20
85.50183846955284
 10
115.97617706476288
 20
85.41431263568722
 10
116.08345619437124
 20
85.32752983928123
 10
116.19132879063334
 20
85.241485838533
 10
116.2997832197766
 20
85.1561763693808
 10
116.40880810684658
 20
85.0715971501919
 10
116.51839233005835
 20
84.98774388616613
 10
116.62852501519681
 20
84.90461227346779
 10
116.73919553007322
 20
84.82219800309933
 10
116.85039347904407
 20
84.74049676452924
 10
116.96210869759882
 20
84.65950424908675
 10
117.07433124702058
 20
84.57921615313494
 10
117.18705140912476
 20
84.49962818103377
 10
117.30025968107897
 20
84.42073604790383
 10
117.41394677030756
 20
84.34253548220126
 10
117.52810358948334
 20
84.26502222811386
 10
117.64272125160853
 20
84.18819204778802
 10
117.75779106518692
 20
84.11204072339544
 10
117.87330452948828
 20
84.03656405904846
 10
117.9892533299064
 20
83.96175788257254
 10
118.10562933341092
 20
83.88761804714332
 10
118.22242458409374
 20
83.81414043279634
 10
118.33963129881002
 20
83.7413209478163
 10
118.45724186291353
 20
83.6691555300129
 10
118.57524882608607
 20
83.59764014788962
 10
118.69364489826059
 20
83.52677080171169
 10
118.81242294563704
 20
83.45654352447924
 10
118.9315759867905
 20
83.38695438281106
 10
119.05109718887013
 20
83.31799947774425
 10
119.1709798638883
 20
83.24967494545508
 10
119.29121746509853
 20
83.18197695790539
 10
119.41180358346092
 20
83.11490172341936
 10
119.53273194419384
 20
83.04844548719485
 10
119.6539964034104
 20
82.98260453175337
 10
119.77559094483823
 20
82.91737517733235
 10
119.89750967662117
 20
82.85275378222374
 10
120.01974682820114
 20
82.78873674306183
 10
120.14229674727886
 20
82.72532049506404
 10
120.26515389685154
 20
82.66250151222738
 10
120.38831285232628
 20
82.60027630748377
 10
120.51176829870712
 20
82.5386414328167
 10
120.63551502785467
 20
82.47759347934206
 10
120.75954793581607
 20
82.41712907735528
 10
120.88386202022443
 20
82.3572448963475
 10
121.00845237776505
 20
82.29793764499253
 10
121.13331420170827
 20
82.23920407110688
 10
121.25844277950583
 20
82.1810409615849
 10
121.38383349045036
 20
82.12344514231044
 10
121.50948180339593
 20
82.06641347804722
 10
121.63538327453796
 20
82.00994287230931
 10
121.76153354525144
 20
81.95403026721316
 10
121.88792833998578
 20
81.8986726433128
 10
122.01456346421455
 20
81.84386701941956
 10
122.1414348024391
 20
81.78961045240729
 10
122.26853831624445
 20
81.73590003700473
 10
122.39587004240606
 20
81.68273290557578
 10
122.52342609104612
 20
81.63010622788896
 10
122.65120264383809
 20
81.57801721087688
 10
122.77919595225809
 20
81.52646309838687
 10
122.9074023358821
 20
81.4754411709234
 10
123.03581818072738
 20
81.42494874538332
 10
123.16443993763707
 20
81.37498317478459
 10
123.29326412070705
 20
81.32554184798923
 10
123.42228730575331
 20
81.27662218942126
 10
123.5515061288192
 20
81.22822165878013
 10
123.68091728472125
 20
81.18033775075038
 10
123.81051752563256
 20
81.13296799470793
 10
123.94030365970266
 20
81.08610995442369
 10
124.07027254971271
 20
81.0397612277649
 10
124.20042111176538
 20
80.99391944639464
 10
124.33074631400798
 20
80.94858227547002
 10
124.46124517538843
 20
80.90374741333927
 10
124.59191476444256
 20
80.85941259123837
 10
124.72275219811243
 20
80.81557557298737
 10
124.85375464059423
 20
80.7722341546868
 10
124.98491930221547
 20
80.7293861644144
 10
125.11624343834023
 20
80.68702946192256
 10
125.24772434830182
 20
80.64516193833671
 10
125.37935937436211
 20
80.60378151585482
 10
125.51114590069662
 20
80.56288614744822
 10
125.64308135240489
 20
80.52247381656427
 10
125.77516319454513
 20
80.48254253683048
 10
125.90738893119266
 20
80.44309035176086
 10
126.0397561045213
 20
80.40411533446434
 10
126.17226229390737
 20
80.36561558735539
 10
126.3049051150551
 20
80.32758924186717
 10
126.43768221914348
 20
80.29003445816727
 10
126.57059129199341
 20
80.25294942487595
 10
126.70363005325487
 20
80.21633235878734
 10
126.83679625561356
 20
80.18018150459346
 10
126.97008768401624
 20
80.14449513461122
 10
127.10350215491425
 20
80.10927154851242
 10
127.23703751552506
 20
80.07450907305703
 10
127.37069164311077
 20
80.04020606182945
 10
127.50446244427376
 20
80.0063608949782
 10
127.63834785426803
 20
79.97297197895888
 10
127.77234583632702
 20
79.94003774628044
 10
127.90645438100627
 20
79.90755665525485
 10
128.0406715055413
 20
79.87552718975031
 10
128.17499525321992
 20
79.84394785894776
 10
128.30942369276846
 20
79.81281719710104
 10
128.44395491775197
 20
79.7821337633005
 10
128.5785870459875
 20
79.75189614124011
 10
128.7133182189703
 20
79.7221029389882
 10
128.84814660131258
 20
79.69275278876174
 10
128.98307038019468
 20
79.66384434670415
 10
129.11808776482752
 20
79.63537629266678
 10
129.25319698592725
 20
79.60734732999386
 10
129.3883962952003
 20
79.57975618531114
 10
129.52368396483996
 20
79.55260160831807
 10
129.6590582870331
 20
79.52588237158353
 10
129.79451757347707
 20
79.49959727034522
 10
129.93006015490673
 20
79.4737451223125
 10
130.06568438063115
 20
79.4483247674729
 10
130.2013886180793
 20
79.42333506790213
 10
130.33717125235535
 20
79.39877490757762
 10
130.4730306858022
 20
79.37464319219556
 10
130.60896533757426
 20
79.35093884899158
 10
130.7449736432179
 20
79.32766082656468
 10
130.88105405426037
 20
79.30480809470491
 10
131.01720503780632
 20
79.28237964422436
 10
131.15342507614216
 20
79.26037448679155
 10
131.28971266634753
 20
79.2387916547694
 10
131.42606631991407
 20
79.21763020105647
 10
131.56248456237117
 20
79.19688919893164
 10
131.6989659329183
 20
79.17656774190222
 10
131.83550898406398
 20
79.15666494355521
 10
131.972112281271
 20
79.13717993741218
 10
132.10877440260782
 20
79.11811187678718
 10
132.24549393840604
 20
79.09945993464804
 10
132.38226949092322
 20
79.08122330348105
 10
132.5190996740118
 20
79.0634011951587
 10
132.6559831127931
 20
79.04599284081073
 10
132.7929184433365
 20
79.02899749069836
 10
132.92990431234395
 20
79.01241441409177
 10
133.06693937683923
 20
78.99624289915064
 10
133.20402230386188
 20
78.98048225280787
 10
133.34115177016577
 20
78.96513180065645
 10
133.47832646192225
 20
78.95019088683935
 10
133.61554507442736
 20
78.93565887394263
 10
133.75280631181315
 20
78.9215351428914
 10
133.89010888676324
 20
78.9078190928491
 10
134.02745152023212
 20
78.89451014111943
 10
134.16483294116793
 20
78.88160772305172
 10
134.3022518862392
 20
78.86911129194887
 10
134.4397070995647
 20
78.85702031897856
 10
134.5771973324469
 20
78.84533429308725
 10
134.71472134310827
 20
78.83405272091714
 10
134.852277896431
 20
78.82317512672607
 10
134.98986576369933
 20
78.81270105231032
 10
135.1274837223451
 20
78.80263005693024
 10
135.26513055569538
 20
78.79296171723881
 10
135.40280505272347
 20
78.78369562721302
 10
135.5405060078017
 20
78.77483139808811
 10
135.67823222045686
 20
78.76636865829455
 10
135.8159824951279
 20
78.75830705339798
 10
135.95375564092572
 20
78.75064624604181
 10
136.09155047139492
 20
78.74338591589269
 10
136.2293658042776
 20
78.73652575958866
 10
136.3672004612788
 20
78.73006549069024
 10
136.50505326783386
 20
78.72400483963399
 10
136.64292305287714
 20
78.71834355368917
 10
136.78080864861255
 20
78.71308139691675
 10
136.9187088902851
 20
78.70821815013147
 10
137.0566226159541
 20
78.70375361086637
 10
137.19454866626742
 20
78.69968759334023
 10
137.3324858842368
 20
78.69601992842752
 10
137.47043311501426
 20
78.69275046363117
 10
137.6083892056694
 20
78.689879063058
 10
137.74635300496755
 20
78.68740560739681
 10
137.88432336314847
 20
78.68532999389912
 10
138.02229913170606
 20
78.68365213636264
 10
138.1602791631681
 20
78.68237196511743
 10
138.29826231087682
 20
78.68148942701458
 10
138.43624742876963
 20
78.68100448541773
 10
138.5742333711603
 20
78.68091712019714
 10
138.7122189925198
 20
78.68122732772642
 10
138.85020314725807
 20
78.681935120882
 10
138.9881846895048
 20
78.68304052904519
 10
139.12616247289085
 20
78.68454359810686
 10
139.26413535032896
 20
78.68644439047489
 10
139.40210217379447
 20
78.68874298508422
 10
139.5400617941055
 20
78.69143947740955
 10
139.67801306070257
 20
78.69453397948067
 10
139.81595482142782
 20
78.69802661990065
 10
139.9538859223035
 20
78.7019175438664
 10
140.0918052073095
 20
78.70620691319219
 10
140.2297115181602
 20
78.71089490633572
 10
140.36760369408032
 20
78.71598171842685
 10
140.50548057157965
 20
78.7214675612991
 10
140.6433409842267
 20
78.72735266352383
 10
140.78118376242105
 20
78.73363727044716
 10
140.9190077331642
 20
78.74032164422948
 10
141.05681171982928
 20
78.74740606388791
 10
141.19459454192886
 20
78.75489082534123
 10
141.3323550148814
 20
78.76277624145783
 10
141.47009194977556
 20
78.77106264210617
 10
141.60780415313315
 20
78.77975037420823
 10
141.74549042666956
 20
78.78883980179555
 10
141.88314956705256
 20
78.79833130606815
 10
142.0207803656585
 20
78.80822528545627
 10
142.15838160832666
 20
78.81852215568493
 10
142.29595207511065
 20
78.82922234984126
 10
142.43349054002783
 20
78.84032631844468
 10
142.5709957708056
 20
78.85183452952006
 10
142.70846652862537
 20
78.8637474686736
 10
142.84590156786317
 20
78.87606563917169
 10
142.98329963582762
 20
78.88878956202262
 10
143.1206594724947
 20
78.90191977606135
 10
143.2579798102392
 20
78.91545683803697
 10
143.3952593735626
 20
78.92940132270341
 10
143.532496878818
 20
78.9437538229129
 10
143.66969103393063
 20
78.95851494971251
 10
143.80684053811527
 20
78.97368533244374
 10
143.94394408158928
 20
78.98926561884507
 10
144.08100034528186
 20
79.0052564751576
 10
144.21800800053882
 20
79.02165858623376
 10
144.35496570882327
 20
79.03847265564909
 10
144.49187212141143
 20
79.05569940581717
 10
144.62872587908439
 20
79.07333957810759
 10
144.76552561181416
 20
79.09139393296724
 10
144.90226993844567
 20
79.10986325004453
 10
145.03895746637284
 20
79.12874832831709
 10
145.1755867912098
 20
79.14804998622242
 10
145.31215649645645
 20
79.1677690617919
 10
145.44866515315826
 20
79.18790641278812
 10
145.58511131956038
 20
79.20846291684532
 10
145.72149354075563
 20
79.22943947161325
 10
145.85781034832607
 20
79.25083699490433
 10
145.99406025997862
 20
79.27265642484412
 10
146.1302417791733
 20
79.2948987200251
 10
146.2663533947455
 20
79.31756485966403
 10
146.40239358052037
 20
79.34065584376242
 10
146.53836079492052
 20
79.36417269327063
 10
146.67425348056588
 20
79.38811645025535
 10
146.81007006386608
 20
79.41248817807049
 10
146.9458089546047
 20
79.43728896153156
 10
147.08146854551532
 20
79.46251990709364
 10
147.2170472118492
 20
79.48818214303262
 10
147.35254331093424
 20
79.51427681963024
 10
147.48795518172494
 20
79.54080510936245
 10
147.6232811443431
 20
79.56776820709136
 10
147.758519499609
 20
79.59516733026084
 10
147.893668528563
 20
79.62300371909556
 10
148.02872649197656
 20
79.65127863680368
 10
148.1636916298535
 20
79.6799933697831
 10
148.29856216092003
 20
79.70914922783126
 10
148.43333628210405
 20
79.73874754435857
 10
148.56801216800298
 20
79.76878967660541
 10
148.70258797033998
 20
79.79927700586268
 10
148.83706181740823
 20
79.83021093769601
 10
148.97143181350253
 20
79.86159290217346
 10
149.10569603833852
 20
79.89342435409677
 10
149.2398525464585
 20
79.92570677323629
 10
149.37389936662396
 20
79.95844166456922
 10
149.50783450119403
 20
79.99163055852156
 10
149.6416559254897
 20
80.02527501121345
 10
149.77536158714332
 20
80.05937660470791
 10
149.90894940543288
 20
80.0939369472631
 10
150.04241727060077
 20
80.12895767358792
 10
150.1757630431563
 20
80.16444044510088
 10
150.30898455316188
 20
80.20038695019235
 10
150.44207959950182
 20
80.23679890448993
 10
150.57504594913425
 20
80.27367805112712
 10
150.70788133632422
 20
80.3110261610149
 10
150.84058346185878
 20
80.34884503311642
 10
150.97314999224253
 20
80.38713649472467
 10
151.10557855887407
 20
80.4259024017429
 10
151.2378667572013
 20
80.46514463896769
 10
151.3700121458568
 20
80.50486512037486
 10
151.5020122457711
 20
80.54506578940762
 10
151.63386453926412
 20
80.58574861926722
 10
151.76556646911382
 20
80.62691561320581
 10
151.89711543760117
 20
80.6685688048212
 10
152.02850880553163
 20
80.7107102583537
 10
152.15974389123124
 20
80.75334206898445
 10
152.29081796951732
 20
80.79646636313541
 10
152.42172827064303
 20
80.84008529877043
 10
152.55247197921477
 20
80.88420106569754
 10
152.68304623308177
 20
80.92881588587184
 10
152.81344812219697
 20
80.97393201369901
 10
152.94367468744844
 20
81.01955173633904
 10
153.07372291946044
 20
81.0656773740097
 10
153.20358975736323
 20
81.11231128028973
 10
153.33327208753084
 20
81.15945584242124
 10
153.46276674228557
 20
81.20711348161068
 10
153.59207049856857
 20
81.2552866533285
 10
153.72118007657545
 20
81.30397784760655
 10
153.85009213835573
 20
81.35318958933301
 10
153.97880328637535
 20
81.40292443854429
 10
154.107310062041
 20
81.45318499071332
 10
154.23560894418506
 20
81.50397387703369
 10
154.36369634751063
 20
81.55529376469894
 10
154.49156862099457
 20
81.6071473571765
 10
154.61922204624827
 20
81.6595373944754
 10
154.7466528358343
 20
81.712466653407
 10
154.87385713153822
 20
81.7659379478383
 10
155.00083100259363
 20
81.81995412893616
 10
155.1275704438601
 20
81.87451808540264
 10
155.25407137395172
 20
81.9296327436994
 10
155.38032963331563
 20
81.98530106826088
 10
155.5063409822585
 20
82.04152606169485
 10
155.63210109892054
 20
82.09831076496918
 10
155.7576055771944
 20
82.15565825758368
 10
155.8828499245884
 20
82.21357165772552
 10
156.0078295600325
 20
82.27205412240716
 10
156.13253981162487
 20
82.33110884758482
 10
156.25697591431862
 20
82.3907390682565
 10
156.3811330075459
 20
82.45094805853714
 10
156.50500613277904
 20
82.51173913171007
 10
156.6285902310261
 20
82.57311564025187
 10
156.75188014025997
 20
82.63508097582947
 10
156.874870592779
 20
82.69763856926674
 10
156.99755621249776
 20
82.76079189047893
 10
157.11993151216626
 20
82.82454444837188
 10
157.24199089051572
 20
82.88889979070417
 10
157.36372862932998
 20
82.953861503909
 10
157.48513889044008
 20
83.01943321287328
 10
157.60621571264105
 20
83.08561858067085
 10
157.726953008529
 20
83.15242130824663
 10
157.8473445612571
 20
83.21984513404828
 10
157.9673840212089
 20
83.28789383360223
 10
158.08706490258731
 20
83.35657121902958
  0
LWPOLYLINE
  5
80
330
17
100
AcDbEntity
  8
01-VISIBLE
100
AcDbPolyline
 90
178
 70
0
 10
157.63451656262794
 20
164.12441300440025
 10
157.70399151716782
 20
164.16467083221505
 10
157.77333848526595
 20
164.2051487269846
 10
157.8425560573927
 20
164.2458474935255
 10
157.91164280585753
 20
164.28676794091228
 10
157.9805972845332
 20
164.32791088242138
 10
158.04941802857653
 20
164.36927713547163
 10
158.1181035541448
 20
164.41086752156122
 10
158.1866523581083
 20
164.45268286620103
 10
158.25506291775892
 20
164.49472399884354
 10
158.32333369051454
 20
164.53699175280804
 10
158.39146311361952
 20
164.57948696520168
 10
158.45944960384082
 20
164.62221047683585
 10
158.5272915571606
 20
164.66516313213816
 10
158.59498734846386
 20
164.70834577905984
 10
158.6625353312228
 20
164.75175926897813
 10
158.7299338371766
 20
164.7954044565936
 10
158.79718117600692
 20
164.83928219982226
 10
158.8642756350099
 20
164.8833933596826
 10
158.93121547876328
 20
164.92773880017643
 10
158.99799894878998
 20
164.97231938816427
 10
159.06462426321735
 20
165.017135993235
 10
159.1310896164323
 20
165.06218948756884
 10
159.19739317873234
 20
165.10748074579402
 10
159.2635330959729
 20
165.1530106448372
 10
159.32950748921027
 20
165.1987800637664
 10
159.39531445434068
 20
165.24478988362753
 10
159.46095206173567
 20
165.291040987273
 10
159.52641835587332
 20
165.3375342591831
 10
159.59171135496584
 20
165.3842705852795
 10
159.65682905058344
 20
165.43125085273056
 10
159.72176940727437
 20
165.47847594974843
 10
159.7865303621816
 20
165.5259467653774
 10
159.85110982465577
 20
165.57366418927353
 10
159.915505675865
 20
165.62162911147487
 10
159.97971576840123
 20
165.66984242216233
 10
160.04373792588348
 20
165.71830501141093
 10
160.107569942558
 20
165.76701776893054
 10
160.1712095828957
 20
165.81598158379668
 10
160.23465458118662
 20
165.86519734417033
 10
160.297902641132
 20
165.9146659370067
 10
160.36095143543383
 20
165.96438824775282
 10
160.42379860538227
 20
166.0143651600331
 10
160.4864417604411
 20
166.06459755532302
 10
160.54887847783124
 20
166.1150863126103
 10
160.61110630211286
 20
166.16583230804324
 10
160.67312274476623
 20
166.21683641456607
 10
160.73492528377133
 20
166.2680995015404
 10
160.79651136318694
 20
166.31962243435302
 10
160.85787839272922
 20
166.37140607400923
 10
160.9190237473502
 20
166.4234512767115
 10
160.97994476681635
 20
166.47575889342284
 10
161.04063875528797
 20
166.528329769415
 10
161.10110298089953
 20
166.5811647438
 10
161.16133467534115
 20
166.63426464904626
 10
161.2213310334423
 20
166.68763031047678
 10
161.28108921275748
 20
166.74126254575123
 10
161.34060633315468
 20
166.79516216432927
 10
161.39987947640736
 20
166.84932996691663
 10
161.4589056857901
 20
166.90376674489218
 10
161.5176819656785
 20
166.9584732797161
 10
161.57620528115416
 20
167.0134503423185
 10
161.6344725576154
 20
167.06869869246847
 10
161.69248068039406
 20
167.12421907812245
 10
161.75022649437926
 20
167.18001223475193
 10
161.80770680364895
 20
167.23607888465023
 10
161.86491837110972
 20
167.29241973621703
 10
161.92185791814597
 20
167.34903548322143
 10
161.97852212427915
 20
167.4059268040421
 10
162.03490762683768
 20
167.46309436088478
 10
162.09101102063914
 20
167.52053879897596
 10
162.14682885768474
 20
167.5782607457335
 10
162.202357646868
 20
167.63626080991259
 10
162.2575938536978
 20
167.69453958072722
 10
162.31253390003772
 20
167.75309762694712
 10
162.36717416386207
 20
167.8119354959691
 10
162.4215109790301
 20
167.87105371286287
 10
162.4755406350797
 20
167.93045277939132
 10
162.5292593770416
 20
167.99013317300415
 10
162.58266340527538
 20
168.05009534580552
 10
162.6357488753289
 20
168.1103397234947
 10
162.68851189782214
 20
168.17086670428023
 10
162.74094853835743
 20
168.23167665776668
 10
162.7930548174568
 20
168.29276992381443
 10
162.84482671052874
 20
168.3541468113724
 10
162.89626014786546
 20
168.41580759728305
 10
162.9473510146726
 20
168.4777525250604
 10
162.99809515113253
 20
168.53998180364073
 10
163.04848835250382
 20
168.60249560610592
 10
163.09852636925777
 20
168.6652940683801
 10
163.14820490725435
 20
168.72837728789915
 10
163.19751962795922
 20
168.79174532225395
 10
163.24646614870363
 20
168.85539818780705
 10
163.29504004298946
 20
168.91933585828417
 10
163.34323684084086
 20
168.9835582633396
 10
163.39105202920504
 20
169.04806528709776
 10
163.43848105240374
 20
169.11285676666984
 10
163.48551931263796
 20
169.1779324906477
 10
163.53216217054737
 20
169.24329219757507
 10
163.5784049458273
 20
169.30893557439714
 10
163.62424291790478
 20
169.37486225488965
 10
163.66967132667602
 20
169.44107181806862
 10
163.71468537330762
 20
169.5075637865819
 10
163.75928022110338
 20
169.574337625084
 10
163.80345099643898
 20
169.64139273859564
 10
163.84719278976672
 20
169.70872847084934
 10
163.89050065669238
 20
169.77634410262368
 10
163.93336961912618
 20
169.84423885006686
 10
163.9757946665102
 20
169.9124118630126
 10
164.01777075712383
 20
169.98086222328982
 10
164.05929281946953
 20
170.04958894302905
 10
164.10035575374093
 20
170.11859096296718
 10
164.14095443337462
 20
170.18786715075413
 10
164.18108370668782
 20
170.25741629926299
 10
164.22073839860346
 20
170.32723712490753
 10
164.25991331246402
 20
170.3973282659697
 10
164.2986032319361
 20
170.46768828094014
 10
164.33680292300636
 20
170.5383156468751
 10
164.3745071360705
 20
170.60920875777373
 10
164.4117106081162
 20
170.6803659229784
 10
164.4484080650008
 20
170.75178536560293
 10
164.4845942238244
 20
170.82346522099158
 10
164.52026379539888
 20
170.89540353521397
 10
164.55541148681337
 20
170.96759826359886
 10
164.5900320040957
 20
171.04004726931223
 10
164.62412005497018
 20
171.11274832198342
 10
164.65767035171098
 20
171.1856990963841
 10
164.6906776140906
 20
171.25889717116468
 10
164.7231365724222
 20
171.33234002765306
 10
164.75504197069506
 20
171.40602504871993
 10
164.78638856980092
 20
171.47994951771653
 10
164.8171711508499
 20
171.55411061748893
 10
164.84738451857362
 20
171.6285054294741
 10
164.87702350481268
 20
171.7031309328828
 10
164.90608297208655
 20
171.77798400397452
 10
164.93455781724126
 20
171.85306141542884
 10
164.96244297517262
 20
171.92835983581878
 10
164.9897334226202
 20
172.00387582919092
 10
165.016424182028
 20
172.07960585475666
 10
165.04251032546733
 20
172.15554626670013
 10
165.06798697861623
 20
172.2316933141065
 10
165.09284932479068
 20
172.3080431410159
 10
165.11709260902126
 20
172.38459178660682
 10
165.14071214216935
 20
172.46133518551306
 10
165.16370330507615
 20
172.53826916827848
 10
165.18606155273773
 20
172.6153894619524
 10
165.20778241849882
 20
172.6926916908302
 10
165.22886151825784
 20
172.7701713773409
 10
165.24929455467498
 20
172.8478239430852
 10
165.26907732137573
 20
172.92564471002612
 10
165.28820570714095
 20
173.00362890183445
 10
165.30667570007478
 20
173.08177164539012
 10
165.3244833917418
 20
173.16006797244108
 10
165.3416249812643
 20
173.23851282142056
 10
165.35809677936976
 20
173.31710103942217
 10
165.37389521238026
 20
173.39582738433393
 10
165.38901682613323
 20
173.47468652712905
 10
165.40345828982473
 20
173.55367305431372
 10
165.41721639976527
 20
173.63278147052876
 10
165.430288083039
 20
173.7120062013043
 10
165.44267040105615
 20
173.79134159596333
 10
165.45436055299035
 20
173.87078193067202
 10
165.46535587909025
 20
173.9503214116322
 10
165.47565386385764
 20
174.02995417841157
 10
165.48525213908252
 20
174.1096743074075
 10
165.49414848672666
 20
174.18947581543807
 10
165.50234084164762
 20
174.2693526634551
 10
165.50982729415517
 20
174.34929876037222
 10
165.51660609239264
 20
174.4293079670017
 10
165.52267564453632
 20
174.50937410009195
 10
165.52803452080605
 20
174.58949093645884
 10
165.5326814552812
 20
174.66965221720184
 10
165.53661534751637
 20
174.74985165199695
 10
165.53983526395214
 20
174.8300829234576
 10
165.54234043911583
 20
174.9103396915541
 10
165.5441302766095
 20
174.9906155980825
 10
165.54520434988154
 20
175.07090427117313
 10
165.5455624027793
 20
175.15119932982918
  0
LWPOLYLINE
  5
81
330
17
100
AcDbEntity
  8
01-VISIBLE
100
AcDbPolyline
 90
42
 70
0
 10
165.5455624027793
 20
175.15119932982918
 10
165.54520663606962
 20
175.23123763542014
 10
165.54413942027458
 20
175.31126961650023
 10
165.5423610082871
 20
175.3912889530546
 10
165.53987182123308
 20
175.47128933405077
 10
165.5366724479291
 20
175.55126446190496
 10
165.5327636441256
 20
175.6312080569199
 10
165.52814633153753
 20
175.7111138616828
 10
165.52282159666635
 20
175.7909756454161
 10
165.51679068941598
 20
175.87078720826986
 10
165.51005502150744
 20
175.95054238554854
 10
165.50261616469714
 20
176.0302350518623
 10
165.4944758488039
 20
176.10985912519521
 10
165.48563595955048
 20
176.18940857088202
 10
165.47609853622674
 20
176.26887740548605
 10
165.46586576918045
 20
176.34825970057102
 10
165.45493999714355
 20
176.42754958636004
 10
165.4433237044014
 20
176.50674125527547
 10
165.43101951781313
 20
176.58582896535358
 10
165.41803020369147
 20
176.66480704352955
 10
165.40435866455033
 20
176.7436698887865
 10
165.3900079357297
 20
176.82241197516583
 10
165.37498118190598
 20
176.90102785463398
 10
165.3592816934978
 20
176.97951215980254
 10
165.34291288297595
 20
177.05785960649968
 10
165.32587828108714
 20
177.13606499618936
 10
165.3081815330007
 20
177.21412321823794
 10
165.28982639438783
 20
177.29202925202594
 10
165.2708167274424
 20
177.36977816890482
 10
165.25115649685267
 20
177.44736513399857
 10
165.23084976573313
 20
177.5247854078496
 10
165.2099006915248
 20
177.6020343479107
 10
165.18831352187374
 20
177.67910740988333
 10
165.166092590495
 20
177.7560001489042
 10
165.1432423130316
 20
177.83270822058174
 10
165.11976718291555
 20
177.909227381885
 10
165.09567176723908
 20
177.98555349188763
 10
165.0709607026437
 20
178.06168251236966
 10
165.04563869123353
 20
178.13761050828043
 10
165.0197104965207
 20
178.21333364806608
 10
164.9931809394082
 20
178.28884820386577
 10
164.9660548942171
 20
178.36415055157994
  0
LWPOLYLINE
  5
82
330
17
100
AcDbEntity
  8
01-VISIBLE
100
AcDbPolyline
 90
42
 70
0
 10
112.10506991134146
 20
178.36415055157994
 10
112.07794386615035
 20
178.28884820386577
 10
112.05141430903785
 20
178.2133336480661
 10
112.02548611432502
 20
178.13761050828043
 10
112.00016410291487
 20
178.06168251236969
 10
111.97545303831947
 20
177.98555349188763
 10
111.951357622643
 20
177.909227381885
 10
111.92788249252695
 20
177.83270822058174
 10
111.90503221506356
 20
177.75600014890423
 10
111.88281128368482
 20
177.67910740988336
 10
111.86122411403373
 20
177.60203434791072
 10
111.84027503982543
 20
177.5247854078496
 10
111.81996830870588
 20
177.44736513399857
 10
111.80030807811617
 20
177.36977816890484
 10
111.78129841117074
 20
177.29202925202594
 10
111.76294327255786
 20
177.21412321823794
 10
111.74524652447143
 20
177.13606499618936
 10
111.7282119225826
 20
177.05785960649968
 10
111.71184311206076
 20
176.97951215980254
 10
111.69614362365257
 20
176.90102785463398
 10
111.68111686982886
 20
176.82241197516586
 10
111.66676614100822
 20
176.74366988878654
 10
111.6530946018671
 20
176.66480704352955
 10
111.64010528774541
 20
176.58582896535358
 10
111.62780110115716
 20
176.50674125527547
 10
111.61618480841501
 20
176.42754958636004
 10
111.6052590363781
 20
176.34825970057102
 10
111.59502626933183
 20
176.26887740548605
 10
111.58548884600809
 20
176.18940857088205
 10
111.57664895675467
 20
176.10985912519521
 10
111.5685086408614
 20
176.0302350518623
 10
111.56106978405111
 20
175.95054238554854
 10
111.55433411614258
 20
175.87078720826986
 10
111.54830320889221
 20
175.7909756454161
 10
111.54297847402104
 20
175.7111138616828
 10
111.53836116143297
 20
175.6312080569199
 10
111.53445235762943
 20
175.55126446190496
 10
111.53125298432548
 20
175.47128933405077
 10
111.52876379727147
 20
175.3912889530546
 10
111.52698538528398
 20
175.31126961650023
 10
111.52591816948893
 20
175.23123763542014
 10
111.52556240277927
 20
175.15119932982918
  0
LWPOLYLINE
  5
83
330
17
100
AcDbEntity
  8
01-VISIBLE
100
AcDbPolyline
 90
401
 70
0
 10
111.52556240277927
 20
175.15119932982918
 10
111.52657135685848
 20
175.01641223676472
 10
111.52959754102615
 20
174.88165534099153
 10
111.53463892355089
 20
174.74695877897963
 10
111.5416921264533
 20
174.61235256593278
 10
111.5507524377892
 20
174.47786653609035
 10
111.56181382869522
 20
174.34353028413898
 10
111.57486897504849
 20
174.20937310808165
 10
111.58990928355423
 20
174.0754239538952
 10
111.60692492203951
 20
173.94171136228564
 10
111.62590485369948
 20
173.80826341782486
 10
111.64683687501436
 20
173.67510770072624
 10
111.6697076570316
 20
173.5422712414852
 10
111.69450278968759
 20
173.40978047858
 10
111.72120682882883
 20
173.2776612193946
 10
111.74980334558124
 20
173.14593860449247
 10
111.78027497771095
 20
173.01463707533554
 10
111.81260348261742
 20
172.88378034551084
 10
111.84676979160298
 20
172.75339137549386
 10
111.88275406506874
 20
172.62349235094712
 10
111.92053574829671
 20
172.49410466452377
 10
111.96009362749132
 20
172.36524890111878
 10
112.00140588576893
 20
172.23694482648432
 10
112.04445015880265
 20
172.10921137910623
 10
112.08920358984916
 20
171.98206666521605
 10
112.13564288390653
 20
171.85552795679848
 10
112.18374436077397
 20
171.72961169243806
 10
112.23348400680824
 20
171.60433348083924
 10
112.28483752519496
 20
171.47970810684382
 10
112.33778038457629
 20
171.3557495397639
 10
112.39228786590007
 20
171.23247094384462
 10
112.44833510737786
 20
171.10988469066933
 10
112.50589714746101
 20
170.98800237331938
 10
112.56494896576483
 20
170.86683482210407
 10
112.62546552189012
 20
170.74639212167813
 10
112.68742179210977
 20
170.6266836293717
 10
112.75079280390473
 20
170.5077179945609
 10
112.81555366834901
 20
170.38950317891715
 10
112.8816796103576
 20
170.27204647737994
 10
112.9491459968228
 20
170.15535453970602
 10
113.01792836267646
 20
170.0394333924586
 10
113.08800243492394
 20
169.9242884613076
 10
113.15934415470505
 20
169.80992459352314
 10
113.231929697443
 20
169.69634608055242
 10
113.3057354911488
 20
169.58355668058147
 10
113.38073823295264
 20
169.47155964099017
 10
113.45691490393772
 20
169.3603577206199
 10
113.53424278235386
 20
169.24995321178113
 10
113.6126994552908
 20
169.14034796193613
 10
113.69226282889097
 20
169.03154339500077
 10
113.77291113718287
 20
168.92354053221626
 10
113.85462294961437
 20
168.81634001254866
 10
113.93737717736585
 20
168.70994211258107
 10
114.02115307852051
 20
168.60434676586902
 10
114.105930262168
 20
168.49955358173514
 10
114.19168869151514
 20
168.39556186348494
 10
114.27840868607542
 20
168.29237062602948
 10
114.3660709230063
 20
168.18997861290552
 10
114.45465643766022
 20
168.0883843126873
 10
114.5441466234131
 20
167.98758597478786
 10
114.63452323083054
 20
167.88758162465012
 10
114.72576836622932
 20
167.78836907833238
 10
114.81786448968873
 20
167.68994595649258
 10
114.91079441256323
 20
167.59230969778085
 10
115.00454129454496
 20
167.495457571649
 10
115.09908864032197
 20
167.39938669058904
 10
115.19442029587498
 20
167.30409402181274
 10
115.29052044445277
 20
167.20957639838667
 10
115.38737360226361
 20
167.11583052983664
 10
115.48496461391797
 20
167.02285301223702
 10
115.58327864765444
 20
166.93064033780126
 10
115.68230119037958
 20
166.839188903989
 10
115.78201804254888
 20
166.7484950221469
 10
115.8824153129153
 20
166.65855492569946
 10
115.98347941316842
 20
166.56936477790686
 10
116.0851970524864
 20
166.48092067920578
 10
116.18755523202059
 20
166.39321867415066
 10
116.29054123933118
 20
166.3062547579707
 10
116.39414264279034
 20
166.2200248827595
 10
116.49834728596832
 20
166.13452496331246
 10
116.60314328201613
 20
166.049750882628
 10
116.70851900805734
 20
165.96569849708695
 10
116.81446309960018
 20
165.8823636413256
 10
116.92096444498029
 20
165.79974213281594
 10
117.02801217984285
 20
165.71782977616726
 10
117.13559568167251
 20
165.6366223671625
 10
117.24370456437816
 20
165.55611569654218
 10
117.35232867293885
 20
165.4763055535484
 10
117.46145807811656
 20
165.3971877292409
 10
117.57108307124068
 20
165.31875801959683
 10
117.6811941590683
 20
165.24101222840505
 10
117.79178205872411
 20
165.16394616996604
 10
117.90283769272283
 20
165.087555671607
 10
118.01435218407681
 20
165.01183657602292
 10
118.12631685149097
 20
164.93678474345145
 10
118.23872320464656
 20
164.86239605369218
 10
118.35156293957532
 20
164.78866640797747
 10
118.4648279341248
 20
164.71559173070386
 10
118.57851024351565
 20
164.64316797103143
 10
118.69260209599098
 20
164.5713911043583
 10
118.80709588855832
 20
164.50025713367796
 10
118.92198418282362
 20
164.42976209082553
 10
119.0372597009173
 20
164.3599020376194
 10
119.15291532151164
 20
164.29067306690456
 10
119.26894407592894
 20
164.22207130350316
 10
119.38533914433961
 20
164.1540929050779
 10
119.50209385204923
 20
164.0867340629132
 10
119.61920166587348
 20
164.01999100261918
 10
119.7366561906
 20
163.9538599847632
 10
119.85445116553555
 20
163.88833730543345
 10
119.9725804611376
 20
163.8234192967382
 10
120.09103807572852
 20
163.75910232724544
 10
120.20981813229147
 20
163.69538280236617
 10
120.32891487534599
 20
163.63225716468503
 10
120.44832266790205
 20
163.56972189424152
 10
120.56803598849116
 20
163.50777350876518
 10
120.68804942827265
 20
163.44640856386764
 10
120.80835768821379
 20
163.38562365319402
 10
120.92895557634206
 20
163.3254154085373
 10
121.04983800506811
 20
163.26578049991707
 10
121.17099998857763
 20
163.20671563562547
 10
121.29243664029079
 20
163.1482175622432
 10
121.41414317038746
 20
163.09028306462662
 10
121.5361148833967
 20
163.0329089658689
 10
121.65834717584923
 20
162.9760921272364
 10
121.78083553399073
 20
162.91982944808257
 10
121.90357553155525
 20
162.8641178657408
 10
122.0265628275967
 20
162.80895435539793
 10
122.14979316437686
 20
162.75433592994955
 10
122.27326236530902
 20
162.70025963983932
 10
122.39696633295529
 20
162.64672257288248
 10
122.52090104707626
 20
162.5937218540759
 10
122.64506256273205
 20
162.54125464539516
 10
122.76944700843278
 20
162.48931814557974
 10
122.8940505843376
 20
162.4379095899081
 10
123.01886956050075
 20
162.38702624996247
 10
123.14390027516347
 20
162.33666543338543
 10
123.26913913309059
 20
162.28682448362815
 10
123.39458260395027
 20
162.2375007796919
 10
123.5202272207362
 20
162.1886917358629
 10
123.6460695782306
 20
162.14039480144186
 10
123.77210633150726
 20
162.09260746046823
 10
123.89833419447325
 20
162.04532723144047
 10
124.02474993844845
 20
161.99855166703242
 10
124.15135039078172
 20
161.95227835380612
 10
124.27813243350263
 20
161.90650491192267
 10
124.40509300200794
 20
161.8612289948502
 10
124.53222908378162
 20
161.81644828907042
 10
124.65953771714771
 20
161.77216051378383
 10
124.787015990055
 20
161.7283634206138
 10
124.91466103889233
 20
161.68505479331017
 10
125.04247004733438
 20
161.6422324474527
 10
125.17044024521623
 20
161.59989423015438
 10
125.29856890743648
 20
161.55803801976532
 10
125.42685335288782
 20
161.51666172557708
 10
125.55529094341452
 20
161.47576328752814
 10
125.68387908279563
 20
161.4353406759102
 10
125.81261521575387
 20
161.39539189107614
 10
125.9414968269886
 20
161.35591496314936
 10
126.07052144023301
 20
161.3169079517349
 10
126.19968661733427
 20
161.2783689456325
 10
126.32898995735621
 20
161.2402960625519
 10
126.45842909570405
 20
161.20268744882992
 10
126.58800170327007
 20
161.1655412791505
 10
126.71770548560015
 20
161.12885575626677
 10
126.84753818208031
 20
161.09262911072614
 10
126.97749756514258
 20
161.0568596005976
 10
127.1075814394901
 20
161.02154551120242
 10
127.23778764134022
 20
160.9866851548473
 10
127.36811403768581
 20
160.95227687056052
 10
127.49855852557361
 20
160.91831902383177
 10
127.62911903139968
 20
160.88481000635412
 10
127.75979351022109
 20
160.85174823576995
 10
127.89057994508349
 20
160.81913215541982
 10
128.02147634636424
 20
160.7869602340945
 10
128.1524807511305
 20
160.75523096579064
 10
128.28359122251172
 20
160.72394286946957
 10
128.41480584908675
 20
160.69309448881944
 10
128.54612274428408
 20
160.66268439202088
 10
128.677540045796
 20
160.63271117151623
 10
128.80905591500547
 20
160.60317344378203
 10
128.94066853642553
 20
160.57406984910483
 10
129.07237611715124
 20
160.54539905136102
 10
129.2041768863232
 20
160.51715973779955
 10
129.33606909460292
 20
160.4893506188285
 10
129.46805101365908
 20
160.46197042780514
 10
129.60012093566505
 20
160.43501792082935
 10
129.73227717280673
 20
160.40849187654067
 10
129.86451805680082
 20
160.3823910959186
 10
129.99684193842293
 20
160.35671440208688
 10
130.12924718704556
 20
160.33146064012072
 10
130.2617321901854
 20
160.30662867685788
 10
130.39429535305973
 20
160.28221740071302
 10
130.52693509815177
 20
160.25822572149548
 10
130.65964986478465
 20
160.23465257023076
 10
130.7924381087038
 20
160.2114968989852
 10
130.92529830166708
 20
160.18875768069404
 10
131.05822893104346
 20
160.16643390899304
 10
131.1912284994187
 20
160.14452459805347
 10
131.324295524209
 20
160.1230287824202
 10
131.4574285372812
 20
160.1019455168535
 10
131.59062608458075
 20
160.08127387617407
 10
131.7238867257658
 20
160.0610129551111
 10
131.85720903384816
 20
160.04116186815395
 10
131.99059159484077
 20
160.02171974940705
 10
132.1240330074108
 20
160.0026857524478
 10
132.25753188253947
 20
159.98405905018805
 10
132.3910868431872
 20
159.96583883473858
 10
132.5246965239644
 20
159.94802431727672
 10
132.6583595708079
 20
159.93061472791734
 10
132.79207464066258
 20
159.91360931558683
 10
132.92584040116807
 20
159.8970073479002
 10
133.05965553035045
 20
159.88080811104146
 10
133.19351871631852
 20
159.8650109096469
 10
133.3274286569652
 20
159.84961506669146
 10
133.46138405967292
 20
159.83461992337823
 10
133.5953836410235
 20
159.82002483903108
 10
133.72942612651218
 20
159.8058291909898
 10
133.86351025026588
 20
159.79203237450903
 10
133.99763475476504
 20
159.77863380265939
 10
134.13179839056957
 20
159.76563290623196
 10
134.2659999160479
 20
159.75302913364573
 10
134.40023809711028
 20
159.74082195085776
 10
134.53451170694473
 20
159.72901084127625
 10
134.66881952575662
 20
159.71759530567684
 10
134.80316034051117
 20
159.70657486212116
 10
134.93753294467922
 20
159.69594904587882
 10
135.07193613798546
 20
159.68571740935187
 10
135.20636872615984
 20
159.6758795220023
 10
135.3408295206912
 20
159.666434970282
 10
135.47531733858375
 20
159.65738335756606
 10
135.60983100211584
 20
159.64872430408815
 10
135.74436933860102
 20
159.64045744687934
 10
135.8789311801513
 20
159.63258243970913
 10
136.01351536344242
 20
159.62509895302958
 10
136.1481207294812
 20
159.61800667392185
 10
136.28274612337492
 20
159.61130530604584
 10
136.41739039410197
 20
159.60499456959207
 10
136.55205239428466
 20
159.5990742012366
 10
136.6867309799635
 20
159.59354395409846
 10
136.82142501037265
 20
159.58840359769982
 10
136.95613334771716
 20
159.5836529179287
 10
137.09085485695115
 20
159.57929171700465
 10
137.2255884055574
 20
159.57531981344658
 10
137.36033286332784
 20
159.5717370420436
 10
137.4950871021452
 20
159.5685432538284
 10
137.62984999576526
 20
159.56573831605334
 10
137.76462041960042
 20
159.56332211216875
 10
137.8993972505034
 20
159.56129454180444
 10
138.03417936655188
 20
159.55965552075344
 10
138.1689656468336
 20
159.55840498095841
 10
138.30375497123188
 20
159.5575428705006
 10
138.43854622021146
 20
159.55706915359173
 10
138.57333827460462
 20
159.55698381056789
 10
138.70813001539742
 20
159.55728683788675
 10
138.84292032351607
 20
159.55797824812663
 10
138.97770807961317
 20
159.55905806998874
 10
139.11249216385391
 20
159.56052634830178
 10
139.24727145570213
 20
159.5623831440291
 10
139.3820448337059
 20
159.5646285342786
 10
139.51681117528275
 20
159.567262612315
 10
139.6515693565047
 20
159.57028548757506
 10
139.78631825188228
 20
159.57369728568514
 10
139.92105673414818
 20
159.57749814848137
 10
140.0557836740401
 20
159.58168823403253
 10
140.19049794008265
 20
159.58626771666567
 10
140.32519839836846
 20
159.5912367869941
 10
140.45988391233797
 20
159.59659565194818
 10
140.5945533425585
 20
159.60234453480857
 10
140.72920554650167
 20
159.60848367524252
 10
140.86383937831985
 20
159.6150133293424
 10
140.99845368862088
 20
159.62193376966692
 10
141.13304732424155
 20
159.62924528528552
 10
141.267619128019
 20
159.63694818182472
 10
141.4021679385612
 20
159.64504278151776
 10
141.53669259001467
 20
159.65352942325651
 10
141.6711919118309
 20
159.6624084626465
 10
141.8056647285305
 20
159.67168027206432
 10
141.9401098594653
 20
159.68134524071797
 10
142.074526118578
 20
159.69140377470987
 10
142.2089123141598
 20
159.70185629710272
 10
142.3432672486051
 20
159.71270324798803
 10
142.47758971816415
 20
159.7239450845575
 10
142.6118785126926
 20
159.7355822811773
 10
142.74613241539828
 20
159.7476153294649
 10
142.88035020258528
 20
159.76004473836923
 10
143.01453064339464
 20
159.772871034253
 10
143.1486724995421
 20
159.78609476097853
 10
143.28277452505264
 20
159.79971647999628
 10
143.41683546599106
 20
159.81373677043598
 10
143.5508540601897
 20
159.82815622920117
 10
143.68482903697185
 20
159.84297547106632
 10
143.8187591168718
 20
159.85819512877697
 10
143.95264301135052
 20
159.87381585315313
 10
144.0864794225075
 20
159.88983831319536
 10
144.22026704278824
 20
159.90626319619383
 10
144.35400455468724
 20
159.92309120784086
 10
144.4876906304466
 20
159.9403230723459
 10
144.6213239317497
 20
159.95795953255418
 10
144.75490310941038
 20
159.97600135006803
 10
144.8884268030564
 20
159.99444930537152
 10
145.0218936408085
 20
160.01330419795823
 10
145.15530223895362
 20
160.0325668464621
 10
145.28865120161242
 20
160.0522380887915
 10
145.42193912040162
 20
160.07231878226656
 10
145.55516457408999
 20
160.09280980375956
 10
145.68832612824832
 20
160.11371204983885
 10
145.82142233489336
 20
160.13502643691564
 10
145.9544517321248
 20
160.15675390139444
 10
146.08741284375608
 20
160.17889539982653
 10
146.22030417893794
 20
160.20145190906695
 10
146.35312423177513
 20
160.22442442643464
 10
146.4858714809354
 20
160.24781396987612
 10
146.6185443892514
 20
160.27162157813245
 10
146.7511414033147
 20
160.29584831090943
 10
146.8836609530614
 20
160.3204952490516
 10
147.01610145134993
 20
160.34556349471933
 10
147.1484612935303
 20
160.3710541715693
 10
147.28073885700434
 20
160.3969684249388
 10
147.41293250077706
 20
160.42330742203313
 10
147.54504056499889
 20
160.4500723521166
 10
147.67706137049785
 20
160.47726442670702
 10
147.80899321830256
 20
160.50488487977378
 10
147.9408343891545
 20
160.53293496793924
 10
148.0725831430101
 20
160.56141597068358
 10
148.204237718532
 20
160.59032919055346
 10
148.33579633256923
 20
160.61967595337396
 10
148.46725717962613
 20
160.649457608464
 10
148.59861843131918
 20
160.67967552885523
 10
148.72987823582216
 20
160.71033111151473
 10
148.86103471729845
 20
160.74142577757078
 10
148.9920859753209
 20
160.77296097254214
 10
149.1230300842782
 20
160.80493816657116
 10
149.25386509276777
 20
160.8373588546599
 10
149.38458902297486
 20
160.8702245569097
 10
149.5151998700369
 20
160.9035368187645
 10
149.64569560139316
 20
160.93729721125692
 10
149.7760741561196
 20
160.97150733125815
 10
149.90633344424705
 20
161.00616880173067
 10
150.03647134606442
 20
161.04128327198458
 10
150.16648571140408
 20
161.07685241793675
 10
150.29637435891124
 20
161.1128779423733
 10
150.42613507529464
 20
161.14936157521484
 10
150.55576561456002
 20
161.1863050737849
 10
150.68526369722426
 20
161.22371022308107
 10
150.81462700951056
 20
161.26157883604895
 10
150.94385320252388
 20
161.2999127538588
 10
151.07293989140584
 20
161.33871384618456
 10
151.2018846544686
 20
161.37798401148564
 10
151.33068503230754
 20
161.41772517729063
 10
151.45933852689123
 20
161.45793930048342
 10
151.5878426006288
 20
161.49862836759127
 10
151.7161946754137
 20
161.53979439507458
 10
151.84439213164322
 20
161.5814394296184
 10
151.97243230721307
 20
161.62356554842552
 10
152.10031249648634
 20
161.6661748595106
 10
152.2280299492358
 20
161.70926950199527
 10
152.35558186955942
 20
161.75285164640422
 10
152.48296541476745
 20
161.79692349496162
 10
152.61017769424092
 20
161.84148728188774
 10
152.7372157682606
 20
161.88654527369548
 10
152.86407664680505
 20
161.93209976948657
 10
152.99075728831778
 20
161.97815310124685
 10
153.11725459844166
 20
162.0247076341404
 10
153.24356542872027
 20
162.0717657668022
 10
153.36968657526515
 20
162.1193299316286
 10
153.4956147773876
 20
162.16740259506554
 10
153.6213467161945
 20
162.21598625789363
 10
153.74687901314667
 20
162.26508345550977
 10
153.8722082285793
 20
162.31469675820463
 10
153.9973308601823
 20
162.36482877143567
 10
154.12224334144096
 20
162.4154821360946
 10
154.24694204003418
 20
162.46665952876884
 10
154.37142325619038
 20
162.51836366199643
 10
154.49568322099913
 20
162.5705972845132
 10
154.6197180946775
 20
162.62336318149164
 10
154.74352396478986
 20
162.67666417477045
 10
154.86709684442008
 20
162.7305031230741
 10
154.99043267029415
 20
162.7848829222208
 10
155.11352730085284
 20
162.8398065053185
 10
155.23637651427208
 20
162.8952768429474
 10
155.35897600643037
 20
162.9512969433278
 10
155.4813213888214
 20
163.0078698524718
 10
155.60340818641072
 20
163.0649986543181
 10
155.7252318354346
 20
163.1226864708479
 10
155.84678768114014
 20
163.1809364621803
 10
155.9680709754645
 20
163.23975182664617
 10
156.08907687465245
 20
163.29913580083786
 10
156.2098004368099
 20
163.35909165963403
 10
156.33023661939242
 20
163.41962271619644
 10
156.4503802766271
 20
163.48073232193752
 10
156.57022615686594
 20
163.5424238664562
 10
156.68976889986942
 20
163.60470077743952
 10
156.8090030340184
 20
163.66756652052794
 10
156.92792297345324
 20
163.73102459914145
 10
157.046523015138
 20
163.7950785542635
 10
157.16479733584862
 20
163.85973196418075
 10
157.2827399890831
 20
163.92498844417432
 10
157.4003449018927
 20
163.99085164615997
 10
157.5176058716322
 20
164.05732525827392
 10
157.63451656262794
 20
164.12441300440025
  0
LWPOLYLINE
  5
84
330
17
100
AcDbEntity
  8
01-VISIBLE
100
AcDbPolyline
 90
182
 70
0
 10
158.08706490258731
 20
171.76477976043145
 10
158.15661573330112
 20
171.80507830675387
 10
158.22604130221313
 20
171.84559226995623
 10
158.2953402605335
 20
171.8863224203655
 10
158.36451124248214
 20
171.9272695322968
 10
158.4335528650368
 20
171.96843438400265
 10
158.50246372767717
 20
172.00981775761852
 10
158.57124241212605
 20
172.05142043910558
 10
158.63988748208644
 20
172.0932432181899
 10
158.70839748297536
 20
172.13528688829825
 10
158.7767709416538
 20
172.17755224648994
 10
158.84500636615323
 20
172.2200400933853
 10
158.9131022453984
 20
172.2627512330903
 10
158.9810570489263
 20
172.30568647311657
 10
159.04886922660177
 20
172.34884662429792
 10
159.1165372083292
 20
172.39223250070216
 10
159.18405940376044
 20
172.43584491953862
 10
159.2514342019994
 20
172.47968470106088
 10
159.31865997130242
 20
172.52375266846485
 10
159.38573505877557
 20
172.56804964778186
 10
159.45265779006758
 20
172.61257646776676
 10
159.5194264690598
 20
172.65733395978035
 10
159.58603937755177
 20
172.70232295766687
 10
159.65249477494385
 20
172.74754429762532
 10
159.71879089791565
 20
172.79299881807543
 10
159.78492596010128
 20
172.838687359517
 10
159.85089815176067
 20
172.8846107643837
 10
159.91670563944783
 20
172.9307698768897
 10
159.98234656567504
 20
172.9771655428704
 10
160.04781904857418
 20
173.02379860961548
 10
160.11312118155428
 20
173.0706699256956
 10
160.1782510329558
 20
173.1177803407811
 10
160.24320664570203
 20
173.16513070545392
 10
160.30798603694666
 20
173.21272187101079
 10
160.37258719771887
 20
173.2605546892592
 10
160.437008092565
 20
173.30863001230466
 10
160.5012466591876
 20
173.3569486923294
 10
160.56530080808136
 20
173.40551158136248
 10
160.62916842216666
 20
173.45431953104043
 10
160.6928473564205
 20
173.50337339235892
 10
160.7563354375046
 20
173.5526740154147
 10
160.81963046339197
 20
173.60222224913724
 10
160.88273020299067
 20
173.65201894101054
 10
160.94563239576595
 20
173.70206493678435
 10
161.00833475136056
 20
173.7523610801743
 10
161.0708349492135
 20
173.8029082125512
 10
161.1331306381772
 20
173.85370717261839
 10
161.19521943613395
 20
173.90475879607789
 10
161.25709892961106
 20
173.95606391528395
 10
161.3187666733954
 20
174.0076233588843
 10
161.38022019014775
 20
174.0594379514485
 10
161.4414569700168
 20
174.11150851308327
 10
161.50247447025336
 20
174.163835859034
 10
161.56327011482534
 20
174.21642079927278
 10
161.62384129403313
 20
174.26926413807195
 10
161.68418536412653
 20
174.3223666735629
 10
161.74429964692308
 20
174.37572919728018
 10
161.8041814294284
 20
174.4293524936901
 10
161.86382796345882
 20
174.48323733970355
 10
161.92323646526705
 20
174.5373845041728
 10
161.98240411517088
 20
174.59179474737167
 10
162.0413280571859
 20
174.6464688204589
 10
162.10000539866218
 20
174.70140746492422
 10
162.15843320992622
 20
174.7566114120167
 10
162.2166085239279
 20
174.81208138215507
 10
162.27452833589368
 20
174.86781808431965
 10
162.33218960298615
 20
174.92382221542522
 10
162.38958924397113
 20
174.98009445967512
 10
162.44672413889256
 20
175.03663548789507
 10
162.503591128756
 20
175.09344595684777
 10
162.56018701522166
 20
175.15052650852658
 10
162.6165085603075
 20
175.20787776942873
 10
162.67255248610334
 20
175.26550034980738
 10
162.72831547449692
 20
175.32339484290242
 10
162.7837941669124
 20
175.38156182414912
 10
162.83898516406293
 20
175.44000185036523
 10
162.89388502571728
 20
175.49871545891529
 10
162.9484902704825
 20
175.5577031668523
 10
163.00279737560288
 20
175.61696547003652
 10
163.0568027767768
 20
175.676502842231
 10
163.11050286799224
 20
175.7363157341735
 10
163.16389400138215
 20
175.79640457262477
 10
163.21697248710115
 20
175.8567697593931
 10
163.2697345932244
 20
175.9174116703345
 10
163.32217654567006
 20
175.9783306543287
 10
163.3742945281468
 20
176.03952703223115
 10
163.4260846821275
 20
176.10100109580014
 10
163.4775431068506
 20
176.1627531065999
 10
163.52866585935044
 20
176.22478329487893
 10
163.57944895451837
 20
176.2870918584241
 10
163.6298883651957
 20
176.3496789613904
 10
163.67998002230047
 20
176.4125447331065
 10
163.72971981498907
 20
176.47568926685625
 10
163.77910359085507
 20
176.5391126186366
 10
163.82812715616635
 20
176.6028148058919
 10
163.8767862761421
 20
176.66679580622514
 10
163.92507667527224
 20
176.7310555560865
 10
163.97299403768002
 20
176.79559394943976
 10
164.02053400753024
 20
176.86041083640723
 10
164.0676921894845
 20
176.92550602189328
 10
164.11446414920567
 20
176.99087926418827
 10
164.16084541391322
 20
177.05653027355214
 10
164.20683147299098
 20
177.1224587107805
 10
164.2524177786499
 20
177.18866418575223
 10
164.2975997466471
 20
177.25514625596105
 10
164.34237275706312
 20
177.3219044250315
 10
164.3867321551397
 20
177.38893814122127
 10
164.43067325217947
 20
177.4562467959102
 10
164.4741913265097
 20
177.5238297220787
 10
164.51728162451155
 20
177.59168619277614
 10
164.55993936171754
 20
177.6598154195816
 10
164.60215972397765
 20
177.7282165510585
 10
164.6439378686971
 20
177.79688867120498
 10
164.6852689261467
 20
177.8658307979024
 10
164.72614800084773
 20
177.9350418813641
 10
164.76657017303262
 20
178.0045208025862
 10
164.80653050018353
 20
178.07426637180396
 10
164.84602401864942
 20
178.14427732695512
 10
164.88504574534375
 20
178.2145523321538
 10
164.92359067952316
 20
178.2850899761773
 10
164.96165380464936
 20
178.35588877096887
 10
164.99923009033384
 20
178.42694715016006
 10
165.0363144943675
 20
178.49826346761472
 10
165.0729019648352
 20
178.56983599599926
 10
165.10898744231577
 20
178.64166292538187
 10
165.14456586216824
 20
178.71374236186455
 10
165.17963215690418
 20
178.78607232625131
 10
165.2141812586462
 20
178.85865075275728
 10
165.2482081016724
 20
178.93147548776113
 10
165.28170762504647
 20
179.00454428860644
 10
165.3146747753327
 20
179.07785482245467
 10
165.34710450939482
 20
179.1514046651949
 10
165.37899179727808
 20
179.2251913004141
 10
165.41033162517238
 20
179.29921211843254
 10
165.4411189984557
 20
179.3734644154078
 10
165.47134894481496
 20
179.4479453925132
 10
165.50101651744282
 20
179.52265215519367
 10
165.53011679830755
 20
179.5975817125041
 10
165.55864490149298
 20
179.6727309765347
 10
165.58659597660596
 20
179.74809676192686
 10
165.61396521224702
 20
179.82367578548514
 10
165.64074783954143
 20
179.8994646658881
 10
165.66693913572567
 20
179.97545992350342
 10
165.69253442778555
 20
180.05165798031067
 10
165.71752909614082
 20
180.1280551599355
 10
165.74191857837155
 20
180.20464768779982
 10
165.76569837298058
 20
180.28143169139054
 10
165.78886404318652
 20
180.35840320065125
 10
165.81141122074146
 20
180.43555814849944
 10
165.83333560976678
 20
180.5128923714724
 10
165.85463299060078
 20
180.59040161050456
 10
165.87529922365124
 20
180.6680815118388
 10
165.89533025324556
 20
180.7459276280739
 10
165.91472211147172
 20
180.82393541934954
 10
165.93347092200185
 20
180.90210025467115
 10
165.95157290389128
 20
180.98041741337516
 10
165.96902437534465
 20
181.05888208673537
 10
165.98582175744139
 20
181.13748937971158
 10
166.00196157781235
 20
181.21623431283967
 10
166.01744047425888
 20
181.29511182426296
 10
166.03225519830664
 20
181.3741167719042
 10
166.04640261868542
 20
181.45324393577687
 10
166.05987972472647
 20
181.5324880204335
 10
166.07268362966934
 20
181.61184365755008
 10
166.08481157386979
 20
181.69130540864194
 10
166.0962609279004
 20
181.77086776791032
 10
166.1070291955363
 20
181.8505251652142
 10
166.1171140166178
 20
181.9302719691641
 10
166.12651316978213
 20
182.01010249033368
 10
166.13522457505758
 20
182.09001098458373
 10
166.14324629631224
 20
182.1699916564933
 10
166.15057654355067
 20
182.25003866289254
 10
166.1572136750524
 20
182.3301461164908
 10
166.16315619934568
 20
182.41030808959354
 10
166.1684027770115
 20
182.4905186179014
 10
166.17295222231186
 20
182.57077170438373
 10
166.17680350463812
 20
182.65106132321986
 10
166.1799557497751
 20
182.73138142379935
 10
166.18240824097714
 20
182.81172593477413
 10
166.18416041985273
 20
182.89208876815349
 10
166.18521188705552
 20
182.97246382343437
 10
166.18556240277928
 20
183.05284499175727
  0
LWPOLYLINE
  5
85
330
17
100
AcDbEntity
  8
01-VISIBLE
100
AcDbPolyline
 90
401
 70
0
 10
110.88556240277927
 20
183.05284499175727
 10
110.88659526395254
 20
182.91486412825367
 10
110.8896931533356
 20
182.77691417756395
 10
110.8948539910553
 20
182.63902599023967
 10
110.90207431909127
 20
182.50123029269264
 10
110.91134931385017
 20
182.36355762608235
 10
110.92267280361511
 20
182.22603828633947
 10
110.9360372907187
 20
182.088702265681
 10
110.95143397824864
 20
181.95157919595667
 10
110.96885280105938
 20
181.81469829414235
 10
110.98828246082977
 20
181.6780883102719
 10
111.00971046487851
 20
181.5417774780699
 10
111.03312316842447
 20
181.4057934685173
 10
111.05850581995865
 20
181.27016334655028
 10
111.08584260937943
 20
181.13491353105692
 10
111.11511671853177
 20
181.00006975830445
 10
111.14631037378487
 20
180.86565704889352
 10
111.17940490028111
 20
180.7316996783029
 10
111.21438077749143
 20
180.59822115105487
 10
111.25121769571906
 20
180.46524417849957
 10
111.28989461320347
 20
180.3327906601877
 10
111.33038981348969
 20
180.20088166877161
 10
111.37268096274462
 20
180.06953743835163
 10
111.41674516672026
 20
179.9387773561597
 10
111.46255902708444
 20
179.8086199574532
 10
111.51009869686179
 20
179.6790829234752
 10
111.55933993475088
 20
179.55018308232133
 10
111.61025815810696
 20
179.4219364125432
 10
111.66282849440437
 20
179.29435804930836
 10
111.7170258310165
 20
179.1674622929307
 10
111.77282486317506
 20
179.0412626195813
 10
111.83020013999331
 20
178.91577169398715
 10
111.8891261084605
 20
178.79100138392698
 10
111.94957715533576
 20
178.66696277633335
 10
112.01152764688942
 20
178.5436661948163
 10
112.07495196645897
 20
178.42112121842706
 10
112.1398245498033
 20
178.2993367014882
 10
112.20611991825514
 20
178.17832079432236
 10
112.27381270968563
 20
178.05808096472202
 10
112.34287770730737
 20
177.93862402000957
 10
112.41328986635415
 20
177.8199561295471
 10
112.4850243386845
 20
177.70208284756544
 10
112.55805649536526
 20
177.58500913619034
 10
112.63236194729805
 20
177.46873938855464
 10
112.70791656395726
 20
177.3532774518943
 10
112.78469649031328
 20
177.23862665053554
 10
112.86267816201774
 20
177.1247898086904
 10
112.94183831893024
 20
177.0117692729854
 10
113.02215401706817
 20
176.8995669346583
 10
113.1036026390617
 20
176.7881842513646
 10
113.18616190319614
 20
176.67762226854376
 10
113.26980987112395
 20
176.567881640302
 10
113.35452495432753
 20
176.45896264977614
 10
113.44028591941183
 20
176.35086522894727
 10
113.52707189230532
 20
176.2435889778809
 10
113.61486236144445
 20
176.1371331833745
 10
113.70363718001505
 20
176.03149683699746
 10
113.79337656732119
 20
175.9266786525148
 10
113.88406110934937
 20
175.82267708268756
 10
113.97567175859287
 20
175.71949033544877
 10
114.06818983319828
 20
175.6171163894544
 10
114.16159701549284
 20
175.51555300901433
 10
114.25587534994872
 20
175.41479775840824
 10
114.3510072406366
 20
175.31484801559523
 10
114.44697544821878
 20
175.21570098532698
 10
114.54376308652809
 20
175.11735371167617
 10
114.64135361877692
 20
175.01980308999293
 10
114.73973085343725
 20
174.92304587830355
 10
114.83887893983007
 20
174.82707870816623
 10
114.93878236345994
 20
174.73189809499968
 10
115.03942594112797
 20
174.6375004479005
 10
115.140794815854
 20
174.54388207896642
 10
115.24287445163634
 20
174.45103921214175
 10
115.34565062807587
 20
174.35896799160224
 10
115.44910943488811
 20
174.2676644896968
 10
115.55323726632618
 20
174.1771247144623
 10
115.65802081553463
 20
174.08734461672907
 10
115.76344706885332
 20
173.99832009683365
 10
115.8695033000879
 20
173.9100470109547
 10
115.97617706476288
 20
173.8225211770891
 10
116.08345619437124
 20
173.7357383806831
 10
116.19132879063334
 20
173.64969437993489
 10
116.2997832197766
 20
173.56438491078268
 10
116.40880810684658
 20
173.47980569159378
 10
116.51839233005835
 20
173.395952427568
 10
116.62852501519681
 20
173.31282081486967
 10
116.73919553007322
 20
173.2304065445012
 10
116.85039347904407
 20
173.14870530593112
 10
116.96210869759882
 20
173.06771279048863
 10
117.07433124702058
 20
172.9874246945368
 10
117.18705140912476
 20
172.90783672243566
 10
117.30025968107897
 20
172.8289445893057
 10
117.41394677030756
 20
172.75074402360315
 10
117.52810358948334
 20
172.67323076951575
 10
117.64272125160853
 20
172.5964005891899
 10
117.75779106518692
 20
172.52024926479731
 10
117.87330452948828
 20
172.44477260045034
 10
117.9892533299064
 20
172.3699664239744
 10
118.10562933341092
 20
172.2958265885452
 10
118.22242458409374
 20
172.2223489741982
 10
118.33963129881002
 20
172.1495294892182
 10
118.45724186291353
 20
172.07736407141476
 10
118.57524882608607
 20
172.0058486892915
 10
118.69364489826059
 20
171.93497934311358
 10
118.81242294563704
 20
171.86475206588113
 10
118.9315759867905
 20
171.79516292421295
 10
119.05109718887013
 20
171.72620801914613
 10
119.1709798638883
 20
171.65788348685697
 10
119.29121746509853
 20
171.59018549930727
 10
119.41180358346092
 20
171.52311026482124
 10
119.53273194419384
 20
171.45665402859674
 10
119.6539964034104
 20
171.39081307315524
 10
119.77559094483823
 20
171.32558371873424
 10
119.89750967662117
 20
171.26096232362562
 10
120.01974682820114
 20
171.1969452844637
 10
120.14229674727886
 20
171.13352903646592
 10
120.26515389685154
 20
171.07071005362928
 10
120.38831285232628
 20
171.00848484888564
 10
120.51176829870712
 20
170.9468499742186
 10
120.63551502785467
 20
170.88580202074394
 10
120.75954793581607
 20
170.82533761875717
 10
120.88386202022443
 20
170.7654534377494
 10
121.00845237776505
 20
170.7061461863944
 10
121.13331420170827
 20
170.6474126125088
 10
121.25844277950583
 20
170.58924950298677
 10
121.38383349045036
 20
170.5316536837123
 10
121.50948180339593
 20
170.4746220194491
 10
121.63538327453796
 20
170.4181514137112
 10
121.76153354525144
 20
170.36223880861502
 10
121.88792833998578
 20
170.3068811847147
 10
122.01456346421455
 20
170.25207556082142
 10
122.1414348024391
 20
170.19781899380916
 10
122.26853831624445
 20
170.1441085784066
 10
122.39587004240606
 20
170.09094144697767
 10
122.52342609104612
 20
170.03831476929082
 10
122.65120264383809
 20
169.98622575227876
 10
122.77919595225809
 20
169.93467163978875
 10
122.9074023358821
 20
169.88364971232528
 10
123.03581818072738
 20
169.8331572867852
 10
123.16443993763707
 20
169.78319171618648
 10
123.29326412070705
 20
169.7337503893911
 10
123.42228730575331
 20
169.68483073082314
 10
123.5515061288192
 20
169.63643020018202
 10
123.68091728472125
 20
169.58854629215227
 10
123.81051752563256
 20
169.54117653610982
 10
123.94030365970266
 20
169.49431849582555
 10
124.07027254971271
 20
169.44796976916678
 10
124.20042111176538
 20
169.40212798779652
 10
124.33074631400798
 20
169.35679081687192
 10
124.46124517538843
 20
169.31195595474117
 10
124.59191476444256
 20
169.26762113264027
 10
124.72275219811243
 20
169.22378411438928
 10
124.85375464059423
 20
169.18044269608868
 10
124.98491930221547
 20
169.1375947058163
 10
125.11624343834023
 20
169.09523800332443
 10
125.24772434830182
 20
169.0533704797386
 10
125.37935937436211
 20
169.0119900572567
 10
125.51114590069662
 20
168.97109468885012
 10
125.64308135240489
 20
168.93068235796616
 10
125.77516319454513
 20
168.89075107823237
 10
125.90738893119266
 20
168.85129889316275
 10
126.0397561045213
 20
168.8123238758662
 10
126.17226229390737
 20
168.77382412875727
 10
126.3049051150551
 20
168.73579778326905
 10
126.43768221914348
 20
168.69824299956917
 10
126.57059129199341
 20
168.6611579662778
 10
126.70363005325487
 20
168.62454090018923
 10
126.83679625561356
 20
168.58839004599537
 10
126.97008768401624
 20
168.5527036760131
 10
127.10350215491425
 20
168.51748008991433
 10
127.23703751552506
 20
168.48271761445892
 10
127.37069164311077
 20
168.44841460323133
 10
127.50446244427376
 20
168.41456943638008
 10
127.63834785426803
 20
168.38118052036077
 10
127.77234583632702
 20
168.34824628768234
 10
127.90645438100627
 20
168.31576519665674
 10
128.0406715055413
 20
168.2837357311522
 10
128.17499525321992
 20
168.25215640034963
 10
128.30942369276846
 20
168.22102573850293
 10
128.44395491775197
 20
168.19034230470237
 10
128.5785870459875
 20
168.160104682642
 10
128.7133182189703
 20
168.13031148039008
 10
128.84814660131258
 20
168.1009613301636
 10
128.98307038019468
 20
168.07205288810604
 10
129.11808776482752
 20
168.04358483406867
 10
129.25319698592725
 20
168.01555587139575
 10
129.3883962952003
 20
167.98796472671302
 10
129.52368396483996
 20
167.96081014971998
 10
129.6590582870331
 20
167.93409091298543
 10
129.79451757347707
 20
167.9078058117471
 10
129.93006015490673
 20
167.8819536637144
 10
130.06568438063115
 20
167.85653330887476
 10
130.2013886180793
 20
167.83154360930402
 10
130.33717125235535
 20
167.8069834489795
 10
130.4730306858022
 20
167.78285173359745
 10
130.60896533757426
 20
167.75914739039348
 10
130.7449736432179
 20
167.7358693679666
 10
130.88105405426037
 20
167.7130166361068
 10
131.01720503780632
 20
167.69058818562624
 10
131.15342507614216
 20
167.66858302819344
 10
131.28971266634753
 20
167.6470001961713
 10
131.42606631991407
 20
167.62583874245834
 10
131.56248456237117
 20
167.60509774033352
 10
131.6989659329183
 20
167.5847762833041
 10
131.83550898406398
 20
167.5648734849571
 10
131.972112281271
 20
167.54538847881406
 10
132.10877440260782
 20
167.52632041818907
 10
132.24549393840604
 20
167.50766847604993
 10
132.38226949092322
 20
167.48943184488292
 10
132.5190996740118
 20
167.4716097365606
 10
132.6559831127931
 20
167.4542013822126
 10
132.7929184433365
 20
167.43720603210022
 10
132.92990431234395
 20
167.42062295549366
 10
133.06693937683923
 20
167.40445144055252
 10
133.20402230386188
 20
167.38869079420977
 10
133.34115177016577
 20
167.37334034205833
 10
133.47832646192225
 20
167.35839942824123
 10
133.61554507442736
 20
167.3438674153445
 10
133.75280631181315
 20
167.3297436842933
 10
133.89010888676324
 20
167.316027634251
 10
134.02745152023212
 20
167.30271868252132
 10
134.16483294116793
 20
167.28981626445358
 10
134.3022518862392
 20
167.27731983335076
 10
134.4397070995647
 20
167.26522886038043
 10
134.5771973324469
 20
167.2535428344891
 10
134.71472134310827
 20
167.242261262319
 10
134.852277896431
 20
167.23138366812793
 10
134.98986576369933
 20
167.22090959371218
 10
135.1274837223451
 20
167.21083859833212
 10
135.26513055569538
 20
167.20117025864067
 10
135.40280505272347
 20
167.1919041686149
 10
135.5405060078017
 20
167.18303993949
 10
135.67823222045686
 20
167.17457719969644
 10
135.8159824951279
 20
167.16651559479988
 10
135.95375564092572
 20
167.15885478744372
 10
136.09155047139492
 20
167.15159445729455
 10
136.2293658042776
 20
167.14473430099054
 10
136.3672004612788
 20
167.1382740320921
 10
136.50505326783386
 20
167.13221338103588
 10
136.64292305287714
 20
167.12655209509106
 10
136.78080864861255
 20
167.12128993831863
 10
136.9187088902851
 20
167.11642669153335
 10
137.0566226159541
 20
167.11196215226823
 10
137.19454866626742
 20
167.10789613474213
 10
137.3324858842368
 20
167.1042284698294
 10
137.47043311501426
 20
167.10095900503305
 10
137.6083892056694
 20
167.0980876044599
 10
137.74635300496755
 20
167.0956141487987
 10
137.88432336314847
 20
167.09353853530098
 10
138.02229913170606
 20
167.09186067776454
 10
138.1602791631681
 20
167.0905805065193
 10
138.29826231087682
 20
167.08969796841646
 10
138.43624742876963
 20
167.0892130268196
 10
138.5742333711603
 20
167.089125661599
 10
138.7122189925198
 20
167.0894358691283
 10
138.85020314725807
 20
167.09014366228388
 10
138.9881846895048
 20
167.09124907044708
 10
139.12616247289085
 20
167.09275213950872
 10
139.26413535032896
 20
167.09465293187677
 10
139.40210217379447
 20
167.09695152648612
 10
139.5400617941055
 20
167.09964801881142
 10
139.67801306070257
 20
167.10274252088254
 10
139.81595482142782
 20
167.10623516130252
 10
139.9538859223035
 20
167.1101260852683
 10
140.0918052073095
 20
167.11441545459408
 10
140.2297115181602
 20
167.1191034477376
 10
140.36760369408032
 20
167.12419025982874
 10
140.50548057157965
 20
167.12967610270096
 10
140.6433409842267
 20
167.1355612049257
 10
140.78118376242105
 20
167.14184581184904
 10
140.9190077331642
 20
167.1485301856314
 10
141.05681171982928
 20
167.15561460528977
 10
141.19459454192886
 20
167.1630993667431
 10
141.3323550148814
 20
167.1709847828597
 10
141.47009194977556
 20
167.17927118350804
 10
141.60780415313315
 20
167.18795891561012
 10
141.74549042666956
 20
167.19704834319742
 10
141.88314956705256
 20
167.20653984747003
 10
142.0207803656585
 20
167.21643382685815
 10
142.15838160832666
 20
167.22673069708682
 10
142.29595207511065
 20
167.23743089124315
 10
142.43349054002783
 20
167.24853485984656
 10
142.5709957708056
 20
167.26004307092194
 10
142.70846652862537
 20
167.27195601007548
 10
142.84590156786317
 20
167.28427418057356
 10
142.98329963582762
 20
167.29699810342453
 10
143.1206594724947
 20
167.31012831746324
 10
143.2579798102392
 20
167.32366537943886
 10
143.3952593735626
 20
167.33760986410527
 10
143.532496878818
 20
167.35196236431477
 10
143.66969103393063
 20
167.36672349111439
 10
143.80684053811527
 20
167.38189387384563
 10
143.94394408158928
 20
167.39747416024693
 10
144.08100034528186
 20
167.41346501655948
 10
144.21800800053882
 20
167.42986712763565
 10
144.35496570882327
 20
167.44668119705096
 10
144.49187212141143
 20
167.46390794721904
 10
144.62872587908439
 20
167.48154811950945
 10
144.76552561181416
 20
167.4996024743691
 10
144.90226993844567
 20
167.5180717914464
 10
145.03895746637284
 20
167.53695686971898
 10
145.1755867912098
 20
167.5562585276243
 10
145.31215649645645
 20
167.5759776031938
 10
145.44866515315826
 20
167.59611495419
 10
145.58511131956038
 20
167.6166714582472
 10
145.72149354075563
 20
167.6376480130151
 10
145.85781034832607
 20
167.65904553630622
 10
145.99406025997862
 20
167.680864966246
 10
146.1302417791733
 20
167.70310726142696
 10
146.2663533947455
 20
167.7257734010659
 10
146.40239358052037
 20
167.74886438516432
 10
146.53836079492052
 20
167.77238123467254
 10
146.67425348056588
 20
167.79632499165723
 10
146.81007006386608
 20
167.82069671947238
 10
146.9458089546047
 20
167.84549750293343
 10
147.08146854551532
 20
167.87072844849553
 10
147.2170472118492
 20
167.8963906844345
 10
147.35254331093424
 20
167.92248536103213
 10
147.48795518172494
 20
167.94901365076433
 10
147.6232811443431
 20
167.97597674849322
 10
147.758519499609
 20
168.00337587166274
 10
147.893668528563
 20
168.03121226049745
 10
148.02872649197656
 20
168.0594871782056
 10
148.1636916298535
 20
168.088201911185
 10
148.29856216092003
 20
168.11735776923314
 10
148.43333628210405
 20
168.14695608576045
 10
148.56801216800298
 20
168.17699821800727
 10
148.70258797033998
 20
168.20748554726455
 10
148.83706181740823
 20
168.2384194790979
 10
148.97143181350253
 20
168.26980144357532
 10
149.10569603833852
 20
168.30163289549864
 10
149.2398525464585
 20
168.33391531463815
 10
149.37389936662396
 20
168.3666502059711
 10
149.50783450119403
 20
168.39983909992344
 10
149.6416559254897
 20
168.43348355261531
 10
149.77536158714332
 20
168.4675851461098
 10
149.90894940543288
 20
168.502145488665
 10
150.04241727060077
 20
168.53716621498978
 10
150.1757630431563
 20
168.57264898650277
 10
150.30898455316188
 20
168.60859549159423
 10
150.44207959950182
 20
168.6450074458918
 10
150.57504594913425
 20
168.681886592529
 10
150.70788133632422
 20
168.71923470241677
 10
150.84058346185878
 20
168.7570535745183
 10
150.97314999224253
 20
168.79534503612655
 10
151.10557855887407
 20
168.83411094314476
 10
151.2378667572013
 20
168.87335318036958
 10
151.3700121458568
 20
168.91307366177676
 10
151.5020122457711
 20
168.9532743308095
 10
151.63386453926412
 20
168.9939571606691
 10
151.76556646911382
 20
169.0351241546077
 10
151.89711543760117
 20
169.07677734622308
 10
152.02850880553163
 20
169.1189187997556
 10
152.15974389123124
 20
169.16155061038634
 10
152.29081796951732
 20
169.20467490453728
 10
152.42172827064303
 20
169.24829384017232
 10
152.55247197921477
 20
169.29240960709942
 10
152.68304623308177
 20
169.33702442727372
 10
152.81344812219697
 20
169.3821405551009
 10
152.94367468744844
 20
169.4277602777409
 10
153.07372291946044
 20
169.47388591541159
 10
153.20358975736323
 20
169.5205198216916
 10
153.33327208753084
 20
169.56766438382311
 10
153.46276674228557
 20
169.61532202301254
 10
153.59207049856857
 20
169.6634951947304
 10
153.72118007657545
 20
169.71218638900842
 10
153.85009213835573
 20
169.7613981307349
 10
153.97880328637535
 20
169.8111329799462
 10
154.107310062041
 20
169.86139353211522
 10
154.23560894418506
 20
169.91218241843558
 10
154.36369634751063
 20
169.96350230610085
 10
154.49156862099457
 20
170.01535589857838
 10
154.61922204624827
 20
170.06774593587727
 10
154.7466528358343
 20
170.12067519480888
 10
154.87385713153822
 20
170.17414648924017
 10
155.00083100259363
 20
170.22816267033807
 10
155.1275704438601
 20
170.28272662680453
 10
155.25407137395172
 20
170.33784128510126
 10
155.38032963331563
 20
170.39350960966277
 10
155.5063409822585
 20
170.44973460309672
 10
155.63210109892054
 20
170.50651930637105
 10
155.7576055771944
 20
170.56386679898557
 10
155.8828499245884
 20
170.6217801991274
 10
156.0078295600325
 20
170.68026266380903
 10
156.13253981162487
 20
170.7393173889867
 10
156.25697591431862
 20
170.79894760965837
 10
156.3811330075459
 20
170.859156599939
 10
156.50500613277904
 20
170.91994767311195
 10
156.6285902310261
 20
170.98132418165375
 10
156.75188014025997
 20
171.04328951723136
 10
156.874870592779
 20
171.1058471106686
 10
156.99755621249776
 20
171.16900043188082
 10
157.11993151216626
 20
171.23275298977376
 10
157.24199089051572
 20
171.29710833210606
 10
157.36372862932998
 20
171.36207004531087
 10
157.48513889044008
 20
171.42764175427516
 10
157.60621571264105
 20
171.49382712207273
 10
157.726953008529
 20
171.5606298496485
 10
157.8473445612571
 20
171.6280536754502
 10
157.9673840212089
 20
171.6961023750041
 10
158.08706490258731
 20
171.76477976043145
  0
LWPOLYLINE
  5
86
330
17
100
AcDbEntity
  8
01-VISIBLE
100
AcDbPolyline
 90
24
 70
0
 10
141.01043613693219
 20
195.71673663088094
 10
141.07928126393546
 20
195.75762217553296
 10
141.147068309095
 20
195.80023867138755
 10
141.21370235416492
 20
195.84463595777402
 10
141.279078379737
 20
195.89086529133806
 10
141.3430800639081
 20
195.93897886421564
 10
141.40557847693114
 20
195.98902912833108
 10
141.46643068772332
 20
196.04106787143263
 10
141.5254783137096
 20
196.0951449794219
 10
141.58254606809103
 20
196.1513068085693
 10
141.63744039023675
 20
196.20959408223993
 10
141.68994828738937
 20
196.27003922303544
 10
141.7398365703039
 20
196.33266303794045
 10
141.7868517308136
 20
196.3974706985792
 10
141.83072078058123
 20
196.4644470107681
 10
141.87115343567774
 20
196.53355105809618
 10
141.90784606980594
 20
196.60471044227972
 10
141.94048783763222
 20
196.6778155296484
 10
141.9687692482928
 20
196.75271433262674
 10
141.99239320983062
 20
196.8292088652722
 10
142.0110881541064
 20
196.907053939719
 10
142.02462232668594
 20
196.98595932236827
 10
142.0328177986446
 20
197.06559586458013
 10
142.03556240277928
 20
197.14560564750445
  0
LWPOLYLINE
  5
87
330
17
100
AcDbEntity
  8
01-VISIBLE
100
AcDbPolyline
 90
111
 70
0
 10
142.03556240277928
 20
197.14560564750445
 10
142.03280513195114
 20
197.22579977292207
 10
142.02457201278145
 20
197.30561808588817
 10
142.0109762319368
 20
197.38470027040555
 10
141.9921972959705
 20
197.4627151003085
 10
141.96846894100932
 20
197.53937067886943
 10
141.94006495104512
 20
197.6144206070395
 10
141.90728470940198
 20
197.6876661259946
 10
141.87043994467027
 20
197.75895486303915
 10
141.82984359440252
 20
197.82817711641633
 10
141.78580117624136
 20
197.89526066049015
 10
141.73860463970934
 20
197.9601649206582
 10
141.6885284105658
 20
198.0228751526059
 10
141.63582721846623
 20
198.08339703735146
 10
141.58073527868598
 20
198.14175191451585
 10
141.52346643857135
 20
198.19797273695843
 10
141.46421496635594
 20
198.25210073890128
 10
141.4031567325072
 20
198.30418275760007
 10
141.34045060004095
 20
198.35426912436122
 10
141.2762398952654
 20
198.40241203436761
 10
141.21065387326064
 20
198.4486643088289
 10
141.14380912420407
 20
198.49307847223685
 10
141.0758108893507
 20
198.535706078705
 10
141.00675427110588
 20
198.5765972326086
 10
140.93672533200467
 20
198.61580025903424
 10
140.8658020840096
 20
198.65336148848357
 10
140.79405537349973
 20
198.68932512776485
 10
140.72154966949083
 20
198.72373319513542
 10
140.64834376360648
 20
198.75662550268328
 10
140.5744913905423
 20
198.78803967285216
 10
140.50004177752183
 20
198.81801117908776
 10
140.42504013073278
 20
198.8465734029864
 10
140.3495280660874
 20
198.87375770218978
 10
140.27354399095347
 20
198.8995934847074
 10
140.19712344280617
 20
198.92410828645527
 10
140.12029939008733
 20
198.94732784964498
 10
140.04310249994145
 20
198.96927620030436
 10
139.9655613769395
 20
198.9899757237004
 10
139.8877027763981
 20
199.00944723680595
 10
139.80955179545856
 20
199.0277100572314
 10
139.73113204469604
 20
199.0447820682482
 10
139.6524658026886
 20
199.06067977968763
 10
139.5735741556747
 20
199.07541838460713
 10
139.494477124169
 20
199.08901181170023
 10
139.415193778182
 20
199.10147277347932
 10
139.3357423424924
 20
199.1128128103016
 10
139.25614029325712
 20
199.1230423303302
 10
139.17640444709627
 20
199.132170645538
 10
139.09655104367008
 20
199.1402060038659
 10
139.01659582265785
 20
199.14715561764928
 10
138.93655409596033
 20
199.15302568841932
 10
138.856440815872
 20
199.15782142818102
 10
138.77627063990616
 20
199.16154707725713
 10
138.69605799290525
 20
199.16420591877744
 10
138.61581712702673
 20
199.16580028987897
 10
138.53556218016269
 20
199.16633158966815
 10
138.4553072333286
 20
199.16580028398354
 10
138.37506636754003
 20
199.16420590698073
 10
138.29485372068936
 20
199.16154705954722
 10
138.2146835449345
 20
199.15782140454016
 10
138.13457026511867
 20
199.15302565882368
 10
138.05452853875613
 20
199.14715558206876
 10
137.97457331814272
 20
199.1402059622642
 10
137.89471991518087
 20
199.1321705978722
 10
137.81498406955208
 20
199.1230422765509
 10
137.73538202091933
 20
199.11281275035242
 10
137.65593058590605
 20
199.10147270729698
 10
137.57664724067325
 20
199.0890117392142
 10
137.49755021000476
 20
199.0754183057394
 10
137.41865856391692
 20
199.06067969435264
 10
137.33999232293166
 20
199.0447819763528
 10
137.2615725732959
 20
199.02770995867434
 10
137.18342159359756
 20
199.00944713147834
 10
137.1055629944236
 20
198.98997561148516
 10
137.02802187292866
 20
198.9692760810768
 10
136.95082498444506
 20
198.94732772327268
 10
136.87400093356166
 20
198.9241081527985
 10
136.79758038744347
 20
198.89959334361956
 10
136.7215963145556
 20
198.87375755351798
 10
136.64608425239967
 20
198.84657324657252
 10
136.57108260837322
 20
198.81801101476947
 10
136.49663299842206
 20
198.7880395004645
 10
136.42278062877133
 20
198.75662532206047
 10
136.34957472668634
 20
198.72373300611338
 10
136.27706902690906
 20
198.68932493018406
 10
136.20532232111432
 20
198.65336128219266
 10
136.13439907837412
 20
198.6158000438947
 10
136.06437014512906
 20
198.5765970084998
 10
135.99531353340845
 20
198.53570584553103
 10
135.92731530581926
 20
198.4930782299342
 10
135.86047056484358
 20
198.44866405737588
 10
135.79488455181723
 20
198.40241177379525
 10
135.73067385700145
 20
198.35426885476613
 10
135.6679677355612
 20
198.30418247915938
 10
135.6069095138884
 20
198.2521004518892
 10
135.54765805507773
 20
198.19797244176493
 10
135.49038922966602
 20
198.1417516116669
 10
135.43529730594136
 20
198.08339672753044
 10
135.38259613128344
 20
198.02287483667612
 10
135.33251992097414
 20
197.96016459968894
 10
135.2853234046457
 20
197.89526033579136
 10
135.24128100800684
 20
197.82817678959788
 10
135.20068468051275
 20
197.7589545361289
 10
135.16383993974
 20
197.6876658016806
 10
135.13105972318698
 20
197.6144202891448
 10
135.1026557593659
 20
197.53937037320085
 10
135.0789274313384
 20
197.4627148159896
 10
135.06014852226883
 20
197.38470002158812
 10
135.04655276626363
 20
197.30561789318267
 10
135.03831966603923
 20
197.22579966290675
 10
135.03556240277928
 20
197.14560564750445
  0
LWPOLYLINE
  5
88
330
17
100
AcDbEntity
  8
01-VISIBLE
100
AcDbPolyline
 90
88
 70
0
 10
135.03556240277928
 20
197.14560564750445
 10
135.03832302677554
 20
197.06536279334915
 10
135.04656611176912
 20
196.9854964334063
 10
135.06017820047313
 20
196.9063675190209
 10
135.07897936763416
 20
196.82830782676035
 10
135.1027353513432
 20
196.75160969366368
 10
135.131171779916
 20
196.67651983909246
 10
135.1639886625653
 20
196.60323722588825
 10
135.2008736777311
 20
196.5319143279644
 10
135.24151333371532
 20
196.46266086432922
 10
135.2856016121766
 20
196.3955490141882
 10
135.3328461228697
 20
196.33061926103287
 10
135.38297205986535
 20
196.26788622958742
 10
135.4357243705931
 20
196.20734410361737
 10
135.4908685686495
 20
196.14897140225497
 10
135.54819058095342
 20
196.09273503212938
 10
135.60749595243135
 20
196.03859362372953
 10
135.66860865855307
 20
195.9865002124861
 10
135.7313697095272
 20
195.9364043492485
 10
135.79563567478553
 20
195.88825373107778
 10
135.86127721344718
 20
195.84199543913198
 10
135.92817766459734
 20
195.7975768610789
 10
135.99623172849599
 20
195.75494636420945
 10
136.06534425419483
 20
195.71405377413953
 10
136.13542913866917
 20
195.6748507036619
 10
136.20640833598026
 20
195.637290767347
 10
136.27821097103313
 20
195.6013297099862
 10
136.35077255033673
 20
195.56692547083114
 10
136.42403426120237
 20
195.53403820064528
 10
136.49794235060227
 20
195.5026302446691
 10
136.5724475751598
 20
195.47266610151758
 10
136.64750471425884
 20
195.44411236562735
 10
136.72307213890875
 20
195.41693765900635
 10
136.79911142970343
 20
195.39111255659913
 10
136.87558703791058
 20
195.36660950847653
 10
136.9524659843956
 20
195.3434027612103
 10
137.02971759170103
 20
195.3214682801489
 10
137.10731324516567
 20
195.30078367381918
 10
137.18522617946803
 20
195.2813281213107
 10
137.26343128742778
 20
195.26308230321763
 10
137.3419049482885
 20
195.2460283365097
 10
137.42062487305137
 20
195.23014971354652
 10
137.4995699647272
 20
195.21543124534122
 10
137.5787201916349
 20
195.20185900909604
 10
137.6580564721
 20
195.18942029997876
 10
137.73756056910102
 20
195.17810358706964
 10
137.81721499357928
 20
195.16789847338458
 10
137.89700291527157
 20
195.1587956598682
 10
137.976908080049
 20
195.15078691324192
 10
138.05691473284963
 20
195.14386503759596
 10
138.13700754538314
 20
195.13802384961545
 10
138.2171715478592
 20
195.1332581573409
 10
138.29739206405586
 20
195.12956374237183
 10
138.37765464909387
 20
195.12693734543615
 10
138.4579450293256
 20
195.12537665525812
 10
138.53824904377845
 20
195.12488030067476
 10
138.61855258661615
 20
195.12544784596298
 10
138.69884155009666
 20
195.1270797893552
 10
138.7791017675131
 20
195.12977756473674
 10
138.8593189556034
 20
195.1335435465325
 10
138.93947865590644
 20
195.1383810578069
 10
139.01956617452726
 20
195.14429438161454
 10
139.09956651974935
 20
195.15128877565414
 10
139.17946433689963
 20
195.15937049029236
 10
139.25924383982962
 20
195.16854679003723
 10
139.3388887383248
 20
195.17882597855163
 10
139.4183821606896
 20
195.19021742730854
 10
139.49770657068015
 20
195.20273160799715
 10
139.57684367786678
 20
195.2163801287922
 10
139.65577434040102
 20
195.23117577459976
 10
139.73447845903814
 20
195.2471325513871
 10
139.81293486112
 20
195.26426573468768
 10
139.89112117305442
 20
195.28259192235106
 10
139.9690136796299
 20
195.302129091565
 10
140.04658716827797
 20
195.32289666012247
 10
140.1238147561319
 20
195.3449155518217
 10
140.20066769742925
 20
195.3682082657757
 10
140.27711516845804
 20
195.39279894924817
 10
140.35312402685022
 20
195.41871347342368
 10
140.4286585415776
 20
195.4459795112354
 10
140.5036800894962
 20
195.4746266159951
 10
140.57814681372264
 20
195.5046862990729
 10
140.6520132385015
 20
195.536192104215
 10
140.725229834556
 20
195.56917967522665
 10
140.79774252821124
 20
195.6036868126215
 10
140.86949214688212
 20
195.63975351337442
 10
140.94041379287268
 20
195.67742198601817
 10
141.01043613693219
 20
195.71673663088094
  0
LWPOLYLINE
  5
89
330
17
100
AcDbEntity
  8
01-VISIBLE
100
AcDbPolyline
 90
104
 70
0
 10
142.0060578939755
 20
196.8837780670967
 10
141.98572569785273
 20
196.96174122490288
 10
141.96048121719858
 20
197.03825610945373
 10
141.93061074901914
 20
197.11308750989593
 10
141.89642241756007
 20
197.1860485753956
 10
141.85823322455795
 20
197.25699867648785
 10
141.8163584428365
 20
197.3258390535196
 10
141.7711036083118
 20
197.39250723504284
 10
141.7227589833018
 20
197.4569710367565
 10
141.67159614226324
 20
197.51922272052104
 10
141.61786624342366
 20
197.57927367035416
 10
141.56179955306695
 20
197.6371497627293
 10
141.50360584253008
 20
197.69288748137353
 10
141.44347535088625
 20
197.74653074708715
 10
141.38158007999715
 20
197.79812839003566
 10
141.31807525350203
 20
197.84773217409804
 10
141.25310082385917
 20
197.89539528067027
 10
141.18678295172015
 20
197.94117116583675
 10
141.11923541127285
 20
197.985112715379
 10
141.0505608958503
 20
198.0272716338353
 10
140.98085221212827
 20
198.06769801516617
 10
140.91019336039963
 20
198.10644005273636
 10
140.83866050412502
 20
198.14354385501235
 10
140.7663228352842
 20
198.1790533405782
 10
140.69324334377617
 20
198.213010191923
 10
140.6194794997925
 20
198.24545385212798
 10
140.54508385810502
 20
198.2764215522751
 10
140.47010459283374
 20
198.30594836029204
 10
140.39458597066684
 20
198.33406724419882
 10
140.3185687698085
 20
198.36080914446163
 10
140.24209065120655
 20
198.3862030514993
 10
140.16518648790225
 20
198.41027608541594
 10
140.0878886576773
 20
198.4330535758176
 10
140.01022730356019
 20
198.45455914016668
 10
139.9322305661993
 20
198.47481475958182
 10
139.853924791618
 20
198.49384085132886
 10
139.77533471742953
 20
198.5116563375051
 10
139.6964836402071
 20
198.5282787096076
 10
139.6173935663707
 20
198.5437240888147
 10
139.5380853486601
 20
198.5580072819115
 10
139.45857881001302
 20
198.5711418328611
 10
139.37889285644823
 20
198.58314007007232
 10
139.2990455803658
 20
198.59401314944773
 10
139.21905435551542
 20
198.60377109331512
 10
139.13893592474417
 20
198.61242282535562
 10
139.05870648151748
 20
198.61997620164533
 10
138.97838174610564
 20
198.62643803792457
 10
138.89797703724338
 20
198.63181413320214
 10
138.81750733999772
 20
198.63610928979398
 10
138.73698737052166
 20
198.63932732988326
 10
138.65643163832152
 20
198.6414711086765
 10
138.5758545066288
 20
198.64254252421716
 10
138.49527025143806
 20
198.64254252390148
 10
138.41469311975263
 20
198.6414711077292
 10
138.33413738756715
 20
198.63932732830335
 10
138.25361741811324
 20
198.63610928758007
 10
138.17314772089745
 20
198.63181413035204
 10
138.09274301207304
 20
198.6264380344356
 10
138.01241827670742
 20
198.6199761975142
 10
137.93218883353575
 20
198.61242282057842
 10
137.85207040282882
 20
198.60377108788737
 10
137.7720791780528
 20
198.59401314336435
 10
137.69223190205548
 20
198.58314006332762
 10
137.6125459485874
 20
198.57114182544893
 10
137.5330394100497
 20
198.55800727382513
 10
137.45373119246224
 20
198.5437240800469
 10
137.37464111876415
 20
198.52827870015068
 10
137.29579004169668
 20
198.5116563273509
 10
137.21719996768144
 20
198.49384084046886
 10
137.13889419329362
 20
198.47481474800725
 10
137.06089745614852
 20
198.45455912786855
 10
136.9832361022719
 20
198.43305356278677
 10
136.90593827231473
 20
198.41027607164335
 10
136.82903410930834
 20
198.38620303697599
 10
136.7525559910376
 20
198.36080912917907
 10
136.67653879054726
 20
198.33406722814902
 10
136.6010201687888
 20
198.30594834346778
 10
136.52604090397057
 20
198.2764215346703
 10
136.45164526278498
 20
198.24545383373794
 10
136.3778814193568
 20
198.21301017274482
 10
136.30480192846278
 20
198.17905332061127
 10
136.23246426029968
 20
198.14354383425882
 10
136.160931404772
 20
198.10644003120166
 10
136.09027255386502
 20
198.06769799285968
 10
136.02056387104506
 20
198.0272716107711
 10
135.95188935661068
 20
197.98511269157652
 10
135.884341817243
 20
197.94117114132166
 10
135.81802394628002
 20
197.89539525547522
 10
135.75304951791375
 20
197.84773214826347
 10
135.68954469279885
 20
197.7981283636103
 10
135.6276494233949
 20
197.74653072012833
 10
135.56751893334024
 20
197.6928874539471
 10
135.50932522449284
 20
197.63714973490852
 10
135.45325853591882
 20
197.5792736422181
 10
135.39952863894516
 20
197.51922269215248
 10
135.3483657998443
 20
197.45697100824108
 10
135.30002117683526
 20
197.39250720647374
 10
135.25476634437808
 20
197.32583902501943
 10
135.21289156482095
 20
197.25699864826967
 10
135.17470237415642
 20
197.18604854790556
 10
135.14051404534655
 20
197.11308748410522
 10
135.11064358031305
 20
197.03825608738651
 10
135.08539910343902
 20
196.9617412104614
 10
135.06506691158305
 20
196.8837780670967
  0
LWPOLYLINE
  5
8A
330
17
100
AcDbEntity
  8
01-VISIBLE
100
AcDbPolyline
 90
182
 70
0
 10
158.08706490258731
 20
75.4549255571015
 10
158.15661573330112
 20
75.49522410342392
 10
158.22604130221313
 20
75.53573806662627
 10
158.2953402605335
 20
75.57646821703553
 10
158.36451124248214
 20
75.61741532896686
 10
158.4335528650368
 20
75.6585801806727
 10
158.50246372767717
 20
75.69996355428856
 10
158.57124241212605
 20
75.74156623577564
 10
158.63988748208644
 20
75.78338901485998
 10
158.70839748297536
 20
75.8254326849683
 10
158.7767709416538
 20
75.86769804315998
 10
158.84500636615323
 20
75.91018589005537
 10
158.9131022453984
 20
75.95289702976035
 10
158.9810570489263
 20
75.99583226978662
 10
159.04886922660177
 20
76.03899242096797
 10
159.1165372083292
 20
76.08237829737222
 10
159.18405940376044
 20
76.12599071620866
 10
159.2514342019994
 20
76.16983049773093
 10
159.31865997130242
 20
76.21389846513487
 10
159.38573505877557
 20
76.25819544445191
 10
159.45265779006758
 20
76.30272226443678
 10
159.5194264690598
 20
76.3474797564504
 10
159.58603937755177
 20
76.39246875433692
 10
159.65249477494385
 20
76.43769009429539
 10
159.71879089791565
 20
76.48314461474547
 10
159.78492596010128
 20
76.52883315618705
 10
159.85089815176067
 20
76.57475656105372
 10
159.91670563944783
 20
76.62091567355976
 10
159.98234656567504
 20
76.66731133954045
 10
160.04781904857418
 20
76.71394440628555
 10
160.11312118155428
 20
76.76081572236563
 10
160.1782510329558
 20
76.80792613745118
 10
160.24320664570203
 20
76.85527650212396
 10
160.30798603694666
 20
76.90286766768081
 10
160.37258719771887
 20
76.95070048592925
 10
160.437008092565
 20
76.9987758089747
 10
160.5012466591876
 20
77.04709448899946
 10
160.56530080808136
 20
77.09565737803251
 10
160.62916842216666
 20
77.14446532771045
 10
160.6928473564205
 20
77.19351918902899
 10
160.7563354375046
 20
77.24281981208475
 10
160.81963046339197
 20
77.29236804580728
 10
160.88273020299067
 20
77.34216473768059
 10
160.94563239576595
 20
77.39221073345439
 10
161.00833475136056
 20
77.44250687684436
 10
161.0708349492135
 20
77.49305400922123
 10
161.1331306381772
 20
77.54385296928842
 10
161.19521943613395
 20
77.59490459274792
 10
161.25709892961106
 20
77.646209711954
 10
161.3187666733954
 20
77.69776915555435
 10
161.38022019014775
 20
77.74958374811857
 10
161.4414569700168
 20
77.8016543097533
 10
161.50247447025336
 20
77.85398165570403
 10
161.56327011482534
 20
77.90656659594283
 10
161.62384129403313
 20
77.959409934742
 10
161.68418536412653
 20
78.01251247023293
 10
161.74429964692308
 20
78.06587499395022
 10
161.8041814294284
 20
78.11949829036014
 10
161.86382796345882
 20
78.1733831363736
 10
161.92323646526705
 20
78.22753030084286
 10
161.98240411517088
 20
78.28194054404172
 10
162.0413280571859
 20
78.33661461712894
 10
162.10000539866218
 20
78.39155326159427
 10
162.15843320992622
 20
78.44675720868675
 10
162.2166085239279
 20
78.50222717882512
 10
162.27452833589368
 20
78.55796388098967
 10
162.33218960298615
 20
78.61396801209527
 10
162.38958924397113
 20
78.67024025634514
 10
162.44672413889256
 20
78.7267812845651
 10
162.503591128756
 20
78.78359175351781
 10
162.56018701522166
 20
78.84067230519663
 10
162.6165085603075
 20
78.89802356609879
 10
162.67255248610334
 20
78.95564614647745
 10
162.72831547449692
 20
79.01354063957245
 10
162.7837941669124
 20
79.07170762081915
 10
162.83898516406293
 20
79.13014764703529
 10
162.89388502571728
 20
79.18886125558534
 10
162.9484902704825
 20
79.24784896352234
 10
163.00279737560288
 20
79.30711126670658
 10
163.0568027767768
 20
79.36664863890104
 10
163.11050286799224
 20
79.42646153084353
 10
163.16389400138215
 20
79.48655036929482
 10
163.21697248710115
 20
79.54691555606315
 10
163.2697345932244
 20
79.60755746700454
 10
163.32217654567006
 20
79.66847645099874
 10
163.3742945281468
 20
79.72967282890119
 10
163.4260846821275
 20
79.7911468924702
 10
163.4775431068506
 20
79.85289890326996
 10
163.52866585935044
 20
79.914929091549
 10
163.57944895451837
 20
79.97723765509416
 10
163.6298883651957
 20
80.03982475806046
 10
163.67998002230047
 20
80.10269052977654
 10
163.72971981498907
 20
80.1658350635263
 10
163.77910359085507
 20
80.22925841530666
 10
163.82812715616635
 20
80.29296060256196
 10
163.8767862761421
 20
80.35694160289519
 10
163.92507667527224
 20
80.42120135275654
 10
163.97299403768002
 20
80.48573974610981
 10
164.02053400753024
 20
80.55055663307726
 10
164.0676921894845
 20
80.61565181856335
 10
164.11446414920567
 20
80.68102506085829
 10
164.16084541391322
 20
80.7466760702222
 10
164.20683147299098
 20
80.81260450745054
 10
164.2524177786499
 20
80.87880998242228
 10
164.2975997466471
 20
80.94529205263109
 10
164.34237275706312
 20
81.01205022170157
 10
164.3867321551397
 20
81.07908393789133
 10
164.43067325217947
 20
81.14639259258026
 10
164.4741913265097
 20
81.21397551874875
 10
164.51728162451155
 20
81.28183198944619
 10
164.55993936171754
 20
81.34996121625167
 10
164.60215972397765
 20
81.41836234772856
 10
164.6439378686971
 20
81.48703446787503
 10
164.6852689261467
 20
81.55597659457246
 10
164.72614800084773
 20
81.62518767803414
 10
164.76657017303262
 20
81.69466659925625
 10
164.80653050018353
 20
81.76441216847401
 10
164.84602401864942
 20
81.83442312362517
 10
164.88504574534375
 20
81.90469812882387
 10
164.92359067952316
 20
81.97523577284733
 10
164.96165380464936
 20
82.04603456763893
 10
164.99923009033384
 20
82.11709294683011
 10
165.0363144943675
 20
82.18840926428477
 10
165.0729019648352
 20
82.25998179266931
 10
165.10898744231577
 20
82.33180872205193
 10
165.14456586216824
 20
82.40388815853457
 10
165.17963215690418
 20
82.47621812292135
 10
165.2141812586462
 20
82.54879654942731
 10
165.2482081016724
 20
82.6216212844312
 10
165.28170762504647
 20
82.6946900852765
 10
165.3146747753327
 20
82.76800061912472
 10
165.34710450939482
 20
82.84155046186493
 10
165.37899179727808
 20
82.91533709708418
 10
165.41033162517238
 20
82.98935791510259
 10
165.4411189984557
 20
83.06361021207785
 10
165.47134894481496
 20
83.13809118918326
 10
165.50101651744282
 20
83.2127979518637
 10
165.53011679830755
 20
83.28772750917416
 10
165.55864490149298
 20
83.36287677320473
 10
165.58659597660596
 20
83.4382425585969
 10
165.61396521224702
 20
83.51382158215517
 10
165.64074783954143
 20
83.58961046255814
 10
165.66693913572567
 20
83.66560572017349
 10
165.69253442778555
 20
83.74180377698073
 10
165.71752909614082
 20
83.81820095660557
 10
165.74191857837155
 20
83.89479348446987
 10
165.76569837298058
 20
83.97157748806056
 10
165.78886404318652
 20
84.04854899732129
 10
165.81141122074146
 20
84.12570394516949
 10
165.83333560976678
 20
84.20303816814246
 10
165.85463299060078
 20
84.2805474071746
 10
165.87529922365124
 20
84.35822730850887
 10
165.89533025324556
 20
84.43607342474395
 10
165.91472211147172
 20
84.51408121601959
 10
165.93347092200185
 20
84.59224605134122
 10
165.95157290389128
 20
84.6705632100452
 10
165.96902437534465
 20
84.7490278834054
 10
165.98582175744139
 20
84.82763517638163
 10
166.00196157781235
 20
84.90638010950973
 10
166.01744047425888
 20
84.98525762093301
 10
166.03225519830664
 20
85.06426256857426
 10
166.04640261868542
 20
85.14338973244689
 10
166.05987972472647
 20
85.22263381710357
 10
166.07268362966934
 20
85.30198945422012
 10
166.08481157386979
 20
85.38145120531198
 10
166.0962609279004
 20
85.46101356458038
 10
166.1070291955363
 20
85.54067096188426
 10
166.1171140166178
 20
85.62041776583415
 10
166.12651316978213
 20
85.70024828700373
 10
166.13522457505758
 20
85.78015678125378
 10
166.14324629631224
 20
85.86013745316335
 10
166.15057654355067
 20
85.94018445956259
 10
166.1572136750524
 20
86.02029191316083
 10
166.16315619934568
 20
86.1004538862636
 10
166.1684027770115
 20
86.18066441457144
 10
166.17295222231186
 20
86.2609175010538
 10
166.17680350463812
 20
86.34120711988992
 10
166.1799557497751
 20
86.4215272204694
 10
166.18240824097714
 20
86.50187173144417
 10
166.18416041985273
 20
86.58223456482354
 10
166.18521188705552
 20
86.66260962010442
 10
166.18556240277928
 20
86.7429907884273
  0
LWPOLYLINE
  5
8B
330
17
100
AcDbEntity
  8
01-VISIBLE
100
AcDbPolyline
 90
51
 70
0
 10
166.18556240277928
 20
86.74299078842732
 10
166.1852024154472
 20
86.8244507374274
 10
166.18412253779928
 20
86.90590432396436
 10
166.1823230227729
 20
86.98734519004587
 10
166.17980429157214
 20
87.06876698661148
 10
166.1765669331317
 20
87.15016337797451
 10
166.17261170336855
 20
87.23152804623514
 10
166.16793952422356
 20
87.31285469565529
 10
166.16255148249672
 20
87.39413705698605
 10
166.1564488284784
 20
87.47536889173871
 10
166.1496329743817
 20
87.55654399639052
 10
166.14210549258001
 20
87.63765620651664
 10
166.13386811365564
 20
87.71869940084017
 10
166.12492272426445
 20
87.79966750519239
 10
166.11527136482377
 20
87.88055449637555
 10
166.1049162270295
 20
87.96135440592145
 10
166.09385965120987
 20
88.04206132373874
 10
166.08210412352355
 20
88.12266940164307
 10
166.06965227300964
 20
88.20317285676414
 10
166.05650686849796
 20
88.28356597482448
 10
166.04267081538802
 20
88.36384311328491
 10
166.0281471523054
 20
88.44399870435281
 10
166.01293904764424
 20
88.52402725784903
 10
165.997049796005
 20
88.60392336393039
 10
165.98048281453666
 20
88.68368169566489
 10
165.96324163919223
 20
88.7632970114574
 10
165.9453299209071
 20
88.8427641573241
 10
165.92675142170927
 20
88.92207806901442
 10
165.90751001077044
 20
89.00123377397951
 10
165.88760966040746
 20
89.08022639318736
 10
165.86705444204262
 20
89.15905114278418
 10
165.84584852213166
 20
89.23770333560311
 10
165.82399615806847
 20
89.31617838252104
 10
165.80150169407443
 20
89.39447179366493
 10
165.77836955708077
 20
89.47257917946966
 10
165.754604252612
 20
89.55049625158938
 10
165.73021036067783
 20
89.628218823665
 10
165.70519253168106
 20
89.70574281195053
 10
165.67955548234863
 20
89.78306423580163
 10
165.6533039916923
 20
89.86017921802949
 10
165.6264428970056
 20
89.93708398512379
 10
165.59897708990295
 20
90.01377486734879
 10
165.5709115124069
 20
90.09024829871625
 10
165.5422511530885
 20
90.16650081683973
 10
165.51300104326623
 20
90.24252906267448
 10
165.48316625326768
 20
90.31832978014744
 10
165.45275188875888
 20
90.39389981568203
 10
165.42176308714443
 20
90.46923611762233
 10
165.39020501404286
 20
90.54433573556145
 10
165.35808285983975
 20
90.61919581957882
 10
165.325401836322
 20
90.69381361939135
  0
LWPOLYLINE
  5
8C
330
17
100
AcDbEntity
  8
01-VISIBLE
100
AcDbPolyline
 90
51
 70
0
 10
111.74572296923657
 20
90.69381361939136
 10
111.71304194571881
 20
90.61919581957883
 10
111.6809197915157
 20
90.54433573556145
 10
111.64936171841413
 20
90.46923611762234
 10
111.61837291679969
 20
90.39389981568203
 10
111.58795855229087
 20
90.31832978014745
 10
111.55812376229234
 20
90.24252906267449
 10
111.52887365247005
 20
90.16650081683973
 10
111.50021329315166
 20
90.09024829871625
 10
111.47214771565561
 20
90.01377486734879
 10
111.44468190855297
 20
89.93708398512379
 10
111.41782081386626
 20
89.86017921802949
 10
111.39156932320992
 20
89.78306423580165
 10
111.36593227387749
 20
89.70574281195053
 10
111.34091444488072
 20
89.628218823665
 10
111.31652055294654
 20
89.5504962515894
 10
111.29275524847779
 20
89.47257917946966
 10
111.26962311148414
 20
89.39447179366493
 10
111.24712864749009
 20
89.31617838252106
 10
111.22527628342691
 20
89.23770333560313
 10
111.20407036351594
 20
89.15905114278418
 10
111.18351514515109
 20
89.08022639318736
 10
111.16361479478812
 20
89.00123377397952
 10
111.14437338384928
 20
88.92207806901442
 10
111.12579488465144
 20
88.84276415732411
 10
111.10788316636634
 20
88.7632970114574
 10
111.09064199102191
 20
88.68368169566489
 10
111.07407500955357
 20
88.60392336393039
 10
111.05818575791433
 20
88.52402725784903
 10
111.04297765325316
 20
88.44399870435281
 10
111.02845399017052
 20
88.36384311328491
 10
111.01461793706059
 20
88.28356597482448
 10
111.0014725325489
 20
88.20317285676416
 10
110.989020682035
 20
88.12266940164307
 10
110.97726515434869
 20
88.04206132373874
 10
110.96620857852906
 20
87.96135440592145
 10
110.95585344073478
 20
87.88055449637557
 10
110.94620208129412
 20
87.79966750519239
 10
110.93725669190293
 20
87.71869940084018
 10
110.92901931297854
 20
87.63765620651664
 10
110.92149183117687
 20
87.55654399639053
 10
110.91467597708015
 20
87.47536889173871
 10
110.90857332306184
 20
87.39413705698605
 10
110.90318528133501
 20
87.31285469565529
 10
110.89851310219002
 20
87.23152804623514
 10
110.89455787242683
 20
87.15016337797451
 10
110.89132051398641
 20
87.06876698661148
 10
110.88880178278568
 20
86.98734519004587
 10
110.88700226775929
 20
86.90590432396438
 10
110.88592239011136
 20
86.82445073742741
 10
110.88556240277927
 20
86.74299078842732
  0
LWPOLYLINE
  5
8D
330
17
100
AcDbEntity
  8
01-VISIBLE
100
AcDbPolyline
 90
401
 70
0
 10
110.88556240277927
 20
86.74299078842732
 10
110.88659526395254
 20
86.60500992492372
 10
110.8896931533356
 20
86.467059974234
 10
110.8948539910553
 20
86.32917178690973
 10
110.90207431909127
 20
86.19137608936266
 10
110.91134931385017
 20
86.05370342275242
 10
110.92267280361511
 20
85.91618408300954
 10
110.9360372907187
 20
85.77884806235106
 10
110.95143397824864
 20
85.6417249926267
 10
110.96885280105938
 20
85.5048440908124
 10
110.98828246082977
 20
85.36823410694196
 10
111.00971046487851
 20
85.23192327473991
 10
111.03312316842447
 20
85.09593926518734
 10
111.05850581995865
 20
84.96030914322033
 10
111.08584260937943
 20
84.82505932772698
 10
111.11511671853177
 20
84.69021555497451
 10
111.14631037378487
 20
84.55580284556359
 10
111.17940490028111
 20
84.42184547497297
 10
111.21438077749143
 20
84.28836694772492
 10
111.25121769571906
 20
84.15538997516964
 10
111.28989461320347
 20
84.02293645685774
 10
111.33038981348969
 20
83.89102746544165
 10
111.37268096274462
 20
83.7596832350217
 10
111.41674516672026
 20
83.62892315282976
 10
111.46255902708444
 20
83.49876575412326
 10
111.51009869686179
 20
83.36922872014524
 10
111.55933993475088
 20
83.24032887899138
 10
111.61025815810696
 20
83.11208220921324
 10
111.66282849440437
 20
82.9845038459784
 10
111.7170258310165
 20
82.85760808960076
 10
111.77282486317506
 20
82.73140841625134
 10
111.83020013999331
 20
82.60591749065722
 10
111.8891261084605
 20
82.48114718059705
 10
111.94957715533576
 20
82.3571085730034
 10
112.01152764688942
 20
82.23381199148632
 10
112.07495196645897
 20
82.11126701509711
 10
112.1398245498033
 20
81.98948249815822
 10
112.20611991825514
 20
81.8684665909924
 10
112.27381270968563
 20
81.74822676139209
 10
112.34287770730737
 20
81.62876981667962
 10
112.41328986635415
 20
81.51010192621715
 10
112.4850243386845
 20
81.39222864423549
 10
112.55805649536526
 20
81.27515493286039
 10
112.63236194729805
 20
81.15888518522469
 10
112.70791656395726
 20
81.04342324856434
 10
112.78469649031328
 20
80.9287724472056
 10
112.86267816201774
 20
80.81493560536045
 10
112.94183831893024
 20
80.70191506965544
 10
113.02215401706817
 20
80.58971273132836
 10
113.1036026390617
 20
80.47833004803468
 10
113.18616190319614
 20
80.3677680652138
 10
113.26980987112395
 20
80.25802743697207
 10
113.35452495432753
 20
80.14910844644619
 10
113.44028591941183
 20
80.04101102561731
 10
113.52707189230532
 20
79.93373477455096
 10
113.61486236144445
 20
79.82727898004455
 10
113.70363718001505
 20
79.72164263366753
 10
113.79337656732119
 20
79.61682444918485
 10
113.88406110934937
 20
79.51282287935763
 10
113.97567175859287
 20
79.4096361321188
 10
114.06818983319828
 20
79.30726218612443
 10
114.16159701549284
 20
79.20569880568438
 10
114.25587534994872
 20
79.1049435550783
 10
114.3510072406366
 20
79.00499381226528
 10
114.44697544821878
 20
78.90584678199704
 10
114.54376308652809
 20
78.80749950834623
 10
114.64135361877692
 20
78.70994888666299
 10
114.73973085343725
 20
78.6131916749736
 10
114.83887893983007
 20
78.51722450483628
 10
114.93878236345994
 20
78.4220438916697
 10
115.03942594112797
 20
78.32764624457053
 10
115.140794815854
 20
78.23402787563647
 10
115.24287445163634
 20
78.14118500881179
 10
115.34565062807587
 20
78.04911378827231
 10
115.44910943488811
 20
77.95781028636686
 10
115.55323726632618
 20
77.86727051113233
 10
115.65802081553463
 20
77.77749041339912
 10
115.76344706885332
 20
77.6884658935037
 10
115.8695033000879
 20
77.60019280762478
 10
115.97617706476288
 20
77.51266697375915
 10
116.08345619437124
 20
77.42588417735315
 10
116.19132879063334
 20
77.33984017660492
 10
116.2997832197766
 20
77.25453070745273
 10
116.40880810684658
 20
77.16995148826383
 10
116.51839233005835
 20
77.08609822423806
 10
116.62852501519681
 20
77.00296661153973
 10
116.73919553007322
 20
76.92055234117126
 10
116.85039347904407
 20
76.83885110260117
 10
116.96210869759882
 20
76.75785858715868
 10
117.07433124702058
 20
76.67757049120686
 10
117.18705140912476
 20
76.5979825191057
 10
117.30025968107897
 20
76.51909038597576
 10
117.41394677030756
 20
76.44088982027318
 10
117.52810358948334
 20
76.3633765661858
 10
117.64272125160853
 20
76.28654638585996
 10
117.75779106518692
 20
76.21039506146737
 10
117.87330452948828
 20
76.1349183971204
 10
117.9892533299064
 20
76.06011222064447
 10
118.10562933341092
 20
75.98597238521525
 10
118.22242458409374
 20
75.91249477086826
 10
118.33963129881002
 20
75.83967528588823
 10
118.45724186291353
 20
75.76750986808483
 10
118.57524882608607
 20
75.69599448596155
 10
118.69364489826059
 20
75.62512513978362
 10
118.81242294563704
 20
75.55489786255117
 10
118.9315759867905
 20
75.48530872088298
 10
119.05109718887013
 20
75.41635381581618
 10
119.1709798638883
 20
75.34802928352701
 10
119.29121746509853
 20
75.28033129597733
 10
119.41180358346092
 20
75.2132560614913
 10
119.53273194419384
 20
75.14679982526678
 10
119.6539964034104
 20
75.0809588698253
 10
119.77559094483823
 20
75.01572951540427
 10
119.89750967662117
 20
74.95110812029567
 10
120.01974682820114
 20
74.88709108113376
 10
120.14229674727886
 20
74.82367483313597
 10
120.26515389685154
 20
74.76085585029931
 10
120.38831285232628
 20
74.6986306455557
 10
120.51176829870712
 20
74.63699577088863
 10
120.63551502785467
 20
74.57594781741399
 10
120.75954793581607
 20
74.51548341542721
 10
120.88386202022443
 20
74.45559923441942
 10
121.00845237776505
 20
74.39629198306446
 10
121.13331420170827
 20
74.33755840917883
 10
121.25844277950583
 20
74.27939529965684
 10
121.38383349045036
 20
74.22179948038237
 10
121.50948180339593
 20
74.16476781611915
 10
121.63538327453796
 20
74.10829721038124
 10
121.76153354525144
 20
74.05238460528508
 10
121.88792833998578
 20
73.99702698138474
 10
122.01456346421455
 20
73.94222135749149
 10
122.1414348024391
 20
73.88796479047922
 10
122.26853831624445
 20
73.83425437507665
 10
122.39587004240606
 20
73.7810872436477
 10
122.52342609104612
 20
73.72846056596089
 10
122.65120264383809
 20
73.67637154894881
 10
122.77919595225809
 20
73.6248174364588
 10
122.9074023358821
 20
73.57379550899535
 10
123.03581818072738
 20
73.52330308345525
 10
123.16443993763707
 20
73.47333751285652
 10
123.29326412070705
 20
73.42389618606116
 10
123.42228730575331
 20
73.37497652749319
 10
123.5515061288192
 20
73.32657599685207
 10
123.68091728472125
 20
73.27869208882231
 10
123.81051752563256
 20
73.23132233277987
 10
123.94030365970266
 20
73.18446429249562
 10
124.07027254971271
 20
73.13811556583683
 10
124.20042111176538
 20
73.09227378446657
 10
124.33074631400798
 20
73.04693661354196
 10
124.46124517538843
 20
73.0021017514112
 10
124.59191476444256
 20
72.9577669293103
 10
124.72275219811243
 20
72.91392991105931
 10
124.85375464059423
 20
72.87058849275873
 10
124.98491930221547
 20
72.82774050248632
 10
125.11624343834023
 20
72.78538379999449
 10
125.24772434830182
 20
72.74351627640866
 10
125.37935937436211
 20
72.70213585392675
 10
125.51114590069662
 20
72.66124048552017
 10
125.64308135240489
 20
72.62082815463621
 10
125.77516319454513
 20
72.58089687490241
 10
125.90738893119266
 20
72.5414446898328
 10
126.0397561045213
 20
72.50246967253626
 10
126.17226229390737
 20
72.46396992542732
 10
126.3049051150551
 20
72.42594357993912
 10
126.43768221914348
 20
72.38838879623921
 10
126.57059129199341
 20
72.35130376294788
 10
126.70363005325487
 20
72.31468669685927
 10
126.83679625561356
 20
72.27853584266539
 10
126.97008768401624
 20
72.24284947268315
 10
127.10350215491425
 20
72.20762588658435
 10
127.23703751552506
 20
72.17286341112896
 10
127.37069164311077
 20
72.13856039990138
 10
127.50446244427376
 20
72.10471523305013
 10
127.63834785426803
 20
72.07132631703081
 10
127.77234583632702
 20
72.03839208435237
 10
127.90645438100627
 20
72.0059109933268
 10
128.0406715055413
 20
71.97388152782224
 10
128.17499525321992
 20
71.94230219701969
 10
128.30942369276846
 20
71.91117153517298
 10
128.44395491775197
 20
71.88048810137244
 10
128.5785870459875
 20
71.85025047931204
 10
128.7133182189703
 20
71.82045727706013
 10
128.84814660131258
 20
71.79110712683367
 10
128.98307038019468
 20
71.76219868477608
 10
129.11808776482752
 20
71.7337306307387
 10
129.25319698592725
 20
71.70570166806579
 10
129.3883962952003
 20
71.67811052338307
 10
129.52368396483996
 20
71.65095594639
 10
129.6590582870331
 20
71.62423670965546
 10
129.79451757347707
 20
71.59795160841715
 10
129.93006015490673
 20
71.57209946038442
 10
130.06568438063115
 20
71.54667910554483
 10
130.2013886180793
 20
71.52168940597406
 10
130.33717125235535
 20
71.49712924564955
 10
130.4730306858022
 20
71.4729975302675
 10
130.60896533757426
 20
71.4492931870635
 10
130.7449736432179
 20
71.42601516463661
 10
130.88105405426037
 20
71.40316243277685
 10
131.01720503780632
 20
71.38073398229629
 10
131.15342507614216
 20
71.35872882486348
 10
131.28971266634753
 20
71.33714599284133
 10
131.42606631991407
 20
71.3159845391284
 10
131.56248456237117
 20
71.29524353700357
 10
131.6989659329183
 20
71.27492207997415
 10
131.83550898406398
 20
71.25501928162714
 10
131.972112281271
 20
71.23553427548413
 10
132.10877440260782
 20
71.21646621485911
 10
132.24549393840604
 20
71.19781427271997
 10
132.38226949092322
 20
71.17957764155298
 10
132.5190996740118
 20
71.16175553323063
 10
132.6559831127931
 20
71.14434717888265
 10
132.7929184433365
 20
71.12735182877029
 10
132.92990431234395
 20
71.11076875216371
 10
133.06693937683923
 20
71.09459723722257
 10
133.20402230386188
 20
71.0788365908798
 10
133.34115177016577
 20
71.06348613872838
 10
133.47832646192225
 20
71.04854522491128
 10
133.61554507442736
 20
71.03401321201456
 10
133.75280631181315
 20
71.01988948096334
 10
133.89010888676324
 20
71.00617343092102
 10
134.02745152023212
 20
70.99286447919135
 10
134.16483294116793
 20
70.97996206112364
 10
134.3022518862392
 20
70.9674656300208
 10
134.4397070995647
 20
70.95537465705048
 10
134.5771973324469
 20
70.94368863115918
 10
134.71472134310827
 20
70.93240705898907
 10
134.852277896431
 20
70.921529464798
 10
134.98986576369933
 20
70.91105539038224
 10
135.1274837223451
 20
70.90098439500217
 10
135.26513055569538
 20
70.89131605531074
 10
135.40280505272347
 20
70.88204996528496
 10
135.5405060078017
 20
70.87318573616004
 10
135.67823222045686
 20
70.86472299636648
 10
135.8159824951279
 20
70.85666139146991
 10
135.95375564092572
 20
70.84900058411374
 10
136.09155047139492
 20
70.84174025396462
 10
136.2293658042776
 20
70.8348800976606
 10
136.3672004612788
 20
70.82841982876216
 10
136.50505326783386
 20
70.82235917770592
 10
136.64292305287714
 20
70.8166978917611
 10
136.78080864861255
 20
70.81143573498869
 10
136.9187088902851
 20
70.8065724882034
 10
137.0566226159541
 20
70.8021079489383
 10
137.19454866626742
 20
70.79804193141216
 10
137.3324858842368
 20
70.79437426649945
 10
137.47043311501426
 20
70.7911048017031
 10
137.6083892056694
 20
70.78823340112993
 10
137.74635300496755
 20
70.78575994546874
 10
137.88432336314847
 20
70.78368433197105
 10
138.02229913170606
 20
70.78200647443457
 10
138.1602791631681
 20
70.78072630318935
 10
138.29826231087682
 20
70.77984376508651
 10
138.43624742876963
 20
70.77935882348966
 10
138.5742333711603
 20
70.77927145826906
 10
138.7122189925198
 20
70.77958166579835
 10
138.85020314725807
 20
70.78028945895393
 10
138.9881846895048
 20
70.78139486711711
 10
139.12616247289085
 20
70.78289793617878
 10
139.26413535032896
 20
70.78479872854682
 10
139.40210217379447
 20
70.78709732315616
 10
139.5400617941055
 20
70.78979381548147
 10
139.67801306070257
 20
70.79288831755261
 10
139.81595482142782
 20
70.79638095797257
 10
139.9538859223035
 20
70.80027188193833
 10
140.0918052073095
 20
70.80456125126412
 10
140.2297115181602
 20
70.80924924440765
 10
140.36760369408032
 20
70.81433605649877
 10
140.50548057157965
 20
70.81982189937102
 10
140.6433409842267
 20
70.82570700159576
 10
140.78118376242105
 20
70.83199160851909
 10
140.9190077331642
 20
70.83867598230142
 10
141.05681171982928
 20
70.84576040195984
 10
141.19459454192886
 20
70.85324516341316
 10
141.3323550148814
 20
70.86113057952976
 10
141.47009194977556
 20
70.8694169801781
 10
141.60780415313315
 20
70.87810471228018
 10
141.74549042666956
 20
70.88719413986747
 10
141.88314956705256
 20
70.89668564414008
 10
142.0207803656585
 20
70.9065796235282
 10
142.15838160832666
 20
70.91687649375686
 10
142.29595207511065
 20
70.92757668791319
 10
142.43349054002783
 20
70.93868065651661
 10
142.5709957708056
 20
70.95018886759199
 10
142.70846652862537
 20
70.96210180674552
 10
142.84590156786317
 20
70.97441997724361
 10
142.98329963582762
 20
70.98714390009455
 10
143.1206594724947
 20
71.00027411413328
 10
143.2579798102392
 20
71.0138111761089
 10
143.3952593735626
 20
71.02775566077534
 10
143.532496878818
 20
71.04210816098482
 10
143.66969103393063
 20
71.05686928778444
 10
143.80684053811527
 20
71.07203967051566
 10
143.94394408158928
 20
71.087619956917
 10
144.08100034528186
 20
71.10361081322952
 10
144.21800800053882
 20
71.12001292430568
 10
144.35496570882327
 20
71.13682699372103
 10
144.49187212141143
 20
71.1540537438891
 10
144.62872587908439
 20
71.17169391617952
 10
144.76552561181416
 20
71.18974827103916
 10
144.90226993844567
 20
71.20821758811645
 10
145.03895746637284
 20
71.22710266638902
 10
145.1755867912098
 20
71.24640432429435
 10
145.31215649645645
 20
71.26612339986383
 10
145.44866515315826
 20
71.28626075086005
 10
145.58511131956038
 20
71.30681725491725
 10
145.72149354075563
 20
71.32779380968518
 10
145.85781034832607
 20
71.34919133297626
 10
145.99406025997862
 20
71.37101076291604
 10
146.1302417791733
 20
71.39325305809703
 10
146.2663533947455
 20
71.41591919773596
 10
146.40239358052037
 20
71.43901018183435
 10
146.53836079492052
 20
71.46252703134257
 10
146.67425348056588
 20
71.48647078832728
 10
146.81007006386608
 20
71.51084251614242
 10
146.9458089546047
 20
71.53564329960349
 10
147.08146854551532
 20
71.56087424516556
 10
147.2170472118492
 20
71.58653648110455
 10
147.35254331093424
 20
71.61263115770218
 10
147.48795518172494
 20
71.63915944743438
 10
147.6232811443431
 20
71.66612254516329
 10
147.758519499609
 20
71.69352166833276
 10
147.893668528563
 20
71.72135805716749
 10
148.02872649197656
 20
71.74963297487562
 10
148.1636916298535
 20
71.77834770785505
 10
148.29856216092003
 20
71.8075035659032
 10
148.43333628210405
 20
71.8371018824305
 10
148.56801216800298
 20
71.86714401467734
 10
148.70258797033998
 20
71.8976313439346
 10
148.83706181740823
 20
71.92856527576794
 10
148.97143181350253
 20
71.95994724024538
 10
149.10569603833852
 20
71.99177869216871
 10
149.2398525464585
 20
72.02406111130821
 10
149.37389936662396
 20
72.05679600264115
 10
149.50783450119403
 20
72.0899848965935
 10
149.6416559254897
 20
72.12362934928538
 10
149.77536158714332
 20
72.15773094277985
 10
149.90894940543288
 20
72.19229128533503
 10
150.04241727060077
 20
72.22731201165985
 10
150.1757630431563
 20
72.26279478317281
 10
150.30898455316188
 20
72.29874128826428
 10
150.44207959950182
 20
72.33515324256186
 10
150.57504594913425
 20
72.37203238919905
 10
150.70788133632422
 20
72.40938049908682
 10
150.84058346185878
 20
72.44719937118835
 10
150.97314999224253
 20
72.4854908327966
 10
151.10557855887407
 20
72.52425673981483
 10
151.2378667572013
 20
72.56349897703963
 10
151.3700121458568
 20
72.6032194584468
 10
151.5020122457711
 20
72.64342012747954
 10
151.63386453926412
 20
72.68410295733916
 10
151.76556646911382
 20
72.72526995127774
 10
151.89711543760117
 20
72.76692314289313
 10
152.02850880553163
 20
72.80906459642563
 10
152.15974389123124
 20
72.85169640705638
 10
152.29081796951732
 20
72.89482070120734
 10
152.42172827064303
 20
72.93843963684238
 10
152.55247197921477
 20
72.98255540376947
 10
152.68304623308177
 20
73.02717022394377
 10
152.81344812219697
 20
73.07228635177096
 10
152.94367468744844
 20
73.11790607441097
 10
153.07372291946044
 20
73.16403171208162
 10
153.20358975736323
 20
73.21066561836167
 10
153.33327208753084
 20
73.25781018049317
 10
153.46276674228557
 20
73.3054678196826
 10
153.59207049856857
 20
73.35364099140043
 10
153.72118007657545
 20
73.40233218567847
 10
153.85009213835573
 20
73.45154392740494
 10
153.97880328637535
 20
73.50127877661622
 10
154.107310062041
 20
73.55153932878525
 10
154.23560894418506
 20
73.60232821510563
 10
154.36369634751063
 20
73.65364810277087
 10
154.49156862099457
 20
73.70550169524843
 10
154.61922204624827
 20
73.75789173254732
 10
154.7466528358343
 20
73.81082099147895
 10
154.87385713153822
 20
73.86429228591022
 10
155.00083100259363
 20
73.9183084670081
 10
155.1275704438601
 20
73.97287242347458
 10
155.25407137395172
 20
74.02798708177133
 10
155.38032963331563
 20
74.08365540633281
 10
155.5063409822585
 20
74.13988039976678
 10
155.63210109892054
 20
74.19666510304111
 10
155.7576055771944
 20
74.25401259565561
 10
155.8828499245884
 20
74.31192599579745
 10
156.0078295600325
 20
74.37040846047908
 10
156.13253981162487
 20
74.42946318565674
 10
156.25697591431862
 20
74.48909340632842
 10
156.3811330075459
 20
74.54930239660906
 10
156.50500613277904
 20
74.610093469782
 10
156.6285902310261
 20
74.6714699783238
 10
156.75188014025997
 20
74.7334353139014
 10
156.874870592779
 20
74.79599290733867
 10
156.99755621249776
 20
74.85914622855086
 10
157.11993151216626
 20
74.92289878644382
 10
157.24199089051572
 20
74.9872541287761
 10
157.36372862932998
 20
75.05221584198094
 10
157.48513889044008
 20
75.11778755094521
 10
157.60621571264105
 20
75.1839729187428
 10
157.726953008529
 20
75.25077564631856
 10
157.8473445612571
 20
75.31819947212021
 10
157.9673840212089
 20
75.38624817167415
 10
158.08706490258731
 20
75.4549255571015
  0
LWPOLYLINE
  5
8E
330
17
100
AcDbEntity
  8
01-VISIBLE
100
AcDbPolyline
 90
178
 70
0
 10
157.63451656262794
 20
75.71620446299838
 10
157.70399151716782
 20
75.75646229081319
 10
157.77333848526595
 20
75.79694018558271
 10
157.8425560573927
 20
75.83763895212363
 10
157.91164280585753
 20
75.87855939951042
 10
157.9805972845332
 20
75.9197023410195
 10
158.04941802857653
 20
75.96106859406974
 10
158.1181035541448
 20
76.00265898015937
 10
158.1866523581083
 20
76.04447432479917
 10
158.25506291775892
 20
76.08651545744166
 10
158.32333369051454
 20
76.12878321140616
 10
158.39146311361952
 20
76.1712784237998
 10
158.45944960384082
 20
76.21400193543396
 10
158.5272915571606
 20
76.25695459073627
 10
158.59498734846386
 20
76.30013723765796
 10
158.6625353312228
 20
76.34355072757627
 10
158.7299338371766
 20
76.38719591519171
 10
158.79718117600692
 20
76.43107365842042
 10
158.8642756350099
 20
76.47518481828075
 10
158.93121547876328
 20
76.51953025877454
 10
158.99799894878998
 20
76.56411084676239
 10
159.06462426321735
 20
76.60892745183315
 10
159.1310896164323
 20
76.65398094616695
 10
159.19739317873234
 20
76.69927220439217
 10
159.2635330959729
 20
76.7448021034353
 10
159.32950748921027
 20
76.79057152236453
 10
159.39531445434068
 20
76.83658134222566
 10
159.46095206173567
 20
76.88283244587112
 10
159.52641835587332
 20
76.92932571778123
 10
159.59171135496584
 20
76.97606204387762
 10
159.65682905058344
 20
77.02304231132868
 10
159.72176940727437
 20
77.07026740834655
 10
159.7865303621816
 20
77.11773822397555
 10
159.85110982465577
 20
77.16545564787167
 10
159.915505675865
 20
77.213420570073
 10
159.97971576840123
 20
77.26163388076048
 10
160.04373792588348
 20
77.31009647000907
 10
160.107569942558
 20
77.35880922752868
 10
160.1712095828957
 20
77.40777304239481
 10
160.23465458118662
 20
77.45698880276845
 10
160.297902641132
 20
77.50645739560483
 10
160.36095143543383
 20
77.55617970635096
 10
160.42379860538227
 20
77.60615661863123
 10
160.4864417604411
 20
77.65638901392113
 10
160.54887847783124
 20
77.7068777712084
 10
160.61110630211286
 20
77.75762376664136
 10
160.67312274476623
 20
77.8086278731642
 10
160.73492528377133
 20
77.85989096013853
 10
160.79651136318694
 20
77.91141389295116
 10
160.85787839272922
 20
77.96319753260735
 10
160.9190237473502
 20
78.01524273530961
 10
160.97994476681635
 20
78.06755035202097
 10
161.04063875528797
 20
78.1201212280131
 10
161.10110298089953
 20
78.17295620239814
 10
161.16133467534115
 20
78.22605610764437
 10
161.2213310334423
 20
78.27942176907493
 10
161.28108921275748
 20
78.33305400434934
 10
161.34060633315468
 20
78.38695362292738
 10
161.39987947640736
 20
78.44112142551475
 10
161.4589056857901
 20
78.49555820349032
 10
161.5176819656785
 20
78.55026473831423
 10
161.57620528115416
 20
78.60524180091663
 10
161.6344725576154
 20
78.66049015106661
 10
161.69248068039406
 20
78.71601053672056
 10
161.75022649437926
 20
78.77180369335007
 10
161.80770680364895
 20
78.82787034324835
 10
161.86491837110972
 20
78.88421119481515
 10
161.92185791814597
 20
78.94082694181955
 10
161.97852212427915
 20
78.99771826264026
 10
162.03490762683768
 20
79.05488581948289
 10
162.09101102063914
 20
79.11233025757407
 10
162.14682885768474
 20
79.17005220433163
 10
162.202357646868
 20
79.2280522685107
 10
162.2575938536978
 20
79.28633103932535
 10
162.31253390003772
 20
79.34488908554525
 10
162.36717416386207
 20
79.40372695456722
 10
162.4215109790301
 20
79.462845171461
 10
162.4755406350797
 20
79.52224423798944
 10
162.5292593770416
 20
79.58192463160228
 10
162.58266340527538
 20
79.64188680440363
 10
162.6357488753289
 20
79.70213118209283
 10
162.68851189782214
 20
79.76265816287837
 10
162.74094853835743
 20
79.8234681163648
 10
162.7930548174568
 20
79.88456138241258
 10
162.84482671052874
 20
79.94593826997054
 10
162.89626014786546
 20
80.00759905588119
 10
162.9473510146726
 20
80.06954398365855
 10
162.99809515113253
 20
80.13177326223884
 10
163.04848835250382
 20
80.19428706470404
 10
163.09852636925777
 20
80.25708552697823
 10
163.14820490725435
 20
80.3201687464973
 10
163.19751962795922
 20
80.38353678085207
 10
163.24646614870363
 20
80.44718964640519
 10
163.29504004298946
 20
80.51112731688228
 10
163.34323684084086
 20
80.57534972193774
 10
163.39105202920504
 20
80.6398567456959
 10
163.43848105240374
 20
80.70464822526796
 10
163.48551931263796
 20
80.76972394924582
 10
163.53216217054737
 20
80.8350836561732
 10
163.5784049458273
 20
80.90072703299526
 10
163.62424291790478
 20
80.96665371348779
 10
163.66967132667602
 20
81.03286327666676
 10
163.71468537330762
 20
81.09935524518005
 10
163.75928022110338
 20
81.16612908368215
 10
163.80345099643898
 20
81.23318419719376
 10
163.84719278976672
 20
81.30051992944746
 10
163.89050065669238
 20
81.36813556122182
 10
163.93336961912618
 20
81.436030308665
 10
163.9757946665102
 20
81.50420332161072
 10
164.01777075712383
 20
81.57265368188796
 10
164.05929281946953
 20
81.64138040162716
 10
164.10035575374093
 20
81.71038242156533
 10
164.14095443337462
 20
81.77965860935228
 10
164.18108370668782
 20
81.84920775786111
 10
164.22073839860346
 20
81.91902858350565
 10
164.25991331246402
 20
81.98911972456783
 10
164.2986032319361
 20
82.05947973953826
 10
164.33680292300636
 20
82.13010710547324
 10
164.3745071360705
 20
82.20100021637187
 10
164.4117106081162
 20
82.27215738157655
 10
164.4484080650008
 20
82.34357682420104
 10
164.4845942238244
 20
82.41525667958973
 10
164.52026379539888
 20
82.48719499381211
 10
164.55541148681337
 20
82.559389722197
 10
164.5900320040957
 20
82.63183872791035
 10
164.62412005497018
 20
82.70453978058154
 10
164.65767035171098
 20
82.77749055498222
 10
164.6906776140906
 20
82.85068862976283
 10
164.7231365724222
 20
82.92413148625117
 10
164.75504197069506
 20
82.99781650731803
 10
164.78638856980092
 20
83.07174097631466
 10
164.8171711508499
 20
83.14590207608705
 10
164.84738451857362
 20
83.22029688807223
 10
164.87702350481268
 20
83.29492239148094
 10
164.90608297208655
 20
83.36977546257265
 10
164.93455781724126
 20
83.44485287402696
 10
164.96244297517262
 20
83.5201512944169
 10
164.9897334226202
 20
83.59566728778906
 10
165.016424182028
 20
83.6713973133548
 10
165.04251032546733
 20
83.74733772529827
 10
165.06798697861623
 20
83.82348477270463
 10
165.09284932479068
 20
83.89983459961402
 10
165.11709260902126
 20
83.97638324520494
 10
165.14071214216935
 20
84.05312664411122
 10
165.16370330507615
 20
84.1300606268766
 10
165.18606155273773
 20
84.20718092055053
 10
165.20778241849882
 20
84.28448314942833
 10
165.22886151825784
 20
84.36196283593902
 10
165.24929455467498
 20
84.4396154016833
 10
165.26907732137573
 20
84.51743616862423
 10
165.28820570714095
 20
84.59542036043257
 10
165.30667570007478
 20
84.67356310398824
 10
165.3244833917418
 20
84.75185943103921
 10
165.3416249812643
 20
84.83030428001867
 10
165.35809677936976
 20
84.9088924980203
 10
165.37389521238026
 20
84.98761884293204
 10
165.38901682613323
 20
85.06647798572718
 10
165.40345828982473
 20
85.14546451291184
 10
165.41721639976527
 20
85.22457292912691
 10
165.430288083039
 20
85.30379765990243
 10
165.44267040105615
 20
85.38313305456145
 10
165.45436055299035
 20
85.46257338927018
 10
165.46535587909025
 20
85.54211287023031
 10
165.47565386385764
 20
85.62174563700968
 10
165.48525213908252
 20
85.70146576600561
 10
165.49414848672666
 20
85.78126727403621
 10
165.50234084164762
 20
85.86114412205323
 10
165.50982729415517
 20
85.94109021897036
 10
165.51660609239264
 20
86.02109942559983
 10
165.52267564453632
 20
86.10116555869007
 10
165.52803452080605
 20
86.18128239505698
 10
165.5326814552812
 20
86.26144367579997
 10
165.53661534751637
 20
86.34164311059507
 10
165.53983526395214
 20
86.42187438205573
 10
165.54234043911583
 20
86.50213115015225
 10
165.5441302766095
 20
86.58240705668064
 10
165.54520434988154
 20
86.66269572977126
 10
165.5455624027793
 20
86.7429907884273
  0
LWPOLYLINE
  5
8F
330
17
100
AcDbEntity
  8
01-VISIBLE
100
AcDbPolyline
 90
42
 70
0
 10
165.5455624027793
 20
86.74299078842732
 10
165.54520663606962
 20
86.82302909401828
 10
165.54413942027458
 20
86.90306107509836
 10
165.5423610082871
 20
86.98308041165274
 10
165.53987182123308
 20
87.06308079264888
 10
165.5366724479291
 20
87.1430559205031
 10
165.5327636441256
 20
87.22299951551801
 10
165.52814633153753
 20
87.30290532028094
 10
165.52282159666635
 20
87.38276710401422
 10
165.51679068941598
 20
87.46257866686798
 10
165.51005502150744
 20
87.54233384414665
 10
165.50261616469714
 20
87.62202651046043
 10
165.4944758488039
 20
87.70165058379335
 10
165.48563595955048
 20
87.78120002948016
 10
165.47609853622674
 20
87.86066886408418
 10
165.46586576918045
 20
87.94005115916916
 10
165.45493999714355
 20
88.01934104495818
 10
165.4433237044014
 20
88.09853271387358
 10
165.43101951781313
 20
88.17762042395172
 10
165.41803020369147
 20
88.25659850212769
 10
165.40435866455033
 20
88.33546134738464
 10
165.3900079357297
 20
88.41420343376399
 10
165.37498118190598
 20
88.4928193132321
 10
165.3592816934978
 20
88.57130361840068
 10
165.34291288297595
 20
88.6496510650978
 10
165.32587828108714
 20
88.72785645478749
 10
165.3081815330007
 20
88.80591467683607
 10
165.28982639438783
 20
88.88382071062405
 10
165.2708167274424
 20
88.96156962750297
 10
165.25115649685267
 20
89.0391565925967
 10
165.23084976573313
 20
89.11657686644772
 10
165.2099006915248
 20
89.19382580650881
 10
165.18831352187374
 20
89.27089886848148
 10
165.166092590495
 20
89.34779160750234
 10
165.1432423130316
 20
89.42449967917986
 10
165.11976718291555
 20
89.50101884048311
 10
165.09567176723908
 20
89.57734495048575
 10
165.0709607026437
 20
89.65347397096781
 10
165.04563869123353
 20
89.72940196687856
 10
165.0197104965207
 20
89.8051251066642
 10
164.9931809394082
 20
89.88063966246389
 10
164.9660548942171
 20
89.95594201017808
  0
LWPOLYLINE
  5
90
330
17
100
AcDbEntity
  8
01-VISIBLE
100
AcDbPolyline
 90
42
 70
0
 10
112.10506991134146
 20
89.95594201017808
 10
112.07794386615035
 20
89.8806396624639
 10
112.05141430903785
 20
89.80512510666422
 10
112.02548611432502
 20
89.72940196687857
 10
112.00016410291487
 20
89.65347397096782
 10
111.97545303831947
 20
89.57734495048577
 10
111.951357622643
 20
89.50101884048311
 10
111.92788249252695
 20
89.42449967917987
 10
111.90503221506356
 20
89.34779160750236
 10
111.88281128368482
 20
89.27089886848148
 10
111.86122411403373
 20
89.19382580650883
 10
111.84027503982543
 20
89.11657686644773
 10
111.81996830870588
 20
89.0391565925967
 10
111.80030807811617
 20
88.96156962750297
 10
111.78129841117074
 20
88.88382071062405
 10
111.76294327255786
 20
88.80591467683607
 10
111.74524652447143
 20
88.7278564547875
 10
111.7282119225826
 20
88.6496510650978
 10
111.71184311206076
 20
88.57130361840068
 10
111.69614362365257
 20
88.4928193132321
 10
111.68111686982886
 20
88.41420343376399
 10
111.66676614100822
 20
88.33546134738465
 10
111.6530946018671
 20
88.25659850212769
 10
111.64010528774541
 20
88.17762042395174
 10
111.62780110115716
 20
88.09853271387358
 10
111.61618480841501
 20
88.01934104495818
 10
111.6052590363781
 20
87.94005115916916
 10
111.59502626933183
 20
87.86066886408419
 10
111.58548884600809
 20
87.78120002948016
 10
111.57664895675467
 20
87.70165058379335
 10
111.5685086408614
 20
87.62202651046043
 10
111.56106978405111
 20
87.54233384414667
 10
111.55433411614258
 20
87.46257866686798
 10
111.54830320889221
 20
87.38276710401422
 10
111.54297847402104
 20
87.30290532028094
 10
111.53836116143297
 20
87.22299951551801
 10
111.53445235762943
 20
87.1430559205031
 10
111.53125298432548
 20
87.06308079264888
 10
111.52876379727147
 20
86.98308041165275
 10
111.52698538528398
 20
86.90306107509835
 10
111.52591816948893
 20
86.82302909401828
 10
111.52556240277927
 20
86.74299078842732
  0
LWPOLYLINE
  5
91
330
17
100
AcDbEntity
  8
01-VISIBLE
100
AcDbPolyline
 90
401
 70
0
 10
111.52556240277927
 20
86.74299078842732
 10
111.52657135685848
 20
86.60820369536286
 10
111.52959754102615
 20
86.47344679958965
 10
111.53463892355089
 20
86.33875023757776
 10
111.5416921264533
 20
86.20414402453089
 10
111.5507524377892
 20
86.06965799468847
 10
111.56181382869522
 20
85.93532174273712
 10
111.57486897504849
 20
85.80116456667977
 10
111.58990928355423
 20
85.66721541249335
 10
111.60692492203951
 20
85.53350282088377
 10
111.62590485369948
 20
85.400054876423
 10
111.64683687501436
 20
85.26689915932437
 10
111.6697076570316
 20
85.13406270008332
 10
111.69450278968759
 20
85.0015719371781
 10
111.72120682882883
 20
84.86945267799274
 10
111.74980334558124
 20
84.7377300630906
 10
111.78027497771095
 20
84.60642853393367
 10
111.81260348261742
 20
84.47557180410898
 10
111.84676979160298
 20
84.345182834092
 10
111.88275406506874
 20
84.21528380954523
 10
111.92053574829671
 20
84.08589612312191
 10
111.96009362749132
 20
83.95704035971691
 10
112.00140588576893
 20
83.82873628508244
 10
112.04445015880265
 20
83.70100283770434
 10
112.08920358984916
 20
83.57385812381419
 10
112.13564288390653
 20
83.44731941539662
 10
112.18374436077397
 20
83.32140315103618
 10
112.23348400680824
 20
83.19612493943737
 10
112.28483752519496
 20
83.07149956544195
 10
112.33778038457629
 20
82.94754099836203
 10
112.39228786590007
 20
82.82426240244276
 10
112.44833510737786
 20
82.70167614926744
 10
112.50589714746101
 20
82.57979383191753
 10
112.56494896576483
 20
82.45862628070218
 10
112.62546552189012
 20
82.33818358027628
 10
112.68742179210977
 20
82.21847508796985
 10
112.75079280390473
 20
82.09950945315903
 10
112.81555366834901
 20
81.9812946375153
 10
112.8816796103576
 20
81.86383793597807
 10
112.9491459968228
 20
81.74714599830416
 10
113.01792836267646
 20
81.63122485105673
 10
113.08800243492394
 20
81.51607991990575
 10
113.15934415470505
 20
81.40171605212124
 10
113.231929697443
 20
81.28813753915054
 10
113.3057354911488
 20
81.1753481391796
 10
113.38073823295264
 20
81.0633510995883
 10
113.45691490393772
 20
80.95214917921805
 10
113.53424278235386
 20
80.84174467037927
 10
113.6126994552908
 20
80.73213942053425
 10
113.69226282889097
 20
80.62333485359892
 10
113.77291113718287
 20
80.5153319908144
 10
113.85462294961437
 20
80.40813147114679
 10
113.93737717736585
 20
80.30173357117921
 10
114.02115307852051
 20
80.19613822446715
 10
114.105930262168
 20
80.09134504033327
 10
114.19168869151514
 20
79.98735332208307
 10
114.27840868607542
 20
79.8841620846276
 10
114.3660709230063
 20
79.78177007150366
 10
114.45465643766022
 20
79.68017577128545
 10
114.5441466234131
 20
79.57937743338599
 10
114.63452323083054
 20
79.47937308324826
 10
114.72576836622932
 20
79.3801605369305
 10
114.81786448968873
 20
79.2817374150907
 10
114.91079441256323
 20
79.18410115637897
 10
115.00454129454496
 20
79.08724903024714
 10
115.09908864032197
 20
78.99117814918716
 10
115.19442029587498
 20
78.89588548041087
 10
115.29052044445277
 20
78.80136785698483
 10
115.38737360226361
 20
78.70762198843477
 10
115.48496461391797
 20
78.61464447083516
 10
115.58327864765444
 20
78.5224317963994
 10
115.68230119037958
 20
78.43098036258714
 10
115.78201804254888
 20
78.34028648074502
 10
115.8824153129153
 20
78.2503463842976
 10
115.98347941316842
 20
78.16115623650497
 10
116.0851970524864
 20
78.0727121378039
 10
116.18755523202059
 20
77.98501013274878
 10
116.29054123933118
 20
77.89804621656883
 10
116.39414264279034
 20
77.81181634135763
 10
116.49834728596832
 20
77.7263164219106
 10
116.60314328201613
 20
77.64154234122611
 10
116.70851900805734
 20
77.55748995568507
 10
116.81446309960018
 20
77.47415509992375
 10
116.92096444498029
 20
77.39153359141409
 10
117.02801217984285
 20
77.3096212347654
 10
117.13559568167251
 20
77.22841382576063
 10
117.24370456437816
 20
77.1479071551403
 10
117.35232867293885
 20
77.06809701214651
 10
117.46145807811656
 20
76.98897918783904
 10
117.57108307124068
 20
76.91054947819497
 10
117.6811941590683
 20
76.83280368700319
 10
117.79178205872411
 20
76.75573762856415
 10
117.90283769272283
 20
76.67934713020514
 10
118.01435218407681
 20
76.60362803462104
 10
118.12631685149097
 20
76.52857620204958
 10
118.23872320464656
 20
76.4541875122903
 10
118.35156293957532
 20
76.3804578665756
 10
118.4648279341248
 20
76.30738318930202
 10
118.57851024351565
 20
76.23495942962955
 10
118.69260209599098
 20
76.16318256295644
 10
118.80709588855832
 20
76.09204859227611
 10
118.92198418282362
 20
76.02155354942369
 10
119.0372597009173
 20
75.95169349621753
 10
119.15291532151164
 20
75.88246452550267
 10
119.26894407592894
 20
75.81386276210128
 10
119.38533914433961
 20
75.74588436367605
 10
119.50209385204923
 20
75.67852552151133
 10
119.61920166587348
 20
75.6117824612173
 10
119.7366561906
 20
75.54565144336134
 10
119.85445116553555
 20
75.48012876403158
 10
119.9725804611376
 20
75.41521075533632
 10
120.09103807572852
 20
75.35089378584357
 10
120.20981813229147
 20
75.2871742609643
 10
120.32891487534599
 20
75.22404862328317
 10
120.44832266790205
 20
75.16151335283965
 10
120.56803598849116
 20
75.09956496736332
 10
120.68804942827265
 20
75.03820002246574
 10
120.80835768821379
 20
74.97741511179214
 10
120.92895557634206
 20
74.91720686713546
 10
121.04983800506811
 20
74.8575719585152
 10
121.17099998857763
 20
74.7985070942236
 10
121.29243664029079
 20
74.74000902084131
 10
121.41414317038746
 20
74.68207452322474
 10
121.5361148833967
 20
74.62470042446702
 10
121.65834717584923
 20
74.56788358583452
 10
121.78083553399073
 20
74.51162090668069
 10
121.90357553155525
 20
74.45590932433895
 10
122.0265628275967
 20
74.40074581399605
 10
122.14979316437686
 20
74.34612738854769
 10
122.27326236530902
 20
74.29205109843744
 10
122.39696633295529
 20
74.2385140314806
 10
122.52090104707626
 20
74.18551331267403
 10
122.64506256273205
 20
74.13304610399327
 10
122.76944700843278
 20
74.08110960417787
 10
122.8940505843376
 20
74.02970104850621
 10
123.01886956050075
 20
73.9788177085606
 10
123.14390027516347
 20
73.92845689198357
 10
123.26913913309059
 20
73.8786159422263
 10
123.39458260395027
 20
73.82929223829005
 10
123.5202272207362
 20
73.78048319446104
 10
123.6460695782306
 20
73.73218626003997
 10
123.77210633150726
 20
73.68439891906634
 10
123.89833419447325
 20
73.63711869003862
 10
124.02474993844845
 20
73.59034312563053
 10
124.15135039078172
 20
73.54406981240425
 10
124.27813243350263
 20
73.4982963705208
 10
124.40509300200794
 20
73.45302045344832
 10
124.53222908378162
 20
73.40823974766856
 10
124.65953771714771
 20
73.36395197238197
 10
124.787015990055
 20
73.32015487921193
 10
124.91466103889233
 20
73.2768462519083
 10
125.04247004733438
 20
73.23402390605082
 10
125.17044024521623
 20
73.1916856887525
 10
125.29856890743648
 20
73.14982947836344
 10
125.42685335288782
 20
73.10845318417522
 10
125.55529094341452
 20
73.06755474612625
 10
125.68387908279563
 20
73.0271321345083
 10
125.81261521575387
 20
72.98718334967425
 10
125.9414968269886
 20
72.94770642174747
 10
126.07052144023301
 20
72.908699410333
 10
126.19968661733427
 20
72.87016040423065
 10
126.32898995735621
 20
72.83208752115002
 10
126.45842909570405
 20
72.79447890742803
 10
126.58800170327007
 20
72.7573327377486
 10
126.71770548560015
 20
72.7206472148649
 10
126.84753818208031
 20
72.68442056932426
 10
126.97749756514258
 20
72.64865105919574
 10
127.1075814394901
 20
72.61333696980057
 10
127.23778764134022
 20
72.5784766134454
 10
127.36811403768581
 20
72.54406832915866
 10
127.49855852557361
 20
72.5101104824299
 10
127.62911903139968
 20
72.47660146495224
 10
127.75979351022109
 20
72.44353969436808
 10
127.89057994508349
 20
72.41092361401793
 10
128.02147634636424
 20
72.37875169269262
 10
128.1524807511305
 20
72.34702242438878
 10
128.28359122251172
 20
72.31573432806772
 10
128.41480584908675
 20
72.28488594741755
 10
128.54612274428408
 20
72.254475850619
 10
128.677540045796
 20
72.22450263011439
 10
128.80905591500547
 20
72.19496490238016
 10
128.94066853642553
 20
72.16586130770298
 10
129.07237611715124
 20
72.13719050995915
 10
129.2041768863232
 20
72.10895119639767
 10
129.33606909460292
 20
72.08114207742662
 10
129.46805101365908
 20
72.05376188640327
 10
129.60012093566505
 20
72.02680937942749
 10
129.73227717280673
 20
72.00028333513879
 10
129.86451805680082
 20
71.97418255451673
 10
129.99684193842293
 20
71.94850586068502
 10
130.12924718704556
 20
71.92325209871886
 10
130.2617321901854
 20
71.89842013545604
 10
130.39429535305973
 20
71.87400885931113
 10
130.52693509815177
 20
71.85001718009359
 10
130.65964986478465
 20
71.82644402882889
 10
130.7924381087038
 20
71.80328835758331
 10
130.92529830166708
 20
71.78054913929216
 10
131.05822893104346
 20
71.75822536759118
 10
131.1912284994187
 20
71.73631605665157
 10
131.324295524209
 20
71.7148202410183
 10
131.4574285372812
 20
71.69373697545163
 10
131.59062608458075
 20
71.6730653347722
 10
131.7238867257658
 20
71.65280441370922
 10
131.85720903384816
 20
71.63295332675209
 10
131.99059159484077
 20
71.61351120800516
 10
132.1240330074108
 20
71.59447721104591
 10
132.25753188253947
 20
71.57585050878617
 10
132.3910868431872
 20
71.5576302933367
 10
132.5246965239644
 20
71.53981577587484
 10
132.6583595708079
 20
71.52240618651547
 10
132.79207464066258
 20
71.50540077418495
 10
132.92584040116807
 20
71.48879880649834
 10
133.05965553035045
 20
71.4725995696396
 10
133.19351871631852
 20
71.45680236824504
 10
133.3274286569652
 20
71.44140652528958
 10
133.46138405967292
 20
71.42641138197638
 10
133.5953836410235
 20
71.41181629762919
 10
133.72942612651218
 20
71.39762064958794
 10
133.86351025026588
 20
71.38382383310717
 10
133.99763475476504
 20
71.37042526125751
 10
134.13179839056957
 20
71.3574243648301
 10
134.2659999160479
 20
71.34482059224386
 10
134.40023809711028
 20
71.33261340945587
 10
134.53451170694473
 20
71.3208022998744
 10
134.66881952575662
 20
71.30938676427496
 10
134.80316034051117
 20
71.29836632071928
 10
134.93753294467922
 20
71.28774050447694
 10
135.07193613798546
 20
71.27750886795002
 10
135.20636872615984
 20
71.26767098060043
 10
135.3408295206912
 20
71.25822642888016
 10
135.47531733858375
 20
71.2491748161642
 10
135.60983100211584
 20
71.2405157626863
 10
135.74436933860102
 20
71.23224890547748
 10
135.8789311801513
 20
71.22437389830726
 10
136.01351536344242
 20
71.21689041162769
 10
136.1481207294812
 20
71.20979813251999
 10
136.28274612337492
 20
71.20309676464399
 10
136.41739039410197
 20
71.19678602819022
 10
136.55205239428466
 20
71.19086565983474
 10
136.6867309799635
 20
71.18533541269659
 10
136.82142501037265
 20
71.18019505629793
 10
136.95613334771716
 20
71.17544437652684
 10
137.09085485695115
 20
71.17108317560279
 10
137.2255884055574
 20
71.16711127204469
 10
137.36033286332784
 20
71.16352850064172
 10
137.4950871021452
 20
71.16033471242655
 10
137.62984999576526
 20
71.15752977465147
 10
137.76462041960042
 20
71.15511357076687
 10
137.8993972505034
 20
71.15308600040258
 10
138.03417936655188
 20
71.15144697935158
 10
138.1689656468336
 20
71.15019643955652
 10
138.30375497123188
 20
71.14933432909874
 10
138.43854622021146
 20
71.14886061218985
 10
138.57333827460462
 20
71.14877526916604
 10
138.70813001539742
 20
71.14907829648487
 10
138.84292032351607
 20
71.14976970672474
 10
138.97770807961317
 20
71.15084952858686
 10
139.11249216385391
 20
71.1523178068999
 10
139.24727145570213
 20
71.15417460262724
 10
139.3820448337059
 20
71.1564199928767
 10
139.51681117528275
 20
71.15905407091313
 10
139.6515693565047
 20
71.16207694617322
 10
139.78631825188228
 20
71.16548874428328
 10
139.92105673414818
 20
71.16928960707948
 10
140.0557836740401
 20
71.17347969263065
 10
140.19049794008265
 20
71.1780591752638
 10
140.32519839836846
 20
71.18302824559224
 10
140.45988391233797
 20
71.18838711054629
 10
140.5945533425585
 20
71.19413599340669
 10
140.72920554650167
 20
71.20027513384065
 10
140.86383937831985
 20
71.2068047879405
 10
140.99845368862088
 20
71.21372522826505
 10
141.13304732424155
 20
71.22103674388364
 10
141.267619128019
 20
71.22873964042286
 10
141.4021679385612
 20
71.23683424011588
 10
141.53669259001467
 20
71.24532088185464
 10
141.6711919118309
 20
71.25419992124463
 10
141.8056647285305
 20
71.26347173066246
 10
141.9401098594653
 20
71.2731366993161
 10
142.074526118578
 20
71.283195233308
 10
142.2089123141598
 20
71.29364775570086
 10
142.3432672486051
 20
71.30449470658615
 10
142.47758971816415
 20
71.31573654315562
 10
142.6118785126926
 20
71.32737373977541
 10
142.74613241539828
 20
71.33940678806306
 10
142.88035020258528
 20
71.35183619696735
 10
143.01453064339464
 20
71.36466249285111
 10
143.1486724995421
 20
71.37788621957667
 10
143.28277452505264
 20
71.39150793859442
 10
143.41683546599106
 20
71.40552822903413
 10
143.5508540601897
 20
71.41994768779932
 10
143.68482903697185
 20
71.43476692966443
 10
143.8187591168718
 20
71.44998658737511
 10
143.95264301135052
 20
71.46560731175128
 10
144.0864794225075
 20
71.4816297717935
 10
144.22026704278824
 20
71.49805465479199
 10
144.35400455468724
 20
71.51488266643898
 10
144.4876906304466
 20
71.53211453094403
 10
144.6213239317497
 20
71.54975099115231
 10
144.75490310941038
 20
71.56779280866616
 10
144.8884268030564
 20
71.58624076396966
 10
145.0218936408085
 20
71.60509565655637
 10
145.15530223895362
 20
71.62435830506024
 10
145.28865120161242
 20
71.64402954738964
 10
145.42193912040162
 20
71.66411024086467
 10
145.55516457408999
 20
71.68460126235769
 10
145.68832612824832
 20
71.70550350843698
 10
145.82142233489336
 20
71.72681789551376
 10
145.9544517321248
 20
71.74854535999256
 10
146.08741284375608
 20
71.77068685842467
 10
146.22030417893794
 20
71.79324336766507
 10
146.35312423177513
 20
71.81621588503278
 10
146.4858714809354
 20
71.83960542847427
 10
146.6185443892514
 20
71.86341303673056
 10
146.7511414033147
 20
71.88763976950754
 10
146.8836609530614
 20
71.91228670764974
 10
147.01610145134993
 20
71.93735495331744
 10
147.1484612935303
 20
71.96284563016742
 10
147.28073885700434
 20
71.98875988353693
 10
147.41293250077706
 20
72.01509888063124
 10
147.54504056499889
 20
72.0418638107147
 10
147.67706137049785
 20
72.06905588530515
 10
147.80899321830256
 20
72.09667633837194
 10
147.9408343891545
 20
72.12472642653736
 10
148.0725831430101
 20
72.1532074292817
 10
148.204237718532
 20
72.18212064915159
 10
148.33579633256923
 20
72.2114674119721
 10
148.46725717962613
 20
72.2412490670621
 10
148.59861843131918
 20
72.27146698745337
 10
148.72987823582216
 20
72.30212257011289
 10
148.86103471729845
 20
72.3332172361689
 10
148.9920859753209
 20
72.36475243114027
 10
149.1230300842782
 20
72.3967296251693
 10
149.25386509276777
 20
72.429150313258
 10
149.38458902297486
 20
72.46201601550784
 10
149.5151998700369
 20
72.49532827736265
 10
149.64569560139316
 20
72.52908866985507
 10
149.7760741561196
 20
72.56329878985628
 10
149.90633344424705
 20
72.59796026032879
 10
150.03647134606442
 20
72.63307473058269
 10
150.16648571140408
 20
72.66864387653487
 10
150.29637435891124
 20
72.70466940097143
 10
150.42613507529464
 20
72.74115303381296
 10
150.55576561456002
 20
72.77809653238303
 10
150.68526369722426
 20
72.8155016816792
 10
150.81462700951056
 20
72.85337029464709
 10
150.94385320252388
 20
72.89170421245692
 10
151.07293989140584
 20
72.93050530478268
 10
151.2018846544686
 20
72.96977547008377
 10
151.33068503230754
 20
73.00951663588876
 10
151.45933852689123
 20
73.04973075908157
 10
151.5878426006288
 20
73.0904198261894
 10
151.7161946754137
 20
73.13158585367269
 10
151.84439213164322
 20
73.17323088821651
 10
151.97243230721307
 20
73.21535700702364
 10
152.10031249648634
 20
73.25796631810871
 10
152.2280299492358
 20
73.30106096059338
 10
152.35558186955942
 20
73.34464310500235
 10
152.48296541476745
 20
73.38871495355974
 10
152.61017769424092
 20
73.43327874048585
 10
152.7372157682606
 20
73.47833673229361
 10
152.86407664680505
 20
73.52389122808471
 10
152.99075728831778
 20
73.56994455984498
 10
153.11725459844166
 20
73.61649909273855
 10
153.24356542872027
 20
73.66355722540033
 10
153.36968657526515
 20
73.71112139022674
 10
153.4956147773876
 20
73.75919405366369
 10
153.6213467161945
 20
73.80777771649178
 10
153.74687901314667
 20
73.85687491410789
 10
153.8722082285793
 20
73.90648821680276
 10
153.9973308601823
 20
73.9566202300338
 10
154.12224334144096
 20
74.00727359469272
 10
154.24694204003418
 20
74.05845098736697
 10
154.37142325619038
 20
74.11015512059456
 10
154.49568322099913
 20
74.16238874311134
 10
154.6197180946775
 20
74.21515464008978
 10
154.74352396478986
 20
74.2684556333686
 10
154.86709684442008
 20
74.32229458167222
 10
154.99043267029415
 20
74.37667438081891
 10
155.11352730085284
 20
74.43159796391662
 10
155.23637651427208
 20
74.48706830154553
 10
155.35897600643037
 20
74.54308840192591
 10
155.4813213888214
 20
74.59966131106991
 10
155.60340818641072
 20
74.65679011291623
 10
155.7252318354346
 20
74.71447792944602
 10
155.84678768114014
 20
74.77272792077844
 10
155.9680709754645
 20
74.83154328524428
 10
156.08907687465245
 20
74.89092725943598
 10
156.2098004368099
 20
74.95088311823217
 10
156.33023661939242
 20
75.01141417479458
 10
156.4503802766271
 20
75.07252378053566
 10
156.57022615686594
 20
75.13421532505433
 10
156.68976889986942
 20
75.19649223603764
 10
156.8090030340184
 20
75.25935797912608
 10
156.92792297345324
 20
75.32281605773956
 10
157.046523015138
 20
75.38687001286164
 10
157.16479733584862
 20
75.4515234227789
 10
157.2827399890831
 20
75.51677990277244
 10
157.4003449018927
 20
75.58264310475808
 10
157.5176058716322
 20
75.64911671687206
 10
157.63451656262794
 20
75.71620446299838
  0
LWPOLYLINE
  5
92
330
17
100
AcDbEntity
  8
01-VISIBLE
100
AcDbPolyline
 90
24
 70
0
 10
141.01185035049457
 20
202.93061131922695
 10
141.0806423085607
 20
202.9714637163243
 10
141.14837856698594
 20
203.01404330355206
 10
141.21496455792447
 20
203.05839974343615
 10
141.28029566432335
 20
203.10458411011348
 10
141.34425602637387
 20
203.15264841107984
 10
141.4067172446827
 20
203.20264491672526
 10
141.4675369958313
 20
203.25462524380345
 10
141.5265575914043
 20
203.3086391280393
 10
141.58360453389227
 20
203.36473281022086
 10
141.63848515407958
 20
203.42294695121257
 10
141.69098745647383
 20
203.48331398757517
 10
141.7408793530831
 20
203.545854845937
 10
141.78790853044276
 20
203.61057495825133
 10
141.83180326532374
 20
203.67745957117216
 10
141.87227456950234
 20
203.74646843175194
 10
141.90902008245192
 20
203.81753006746462
 10
141.94173011108438
 20
203.89053606250008
 10
141.97009609780775
 20
203.96533594925688
 10
141.99382154455165
 20
204.0417335428809
 10
142.0126350164574
 20
204.1194856759834
 10
142.0263043307975
 20
204.19830424826415
 10
142.03465051253428
 20
204.27786221152678
 10
142.03755974009843
 20
204.35780354747382
  0
LWPOLYLINE
  5
93
330
17
100
AcDbEntity
  8
01-VISIBLE
100
AcDbPolyline
 90
88
 70
0
 10
135.03356506546012
 20
204.35780354747382
 10
135.03649643680305
 20
204.2775494946155
 10
135.04490709486504
 20
204.1976832604986
 10
135.0586814670357
 20
204.11856491572547
 10
135.07763788745274
 20
204.04052501466978
 10
135.1015408048481
 20
203.96385445959433
 10
135.13011502565575
 20
203.88879845433502
 10
135.16306017049715
 20
203.81555447949378
 10
135.20006389506457
 20
203.7442736442767
 10
135.2408129681855
 20
203.67506447202513
 10
135.2850018323624
 20
203.60799813775154
 10
135.33233868472868
 20
203.54311431260737
 10
135.3825493732711
 20
203.48042698680052
 10
135.4353795205927
 20
203.41992986558688
 10
135.49059530486193
 20
203.36160112091554
 10
135.54798328620467
 20
203.30540741923727
 10
135.60734959916806
 20
203.2513072357313
 10
135.66851875923868
 20
203.19925351626654
 10
135.73133226529131
 20
203.14919577196287
 10
135.79564712510455
 20
203.1010816970972
 10
135.86133438853912
 20
203.0548583967768
 10
135.92827774144516
 20
203.01047330140085
 10
135.99637219089402
 20
202.96787483367456
 10
136.06552285687874
 20
202.92701288269834
 10
136.13564387538364
 20
202.88783912937583
 10
136.20665741122383
 20
202.85030725848196
 10
136.27849277516123
 20
202.8143730852731
 10
136.35108563768668
 20
202.7799946184261
 10
136.42437733090776
 20
202.74713207619328
 10
136.49831422978255
 20
202.7157478687718
 10
136.57284720419642
 20
202.68580655682996
 10
136.64793113389686
 20
202.65727479374672
 10
136.72352447895213
 20
202.6301212572742
 10
136.79958889909838
 20
202.60431657490025
 10
136.8760889160377
 20
202.57983324609575
 10
136.9529916134138
 20
202.55664556378707
 10
137.0302663698069
 20
202.53472953675612
 10
137.10788462064988
 20
202.51406281418292
 10
137.18581964546672
 20
202.49462461317796
 10
137.26404637727953
 20
202.47639564987634
 10
137.34254123142077
 20
202.45935807445855
 10
137.4212819513296
 20
202.443495410312
 10
137.50024746920906
 20
202.4287924974353
 10
137.5794177796801
 20
202.41523544010823
 10
137.65877382479238
 20
202.4028115587949
 10
137.73829738894523
 20
202.39150934620915
 10
137.8179710024399
 20
202.38131842744912
 10
137.8977778525261
 20
202.37222952409246
 10
137.97770170093028
 20
202.3642344221402
 10
138.0577268069564
 20
202.35732594369603
 10
138.1378378553395
 20
202.35149792227276
 10
138.21801988810785
 20
202.34674518162666
 10
138.29825823976967
 20
202.34306351802792
 10
138.37853847519463
 20
202.34044968589075
 10
138.4588463295986
 20
202.33890138669636
 10
138.53916765007372
 20
202.33841726115855
 10
138.61948833812863
 20
202.3389968845946
 10
138.6997942927182
 20
202.34064076547952
 10
138.7800713532507
 20
202.34335034717708
 10
138.86030524205836
 20
202.3471280128556
 10
138.94048150581125
 20
202.3519770936116
 10
139.02058545533615
 20
202.3579018798402
 10
139.10060210328072
 20
202.36490763590382
 10
139.18051609902858
 20
202.37300061816654
 10
139.26031166022983
 20
202.38218809647304
 10
139.33997250025973
 20
202.39247837916298
 10
139.41948175085366
 20
202.40388084172292
 10
139.4988218790921
 20
202.41640595918318
 10
139.5779745978175
 20
202.43006534237333
 10
139.6569207684598
 20
202.444871778149
 10
139.7356402951225
 20
202.4608392736962
 10
139.8141120086355
 20
202.4779831050058
 10
139.8923135391125
 20
202.4963198695857
 10
139.97022117535377
 20
202.51586754343938
 10
140.0478097092085
 20
202.5366455422814
 10
140.1250522627488
 20
202.5586747868797
 10
140.20192009580472
 20
202.58197777229861
 10
140.27838239106478
 20
202.60657864066167
 10
140.3544060135495
 20
202.63250325684044
 10
140.4299552408176
 20
202.6597792861935
 10
140.50499145975843
 20
202.6884362731018
 10
140.57947282525922
 20
202.71850571854822
 10
140.65335387541634
 20
202.750021154333
 10
140.7265850972912
 20
202.78301821065554
 10
140.7991124365123
 20
202.81753467266873
 10
140.87087674332778
 20
202.85361052015224
 10
140.9418131470702
 20
202.89128794255598
 10
141.01185035049457
 20
202.93061131922695
  0
LWPOLYLINE
  5
94
330
17
100
AcDbEntity
  8
01-VISIBLE
100
AcDbPolyline
 90
19
 70
0
 10
140.54204860507423
 20
209.60428202690633
 10
140.61321956735574
 20
209.64688472476053
 10
140.6829556385591
 20
209.69179693141785
 10
140.75108923701055
 20
209.73910397401863
 10
140.81742951177054
 20
209.7888936705977
 10
140.88175882685755
 20
209.84125462363596
 10
140.94382892998667
 20
209.89627366607778
 10
141.00335695119696
 20
209.9540321661803
 10
141.06002151462778
 20
210.01460083747537
 10
141.11345945408243
 20
210.07803266223237
 10
141.16326391338617
 20
210.14435355933068
 10
141.20898498038244
 20
210.21355057332062
 10
141.25013439741784
 20
210.28555771849364
 10
141.28619617620635
 20
210.36024027282787
 10
141.31664486950788
 20
210.437379319606
 10
141.3409724684219
 20
210.51665955086548
 10
141.3587231061799
 20
210.5976643548563
 10
141.3695320270021
 20
210.67988228155906
 10
141.3731624027793
 20
210.7627273759266
  0
LWPOLYLINE
  5
95
330
17
100
AcDbEntity
  8
01-VISIBLE
100
AcDbPolyline
 90
90
 70
0
 10
141.3731624027793
 20
210.7627273759266
 10
141.36974970217253
 20
210.8430519507424
 10
141.3595843168969
 20
210.92280442881412
 10
141.34287623042383
 20
211.0014481564183
 10
141.31995030819806
 20
211.07851092635195
 10
141.29121509107662
 20
211.15360332448302
 10
141.25712924092124
 20
211.22642544778154
 10
141.21817103399505
 20
211.29676379532344
 10
141.174814084906
 20
211.36448156671423
 10
141.12751027113222
 20
211.42950570184428
 10
141.07667927964596
 20
211.49181328263978
 10
141.02270343688727
 20
211.55141895832884
 10
140.9659263218638
 20
211.60836421303264
 10
140.90665383549347
 20
211.66270870493838
 10
140.84515669851362
 20
211.71452356368803
 10
140.78167365238104
 20
211.76388637335782
 10
140.71641488841655
 20
211.81087752355012
 10
140.6495654170577
 20
211.85557762727575
 10
140.58128821790132
 20
211.89806574683098
 10
140.51172709503118
 20
211.93841821809798
 10
140.44100921372555
 20
211.97670790990765
 10
140.36924732449742
 20
212.0130037944122
 10
140.296541696249
 20
212.04737073602968
 10
140.22298178747633
 20
212.0798694310531
 10
140.14864768648087
 20
212.1105564486092
 10
140.07361135069695
 20
212.1394843375105
 10
139.99793767293662
 20
212.16670177375016
 10
139.92168539942378
 20
212.1922537308397
 10
139.84490792142486
 20
212.21618166058812
 10
139.76765395934592
 20
212.23852367580872
 10
139.68996815548303
 20
212.25931472922127
 10
139.611891589238
 20
212.2785867847964
 10
139.53346222654648
 20
212.29636897918397
 10
139.45471531349648
 20
212.31268777184215
 10
139.37568372261427
 20
212.32756708315532
 10
139.2963982590258
 20
212.341028420283
 10
139.21688793264047
 20
212.35309099078114
 10
139.13718020161457
 20
212.36377180422176
 10
139.05730119161282
 20
212.3730857621486
 10
138.97727589477412
 20
212.3810457367557
 10
138.89712835178094
 20
212.3876626386907
 10
138.81688182001992
 20
212.39294547437066
 10
138.73655893048462
 20
212.3969013931649
 10
138.65618183580466
 20
212.39953572475434
 10
138.57577235157711
 20
212.40085200692164
 10
138.49535209302107
 20
212.40085200396817
 10
138.4149426088678
 20
212.39953571588956
 10
138.33456551433667
 20
212.39690137837516
 10
138.25424262502557
 20
212.39294545363327
 10
138.17399609356528
 20
212.3876626119736
 10
138.0938485509511
 20
212.38104570401737
 10
138.01382325457212
 20
212.3730857233375
 10
137.93394424511413
 20
212.3637717592764
 10
137.85423651472024
 20
212.35309093962945
 10
137.77472618906089
 20
212.34102836284205
 10
137.6954407262994
 20
212.32756701933084
 10
137.6164091363542
 20
212.31268770152855
 10
137.53766222436238
 20
212.29636890226357
 10
137.4592328628639
 20
212.2785867011396
 10
137.38115629796349
 20
212.25931463868636
 10
137.3034704956169
 20
212.23852357824194
 10
137.2262165352499
 20
212.216181555824
 10
137.14943905918713
 20
212.19225361870184
 10
137.07318678786814
 20
212.16670165405202
 10
136.99751311259865
 20
212.1394842100571
 10
136.92247677964806
 20
212.11055631319914
 10
136.84814268188106
 20
212.07986928748153
 10
136.77458277679227
 20
212.04737058409228
 10
136.7018771527519
 20
212.01300363391016
 10
136.63011526833395
 20
211.97670774065443
 10
136.55939739252796
 20
211.93841803992774
 10
136.48983627594433
 20
211.8980655596095
 10
136.42155908396865
 20
211.85557743091397
 10
136.35470962080103
 20
211.81087731802103
 10
136.28945086616258
 20
211.7638861587174
 10
136.22596783061982
 20
211.71452334010024
 10
136.1644707056228
 20
211.66270847270505
 10
136.10519823275027
 20
211.60836397262744
 10
136.04842113284445
 20
211.55141871043526
 10
135.99444530689763
 20
211.49181302819204
 10
135.94361433394758
 20
211.42950544207247
 10
135.89631054040993
 20
211.36448130320366
 10
135.85295361318063
 20
211.29676353012343
 10
135.8139954296346
 20
211.22642518365922
 10
135.7799096042874
 20
211.15360306552793
 10
135.751174413297
 20
211.07851067927822
 10
135.72824851811725
 20
211.00144793291315
 10
135.7115404580296
 20
210.92280424868062
 10
135.70137509427937
 20
210.84305184363535
 10
135.69796240277927
 20
210.7627273759266
  0
LWPOLYLINE
  5
96
330
17
100
AcDbEntity
  8
01-VISIBLE
100
AcDbPolyline
 90
71
 70
0
 10
135.69796240277927
 20
210.7627273759266
 10
135.7014174502259
 20
210.68190628149324
 10
135.711708074694
 20
210.60166786957984
 10
135.72861918992822
 20
210.52255829671407
 10
135.7518183271802
 20
210.44505737861965
 10
135.78088789080007
 20
210.36955985732413
 10
135.81535973436374
 20
210.29636871468512
 10
135.8547464697102
 20
210.22569860791913
 10
135.89856625426611
 20
210.1576860349901
 10
135.9463601096275
 20
210.0924027667166
 10
135.99770241960476
 20
210.02986984866283
 10
136.05220602294472
 20
209.97007048278493
 10
136.1095234629645
 20
209.91296097224023
 10
136.1693457627853
 20
209.85847951672434
 10
136.23139977793375
 20
209.80655299185486
 10
136.29544486339012
 20
209.75710200338125
 10
136.3612693335761
 20
209.71004454790813
 10
136.42868700297043
 20
209.66529859164945
 10
136.4975339643009
 20
209.62278383288697
 10
136.56766567683178
 20
209.58242286211038
 10
136.63895438571348
 20
209.54414188588748
 10
136.71128686384782
 20
209.50787114006312
 10
136.7845624523228
 20
209.4735450855449
 10
136.85869136873737
 20
209.44110245495608
 10
136.93359325108625
 20
209.41048619957974
 10
137.00919590602663
 20
209.38164337201385
 10
137.08543423290098
 20
209.35452496967417
 10
137.16224929801078
 20
209.32908575680057
 10
137.23958753684892
 20
209.30528407721516
 10
137.31740006504805
 20
209.28308166620042
 10
137.39564208157117
 20
209.26244346709507
 10
137.47427235011156
 20
209.243337456243
 10
137.5532527467823
 20
209.2257344785525
 10
137.63254786398167
 20
209.20960809496114
 10
137.7121246618507
 20
209.19493444244608
 10
137.79195216002705
 20
209.18169210677814
 10
137.87200116347705
 20
209.16986200792928
 10
137.95224401708802
 20
209.15942729786735
 10
138.03265438444893
 20
209.15037327037174
 10
138.11320704686653
 20
209.14268728245855
 10
138.19387771917073
 20
209.13635868699748
 10
138.27464287927936
 20
209.13137877612166
 10
138.35547960882545
 20
209.1277407350717
 10
138.4363654424162
 20
209.1254396061628
 10
138.5172782232972
 20
209.12447226262458
 10
138.59819596334498
 20
209.12483739212723
 10
138.67909670541212
 20
209.12653548987254
 10
138.75995838610385
 20
209.12956886120043
 10
138.84075869707402
 20
209.13394163373
 10
138.9214749428953
 20
209.13965977912306
 10
139.00208389347821
 20
209.14673114462778
 10
139.08256162888676
 20
209.1551654946254
 10
139.1628833742186
 20
209.16497456246304
 10
139.24302332198198
 20
209.17617211291173
 10
139.32295443909874
 20
209.18877401563276
 10
139.40264825528632
 20
209.2027983300635
 10
139.4820746291071
 20
209.21826540214073
 10
139.56120148740797
 20
209.23519797325463
 10
139.63999453318658
 20
209.2536213017529
 10
139.71841691609347
 20
209.27356329717503
 10
139.79642885878522
 20
209.29505466716637
 10
139.87398723115504
 20
209.31812907665363
 10
139.95104506305057
 20
209.34282331831434
 10
140.02755098441162
 20
209.36917749256173
 10
140.10344857978998
 20
209.39723519409392
 10
140.1786756419211
 20
209.42704370038103
 10
140.25316330639617
 20
209.45865415509195
 10
140.32683504654958
 20
209.4921217361259
 10
140.39960550451627
 20
209.52750579325857
 10
140.47137913120852
 20
209.5648699339448
 10
140.54204860507423
 20
209.60428202690633
  0
LWPOLYLINE
  5
97
330
17
100
AcDbEntity
  8
01-VISIBLE
100
AcDbPolyline
 90
25
 70
0
 10
141.1518574931695
 20
209.25220870121035
 10
141.22162583514512
 20
209.29359347718366
 10
141.2903706056099
 20
209.33665681133112
 10
141.35800405273397
 20
209.38144498474065
 10
141.4244295040817
 20
209.42800557332595
 10
141.4895403496479
 20
209.47638705167157
 10
141.5532189385999
 20
209.52663824324253
 10
141.61533540067586
 20
209.57880757551402
 10
141.67574641415064
 20
209.6329420903188
 10
141.7342939580247
 20
209.68908615132733
 10
141.79080410799116
 20
209.74727978321204
 10
141.84508596514914
 20
209.807556572681
 10
141.89693084435726
 20
209.8699410633143
 10
141.94611189550278
 20
209.93444558859346
 10
141.99238438361823
 20
210.00106651684115
 10
142.0354869068248
 20
210.0697799354037
 10
142.07514387309314
 20
210.14053688660397
 10
142.1110695692631
 20
210.21325838910911
 10
142.14297411308777
 20
210.2878306319464
 10
142.17057145238823
 20
210.36410089693453
 10
142.19358934205113
 20
210.4418749116166
 10
142.21178088899308
 20
210.520916401803
 10
142.22493684706706
 20
210.60094953459657
 10
142.2328974583554
 20
210.68166467014095
 10
142.23556240277927
 20
210.7627273759266
  0
LWPOLYLINE
  5
98
330
17
100
AcDbEntity
  8
01-VISIBLE
100
AcDbPolyline
 90
117
 70
0
 10
142.23556240277927
 20
210.7627273759266
 10
142.2329409980354
 20
210.84312539278022
 10
142.22510990181397
 20
210.92318427810181
 10
142.21216623399073
 20
211.00257751547298
 10
142.19426476768282
 20
211.081002416863
 10
142.1716084288052
 20
211.1581888349088
 10
142.1444369605936
 20
211.23390477562526
 10
142.11301511478754
 20
211.30795885378552
 10
142.07762151774887
 20
211.3801999734457
 10
142.03853900148158
 20
211.45051487919199
 10
141.99604680562788
 20
211.51882430481902
 10
141.95041473236165
 20
211.5850783892102
 10
141.90189911074322
 20
211.6492518949736
 10
141.85074030181642
 20
211.7113396075112
 10
141.79716143048898
 20
211.77135214633483
 10
141.74136803843402
 20
211.8293123040038
 10
141.68354838983691
 20
211.88525194511413
 10
141.62387421104953
 20
211.93920944476554
 10
141.56250169494402
 20
211.991227616267
 10
141.49957264508132
 20
212.04135206460955
 10
141.43521567138697
 20
212.08962989958246
 10
141.3695473776296
 20
212.13610874591853
 10
141.30267350245376
 20
212.1808359944814
 10
141.23468999126334
 20
212.22385824630118
 10
141.16568398715984
 20
212.26522090906582
 10
141.09573473654527
 20
212.30496791287487
 10
141.02491440984122
 20
212.34314151837333
 10
140.9532888407884
 20
212.37978219575098
 10
140.88091818952836
 20
212.41492855753887
 10
140.80785753554147
 20
212.44861733176845
 10
140.73415740681372
 20
212.48088336498722
 10
140.65986425154043
 20
212.51175964696012
 10
140.58502085838686
 20
212.54127735074115
 10
140.50966673091628
 20
212.56946588325877
 10
140.4338384213256
 20
212.5963529427034
 10
140.35756982814357
 20
212.62196457990007
 10
140.2808924620706
 20
212.64632526154645
 10
140.20383568368774
 20
212.66945793373202
 10
140.12642691634696
 20
212.6913840845774
 10
140.04869183717383
 20
212.71212380514675
 10
139.9706545487741
 20
212.73169584803782
 10
139.89233773393
 20
212.7501176832376
 10
139.81376279530332
 20
212.76740555097547
 10
139.73494998192487
 20
212.78357451141142
 10
139.65591850404036
 20
212.79863849107602
 10
139.5766866377016
 20
212.8126103260368
 10
139.49727182033146
 20
212.8255018018064
 10
139.41769073835295
 20
212.83732369003837
 10
139.3379594078516
 20
212.8480857820726
 10
139.25809324913698
 20
212.85779691940735
 10
139.1781071559772
 20
212.86646502117753
 10
139.09801556020395
 20
212.87409710872276
 10
139.01783249231795
 20
212.88069932732543
 10
138.93757163866795
 20
212.88627696519615
 10
138.85724639572805
 20
212.89083446977634
 10
138.77686992195814
 20
212.89437546142193
 10
138.69645518769792
 20
212.89690274452227
 10
138.61601502351965
 20
212.8984183161
 10
138.53556216744175
 20
212.89892337192822
 10
138.4551093113923
 20
212.89841831019015
 10
138.37466914729953
 20
212.89690273269724
 10
138.29425441318207
 20
212.8943754436711
 10
138.2138779396126
 20
212.89083444608366
 10
138.13355269693142
 20
212.88627693554014
 10
138.05329184359928
 20
212.88069929167904
 10
137.9731087760914
 20
212.87409706705336
 10
137.8930171807579
 20
212.86646497344663
 10
137.81303108810135
 20
212.8577968655705
 10
137.73316492995565
 20
212.8480857220793
 10
137.6534336000916
 20
212.837323623832
 10
137.57385251882215
 20
212.82550172932378
 10
137.49443770223684
 20
212.81261024720817
 10
137.4152058367635
 20
212.798638405825
 10
137.3361743598307
 20
212.78357441965454
 10
137.25736154749694
 20
212.76740545262254
 10
137.17878661001592
 20
212.75011757819118
 10
137.10046979642752
 20
212.73169573619333
 10
137.02243250940424
 20
212.71212368639254
 10
136.94469743174054
 20
212.69138395879475
 10
136.86728866605617
 20
212.66945780079533
 10
136.7902318894928
 20
212.64632512132334
 10
136.7135545254205
 20
212.62196443225218
 10
136.63728593444097
 20
212.59635278748635
 10
136.56145762727775
 20
212.56946572032354
 10
136.48610350248563
 20
212.5412771799343
 10
136.41126011229065
 20
212.5117594681255
 10
136.33696696028844
 20
212.4808831779673
 10
136.2632668351803
 20
212.4486171364062
 10
136.1902061852013
 20
212.41492835368007
 10
136.11783553838129
 20
212.37978198324703
 10
136.04620997424863
 20
212.34314129708446
 10
135.97538965299745
 20
212.3049676826746
 10
135.90544040842536
 20
212.26522066984575
 10
135.83643441101546
 20
212.22385799797667
 10
135.7684509072355
 20
212.18083573699892
 10
135.70157704025684
 20
212.1361084792635
 10
135.63590875555664
 20
212.08962962378922
 10
135.57155179185503
 20
212.04135177977219
 10
135.50862275299733
 20
211.99122732255228
 10
135.44725024898463
 20
211.9392091424271
 10
135.38757608344952
 20
211.88525163450822
 10
135.32975644932836
 20
211.82931198560658
 10
135.2739630730253
 20
211.77135182076034
 10
135.22038421876115
 20
211.71133927553052
 10
135.1692254282227
 20
211.64925155753576
 10
135.1207098263063
 20
211.58507804746847
 10
135.07507777401938
 20
211.51882396017066
 10
135.0325856003665
 20
211.45051453335202
 10
134.9935031074591
 20
211.38019962859227
 10
134.95810953488456
 20
211.30795851284375
 10
134.9266877145986
 20
211.23390444278817
 10
134.89951627286334
 20
211.15818851650528
 10
134.87685996108752
 20
211.08100212262548
 10
134.8589585215753
 20
211.00257726003173
 10
134.84601487816508
 20
210.92318408204312
 10
134.83818380028504
 20
210.84312528182312
 10
134.8355624027793
 20
210.7627273759266
  0
LWPOLYLINE
  5
99
330
17
100
AcDbEntity
  8
01-VISIBLE
100
AcDbPolyline
 90
93
 70
0
 10
134.8355624027793
 20
210.7627273759266
 10
134.8381725078005
 20
210.68250276517904
 10
134.84596998843392
 20
210.60261510697626
 10
134.85885854713473
 20
210.52338887234606
 10
134.8766846925617
 20
210.44512495062474
 10
134.89924712554713
 20
210.3680920148787
 10
134.92630794537865
 20
210.29252094546808
 10
134.95760433408765
 20
210.21860237230936
 10
134.9928595846051
 20
210.14648696231603
 10
135.03179269010565
 20
210.07628781788065
 10
135.0741260896
 20
210.00808427047792
 10
135.11959148476873
 20
209.94192640790692
 10
135.16793386629806
 20
209.87783980486137
 10
135.21891401284634
 20
209.8158300816799
 10
135.27230977162344
 20
209.7558870600118
 10
135.32791642242503
 20
209.69798839935112
 10
135.3855463904977
 20
209.64210268074248
 10
135.44502852534418
 20
209.58819195678905
 10
135.5062071136008
 20
209.53621381683234
 10
135.56894075033023
 20
209.4861230295947
 10
135.6331011568465
 20
209.4378728284563
 10
135.69857200480095
 20
209.39141590124518
 10
135.7652477849203
 20
209.34670513998105
 10
135.83303274329694
 20
209.30369419837166
 10
135.9018398972422
 20
209.26233789717702
 10
135.9715901352987
 20
209.22259251044778
 10
136.0422114011509
 20
209.18441595939322
 10
136.11363795813557
 20
209.14776793531752
 10
136.18580972929445
 20
209.11260996864405
 10
136.2586717070152
 20
209.0789054574385
 10
136.33217342598957
 20
209.04661966592687
 10
136.40626849326372
 20
209.0157197011772
 10
136.48091416942933
 20
208.98617447426642
 10
136.55607099540114
 20
208.95795465079692
 10
136.63170245968686
 20
208.9310325944844
 10
136.70777470153138
 20
208.90538230664384
 10
136.7842562457877
 20
208.88097936370644
 10
136.86111776581086
 20
208.8578008543579
 10
136.93833187108444
 20
208.8358253174727
 10
137.01587291666402
 20
208.815032681697
 10
137.09371683186097
 20
208.7954042072849
 10
137.17184096589173
 20
208.77692243060648
 10
137.25022394848477
 20
208.75957111160176
 10
137.3288455636742
 20
208.7433351843485
 10
137.40768663521595
 20
208.72820071083197
 10
137.48672892224423
 20
208.71415483794573
 10
137.56595502394393
 20
208.7011857577108
 10
137.6453482921537
 20
208.68928267067218
 10
137.72489275093375
 20
208.67843575241062
 10
137.80457302223672
 20
208.66863612309686
 10
137.88437425691063
 20
208.6598758200086
 10
137.96428207033946
 20
208.65214777292908
 10
138.044282482095
 20
208.64544578234705
 10
138.1243618590295
 20
208.63976450038217
 10
138.20450686128729
 20
208.6350994143657
 10
138.2847043907545
 20
208.63144683301329
 10
138.3649415414989
 20
208.62880387513468
 10
138.44520555177905
 20
208.62716846083532
 10
138.52548375722415
 20
208.62653930517195
 10
138.60576354480006
 20
208.62691591423663
 10
138.68603230718924
 20
208.62829858365245
 10
138.76627739721633
 20
208.6306883994738
 10
138.84648608195315
 20
208.63408724149582
 10
138.92664549613121
 20
208.63849778898657
 10
139.0067425944818
 20
208.64392352886676
 10
139.08676410260847
 20
208.65036876636987
 10
139.16669646597717
 20
208.657838638228
 10
139.24652579658388
 20
208.66633912843446
 10
139.32623781682764
 20
208.67587708664536
 10
139.4058178000775
 20
208.6864602492886
 10
139.4852505073771
 20
208.69809726345403
 10
139.56452011967414
 20
208.7107977136459
 10
139.6436101648995
 20
208.72457215147648
 10
139.72250343914456
 20
208.73943212838344
 10
139.80118192109916
 20
208.7553902314449
 10
139.8796266788125
 20
208.7724601223573
 10
139.95781776772264
 20
208.79065657962389
 10
140.03573411876684
 20
208.80999554397505
 10
140.1133534152331
 20
208.8304941670014
 10
140.1906519568359
 20
208.8521708629308
 10
140.26760450929987
 20
208.8750453634009
 10
140.34418413750612
 20
208.89913877498543
 10
140.4203620199964
 20
208.9244736390939
 10
140.49610724233753
 20
208.95107399369243
 10
140.57138656651938
 20
208.97896543606169
 10
140.64616417319306
 20
209.00817518550627
 10
140.72040137315332
 20
209.03873214453967
 10
140.7940562840313
 20
209.0706669565614
 10
140.86708346769942
 20
209.10401205739106
 10
140.9394335234133
 20
209.13880171718256
 10
141.0110526312485
 20
209.17507206816896
 10
141.08188203997102
 20
209.21286111231422
 10
141.1518574931695
 20
209.25220870121035
  0
LWPOLYLINE
  5
9A
330
17
100
AcDbEntity
  8
01-VISIBLE
100
AcDbPolyline
 90
25
 70
0
 10
141.1518574931695
 20
203.53673263471626
 10
141.22162583514512
 20
203.57811741068957
 10
141.2903706056099
 20
203.62118074483703
 10
141.35800405273397
 20
203.66596891824662
 10
141.4244295040817
 20
203.7125295068319
 10
141.4895403496479
 20
203.76091098517747
 10
141.5532189385999
 20
203.81116217674844
 10
141.61533540067586
 20
203.86333150901993
 10
141.67574641415064
 20
203.91746602382472
 10
141.7342939580247
 20
203.97361008483324
 10
141.79080410799116
 20
204.031803716718
 10
141.84508596514914
 20
204.0920805061869
 10
141.89693084435726
 20
204.15446499682022
 10
141.94611189550278
 20
204.21896952209937
 10
141.99238438361823
 20
204.28559045034706
 10
142.0354869068248
 20
204.3543038689096
 10
142.07514387309314
 20
204.42506082010988
 10
142.1110695692631
 20
204.49778232261502
 10
142.14297411308777
 20
204.57235456545232
 10
142.17057145238823
 20
204.64862483044044
 10
142.19358934205113
 20
204.7263988451225
 10
142.21178088899308
 20
204.8054403353089
 10
142.22493684706706
 20
204.88547346810248
 10
142.2328974583554
 20
204.9661886036469
 10
142.23556240277927
 20
205.04725130943254
  0
LWPOLYLINE
  5
9B
330
17
100
AcDbEntity
  8
01-VISIBLE
100
AcDbPolyline
 90
93
 70
0
 10
134.8355624027793
 20
205.04725130943254
 10
134.8381725078005
 20
204.96702669868495
 10
134.84596998843392
 20
204.88713904048217
 10
134.85885854713473
 20
204.80791280585203
 10
134.8766846925617
 20
204.72964888413068
 10
134.89924712554713
 20
204.65261594838464
 10
134.92630794537865
 20
204.577044878974
 10
134.95760433408765
 20
204.50312630581527
 10
134.9928595846051
 20
204.431010895822
 10
135.03179269010565
 20
204.36081175138656
 10
135.0741260896
 20
204.29260820398383
 10
135.11959148476873
 20
204.22645034141283
 10
135.16793386629806
 20
204.16236373836728
 10
135.21891401284634
 20
204.10035401518581
 10
135.27230977162344
 20
204.0404109935177
 10
135.32791642242503
 20
203.98251233285703
 10
135.3855463904977
 20
203.9266266142484
 10
135.44502852534418
 20
203.87271589029496
 10
135.5062071136008
 20
203.82073775033825
 10
135.56894075033023
 20
203.77064696310066
 10
135.6331011568465
 20
203.72239676196222
 10
135.69857200480095
 20
203.67593983475112
 10
135.7652477849203
 20
203.631229073487
 10
135.83303274329694
 20
203.58821813187757
 10
135.9018398972422
 20
203.54686183068293
 10
135.9715901352987
 20
203.5071164439537
 10
136.0422114011509
 20
203.4689398928992
 10
136.11363795813557
 20
203.43229186882343
 10
136.18580972929445
 20
203.39713390214996
 10
136.2586717070152
 20
203.36342939094442
 10
136.33217342598957
 20
203.3311435994328
 10
136.40626849326372
 20
203.30024363468314
 10
136.48091416942933
 20
203.27069840777233
 10
136.55607099540114
 20
203.24247858430283
 10
136.63170245968686
 20
203.21555652799032
 10
136.70777470153138
 20
203.18990624014975
 10
136.7842562457877
 20
203.1655032972124
 10
136.86111776581086
 20
203.1423247878638
 10
136.93833187108444
 20
203.12034925097862
 10
137.01587291666402
 20
203.0995566152029
 10
137.09371683186097
 20
203.07992814079086
 10
137.17184096589173
 20
203.06144636411244
 10
137.25022394848477
 20
203.04409504510767
 10
137.3288455636742
 20
203.0278591178544
 10
137.40768663521595
 20
203.01272464433788
 10
137.48672892224423
 20
202.99867877145164
 10
137.56595502394393
 20
202.9857096912167
 10
137.6453482921537
 20
202.9738066041781
 10
137.72489275093375
 20
202.9629596859166
 10
137.80457302223672
 20
202.95316005660283
 10
137.88437425691063
 20
202.94439975351457
 10
137.96428207033946
 20
202.93667170643502
 10
138.044282482095
 20
202.92996971585296
 10
138.1243618590295
 20
202.92428843388808
 10
138.20450686128729
 20
202.9196233478716
 10
138.2847043907545
 20
202.9159707665192
 10
138.3649415414989
 20
202.91332780864064
 10
138.44520555177905
 20
202.9116923943413
 10
138.52548375722415
 20
202.91106323867785
 10
138.60576354480006
 20
202.91143984774254
 10
138.68603230718924
 20
202.91282251715836
 10
138.76627739721633
 20
202.9152123329797
 10
138.84648608195315
 20
202.91861117500173
 10
138.92664549613121
 20
202.9230217224925
 10
139.0067425944818
 20
202.92844746237267
 10
139.08676410260847
 20
202.9348926998758
 10
139.16669646597717
 20
202.94236257173392
 10
139.24652579658388
 20
202.95086306194037
 10
139.32623781682764
 20
202.96040102015132
 10
139.4058178000775
 20
202.9709841827945
 10
139.4852505073771
 20
202.98262119696
 10
139.56452011967414
 20
202.9953216471518
 10
139.6436101648995
 20
203.0090960849824
 10
139.72250343914456
 20
203.02395606188938
 10
139.80118192109916
 20
203.03991416495086
 10
139.8796266788125
 20
203.0569840558632
 10
139.95781776772264
 20
203.07518051312985
 10
140.03573411876684
 20
203.09451947748096
 10
140.1133534152331
 20
203.11501810050737
 10
140.1906519568359
 20
203.1366947964367
 10
140.26760450929987
 20
203.1595692969068
 10
140.34418413750612
 20
203.18366270849137
 10
140.4203620199964
 20
203.20899757259983
 10
140.49610724233753
 20
203.2355979271984
 10
140.57138656651938
 20
203.26348936956762
 10
140.64616417319306
 20
203.2926991190122
 10
140.72040137315332
 20
203.32325607804557
 10
140.7940562840313
 20
203.35519089006732
 10
140.86708346769942
 20
203.38853599089697
 10
140.9394335234133
 20
203.4233256506885
 10
141.0110526312485
 20
203.45959600167487
 10
141.08188203997102
 20
203.49738504582012
 10
141.1518574931695
 20
203.53673263471626
  0
LWPOLYLINE
  5
9C
330
17
100
AcDbEntity
  8
01-VISIBLE
100
AcDbPolyline
 90
27
 70
0
 10
141.36398952752546
 20
214.7451894494016
 10
141.4336509578261
 20
214.78642438766627
 10
141.50237550971772
 20
214.82920230274243
 10
141.57008940530508
 20
214.87356240769049
 10
141.63671198328313
 20
214.91954497298622
 10
141.70215497453125
 20
214.96719105865708
 10
141.76632171891572
 20
215.01654214951031
 10
141.8291063285575
 20
215.06763966919453
 10
141.89039280834103
 20
215.12052434422287
 10
141.95005415223696
 20
215.17523538425087
 10
142.0079514447324
 20
215.23180944029224
 10
142.06393301099138
 20
215.2902792989011
 10
142.11783367792603
 20
215.3506722688503
 10
142.16947423151223
 20
215.41300821924375
 10
142.2186611831839
 20
215.47729723679072
 10
142.26518698864555
 20
215.54353688830992
 10
142.30883089279519
 20
215.61170910611526
 10
142.34936059891007
 20
215.68177676234671
 10
142.38653496982593
 20
215.7536800657981
 10
142.42010795126032
 20
215.82733300026928
 10
142.44983384845014
 20
215.902620119883
 10
142.4754739741589
 20
215.97939410853536
 10
142.49680451374215
 20
216.05747457251852
 10
142.51362523165196
 20
216.13664853530258
 10
142.52576840585218
 20
216.21667301088075
 10
142.53310717684715
 20
216.29727983148888
 10
142.53556240277928
 20
216.37818261125705
  0
LWPOLYLINE
  5
9D
330
17
100
AcDbEntity
  8
01-VISIBLE
100
AcDbPolyline
 90
100
 70
0
 10
134.53556240277928
 20
216.37818261125705
 10
134.53799956290126
 20
216.29757793557292
 10
134.54528452939724
 20
216.21726597321344
 10
134.5573393049862
 20
216.13753003721052
 10
134.57403882996664
 20
216.0586355453185
 10
134.5952176954748
 20
215.98082316540751
 10
134.6206783278286
 20
215.90430404745342
 10
134.65019975800766
 20
215.82925726156208
 10
134.6835461809684
 20
215.7558292746104
 10
134.7204747023272
 20
215.68413510138964
 10
134.76074190087897
 20
215.6142606740512
 10
134.80410905126905
 20
215.5462659717025
 10
134.8503460201456
 20
215.48018851083685
 10
134.89923396081403
 20
215.41604688587756
 10
134.9505669903923
 20
215.3538441429169
 10
135.0041530518545
 20
215.29357085334533
 10
135.05981415491559
 20
215.2352078204192
 10
135.11738616640773
 20
215.1787283996668
 10
135.17671829145024
 20
215.12410044544941
 10
135.23767235700024
 20
215.07128791440863
 10
135.3001219824452
 20
215.02025216550902
 10
135.36395169914076
 20
214.97095299903242
 10
135.4290560624902
 20
214.9233494756084
 10
135.49533878598257
 20
214.87740055292085
 10
135.5627119159643
 20
214.83306557329047
 10
135.63109505815325
 20
214.79030463063833
 10
135.70041466139048
 20
214.74907884082597
 10
135.7706033603233
 20
214.70935053526887
 10
135.8415993761829
 20
214.67108339413153
 10
135.91334597321338
 20
214.63424253234427
 10
135.985790967358
 20
214.59879454911226
 10
136.05888628331772
 20
214.56470754945911
 10
136.13258755591485
 20
214.53195114460783
 10
136.20685377171984
 20
214.50049643658804
 10
136.28164694705157
 20
214.4703159913181
 10
136.35693183869336
 20
214.4413838034963
 10
136.43267568393608
 20
214.41367525590363
 10
136.50884796684753
 20
214.38716707513936
 10
136.58542020795176
 20
214.36183728534735
 10
136.6623657747794
 20
214.33766516112746
 10
136.73965971100782
 20
214.31463118053637
 10
136.81727858215035
 20
214.29271697885702
 10
136.89520033597285
 20
214.27190530363725
 10
136.97340417601293
 20
214.25217997136014
 10
137.0518704467565
 20
214.23352582600108
 10
137.1305805291831
 20
214.21592869964337
 10
137.2095167455351
 20
214.19937537525965
 10
137.28866227228897
 20
214.18385355172023
 10
137.36800106041915
 20
214.16935181105026
 10
137.4475177621416
 20
214.15585958793366
 10
137.52719766341073
 20
214.1433671414402
 10
137.6070266215189
 20
214.13186552894064
 10
137.686991007213
 20
214.1213465821648
 10
137.7670776508021
 20
214.11180288535212
 10
137.84727379177914
 20
214.10322775544358
 10
137.92756703152463
 20
214.09561522426105
 10
138.007945288698
 20
214.0889600226236
 10
138.08839675695515
 20
214.0832575663522
 10
138.16890986465913
 20
214.07850394411753
 10
138.24947323627438
 20
214.07469590709104
 10
138.330075655155
 20
214.07183086036338
 10
138.41070602745452
 20
214.06990685609975
 10
138.49135334689655
 20
214.0689225884086
 10
138.57200666015706
 20
214.06887738990406
 10
138.65265503261512
 20
214.0697712299504
 10
138.7332875142335
 20
214.0716047145812
 10
138.81389310533226
 20
214.0743790880939
 10
138.89446072201693
 20
214.0780962363247
 10
138.9749791610189
 20
214.08275869161622
 10
139.05543706369895
 20
214.08836963949614
 10
139.13582287895534
 20
214.09493292709044
 10
139.21612482476442
 20
214.10245307330064
 10
139.2963308480665
 20
214.11093528078078
 10
139.3764285826893
 20
214.12038544975326
 10
139.45640530497855
 20
214.13081019370884
 10
139.5362478867769
 20
214.14221685703836
 10
139.61594274536057
 20
214.1546135346474
 10
139.69547578990503
 20
214.16800909360688
 10
139.77483236400806
 20
214.182413196891
 10
139.85399718374842
 20
214.1978363292542
 10
139.93295427070112
 20
214.21428982529113
 10
140.01168687926528
 20
214.23178589971786
 10
140.09017741758555
 20
214.25033767989737
 10
140.16840736126343
 20
214.2699592406159
 10
140.2463571589585
 20
214.29066564108814
 10
140.32400612886954
 20
214.3124729641375
 10
140.40133234496295
 20
214.33539835744688
 10
140.4783125116743
 20
214.35946007671623
 10
140.55492182565408
 20
214.38467753048042
 10
140.63113382295063
 20
214.41107132623688
 10
140.7069202098288
 20
214.43866331739707
 10
140.78225067520486
 20
214.46747665040164
 10
140.85709268244176
 20
214.49753581111884
 10
140.93141123799003
 20
214.528866669364
 10
141.00516863408626
 20
214.56149652001932
 10
141.07832416243534
 20
214.5954541187835
 10
141.15083379551572
 20
214.63076971000993
 10
141.22264983187404
 20
214.66747504337752
 10
141.29372050153938
 20
214.70560337524222
 10
141.36398952752546
 20
214.7451894494016
  0
LWPOLYLINE
  5
9E
330
17
100
AcDbEntity
  8
01-VISIBLE
100
AcDbPolyline
 90
27
 70
0
 10
141.36398952752546
 20
217.6845771407414
 10
141.4336509578261
 20
217.72581207900612
 10
141.50237550971772
 20
217.76858999408222
 10
141.57008940530508
 20
217.81295009903033
 10
141.63671198328313
 20
217.85893266432606
 10
141.70215497453125
 20
217.90657874999692
 10
141.76632171891572
 20
217.95592984085016
 10
141.8291063285575
 20
218.00702736053438
 10
141.89039280834103
 20
218.05991203556272
 10
141.95005415223696
 20
218.1146230755907
 10
142.0079514447324
 20
218.17119713163208
 10
142.06393301099138
 20
218.22966699024096
 10
142.11783367792603
 20
218.29005996019015
 10
142.16947423151223
 20
218.35239591058354
 10
142.2186611831839
 20
218.41668492813056
 10
142.26518698864555
 20
218.48292457964976
 10
142.30883089279519
 20
218.55109679745505
 10
142.34936059891007
 20
218.62116445368656
 10
142.38653496982593
 20
218.69306775713795
 10
142.42010795126032
 20
218.76672069160912
 10
142.44983384845014
 20
218.84200781122286
 10
142.4754739741589
 20
218.9187817998752
 10
142.49680451374215
 20
218.99686226385836
 10
142.51362523165196
 20
219.07603622664243
 10
142.52576840585218
 20
219.1560607022206
 10
142.53310717684715
 20
219.23666752282872
 10
142.53556240277928
 20
219.3175703025969
  0
LWPOLYLINE
  5
9F
330
17
100
AcDbEntity
  8
01-VISIBLE
100
AcDbPolyline
 90
127
 70
0
 10
142.53556240277928
 20
219.3175703025969
 10
142.53316004640422
 20
219.39759754730017
 10
142.52597874225026
 20
219.47733829864438
 10
142.51409430543637
 20
219.5565151355184
 10
142.4976283622197
 20
219.63486791948225
 10
142.47674190477153
 20
219.71216044146513
 10
142.45162741865084
 20
219.7881850748069
 10
142.42250042644602
 20
219.86276531363228
 10
142.38959120884718
 20
219.93575634848673
 10
142.35313728447537
 20
220.0070440204047
 10
142.31337701192356
 20
220.0765425855638
 10
142.27054447193206
 20
220.14419172806066
 10
142.22486562504716
 20
220.20995320512316
 10
142.17655563121113
 20
220.27380742634693
 10
142.12581715887558
 20
220.33575017968604
 10
142.07283949139025
 20
220.39578963686796
 10
142.01779824473869
 20
220.4539437067461
 10
141.96085553182337
 20
220.51023775836194
 10
141.9021604359507
 20
220.56470270442202
 10
141.8418496843749
 20
220.61737341737478
 10
141.78004843857968
 20
220.66828744094676
 10
141.71687113997132
 20
220.71748395691816
 10
141.65242236747292
 20
220.7650029677538
 10
141.58679767739312
 20
220.8108846587582
 10
141.52008440642734
 20
220.8551689075369
 10
141.45236242634834
 20
220.8978949129758
 10
141.38370484444377
 20
220.93910092025305
 10
141.3141786475819
 20
220.97882402234382
 10
141.24384529035348
 20
221.01710002194795
 10
141.1727612293901
 20
221.05396334075795
 10
141.10097840695428
 20
221.08944696549065
 10
141.0285446874326
 20
221.1235824221949
 10
140.95550425058244
 20
221.15639977205575
 10
140.88189794539448
 20
221.18792762331225
 10
140.8077636083086
 20
221.2181931550316
 10
140.73313634931594
 20
221.2472221493906
 10
140.6580488092306
 20
221.2750390298421
 10
140.58253139114632
 20
221.30166690312348
 10
140.50661246882152
 20
221.3271276035262
 10
140.4303185744733
 20
221.35144173821152
 10
140.3536745682116
 20
221.37462873264587
 10
140.27670379111356
 20
221.39670687545828
 10
140.19942820372555
 20
221.41769336220085
 10
140.12186851158896
 20
221.43760433763447
 10
140.04404427921148
 20
221.45645493626893
 10
139.9659740337516
 20
221.47425932097508
 10
139.8876753595449
 20
221.49103071954698
 10
139.80916498447854
 20
221.5067814591469
 10
139.7304588591116
 20
221.52152299859898
 10
139.65157222934243
 20
221.53526595852856
 10
139.5725197033404
 20
221.54802014936269
 10
139.49331531338385
 20
221.55979459722255
 10
139.41397257318187
 20
221.57059756774726
 10
139.33450453119895
 20
221.58043658789643
 10
139.25492382045258
 20
221.58931846577894
 10
139.17524270520943
 20
221.5972493085597
 10
139.09547312496787
 20
221.6042345384929
 10
139.01562673608225
 20
221.61027890712927
 10
138.93571495135538
 20
221.61538650774094
 10
138.8557489779023
 20
221.61956078600548
 10
138.77573985356727
 20
221.6228045489829
 10
138.6956984821606
 20
221.62511997241842
 10
138.61563566776587
 20
221.62650860639468
 10
138.53556214836033
 20
221.62697137935538
 10
138.45548862898085
 20
221.62650860051286
 10
138.37542581466445
 20
221.62511996065024
 10
138.2953844433885
 20
221.6228045313195
 10
138.215375319237
 20
221.6195607624332
 10
138.1354093460206
 20
221.61538647824182
 10
138.05549756158427
 20
221.61027887168052
 10
137.9756511730439
 20
221.60423449706707
 10
137.89588159320328
 20
221.59724926112443
 10
137.81620047841815
 20
221.58931841229708
 10
137.7366197681885
 20
221.58043652832572
 10
137.65715172678293
 20
221.5705975020403
 10
137.57780898722132
 20
221.55979452532654
 10
137.49860459797105
 20
221.54802007121958
 10
137.41955207274455
 20
221.53526587407458
 10
137.34066544382426
 20
221.52152290776485
 10
137.26195931938415
 20
221.50678136185746
 10
137.1834489453281
 20
221.49103061572117
 10
137.10515027222152
 20
221.474259210526
 10
137.02708002795885
 20
221.45645481910356
 10
136.94925579688402
 20
221.43760421365374
 10
136.87169610616513
 20
221.41769323129984
 10
136.79442052032078
 20
221.39670673752596
 10
136.7174497449046
 20
221.3746285875656
 10
136.6408057404769
 20
221.3514415858611
 10
136.5645118481304
 20
221.32712744377818
 10
136.4885929279925
 20
221.30166673584563
 10
136.4130755122998
 20
221.27503885489796
 10
136.33798797483246
 20
221.2472219666401
 10
136.2633607187082
 20
221.2181929643321
 10
136.18922638476778
 20
221.18792742451967
 10
136.1156200830316
 20
221.15639956502577
 10
136.04257964997169
 20
221.12358220678465
 10
135.97014593461407
 20
221.08944674156083
 10
135.89836311675452
 20
221.05396310817503
 10
135.82727906082138
 20
221.0170997805871
 10
135.75694570912248
 20
220.9788237720923
 10
135.68741951833815
 20
220.93910066101427
 10
135.61876194311137
 20
220.8978946446736
 10
135.551039970366
 20
220.85516863012174
 10
135.48432670744845
 20
220.81088437221285
 10
135.41870202619288
 20
220.7650026721011
 10
135.35425326335826
 20
220.7174836522292
 10
135.29107597531777
 20
220.6682871273506
 10
135.2292747410589
 20
220.61737309506907
 10
135.16896400205025
 20
220.5647023736849
 10
135.11026891983352
 20
220.51023741956476
 10
135.05332622171372
 20
220.45394336036708
 10
134.9982849910375
 20
220.39578928350653
 10
134.94530734073348
 20
220.33574982007804
 10
134.89456888679365
 20
220.2738070613811
 10
134.84625891255666
 20
220.20995283586223
 10
134.80058008644346
 20
220.1441913557723
 10
134.7577475683501
 20
220.07654221177557
 10
134.71798731877004
 20
220.00704364700596
 10
134.68153341839476
 20
219.93575597792
 10
134.64862422577724
 20
219.86276494923362
 10
134.61949725948483
 20
219.788184721371
 10
134.59438280005523
 20
219.71216010609407
 10
134.57349636963278
 20
219.63486761269507
 10
134.55703045271218
 20
219.55651487238617
 10
134.54514603936877
 20
219.4773380993372
 10
134.53796475246452
 20
219.3975974359078
 10
134.53556240277928
 20
219.3175703025969
  0
LWPOLYLINE
  5
A0
330
17
100
AcDbEntity
  8
01-VISIBLE
100
AcDbPolyline
 90
100
 70
0
 10
134.53556240277928
 20
219.3175703025969
 10
134.53799956290126
 20
219.23696562691276
 10
134.54528452939724
 20
219.1566536645533
 10
134.5573393049862
 20
219.07691772855037
 10
134.57403882996664
 20
218.9980232366583
 10
134.5952176954748
 20
218.92021085674736
 10
134.6206783278286
 20
218.8436917387932
 10
134.65019975800766
 20
218.76864495290187
 10
134.6835461809684
 20
218.69521696595024
 10
134.7204747023272
 20
218.6235227927295
 10
134.76074190087897
 20
218.55364836539098
 10
134.80410905126905
 20
218.48565366304234
 10
134.8503460201456
 20
218.4195762021767
 10
134.89923396081403
 20
218.3554345772174
 10
134.9505669903923
 20
218.29323183425674
 10
135.0041530518545
 20
218.23295854468518
 10
135.05981415491559
 20
218.17459551175904
 10
135.11738616640773
 20
218.11811609100658
 10
135.17671829145024
 20
218.06348813678926
 10
135.23767235700024
 20
218.01067560574847
 10
135.3001219824452
 20
217.9596398568488
 10
135.36395169914076
 20
217.91034069037227
 10
135.4290560624902
 20
217.86273716694825
 10
135.49533878598257
 20
217.8167882442607
 10
135.5627119159643
 20
217.77245326463031
 10
135.63109505815325
 20
217.72969232197818
 10
135.70041466139048
 20
217.68846653216582
 10
135.7706033603233
 20
217.6487382266087
 10
135.8415993761829
 20
217.61047108547137
 10
135.91334597321338
 20
217.57363022368412
 10
135.985790967358
 20
217.5381822404521
 10
136.05888628331772
 20
217.50409524079896
 10
136.13258755591485
 20
217.47133883594768
 10
136.20685377171984
 20
217.43988412792788
 10
136.28164694705157
 20
217.40970368265795
 10
136.35693183869336
 20
217.3807714948361
 10
136.43267568393608
 20
217.35306294724347
 10
136.50884796684753
 20
217.3265547664792
 10
136.58542020795176
 20
217.3012249766872
 10
136.6623657747794
 20
217.2770528524673
 10
136.73965971100782
 20
217.2540188718762
 10
136.81727858215035
 20
217.23210467019686
 10
136.89520033597285
 20
217.2112929949771
 10
136.97340417601293
 20
217.19156766269992
 10
137.0518704467565
 20
217.17291351734093
 10
137.1305805291831
 20
217.15531639098316
 10
137.2095167455351
 20
217.1387630665995
 10
137.28866227228897
 20
217.12324124306002
 10
137.36800106041915
 20
217.1087395023901
 10
137.4475177621416
 20
217.0952472792735
 10
137.52719766341073
 20
217.08275483278004
 10
137.6070266215189
 20
217.07125322028048
 10
137.686991007213
 20
217.06073427350464
 10
137.7670776508021
 20
217.05119057669197
 10
137.84727379177914
 20
217.04261544678343
 10
137.92756703152463
 20
217.0350029156009
 10
138.007945288698
 20
217.02834771396346
 10
138.08839675695515
 20
217.02264525769203
 10
138.16890986465913
 20
217.01789163545737
 10
138.24947323627438
 20
217.0140835984309
 10
138.330075655155
 20
217.01121855170322
 10
138.41070602745452
 20
217.0092945474396
 10
138.49135334689655
 20
217.00831027974846
 10
138.57200666015706
 20
217.0082650812439
 10
138.65265503261512
 20
217.00915892129024
 10
138.7332875142335
 20
217.01099240592106
 10
138.81389310533226
 20
217.01376677943375
 10
138.89446072201693
 20
217.0174839276645
 10
138.9749791610189
 20
217.022146382956
 10
139.05543706369895
 20
217.02775733083598
 10
139.13582287895534
 20
217.03432061843029
 10
139.21612482476442
 20
217.04184076464048
 10
139.2963308480665
 20
217.05032297212063
 10
139.3764285826893
 20
217.0597731410931
 10
139.45640530497855
 20
217.07019788504869
 10
139.5362478867769
 20
217.08160454837815
 10
139.61594274536057
 20
217.09400122598726
 10
139.69547578990503
 20
217.10739678494673
 10
139.77483236400806
 20
217.12180088823084
 10
139.85399718374842
 20
217.13722402059403
 10
139.93295427070112
 20
217.15367751663098
 10
140.01168687926528
 20
217.17117359105765
 10
140.09017741758555
 20
217.18972537123722
 10
140.16840736126343
 20
217.20934693195574
 10
140.2463571589585
 20
217.23005333242799
 10
140.32400612886954
 20
217.25186065547734
 10
140.40133234496295
 20
217.27478604878672
 10
140.4783125116743
 20
217.29884776805608
 10
140.55492182565408
 20
217.32406522182026
 10
140.63113382295063
 20
217.35045901757672
 10
140.7069202098288
 20
217.37805100873692
 10
140.78225067520486
 20
217.40686434174148
 10
140.85709268244176
 20
217.43692350245868
 10
140.93141123799003
 20
217.46825436070384
 10
141.00516863408626
 20
217.50088421135916
 10
141.07832416243534
 20
217.53484181012334
 10
141.15083379551572
 20
217.57015740134977
 10
141.22264983187404
 20
217.60686273471737
 10
141.29372050153938
 20
217.644991066582
 10
141.36398952752546
 20
217.6845771407414
  0
LWPOLYLINE
  5
A1
330
17
100
AcDbEntity
  8
01-VISIBLE
100
AcDbPolyline
 90
15
 70
0
 10
140.09119732138967
 20
218.4194240635764
 10
140.16194287202939
 20
218.4622172430864
 10
140.23078940532358
 20
218.50800140294626
 10
140.29744457319214
 20
218.55691899887063
 10
140.36156248401846
 20
218.60911571611666
 10
140.42273352666714
 20
218.66473414419164
 10
140.48047357508537
 20
218.72390358020152
 10
140.5342139085824
 20
218.78672438698953
 10
140.5832944636346
 20
218.8532451984779
 10
140.6269648945475
 20
218.92343174091008
 10
140.66440007712802
 20
218.997127818796
 10
140.69473802285137
 20
219.0740128886357
 10
140.7171463324907
 20
219.15356668716424
 10
140.73091541732953
 20
219.2350573914756
 10
140.73556240277927
 20
219.3175703025969
  0
LWPOLYLINE
  5
A2
330
17
100
AcDbEntity
  8
01-VISIBLE
100
AcDbPolyline
 90
55
 70
0
 10
136.3355624027793
 20
219.3175703025969
 10
136.3400581080006
 20
219.23641019004504
 10
136.35338421851026
 20
219.15622350002508
 10
136.3750874670916
 20
219.07788436067472
 10
136.40449926408726
 20
219.00209716644093
 10
136.44083139961646
 20
218.92936845458973
 10
136.48326305944866
 20
218.8600161508419
 10
136.5310040108274
 20
218.79420119981017
 10
136.5833316648952
 20
218.73196658389833
 10
136.63960714595746
 20
218.67327387389093
 10
136.69927749640541
 20
218.61803289768238
 10
136.7618701489929
 20
218.56612374453744
 10
136.82698391562027
 20
218.51741207799012
 10
136.89427904241722
 20
218.47175926558396
 10
136.96346767626204
 20
218.42902876898563
 10
137.03430534274838
 20
218.3890899600106
 10
137.1065836189967
 20
218.35182022528232
 10
137.1801239738949
 20
218.31710596615045
 10
137.25477265569657
 20
218.28484290652892
 10
137.3303964773004
 20
218.25493598292013
 10
137.40687935093368
 20
218.22729899561614
 10
137.48411943880197
 20
218.20185413595732
 10
137.5620268054428
 20
218.17853146206528
 10
137.64052147664302
 20
218.1572683676763
 10
137.71953182696674
 20
218.13800907070612
 10
137.7989932325801
 20
218.12070413665737
 10
137.87884693815576
 20
218.10531004471437
 10
137.95903909644474
 20
218.09178879987394
 10
138.03951994695538
 20
218.08010759177552
 10
138.12024310641297
 20
218.0702384993644
 10
138.20116494858922
 20
218.06215823974907
 10
138.2822440549367
 20
218.05584795931026
 10
138.36344072044537
 20
218.0512930651181
 10
138.44471650141588
 20
218.04848309490188
 10
138.52603379354042
 20
218.0474116241101
 10
138.60735542988908
 20
218.04807620897026
 10
138.6886442891834
 20
218.05047836485716
 10
138.7698629051403
 20
218.05462357970458
 10
138.85097306771078
 20
218.06052136262576
 10
138.93193540672314
 20
218.06818532833364
 10
139.01270894774703
 20
218.07763331836134
 10
139.0932506288947
 20
218.0888875604631
 10
139.17351476569846
 20
218.10197486788928
 10
139.25345244907405
 20
218.11692688045042
 10
139.3330108585748
 20
218.13378034933243
 10
139.41213246951395
 20
218.15257746741077
 10
139.4907541278896
 20
218.17336624616274
 10
139.56880596114584
 20
218.19620093896242
 10
139.64621008536042
 20
218.22114250816975
 10
139.72287906013233
 20
218.248259129431
 10
139.79871403091275
 20
218.27762672009766
 10
139.8736024844905
 20
218.30932946831598
 10
139.94741552673082
 20
218.34346032311333
 10
140.0200045728898
 20
218.3801213806821
 10
140.09119732138967
 20
218.4194240635764
  0
LWPOLYLINE
  5
A3
330
17
100
AcDbEntity
  8
01-VISIBLE
100
AcDbPolyline
 90
15
 70
0
 10
140.09119732138967
 20
219.07262132831858
 10
140.16194287202939
 20
219.11541450782858
 10
140.23078940532358
 20
219.16119866768844
 10
140.29744457319214
 20
219.2101162636128
 10
140.36156248401846
 20
219.26231298085884
 10
140.42273352666714
 20
219.31793140893382
 10
140.48047357508537
 20
219.3771008449437
 10
140.5342139085824
 20
219.4399216517317
 10
140.5832944636346
 20
219.50644246322008
 10
140.6269648945475
 20
219.57662900565225
 10
140.66440007712802
 20
219.65032508353818
 10
140.69473802285137
 20
219.72721015337788
 10
140.7171463324907
 20
219.80676395190642
 10
140.73091541732953
 20
219.88825465621778
 10
140.73556240277927
 20
219.97076756733907
  0
LWPOLYLINE
  5
A4
330
17
100
AcDbEntity
  8
01-VISIBLE
100
AcDbPolyline
 90
70
 70
0
 10
140.73556240277927
 20
219.97076756733907
 10
140.73116562265662
 20
220.05103067813576
 10
140.71812936866425
 20
220.13035186003697
 10
140.69688800934136
 20
220.20788330730517
 10
140.66808384232465
 20
220.28293862615095
 10
140.63247656333647
 20
220.3550205236299
 10
140.59086022904674
 20
220.42381312992637
 10
140.54400222978626
 20
220.4891527077164
 10
140.49260685116062
 20
220.55099080801455
 10
140.4372989023235
 20
220.60935932172293
 10
140.3786208109982
 20
220.664341813279
 10
140.3170373804831
 20
220.71605205526186
 10
140.25294411411895
 20
220.76461895090233
 10
140.1866766067494
 20
220.8101764636163
 10
140.11851965604006
 20
220.8528571951262
 10
140.04871547241646
 20
220.89278849765964
 10
139.9774707794739
 20
220.93009028558316
 10
139.90496281031358
 20
220.96487395397395
 10
139.8313443024329
 20
220.99724199769605
 10
139.75674762774983
 20
221.02728805875
 10
139.68128819650082
 20
221.05509722287144
 10
139.60506726161805
 20
221.0807464495586
 10
139.52817423299035
 20
221.10430506187038
 10
139.45068859329973
 20
221.12583525012127
 10
139.3726814909317
 20
221.1453925617168
 10
139.294217071511
 20
221.16302636105956
 10
139.21535359800063
 20
221.1787802508955
 10
139.13614439983093
 20
221.1926924511211
 10
139.0566386839003
 20
221.20479613389836
 10
138.97688223420926
 20
221.21511971556544
 10
138.89691802207236
 20
221.22368710670906
 10
138.81678674506583
 20
221.23051792214557
 10
138.73652730991347
 20
221.23562765263182
 10
138.65617727223858
 20
221.23902780000236
 10
138.57577324439205
 20
221.2407259771852
 10
138.49535128131762
 20
221.24072597423157
 10
138.4149472535669
 20
221.23902779113388
 10
138.33459721608443
 20
221.23562763782598
 10
138.2543377812228
 20
221.23051790136435
 10
138.17420650460804
 20
221.22368707989853
 10
138.0942422929683
 20
221.21511968265537
 10
138.01448584388592
 20
221.20479609480128
 10
137.9349801286843
 20
221.19269240573175
 10
137.85577093137587
 20
221.17878019908966
 10
137.77690745887514
 20
221.16302630269394
 10
137.69844304063358
 20
221.14539249662795
 10
137.6204359396415
 20
221.12583517812567
 10
137.54295030155825
 20
221.1043049827647
 10
137.46605727481287
 20
221.08074636312057
 10
137.3898363421412
 20
221.05509712886158
 10
137.31437691349805
 20
221.02728795691496
 10
137.2397802418954
 20
220.99724188777367
 10
137.16616173766536
 20
220.96487383570036
 10
137.0936537728394
 20
220.9300901587032
 10
137.02240908504788
 20
220.8927883619416
 10
136.95260490754586
 20
220.85285705038189
 10
136.8844479641038
 20
220.8101763097281
 10
136.81818046534192
 20
220.7646187878592
 10
136.75408720913578
 20
220.71605188320626
 10
136.69250379054407
 20
220.66434163256582
 10
136.63382571311004
 20
220.60935913299113
 10
136.57851778029425
 20
220.55099061226872
 10
136.5271224199052
 20
220.48915250641835
 10
136.4802644410721
 20
220.42381292511328
 10
136.4386481292694
 20
220.3550203181644
 10
136.40304087466183
 20
220.28293842446465
 10
136.37423673375028
 20
220.20788311750846
 10
136.35299540147662
 20
220.13035169857267
 10
136.3399591716941
 20
220.05103057593857
 10
136.3355624027793
 20
219.97076756733907
  0
LWPOLYLINE
  5
A5
330
17
100
AcDbEntity
  8
01-VISIBLE
100
AcDbPolyline
 90
55
 70
0
 10
136.3355624027793
 20
219.97076756733907
 10
136.3400581080006
 20
219.8896074547872
 10
136.35338421851026
 20
219.80942076476725
 10
136.3750874670916
 20
219.7310816254169
 10
136.40449926408726
 20
219.6552944311831
 10
136.44083139961646
 20
219.5825657193319
 10
136.48326305944866
 20
219.51321341558406
 10
136.5310040108274
 20
219.44739846455235
 10
136.5833316648952
 20
219.3851638486405
 10
136.63960714595746
 20
219.3264711386331
 10
136.69927749640541
 20
219.27123016242456
 10
136.7618701489929
 20
219.2193210092796
 10
136.82698391562027
 20
219.1706093427323
 10
136.89427904241722
 20
219.12495653032613
 10
136.96346767626204
 20
219.0822260337278
 10
137.03430534274838
 20
219.04228722475278
 10
137.1065836189967
 20
219.0050174900245
 10
137.1801239738949
 20
218.97030323089263
 10
137.25477265569657
 20
218.9380401712711
 10
137.3303964773004
 20
218.9081332476623
 10
137.40687935093368
 20
218.8804962603583
 10
137.48411943880197
 20
218.8550514006995
 10
137.5620268054428
 20
218.83172872680746
 10
137.64052147664302
 20
218.81046563241847
 10
137.71953182696674
 20
218.7912063354483
 10
137.7989932325801
 20
218.77390140139954
 10
137.87884693815576
 20
218.75850730945655
 10
137.95903909644474
 20
218.7449860646161
 10
138.03951994695538
 20
218.7333048565177
 10
138.12024310641297
 20
218.72343576410657
 10
138.20116494858922
 20
218.71535550449124
 10
138.2822440549367
 20
218.70904522405243
 10
138.36344072044537
 20
218.70449032986028
 10
138.44471650141588
 20
218.70168035964406
 10
138.52603379354042
 20
218.7006088888523
 10
138.60735542988908
 20
218.70127347371243
 10
138.6886442891834
 20
218.70367562959933
 10
138.7698629051403
 20
218.70782084444676
 10
138.85097306771078
 20
218.71371862736794
 10
138.93193540672314
 20
218.72138259307582
 10
139.01270894774703
 20
218.7308305831035
 10
139.0932506288947
 20
218.74208482520527
 10
139.17351476569846
 20
218.75517213263146
 10
139.25345244907405
 20
218.7701241451926
 10
139.3330108585748
 20
218.7869776140746
 10
139.41213246951395
 20
218.80577473215294
 10
139.4907541278896
 20
218.82656351090492
 10
139.56880596114584
 20
218.8493982037046
 10
139.64621008536042
 20
218.87433977291192
 10
139.72287906013233
 20
218.90145639417318
 10
139.79871403091275
 20
218.93082398483983
 10
139.8736024844905
 20
218.96252673305816
 10
139.94741552673082
 20
218.9966575878555
 10
140.0200045728898
 20
219.0333186454243
 10
140.09119732138967
 20
219.07262132831858
  0
LWPOLYLINE
  5
A6
330
17
100
AcDbEntity
  8
01-VISIBLE
100
AcDbPolyline
 90
204
 70
0
 10
89.81443759722072
 20
119.67320617845947
 10
89.86399729561921
 20
119.61013498755321
 10
89.91390750817222
 20
119.54734080189098
 10
89.96416415860563
 20
119.48482353710604
 10
90.01476321174854
 20
119.42258307305353
 10
90.06570067369987
 20
119.36061925501107
 10
90.11697259196025
 20
119.29893189485577
 10
90.16857505553077
 20
119.23752077221765
 10
90.22050419498005
 20
119.17638563560956
 10
90.27275618248115
 20
119.11552620353304
 10
90.32532723181964
 20
119.05494216556039
 10
90.37821359837451
 20
118.99463318339289
 10
90.43141157907283
 20
118.9345988918951
 10
90.48491751231995
 20
118.8748389001055
 10
90.53872777790626
 20
118.81535279222322
 10
90.59283879689175
 20
118.75614012857145
 10
90.64724703146967
 20
118.6972004465373
 10
90.7019489848105
 20
118.63853326148848
 10
90.75694120088704
 20
118.58013806766698
 10
90.81222026428222
 20
118.52201433906004
 10
90.86778279998018
 20
118.46416153024845
 10
90.92362547314201
 20
118.40657907723269
 10
90.97974498886677
 20
118.34926639823715
 10
91.03613809193914
 20
118.29222289449254
 10
91.09280156656422
 20
118.2354479509971
 10
91.1497322360906
 20
118.17894093725664
 10
91.2069269627224
 20
118.12270120800402
 10
91.2643826472212
 20
118.06672810389824
 10
91.3220962285983
 20
118.01102095220344
 10
91.38006468379874
 20
117.9555790674484
 10
91.43828502737689
 20
117.90040175206676
 10
91.49675431116499
 20
117.84548829701825
 10
91.55546962393495
 20
117.79083798239145
 10
91.61442809105415
 20
117.7364500779884
 10
91.67362687413556
 20
117.68232384389147
 10
91.73306317068335
 20
117.62845853101277
 10
91.79273421373375
 20
117.57485338162658
 10
91.85263727149226
 20
117.52150762988512
 10
91.91276964696732
 20
117.46842050231805
 10
91.97312867760134
 20
117.41559121831622
 10
92.03371173489887
 20
117.36301899059963
 10
92.09451622405302
 20
117.31070302567049
 10
92.15553958357006
 20
117.2586425242514
 10
92.21677928489265
 20
117.20683668170915
 10
92.27823283202237
 20
117.1552846884644
 10
92.33989776114132
 20
117.10398573038778
 10
92.4017716402337
 20
117.05293898918248
 10
92.46385206870721
 20
117.00214364275398
 10
92.5261366770148
 20
116.95159886556709
 10
92.58862312627696
 20
116.90130382899062
 10
92.65130910790478
 20
116.85125770163003
 10
92.7141923432242
 20
116.80145964964856
 10
92.77727058310117
 20
116.75190883707683
 10
92.84054160756867
 20
116.70260442611152
 10
92.90400322545509
 20
116.65354557740335
 10
92.96765327401457
 20
116.60473145033447
 10
93.03148961855933
 20
116.55616120328591
 10
93.09551015209419
 20
116.5078339938951
 10
93.15971279495325
 20
116.45974897930387
 10
93.22409549443927
 20
116.41190531639708
 10
93.28865622446537
 20
116.36430216203243
 10
93.35339298519956
 20
116.31693867326138
 10
93.41830380271205
 20
116.26981400754158
 10
93.48338672862536
 20
116.2229273229413
 10
93.54863983976762
 20
116.17627777833556
 10
93.61406123782866
 20
116.12986453359477
 10
93.67964904901953
 20
116.0836867497658
 10
93.74540142373499
 20
116.0377435892458
 10
93.81131653621944
 20
115.9920342159489
 10
93.87739258423613
 20
115.94655779546618
 10
93.94362778873972
 20
115.90131349521906
 10
94.01002039355231
 20
115.85630048460615
 10
94.07656866504288
 20
115.81151793514408
 10
94.14327089181032
 20
115.76696502060219
 10
94.2101253843699
 20
115.72264091713143
 10
94.27713047484328
 20
115.67854480338778
 10
94.34428451665218
 20
115.63467586064999
 10
94.41158588421558
 20
115.59103327293238
 10
94.47903297265046
 20
115.54761622709216
 10
94.54662419747626
 20
115.5044239129322
 10
94.61435799432289
 20
115.4614555232988
 10
94.68223281864229
 20
115.41871025417497
 10
94.75024714542377
 20
115.37618730476919
 10
94.81839946891273
 20
115.33388587759997
 10
94.8866883023332
 20
115.29180517857614
 10
94.95511217761371
 20
115.24994441707321
 10
95.02366964511714
 20
115.20830280600583
 10
95.09235927337357
 20
115.16687956189651
 10
95.16117964881728
 20
115.12567390494073
 10
95.23012937552679
 20
115.0846850590685
 10
95.29920707496862
 20
115.04391225200263
 10
95.36841138574468
 20
115.00335471531375
 10
95.43774096334275
 20
114.9630116844721
 10
95.50719447989073
 20
114.92288239889638
 10
95.57677062391423
 20
114.88296610199964
 10
95.64646810009737
 20
114.84326204123244
 10
95.71628562904718
 20
114.80376946812305
 10
95.7862219470612
 20
114.76448763831542
 10
95.85627580589835
 20
114.72541581160417
 10
95.92644597255324
 20
114.68655325196752
 10
95.99673122903349
 20
114.64789922759783
 10
96.06713037214038
 20
114.60945301092953
 10
96.13764221325275
 20
114.57121387866538
 10
96.20826557811384
 20
114.53318111180025
 10
96.27899930662144
 20
114.49535399564306
 10
96.34984225262092
 20
114.4577318198368
 10
96.42079328370147
 20
114.42031387837656
 10
96.49185128099526
 20
114.38309946962586
 10
96.56301513897955
 20
114.3460878963312
 10
96.63428376528176
 20
114.30927846563497
 10
96.70565608048744
 20
114.27267048908683
 10
96.77713101795112
 20
114.2362632826534
 10
96.84870752360982
 20
114.20005616672663
 10
96.9203845557997
 20
114.1640484661306
 10
96.99216108507511
 20
114.12823951012714
 10
97.06403609403046
 20
114.09262863242003
 10
97.13600857712493
 20
114.05721517115789
 10
97.20807754050958
 20
114.02199846893603
 10
97.28024200185723
 20
113.98697787279698
 10
97.35250099019498
 20
113.95215273423005
 10
97.42485354573888
 20
113.91752240916975
 10
97.49729871973172
 20
113.8830862579932
 10
97.56983557428268
 20
113.84884364551658
 10
97.64246318220987
 20
113.81479394099068
 10
97.7151806268849
 20
113.7809365180955
 10
97.7879870020802
 20
113.74727075493398
 10
97.86088141181824
 20
113.71379603402511
 10
97.93386297022344
 20
113.68051174229589
 10
98.00693080137611
 20
113.64741727107298
 10
98.08008403916863
 20
113.61451201607325
 10
98.15332182716392
 20
113.58179537739395
 10
98.22664331845607
 20
113.54926675950206
 10
98.3000476755329
 20
113.51692557122306
 10
98.37353407014092
 20
113.48477122572913
 10
98.44710168315218
 20
113.45280314052687
 10
98.52074970443307
 20
113.42102073744425
 10
98.59447733271537
 20
113.38942344261739
 10
98.66828377546904
 20
113.35801068647655
 10
98.74216824877705
 20
113.32678190373187
 10
98.81612997721223
 20
113.29573653335854
 10
98.89016819371571
 20
113.26487401858174
 10
98.96428213947752
 20
113.234193806861
 10
99.03847106381883
 20
113.20369534987427
 10
99.11273422407602
 20
113.17337810350173
 10
99.1870708854866
 20
113.14324152780912
 10
99.26148032107677
 20
113.1132850870309
 10
99.33596181155062
 20
113.08350824955306
 10
99.41051464518125
 20
113.05391048789565
 10
99.48513811770337
 20
113.02449127869505
 10
99.55983153220754
 20
112.99525010268613
 10
99.63459419903606
 20
112.96618644468398
 10
99.70942543568042
 20
112.93729979356566
 10
99.78432456668028
 20
112.90858964225151
 10
99.85929092352409
 20
112.88005548768655
 10
99.93432384455093
 20
112.85169683082151
 10
100.00942267485419
 20
112.82351317659388
 10
100.08458676618659
 20
112.79550403390854
 10
100.1598154768663
 20
112.76766891561877
 10
100.23510817168497
 20
112.74000733850656
 10
100.31046422181691
 20
112.7125188232632
 10
100.3858830047295
 20
112.68520289446973
 10
100.4613639040952
 20
112.65805908057717
 10
100.53690630970468
 20
112.63108691388689
 10
100.61250961738136
 20
112.60428593053064
 10
100.6881732288972
 20
112.57765567045078
 10
100.76389655188962
 20
112.55119567738043
 10
100.83967899977992
 20
112.52490549882343
 10
100.9155199916926
 20
112.49878468603441
 10
100.99141895237614
 20
112.47283279399886
 10
101.06737531212477
 20
112.44704938141311
 10
101.14338850670146
 20
112.42143401066434
 10
101.21945797726212
 20
112.39598624781055
 10
101.29558317028074
 20
112.37070566256074
 10
101.3717635374758
 20
112.34559182825475
 10
101.44799853573763
 20
112.3206443218435
 10
101.52428762705695
 20
112.295862723869
 10
101.60063027845435
 20
112.27124661844454
 10
101.67702596191089
 20
112.2467955932348
 10
101.75347415429951
 20
112.22250923943615
 10
101.82997433731785
 20
112.19838715175688
 10
101.90652599742145
 20
112.17442892839756
 10
101.98312862575854
 20
112.1506341710314
 10
102.05978171810523
 20
112.12700248478477
 10
102.136484774802
 20
112.10353347821763
 10
102.21323730069099
 20
112.08022676330421
 10
102.29003880505402
 20
112.05708195541372
 10
102.36688880155182
 20
112.03409867329098
 10
102.44378680816384
 20
112.0112765390374
 10
102.52073234712904
 20
111.98861517809183
 10
102.59772494488752
 20
111.96611421921163
 10
102.67476413202296
 20
111.94377329445373
 10
102.75184944320586
 20
111.92159203915591
 10
102.82898041713753
 20
111.89957009191806
 10
102.90615659649507
 20
111.87770709458363
 10
102.98337752787684
 20
111.85600269222113
 10
103.06064276174884
 20
111.83445653310574
 10
103.13795185239186
 20
111.81306826870109
 10
103.21530435784933
 20
111.79183755364109
 10
103.29269983987581
 20
111.77076404571183
 10
103.37013786388636
 20
111.74984740583375
 10
103.44761799890648
 20
111.72908729804374
 10
103.5251398175227
 20
111.70848338947754
 10
103.60270289583399
 20
111.68803535035207
 10
103.68030681340373
 20
111.66774285394806
  0
LINE
  5
A7
330
17
100
AcDbEntity
  8
01-VISIBLE
100
AcDbLine
 10
103.68030681340372
 20
101.86978388281534
 30
0.0
 11
103.68030681340372
 21
111.66774285394806
 31
0.0
  0
LWPOLYLINE
  5
A8
330
17
100
AcDbEntity
  8
01-VISIBLE
100
AcDbPolyline
 90
204
 70
0
 10
89.81443759722072
 20
109.87524720732677
 10
89.86399729561921
 20
109.8121760164205
 10
89.91390750817222
 20
109.74938183075827
 10
89.96416415860563
 20
109.68686456597332
 10
90.01476321174854
 20
109.62462410192083
 10
90.06570067369987
 20
109.56266028387837
 10
90.11697259196025
 20
109.50097292372305
 10
90.16857505553077
 20
109.43956180108493
 10
90.22050419498005
 20
109.37842666447685
 10
90.27275618248115
 20
109.31756723240034
 10
90.32532723181964
 20
109.25698319442768
 10
90.37821359837451
 20
109.19667421226018
 10
90.43141157907283
 20
109.1366399207624
 10
90.48491751231995
 20
109.0768799289728
 10
90.53872777790626
 20
109.01739382109052
 10
90.59283879689175
 20
108.95818115743874
 10
90.64724703146967
 20
108.89924147540458
 10
90.7019489848105
 20
108.84057429035576
 10
90.75694120088704
 20
108.78217909653428
 10
90.81222026428222
 20
108.72405536792733
 10
90.86778279998018
 20
108.66620255911575
 10
90.92362547314201
 20
108.60862010609999
 10
90.97974498886677
 20
108.55130742710445
 10
91.03613809193914
 20
108.49426392335984
 10
91.09280156656422
 20
108.43748897986438
 10
91.1497322360906
 20
108.38098196612393
 10
91.2069269627224
 20
108.32474223687132
 10
91.2643826472212
 20
108.26876913276553
 10
91.3220962285983
 20
108.21306198107072
 10
91.38006468379874
 20
108.1576200963157
 10
91.43828502737689
 20
108.10244278093406
 10
91.49675431116499
 20
108.04752932588555
 10
91.55546962393495
 20
107.99287901125874
 10
91.61442809105415
 20
107.9384911068557
 10
91.67362687413556
 20
107.88436487275877
 10
91.73306317068335
 20
107.83049955988007
 10
91.79273421373375
 20
107.77689441049388
 10
91.85263727149226
 20
107.7235486587524
 10
91.91276964696732
 20
107.67046153118535
 10
91.97312867760134
 20
107.61763224718352
 10
92.03371173489887
 20
107.56506001946693
 10
92.09451622405302
 20
107.51274405453779
 10
92.15553958357006
 20
107.46068355311868
 10
92.21677928489265
 20
107.40887771057645
 10
92.27823283202237
 20
107.35732571733169
 10
92.33989776114132
 20
107.30602675925508
 10
92.4017716402337
 20
107.25498001804976
 10
92.46385206870721
 20
107.20418467162128
 10
92.5261366770148
 20
107.15363989443439
 10
92.58862312627696
 20
107.10334485785792
 10
92.65130910790478
 20
107.05329873049733
 10
92.7141923432242
 20
107.00350067851585
 10
92.77727058310117
 20
106.95394986594413
 10
92.84054160756867
 20
106.90464545497882
 10
92.90400322545509
 20
106.85558660627065
 10
92.96765327401457
 20
106.80677247920177
 10
93.03148961855933
 20
106.75820223215321
 10
93.09551015209419
 20
106.7098750227624
 10
93.15971279495325
 20
106.66179000817115
 10
93.22409549443927
 20
106.61394634526437
 10
93.28865622446537
 20
106.56634319089972
 10
93.35339298519956
 20
106.51897970212866
 10
93.41830380271205
 20
106.47185503640887
 10
93.48338672862536
 20
106.42496835180859
 10
93.54863983976762
 20
106.37831880720285
 10
93.61406123782866
 20
106.33190556246205
 10
93.67964904901953
 20
106.2857277786331
 10
93.74540142373499
 20
106.2397846181131
 10
93.81131653621944
 20
106.19407524481619
 10
93.87739258423613
 20
106.14859882433348
 10
93.94362778873972
 20
106.10335452408634
 10
94.01002039355231
 20
106.05834151347345
 10
94.07656866504288
 20
106.01355896401138
 10
94.14327089181032
 20
105.96900604946948
 10
94.2101253843699
 20
105.92468194599873
 10
94.27713047484328
 20
105.88058583225506
 10
94.34428451665218
 20
105.83671688951729
 10
94.41158588421558
 20
105.79307430179966
 10
94.47903297265046
 20
105.74965725595945
 10
94.54662419747626
 20
105.70646494179948
 10
94.61435799432289
 20
105.6634965521661
 10
94.68223281864229
 20
105.62075128304227
 10
94.75024714542377
 20
105.57822833363649
 10
94.81839946891273
 20
105.53592690646727
 10
94.8866883023332
 20
105.49384620744343
 10
94.95511217761371
 20
105.4519854459405
 10
95.02366964511714
 20
105.41034383487312
 10
95.09235927337357
 20
105.3689205907638
 10
95.16117964881728
 20
105.32771493380802
 10
95.23012937552679
 20
105.28672608793579
 10
95.29920707496862
 20
105.24595328086993
 10
95.36841138574468
 20
105.20539574418103
 10
95.43774096334275
 20
105.16505271333938
 10
95.50719447989073
 20
105.12492342776366
 10
95.57677062391423
 20
105.08500713086694
 10
95.64646810009737
 20
105.04530307009973
 10
95.71628562904718
 20
105.00581049699035
 10
95.7862219470612
 20
104.9665286671827
 10
95.85627580589835
 20
104.92745684047145
 10
95.92644597255324
 20
104.88859428083482
 10
95.99673122903349
 20
104.84994025646512
 10
96.06713037214038
 20
104.81149403979683
 10
96.13764221325275
 20
104.77325490753266
 10
96.20826557811384
 20
104.73522214066753
 10
96.27899930662144
 20
104.69739502451034
 10
96.34984225262092
 20
104.6597728487041
 10
96.42079328370147
 20
104.62235490724386
 10
96.49185128099526
 20
104.58514049849316
 10
96.56301513897955
 20
104.54812892519848
 10
96.63428376528176
 20
104.51131949450226
 10
96.70565608048744
 20
104.47471151795412
 10
96.77713101795112
 20
104.4383043115207
 10
96.84870752360982
 20
104.40209719559391
 10
96.9203845557997
 20
104.36608949499788
 10
96.99216108507511
 20
104.33028053899443
 10
97.06403609403046
 20
104.29466966128733
 10
97.13600857712493
 20
104.25925620002519
 10
97.20807754050958
 20
104.22403949780332
 10
97.28024200185723
 20
104.18901890166427
 10
97.35250099019498
 20
104.15419376309734
 10
97.42485354573888
 20
104.11956343803703
 10
97.49729871973172
 20
104.08512728686048
 10
97.56983557428268
 20
104.05088467438387
 10
97.64246318220987
 20
104.01683496985797
 10
97.7151806268849
 20
103.98297754696279
 10
97.7879870020802
 20
103.94931178380128
 10
97.86088141181824
 20
103.9158370628924
 10
97.93386297022344
 20
103.88255277116319
 10
98.00693080137611
 20
103.84945829994027
 10
98.08008403916863
 20
103.81655304494055
 10
98.15332182716392
 20
103.78383640626124
 10
98.22664331845607
 20
103.75130778836936
 10
98.3000476755329
 20
103.71896660009034
 10
98.37353407014092
 20
103.68681225459643
 10
98.44710168315218
 20
103.65484416939415
 10
98.52074970443307
 20
103.62306176631155
 10
98.59447733271537
 20
103.59146447148468
 10
98.66828377546904
 20
103.56005171534385
 10
98.74216824877705
 20
103.52882293259916
 10
98.81612997721223
 20
103.49777756222583
 10
98.89016819371571
 20
103.46691504744904
 10
98.96428213947752
 20
103.43623483572829
 10
99.03847106381883
 20
103.40573637874157
 10
99.11273422407602
 20
103.37541913236903
 10
99.1870708854866
 20
103.34528255667642
 10
99.26148032107677
 20
103.3153261158982
 10
99.33596181155062
 20
103.28554927842036
 10
99.41051464518125
 20
103.25595151676293
 10
99.48513811770337
 20
103.22653230756234
 10
99.55983153220754
 20
103.19729113155341
 10
99.63459419903606
 20
103.16822747355128
 10
99.70942543568042
 20
103.13934082243296
 10
99.78432456668028
 20
103.1106306711188
 10
99.85929092352409
 20
103.08209651655383
 10
99.93432384455093
 20
103.05373785968881
 10
100.00942267485419
 20
103.02555420546116
 10
100.08458676618659
 20
102.99754506277584
 10
100.1598154768663
 20
102.96970994448607
 10
100.23510817168497
 20
102.94204836737384
 10
100.31046422181691
 20
102.91455985213048
 10
100.3858830047295
 20
102.88724392333701
 10
100.4613639040952
 20
102.86010010944447
 10
100.53690630970468
 20
102.83312794275419
 10
100.61250961738136
 20
102.80632695939792
 10
100.6881732288972
 20
102.77969669931808
 10
100.76389655188962
 20
102.75323670624773
 10
100.83967899977992
 20
102.72694652769071
 10
100.9155199916926
 20
102.7008257149017
 10
100.99141895237614
 20
102.67487382286616
 10
101.06737531212477
 20
102.64909041028041
 10
101.14338850670146
 20
102.62347503953163
 10
101.21945797726212
 20
102.59802727667785
 10
101.29558317028074
 20
102.57274669142802
 10
101.3717635374758
 20
102.54763285712204
 10
101.44799853573763
 20
102.52268535071079
 10
101.52428762705695
 20
102.49790375273629
 10
101.60063027845435
 20
102.47328764731182
 10
101.67702596191089
 20
102.44883662210208
 10
101.75347415429951
 20
102.42455026830343
 10
101.82997433731785
 20
102.40042818062417
 10
101.90652599742145
 20
102.37646995726485
 10
101.98312862575854
 20
102.3526751998987
 10
102.05978171810523
 20
102.32904351365205
 10
102.136484774802
 20
102.30557450708491
 10
102.21323730069099
 20
102.28226779217151
 10
102.29003880505402
 20
102.259122984281
 10
102.36688880155182
 20
102.23613970215827
 10
102.44378680816384
 20
102.2133175679047
 10
102.52073234712904
 20
102.19065620695912
 10
102.59772494488752
 20
102.16815524807892
 10
102.67476413202296
 20
102.14581432332102
 10
102.75184944320586
 20
102.1236330680232
 10
102.82898041713753
 20
102.10161112078535
 10
102.90615659649507
 20
102.07974812345091
 10
102.98337752787684
 20
102.05804372108841
 10
103.06064276174884
 20
102.03649756197302
 10
103.13795185239186
 20
102.01510929756839
 10
103.21530435784933
 20
101.99387858250837
 10
103.29269983987581
 20
101.97280507457911
 10
103.37013786388636
 20
101.95188843470103
 10
103.44761799890648
 20
101.93112832691102
 10
103.5251398175227
 20
101.91052441834482
 10
103.60270289583399
 20
101.89007637921935
 10
103.68030681340373
 20
101.86978388281536
  0
LINE
  5
A9
330
17
100
AcDbEntity
  8
01-VISIBLE
100
AcDbLine
 10
89.81443759722072
 20
109.87524720732675
 30
0.0
 11
89.81443759722072
 21
119.67320617845947
 31
0.0
  0
LINE
  5
AA
330
17
100
AcDbEntity
  8
01-VISIBLE
100
AcDbLine
 10
89.86913118467461
 20
119.6874494399238
 30
0.0
 11
89.81443759722072
 21
119.67320617845947
 31
0.0
  0
LWPOLYLINE
  5
AB
330
17
100
AcDbEntity
  8
01-VISIBLE
100
AcDbPolyline
 90
204
 70
0
 10
89.86913118467461
 20
119.6874494399238
 10
89.91858357228625
 20
119.62451481601336
 10
89.96838571508995
 20
119.56185659755214
 10
90.0185335456379
 20
119.49947470035605
 10
90.06902303749649
 20
119.43736900454039
 10
90.11985020541256
 20
119.3755393557178
 10
90.17101110544502
 20
119.31398556617272
 10
90.22250183506338
 20
119.25270741601234
 10
90.27431853321468
 20
119.19170465429406
 10
90.32645738036031
 20
119.13097700012892
 10
90.37891459848409
 20
119.07052414376142
 10
90.43168645107312
 20
119.01034574762531
 10
90.48476924307269
 20
118.95044144737581
 10
90.53815932081659
 20
118.89081085289791
 10
90.59185307193391
 20
118.8314535492911
 10
90.64584692523411
 20
118.77236909783056
 10
90.70013735057081
 20
118.7135570369051
 10
90.75472085868606
 20
118.65501688293179
 10
90.80959400103599
 20
118.59674813124778
 10
90.86475336959884
 20
118.53875025697923
 10
90.92019559666664
 20
118.4810227158879
 10
90.97591735462134
 20
118.42356494519552
 10
91.03191535569638
 20
118.36637636438618
 10
91.08818635172491
 20
118.30945637598711
 10
91.14472713387516
 20
118.25280436632818
 10
91.20153453237408
 20
118.1964197062804
 10
91.25860541621998
 20
118.14030175197385
 10
91.31593669288512
 20
118.08444984549513
 10
91.3735253080088
 20
118.0288633155651
 10
91.43136824508179
 20
117.97354147819675
 10
91.48946252512276
 20
117.91848363733419
 10
91.54780520634762
 20
117.86368908547234
 10
91.60639338383191
 20
117.80915710425867
 10
91.66522418916736
 20
117.75488696507625
 10
91.7242947901129
 20
117.70087792960965
 10
91.7836023902409
 20
117.64712925039291
 10
91.84314422857881
 20
117.593640171341
 10
91.90291757924726
 20
117.54040992826444
 10
91.96291975109445
 20
117.48743774936767
 10
92.02314808732797
 20
117.43472285573179
 10
92.08359996514379
 20
117.38226446178145
 10
92.14427279535354
 20
117.33006177573702
 10
92.20516402200984
 20
117.2781140000518
 10
92.26627112203039
 20
117.22642033183479
 10
92.32759160482132
 20
117.17497996325964
 10
92.38912301189961
 20
117.1237920819598
 10
92.45086291651543
 20
117.0728558714103
 10
92.51280892327446
 20
117.02217051129671
 10
92.57495866776037
 20
116.97173517787132
 10
92.637309816158
 20
116.92154904429718
 10
92.69986006487723
 20
116.87161128097995
 10
92.76260714017789
 20
116.82192105588837
 10
92.82554879779603
 20
116.77247753486317
 10
92.88868282257144
 20
116.72327988191512
 10
92.952007028077
 20
116.67432725951234
 10
93.01551925624986
 20
116.62561882885717
 10
93.0792173770244
 20
116.577153750153
 10
93.14309928796769
 20
116.5289311828612
 10
93.20716291391693
 20
116.48095028594861
 10
93.2714062066195
 20
116.43321021812571
 10
93.3358271443756
 20
116.38571013807581
 10
93.40042373168345
 20
116.3384492046756
 10
93.46519399888736
 20
116.29142657720709
 10
93.53013600182865
 20
116.24464141556157
 10
93.59524782149964
 20
116.1980928804353
 10
93.66052756370058
 20
116.15178013351783
 10
93.72597335869978
 20
116.10570233767264
 10
93.7915833608969
 20
116.05985865711045
 10
93.85735574848965
 20
116.01424825755579
 10
93.92328872314363
 20
115.96887030640649
 10
93.98938050966561
 20
115.9237239728867
 10
94.05562935568032
 20
115.8788084281936
 10
94.12203353131059
 20
115.83412284563761
 10
94.18859132886092
 20
115.78966640077715
 10
94.25530106250483
 20
115.74543827154703
 10
94.32216106797536
 20
115.70143763838166
 10
94.38916970225961
 20
115.65766368433262
 10
94.45632534329633
 20
115.61411559518095
 10
94.52362638967759
 20
115.57079255954466
 10
94.59107126035363
 20
115.52769376898084
 10
94.6586583943417
 20
115.48481841808358
 10
94.72638625043811
 20
115.44216570457675
 10
94.79425330693425
 20
115.39973482940283
 10
94.8622580613359
 20
115.35752499680704
 10
94.93039903008636
 20
115.3155354144177
 10
94.99867474829303
 20
115.2737652933222
 10
95.06708376945757
 20
115.23221384813948
 10
95.13562466520966
 20
115.19088029708851
 10
95.20429602504433
 20
115.14976386205325
 10
95.27309645606266
 20
115.10886376864411
 10
95.3420245827161
 20
115.06817924625611
 10
95.41107904655435
 20
115.02770952812375
 10
95.48025850597645
 20
114.98745385137269
 10
95.54956163598555
 20
114.94741145706851
 10
95.61898712794692
 20
114.90758159026251
 10
95.68853368934944
 20
114.86796350003468
 10
95.75820004357038
 20
114.82855643953398
 10
95.82798492964355
 20
114.78935966601607
 10
95.8978871020307
 20
114.75037244087835
 10
95.96790533039616
 20
114.71159402969276
 10
96.03803839938493
 20
114.67302370223615
 10
96.10828510840355
 20
114.63466073251843
 10
96.17864427140452
 20
114.59650439880843
 10
96.24911471667372
 20
114.5585539836579
 10
96.31969528662083
 20
114.5208087739233
 10
96.39038483757304
 20
114.48326806078569
 10
96.4611822395715
 20
114.4459311397689
 10
96.53208637617104
 20
114.40879731075566
 10
96.6030961442427
 20
114.37186587800221
 10
96.67421045377921
 20
114.33513615015124
 10
96.74542822770331
 20
114.29860744024305
 10
96.81674840167913
 20
114.2622790657254
 10
96.88816992392611
 20
114.22615034846174
 10
96.95969175503582
 20
114.19022061473817
 10
97.03131286779168
 20
114.15448919526884
 10
97.10303224699108
 20
114.11895542520021
 10
97.17484888927048
 20
114.08361864411403
 10
97.2467618029329
 20
114.04847819602907
 10
97.31877000777817
 20
114.01353342940169
 10
97.39087253493582
 20
113.97878369712541
 10
97.46306842670015
 20
113.94422835652932
 10
97.53535673636819
 20
113.90986676937553
 10
97.60773652808001
 20
113.87569830185555
 10
97.68020687666126
 20
113.84172232458593
 10
97.75276686746835
 20
113.80793821260283
 10
97.82541559623596
 20
113.77434534535578
 10
97.89815216892657
 20
113.74094310670077
 10
97.97097570158277
 20
113.7077308848923
 10
98.04388532018152
 20
113.67470807257494
 10
98.11688016049055
 20
113.64187406677406
 10
98.18995936792723
 20
113.60922826888586
 10
98.26312209741937
 20
113.57677008466678
 10
98.33636751326833
 20
113.54449892422235
 10
98.40969478901397
 20
113.51241420199548
 10
98.483103107302
 20
113.48051533675394
 10
98.55659165975298
 20
113.44880175157769
 10
98.63015964683365
 20
113.41727287384536
 10
98.70380627773002
 20
113.38592813522052
 10
98.77753077022251
 20
113.35476697163732
 10
98.85133235056293
 20
113.32378882328572
 10
98.9252102533533
 20
113.29299313459651
 10
98.9991637214267
 20
113.26237935422557
 10
99.07319200572974
 20
113.23194693503817
 10
99.14729436520687
 20
113.20169533409265
 10
99.22147006668659
 20
113.17162401262384
 10
99.29571838476917
 20
113.1417324360263
 10
99.37003860171617
 20
113.11202007383712
 10
99.44443000734182
 20
113.08248639971845
 10
99.51889189890576
 20
113.05313089143999
 10
99.59342358100754
 20
113.0239530308609
 10
99.66802436548278
 20
112.9949523039118
 10
99.74269357130076
 20
112.96612820057649
 10
99.81743052446376
 20
112.93748021487326
 10
99.89223455790767
 20
112.90900784483641
 10
99.96710501140431
 20
112.88071059249725
 10
100.04204123146516
 20
112.85258796386518
 10
100.11704257124649
 20
112.82463946890854
 10
100.19210839045593
 20
112.79686462153529
 10
100.26723805526055
 20
112.76926293957382
 10
100.34243093819626
 20
112.74183394475321
 10
100.41768641807836
 20
112.71457716268394
 10
100.49300387991386
 20
112.68749212283808
 10
100.5683827148147
 20
112.66057835852965
 10
100.6438223199125
 20
112.63383540689483
 10
100.71932209827457
 20
112.60726280887218
 10
100.79488145882095
 20
112.58086010918271
 10
100.87049981624307
 20
112.55462685631005
 10
100.94617659092316
 20
112.52856260248053
 10
101.02191120885531
 20
112.50266690364319
 10
101.0977031015673
 20
112.4769393194499
 10
101.1735517060439
 20
112.4513794132354
 10
101.24945646465096
 20
112.42598675199733
 10
101.3254168250611
 20
112.40076090637635
 10
101.40143224017996
 20
112.37570145063616
 10
101.47750216807384
 20
112.3508079626437
 10
101.55362607189842
 20
112.32608002384923
 10
101.62980341982833
 20
112.30151721926653
 10
101.70603368498797
 20
112.27711913745313
 10
101.78231634538298
 20
112.25288537049056
 10
101.85865088383323
 20
112.22881551396469
 10
101.93503678790631
 20
112.20490916694611
 10
102.01147354985218
 20
112.1811659319705
 10
102.08796066653879
 20
112.15758541501923
 10
102.16449763938854
 20
112.13416722549985
 10
102.24108397431564
 20
112.11091097622683
 10
102.31771918166453
 20
112.08781628340213
 10
102.39440277614898
 20
112.06488276659617
 10
102.47113427679216
 20
112.04211004872856
 10
102.54791320686749
 20
112.0194977560492
 10
102.6247390938405
 20
111.9970455181193
 10
102.70161146931127
 20
111.97475296779248
 10
102.77852986895786
 20
111.95261974119613
 10
102.85549383248045
 20
111.93064547771267
 10
102.93250290354635
 20
111.90882981996108
 10
103.00955662973567
 20
111.88717241377836
 10
103.08665456248777
 20
111.86567290820129
 10
103.16379625704857
 20
111.84433095544819
 10
103.24098127241842
 20
111.82314621090076
 10
103.31820917130086
 20
111.8021183330861
 10
103.39547952005194
 20
111.78124698365886
 10
103.47279188863027
 20
111.76053182738337
 10
103.55014585054792
 20
111.73997253211613
 10
103.62754098282173
 20
111.71956876878812
 10
103.70497686592543
 20
111.69932021138752
  0
LINE
  5
AC
330
17
100
AcDbEntity
  8
01-VISIBLE
100
AcDbLine
 10
103.70497686592543
 20
111.69932021138752
 30
0.0
 11
103.68030681340372
 21
111.66774285394806
 31
0.0
  0
LINE
  5
AD
330
17
100
AcDbEntity
  8
01-VISIBLE
100
AcDbLine
 10
103.70497686592543
 20
101.9013612402548
 30
0.0
 11
103.68030681340372
 21
101.86978388281534
 31
0.0
  0
LINE
  5
AE
330
17
100
AcDbEntity
  8
01-VISIBLE
100
AcDbLine
 10
103.70497686592543
 20
101.9013612402548
 30
0.0
 11
103.70497686592543
 21
111.69932021138752
 31
0.0
  0
LINE
  5
AF
330
17
100
AcDbEntity
  8
01-VISIBLE
100
AcDbLine
 10
166.18556240277928
 20
94.64463645035539
 30
0.0
 11
166.18556240277928
 21
175.15119932982918
 31
0.0
  0
LINE
  5
B0
330
17
100
AcDbEntity
  8
01-VISIBLE
100
AcDbLine
 10
110.88556240277927
 20
94.64463645035539
 30
0.0
 11
110.88556240277927
 21
175.15119932982918
 31
0.0
  0
LWPOLYLINE
  5
B1
330
17
100
AcDbEntity
  8
01-VISIBLE
100
AcDbPolyline
 90
401
 70
0
 10
166.18556240277928
 20
183.05284499175727
 10
166.18533102389097
 20
183.14073431869258
 10
166.18463424580466
 20
183.2286211879674
 10
166.18347166563666
 20
183.31650312961136
 10
166.18184294300684
 20
183.40437766799002
 10
166.17974779929125
 20
183.49224232289805
 10
166.17718601682785
 20
183.58009461063273
 10
166.17415743807612
 20
183.6679320450457
 10
166.1706619647327
 20
183.75575213857243
 10
166.16669955680442
 20
183.84355240323757
 10
166.16227023164095
 20
183.93133035163441
 10
166.1573740629281
 20
184.01908349787846
 10
166.1520111796445
 20
184.10680935853281
 10
166.14618176498266
 20
184.19450545350514
 10
166.13988605523727
 20
184.28216930691462
 10
166.13312433866153
 20
184.36979844792864
 10
166.1258969542945
 20
184.4573904115675
 10
166.11820429076053
 20
184.54494273947756
 10
166.11004678504355
 20
184.6324529806709
 10
166.1014249212373
 20
184.7199186922321
 10
166.09233922927405
 20
184.8073374399905
 10
166.08279028363364
 20
184.8947067991582
 10
166.07277870203433
 20
184.9820243549334
 10
166.06230514410808
 20
185.06928770306848
 10
166.0513703100612
 20
185.1564944504025
 10
166.03997493932314
 20
185.24364221535853
 10
166.02811980918437
 20
185.33072862840493
 10
166.0158057334259
 20
185.4177513324813
 10
166.00303356094147
 20
185.5047079833883
 10
165.9898041743544
 20
185.59159625014206
 10
165.97611848863085
 20
185.67841381529325
 10
165.96197744969092
 20
185.76515837521023
 10
165.94738203301895
 20
185.85182764032754
 10
165.93233324227492
 20
185.9384193353594
 10
165.9168321079079
 20
186.02493119947857
 10
165.90087968577342
 20
186.11136098646077
 10
165.88447705575547
 20
186.19770646479566
 10
165.8676253203951
 20
186.28396541776414
 10
165.85032560352604
 20
186.3701356434824
 10
165.83257904891926
 20
186.45621495491406
 10
165.81438681893673
 20
186.54220117984937
 10
165.79575009319623
 20
186.62809216085384
 10
165.77667006724732
 20
186.713885755185
 10
165.75714795126027
 20
186.79957983467915
 10
165.7371849687277
 20
186.88517228560823
 10
165.71678235518095
 20
186.97066100850702
 10
165.69594135692086
 20
187.056043917972
 10
165.67466322976395
 20
187.14131894243144
 10
165.65294923780493
 20
187.22648402388847
 10
165.63080065219577
 20
187.3115371176367
 10
165.6082187499416
 20
187.39647619194966
 10
165.58520481271452
 20
187.48129922774405
 10
165.56176012568508
 20
187.56600421821776
 10
165.5378859763721
 20
187.6505891684634
 10
165.51358365351118
 20
187.73505209505728
 10
165.48885444594163
 20
187.81939102562467
 10
165.4636996415129
 20
187.90360399838207
 10
165.43812052600978
 20
187.98768906165668
 10
165.41211838209688
 20
188.07164427338364
 10
165.3856944882827
 20
188.15546770058165
 10
165.35885011790265
 20
188.23915741880717
 10
165.33158653812183
 20
188.32271151158758
 10
165.30390500895675
 20
188.40612806983432
 10
165.27580678231658
 20
188.48940519123528
 10
165.24729310106332
 20
188.57254097962795
 10
165.21836519809102
 20
188.6555335443527
 10
165.1890242954239
 20
188.73838099958704
 10
165.1592716033329
 20
188.82108146366107
 10
165.12910831947107
 20
188.90363305835393
 10
165.09853562802644
 20
188.98603390817192
 10
165.06755469889367
 20
189.06828213960839
 10
165.03616668686266
 20
189.15037588038513
 10
165.00437284123478
 20
189.23231330182205
 10
164.9721817874415
 20
189.31409548772706
 10
164.93959050670213
 20
189.3957190037439
 10
164.90660070459296
 20
189.47718226525086
 10
164.87321409174749
 20
189.5584837054136
 10
164.83943238378293
 20
189.63962177519608
 10
164.805257301226
 20
189.72059494337162
 10
164.7706905694371
 20
189.80140169653396
 10
164.7357339185334
 20
189.88204053910863
 10
164.7003890833106
 20
189.96250999336416
 10
164.66465780316338
 20
190.0428085994231
 10
164.6285418220046
 20
190.12293491527325
 10
164.5920428881832
 20
190.20288751677833
 10
164.55516275440053
 20
190.28266499768878
 10
164.51790317762593
 20
190.36226596965196
 10
164.4802659190102
 20
190.44168906222225
 10
164.44225274379846
 20
190.52093292287054
 10
164.40386542124116
 20
190.59999621699342
 10
164.36510572450422
 20
190.67887762792188
 10
164.32597543057727
 20
190.75757585692918
 10
164.28647632018118
 20
190.83608962323865
 10
164.2466101776739
 20
190.91441766403
 10
164.2063787909551
 20
190.99255873444588
 10
164.16578395136966
 20
191.07051160759693
 10
164.12482745360956
 20
191.14827507456627
 10
164.08351109561482
 20
191.2258479444133
 10
164.0418366784732
 20
191.30322904417628
 10
163.99980600631844
 20
191.38041721887424
 10
163.9574208862275
 20
191.45741133150773
 10
163.91468312811656
 20
191.53421026305847
 10
163.8715945446358
 20
191.61081291248817
 10
163.82815695106328
 20
191.687218196736
 10
163.78437216519734
 20
191.76342505071494
 10
163.74024200724833
 20
191.83943242730706
 10
163.69576829972888
 20
191.91523929735737
 10
163.6509528673436
 20
191.99084464966654
 10
163.60579753687733
 20
192.06624749098222
 10
163.56030413708285
 20
192.14144684598915
 10
163.5144744985673
 20
192.21644175729762
 10
163.468310453678
 20
192.29123128543102
 10
163.4218138363872
 20
192.36581450881124
 10
163.37498648217624
 20
192.44019052374344
 10
163.3278302279187
 20
192.5143584443985
 10
163.28034691176282
 20
192.5883174027948
 10
163.23253837301348
 20
192.6620665487775
 10
163.18440645201326
 20
192.73560504999733
 10
163.13595299002282
 20
192.8089320918869
 10
163.08717982910093
 20
192.88204687763584
 10
163.03808881198387
 20
192.9549486281644
 10
162.98868178196415
 20
193.0276365820951
 10
162.93896058276903
 20
193.10010999572296
 10
162.88892705843853
 20
193.17236814298406
 10
162.83858305320283
 20
193.24441031542227
 10
162.7879304113598
 20
193.31623582215454
 10
162.73697332160307
 20
193.38784566199158
 10
162.68571281551118
 20
193.45923861746903
 10
162.63414781559467
 20
193.530411958206
 10
162.58228018260178
 20
193.60136505797408
 10
162.53011177038988
 20
193.67209730349688
 10
162.47764442586805
 20
193.74260809428912
 10
162.42487998894254
 20
193.81289684249722
 10
162.37182029246569
 20
193.88296297274152
 10
162.31846716218774
 20
193.9528059219603
 10
162.26482241671198
 20
194.02242513925523
 10
162.2108878674524
 20
194.09182008573904
 10
162.15666531859455
 20
194.16099023438414
 10
162.10215656705904
 20
194.2299350698736
 10
162.04736340246768
 20
194.2986540884537
 10
161.9922876071124
 20
194.36714679778805
 10
161.93693095592647
 20
194.4354127168135
 10
161.88129521645843
 20
194.50345137559813
 10
161.82538214884826
 20
194.57126231520053
 10
161.7691935058059
 20
194.63884508753114
 10
161.712731032592
 20
194.7061992552153
 10
161.65599646700093
 20
194.77332439145795
 10
161.59899153934572
 20
194.84022007991018
 10
161.54171797244527
 20
194.90688591453772
 10
161.48417748161333
 20
194.97332149949077
 10
161.42637177464945
 20
195.03952644897583
 10
161.36830255183187
 20
195.10550038712955
 10
161.30997150591202
 20
195.17124294789363
 10
161.25138032211092
 20
195.23675377489212
 10
161.19253067811707
 20
195.3020325213102
 10
161.13342424408603
 20
195.36707884977451
 10
161.07406268264162
 20
195.4318924322355
 10
161.01444764887842
 20
195.49647294985115
 10
160.95458079036584
 20
195.5608200928728
 10
160.8944637471536
 20
195.62493356053227
 10
160.83409815177833
 20
195.68881306093073
 10
160.77348562927182
 20
195.75245831092946
 10
160.71262779717006
 20
195.815869036042
 10
160.65152626552373
 20
195.87904497032793
 10
160.59018263690984
 20
195.94198585628845
 10
160.5285985064443
 20
196.00469144476352
 10
160.46677546179563
 20
196.0671614948302
 10
160.40471508319962
 20
196.12939577370338
 10
160.342418943475
 20
196.19139405663702
 10
160.27988860803993
 20
196.253156126828
 10
160.2171256349295
 20
196.31468177532048
 10
160.1541315748139
 20
196.37597080091263
 10
160.09090797101751
 20
196.4370230100642
 10
160.02745635953866
 20
196.49783821680614
 10
159.9637782690701
 20
196.558416242651
 10
159.89987522102032
 20
196.6187569165055
 10
159.83574872953523
 20
196.67886007458387
 10
159.77140030152074
 20
196.73872556032302
 10
159.70683143666568
 20
196.7983532242991
 10
159.6420436274655
 20
196.85774292414487
 10
159.5770383592463
 20
196.91689452446937
 10
159.51181711018936
 20
196.97580789677795
 10
159.44638135135628
 20
197.03448291939424
 10
159.38073254671446
 20
197.0929194773833
 10
159.3148721531629
 20
197.15111746247572
 10
159.24880162055845
 20
197.20907677299346
 10
159.18252239174257
 20
197.26679731377664
 10
159.11603590256803
 20
197.32427899611156
 10
159.04934358192628
 20
197.3815217376599
 10
158.98244685177497
 20
197.4385254623894
 10
158.91534712716566
 20
197.49529010050531
 10
158.84804581627176
 20
197.55181558838308
 10
158.78054432041688
 20
197.6081018685025
 10
158.7128440341031
 20
197.6641488893825
 10
158.64494634503967
 20
197.71995660551715
 10
158.5768526341715
 20
197.77552497731335
 10
158.50856427570827
 20
197.83085397102832
 10
158.44008263715327
 20
197.8859435587095
 10
158.3714090793324
 20
197.9407937181344
 10
158.30254495642353
 20
197.99540443275208
 10
158.23349161598546
 20
198.04977569162548
 10
158.16425039898732
 20
198.10390748937445
 10
158.09482263983793
 20
198.15779982612008
 10
158.0252096664149
 20
198.21145270742986
 10
157.95541280009417
 20
198.26486614426352
 10
157.88543335577918
 20
198.31804015292016
 10
157.81527264193028
 20
198.37097475498592
 10
157.7449319605939
 20
198.42366997728277
 10
157.67441260743175
 20
198.47612585181787
 10
157.60371587175015
 20
198.52834241573413
 10
157.5328430365289
 20
198.5803197112612
 10
157.4617953784505
 20
198.63205778566746
 10
157.39057416792895
 20
198.6835566912129
 10
157.31918066913866
 20
198.73481648510253
 10
157.2476161400432
 20
198.78583722944057
 10
157.17588183242384
 20
198.83661899118562
 10
157.1039789919081
 20
198.88716184210625
 10
157.03190885799816
 20
198.93746585873748
 10
156.95967266409903
 20
198.98753112233794
 10
156.8872716375467
 20
199.03735771884746
 10
156.81470699963594
 20
199.08694573884583
 10
156.74197996564834
 20
199.13629527751158
 10
156.66909174487967
 20
199.18540643458198
 10
156.59604354066747
 20
199.2342793143132
 10
156.52283655041828
 20
199.2829140254414
 10
156.44947196563476
 20
199.33131068114415
 10
156.3759509719426
 20
199.37946939900252
 10
156.30227474911723
 20
199.427390300964
 10
156.2284444711104
 20
199.47507351330546
 10
156.1544613060764
 20
199.52251916659708
 10
156.08032641639835
 20
199.56972739566658
 10
156.00604095871404
 20
199.61669833956404
 10
155.9316060839416
 20
199.66343214152727
 10
155.8570229373052
 20
199.7099289489475
 10
155.7822926583602
 20
199.75618891333568
 10
155.70741638101828
 20
199.8022121902893
 10
155.63239222242143
 20
199.84799400272297
 10
155.55722361076675
 20
199.8935382536697
 10
155.48191208856028
 20
199.93884579856353
 10
155.40645872303392
 20
199.9839167277853
 10
155.33086457649324
 20
200.02875113496964
 10
155.25513070630436
 20
200.07334911691325
 10
155.17925816488224
 20
200.11771077348328
 10
155.10324799968066
 20
200.16183620752756
 10
155.02710125318313
 20
200.20572552478467
 10
154.95081896289545
 20
200.24937883379582
 10
154.87440216133948
 20
200.29279624581716
 10
154.79785187604818
 20
200.3359778747331
 10
154.72116912956207
 20
200.37892383697044
 10
154.64435493942653
 20
200.4216342514138
 10
154.5674103181908
 20
200.46410923932143
 10
154.49033627340785
 20
200.5063489242424
 10
154.41313380763535
 20
200.54835343193452
 10
154.33580391843813
 20
200.59012289028306
 10
154.25834759839125
 20
200.6316574292209
 10
154.18076583508463
 20
200.67295718064884
 10
154.10305961112837
 20
200.71402227835762
 10
154.0252299041593
 20
200.75485285795037
 10
153.9472776868484
 20
200.79544905676627
 10
153.86920392690936
 20
200.8358110138048
 10
153.79100958710808
 20
200.87593886965146
 10
153.71269562527277
 20
200.9158327664038
 10
153.63426299430557
 20
200.95549284759898
 10
153.55571264219444
 20
200.99491925814164
 10
153.47704551202634
 20
201.03411214423346
 10
153.3982625420011
 20
201.0730716533027
 10
153.31936466544613
 20
201.11179793393555
 10
153.2403528108319
 20
201.15029113580783
 10
153.16122790178818
 20
201.18855140961784
 10
153.08199085712124
 20
201.22657890701998
 10
153.00264259083153
 20
201.26437378055942
 10
152.92318401213217
 20
201.3019361836076
 10
152.8436160254682
 20
201.3392662702986
 10
152.7639395305366
 20
201.37636419546635
 10
152.6841554223066
 20
201.413230114583
 10
152.60426459104102
 20
201.44986418369774
 10
152.52426792231813
 20
201.48626655937687
 10
152.44416629705404
 20
201.52243739864457
 10
152.36396059152563
 20
201.55837685892448
 10
152.28365167739435
 20
201.59408509798232
 10
152.2032404217301
 20
201.6295622738691
 10
152.12272768703622
 20
201.66480854486554
 10
152.04211433127438
 20
201.69982406942688
 10
151.9614012078906
 20
201.73460900612903
 10
151.88058916584114
 20
201.76916351361498
 10
151.79967904961956
 20
201.8034877505425
 10
151.71867169928342
 20
201.83758187553244
 10
151.6375679504822
 20
201.87144604711781
 10
151.5563686344852
 20
201.90508042369387
 10
151.47507457820987
 20
201.93848516346867
 10
151.39368660425077
 20
201.97166042441455
 10
151.31220553090873
 20
202.0046063642207
 10
151.23063217222045
 20
202.03732314024592
 10
151.14896733798838
 20
202.0698109094725
 10
151.06721183381111
 20
202.10206982846088
 10
150.985366461114
 20
202.1341000533049
 10
150.90343201718008
 20
202.16590173958795
 10
150.82140929518124
 20
202.19747504233953
 10
150.73929908421002
 20
202.22882011599296
 10
150.65710216931126
 20
202.25993711434361
 10
150.57481933151433
 20
202.2908261905077
 10
150.49245134786548
 20
202.3214874968821
 10
150.40999899146058
 20
202.35192118510446
 10
150.32746303147786
 20
202.3821274060144
 10
150.24484423321118
 20
202.41210630961524
 10
150.16214335810332
 20
202.44185804503604
 10
150.0793611637796
 20
202.47138276049515
 10
149.9964984040816
 20
202.50068060326333
 10
149.9135558291012
 20
202.52975171962856
 10
149.83053418521467
 20
202.55859625486067
 10
149.7474342151171
 20
202.58721435317722
 10
149.66425665785684
 20
202.61560615770946
 10
149.58100224887016
 20
202.64377181046936
 10
149.49767172001623
 20
202.67171145231708
 10
149.41426579961188
 20
202.69942522292894
 10
149.3307852124669
 20
202.72691326076603
 10
149.24723067991917
 20
202.75417570304364
 10
149.16360291987013
 20
202.781212685701
 10
149.0799026468202
 20
202.80802434337159
 10
148.99613057190436
 20
202.83461080935422
 10
148.91228740292797
 20
202.8609722155845
 10
148.82837384440253
 20
202.887108692607
 10
148.74439059758146
 20
202.91302036954772
 10
148.66033836049627
 20
202.93870737408744
 10
148.57621782799248
 20
202.96416983243532
 10
148.49202969176585
 20
202.98940786930308
 10
148.40777464039854
 20
203.01442160787974
 10
148.32345335939544
 20
203.039211169807
 10
148.23906653122037
 20
203.06377667515494
 10
148.15461483533264
 20
203.08811824239808
 10
148.07009894822335
 20
203.11223598839248
 10
147.98551954345194
 20
203.13613002835257
 10
147.9008772916827
 20
203.15980047582917
 10
147.8161728607213
 20
203.18324744268756
 10
147.73140691555145
 20
203.20647103908604
 10
147.64658011837136
 20
203.22947137345523
 10
147.56169312863057
 20
203.25224855247745
 10
147.4767466030665
 20
203.27480268106677
 10
147.3917411957411
 20
203.2971338623496
 10
147.3066775580777
 20
203.31924219764528
 10
147.22155633889753
 20
203.34112778644777
 10
147.13637818445648
 20
203.36279072640704
 10
147.05114335815261
 20
203.38422959668645
 10
146.96585258651612
 20
203.40544481033731
 10
146.88050703688026
 20
203.42643857568314
 10
146.7951073426057
 20
203.4472109913632
 10
146.70965413489688
 20
203.46776215524426
 10
146.62414804283037
 20
203.48809216442294
 10
146.53858969338276
 20
203.5082011152279
 10
146.45297971145825
 20
203.52808910322165
 10
146.3673187199161
 20
203.5477562232022
 10
146.28160733959754
 20
203.56720256920477
 10
146.19584618935244
 20
203.58642823450256
 10
146.11003588606576
 20
203.60543331160812
 10
146.02417704468365
 20
203.62421789227386
 10
145.93827027823932
 20
203.64278206749276
 10
145.85231619787845
 20
203.66112592749863
 10
145.76631541288475
 20
203.6792495617661
 10
145.68026853070467
 20
203.69715305901076
 10
145.59417615697248
 20
203.71483650718847
 10
145.50803889553467
 20
203.7322999934952
 10
145.4218573484743
 20
203.749543604366
 10
145.33563211613512
 20
203.7665674254742
 10
145.24936379714535
 20
203.78337154173
 10
145.16305298844148
 20
203.79995603727946
 10
145.07670028529162
 20
203.81632099550262
 10
144.99030628131877
 20
203.83246649901173
 10
144.90387156852395
 20
203.84839262964948
 10
144.81739673730902
 20
203.8640994684865
 10
144.7308823764994
 20
203.8795870958192
 10
144.64432907336658
 20
203.89485559116713
 10
144.5577374136505
 20
203.90990503327004
 10
144.4711079815818
 20
203.92473550008503
 10
144.3844413599038
 20
203.93934706878343
 10
144.29773812989447
 20
203.9537398157473
 10
144.21099887138809
 20
203.96791381656578
 10
144.12422416279702
 20
203.98186914603158
 10
144.0374145811331
 20
203.99560587813676
 10
143.95057070202907
 20
204.00912408606877
 10
143.86369309975976
 20
204.02242384220602
 10
143.7767823472633
 20
204.03550521811326
 10
143.68983901616218
 20
204.04836828453716
 10
143.60286367678407
 20
204.06101311140105
 10
143.51585689818282
 20
204.07343976780015
 10
143.42881924815904
 20
204.0856483219959
 10
143.34175129328088
 20
204.097638841411
 10
143.2546535989046
 20
204.10941139262326
 10
143.167526729195
 20
204.12096604136002
 10
143.08037124714602
 20
204.1323028524922
 10
142.99318771460082
 20
204.14342189002787
 10
142.9059766922725
 20
204.154323217106
 10
142.818738739764
 20
204.16500689598985
 10
142.73147441558854
 20
204.17547298806022
 10
142.64418427718957
 20
204.1857215538085
 10
142.5568688809612
 20
204.19575265282944
 10
142.469528782268
 20
204.20556634381407
 10
142.3821645354652
 20
204.215162684542
 10
142.29477669391872
 20
204.2245417318739
 10
142.2073658100252
 20
204.23370354174332
 10
142.1199324352319
 20
204.24264816914916
 10
142.03247712005688
 20
204.251375668147
  0
LWPOLYLINE
  5
B2
330
17
100
AcDbEntity
  8
01-VISIBLE
100
AcDbPolyline
 90
401
 70
0
 10
135.03864849171424
 20
204.25136704066944
 10
134.95119289439197
 20
204.24264231566337
 10
134.86375922411997
 20
204.23370052458944
 10
134.77634803300347
 20
204.22454159519168
 10
134.6889598743698
 20
204.21516545281554
 10
134.60159530280737
 20
204.20557202037796
 10
134.51425487420536
 20
204.19576121833762
 10
134.426939145794
 20
204.1857329646644
 10
134.33964867618528
 20
204.17548717480884
 10
134.25238402541444
 20
204.16502376167074
 10
134.16514575498198
 20
204.15434263556742
 10
134.0779344278963
 20
204.14344370420196
 10
133.9907506087171
 20
204.13232687263024
 10
133.90359486359927
 20
204.1209920432284
 10
133.81646776033753
 20
204.10943911565897
 10
133.72936986841188
 20
204.09766798683717
 10
133.64230175903361
 20
204.0856785508965
 10
133.55526400519196
 20
204.0734706991537
 10
133.46825718170177
 20
204.06104432007356
 10
133.3812818652518
 20
204.04839929923284
 10
133.29433863445357
 20
204.03553551928402
 10
133.20742806989142
 20
204.02245285991825
 10
133.12055075417297
 20
204.00915119782798
 10
133.0337072719808
 20
203.9956304066689
 10
132.94689821012457
 20
203.98189035702143
 10
132.86012415759438
 20
203.96793091635163
 10
132.77338570561477
 20
203.95375194897156
 10
132.68668090898518
 20
203.9393685976915
 10
132.6000125181343
 20
203.92476749587132
 10
132.51338147512737
 20
203.9099464119028
 10
132.4267883597625
 20
203.89490531788917
 10
132.34023375332674
 20
203.87964418301794
 10
132.25371823863654
 20
203.86416297358198
 10
132.16724240007773
 20
203.84846165300053
 10
132.08080682364584
 20
203.83254018184059
 10
131.99441209698588
 20
203.81639851783854
 10
131.9080588094324
 20
203.80003661592212
 10
131.821747552049
 20
203.7834544282327
 10
131.73547891766827
 20
203.76665190414775
 10
131.64925350093108
 20
203.74962899030385
 10
131.5630718983261
 20
203.7323856306196
 10
131.47693470822898
 20
203.7149217663195
 10
131.39084253094168
 20
203.6972373359572
 10
131.30479596873147
 20
203.67933227544034
 10
131.21879562586977
 20
203.66120651805429
 10
131.1328421086711
 20
203.64285999448754
 10
131.04693602553166
 20
203.62429263285648
 10
130.96107798696798
 20
203.6055043587312
 10
130.8752686056552
 20
203.5864950951611
 10
130.78950849646563
 20
203.56726476270126
 10
130.70379827650666
 20
203.54781327943894
 10
130.61813856515892
 20
203.52814056102073
 10
130.53252998411418
 20
203.50824652067962
 10
130.44697315741305
 20
203.48813106926298
 10
130.36146871148262
 20
203.4677941152607
 10
130.27601727517396
 20
203.44723556483336
 10
130.19061947979935
 20
203.42645532184176
 10
130.1052759591695
 20
203.40545328787562
 10
130.01998734963053
 20
203.38422936228397
 10
129.9347542901008
 20
203.36278344220477
 10
129.84957742210764
 20
203.34111542259598
 10
129.76445738982378
 20
203.31922519626647
 10
129.67939484010367
 20
203.29711265390742
 10
129.59439042251972
 20
203.27477768412444
 10
129.5094447893982
 20
203.2522201734699
 10
129.42455859585505
 20
203.22944000647595
 10
129.33973249983146
 20
203.2064370656877
 10
129.25496716212916
 20
203.18321123169721
 10
129.17026324644578
 20
203.15976238317774
 10
129.08562141940976
 20
203.13609039691863
 10
129.0010423506149
 20
203.11219514786058
 10
128.9165267126553
 20
203.08807650913158
 10
128.83207518115924
 20
203.06373435208315
 10
128.74768843482354
 20
203.0391685463272
 10
128.66336715544725
 20
203.01437895977367
 10
128.57911202796527
 20
202.98936545866817
 10
128.49492374048165
 20
202.96412790763065
 10
128.41080298430276
 20
202.93866616969441
 10
128.32675045396985
 20
202.91298010634569
 10
128.24276684729173
 20
202.8870695775638
 10
128.15885286537696
 20
202.860934441862
 10
128.07500921266578
 20
202.83457455632868
 10
127.99123659696164
 20
202.80798977666925
 10
127.90753572946265
 20
202.78117995724878
 10
127.82390732479244
 20
202.75414495113512
 10
127.74035210103088
 20
202.7268846101424
 10
127.65687077974435
 20
202.69939878487577
 10
127.57346408601572
 20
202.67168732477577
 10
127.49013274847397
 20
202.6437500781646
 10
127.40687749932336
 20
202.6155868922919
 10
127.32369907437231
 20
202.5871976133817
 10
127.24059821306192
 20
202.5585820866802
 10
127.15757565849381
 20
202.52974015650364
 10
127.07463215745801
 20
202.5006716662873
 10
126.99176846045998
 20
202.47137645863518
 10
126.90898532174745
 20
202.44185437536999
 10
126.82628349933674
 20
202.41210525758413
 10
126.74366375503857
 20
202.38212894569142
 10
126.66112685448344
 20
202.35192527947913
 10
126.57867356714661
 20
202.32149409816134
 10
126.4963046663723
 20
202.29083524043227
 10
126.4140209293978
 20
202.25994854452102
 10
126.33182313737652
 20
202.22883384824667
 10
126.24971207540105
 20
202.19749098907403
 10
126.16768853252526
 20
202.16591980417044
 10
126.08575330178594
 20
202.13412013046315
 10
126.00390718022395
 20
202.10209180469718
 10
125.92215096890469
 20
202.06983466349467
 10
125.84048547293786
 20
202.03734854341405
 10
125.7589115014968
 20
202.00463328101077
 10
125.67742986783699
 20
201.97168871289824
 10
125.59604138931395
 20
201.93851467580993
 10
125.51474688740052
 20
201.90511100666208
 10
125.43354718770327
 20
201.87147754261713
 10
125.35244311997845
 20
201.83761412114808
 10
125.27143551814692
 20
201.8035205801035
 10
125.19052522030857
 20
201.76919675777353
 10
125.10971306875581
 20
201.73464249295643
 10
125.02899990998637
 20
201.69985762502608
 10
124.94838659471515
 20
201.66484199400043
 10
124.86787397788552
 20
201.62959544061022
 10
124.78746291867948
 20
201.5941178063692
 10
124.70715428052706
 20
201.55840893364478
 10
124.626948931115
 20
201.52246866572938
 10
124.54684774239419
 20
201.48629684691286
 10
124.46685159058653
 20
201.44989332255568
 10
124.38696135619065
 20
201.41325793916292
 10
124.3071779239867
 20
201.37639054445876
 10
124.2275021830402
 20
201.3392909874624
 10
124.14793502670479
 20
201.30195911856424
 10
124.06847735262414
 20
201.26439478960322
 10
123.98913006273253
 20
201.22659785394475
 10
123.90989406325468
 20
201.18856816655952
 10
123.83077026470424
 20
201.15030558410325
 10
123.75175958188126
 20
201.11180996499706
 10
123.67286293386854
 20
201.07308116950867
 10
123.59408124402685
 20
201.0341190598346
 10
123.51541543998883
 20
200.99492350018284
 10
123.43686645365182
 20
200.9554943568565
 10
123.3584352211695
 20
200.91583149833832
 10
123.28012268294212
 20
200.87593479537588
 10
123.20192978360558
 20
200.83580412106744
 10
123.12385747201915
 20
200.79543935094864
 10
123.04590670125201
 20
200.7548403630803
 10
122.96807842856819
 20
200.71400703813623
 10
122.89037361541041
 20
200.6729392594926
 10
122.8127932273824
 20
200.6316369133175
 10
122.73533823422981
 20
200.59009988866137
 10
122.65800960981973
 20
200.5483280775482
 10
122.58080833211868
 20
200.5063213750674
 10
122.50373538316919
 20
200.46407967946647
 10
122.42679174906486
 20
200.42160289224395
 10
122.3499784199239
 20
200.37889091824374
 10
122.27329638986096
 20
200.33594366574934
 10
122.1967466569577
 20
200.29276104657924
 10
122.12033022323143
 20
200.24934297618273
 10
122.04404809460237
 20
200.20568937373616
 10
121.96790128085908
 20
200.1618001622404
 10
121.89189079562236
 20
200.11767526861803
 10
121.81601765630737
 20
200.0733146238117
 10
121.7402828840841
 20
200.02871816288297
 10
121.664687503836
 20
199.98388582511126
 10
121.58923254411707
 20
199.93881755409393
 10
121.51391903710675
 20
199.8935132978463
 10
121.4387480185635
 20
199.84797300890233
 10
121.36372052777627
 20
199.80219664441574
 10
121.28883760751407
 20
199.75618416626185
 10
121.2141003039739
 20
199.70993554113895
 10
121.139515606021
 20
199.66344121764644
 10
121.06508035644815
 20
199.6167080027239
 10
120.99079461134576
 20
199.56973750350684
 10
120.91665951687295
 20
199.5225295862095
 10
120.84267622492823
 20
199.4750841210227
 10
120.76884589317918
 20
199.42740098214628
 10
120.69516968509234
 20
199.37948004782194
 10
120.62164876996333
 20
199.33132120036643
 10
120.54828432294727
 20
199.2829243262057
 10
120.47507752508942
 20
199.23428931590928
 10
120.40202956335612
 20
199.18541606422548
 10
120.32914163066586
 20
199.13630447011724
 10
120.25641492592075
 20
199.0869544367984
 10
120.18385065403805
 20
199.03736587177087
 10
120.11145002598205
 20
198.98753868686217
 10
120.03921425879615
 20
198.93747279826403
 10
119.96714457563507
 20
198.8871681265714
 10
119.89524220579739
 20
198.83662459682222
 10
119.82350838475818
 20
198.785842138538
 10
119.75194435420191
 20
198.73482068576516
 10
119.68055136205548
 20
198.68356017711696
 10
119.60933066252147
 20
198.6320605558164
 10
119.53828351611149
 20
198.58032176973984
 10
119.4674111896798
 20
198.52834377146138
 10
119.39671495645696
 20
198.47612651829814
 10
119.32619609608369
 20
198.42366997235655
 10
119.25585589464485
 20
198.37097410057896
 10
119.18569564470349
 20
198.31803887479185
 10
119.11571664533506
 20
198.2648642717544
 10
119.04592020216167
 20
198.2114502732083
 10
118.97630762738646
 20
198.15779686592813
 10
118.90688023982804
 20
198.10390404177326
 10
118.83763936495494
 20
198.04977179774022
 10
118.76858633492012
 20
197.9954001360161
 10
118.69972248859551
 20
197.94078906403348
 10
118.63104917160662
 20
197.88593859452567
 10
118.56256773636696
 20
197.83084874558347
 10
118.49427954211261
 20
197.77551954071305
 10
118.42618595493673
 20
197.71995100889438
 10
118.3582883478239
 20
197.6641431846415
 10
118.2905881006845
 20
197.6080961080633
 10
118.22308660038891
 20
197.5518098249259
 10
118.15578524080159
 20
197.49528438671587
 10
118.08868542281516
 20
197.43851985070486
 10
118.0217885543841
 20
197.38151628001526
 10
117.95509605055845
 20
197.32427374368729
 10
117.88860933351718
 20
197.26679231674711
 10
117.82232983260143
 20
197.2090720802765
 10
117.75625898434743
 20
197.1511131214835
 10
117.69039823251916
 20
197.09291553377452
 10
117.62474902814067
 20
197.03447941682782
 10
117.55931282952821
 20
196.9758048766684
 10
117.49409110232176
 20
196.91689202574395
 10
117.42908531951635
 20
196.85774098300243
 10
117.36429696149295
 20
196.79835187397128
 10
117.29972751604885
 20
196.73872483083753
 10
117.23537847842752
 20
196.6788599925297
 10
117.17125135134809
 20
196.6187575048013
 10
117.10734764503422
 20
196.55841752031534
 10
117.04366887724231
 20
196.49784019873107
 10
116.9802165732892
 20
196.43702570679136
 10
116.91699226607918
 20
196.37597421841255
 10
116.85399749613029
 20
196.31468591477505
 10
116.79123381159994
 20
196.25316098441624
 10
116.72870276830969
 20
196.19139962332446
 10
116.66640592976924
 20
196.12940203503484
 10
116.60434486719966
 20
196.0671684307269
 10
116.54252115955559
 20
196.0046990293234
 10
116.48093639354654
 20
195.94199405759156
 10
116.41959216365733
 20
195.8790537502451
 10
116.35849007216726
 20
195.81587835004882
 10
116.29763172916843
 20
195.75246810792447
 10
116.23701875258281
 20
195.6888232830584
 10
116.17665276817814
 20
195.62494414301108
 10
116.1165354095827
 20
195.56083096382835
 10
116.05666831829858
 20
195.49648403015465
 10
115.99705314371388
 20
195.43190363534757
 10
115.93769154311333
 20
195.3670900815949
 10
115.87858518168753
 20
195.30204368003297
 10
115.81973573254068
 20
195.2367647508671
 10
115.76114487669676
 20
195.1712536234939
 10
115.70281430310403
 20
195.10551063662524
 10
115.64474570863788
 20
195.0395361384146
 10
115.58694079810196
 20
194.97333048658467
 10
115.52940128422742
 20
194.90689404855738
 10
115.47212888767028
 20
194.84022720158544
 10
115.41512533700697
 20
194.77333033288625
 10
115.35839236872766
 20
194.70620383977723
 10
115.30193172722763
 20
194.6388481298136
 10
115.24574516479642
 20
194.57126362092743
 10
115.1898344416048
 20
194.50345074156948
 10
115.13420132568936
 20
194.4354099308522
 10
115.07884759293478
 20
194.36714163869507
 10
115.02377502705357
 20
194.29864632597184
 10
114.96898570041955
 20
194.2299242411092
 10
114.91448052288416
 20
194.16097657288026
 10
114.86026075657256
 20
194.0918042358751
 10
114.80632819749918
 20
194.02240773545492
 10
114.75268464410797
 20
193.95278759245477
 10
114.69933189716278
 20
193.8829443432599
 10
114.64627175963682
 20
193.81287853988044
 10
114.59350603660145
 20
193.7425907500254
 10
114.54103653511412
 20
193.6720815571752
 10
114.48886506410555
 20
193.60135156065348
 10
114.43699343426618
 20
193.5304013756973
 10
114.38542345793195
 20
193.4592316335267
 10
114.33415694896931
 20
193.38784298141272
 10
114.28319572265964
 20
193.31623608274424
 10
114.23254159558303
 20
193.2444116170941
 10
114.18219638550136
 20
193.1723702802833
 10
114.13216191124081
 20
193.1001127844448
 10
114.08243999257394
 20
193.02763985808537
 10
114.03303245010093
 20
192.95495224614683
 10
113.98394110513058
 20
192.88205071006564
 10
113.93516777956069
 20
192.80893602783152
 10
113.8867142957578
 20
192.7356089940447
 10
113.83858247643684
 20
192.66207041997208
 10
113.79077414454
 20
192.58832113360194
 10
113.74329112311531
 20
192.51436197969758
 10
113.69613523519493
 20
192.4401938198497
 10
113.64930830367288
 20
192.36581753252753
 10
113.6028121511826
 20
192.29123401312845
 10
113.55664859997404
 20
192.21644417402692
 10
113.51081947179063
 20
192.14144894462163
 10
113.46532658774574
 20
192.0662492713818
 10
113.42017176819907
 20
191.99084611789178
 10
113.37535683263278
 20
191.91524046489502
 10
113.33088359952725
 20
191.83943331033626
 10
113.28675388623685
 20
191.76342566940292
 10
113.24296950886536
 20
191.68721857456487
 10
113.19953228214136
 20
191.6108130756133
 10
113.15644401929343
 20
191.53421023969824
 10
113.11370653192517
 20
191.45741115136497
 10
113.0713216298902
 20
191.38041691258897
 10
113.0292911211671
 20
191.30322864281027
 10
112.98761681173409
 20
191.22584747896582
 10
112.94630050544392
 20
191.14827457552153
 10
112.9053440038985
 20
191.07051110450243
 10
112.86474910632361
 20
190.99255825552223
 10
112.82451760944362
 20
190.91441723581147
 10
112.78465130735607
 20
190.83608927024477
 10
112.74515199140643
 20
190.7575756013665
 10
112.70602145006278
 20
190.6788774894162
 10
112.66726146879054
 20
190.59999621235204
 10
112.62887382992729
 20
190.5209330658738
 10
112.59086031255754
 20
190.44168936344465
 10
112.55322269238764
 20
190.36226643631187
 10
112.51596274162074
 20
190.28266563352662
 10
112.4790822288318
 20
190.20288832196258
 10
112.44258291884266
 20
190.122935886334
 10
112.4064665725972
 20
190.0428097292122
 10
112.37073494703664
 20
189.96251127104176
 10
112.33538979497474
 20
189.88204195015533
 10
112.30043286497335
 20
189.80140322278788
 10
112.26586590121772
 20
189.7205965630897
 10
112.23169064339217
 20
189.639623463139
 10
112.19790882655565
 20
189.55848543295315
 10
112.1645221810174
 20
189.47718400049982
 10
112.13153243221277
 20
189.3957207117064
 10
112.09894130057887
 20
189.31409713046943
 10
112.06675050143059
 20
189.23231483866294
 10
112.03496174483627
 20
189.15037543614596
 10
112.00357673549372
 20
189.06828054076965
 10
111.97259717260604
 20
188.9860317883833
 10
111.94202474975755
 20
188.90363083283995
 10
111.91186115478956
 20
188.82107934600145
 10
111.88210659940589
 20
188.73837954581128
 10
111.85276381452509
 20
188.6555327517617
 10
111.82383444826421
 20
188.57254069164122
 10
111.79531966614938
 20
188.4894052753565
 10
111.767220648655
 20
188.40612841531384
 10
111.7395385901961
 20
188.3227120272158
 10
111.71227469810063
 20
188.23915803083526
 10
111.68543019156127
 20
188.15546835076668
 10
111.65900630056663
 20
188.07164491715446
 10
111.63300426481142
 20
187.98768966639813
 10
111.6074253325855
 20
187.9036045418338
 10
111.58227075964172
 20
187.81939149439185
 10
111.55754180804216
 20
187.73505248323022
 10
111.53323974498294
 20
187.65058947634287
 10
111.50936584159747
 20
187.56600445114321
 10
111.4859213717381
 20
187.4812993950219
 10
111.46290761073628
 20
187.3964763058782
 10
111.4403258341414
 20
187.31153719262466
 10
111.41817731643829
 20
187.22648407566493
 10
111.3964633297438
 20
187.14131898734303
 10
111.37518514248262
 20
187.05604397236482
 10
111.35434401804278
 20
186.9706610881899
 10
111.33394121341101
 20
186.88517240539406
 10
111.3139779777888
 20
186.79958000800127
 10
111.29445555118923
 20
186.7138859937848
 10
111.2753751630157
 20
186.62809247453652
 10
111.25673803062261
 20
186.54220157630402
 10
111.23854535785942
 20
186.45621543959464
 10
111.22079833359825
 20
186.37013621954597
 10
111.20349813024637
 20
186.28396608606212
 10
111.18664590224438
 20
186.19770722391485
 10
111.17024278455102
 20
186.1113618328094
 10
111.15428989111587
 20
186.02493212741405
 10
111.13878831334114
 20
185.93842033735302
 10
111.12373911853359
 20
185.85182870716187
 10
111.10914334834831
 20
185.76515949620546
 10
111.09500201722523
 20
185.6784149785571
 10
111.08131611082047
 20
185.5915974428393
 10
111.06808658443363
 20
185.50470919202496
 10
111.05531436143286
 20
185.41775254319936
 10
111.04300033167934
 20
185.3307298272817
 10
111.03114534995295
 20
185.24364338870663
 10
111.01975023438119
 20
185.15649558506567
 10
111.00881576487278
 20
185.06928878670743
 10
110.99834268155846
 20
184.98202537629726
 10
110.98833168324055
 20
184.8947077483365
 10
110.97878342585369
 20
184.80733830864034
 10
110.96969852093872
 20
184.71991947377566
 10
110.96107753413179
 20
184.63245367045806
 10
110.95292098367119
 20
184.54494333490865
 10
110.94522933892392
 20
184.4573909121711
 10
110.9380030189343
 20
184.36979885538935
 10
110.93124239099703
 20
184.28216962504615
 10
110.92494776925702
 20
184.1945056881634
 10
110.91911941333817
 20
184.1068095174648
 10
110.91375752700357
 20
184.0190835905019
 10
110.90886225684955
 20
183.9313303887436
 10
110.90443369103563
 20
183.84355239663134
 10
110.9004718580531
 20
183.7557521005998
 10
110.8969767255339
 20
183.6679319880651
 10
110.89394819910302
 20
183.5800945463813
 10
110.89138612127546
 20
183.49224226176688
 10
110.88929027040106
 20
183.40437761820226
 10
110.88766035965854
 20
183.31650309630032
 10
110.8864960361012
 20
183.22862117215084
 10
110.8857968797562
 20
183.14073431614173
 10
110.88556240277927
 20
183.05284499175727
  0
LWPOLYLINE
  5
B3
330
17
100
AcDbEntity
  8
01-VISIBLE
100
AcDbPolyline
 90
268
 70
0
 10
166.18556240277928
 20
86.74299078842732
 10
166.18545480291232
 20
86.66289680223525
 10
166.18513484772086
 20
86.58280338656354
 10
166.18458560345636
 20
86.50271121912064
 10
166.1837899910783
 20
86.42262112452815
 10
166.182730837113
 20
86.34253408632688
 10
166.18139095511984
 20
86.262451257909
 10
166.17975324940866
 20
86.18237397170768
 10
166.17780083238256
 20
86.10230374607418
 10
166.17551714673675
 20
86.02224228943209
 10
166.17288608405735
 20
85.94219150150366
 10
166.16989209232088
 20
85.86215347163215
 10
166.16652026642294
 20
85.78213047443862
 10
166.16275641803162
 20
85.70212496322057
 10
166.15858712351033
 20
85.62213956159201
 10
166.1539997510672
 20
85.54217705386819
 10
166.1489824703531
 20
85.46224037461596
 10
166.14352424920034
 20
85.3823325976426
 10
166.13761484293852
 20
85.30245692451126
 10
166.13124478171545
 20
85.22261667248782
 10
166.12440536056673
 20
85.14281526167352
 10
166.11708863575222
 20
85.06305620099062
 10
166.1092874292856
 20
84.98334307268235
 10
166.10099534179844
 20
84.90367951507464
 10
166.09220677208577
 20
84.82406920352214
 10
166.0829169400502
 20
84.74451582971312
 10
166.07312190848242
 20
84.66502307980731
 10
166.0628185983881
 20
84.5855946121846
 10
166.05200479260057
 20
84.50623403582863
 10
166.04067912341827
 20
84.42694489048097
 10
166.02884104214564
 20
84.34773062958925
 10
166.01649077180207
 20
84.26859460664969
 10
166.00362924888864
 20
84.18954006473143
 10
165.9902580658278
 20
84.1105701277189
 10
165.97637943225544
 20
84.03168779009954
 10
165.96199618041783
 20
83.95289589997891
 10
165.94711184719614
 20
83.87419712746087
 10
165.9317308725828
 20
83.79559390763126
 10
165.91585896184577
 20
83.71708834414737
 10
165.8995036665416
 20
83.63868205585192
 10
165.88267524867757
 20
83.56037594487408
 10
165.86538790358154
 20
83.4821698603974
 10
165.8476614312583
 20
83.40406212793364
 10
165.82952346357933
 20
83.3260489103452
 10
165.81101237478578
 20
83.24812336583238
 10
165.79218102235598
 20
83.17027457330661
 10
165.77312138957512
 20
83.09248131956795
 10
165.7539297719266
 20
83.01472052271794
 10
165.73457784891707
 20
82.93699946922462
 10
165.71504640244765
 20
82.85932333934728
 10
165.69532081186324
 20
82.78169628749457
 10
165.6753892528194
 20
82.70412186736966
 10
165.6552416788839
 20
82.62660327216673
 10
165.63486921253454
 20
82.54914347867151
 10
165.61426376526768
 20
82.47174533783149
 10
165.59341779320664
 20
82.3944116337435
 10
165.5723241366802
 20
82.31714512305797
 10
165.55097591400516
 20
82.23994856168069
 10
165.52936645156413
 20
82.16282472287337
 10
165.50748923901673
 20
82.08577640927913
 10
165.48533790245654
 20
82.00880646047128
 10
165.4629061907394
 20
81.93191775706366
 10
165.44018797170256
 20
81.85511322207502
 10
165.41717723593007
 20
81.7783958200267
 10
165.39386810630896
 20
81.70176855412235
 10
165.37025485198245
 20
81.62523446178518
 10
165.34633190552177
 20
81.548796608792
 10
165.3220938822523
 20
81.47245808223626
 10
165.2975356007178
 20
81.39622198256549
 10
165.272652103271
 20
81.32009141496707
 10
165.24743867575626
 20
81.24406948041688
 10
165.22189086521612
 20
81.16815926675307
 10
165.1960044945217
 20
81.09236384018881
 10
165.169775672803
 20
81.0166862377297
 10
165.1432008005559
 20
80.94112946100827
 10
165.11627656833065
 20
80.86569647208752
 10
165.08899994797153
 20
80.79039019181073
 10
165.06136817548082
 20
80.71521350128556
 10
165.0333787247263
 20
80.64016924708092
 10
165.00502927139578
 20
80.56526025068598
 10
164.97631764681896
 20
80.49048932273075
 10
164.9472417815187
 20
80.41585928239945
 10
164.91779963860643
 20
80.34137298238528
 10
164.8879891373851
 20
80.26703333964373
 10
164.85780806775423
 20
80.1928433721092
 10
164.82725399620458
 20
80.11880624145422
 10
164.79632416433537
 20
80.0449253019021
 10
164.76506395809685
 20
79.97118350243137
 10
164.7334595675378
 20
79.89758858981597
 10
164.70149473576464
 20
79.8241495096807
 10
164.669173962392
 20
79.75086638197101
 10
164.6365010156802
 20
79.67773958837964
 10
164.60347907195688
 20
79.6047697262972
 10
164.57011083805338
 20
79.53195756640424
 10
164.5363986587732
 20
79.45930401362992
 10
164.50234461101817
 20
79.38681007127205
 10
164.46795058589095
 20
79.3144768081311
 10
164.43321835985438
 20
79.24230532855888
 10
164.3981496558449
 20
79.17029674536099
 10
164.36274619510016
 20
79.09845215551883
 10
164.32700974036288
 20
79.02677261871598
 10
164.29094213105424
 20
78.95525913866138
 10
164.25454531096773
 20
78.88391264720283
 10
164.21782134900894
 20
78.81273399121669
 10
164.18077245349875
 20
78.7417239222458
 10
164.14340098055553
 20
78.67088308883908
 10
164.10570943708055
 20
78.60021203152296
 10
164.06770047887807
 20
78.52971118030972
 10
164.0293769044524
 20
78.45938085462103
 10
163.99074164502974
 20
78.38922126547887
 10
163.95179775135705
 20
78.31923251979076
 10
163.9125483778257
 20
78.24941462653402
 10
163.87299676446133
 20
78.17976750462468
 10
163.83314621730435
 20
78.11029099224129
 10
163.79300008768533
 20
78.04098485736385
 10
163.75256175087216
 20
77.97184880928174
 10
163.7118345845334
 20
77.90288251082333
 10
163.67082194742628
 20
77.83408559106357
 10
163.62952715867746
 20
77.76545765827255
 10
163.58795347798426
 20
77.69699831287926
 10
163.54610408701984
 20
77.62870716023846
 10
163.50398207228534
 20
77.56058382300466
 10
163.46159040960848
 20
77.49262795293505
 10
163.41893195044938
 20
77.42483924196198
 10
163.3760094101369
 20
77.35721743239507
 10
163.3328253581231
 20
77.28976232613206
 10
163.2893822103128
 20
77.22247379277637
 10
163.2456822234954
 20
77.15535177657752
 10
163.20172749188188
 20
77.08839630212752
 10
163.15751994572597
 20
77.02160747876201
 10
163.11306135198947
 20
76.95498550363008
 10
163.06835331699412
 20
76.88853066341045
 10
163.02339729098586
 20
76.822243334664
 10
162.97819457452437
 20
76.75612398282554
 10
162.9327463265967
 20
76.69017315984884
 10
162.88705357434165
 20
76.62439150053075
 10
162.84111722425854
 20
76.5587797175523
 10
162.7949380747617
 20
76.49333859528699
 10
162.7485168299274
 20
76.42806898243984
 10
162.70185411426596
 20
76.36297178359614
 10
162.65495048833458
 20
76.29804794977483
 10
162.6078064649895
 20
76.23329846810046
 10
162.56042252605536
 20
76.16872435072851
 10
162.51279913916966
 20
76.10432662318188
 10
162.46493677453557
 20
76.04010631228265
 10
162.41683592129368
 20
75.97606443389165
 10
162.36849710319612
 20
75.9122019806989
 10
162.31992089324183
 20
75.84851991034147
 10
162.27110792690434
 20
75.78501913416048
 10
162.22205891355824
 20
75.72170050694454
 10
162.1727746456864
 20
75.65856481804461
 10
162.12325600542692
 20
75.59561278428181
 10
162.07350396800007
 20
75.5328450451061
 10
162.02351960153888
 20
75.47026216049761
 10
161.97330406283578
 20
75.40786461213489
 10
161.92285858850985
 20
75.34565280838237
 10
161.87218448109783
 20
75.28362709367498
 10
161.82128308957294
 20
75.22178776289822
 10
161.77015578380266
 20
75.16013508138036
 10
161.71880392246553
 20
75.09866931112839
 10
161.6672288139568
 20
75.03739074395318
 10
161.6154316698222
 20
74.97629974214621
 10
161.56341355026353
 20
74.9153967873911
 10
161.5111753012566
 20
74.85468253862557
 10
161.45871748280476
 20
74.79415789961867
 10
161.4060402878166
 20
74.73382409710202
 10
161.35314345103558
 20
74.67368277040367
 10
161.30002614735457
 20
74.61373607369028
 10
161.2466868787126
 20
74.5539867921445
 10
161.19312334857977
 20
74.49443847370789
 10
161.13933232278038
 20
74.43509557843007
 10
161.0853094750646
 20
74.37596364801365
 10
161.03107713353614
 20
74.31702375635808
 10
160.9766507594926
 20
74.2582630176808
 10
160.92201145204413
 20
74.19970022463562
 10
160.86716062498283
 20
74.14133549672357
 10
160.8120996838844
 20
74.08316894702048
 10
160.75683002616853
 20
74.02520068225412
 10
160.70135304115445
 20
73.96743080288391
 10
160.64567011011258
 20
73.90985940318281
 10
160.58978260631184
 20
73.85248657132179
 10
160.53369189506327
 20
73.79531238945671
 10
160.4773993337596
 20
73.73833693381756
 10
160.42090627191155
 20
73.68156027480016
 10
160.36421405118057
 20
73.62498247706031
 10
160.30732400540833
 20
73.56860359961036
 10
160.25023746064312
 20
73.51242369591809
 10
160.19295573516322
 20
73.45644281400824
 10
160.13548013949773
 20
73.40066099656612
 10
160.07781197644437
 20
73.34507828104383
 10
160.01995254108502
 20
73.28969469976875
 10
159.96190312079887
 20
73.23451028005434
 10
159.90366499527318
 20
73.17952504431337
 10
159.8452394365121
 20
73.12473901017329
 10
159.7866277088433
 20
73.070152190594
 10
159.72783106892308
 20
73.0157645939878
 10
159.66885076573936
 20
72.96157622434153
 10
159.6096880406134
 20
72.90758708134096
 10
159.55034412719968
 20
72.8537971604973
 10
159.49082025148482
 20
72.80020645327572
 10
159.4311176317848
 20
72.74681494722616
 10
159.37123747874136
 20
72.69362262611595
 10
159.31118099531724
 20
72.64062947006464
 10
159.25094937679026
 20
72.58783545568059
 10
159.19054381074696
 20
72.53524055619962
 10
159.12996547707513
 20
72.48284474162554
 10
159.06921554795593
 20
72.4306479788724
 10
159.00829518785525
 20
72.37865023190862
 10
158.94720555351475
 20
72.32685146190289
 10
158.88594779394242
 20
72.27525162737165
 10
158.82452305040303
 20
72.22385068432834
 10
158.762932456408
 20
72.1726485864342
 10
158.70117713770554
 20
72.12164528515065
 10
158.63925821227048
 20
72.0708407298931
 10
158.5771767902942
 20
72.02023486818636
 10
158.51493397417468
 20
71.96982764582131
 10
158.45253085850663
 20
71.91961900701303
 10
158.38996853007205
 20
71.86960889456014
 10
158.3272480678307
 20
71.81979725000558
 10
158.26437054291156
 20
71.77018401379833
 10
158.20133701860394
 20
71.72076912545648
 10
158.13814855034985
 20
71.6715525237314
 10
158.07480618573635
 20
71.6225341467728
 10
158.0113109644888
 20
71.57371393229496
 10
157.94766391846474
 20
71.52509181774384
 10
157.88386607164827
 20
71.47666774046509
 10
157.8199184401455
 20
71.42844163787285
 10
157.75582203218073
 20
71.38041344761946
 10
157.69157784809326
 20
71.33258310776584
 10
157.62718688033544
 20
71.28495055695255
 10
157.5626501134714
 20
71.23751573457149
 10
157.49796852417703
 20
71.1902785809383
 10
157.43314308124073
 20
71.1432390374651
 10
157.36817474556543
 20
71.09639704683393
 10
157.30306447017162
 20
71.04975255317052
 10
157.23781320020157
 20
71.00330550221841
 10
157.1724218729248
 20
70.95705584151358
 10
157.10689141774452
 20
70.9110035205592
 10
157.04122275620568
 20
70.86514849100075
 10
156.975416802004
 20
70.8194907068013
 10
156.9094744609964
 20
70.77403012441694
 10
156.84339663121284
 20
70.72876670297232
 10
156.77718420286948
 20
70.68370040443632
 10
156.71083805838313
 20
70.63883119379764
 10
156.64435907238732
 20
70.59415903924051
 10
156.57774811174957
 20
70.54968391232012
 10
156.51100603559036
 20
70.5054057881382
 10
156.4441336953033
 20
70.46132464551826
 10
156.37713193457714
 20
70.41744046718074
 10
156.31000158941907
 20
70.37375323991783
 10
156.24274348817954
 20
70.33026295476819
 10
156.17535845157886
 20
70.28696960719115
 10
156.10784729273516
 20
70.24387319724076
 10
156.040210817194
 20
70.20097372973926
 10
155.97244982295973
 20
70.15827121445031
 10
155.90456510052823
 20
70.11576566625162
 10
155.83655743292158
 20
70.07345710530717
 10
155.76842759572406
 20
70.03134555723881
 10
155.7001763571202
 20
69.98943105329738
 10
155.63180447793405
 20
69.94771363053319
 10
155.56331271167068
 20
69.90619333196582
 10
155.49470180455887
 20
69.86487020675334
 10
155.425972495596
 20
69.8237443103607
 10
155.3571255165942
 20
69.78281570472755
 10
155.28816159222862
 20
69.74208445843512
 10
155.21908144008725
 20
69.7015506468724
 10
155.14988577072265
 20
69.66121435240149
 10
155.08057528770524
 20
69.621075664522
  0
LWPOLYLINE
  5
B4
330
17
100
AcDbEntity
  8
01-VISIBLE
100
AcDbPolyline
 90
401
 70
0
 10
110.88556240277927
 20
86.74299078842732
 10
110.88588761204852
 20
86.60315285667647
 10
110.88689867385642
 20
86.46331823884732
 10
110.88868648638154
 20
86.3234914371222
 10
110.89134239960683
 20
86.18367847749043
 10
110.89495663283945
 20
86.04388705921701
 10
110.89961636562039
 20
85.90412663804334
 10
110.90540391308826
 20
85.76440842974432
 10
110.91239531342492
 20
85.62474533842934
 10
110.92065949141234
 20
85.48515182816203
 10
110.93025796686152
 20
85.34564376055211
 10
110.94124492095727
 20
85.2062382136756
 10
110.95366736901892
 20
85.06695328385386
 10
110.96756522476596
 20
84.92780785949938
 10
110.9829711532557
 20
84.78882135264054
 10
110.9999102545978
 20
84.6500133825262
 10
111.0183997513546
 20
84.51140342553056
 10
111.03844891964037
 20
84.37301046888433
 10
111.06005945519749
 20
84.234852717951
 10
111.08322625649112
 20
84.09694738761293
 10
111.10793822183336
 20
83.95931053754136
 10
111.1341781285911
 20
83.82195677653512
 10
111.16192005581419
 20
83.68489846297966
 10
111.19112217224655
 20
83.54814377385398
 10
111.22171199420832
 20
83.41169270735509
 10
111.25356026773494
 20
83.27552973595913
 10
111.28643829396842
 20
83.13961154192884
 10
111.31989480708752
 20
83.00383439440145
 10
111.3538415003265
 20
82.86817901278415
 10
111.3883738968921
 20
82.73267157151989
 10
111.42355328117186
 20
82.59733067663447
 10
111.459427393067
 20
82.46217228993326
 10
111.49603725280814
 20
82.32721135364493
 10
111.53342029073613
 20
82.19246255236922
 10
111.57161184998947
 20
82.0579406933686
 10
111.61064587940768
 20
81.92366089223034
 10
111.65055518061008
 20
81.78963864501887
 10
111.69137138954613
 20
81.65588982543277
 10
111.7331247935447
 20
81.52243062752163
 10
111.77584405065446
 20
81.38927746751986
 10
111.81955586496464
 20
81.256446856927
 10
111.86428466874155
 20
81.123955260686
 10
111.91005236378368
 20
80.99181895782361
 10
111.95687817658035
 20
80.86005392615833
 10
112.00477868177497
 20
80.72867577660111
 10
112.05376804392242
 20
80.59769976510495
 10
112.10385851735364
 20
80.4671409105299
 10
112.15506122817195
 20
80.33701424403064
 10
112.2073872425651
 20
80.20733521015997
 10
112.26084890470747
 20
80.07812023264192
 10
112.31540236292403
 20
79.94936227811786
 10
112.3710057209489
 20
79.82105429381416
 10
112.42768280936193
 20
79.69321697269842
 10
112.48542519597991
 20
79.56585728156037
 10
112.54422312218963
 20
79.43898143937503
 10
112.60406610175743
 20
79.31259514790322
 10
112.66494326867722
 20
79.18670373083049
 10
112.72684352728973
 20
79.06131219270264
 10
112.78975555637977
 20
78.93642521179731
 10
112.85366771479028
 20
78.81204708253004
 10
112.91856789108789
 20
78.68818162371274
 10
112.98444333475852
 20
78.56483206929276
 10
113.0512805014356
 20
78.44200095817081
 10
113.11906493956623
 20
78.31969003920817
 10
113.18778124040294
 20
78.1979002063935
 10
113.25741306703972
 20
78.0766314771509
 10
113.32794327134367
 20
77.9558830238287
 10
113.39935410023783
 20
77.8356532645397
 10
113.47162748524549
 20
77.7159400149185
 10
113.54474540201655
 20
77.59674069734672
 10
113.61869028023706
 20
77.47805259917205
 10
113.69344543927028
 20
77.35987316679555
 10
113.7689955212492
 20
77.2422003184857
 10
113.84532689100091
 20
77.12503275545915
 10
113.92242797067965
 20
77.00837024795851
 10
114.00028947562302
 20
76.89221387031554
 10
114.07890451587068
 20
76.77656615566916
 10
114.15826852413763
 20
76.66143113634507
 10
114.2383789651155
 20
76.54681422914443
 10
114.31923477248209
 20
76.43272191539002
 10
114.40083544936374
 20
76.3191611535345
 10
114.48317975691846
 20
76.20613844851442
 10
114.56626390795377
 20
76.09365848985284
 10
114.65007918497325
 20
75.98172226601794
 10
114.73460892594542
 20
75.87032457676538
 10
114.81982488232914
 20
75.7594509150739
 10
114.90578158472907
 20
75.64915058842858
 10
114.99244434313205
 20
75.53940412236244
 10
115.07980806869006
 20
75.43021483891923
 10
115.16787072398812
 20
75.32158846709558
 10
115.25662971865212
 20
75.21353033169305
 10
115.3460819347882
 20
75.10604535261322
 10
115.43622375537984
 20
74.99913804740237
 10
115.52705109524179
 20
74.89281253695293
 10
115.61855943410734
 20
74.78707255422358
 10
115.71074385141131
 20
74.68192145579759
 10
115.8035990623233
 20
74.57736223605957
 10
115.897119454586
 20
74.47339754373618
 10
115.99129912571982
 20
74.37002970051654
 10
116.086131920168
 20
74.26726072144236
 10
116.18161146597464
 20
74.16509233673861
 10
116.27773121061048
 20
74.06352601474063
 10
116.3744844555884
 20
73.96256298556335
 10
116.47186438953887
 20
73.86220426515412
 10
116.56986411944679
 20
73.76245067936814
 10
116.66847669978351
 20
73.66330288770939
 10
116.76769515929857
 20
73.56476140638428
 10
116.86751252526837
 20
73.46682663032374
 10
116.9679218450285
 20
73.36949885383868
 10
117.0689162046454
 20
73.27277828958476
 10
117.17048874460994
 20
73.17666508552331
 10
117.27263267246022
 20
73.0811593395774
 10
117.37534127226344
 20
72.98626111169298
 10
117.47860791090706
 20
72.89197043302629
 10
117.58242604116808
 20
72.79828731198894
 10
117.6867892015456
 20
72.70521173689248
 10
117.79169101285748
 20
72.61274367494305
 10
117.89712517161531
 20
72.52088306734699
 10
118.00308544020594
 20
72.42962982029712
 10
118.10956563392082
 20
72.3389837916207
 10
118.21655960488792
 20
72.24894477288143
 10
118.32406122297549
 20
72.15951246674284
 10
118.43206435375295
 20
72.07068645941821
 10
118.54056283361165
 20
71.98246618805396
 10
118.6495518260028
 20
71.89485263242604
 10
118.75902818127466
 20
71.80784880649483
 10
118.86897935755509
 20
71.72144581294977
 10
118.9794002871478
 20
71.6356439648739
 10
119.0902859305256
 20
71.55044353481665
 10
119.20163127690448
 20
71.46584475592255
 10
119.31343134478064
 20
71.3818478230485
 10
119.42568118243123
 20
71.298452893869
 10
119.53837586837992
 20
71.2156600899686
 10
119.65151051182832
 20
71.13346949792123
 10
119.76508025305397
 20
71.05188117035597
 10
119.8790802637761
 20
70.97089512700866
 10
119.99350574749013
 20
70.89051135575914
 10
120.10835193977151
 20
70.8107298136537
 10
120.2236141085503
 20
70.73155042791234
 10
120.33928755435718
 20
70.65297309692079
 10
120.45536761054183
 20
70.57499769120683
 10
120.57184964346456
 20
70.49762405440075
 10
120.68872905266237
 20
70.4208520041798
 10
120.80600127098981
 20
70.3446813331966
 10
120.92366176473615
 20
70.26911180999105
 10
121.04170603371912
 20
70.19414317988596
 10
121.16012961135658
 20
70.11977516586623
 10
121.2789280647165
 20
70.04600746944155
 10
121.39809699454658
 20
69.97283977149233
 10
121.51763203528371
 20
69.90027173309946
 10
121.6375288550447
 20
69.82830299635715
 10
121.75778315559836
 20
69.75693318516964
 10
121.87839067232042
 20
69.68616190603115
 10
121.99934717413137
 20
69.61598874878968
 10
122.12064846341832
 20
69.54641328739439
 10
122.24229037594154
 20
69.47743508062693
 10
122.36426878072615
 20
69.40905367281655
 10
122.4865795799399
 20
69.34126859453941
 10
122.60921870875748
 20
69.27407936330192
 10
122.73218213521216
 20
69.20748548420862
 10
122.85546586003505
 20
69.14148645061438
 10
122.97906591648315
 20
69.07608174476147
 10
123.10297837015607
 20
69.01127083840129
 10
123.22719931880252
 20
68.94705319340133
 10
123.35172489211685
 20
68.88342826233719
 10
123.47655125152619
 20
68.82039548907018
 10
123.60167458996881
 20
68.75795430931053
 10
123.72709113166403
 20
68.6961041511664
 10
123.8527971318743
 20
68.63484443567894
 10
123.97878887665973
 20
68.57417457734388
 10
124.10506268262583
 20
68.51409398461931
 10
124.23161489666435
 20
68.45460206042036
 10
124.35844189568836
 20
68.39569820260093
 10
124.48554008636117
 20
68.33738180442252
 10
124.61290590482018
 20
68.27965225501045
 10
124.74053581639555
 20
68.2225089397979
 10
124.86842631532416
 20
68.16595124095777
 10
124.99657392445941
 20
68.10997853782268
 10
125.12497519497693
 20
68.05459020729336
 10
125.25362670607652
 20
67.99978562423566
 10
125.38252506468088
 20
67.94556416186647
 10
125.51166690513108
 20
67.89192519212861
 10
125.64104888887928
 20
67.8388680860551
 10
125.77066770417892
 20
67.78639221412305
 10
125.90052006577253
 20
67.73449694659719
 10
126.03060271457747
 20
67.68318165386354
 10
126.16091241736996
 20
67.63244570675329
 10
126.2914459664673
 20
67.5822884768571
 10
126.4222001794088
 20
67.53270933683014
 10
126.55317189863561
 20
67.48370766068801
 10
126.68435799116921
 20
67.43528282409387
 10
126.81575534828939
 20
67.38743420463683
 10
126.9473608852114
 20
67.34016118210191
 10
127.07917154076266
 20
67.29346313873182
 10
127.21118427705903
 20
67.24733945948074
 10
127.34339607918105
 20
67.2017895322602
 10
127.47580395484988
 20
67.15681274817739
 10
127.60840493410365
 20
67.11240850176614
 10
127.74119606897354
 20
67.06857619121054
 10
127.87417443316065
 20
67.02531521856167
 10
128.00733712171294
 20
66.98262498994742
 10
128.1406812507029
 20
66.94050491577568
 10
128.27420395690572
 20
66.89895441093108
 10
128.4079023974782
 20
66.85797289496549
 10
128.54177374963854
 20
66.81755979228225
 10
128.6758152103467
 20
66.7777145323148
 10
128.81002399598637
 20
66.73843654969913
 10
128.944397342047
 20
66.69972528444097
 10
129.07893250280785
 20
66.66158018207737
 10
129.21362675102247
 20
66.62400069383314
 10
129.34847737760487
 20
66.58698627677202
 10
129.48348169131643
 20
66.55053639394309
 10
129.61863701845468
 20
66.51465051452213
 10
129.7539407025428
 20
66.47932811394857
 10
129.88939010402098
 20
66.44456867405779
 10
130.02498259993877
 20
66.41037168320901
 10
130.16071558364914
 20
66.37673663640906
 10
130.2965864645038
 20
66.34366303543203
 10
130.43259266755013
 20
66.31115038893479
 10
130.5687316332293
 20
66.27919821256896
 10
130.70500081707632
 20
66.2478060290889
 10
130.8413976894212
 20
66.21697336845627
 10
130.97791973509183
 20
66.18669976794105
 10
131.1145644531183
 20
66.15698477221929
 10
131.25132935643884
 20
66.1278279334675
 10
131.38821197160706
 20
66.09922881145403
 10
131.52520983850098
 20
66.07118697362739
 10
131.66232051003337
 20
66.0437019952017
 10
131.79954155186374
 20
66.01677345923925
 10
131.93687054211165
 20
65.99040095673048
 10
132.07430507107173
 20
65.96458408667128
 10
132.2118427409299
 20
65.93932245613777
 10
132.34948116548142
 20
65.91461568035876
 10
132.48721796984987
 20
65.89046338278582
 10
132.625049542457
 20
65.86685784455528
 10
132.762971379409
 20
65.84378562606639
 10
132.90098550789762
 20
65.82127205636256
 10
133.03908948708028
 20
65.79931638461296
 10
133.17728089473195
 20
65.7779178907424
 10
133.31555732643125
 20
65.7570758845576
 10
133.45391639477515
 20
65.73678970490263
 10
133.59235572862207
 20
65.71705871884248
 10
133.73087297236103
 20
65.69788232087357
 10
133.8694657852062
 20
65.67925993216011
 10
134.0081318405156
 20
65.66119099979554
 10
134.14686882513305
 20
65.64367499608774
 10
134.28567443875173
 20
65.6267114178676
 10
134.4245463932993
 20
65.61029978581952
 10
134.56348241234272
 20
65.59443964383361
 10
134.70248023051286
 20
65.57913055837822
 10
134.84153759294676
 20
65.56437211789267
 10
134.9806522547483
 20
65.55016393219894
 10
135.11982198046496
 20
65.53650563193199
 10
135.25904454358147
 20
65.52339686798788
 10
135.3983177260281
 20
65.51083731098925
 10
135.5376393177042
 20
65.49882665076731
 10
135.67700711601563
 20
65.4873645958602
 10
135.81641892542578
 20
65.47645087302661
 10
135.95587255701943
 20
65.46608522677474
 10
136.095365828079
 20
65.45626741890571
 10
136.2348965616726
 20
65.44699722807118
 10
136.37446258625334
 20
65.43827444934453
 10
136.51406173526965
 20
65.43009889380542
 10
136.65369184678565
 20
65.4224703881371
 10
136.7933507631116
 20
65.41538877423622
 10
136.93303633044374
 20
65.40885390883476
 10
137.07274639851332
 20
65.40286566313361
 10
137.21247882024392
 20
65.39742392244764
 10
137.35223145141734
 20
65.39252858586174
 10
137.4920021503472
 20
65.38817956589766
 10
137.63178877756013
 20
65.3843767881913
 10
137.771589195484
 20
65.38112019118019
 10
137.91140126814324
 20
65.37840972580081
 10
138.05122286086026
 20
65.37624535519556
 10
138.1910518399634
 20
65.37462705442914
 10
138.3308860725007
 20
65.37355481021396
 10
138.47072342595916
 20
65.37302862064463
 10
138.61056176798934
 20
65.37304849494092
 10
138.75039896613512
 20
65.37361445319931
 10
138.8902328875681
 20
65.37472652615276
 10
139.03006139882646
 20
65.37638475493853
 10
139.16988236555832
 20
65.37858919087387
 10
139.30969365226883
 20
65.38133989523935
 10
139.44949312207117
 20
65.38463693906982
 10
139.58927863644115
 20
65.3884804029525
 10
139.7290480549749
 20
65.3928703768324
 10
139.86879923515002
 20
65.39780695982469
 10
140.00853003208914
 20
65.40329026003391
 10
140.14823829832662
 20
65.40932039437993
 10
140.28792188357724
 20
65.41589748843039
 10
140.42757863450763
 20
65.42302167623967
 10
140.56720639450936
 20
65.43069310019408
 10
140.70680300347405
 20
65.43891191086318
 10
140.84636629757023
 20
65.44767826685725
 10
140.98589410902156
 20
65.45699233469054
 10
141.12538426588645
 20
65.46685428865035
 10
141.26483459183865
 20
65.47726431067183
 10
141.40424290594908
 20
65.4882225902183
 10
141.54360702246802
 20
65.49972932416699
 10
141.68292475060835
 20
65.51178471670019
 10
141.82219389432888
 20
65.52438897920158
 10
141.96141225211798
 20
65.53754233015765
 10
142.10057761677757
 20
65.5512449950643
 10
142.2396877752068
 20
65.5654972063382
 10
142.3787405081854
 20
65.58029920323303
 10
142.51773359015698
 20
65.59565123176054
 10
142.6566647890116
 20
65.61155354461613
 10
142.7955318658675
 20
65.62800640110898
 10
142.93433257485225
 20
65.64501006709665
 10
143.07306466288267
 20
65.66256481492412
 10
143.2117258694437
 20
65.68067092336692
 10
143.35031392636597
 20
65.69932867757846
 10
143.4888265576016
 20
65.71853836904162
 10
143.627261478999
 20
65.73830029552398
 10
143.76561639807528
 20
65.75861476103728
 10
143.90388901378708
 20
65.77948207580037
 10
144.04207701629923
 20
65.80090255620611
 10
144.1801780867513
 20
65.82287652479165
 10
144.31818989702177
 20
65.84540431021237
 10
144.45611010948952
 20
65.86848624721912
 10
144.59393637679298
 20
65.89212267663886
 10
144.73166634158633
 20
65.91631394535841
 10
144.86929763629286
 20
65.94106040631135
 10
145.00682788285505
 20
65.96636241846797
 10
145.14425469248178
 20
65.992220346828
 10
145.28157566539198
 20
66.01863456241627
 10
145.41878839055482
 20
66.04560544228086
 10
145.55589044542634
 20
66.07313336949403
 10
145.6928793956823
 20
66.10121873315548
 10
145.82975279494698
 20
66.12986192839787
 10
145.96650818451837
 20
66.1590633563948
 10
146.10314309308868
 20
66.18882342437053
 10
146.2396550364608
 20
66.21914254561203
 10
146.3760415172605
 20
66.25002113948256
 10
146.51230002464362
 20
66.2814596314371
 10
146.64842803399907
 20
66.3134584530393
 10
146.78442300664656
 20
66.34601804197985
 10
146.9202823895296
 20
66.37913884209604
 10
147.05600361490352
 20
66.41282130339259
 10
147.19158410001796
 20
66.44706588206326
 10
147.32702124679435
 20
66.48187304051334
 10
147.46231244149774
 20
66.51724324738277
 10
147.59745505440307
 20
66.5531769775697
 10
147.73244643945597
 20
66.58967471225428
 10
147.86728393392735
 20
66.62673693892256
 10
148.00196485806245
 20
66.66436415139034
 10
148.13648651472363
 20
66.7025568498266
 10
148.27084618902708
 20
66.74131554077654
 10
148.4050411479734
 20
66.78064073718377
 10
148.53906864007158
 20
66.82053295841173
 10
148.67292589495676
 20
66.86099273026373
 10
148.80661012300132
 20
66.90202058500176
 10
148.9401185149195
 20
66.94361706136355
 10
149.07344824136504
 20
66.98578270457782
 10
149.20659645252223
 20
67.02851806637722
 10
149.33956027769008
 20
67.07182370500901
 10
149.47233682485935
 20
67.11570018524293
 10
149.60492318028298
 20
67.16014807837608
 10
149.7373164080388
 20
67.20516796223453
 10
149.86951354958578
 20
67.25076042117128
 10
150.00151162331275
 20
67.29692604606032
 10
150.1333076240799
 20
67.34366543428648
 10
150.2648985227533
 20
67.39097918973059
 10
150.39628126573177
 20
67.43886792274965
 10
150.52745277446695
 20
67.48733225015195
 10
150.65840994497557
 20
67.53637279516607
 10
150.789149647345
 20
67.58599018740418
 10
150.91966872523105
 20
67.63618506281856
 10
151.04996399534886
 20
67.68695806365147
 10
151.18003224695656
 20
67.73830983837743
 10
151.3098702413317
 20
67.7902410416379
 10
151.43947471124076
 20
67.84275233416757
 10
151.5688423604015
 20
67.89584438271214
 10
151.69796986293863
 20
67.94951785993665
 10
151.82685386283265
 20
68.00377344432432
 10
151.9554909733619
 20
68.05861182006502
 10
152.08387777653843
 20
68.1140336769331
 10
152.21201082253728
 20
68.17003971015377
 10
152.33988662911977
 20
68.22663062025781
 10
152.46750168105075
 20
68.28380711292361
 10
152.5948524295103
 20
68.34156989880636
 10
152.72193529150002
 20
68.39991969335341
 10
152.84874664924388
 20
68.45885721660545
 10
152.97528284958452
 20
68.51838319298271
 10
153.10154020337495
 20
68.57849835105552
 10
153.22751498486593
 20
68.6392034232986
 10
153.3532034310898
 20
68.70049914582843
 10
153.47860174124082
 20
68.76238625812275
 10
153.60370607605265
 20
68.82486550272182
 10
153.7285125571734
 20
68.88793762491034
 10
153.8530172665387
 20
68.95160337237945
 10
153.97721624574382
 20
69.0158634948681
 10
154.10110549541443
 20
69.08071874378265
 10
154.2246809745779
 20
69.14616987179446
 10
154.34793860003472
 20
69.21221763241388
 10
154.47087424573158
 20
69.27886277954067
 10
154.59348374213621
 20
69.34610606698915
 10
154.7157628756155
 20
69.41394824798789
 10
154.83770738781703
 20
69.48239007465256
 10
154.9593129750556
 20
69.55143229743135
 10
155.08057528770524
 20
69.621075664522
  0
LWPOLYLINE
  5
B5
330
17
100
AcDbEntity
  8
01-VISIBLE
100
AcDbPolyline
 90
17
 70
0
 10
140.3745507648195
 20
72.04787913567932
 10
140.4442487878466
 20
72.08971010452
 10
140.51242570156046
 20
72.13397599567229
 10
140.5788895479225
 20
72.18077361527787
 10
140.6434189733164
 20
72.23020328438943
 10
140.7057585362868
 20
72.28236621981377
 10
140.7656136298883
 20
72.33736062738835
 10
140.82264526806082
 20
72.39527606572558
 10
140.8764652063951
 20
72.45618556582721
 10
140.92663218963426
 20
72.52013497477051
 10
140.9726505455317
 20
72.58712910081132
 10
141.01397283521544
 20
72.6571145779026
 10
141.05006177391587
 20
72.72993888303006
 10
141.08011761873345
 20
72.80544371854066
 10
141.10385253066585
 20
72.88316400037995
 10
141.120491684187
 20
72.96270769596829
 10
141.1296726508296
 20
73.0434476598403
  0
LWPOLYLINE
  5
B6
330
17
100
AcDbEntity
  8
01-VISIBLE
100
AcDbPolyline
 90
17
 70
0
 10
141.1296726508296
 20
73.0434476598403
 10
141.120643583777
 20
72.96164351843869
 10
141.10419763838638
 20
72.88100022574164
 10
141.0806845978264
 20
72.80212498981759
 10
141.05060009531897
 20
72.72551218518308
 10
141.01451817590424
 20
72.6515314029885
 10
140.9730405374055
 20
72.58043207418334
 10
140.9267566576749
 20
72.51236063557523
 10
140.87621947098685
 20
72.44738162683318
 10
140.8219333595947
 20
72.3854978033159
 10
140.7643498560665
 20
72.32666759553983
 10
140.70386770542135
 20
72.27081973137956
 10
140.64083544126296
 20
72.21786510852526
 10
140.57555560244384
 20
72.16770583050658
 10
140.5082901641284
 20
72.1202411333762
 10
140.43926689372742
 20
72.07536986114413
 10
140.36868634761603
 20
72.03298917950656
  0
LWPOLYLINE
  5
B7
330
17
100
AcDbEntity
  8
01-VISIBLE
100
AcDbPolyline
 90
65
 70
0
 10
140.37455076481947
 20
72.04787913567932
 10
140.3045919623124
 20
72.00896875937086
 10
140.2334586600876
 20
71.97224871458411
 10
140.161275280511
 20
71.93763779364916
 10
140.0881509429128
 20
71.9050613034795
 10
140.01418188987356
 20
71.8744506858991
 10
139.93945347983282
 20
71.84574311361555
 10
139.86404183166292
 20
71.81888108830763
 10
139.7880151892575
 20
71.79381205625698
 10
139.71143506017975
 20
71.7704880499841
 10
139.6343571713573
 20
71.74886536000218
 10
139.5568322761165
 20
71.72890423814353
 10
139.4789068400202
 20
71.71056863233945
 10
139.40062362761165
 20
71.69382595185569
 10
139.32202220795392
 20
71.67864686155025
 10
139.24313939353735
 20
71.66500510356535
 10
139.1640096245173
 20
71.65287734488729
 10
139.084665308188
 20
71.64224304933941
 10
139.0051371219829
 20
71.63308437277345
 10
138.92545428702925
 20
71.62538608046715
 10
138.84564481830782
 20
71.61913548600864
 10
138.76573575672856
 20
71.61432241124129
 10
138.68575338789333
 20
71.61093916715794
 10
138.60572345195055
 20
71.60898055597009
 10
138.52567134874232
 20
71.60844389494375
 10
138.44562234239032
 20
71.60932906299504
 10
138.36560176956803
 20
71.61163857148834
 10
138.2856351832037
 20
71.61537631175683
 10
138.2057482166148
 20
71.62054308315565
 10
138.12596751279773
 20
71.62715062352993
 10
138.0463203287215
 20
71.63520934016202
 10
137.96683493881022
 20
71.64473222667009
 10
137.88754087518845
 20
71.65573490382647
 10
137.808469187008
 20
71.66823568224325
 10
137.72965272443705
 20
71.6822556473178
 10
137.65112645367702
 20
71.69781876713044
 10
137.5729278104079
 20
71.71495202425606
 10
137.4950971004005
 20
71.73368557268508
 10
137.41767795774652
 20
71.75405292122707
 10
137.34071787333403
 20
71.77609114486506
 10
137.26426880896096
 20
71.79984112548712
 10
137.18838791598589
 20
71.82534782317153
 10
137.11313838186737
 20
71.8526605786162
 10
137.0385904335984
 20
71.88183344619834
 10
136.9648225342252
 20
71.91292555523472
 10
136.89192247156984
 20
71.9460007433689
 10
136.81998872046418
 20
71.98112738785584
 10
136.74913308131778
 20
72.01838024301237
 10
136.6794825242684
 20
72.05783957640774
 10
136.61118174014356
 20
72.09959090646042
 10
136.54439613090136
 20
72.14372447295756
 10
136.47931528035193
 20
72.19033429008383
 10
136.4161569357817
 20
72.23951659776492
 10
136.35517149259118
 20
72.29136746156676
 10
136.2966469010541
 20
72.34597919080093
 10
136.24091378715585
 20
72.40343515370283
 10
136.1883503722526
 20
72.46380248296657
 10
136.1393864602419
 20
72.52712211948298
 10
136.0944577115684
 20
72.59337020697663
 10
136.05425391261548
 20
72.66257367010589
 10
136.01909994291444
 20
72.73447883473843
 10
135.98970790202185
 20
72.80891669194583
 10
135.96672097986533
 20
72.88557656571494
 10
135.95040538974328
 20
72.96392246732066
 10
135.94145215472895
 20
73.04344765984028
  0
LWPOLYLINE
  5
B8
330
17
100
AcDbEntity
  8
01-VISIBLE
100
AcDbPolyline
 90
65
 70
0
 10
135.94145215472895
 20
73.04344765984028
 10
135.95022477847394
 20
72.96316764569266
 10
135.96519854121308
 20
72.8837860684666
 10
135.98528385650465
 20
72.84679457042124
 10
136.00215788870457
 20
72.77003591875362
 10
136.03413552289402
 20
72.69587198793826
 10
136.0716582032661
 20
72.62435049010443
 10
136.11415896418453
 20
72.55566747346445
 10
136.16109172393305
 20
72.48993053731297
 10
136.21194868130334
 20
72.42717775523141
 10
136.26626924539377
 20
72.36739576251097
 10
136.3236427929199
 20
72.31053528772834
 10
136.38370743736215
 20
72.2565235607868
 10
136.4461465335932
 20
72.20527371564805
 10
136.51068412388574
 20
72.15669162442221
 10
136.5770800926526
 20
72.11068068765512
 10
136.6451254749625
 20
72.06714507453123
 10
136.7146381478992
 20
72.02599182750197
 10
136.7854589992163
 20
71.98713215730447
 10
136.85744858942064
 20
71.95048217421876
 10
136.9304842814977
 20
71.91596323578088
 10
137.00445779284945
 20
71.88350204038039
 10
137.07927322142794
 20
71.85303082052116
 10
137.15484566917408
 20
71.82448825578925
 10
137.23109866298785
 20
71.79781656072907
 10
137.3079635431622
 20
71.7729627778809
 10
137.385378442472
 20
71.74987874395676
 10
137.46328730489444
 20
71.72852072929712
 10
137.54163905909962
 20
71.70884911422057
 10
137.6203869176598
 20
71.69082810125161
 10
137.69948777869357
 20
71.67442546146093
 10
137.77890171117332
 20
71.65961231282986
 10
137.85859150865832
 20
71.64636292849417
 10
137.93852229899053
 20
71.63465457282476
 10
138.01866119966547
 20
71.62446736350091
 10
138.09897701029766
 20
71.61578415798404
 10
138.17943993493074
 20
71.60859046308305
 10
138.26002132797066
 20
71.60287436660383
 10
138.34069345830244
 20
71.5986264903885
 10
138.42142928672166
 20
71.59583996437408
 10
138.50220225220608
 20
71.5945104216392
 10
138.58298606277305
 20
71.59463601547854
 10
138.66375447681656
 20
71.59621792345568
 10
138.74448112905898
 20
71.59925862799162
 10
138.82513938003763
 20
71.60376231114843
 10
138.9057020962386
 20
71.60973583002294
 10
138.986141424972
 20
71.617188702294
 10
139.0664285615156
 20
71.62613311446597
 10
139.1465335038121
 20
71.6365839522484
 10
139.22642478969476
 20
71.64855885286269
 10
139.3060692111229
 20
71.6620782793789
 10
139.3854314992134
 20
71.67716561746298
 10
139.4644739729269
 20
71.69384729515019
 10
139.54315614305744
 20
71.71215292644763
 10
139.6214342616323
 20
71.73211547968596
 10
139.69926080486593
 20
71.75377147155893
 10
139.77658387533836
 20
71.77716118765683
 10
139.8533465059455
 20
71.80232892994223
 10
139.9294858442408
 20
71.82932329091432
 10
140.00493219084348
 20
71.85819745298308
 10
140.0796078593783
 20
71.8890095095602
 10
140.15342581762866
 20
71.92182280115814
 10
140.22628805987986
 20
71.95670625476255
 10
140.29808364842927
 20
71.99373470697408
 10
140.36868634761603
 20
72.03298917950656
  0
LINE
  5
B9
330
17
100
AcDbEntity
  8
01-VISIBLE
100
AcDbLine
 10
142.23556240277927
 20
205.04725130943254
 30
0.0
 11
142.23556240277927
 21
210.7627273759266
 31
0.0
  0
LINE
  5
BA
330
17
100
AcDbEntity
  8
01-VISIBLE
100
AcDbLine
 10
134.8355624027793
 20
205.04725130943254
 30
0.0
 11
134.8355624027793
 21
210.7627273759266
 31
0.0
  0
LINE
  5
BB
330
17
100
AcDbEntity
  8
01-VISIBLE
100
AcDbLine
 10
134.53556240277928
 20
219.31757030259683
 30
0.0
 11
134.53556240277928
 21
216.37818261125705
 31
0.0
  0
LINE
  5
BC
330
17
100
AcDbEntity
  8
01-VISIBLE
100
AcDbLine
 10
142.53556240277928
 20
219.31757030259683
 30
0.0
 11
142.53556240277928
 21
216.37818261125705
 31
0.0
  0
LINE
  5
BD
330
17
100
AcDbEntity
  8
01-VISIBLE
100
AcDbLine
 10
136.3355624027793
 20
219.97076756733907
 30
0.0
 11
136.3355624027793
 21
219.3175703025969
 31
0.0
  0
LINE
  5
BE
330
17
100
AcDbEntity
  8
01-VISIBLE
100
AcDbLine
 10
140.73556240277927
 20
219.97076756733907
 30
0.0
 11
140.73556240277927
 21
219.3175703025969
 31
0.0
  0
CIRCLE
  5
BF
330
17
100
AcDbEntity
  8
08-FINA
100
AcDbCircle
 10
39.0
 20
110.19294324963955
 30
0.0
 40
4.5
  0
TEXT
  5
C0
330
17
100
AcDbEntity
  8
06-TEXTO
100
AcDbText
 10
39.0
 20
110.19294324963955
 30
0.0
 40
3.5
  1
T3
  7
ISO3098
 72
1
 11
39.0
 21
110.19294324963955
 31
0.0
100
AcDbText
 73
2
  0
LINE
  5
C1
330
17
100
AcDbEntity
  8
08-FINA
100
AcDbLine
 10
43.5
 20
110.19294324963955
 30
0.0
 11
92.24790902855062
 21
110.19294324963955
 31
0.0
  0
HATCH
  5
C2
330
17
100
AcDbEntity
  8
08-FINA
 62
7
100
AcDbHatch
 10
0.0
 20
0.0
 30
0.0
210
0.0
220
0.0
230
1.0
  2
SOLID
 70
1
 71
0
 91
1
 92
1
 93
1
 72
2
 10
92.24790902855062
 20
110.19294324963955
 40
0.6
 50
0
 51
360
 73
1
 97
0
 75
1
 76
1
 98
0
  0
CIRCLE
  5
C3
330
17
100
AcDbEntity
  8
08-FINA
100
AcDbCircle
 10
217.0
 20
75.01269059645652
 30
0.0
 40
4.5
  0
TEXT
  5
C4
330
17
100
AcDbEntity
  8
06-TEXTO
100
AcDbText
 10
217.0
 20
75.01269059645652
 30
0.0
 40
3.5
  1
03
  7
ISO3098
 72
1
 11
217.0
 21
75.01269059645652
 31
0.0
100
AcDbText
 73
2
  0
LINE
  5
C5
330
17
100
AcDbEntity
  8
08-FINA
100
AcDbLine
 10
212.5
 20
75.01269059645652
 30
0.0
 11
154.62595398537445
 21
75.01269059645652
 31
0.0
  0
HATCH
  5
C6
330
17
100
AcDbEntity
  8
08-FINA
 62
7
100
AcDbHatch
 10
0.0
 20
0.0
 30
0.0
210
0.0
220
0.0
230
1.0
  2
SOLID
 70
1
 71
0
 91
1
 92
1
 93
1
 72
2
 10
154.62595398537445
 20
75.01269059645652
 40
0.6
 50
0
 51
360
 73
1
 97
0
 75
1
 76
1
 98
0
  0
CIRCLE
  5
C7
330
17
100
AcDbEntity
  8
08-FINA
100
AcDbCircle
 10
217.0
 20
149.8202094031274
 30
0.0
 40
4.5
  0
TEXT
  5
C8
330
17
100
AcDbEntity
  8
06-TEXTO
100
AcDbText
 10
217.0
 20
149.8202094031274
 30
0.0
 40
3.5
  1
01
  7
ISO3098
 72
1
 11
217.0
 21
149.8202094031274
 31
0.0
100
AcDbText
 73
2
  0
LINE
  5
C9
330
17
100
AcDbEntity
  8
08-FINA
100
AcDbLine
 10
212.5
 20
149.8202094031274
 30
0.0
 11
158.00786894309442
 21
149.8202094031274
 31
0.0
  0
HATCH
  5
CA
330
17
100
AcDbEntity
  8
08-FINA
 62
7
100
AcDbHatch
 10
0.0
 20
0.0
 30
0.0
210
0.0
220
0.0
230
1.0
  2
SOLID
 70
1
 71
0
 91
1
 92
1
 93
1
 72
2
 10
158.00786894309442
 20
149.8202094031274
 40
0.6
 50
0
 51
360
 73
1
 97
0
 75
1
 76
1
 98
0
  0
CIRCLE
  5
CB
330
17
100
AcDbEntity
  8
08-FINA
100
AcDbCircle
 10
217.0
 20
175.93341429045472
 30
0.0
 40
4.5
  0
TEXT
  5
CC
330
17
100
AcDbEntity
  8
06-TEXTO
100
AcDbText
 10
217.0
 20
175.93341429045472
 30
0.0
 40
3.5
  1
02
  7
ISO3098
 72
1
 11
217.0
 21
175.93341429045472
 31
0.0
100
AcDbText
 73
2
  0
LINE
  5
CD
330
17
100
AcDbEntity
  8
08-FINA
100
AcDbLine
 10
212.5
 20
175.93341429045472
 30
0.0
 11
155.05905688885122
 21
175.93341429045472
 31
0.0
  0
HATCH
  5
CE
330
17
100
AcDbEntity
  8
08-FINA
 62
7
100
AcDbHatch
 10
0.0
 20
0.0
 30
0.0
210
0.0
220
0.0
230
1.0
  2
SOLID
 70
1
 71
0
 91
1
 92
1
 93
1
 72
2
 10
155.05905688885122
 20
175.93341429045472
 40
0.6
 50
0
 51
360
 73
1
 97
0
 75
1
 76
1
 98
0
  0
CIRCLE
  5
CF
330
17
100
AcDbEntity
  8
08-FINA
100
AcDbCircle
 10
217.0
 20
204.17389924366466
 30
0.0
 40
4.5
  0
TEXT
  5
D0
330
17
100
AcDbEntity
  8
06-TEXTO
100
AcDbText
 10
217.0
 20
204.17389924366466
 30
0.0
 40
3.5
  1
04
  7
ISO3098
 72
1
 11
217.0
 21
204.17389924366466
 31
0.0
100
AcDbText
 73
2
  0
LINE
  5
D1
330
17
100
AcDbEntity
  8
08-FINA
100
AcDbLine
 10
212.5
 20
204.17389924366466
 30
0.0
 11
141.06437895624632
 21
204.17389924366466
 31
0.0
  0
HATCH
  5
D2
330
17
100
AcDbEntity
  8
08-FINA
 62
7
100
AcDbHatch
 10
0.0
 20
0.0
 30
0.0
210
0.0
220
0.0
230
1.0
  2
SOLID
 70
1
 71
0
 91
1
 92
1
 93
1
 72
2
 10
141.06437895624632
 20
204.17389924366466
 40
0.6
 50
0
 51
360
 73
1
 97
0
 75
1
 76
1
 98
0
  0
CIRCLE
  5
D3
330
17
100
AcDbEntity
  8
08-FINA
100
AcDbCircle
 10
217.0
 20
217.61313368991023
 30
0.0
 40
4.5
  0
TEXT
  5
D4
330
17
100
AcDbEntity
  8
06-TEXTO
100
AcDbText
 10
217.0
 20
217.61313368991023
 30
0.0
 40
3.5
  1
T1
  7
ISO3098
 72
1
 11
217.0
 21
217.61313368991023
 31
0.0
100
AcDbText
 73
2
  0
LINE
  5
D5
330
17
100
AcDbEntity
  8
08-FINA
100
AcDbLine
 10
212.5
 20
217.61313368991023
 30
0.0
 11
141.1412508914517
 21
217.61313368991023
 31
0.0
  0
HATCH
  5
D6
330
17
100
AcDbEntity
  8
08-FINA
 62
7
100
AcDbHatch
 10
0.0
 20
0.0
 30
0.0
210
0.0
220
0.0
230
1.0
  2
SOLID
 70
1
 71
0
 91
1
 92
1
 93
1
 72
2
 10
141.1412508914517
 20
217.61313368991023
 40
0.6
 50
0
 51
360
 73
1
 97
0
 75
1
 76
1
 98
0
  0
TEXT
  5
D7
330
17
100
AcDbEntity
  8
06-TEXTO
100
AcDbText
 10
128.0
 20
280.0
 30
0.0
 40
5.0
  1
DESPIECE - CILINDRO 25 KG
  7
ISO3098
 72
1
 11
128.0
 21
280.0
 31
0.0
100
AcDbText
 73
2
  0
TEXT
  5
D8
330
17
100
AcDbEntity
  8
06-TEXTO
100
AcDbText
 10
128.0
 20
274.0
 30
0.0
 40
2.5
  1
Isometría explosionada, esc. 1:5. Globo = sufijo del código BOM (hoja FL_REC_ABC_25kg)
  7
ISO3098
 72
1
 11
128.0
 21
274.0
 31
0.0
100
AcDbText
 73
2
  0
LWPOLYLINE
  5
D9
330
17
100
AcDbEntity
  8
10-ROTULO
100
AcDbPolyline
 90
4
 70
1
 10
233.0
 20
278.4
 10
408.0
 20
278.4
 10
408.0
 20
283.0
 10
233.0
 20
283.0
  0
TEXT
  5
DA
330
17
100
AcDbEntity
  8
06-TEXTO
100
AcDbText
 10
320.5
 20
280.7
 30
0.0
 40
3.5
  1
LISTA DE DESPIECE - BOM FL_REC_ABC_25kg
  7
ISO3098
 72
1
 11
320.5
 21
280.7
 31
0.0
100
AcDbText
 73
2
  0
LWPOLYLINE
  5
DB
330
17
100
AcDbEntity
  8
10-ROTULO
100
AcDbPolyline
 90
4
 70
1
 10
233.0
 20
273.79999999999995
 10
243.0
 20
273.79999999999995
 10
243.0
 20
278.4
 10
233.0
 20
278.4
  0
TEXT
  5
DC
330
17
100
AcDbEntity
  8
06-TEXTO
100
AcDbText
 10
234.5
 20
276.09999999999997
 30
0.0
 40
1.8
  1
Glo.
  7
ISO3098
 11
234.5
 21
276.09999999999997
 31
0.0
100
AcDbText
 73
2
  0
LWPOLYLINE
  5
DD
330
17
100
AcDbEntity
  8
10-ROTULO
100
AcDbPolyline
 90
4
 70
1
 10
243.0
 20
273.79999999999995
 10
267.0
 20
273.79999999999995
 10
267.0
 20
278.4
 10
243.0
 20
278.4
  0
TEXT
  5
DE
330
17
100
AcDbEntity
  8
06-TEXTO
100
AcDbText
 10
255.0
 20
276.09999999999997
 30
0.0
 40
2.0
  1
Código BOM
  7
ISO3098
 72
1
 11
255.0
 21
276.09999999999997
 31
0.0
100
AcDbText
 73
2
  0
LWPOLYLINE
  5
DF
330
17
100
AcDbEntity
  8
10-ROTULO
100
AcDbPolyline
 90
4
 70
1
 10
267.0
 20
273.79999999999995
 10
343.0
 20
273.79999999999995
 10
343.0
 20
278.4
 10
267.0
 20
278.4
  0
TEXT
  5
E0
330
17
100
AcDbEntity
  8
06-TEXTO
100
AcDbText
 10
305.0
 20
276.09999999999997
 30
0.0
 40
1.8
  1
Denominación
  7
ISO3098
 72
1
 11
305.0
 21
276.09999999999997
 31
0.0
100
AcDbText
 73
2
  0
LWPOLYLINE
  5
E1
330
17
100
AcDbEntity
  8
10-ROTULO
100
AcDbPolyline
 90
4
 70
1
 10
343.0
 20
273.79999999999995
 10
360.0
 20
273.79999999999995
 10
360.0
 20
278.4
 10
343.0
 20
278.4
  0
TEXT
  5
E2
330
17
100
AcDbEntity
  8
06-TEXTO
100
AcDbText
 10
351.5
 20
276.09999999999997
 30
0.0
 40
2.0
  1
Cant.
  7
ISO3098
 72
1
 11
351.5
 21
276.09999999999997
 31
0.0
100
AcDbText
 73
2
  0
LWPOLYLINE
  5
E3
330
17
100
AcDbEntity
  8
10-ROTULO
100
AcDbPolyline
 90
4
 70
1
 10
360.0
 20
273.79999999999995
 10
408.0
 20
273.79999999999995
 10
408.0
 20
278.4
 10
360.0
 20
278.4
  0
TEXT
  5
E4
330
17
100
AcDbEntity
  8
06-TEXTO
100
AcDbText
 10
384.0
 20
276.09999999999997
 30
0.0
 40
1.6
  1
Material
  7
ISO3098
 72
1
 11
384.0
 21
276.09999999999997
 31
0.0
100
AcDbText
 73
2
  0
LWPOLYLINE
  5
E5
330
17
100
AcDbEntity
  8
10-ROTULO
100
AcDbPolyline
 90
4
 70
1
 10
233.0
 20
269.19999999999993
 10
243.0
 20
269.19999999999993
 10
243.0
 20
273.79999999999995
 10
233.0
 20
273.79999999999995
  0
TEXT
  5
E6
330
17
100
AcDbEntity
  8
06-TEXTO
100
AcDbText
 10
234.5
 20
271.49999999999994
 30
0.0
 40
2.2
  1

  7
ISO3098
 11
234.5
 21
271.49999999999994
 31
0.0
100
AcDbText
 73
2
  0
LWPOLYLINE
  5
E7
330
17
100
AcDbEntity
  8
10-ROTULO
100
AcDbPolyline
 90
4
 70
1
 10
243.0
 20
269.19999999999993
 10
267.0
 20
269.19999999999993
 10
267.0
 20
273.79999999999995
 10
243.0
 20
273.79999999999995
  0
TEXT
  5
E8
330
17
100
AcDbEntity
  8
06-TEXTO
100
AcDbText
 10
255.0
 20
271.49999999999994
 30
0.0
 40
2.0
  1
ABC25-S1
  7
ISO3098
 72
1
 11
255.0
 21
271.49999999999994
 31
0.0
100
AcDbText
 73
2
  0
LWPOLYLINE
  5
E9
330
17
100
AcDbEntity
  8
10-ROTULO
100
AcDbPolyline
 90
4
 70
1
 10
267.0
 20
269.19999999999993
 10
343.0
 20
269.19999999999993
 10
343.0
 20
273.79999999999995
 10
267.0
 20
273.79999999999995
  0
TEXT
  5
EA
330
17
100
AcDbEntity
  8
06-TEXTO
100
AcDbText
 10
305.0
 20
271.49999999999994
 30
0.0
 40
1.8
  1
RECIPIENTE (CILINDRO)
  7
ISO3098
 72
1
 11
305.0
 21
271.49999999999994
 31
0.0
100
AcDbText
 73
2
  0
LWPOLYLINE
  5
EB
330
17
100
AcDbEntity
  8
10-ROTULO
100
AcDbPolyline
 90
4
 70
1
 10
343.0
 20
269.19999999999993
 10
360.0
 20
269.19999999999993
 10
360.0
 20
273.79999999999995
 10
343.0
 20
273.79999999999995
  0
TEXT
  5
EC
330
17
100
AcDbEntity
  8
06-TEXTO
100
AcDbText
 10
351.5
 20
271.49999999999994
 30
0.0
 40
2.0
  1

  7
ISO3098
 72
1
 11
351.5
 21
271.49999999999994
 31
0.0
100
AcDbText
 73
2
  0
LWPOLYLINE
  5
ED
330
17
100
AcDbEntity
  8
10-ROTULO
100
AcDbPolyline
 90
4
 70
1
 10
360.0
 20
269.19999999999993
 10
408.0
 20
269.19999999999993
 10
408.0
 20
273.79999999999995
 10
360.0
 20
273.79999999999995
  0
TEXT
  5
EE
330
17
100
AcDbEntity
  8
06-TEXTO
100
AcDbText
 10
384.0
 20
271.49999999999994
 30
0.0
 40
1.6
  1

  7
ISO3098
 72
1
 11
384.0
 21
271.49999999999994
 31
0.0
100
AcDbText
 73
2
  0
LWPOLYLINE
  5
EF
330
17
100
AcDbEntity
  8
10-ROTULO
100
AcDbPolyline
 90
4
 70
1
 10
233.0
 20
264.5999999999999
 10
243.0
 20
264.5999999999999
 10
243.0
 20
269.19999999999993
 10
233.0
 20
269.19999999999993
  0
TEXT
  5
F0
330
17
100
AcDbEntity
  8
06-TEXTO
100
AcDbText
 10
234.5
 20
266.8999999999999
 30
0.0
 40
2.2
  1
01
  7
ISO3098
 11
234.5
 21
266.8999999999999
 31
0.0
100
AcDbText
 73
2
  0
LWPOLYLINE
  5
F1
330
17
100
AcDbEntity
  8
10-ROTULO
100
AcDbPolyline
 90
4
 70
1
 10
243.0
 20
264.5999999999999
 10
267.0
 20
264.5999999999999
 10
267.0
 20
269.19999999999993
 10
243.0
 20
269.19999999999993
  0
TEXT
  5
F2
330
17
100
AcDbEntity
  8
06-TEXTO
100
AcDbText
 10
255.0
 20
266.8999999999999
 30
0.0
 40
2.0
  1
ABC25-01
  7
ISO3098
 72
1
 11
255.0
 21
266.8999999999999
 31
0.0
100
AcDbText
 73
2
  0
LWPOLYLINE
  5
F3
330
17
100
AcDbEntity
  8
10-ROTULO
100
AcDbPolyline
 90
4
 70
1
 10
267.0
 20
264.5999999999999
 10
343.0
 20
264.5999999999999
 10
343.0
 20
269.19999999999993
 10
267.0
 20
269.19999999999993
  0
TEXT
  5
F4
330
17
100
AcDbEntity
  8
06-TEXTO
100
AcDbText
 10
305.0
 20
266.8999999999999
 30
0.0
 40
1.8
  1
Cuerpo (virola)
  7
ISO3098
 72
1
 11
305.0
 21
266.8999999999999
 31
0.0
100
AcDbText
 73
2
  0
LWPOLYLINE
  5
F5
330
17
100
AcDbEntity
  8
10-ROTULO
100
AcDbPolyline
 90
4
 70
1
 10
343.0
 20
264.5999999999999
 10
360.0
 20
264.5999999999999
 10
360.0
 20
269.19999999999993
 10
343.0
 20
269.19999999999993
  0
TEXT
  5
F6
330
17
100
AcDbEntity
  8
06-TEXTO
100
AcDbText
 10
351.5
 20
266.8999999999999
 30
0.0
 40
2.0
  1
1
  7
ISO3098
 72
1
 11
351.5
 21
266.8999999999999
 31
0.0
100
AcDbText
 73
2
  0
LWPOLYLINE
  5
F7
330
17
100
AcDbEntity
  8
10-ROTULO
100
AcDbPolyline
 90
4
 70
1
 10
360.0
 20
264.5999999999999
 10
408.0
 20
264.5999999999999
 10
408.0
 20
269.19999999999993
 10
360.0
 20
269.19999999999993
  0
TEXT
  5
F8
330
17
100
AcDbEntity
  8
06-TEXTO
100
AcDbText
 10
384.0
 20
266.8999999999999
 30
0.0
 40
1.6
  1
Chapa LAC IRAM-IAS U 500-0
  7
ISO3098
 72
1
 11
384.0
 21
266.8999999999999
 31
0.0
100
AcDbText
 73
2
  0
LWPOLYLINE
  5
F9
330
17
100
AcDbEntity
  8
10-ROTULO
100
AcDbPolyline
 90
4
 70
1
 10
233.0
 20
259.9999999999999
 10
243.0
 20
259.9999999999999
 10
243.0
 20
264.5999999999999
 10
233.0
 20
264.5999999999999
  0
TEXT
  5
FA
330
17
100
AcDbEntity
  8
06-TEXTO
100
AcDbText
 10
234.5
 20
262.2999999999999
 30
0.0
 40
2.2
  1
02
  7
ISO3098
 11
234.5
 21
262.2999999999999
 31
0.0
100
AcDbText
 73
2
  0
LWPOLYLINE
  5
FB
330
17
100
AcDbEntity
  8
10-ROTULO
100
AcDbPolyline
 90
4
 70
1
 10
243.0
 20
259.9999999999999
 10
267.0
 20
259.9999999999999
 10
267.0
 20
264.5999999999999
 10
243.0
 20
264.5999999999999
  0
TEXT
  5
FC
330
17
100
AcDbEntity
  8
06-TEXTO
100
AcDbText
 10
255.0
 20
262.2999999999999
 30
0.0
 40
2.0
  1
ABC25-02
  7
ISO3098
 72
1
 11
255.0
 21
262.2999999999999
 31
0.0
100
AcDbText
 73
2
  0
LWPOLYLINE
  5
FD
330
17
100
AcDbEntity
  8
10-ROTULO
100
AcDbPolyline
 90
4
 70
1
 10
267.0
 20
259.9999999999999
 10
343.0
 20
259.9999999999999
 10
343.0
 20
264.5999999999999
 10
267.0
 20
264.5999999999999
  0
TEXT
  5
FE
330
17
100
AcDbEntity
  8
06-TEXTO
100
AcDbText
 10
305.0
 20
262.2999999999999
 30
0.0
 40
1.8
  1
Cúpula
  7
ISO3098
 72
1
 11
305.0
 21
262.2999999999999
 31
0.0
100
AcDbText
 73
2
  0
LWPOLYLINE
  5
FF
330
17
100
AcDbEntity
  8
10-ROTULO
100
AcDbPolyline
 90
4
 70
1
 10
343.0
 20
259.9999999999999
 10
360.0
 20
259.9999999999999
 10
360.0
 20
264.5999999999999
 10
343.0
 20
264.5999999999999
  0
TEXT
  5
100
330
17
100
AcDbEntity
  8
06-TEXTO
100
AcDbText
 10
351.5
 20
262.2999999999999
 30
0.0
 40
2.0
  1
1
  7
ISO3098
 72
1
 11
351.5
 21
262.2999999999999
 31
0.0
100
AcDbText
 73
2
  0
LWPOLYLINE
  5
101
330
17
100
AcDbEntity
  8
10-ROTULO
100
AcDbPolyline
 90
4
 70
1
 10
360.0
 20
259.9999999999999
 10
408.0
 20
259.9999999999999
 10
408.0
 20
264.5999999999999
 10
360.0
 20
264.5999999999999
  0
TEXT
  5
102
330
17
100
AcDbEntity
  8
06-TEXTO
100
AcDbText
 10
384.0
 20
262.2999999999999
 30
0.0
 40
1.6
  1
Chapa LAC IRAM-IAS U 500-0
  7
ISO3098
 72
1
 11
384.0
 21
262.2999999999999
 31
0.0
100
AcDbText
 73
2
  0
LWPOLYLINE
  5
103
330
17
100
AcDbEntity
  8
10-ROTULO
100
AcDbPolyline
 90
4
 70
1
 10
233.0
 20
255.3999999999999
 10
243.0
 20
255.3999999999999
 10
243.0
 20
259.9999999999999
 10
233.0
 20
259.9999999999999
  0
TEXT
  5
104
330
17
100
AcDbEntity
  8
06-TEXTO
100
AcDbText
 10
234.5
 20
257.6999999999999
 30
0.0
 40
2.2
  1
03
  7
ISO3098
 11
234.5
 21
257.6999999999999
 31
0.0
100
AcDbText
 73
2
  0
LWPOLYLINE
  5
105
330
17
100
AcDbEntity
  8
10-ROTULO
100
AcDbPolyline
 90
4
 70
1
 10
243.0
 20
255.3999999999999
 10
267.0
 20
255.3999999999999
 10
267.0
 20
259.9999999999999
 10
243.0
 20
259.9999999999999
  0
TEXT
  5
106
330
17
100
AcDbEntity
  8
06-TEXTO
100
AcDbText
 10
255.0
 20
257.6999999999999
 30
0.0
 40
2.0
  1
ABC25-03
  7
ISO3098
 72
1
 11
255.0
 21
257.6999999999999
 31
0.0
100
AcDbText
 73
2
  0
LWPOLYLINE
  5
107
330
17
100
AcDbEntity
  8
10-ROTULO
100
AcDbPolyline
 90
4
 70
1
 10
267.0
 20
255.3999999999999
 10
343.0
 20
255.3999999999999
 10
343.0
 20
259.9999999999999
 10
267.0
 20
259.9999999999999
  0
TEXT
  5
108
330
17
100
AcDbEntity
  8
06-TEXTO
100
AcDbText
 10
305.0
 20
257.6999999999999
 30
0.0
 40
1.8
  1
Fondo
  7
ISO3098
 72
1
 11
305.0
 21
257.6999999999999
 31
0.0
100
AcDbText
 73
2
  0
LWPOLYLINE
  5
109
330
17
100
AcDbEntity
  8
10-ROTULO
100
AcDbPolyline
 90
4
 70
1
 10
343.0
 20
255.3999999999999
 10
360.0
 20
255.3999999999999
 10
360.0
 20
259.9999999999999
 10
343.0
 20
259.9999999999999
  0
TEXT
  5
10A
330
17
100
AcDbEntity
  8
06-TEXTO
100
AcDbText
 10
351.5
 20
257.6999999999999
 30
0.0
 40
2.0
  1
1
  7
ISO3098
 72
1
 11
351.5
 21
257.6999999999999
 31
0.0
100
AcDbText
 73
2
  0
LWPOLYLINE
  5
10B
330
17
100
AcDbEntity
  8
10-ROTULO
100
AcDbPolyline
 90
4
 70
1
 10
360.0
 20
255.3999999999999
 10
408.0
 20
255.3999999999999
 10
408.0
 20
259.9999999999999
 10
360.0
 20
259.9999999999999
  0
TEXT
  5
10C
330
17
100
AcDbEntity
  8
06-TEXTO
100
AcDbText
 10
384.0
 20
257.6999999999999
 30
0.0
 40
1.6
  1
Chapa LAC IRAM-IAS U 500-0
  7
ISO3098
 72
1
 11
384.0
 21
257.6999999999999
 31
0.0
100
AcDbText
 73
2
  0
LWPOLYLINE
  5
10D
330
17
100
AcDbEntity
  8
10-ROTULO
100
AcDbPolyline
 90
4
 70
1
 10
233.0
 20
250.7999999999999
 10
243.0
 20
250.7999999999999
 10
243.0
 20
255.3999999999999
 10
233.0
 20
255.3999999999999
  0
TEXT
  5
10E
330
17
100
AcDbEntity
  8
06-TEXTO
100
AcDbText
 10
234.5
 20
253.09999999999988
 30
0.0
 40
2.2
  1
04
  7
ISO3098
 11
234.5
 21
253.09999999999988
 31
0.0
100
AcDbText
 73
2
  0
LWPOLYLINE
  5
10F
330
17
100
AcDbEntity
  8
10-ROTULO
100
AcDbPolyline
 90
4
 70
1
 10
243.0
 20
250.7999999999999
 10
267.0
 20
250.7999999999999
 10
267.0
 20
255.3999999999999
 10
243.0
 20
255.3999999999999
  0
TEXT
  5
110
330
17
100
AcDbEntity
  8
06-TEXTO
100
AcDbText
 10
255.0
 20
253.09999999999988
 30
0.0
 40
2.0
  1
ABC25-04
  7
ISO3098
 72
1
 11
255.0
 21
253.09999999999988
 31
0.0
100
AcDbText
 73
2
  0
LWPOLYLINE
  5
111
330
17
100
AcDbEntity
  8
10-ROTULO
100
AcDbPolyline
 90
4
 70
1
 10
267.0
 20
250.7999999999999
 10
343.0
 20
250.7999999999999
 10
343.0
 20
255.3999999999999
 10
267.0
 20
255.3999999999999
  0
TEXT
  5
112
330
17
100
AcDbEntity
  8
06-TEXTO
100
AcDbText
 10
305.0
 20
253.09999999999988
 30
0.0
 40
1.8
  1
Cuello roscado
  7
ISO3098
 72
1
 11
305.0
 21
253.09999999999988
 31
0.0
100
AcDbText
 73
2
  0
LWPOLYLINE
  5
113
330
17
100
AcDbEntity
  8
10-ROTULO
100
AcDbPolyline
 90
4
 70
1
 10
343.0
 20
250.7999999999999
 10
360.0
 20
250.7999999999999
 10
360.0
 20
255.3999999999999
 10
343.0
 20
255.3999999999999
  0
TEXT
  5
114
330
17
100
AcDbEntity
  8
06-TEXTO
100
AcDbText
 10
351.5
 20
253.09999999999988
 30
0.0
 40
2.0
  1
1
  7
ISO3098
 72
1
 11
351.5
 21
253.09999999999988
 31
0.0
100
AcDbText
 73
2
  0
LWPOLYLINE
  5
115
330
17
100
AcDbEntity
  8
10-ROTULO
100
AcDbPolyline
 90
4
 70
1
 10
360.0
 20
250.7999999999999
 10
408.0
 20
250.7999999999999
 10
408.0
 20
255.3999999999999
 10
360.0
 20
255.3999999999999
  0
TEXT
  5
116
330
17
100
AcDbEntity
  8
06-TEXTO
100
AcDbText
 10
384.0
 20
253.09999999999988
 30
0.0
 40
1.6
  1
Acero SAE 1010
  7
ISO3098
 72
1
 11
384.0
 21
253.09999999999988
 31
0.0
100
AcDbText
 73
2
  0
LWPOLYLINE
  5
117
330
17
100
AcDbEntity
  8
10-ROTULO
100
AcDbPolyline
 90
4
 70
1
 10
233.0
 20
246.1999999999999
 10
243.0
 20
246.1999999999999
 10
243.0
 20
250.7999999999999
 10
233.0
 20
250.7999999999999
  0
TEXT
  5
118
330
17
100
AcDbEntity
  8
06-TEXTO
100
AcDbText
 10
234.5
 20
248.4999999999999
 30
0.0
 40
2.2
  1
C1
  7
ISO3098
 11
234.5
 21
248.4999999999999
 31
0.0
100
AcDbText
 73
2
  0
LWPOLYLINE
  5
119
330
17
100
AcDbEntity
  8
10-ROTULO
100
AcDbPolyline
 90
4
 70
1
 10
243.0
 20
246.1999999999999
 10
267.0
 20
246.1999999999999
 10
267.0
 20
250.7999999999999
 10
243.0
 20
250.7999999999999
  0
TEXT
  5
11A
330
17
100
AcDbEntity
  8
06-TEXTO
100
AcDbText
 10
255.0
 20
248.4999999999999
 30
0.0
 40
2.0
  1
ABC25-C1
  7
ISO3098
 72
1
 11
255.0
 21
248.4999999999999
 31
0.0
100
AcDbText
 73
2
  0
LWPOLYLINE
  5
11B
330
17
100
AcDbEntity
  8
10-ROTULO
100
AcDbPolyline
 90
4
 70
1
 10
267.0
 20
246.1999999999999
 10
343.0
 20
246.1999999999999
 10
343.0
 20
250.7999999999999
 10
267.0
 20
250.7999999999999
  0
TEXT
  5
11C
330
17
100
AcDbEntity
  8
06-TEXTO
100
AcDbText
 10
305.0
 20
248.4999999999999
 30
0.0
 40
1.8
  1
Alambre MAG ER70S-6 Ø1,2 (AWS A5.18)
  7
ISO3098
 72
1
 11
305.0
 21
248.4999999999999
 31
0.0
100
AcDbText
 73
2
  0
LWPOLYLINE
  5
11D
330
17
100
AcDbEntity
  8
10-ROTULO
100
AcDbPolyline
 90
4
 70
1
 10
343.0
 20
246.1999999999999
 10
360.0
 20
246.1999999999999
 10
360.0
 20
250.7999999999999
 10
343.0
 20
250.7999999999999
  0
TEXT
  5
11E
330
17
100
AcDbEntity
  8
06-TEXTO
100
AcDbText
 10
351.5
 20
248.4999999999999
 30
0.0
 40
1.8
  1
0,3429 kg
  7
ISO3098
 72
1
 11
351.5
 21
248.4999999999999
 31
0.0
100
AcDbText
 73
2
  0
LWPOLYLINE
  5
11F
330
17
100
AcDbEntity
  8
10-ROTULO
100
AcDbPolyline
 90
4
 70
1
 10
360.0
 20
246.1999999999999
 10
408.0
 20
246.1999999999999
 10
408.0
 20
250.7999999999999
 10
360.0
 20
250.7999999999999
  0
TEXT
  5
120
330
17
100
AcDbEntity
  8
06-TEXTO
100
AcDbText
 10
384.0
 20
248.4999999999999
 30
0.0
 40
1.6
  1
ER70S-6
  7
ISO3098
 72
1
 11
384.0
 21
248.4999999999999
 31
0.0
100
AcDbText
 73
2
  0
LWPOLYLINE
  5
121
330
17
100
AcDbEntity
  8
10-ROTULO
100
AcDbPolyline
 90
4
 70
1
 10
233.0
 20
241.5999999999999
 10
243.0
 20
241.5999999999999
 10
243.0
 20
246.1999999999999
 10
233.0
 20
246.1999999999999
  0
TEXT
  5
122
330
17
100
AcDbEntity
  8
06-TEXTO
100
AcDbText
 10
234.5
 20
243.8999999999999
 30
0.0
 40
2.2
  1
C2
  7
ISO3098
 11
234.5
 21
243.8999999999999
 31
0.0
100
AcDbText
 73
2
  0
LWPOLYLINE
  5
123
330
17
100
AcDbEntity
  8
10-ROTULO
100
AcDbPolyline
 90
4
 70
1
 10
243.0
 20
241.5999999999999
 10
267.0
 20
241.5999999999999
 10
267.0
 20
246.1999999999999
 10
243.0
 20
246.1999999999999
  0
TEXT
  5
124
330
17
100
AcDbEntity
  8
06-TEXTO
100
AcDbText
 10
255.0
 20
243.8999999999999
 30
0.0
 40
2.0
  1
ABC25-C2
  7
ISO3098
 72
1
 11
255.0
 21
243.8999999999999
 31
0.0
100
AcDbText
 73
2
  0
LWPOLYLINE
  5
125
330
17
100
AcDbEntity
  8
10-ROTULO
100
AcDbPolyline
 90
4
 70
1
 10
267.0
 20
241.5999999999999
 10
343.0
 20
241.5999999999999
 10
343.0
 20
246.1999999999999
 10
267.0
 20
246.1999999999999
  0
TEXT
  5
126
330
17
100
AcDbEntity
  8
06-TEXTO
100
AcDbText
 10
305.0
 20
243.8999999999999
 30
0.0
 40
1.8
  1
Gas de protección MAG Arcal 21 / ARCAL Spe
  7
ISO3098
 72
1
 11
305.0
 21
243.8999999999999
 31
0.0
100
AcDbText
 73
2
  0
LWPOLYLINE
  5
127
330
17
100
AcDbEntity
  8
10-ROTULO
100
AcDbPolyline
 90
4
 70
1
 10
343.0
 20
241.5999999999999
 10
360.0
 20
241.5999999999999
 10
360.0
 20
246.1999999999999
 10
343.0
 20
246.1999999999999
  0
TEXT
  5
128
330
17
100
AcDbEntity
  8
06-TEXTO
100
AcDbText
 10
351.5
 20
243.8999999999999
 30
0.0
 40
2.0
  1
54,8 L
  7
ISO3098
 72
1
 11
351.5
 21
243.8999999999999
 31
0.0
100
AcDbText
 73
2
  0
LWPOLYLINE
  5
129
330
17
100
AcDbEntity
  8
10-ROTULO
100
AcDbPolyline
 90
4
 70
1
 10
360.0
 20
241.5999999999999
 10
408.0
 20
241.5999999999999
 10
408.0
 20
246.1999999999999
 10
360.0
 20
246.1999999999999
  0
TEXT
  5
12A
330
17
100
AcDbEntity
  8
06-TEXTO
100
AcDbText
 10
384.0
 20
243.8999999999999
 30
0.0
 40
1.6
  1
EN ISO 14175 M20-ArC-8
  7
ISO3098
 72
1
 11
384.0
 21
243.8999999999999
 31
0.0
100
AcDbText
 73
2
  0
LWPOLYLINE
  5
12B
330
17
100
AcDbEntity
  8
10-ROTULO
100
AcDbPolyline
 90
4
 70
1
 10
233.0
 20
236.99999999999991
 10
243.0
 20
236.99999999999991
 10
243.0
 20
241.5999999999999
 10
233.0
 20
241.5999999999999
  0
TEXT
  5
12C
330
17
100
AcDbEntity
  8
06-TEXTO
100
AcDbText
 10
234.5
 20
239.2999999999999
 30
0.0
 40
2.2
  1
C4
  7
ISO3098
 11
234.5
 21
239.2999999999999
 31
0.0
100
AcDbText
 73
2
  0
LWPOLYLINE
  5
12D
330
17
100
AcDbEntity
  8
10-ROTULO
100
AcDbPolyline
 90
4
 70
1
 10
243.0
 20
236.99999999999991
 10
267.0
 20
236.99999999999991
 10
267.0
 20
241.5999999999999
 10
243.0
 20
241.5999999999999
  0
TEXT
  5
12E
330
17
100
AcDbEntity
  8
06-TEXTO
100
AcDbText
 10
255.0
 20
239.2999999999999
 30
0.0
 40
2.0
  1
ABC25-C4
  7
ISO3098
 72
1
 11
255.0
 21
239.2999999999999
 31
0.0
100
AcDbText
 73
2
  0
LWPOLYLINE
  5
12F
330
17
100
AcDbEntity
  8
10-ROTULO
100
AcDbPolyline
 90
4
 70
1
 10
267.0
 20
236.99999999999991
 10
343.0
 20
236.99999999999991
 10
343.0
 20
241.5999999999999
 10
267.0
 20
241.5999999999999
  0
TEXT
  5
130
330
17
100
AcDbEntity
  8
06-TEXTO
100
AcDbText
 10
305.0
 20
239.2999999999999
 30
0.0
 40
1.8
  1
Servicio de pintura en polvo al horno, roj
  7
ISO3098
 72
1
 11
305.0
 21
239.2999999999999
 31
0.0
100
AcDbText
 73
2
  0
LWPOLYLINE
  5
131
330
17
100
AcDbEntity
  8
10-ROTULO
100
AcDbPolyline
 90
4
 70
1
 10
343.0
 20
236.99999999999991
 10
360.0
 20
236.99999999999991
 10
360.0
 20
241.5999999999999
 10
343.0
 20
241.5999999999999
  0
TEXT
  5
132
330
17
100
AcDbEntity
  8
06-TEXTO
100
AcDbText
 10
351.5
 20
239.2999999999999
 30
0.0
 40
2.0
  1
1
  7
ISO3098
 72
1
 11
351.5
 21
239.2999999999999
 31
0.0
100
AcDbText
 73
2
  0
LWPOLYLINE
  5
133
330
17
100
AcDbEntity
  8
10-ROTULO
100
AcDbPolyline
 90
4
 70
1
 10
360.0
 20
236.99999999999991
 10
408.0
 20
236.99999999999991
 10
408.0
 20
241.5999999999999
 10
360.0
 20
241.5999999999999
  0
TEXT
  5
134
330
17
100
AcDbEntity
  8
06-TEXTO
100
AcDbText
 10
384.0
 20
239.2999999999999
 30
0.0
 40
1.6
  1
Servicio tercerizado
  7
ISO3098
 72
1
 11
384.0
 21
239.2999999999999
 31
0.0
100
AcDbText
 73
2
  0
LWPOLYLINE
  5
135
330
17
100
AcDbEntity
  8
10-ROTULO
100
AcDbPolyline
 90
4
 70
1
 10
233.0
 20
232.39999999999992
 10
243.0
 20
232.39999999999992
 10
243.0
 20
236.99999999999991
 10
233.0
 20
236.99999999999991
  0
TEXT
  5
136
330
17
100
AcDbEntity
  8
06-TEXTO
100
AcDbText
 10
234.5
 20
234.6999999999999
 30
0.0
 40
2.2
  1
T1
  7
ISO3098
 11
234.5
 21
234.6999999999999
 31
0.0
100
AcDbText
 73
2
  0
LWPOLYLINE
  5
137
330
17
100
AcDbEntity
  8
10-ROTULO
100
AcDbPolyline
 90
4
 70
1
 10
243.0
 20
232.39999999999992
 10
267.0
 20
232.39999999999992
 10
267.0
 20
236.99999999999991
 10
243.0
 20
236.99999999999991
  0
TEXT
  5
138
330
17
100
AcDbEntity
  8
06-TEXTO
100
AcDbText
 10
255.0
 20
234.6999999999999
 30
0.0
 40
2.0
  1
ABC25-T1
  7
ISO3098
 72
1
 11
255.0
 21
234.6999999999999
 31
0.0
100
AcDbText
 73
2
  0
LWPOLYLINE
  5
139
330
17
100
AcDbEntity
  8
10-ROTULO
100
AcDbPolyline
 90
4
 70
1
 10
267.0
 20
232.39999999999992
 10
343.0
 20
232.39999999999992
 10
343.0
 20
236.99999999999991
 10
267.0
 20
236.99999999999991
  0
TEXT
  5
13A
330
17
100
AcDbEntity
  8
06-TEXTO
100
AcDbText
 10
305.0
 20
234.6999999999999
 30
0.0
 40
1.8
  1
Tapón protector de rosca del cuello
  7
ISO3098
 72
1
 11
305.0
 21
234.6999999999999
 31
0.0
100
AcDbText
 73
2
  0
LWPOLYLINE
  5
13B
330
17
100
AcDbEntity
  8
10-ROTULO
100
AcDbPolyline
 90
4
 70
1
 10
343.0
 20
232.39999999999992
 10
360.0
 20
232.39999999999992
 10
360.0
 20
236.99999999999991
 10
343.0
 20
236.99999999999991
  0
TEXT
  5
13C
330
17
100
AcDbEntity
  8
06-TEXTO
100
AcDbText
 10
351.5
 20
234.6999999999999
 30
0.0
 40
2.0
  1
1
  7
ISO3098
 72
1
 11
351.5
 21
234.6999999999999
 31
0.0
100
AcDbText
 73
2
  0
LWPOLYLINE
  5
13D
330
17
100
AcDbEntity
  8
10-ROTULO
100
AcDbPolyline
 90
4
 70
1
 10
360.0
 20
232.39999999999992
 10
408.0
 20
232.39999999999992
 10
408.0
 20
236.99999999999991
 10
360.0
 20
236.99999999999991
  0
TEXT
  5
13E
330
17
100
AcDbEntity
  8
06-TEXTO
100
AcDbText
 10
384.0
 20
234.6999999999999
 30
0.0
 40
1.6
  1
Polietileno
  7
ISO3098
 72
1
 11
384.0
 21
234.6999999999999
 31
0.0
100
AcDbText
 73
2
  0
LWPOLYLINE
  5
13F
330
17
100
AcDbEntity
  8
10-ROTULO
100
AcDbPolyline
 90
4
 70
1
 10
233.0
 20
227.79999999999993
 10
243.0
 20
227.79999999999993
 10
243.0
 20
232.39999999999992
 10
233.0
 20
232.39999999999992
  0
TEXT
  5
140
330
17
100
AcDbEntity
  8
06-TEXTO
100
AcDbText
 10
234.5
 20
230.0999999999999
 30
0.0
 40
2.2
  1
T2
  7
ISO3098
 11
234.5
 21
230.0999999999999
 31
0.0
100
AcDbText
 73
2
  0
LWPOLYLINE
  5
141
330
17
100
AcDbEntity
  8
10-ROTULO
100
AcDbPolyline
 90
4
 70
1
 10
243.0
 20
227.79999999999993
 10
267.0
 20
227.79999999999993
 10
267.0
 20
232.39999999999992
 10
243.0
 20
232.39999999999992
  0
TEXT
  5
142
330
17
100
AcDbEntity
  8
06-TEXTO
100
AcDbText
 10
255.0
 20
230.0999999999999
 30
0.0
 40
2.0
  1
ABC25-T2
  7
ISO3098
 72
1
 11
255.0
 21
230.0999999999999
 31
0.0
100
AcDbText
 73
2
  0
LWPOLYLINE
  5
143
330
17
100
AcDbEntity
  8
10-ROTULO
100
AcDbPolyline
 90
4
 70
1
 10
267.0
 20
227.79999999999993
 10
343.0
 20
227.79999999999993
 10
343.0
 20
232.39999999999992
 10
267.0
 20
232.39999999999992
  0
TEXT
  5
144
330
17
100
AcDbEntity
  8
06-TEXTO
100
AcDbText
 10
305.0
 20
230.0999999999999
 30
0.0
 40
1.8
  1
Marcado del recipiente (estampado)
  7
ISO3098
 72
1
 11
305.0
 21
230.0999999999999
 31
0.0
100
AcDbText
 73
2
  0
LWPOLYLINE
  5
145
330
17
100
AcDbEntity
  8
10-ROTULO
100
AcDbPolyline
 90
4
 70
1
 10
343.0
 20
227.79999999999993
 10
360.0
 20
227.79999999999993
 10
360.0
 20
232.39999999999992
 10
343.0
 20
232.39999999999992
  0
TEXT
  5
146
330
17
100
AcDbEntity
  8
06-TEXTO
100
AcDbText
 10
351.5
 20
230.0999999999999
 30
0.0
 40
2.0
  1
1
  7
ISO3098
 72
1
 11
351.5
 21
230.0999999999999
 31
0.0
100
AcDbText
 73
2
  0
LWPOLYLINE
  5
147
330
17
100
AcDbEntity
  8
10-ROTULO
100
AcDbPolyline
 90
4
 70
1
 10
360.0
 20
227.79999999999993
 10
408.0
 20
227.79999999999993
 10
408.0
 20
232.39999999999992
 10
360.0
 20
232.39999999999992
  0
TEXT
  5
148
330
17
100
AcDbEntity
  8
06-TEXTO
100
AcDbText
 10
384.0
 20
230.0999999999999
 30
0.0
 40
1.6
  1
-
  7
ISO3098
 72
1
 11
384.0
 21
230.0999999999999
 31
0.0
100
AcDbText
 73
2
  0
LWPOLYLINE
  5
149
330
17
100
AcDbEntity
  8
10-ROTULO
100
AcDbPolyline
 90
4
 70
1
 10
233.0
 20
223.19999999999993
 10
243.0
 20
223.19999999999993
 10
243.0
 20
227.79999999999993
 10
233.0
 20
227.79999999999993
  0
TEXT
  5
14A
330
17
100
AcDbEntity
  8
06-TEXTO
100
AcDbText
 10
234.5
 20
225.49999999999991
 30
0.0
 40
2.2
  1
T3
  7
ISO3098
 11
234.5
 21
225.49999999999991
 31
0.0
100
AcDbText
 73
2
  0
LWPOLYLINE
  5
14B
330
17
100
AcDbEntity
  8
10-ROTULO
100
AcDbPolyline
 90
4
 70
1
 10
243.0
 20
223.19999999999993
 10
267.0
 20
223.19999999999993
 10
267.0
 20
227.79999999999993
 10
243.0
 20
227.79999999999993
  0
TEXT
  5
14C
330
17
100
AcDbEntity
  8
06-TEXTO
100
AcDbText
 10
255.0
 20
225.49999999999991
 30
0.0
 40
2.0
  1
ABC25-T3
  7
ISO3098
 72
1
 11
255.0
 21
225.49999999999991
 31
0.0
100
AcDbText
 73
2
  0
LWPOLYLINE
  5
14D
330
17
100
AcDbEntity
  8
10-ROTULO
100
AcDbPolyline
 90
4
 70
1
 10
267.0
 20
223.19999999999993
 10
343.0
 20
223.19999999999993
 10
343.0
 20
227.79999999999993
 10
267.0
 20
227.79999999999993
  0
TEXT
  5
14E
330
17
100
AcDbEntity
  8
06-TEXTO
100
AcDbText
 10
305.0
 20
225.49999999999991
 30
0.0
 40
1.8
  1
Etiqueta de identificación del cilindro su
  7
ISO3098
 72
1
 11
305.0
 21
225.49999999999991
 31
0.0
100
AcDbText
 73
2
  0
LWPOLYLINE
  5
14F
330
17
100
AcDbEntity
  8
10-ROTULO
100
AcDbPolyline
 90
4
 70
1
 10
343.0
 20
223.19999999999993
 10
360.0
 20
223.19999999999993
 10
360.0
 20
227.79999999999993
 10
343.0
 20
227.79999999999993
  0
TEXT
  5
150
330
17
100
AcDbEntity
  8
06-TEXTO
100
AcDbText
 10
351.5
 20
225.49999999999991
 30
0.0
 40
2.0
  1
1
  7
ISO3098
 72
1
 11
351.5
 21
225.49999999999991
 31
0.0
100
AcDbText
 73
2
  0
LWPOLYLINE
  5
151
330
17
100
AcDbEntity
  8
10-ROTULO
100
AcDbPolyline
 90
4
 70
1
 10
360.0
 20
223.19999999999993
 10
408.0
 20
223.19999999999993
 10
408.0
 20
227.79999999999993
 10
360.0
 20
227.79999999999993
  0
TEXT
  5
152
330
17
100
AcDbEntity
  8
06-TEXTO
100
AcDbText
 10
384.0
 20
225.49999999999991
 30
0.0
 40
1.6
  1
Poliéster autoadhesivo rem
  7
ISO3098
 72
1
 11
384.0
 21
225.49999999999991
 31
0.0
100
AcDbText
 73
2
  0
LWPOLYLINE
  5
153
330
17
100
AcDbEntity
  8
10-ROTULO
100
AcDbPolyline
 90
4
 70
1
 10
233.0
 20
218.59999999999994
 10
243.0
 20
218.59999999999994
 10
243.0
 20
223.19999999999993
 10
233.0
 20
223.19999999999993
  0
TEXT
  5
154
330
17
100
AcDbEntity
  8
06-TEXTO
100
AcDbText
 10
234.5
 20
220.89999999999992
 30
0.0
 40
2.2
  1
T4
  7
ISO3098
 11
234.5
 21
220.89999999999992
 31
0.0
100
AcDbText
 73
2
  0
LWPOLYLINE
  5
155
330
17
100
AcDbEntity
  8
10-ROTULO
100
AcDbPolyline
 90
4
 70
1
 10
243.0
 20
218.59999999999994
 10
267.0
 20
218.59999999999994
 10
267.0
 20
223.19999999999993
 10
243.0
 20
223.19999999999993
  0
TEXT
  5
156
330
17
100
AcDbEntity
  8
06-TEXTO
100
AcDbText
 10
255.0
 20
220.89999999999992
 30
0.0
 40
2.0
  1
ABC25-T4
  7
ISO3098
 72
1
 11
255.0
 21
220.89999999999992
 31
0.0
100
AcDbText
 73
2
  0
LWPOLYLINE
  5
157
330
17
100
AcDbEntity
  8
10-ROTULO
100
AcDbPolyline
 90
4
 70
1
 10
267.0
 20
218.59999999999994
 10
343.0
 20
218.59999999999994
 10
343.0
 20
223.19999999999993
 10
267.0
 20
223.19999999999993
  0
TEXT
  5
158
330
17
100
AcDbEntity
  8
06-TEXTO
100
AcDbText
 10
305.0
 20
220.89999999999992
 30
0.0
 40
1.8
  1
Protocolo de ensayo hidrostático (certific
  7
ISO3098
 72
1
 11
305.0
 21
220.89999999999992
 31
0.0
100
AcDbText
 73
2
  0
LWPOLYLINE
  5
159
330
17
100
AcDbEntity
  8
10-ROTULO
100
AcDbPolyline
 90
4
 70
1
 10
343.0
 20
218.59999999999994
 10
360.0
 20
218.59999999999994
 10
360.0
 20
223.19999999999993
 10
343.0
 20
223.19999999999993
  0
TEXT
  5
15A
330
17
100
AcDbEntity
  8
06-TEXTO
100
AcDbText
 10
351.5
 20
220.89999999999992
 30
0.0
 40
2.0
  1
1
  7
ISO3098
 72
1
 11
351.5
 21
220.89999999999992
 31
0.0
100
AcDbText
 73
2
  0
LWPOLYLINE
  5
15B
330
17
100
AcDbEntity
  8
10-ROTULO
100
AcDbPolyline
 90
4
 70
1
 10
360.0
 20
218.59999999999994
 10
408.0
 20
218.59999999999994
 10
408.0
 20
223.19999999999993
 10
360.0
 20
223.19999999999993
  0
TEXT
  5
15C
330
17
100
AcDbEntity
  8
06-TEXTO
100
AcDbText
 10
384.0
 20
220.89999999999992
 30
0.0
 40
1.6
  1
Papel
  7
ISO3098
 72
1
 11
384.0
 21
220.89999999999992
 31
0.0
100
AcDbText
 73
2
  0
LWPOLYLINE
  5
15D
330
17
100
AcDbEntity
  8
10-ROTULO
100
AcDbPolyline
 90
4
 70
1
 10
233.0
 20
213.99999999999994
 10
243.0
 20
213.99999999999994
 10
243.0
 20
218.59999999999994
 10
233.0
 20
218.59999999999994
  0
TEXT
  5
15E
330
17
100
AcDbEntity
  8
06-TEXTO
100
AcDbText
 10
234.5
 20
216.29999999999993
 30
0.0
 40
2.2
  1

  7
ISO3098
 11
234.5
 21
216.29999999999993
 31
0.0
100
AcDbText
 73
2
  0
LWPOLYLINE
  5
15F
330
17
100
AcDbEntity
  8
10-ROTULO
100
AcDbPolyline
 90
4
 70
1
 10
243.0
 20
213.99999999999994
 10
267.0
 20
213.99999999999994
 10
267.0
 20
218.59999999999994
 10
243.0
 20
218.59999999999994
  0
TEXT
  5
160
330
17
100
AcDbEntity
  8
06-TEXTO
100
AcDbText
 10
255.0
 20
216.29999999999993
 30
0.0
 40
2.0
  1
ABC25-S7
  7
ISO3098
 72
1
 11
255.0
 21
216.29999999999993
 31
0.0
100
AcDbText
 73
2
  0
LWPOLYLINE
  5
161
330
17
100
AcDbEntity
  8
10-ROTULO
100
AcDbPolyline
 90
4
 70
1
 10
267.0
 20
213.99999999999994
 10
343.0
 20
213.99999999999994
 10
343.0
 20
218.59999999999994
 10
267.0
 20
218.59999999999994
  0
TEXT
  5
162
330
17
100
AcDbEntity
  8
06-TEXTO
100
AcDbText
 10
305.0
 20
216.29999999999993
 30
0.0
 40
1.8
  1
EMBALAJE
  7
ISO3098
 72
1
 11
305.0
 21
216.29999999999993
 31
0.0
100
AcDbText
 73
2
  0
LWPOLYLINE
  5
163
330
17
100
AcDbEntity
  8
10-ROTULO
100
AcDbPolyline
 90
4
 70
1
 10
343.0
 20
213.99999999999994
 10
360.0
 20
213.99999999999994
 10
360.0
 20
218.59999999999994
 10
343.0
 20
218.59999999999994
  0
TEXT
  5
164
330
17
100
AcDbEntity
  8
06-TEXTO
100
AcDbText
 10
351.5
 20
216.29999999999993
 30
0.0
 40
2.0
  1

  7
ISO3098
 72
1
 11
351.5
 21
216.29999999999993
 31
0.0
100
AcDbText
 73
2
  0
LWPOLYLINE
  5
165
330
17
100
AcDbEntity
  8
10-ROTULO
100
AcDbPolyline
 90
4
 70
1
 10
360.0
 20
213.99999999999994
 10
408.0
 20
213.99999999999994
 10
408.0
 20
218.59999999999994
 10
360.0
 20
218.59999999999994
  0
TEXT
  5
166
330
17
100
AcDbEntity
  8
06-TEXTO
100
AcDbText
 10
384.0
 20
216.29999999999993
 30
0.0
 40
1.6
  1

  7
ISO3098
 72
1
 11
384.0
 21
216.29999999999993
 31
0.0
100
AcDbText
 73
2
  0
LWPOLYLINE
  5
167
330
17
100
AcDbEntity
  8
10-ROTULO
100
AcDbPolyline
 90
4
 70
1
 10
233.0
 20
209.39999999999995
 10
243.0
 20
209.39999999999995
 10
243.0
 20
213.99999999999994
 10
233.0
 20
213.99999999999994
  0
TEXT
  5
168
330
17
100
AcDbEntity
  8
06-TEXTO
100
AcDbText
 10
234.5
 20
211.69999999999993
 30
0.0
 40
2.2
  1
E1
  7
ISO3098
 11
234.5
 21
211.69999999999993
 31
0.0
100
AcDbText
 73
2
  0
LWPOLYLINE
  5
169
330
17
100
AcDbEntity
  8
10-ROTULO
100
AcDbPolyline
 90
4
 70
1
 10
243.0
 20
209.39999999999995
 10
267.0
 20
209.39999999999995
 10
267.0
 20
213.99999999999994
 10
243.0
 20
213.99999999999994
  0
TEXT
  5
16A
330
17
100
AcDbEntity
  8
06-TEXTO
100
AcDbText
 10
255.0
 20
211.69999999999993
 30
0.0
 40
2.0
  1
ABC25-E1
  7
ISO3098
 72
1
 11
255.0
 21
211.69999999999993
 31
0.0
100
AcDbText
 73
2
  0
LWPOLYLINE
  5
16B
330
17
100
AcDbEntity
  8
10-ROTULO
100
AcDbPolyline
 90
4
 70
1
 10
267.0
 20
209.39999999999995
 10
343.0
 20
209.39999999999995
 10
343.0
 20
213.99999999999994
 10
267.0
 20
213.99999999999994
  0
TEXT
  5
16C
330
17
100
AcDbEntity
  8
06-TEXTO
100
AcDbText
 10
305.0
 20
211.69999999999993
 30
0.0
 40
1.8
  1
Esquineros y funda de polietileno
  7
ISO3098
 72
1
 11
305.0
 21
211.69999999999993
 31
0.0
100
AcDbText
 73
2
  0
LWPOLYLINE
  5
16D
330
17
100
AcDbEntity
  8
10-ROTULO
100
AcDbPolyline
 90
4
 70
1
 10
343.0
 20
209.39999999999995
 10
360.0
 20
209.39999999999995
 10
360.0
 20
213.99999999999994
 10
343.0
 20
213.99999999999994
  0
TEXT
  5
16E
330
17
100
AcDbEntity
  8
06-TEXTO
100
AcDbText
 10
351.5
 20
211.69999999999993
 30
0.0
 40
2.0
  1
1 jgo
  7
ISO3098
 72
1
 11
351.5
 21
211.69999999999993
 31
0.0
100
AcDbText
 73
2
  0
LWPOLYLINE
  5
16F
330
17
100
AcDbEntity
  8
10-ROTULO
100
AcDbPolyline
 90
4
 70
1
 10
360.0
 20
209.39999999999995
 10
408.0
 20
209.39999999999995
 10
408.0
 20
213.99999999999994
 10
360.0
 20
213.99999999999994
  0
TEXT
  5
170
330
17
100
AcDbEntity
  8
06-TEXTO
100
AcDbText
 10
384.0
 20
211.69999999999993
 30
0.0
 40
1.6
  1
PE / cartón
  7
ISO3098
 72
1
 11
384.0
 21
211.69999999999993
 31
0.0
100
AcDbText
 73
2
  0
LWPOLYLINE
  5
171
330
17
100
AcDbEntity
  8
10-ROTULO
100
AcDbPolyline
 90
4
 70
1
 10
233.0
 20
204.79999999999995
 10
243.0
 20
204.79999999999995
 10
243.0
 20
209.39999999999995
 10
233.0
 20
209.39999999999995
  0
TEXT
  5
172
330
17
100
AcDbEntity
  8
06-TEXTO
100
AcDbText
 10
234.5
 20
207.09999999999994
 30
0.0
 40
2.2
  1
E3
  7
ISO3098
 11
234.5
 21
207.09999999999994
 31
0.0
100
AcDbText
 73
2
  0
LWPOLYLINE
  5
173
330
17
100
AcDbEntity
  8
10-ROTULO
100
AcDbPolyline
 90
4
 70
1
 10
243.0
 20
204.79999999999995
 10
267.0
 20
204.79999999999995
 10
267.0
 20
209.39999999999995
 10
243.0
 20
209.39999999999995
  0
TEXT
  5
174
330
17
100
AcDbEntity
  8
06-TEXTO
100
AcDbText
 10
255.0
 20
207.09999999999994
 30
0.0
 40
2.0
  1
ABC25-E3
  7
ISO3098
 72
1
 11
255.0
 21
207.09999999999994
 31
0.0
100
AcDbText
 73
2
  0
LWPOLYLINE
  5
175
330
17
100
AcDbEntity
  8
10-ROTULO
100
AcDbPolyline
 90
4
 70
1
 10
267.0
 20
204.79999999999995
 10
343.0
 20
204.79999999999995
 10
343.0
 20
209.39999999999995
 10
267.0
 20
209.39999999999995
  0
TEXT
  5
176
330
17
100
AcDbEntity
  8
06-TEXTO
100
AcDbText
 10
305.0
 20
207.09999999999994
 30
0.0
 40
1.8
  1
Pallet 1200 × 1000 (fracción)
  7
ISO3098
 72
1
 11
305.0
 21
207.09999999999994
 31
0.0
100
AcDbText
 73
2
  0
LWPOLYLINE
  5
177
330
17
100
AcDbEntity
  8
10-ROTULO
100
AcDbPolyline
 90
4
 70
1
 10
343.0
 20
204.79999999999995
 10
360.0
 20
204.79999999999995
 10
360.0
 20
209.39999999999995
 10
343.0
 20
209.39999999999995
  0
TEXT
  5
178
330
17
100
AcDbEntity
  8
06-TEXTO
100
AcDbText
 10
351.5
 20
207.09999999999994
 30
0.0
 40
2.0
  1
0,0833
  7
ISO3098
 72
1
 11
351.5
 21
207.09999999999994
 31
0.0
100
AcDbText
 73
2
  0
LWPOLYLINE
  5
179
330
17
100
AcDbEntity
  8
10-ROTULO
100
AcDbPolyline
 90
4
 70
1
 10
360.0
 20
204.79999999999995
 10
408.0
 20
204.79999999999995
 10
408.0
 20
209.39999999999995
 10
360.0
 20
209.39999999999995
  0
TEXT
  5
17A
330
17
100
AcDbEntity
  8
06-TEXTO
100
AcDbText
 10
384.0
 20
207.09999999999994
 30
0.0
 40
1.6
  1
Madera
  7
ISO3098
 72
1
 11
384.0
 21
207.09999999999994
 31
0.0
100
AcDbText
 73
2
  0
LWPOLYLINE
  5
17B
330
17
100
AcDbEntity
  8
10-ROTULO
100
AcDbPolyline
 90
4
 70
1
 10
233.0
 20
200.19999999999996
 10
243.0
 20
200.19999999999996
 10
243.0
 20
204.79999999999995
 10
233.0
 20
204.79999999999995
  0
TEXT
  5
17C
330
17
100
AcDbEntity
  8
06-TEXTO
100
AcDbText
 10
234.5
 20
202.49999999999994
 30
0.0
 40
2.2
  1
E4
  7
ISO3098
 11
234.5
 21
202.49999999999994
 31
0.0
100
AcDbText
 73
2
  0
LWPOLYLINE
  5
17D
330
17
100
AcDbEntity
  8
10-ROTULO
100
AcDbPolyline
 90
4
 70
1
 10
243.0
 20
200.19999999999996
 10
267.0
 20
200.19999999999996
 10
267.0
 20
204.79999999999995
 10
243.0
 20
204.79999999999995
  0
TEXT
  5
17E
330
17
100
AcDbEntity
  8
06-TEXTO
100
AcDbText
 10
255.0
 20
202.49999999999994
 30
0.0
 40
2.0
  1
ABC25-E4
  7
ISO3098
 72
1
 11
255.0
 21
202.49999999999994
 31
0.0
100
AcDbText
 73
2
  0
LWPOLYLINE
  5
17F
330
17
100
AcDbEntity
  8
10-ROTULO
100
AcDbPolyline
 90
4
 70
1
 10
267.0
 20
200.19999999999996
 10
343.0
 20
200.19999999999996
 10
343.0
 20
204.79999999999995
 10
267.0
 20
204.79999999999995
  0
TEXT
  5
180
330
17
100
AcDbEntity
  8
06-TEXTO
100
AcDbText
 10
305.0
 20
202.49999999999994
 30
0.0
 40
1.8
  1
Film stretch (fracción del pallet)
  7
ISO3098
 72
1
 11
305.0
 21
202.49999999999994
 31
0.0
100
AcDbText
 73
2
  0
LWPOLYLINE
  5
181
330
17
100
AcDbEntity
  8
10-ROTULO
100
AcDbPolyline
 90
4
 70
1
 10
343.0
 20
200.19999999999996
 10
360.0
 20
200.19999999999996
 10
360.0
 20
204.79999999999995
 10
343.0
 20
204.79999999999995
  0
TEXT
  5
182
330
17
100
AcDbEntity
  8
06-TEXTO
100
AcDbText
 10
351.5
 20
202.49999999999994
 30
0.0
 40
2.0
  1
0,01 kg
  7
ISO3098
 72
1
 11
351.5
 21
202.49999999999994
 31
0.0
100
AcDbText
 73
2
  0
LWPOLYLINE
  5
183
330
17
100
AcDbEntity
  8
10-ROTULO
100
AcDbPolyline
 90
4
 70
1
 10
360.0
 20
200.19999999999996
 10
408.0
 20
200.19999999999996
 10
408.0
 20
204.79999999999995
 10
360.0
 20
204.79999999999995
  0
TEXT
  5
184
330
17
100
AcDbEntity
  8
06-TEXTO
100
AcDbText
 10
384.0
 20
202.49999999999994
 30
0.0
 40
1.6
  1
PE lineal 23 µm
  7
ISO3098
 72
1
 11
384.0
 21
202.49999999999994
 31
0.0
100
AcDbText
 73
2
  0
LWPOLYLINE
  5
185
330
17
100
AcDbEntity
  8
10-ROTULO
100
AcDbPolyline
 90
4
 70
1
 10
233.0
 20
195.59999999999997
 10
243.0
 20
195.59999999999997
 10
243.0
 20
200.19999999999996
 10
233.0
 20
200.19999999999996
  0
TEXT
  5
186
330
17
100
AcDbEntity
  8
06-TEXTO
100
AcDbText
 10
234.5
 20
197.89999999999995
 30
0.0
 40
2.2
  1
E5
  7
ISO3098
 11
234.5
 21
197.89999999999995
 31
0.0
100
AcDbText
 73
2
  0
LWPOLYLINE
  5
187
330
17
100
AcDbEntity
  8
10-ROTULO
100
AcDbPolyline
 90
4
 70
1
 10
243.0
 20
195.59999999999997
 10
267.0
 20
195.59999999999997
 10
267.0
 20
200.19999999999996
 10
243.0
 20
200.19999999999996
  0
TEXT
  5
188
330
17
100
AcDbEntity
  8
06-TEXTO
100
AcDbText
 10
255.0
 20
197.89999999999995
 30
0.0
 40
2.0
  1
ABC25-E5
  7
ISO3098
 72
1
 11
255.0
 21
197.89999999999995
 31
0.0
100
AcDbText
 73
2
  0
LWPOLYLINE
  5
189
330
17
100
AcDbEntity
  8
10-ROTULO
100
AcDbPolyline
 90
4
 70
1
 10
267.0
 20
195.59999999999997
 10
343.0
 20
195.59999999999997
 10
343.0
 20
200.19999999999996
 10
267.0
 20
200.19999999999996
  0
TEXT
  5
18A
330
17
100
AcDbEntity
  8
06-TEXTO
100
AcDbText
 10
305.0
 20
197.89999999999995
 30
0.0
 40
1.8
  1
Etiqueta de pallet (lote y destino, fracci
  7
ISO3098
 72
1
 11
305.0
 21
197.89999999999995
 31
0.0
100
AcDbText
 73
2
  0
LWPOLYLINE
  5
18B
330
17
100
AcDbEntity
  8
10-ROTULO
100
AcDbPolyline
 90
4
 70
1
 10
343.0
 20
195.59999999999997
 10
360.0
 20
195.59999999999997
 10
360.0
 20
200.19999999999996
 10
343.0
 20
200.19999999999996
  0
TEXT
  5
18C
330
17
100
AcDbEntity
  8
06-TEXTO
100
AcDbText
 10
351.5
 20
197.89999999999995
 30
0.0
 40
2.0
  1
0,0833
  7
ISO3098
 72
1
 11
351.5
 21
197.89999999999995
 31
0.0
100
AcDbText
 73
2
  0
LWPOLYLINE
  5
18D
330
17
100
AcDbEntity
  8
10-ROTULO
100
AcDbPolyline
 90
4
 70
1
 10
360.0
 20
195.59999999999997
 10
408.0
 20
195.59999999999997
 10
408.0
 20
200.19999999999996
 10
360.0
 20
200.19999999999996
  0
TEXT
  5
18E
330
17
100
AcDbEntity
  8
06-TEXTO
100
AcDbText
 10
384.0
 20
197.89999999999995
 30
0.0
 40
1.6
  1
Papel térmico
  7
ISO3098
 72
1
 11
384.0
 21
197.89999999999995
 31
0.0
100
AcDbText
 73
2
  0
LWPOLYLINE
  5
18F
330
17
100
AcDbEntity
  8
10-ROTULO
100
AcDbPolyline
 90
4
 70
1
 10
233.0
 20
190.99999999999997
 10
243.0
 20
190.99999999999997
 10
243.0
 20
195.59999999999997
 10
233.0
 20
195.59999999999997
  0
TEXT
  5
190
330
17
100
AcDbEntity
  8
06-TEXTO
100
AcDbText
 10
234.5
 20
193.29999999999995
 30
0.0
 40
2.2
  1
E8
  7
ISO3098
 11
234.5
 21
193.29999999999995
 31
0.0
100
AcDbText
 73
2
  0
LWPOLYLINE
  5
191
330
17
100
AcDbEntity
  8
10-ROTULO
100
AcDbPolyline
 90
4
 70
1
 10
243.0
 20
190.99999999999997
 10
267.0
 20
190.99999999999997
 10
267.0
 20
195.59999999999997
 10
243.0
 20
195.59999999999997
  0
TEXT
  5
192
330
17
100
AcDbEntity
  8
06-TEXTO
100
AcDbText
 10
255.0
 20
193.29999999999995
 30
0.0
 40
2.0
  1
ABC25-E8
  7
ISO3098
 72
1
 11
255.0
 21
193.29999999999995
 31
0.0
100
AcDbText
 73
2
  0
LWPOLYLINE
  5
193
330
17
100
AcDbEntity
  8
10-ROTULO
100
AcDbPolyline
 90
4
 70
1
 10
267.0
 20
190.99999999999997
 10
343.0
 20
190.99999999999997
 10
343.0
 20
195.59999999999997
 10
267.0
 20
195.59999999999997
  0
TEXT
  5
194
330
17
100
AcDbEntity
  8
06-TEXTO
100
AcDbText
 10
305.0
 20
193.29999999999995
 30
0.0
 40
1.8
  1
Separador de capa de cartón 1200 × 1000 (f
  7
ISO3098
 72
1
 11
305.0
 21
193.29999999999995
 31
0.0
100
AcDbText
 73
2
  0
LWPOLYLINE
  5
195
330
17
100
AcDbEntity
  8
10-ROTULO
100
AcDbPolyline
 90
4
 70
1
 10
343.0
 20
190.99999999999997
 10
360.0
 20
190.99999999999997
 10
360.0
 20
195.59999999999997
 10
343.0
 20
195.59999999999997
  0
TEXT
  5
196
330
17
100
AcDbEntity
  8
06-TEXTO
100
AcDbText
 10
351.5
 20
193.29999999999995
 30
0.0
 40
2.0
  1
0
  7
ISO3098
 72
1
 11
351.5
 21
193.29999999999995
 31
0.0
100
AcDbText
 73
2
  0
LWPOLYLINE
  5
197
330
17
100
AcDbEntity
  8
10-ROTULO
100
AcDbPolyline
 90
4
 70
1
 10
360.0
 20
190.99999999999997
 10
408.0
 20
190.99999999999997
 10
408.0
 20
195.59999999999997
 10
360.0
 20
195.59999999999997
  0
TEXT
  5
198
330
17
100
AcDbEntity
  8
06-TEXTO
100
AcDbText
 10
384.0
 20
193.29999999999995
 30
0.0
 40
1.6
  1
Cartón
  7
ISO3098
 72
1
 11
384.0
 21
193.29999999999995
 31
0.0
100
AcDbText
 73
2
  0
TEXT
  5
199
330
17
100
AcDbEntity
  8
06-TEXTO
100
AcDbText
 10
233.0
 20
185.99999999999997
 30
0.0
 40
2.0
  1
NOTAS: 1) Medidas, pesos y normas: salida/bom/FLAMA_BOM.xlsx, hoja FL_REC_ABC_25kg.
  7
ISO3098
 11
233.0
 21
185.99999999999997
 31
0.0
100
AcDbText
 73
1
  0
TEXT
  5
19A
330
17
100
AcDbEntity
  8
06-TEXTO
100
AcDbText
 10
233.0
 20
181.99999999999997
 30
0.0
 40
2.0
  1
2) Sin globo: consumibles, marcado, protocolo y embalaje (no dibujados).
  7
ISO3098
 11
233.0
 21
181.99999999999997
 31
0.0
100
AcDbText
 73
1
  0
TEXT
  5
19B
330
17
100
AcDbEntity
  8
06-TEXTO
100
AcDbText
 10
233.0
 20
177.99999999999997
 30
0.0
 40
2.0
  1
3) Cordones de soldadura no se dibujan en el despiece.
  7
ISO3098
 11
233.0
 21
177.99999999999997
 31
0.0
100
AcDbText
 73
1
  0
LWPOLYLINE
  5
19C
330
17
100
AcDbEntity
  8
10-ROTULO
100
AcDbPolyline
 90
4
 70
1
 10
235.0
 20
56.0
 10
249.0
 20
56.0
 10
249.0
 20
61.0
 10
235.0
 20
61.0
  0
LWPOLYLINE
  5
19D
330
17
100
AcDbEntity
  8
10-ROTULO
100
AcDbPolyline
 90
4
 70
1
 10
249.0
 20
56.0
 10
265.0
 20
56.0
 10
265.0
 20
61.0
 10
249.0
 20
61.0
  0
TEXT
  5
19E
330
17
100
AcDbEntity
  8
11-TEXTO-ROTULO
100
AcDbText
 10
257.0
 20
58.5
 30
0.0
 40
2.5
  1
Fecha
  7
ISO3098
 72
1
 11
257.0
 21
58.5
 31
0.0
100
AcDbText
 73
2
  0
LWPOLYLINE
  5
19F
330
17
100
AcDbEntity
  8
10-ROTULO
100
AcDbPolyline
 90
4
 70
1
 10
265.0
 20
56.0
 10
290.0
 20
56.0
 10
290.0
 20
61.0
 10
265.0
 20
61.0
  0
TEXT
  5
1A0
330
17
100
AcDbEntity
  8
11-TEXTO-ROTULO
100
AcDbText
 10
277.5
 20
58.5
 30
0.0
 40
2.5
  1
Nombre
  7
ISO3098
 72
1
 11
277.5
 21
58.5
 31
0.0
100
AcDbText
 73
2
  0
LWPOLYLINE
  5
1A1
330
17
100
AcDbEntity
  8
10-ROTULO
100
AcDbPolyline
 90
4
 70
1
 10
235.0
 20
50.0
 10
249.0
 20
50.0
 10
249.0
 20
56.0
 10
235.0
 20
56.0
  0
TEXT
  5
1A2
330
17
100
AcDbEntity
  8
11-TEXTO-ROTULO
100
AcDbText
 10
236.5
 20
53.0
 30
0.0
 40
2.5
  1
Dibujó
  7
ISO3098
 11
236.5
 21
53.0
 31
0.0
100
AcDbText
 73
2
  0
LWPOLYLINE
  5
1A3
330
17
100
AcDbEntity
  8
10-ROTULO
100
AcDbPolyline
 90
4
 70
1
 10
249.0
 20
50.0
 10
265.0
 20
50.0
 10
265.0
 20
56.0
 10
249.0
 20
56.0
  0
TEXT
  5
1A4
330
17
100
AcDbEntity
  8
11-TEXTO-ROTULO
100
AcDbText
 10
257.0
 20
53.0
 30
0.0
 40
2.5
  1
28/09/26
  7
ISO3098
 72
1
 11
257.0
 21
53.0
 31
0.0
100
AcDbText
 73
2
  0
LWPOLYLINE
  5
1A5
330
17
100
AcDbEntity
  8
10-ROTULO
100
AcDbPolyline
 90
4
 70
1
 10
265.0
 20
50.0
 10
290.0
 20
50.0
 10
290.0
 20
56.0
 10
265.0
 20
56.0
  0
TEXT
  5
1A6
330
17
100
AcDbEntity
  8
11-TEXTO-ROTULO
100
AcDbText
 10
277.5
 20
53.0
 30
0.0
 40
2.5
  1
T. Sinay
  7
ISO3098
 72
1
 11
277.5
 21
53.0
 31
0.0
100
AcDbText
 73
2
  0
LWPOLYLINE
  5
1A7
330
17
100
AcDbEntity
  8
10-ROTULO
100
AcDbPolyline
 90
4
 70
1
 10
235.0
 20
44.0
 10
249.0
 20
44.0
 10
249.0
 20
50.0
 10
235.0
 20
50.0
  0
TEXT
  5
1A8
330
17
100
AcDbEntity
  8
11-TEXTO-ROTULO
100
AcDbText
 10
236.5
 20
47.0
 30
0.0
 40
2.5
  1
Revisó
  7
ISO3098
 11
236.5
 21
47.0
 31
0.0
100
AcDbText
 73
2
  0
LWPOLYLINE
  5
1A9
330
17
100
AcDbEntity
  8
10-ROTULO
100
AcDbPolyline
 90
4
 70
1
 10
249.0
 20
44.0
 10
265.0
 20
44.0
 10
265.0
 20
50.0
 10
249.0
 20
50.0
  0
LWPOLYLINE
  5
1AA
330
17
100
AcDbEntity
  8
10-ROTULO
100
AcDbPolyline
 90
4
 70
1
 10
265.0
 20
44.0
 10
290.0
 20
44.0
 10
290.0
 20
50.0
 10
265.0
 20
50.0
  0
LWPOLYLINE
  5
1AB
330
17
100
AcDbEntity
  8
10-ROTULO
100
AcDbPolyline
 90
4
 70
1
 10
235.0
 20
38.0
 10
249.0
 20
38.0
 10
249.0
 20
44.0
 10
235.0
 20
44.0
  0
TEXT
  5
1AC
330
17
100
AcDbEntity
  8
11-TEXTO-ROTULO
100
AcDbText
 10
236.5
 20
41.0
 30
0.0
 40
2.5
  1
Aprobó
  7
ISO3098
 11
236.5
 21
41.0
 31
0.0
100
AcDbText
 73
2
  0
LWPOLYLINE
  5
1AD
330
17
100
AcDbEntity
  8
10-ROTULO
100
AcDbPolyline
 90
4
 70
1
 10
249.0
 20
38.0
 10
265.0
 20
38.0
 10
265.0
 20
44.0
 10
249.0
 20
44.0
  0
LWPOLYLINE
  5
1AE
330
17
100
AcDbEntity
  8
10-ROTULO
100
AcDbPolyline
 90
4
 70
1
 10
265.0
 20
38.0
 10
290.0
 20
38.0
 10
290.0
 20
44.0
 10
265.0
 20
44.0
  0
LWPOLYLINE
  5
1AF
330
17
100
AcDbEntity
  8
10-ROTULO
100
AcDbPolyline
 90
4
 70
1
 10
235.0
 20
24.0
 10
255.0
 20
24.0
 10
255.0
 20
38.0
 10
235.0
 20
38.0
  0
TEXT
  5
1B0
330
17
100
AcDbEntity
  8
11-TEXTO-ROTULO
100
AcDbText
 10
236.0
 20
37.0
 30
0.0
 40
1.8
  1
Escala
  7
ISO3098
 11
236.0
 21
37.0
 31
0.0
100
AcDbText
 73
3
  0
TEXT
  5
1B1
330
17
100
AcDbEntity
  8
11-TEXTO-ROTULO
100
AcDbText
 10
245.0
 20
29.6
 30
0.0
 40
5.0
  1
1:5
  7
ISO3098
 72
1
 11
245.0
 21
29.6
 31
0.0
100
AcDbText
 73
2
  0
LWPOLYLINE
  5
1B2
330
17
100
AcDbEntity
  8
10-ROTULO
100
AcDbPolyline
 90
4
 70
1
 10
255.0
 20
24.0
 10
290.0
 20
24.0
 10
290.0
 20
38.0
 10
255.0
 20
38.0
  0
TEXT
  5
1B3
330
17
100
AcDbEntity
  8
11-TEXTO-ROTULO
100
AcDbText
 10
256.0
 20
37.0
 30
0.0
 40
1.8
  1
Método de proyección
  7
ISO3098
 11
256.0
 21
37.0
 31
0.0
100
AcDbText
 73
3
  0
CIRCLE
  5
1B4
330
17
100
AcDbEntity
  8
01-VISIBLE
100
AcDbCircle
 10
265.0
 20
29.5
 30
0.0
 40
2.5
  0
CIRCLE
  5
1B5
330
17
100
AcDbEntity
  8
01-VISIBLE
100
AcDbCircle
 10
265.0
 20
29.5
 30
0.0
 40
1.25
  0
LWPOLYLINE
  5
1B6
330
17
100
AcDbEntity
  8
01-VISIBLE
100
AcDbPolyline
 90
4
 70
1
 10
270.0
 20
27.0
 10
275.0
 20
28.25
 10
275.0
 20
30.75
 10
270.0
 20
32.0
  0
LINE
  5
1B7
330
17
100
AcDbEntity
  8
03-EJE
100
AcDbLine
 10
261.0
 20
29.5
 30
0.0
 11
276.5
 21
29.5
 31
0.0
  0
LINE
  5
1B8
330
17
100
AcDbEntity
  8
03-EJE
100
AcDbLine
 10
265.0
 20
25.5
 30
0.0
 11
265.0
 21
33.5
 31
0.0
  0
TEXT
  5
1B9
330
17
100
AcDbEntity
  8
11-TEXTO-ROTULO
100
AcDbText
 10
286.5
 20
29.5
 30
0.0
 40
2.5
  1
ISO E
  7
ISO3098
 72
2
 11
286.5
 21
29.5
 31
0.0
100
AcDbText
 73
2
  0
LWPOLYLINE
  5
1BA
330
17
100
AcDbEntity
  8
10-ROTULO
100
AcDbPolyline
 90
4
 70
1
 10
235.0
 20
10.0
 10
268.0
 20
10.0
 10
268.0
 20
24.0
 10
235.0
 20
24.0
  0
TEXT
  5
1BB
330
17
100
AcDbEntity
  8
11-TEXTO-ROTULO
100
AcDbText
 10
236.0
 20
23.0
 30
0.0
 40
1.8
  1
Tolerancias generales
  7
ISO3098
 11
236.0
 21
23.0
 31
0.0
100
AcDbText
 73
3
  0
TEXT
  5
1BC
330
17
100
AcDbEntity
  8
11-TEXTO-ROTULO
100
AcDbText
 10
251.5
 20
15.6
 30
0.0
 40
3.5
  1
ISO 2768-m
  7
ISO3098
 72
1
 11
251.5
 21
15.6
 31
0.0
100
AcDbText
 73
2
  0
LWPOLYLINE
  5
1BD
330
17
100
AcDbEntity
  8
10-ROTULO
100
AcDbPolyline
 90
4
 70
1
 10
268.0
 20
10.0
 10
290.0
 20
10.0
 10
290.0
 20
24.0
 10
268.0
 20
24.0
  0
TEXT
  5
1BE
330
17
100
AcDbEntity
  8
11-TEXTO-ROTULO
100
AcDbText
 10
269.0
 20
23.0
 30
0.0
 40
1.8
  1
Formato
  7
ISO3098
 11
269.0
 21
23.0
 31
0.0
100
AcDbText
 73
3
  0
TEXT
  5
1BF
330
17
100
AcDbEntity
  8
11-TEXTO-ROTULO
100
AcDbText
 10
279.0
 20
15.6
 30
0.0
 40
3.5
  1
A3
  7
ISO3098
 72
1
 11
279.0
 21
15.6
 31
0.0
100
AcDbText
 73
2
  0
LWPOLYLINE
  5
1C0
330
17
100
AcDbEntity
  8
10-ROTULO
100
AcDbPolyline
 90
4
 70
1
 10
290.0
 20
49.0
 10
360.0
 20
49.0
 10
360.0
 20
61.0
 10
290.0
 20
61.0
  0
TEXT
  5
1C1
330
17
100
AcDbEntity
  8
11-TEXTO-ROTULO
100
AcDbText
 10
291.0
 20
60.0
 30
0.0
 40
1.8
  1
Propietario
  7
ISO3098
 11
291.0
 21
60.0
 31
0.0
100
AcDbText
 73
3
  0
TEXT
  5
1C2
330
17
100
AcDbEntity
  8
11-TEXTO-ROTULO
100
AcDbText
 10
325.0
 20
53.6
 30
0.0
 40
5.0
  1
FLAMA S.A.
  7
ISO3098
 72
1
 11
325.0
 21
53.6
 31
0.0
100
AcDbText
 73
2
  0
LWPOLYLINE
  5
1C3
330
17
100
AcDbEntity
  8
10-ROTULO
100
AcDbPolyline
 90
4
 70
1
 10
290.0
 20
22.0
 10
360.0
 20
22.0
 10
360.0
 20
49.0
 10
290.0
 20
49.0
  0
TEXT
  5
1C4
330
17
100
AcDbEntity
  8
11-TEXTO-ROTULO
100
AcDbText
 10
291.0
 20
48.0
 30
0.0
 40
1.8
  1
Denominación
  7
ISO3098
 11
291.0
 21
48.0
 31
0.0
100
AcDbText
 73
3
  0
TEXT
  5
1C5
330
17
100
AcDbEntity
  8
11-TEXTO-ROTULO
100
AcDbText
 10
325.0
 20
35.0
 30
0.0
 40
3.5
  1
Despiece cilindro 25 kg
  7
ISO3098
 72
1
 11
325.0
 21
35.0
 31
0.0
100
AcDbText
 73
2
  0
TEXT
  5
1C6
330
17
100
AcDbEntity
  8
11-TEXTO-ROTULO
100
AcDbText
 10
325.0
 20
25.5
 30
0.0
 40
1.8
  1
Vista explosionada y lista (BOM)
  7
ISO3098
 72
1
 11
325.0
 21
25.5
 31
0.0
100
AcDbText
 73
2
  0
LWPOLYLINE
  5
1C7
330
17
100
AcDbEntity
  8
10-ROTULO
100
AcDbPolyline
 90
4
 70
1
 10
290.0
 20
10.0
 10
360.0
 20
10.0
 10
360.0
 20
22.0
 10
290.0
 20
22.0
  0
TEXT
  5
1C8
330
17
100
AcDbEntity
  8
11-TEXTO-ROTULO
100
AcDbText
 10
291.0
 20
21.0
 30
0.0
 40
1.8
  1
Tipo de documento
  7
ISO3098
 11
291.0
 21
21.0
 31
0.0
100
AcDbText
 73
3
  0
TEXT
  5
1C9
330
17
100
AcDbEntity
  8
11-TEXTO-ROTULO
100
AcDbText
 10
325.0
 20
14.6
 30
0.0
 40
3.5
  1
Plano de despiece
  7
ISO3098
 72
1
 11
325.0
 21
14.6
 31
0.0
100
AcDbText
 73
2
  0
LWPOLYLINE
  5
1CA
330
17
100
AcDbEntity
  8
10-ROTULO
100
AcDbPolyline
 90
4
 70
1
 10
360.0
 20
53.0
 10
410.0
 20
53.0
 10
410.0
 20
61.0
 10
360.0
 20
61.0
  0
TEXT
  5
1CB
330
17
100
AcDbEntity
  8
11-TEXTO-ROTULO
100
AcDbText
 10
361.0
 20
60.0
 30
0.0
 40
1.8
  1
Reemplaza a / Reemplazado por
  7
ISO3098
 11
361.0
 21
60.0
 31
0.0
100
AcDbText
 73
3
  0
TEXT
  5
1CC
330
17
100
AcDbEntity
  8
11-TEXTO-ROTULO
100
AcDbText
 10
385.0
 20
55.6
 30
0.0
 40
1.8
  1
-
  7
ISO3098
 72
1
 11
385.0
 21
55.6
 31
0.0
100
AcDbText
 73
2
  0
LWPOLYLINE
  5
1CD
330
17
100
AcDbEntity
  8
10-ROTULO
100
AcDbPolyline
 90
4
 70
1
 10
360.0
 20
43.0
 10
410.0
 20
43.0
 10
410.0
 20
53.0
 10
360.0
 20
53.0
  0
TEXT
  5
1CE
330
17
100
AcDbEntity
  8
11-TEXTO-ROTULO
100
AcDbText
 10
361.0
 20
52.0
 30
0.0
 40
1.8
  1
Material
  7
ISO3098
 11
361.0
 21
52.0
 31
0.0
100
AcDbText
 73
3
  0
TEXT
  5
1CF
330
17
100
AcDbEntity
  8
11-TEXTO-ROTULO
100
AcDbText
 10
385.0
 20
46.6
 30
0.0
 40
2.5
  1
Ver lista
  7
ISO3098
 72
1
 11
385.0
 21
46.6
 31
0.0
100
AcDbText
 73
2
  0
LWPOLYLINE
  5
1D0
330
17
100
AcDbEntity
  8
10-ROTULO
100
AcDbPolyline
 90
4
 70
1
 10
360.0
 20
33.0
 10
382.0
 20
33.0
 10
382.0
 20
43.0
 10
360.0
 20
43.0
  0
TEXT
  5
1D1
330
17
100
AcDbEntity
  8
11-TEXTO-ROTULO
100
AcDbText
 10
361.0
 20
42.0
 30
0.0
 40
1.8
  1
Edición
  7
ISO3098
 11
361.0
 21
42.0
 31
0.0
100
AcDbText
 73
3
  0
TEXT
  5
1D2
330
17
100
AcDbEntity
  8
11-TEXTO-ROTULO
100
AcDbText
 10
371.0
 20
36.6
 30
0.0
 40
3.5
  1
0
  7
ISO3098
 72
1
 11
371.0
 21
36.6
 31
0.0
100
AcDbText
 73
2
  0
LWPOLYLINE
  5
1D3
330
17
100
AcDbEntity
  8
10-ROTULO
100
AcDbPolyline
 90
4
 70
1
 10
382.0
 20
33.0
 10
410.0
 20
33.0
 10
410.0
 20
43.0
 10
382.0
 20
43.0
  0
TEXT
  5
1D4
330
17
100
AcDbEntity
  8
11-TEXTO-ROTULO
100
AcDbText
 10
383.0
 20
42.0
 30
0.0
 40
1.8
  1
Fecha de emisión
  7
ISO3098
 11
383.0
 21
42.0
 31
0.0
100
AcDbText
 73
3
  0
TEXT
  5
1D5
330
17
100
AcDbEntity
  8
11-TEXTO-ROTULO
100
AcDbText
 10
396.0
 20
36.6
 30
0.0
 40
2.5
  1
28/09/2026
  7
ISO3098
 72
1
 11
396.0
 21
36.6
 31
0.0
100
AcDbText
 73
2
  0
LWPOLYLINE
  5
1D6
330
17
100
AcDbEntity
  8
10-ROTULO
100
AcDbPolyline
 90
4
 70
1
 10
360.0
 20
23.0
 10
382.0
 20
23.0
 10
382.0
 20
33.0
 10
360.0
 20
33.0
  0
TEXT
  5
1D7
330
17
100
AcDbEntity
  8
11-TEXTO-ROTULO
100
AcDbText
 10
361.0
 20
32.0
 30
0.0
 40
1.8
  1
Hoja
  7
ISO3098
 11
361.0
 21
32.0
 31
0.0
100
AcDbText
 73
3
  0
TEXT
  5
1D8
330
17
100
AcDbEntity
  8
11-TEXTO-ROTULO
100
AcDbText
 10
371.0
 20
26.6
 30
0.0
 40
3.5
  1
1 / 1
  7
ISO3098
 72
1
 11
371.0
 21
26.6
 31
0.0
100
AcDbText
 73
2
  0
LWPOLYLINE
  5
1D9
330
17
100
AcDbEntity
  8
10-ROTULO
100
AcDbPolyline
 90
4
 70
1
 10
382.0
 20
23.0
 10
410.0
 20
23.0
 10
410.0
 20
33.0
 10
382.0
 20
33.0
  0
TEXT
  5
1DA
330
17
100
AcDbEntity
  8
11-TEXTO-ROTULO
100
AcDbText
 10
383.0
 20
32.0
 30
0.0
 40
1.8
  1
Idioma
  7
ISO3098
 11
383.0
 21
32.0
 31
0.0
100
AcDbText
 73
3
  0
TEXT
  5
1DB
330
17
100
AcDbEntity
  8
11-TEXTO-ROTULO
100
AcDbText
 10
396.0
 20
26.6
 30
0.0
 40
3.5
  1
es
  7
ISO3098
 72
1
 11
396.0
 21
26.6
 31
0.0
100
AcDbText
 73
2
  0
LWPOLYLINE
  5
1DC
330
17
100
AcDbEntity
  8
10-ROTULO
100
AcDbPolyline
 90
4
 70
1
 10
360.0
 20
10.0
 10
410.0
 20
10.0
 10
410.0
 20
23.0
 10
360.0
 20
23.0
  0
TEXT
  5
1DD
330
17
100
AcDbEntity
  8
11-TEXTO-ROTULO
100
AcDbText
 10
361.0
 20
22.0
 30
0.0
 40
1.8
  1
N° de plano
  7
ISO3098
 11
361.0
 21
22.0
 31
0.0
100
AcDbText
 73
3
  0
TEXT
  5
1DE
330
17
100
AcDbEntity
  8
11-TEXTO-ROTULO
100
AcDbText
 10
385.0
 20
15.1
 30
0.0
 40
3.0
  1
FL_DES_REC_ABC_25kg
  7
ISO3098
 72
1
 11
385.0
 21
15.1
 31
0.0
100
AcDbText
 73
2
  0
LWPOLYLINE
  5
1DF
330
17
100
AcDbEntity
  8
07-RECUADRO
100
AcDbPolyline
 90
4
 70
1
 10
235.0
 20
10.0
 10
410.0
 20
10.0
 10
410.0
 20
61.0
 10
235.0
 20
61.0
  0
VIEWPORT
  5
1E4
330
1E0
100
AcDbEntity
 67
1
  8
VIEWPORTS
100
AcDbViewport
 10
322560.0
 20
228096.0
 30
0.0
 40
709632.0
 41
501811.2
 68
1
 69
1
 12
322560.0
 22
228096.0
 13
0.0
 23
0.0
 14
10.0
 24
10.0
 15
10.0
 25
10.0
 16
0.0
 26
0.0
 36
1.0
 17
0.0
 27
0.0
 37
0.0
 42
50.0
 43
0.0
 44
0.0
 45
501811.2
 50
0.0
 51
0.0
 72
100
 90
557088
  1

281
0
 71
0
 74
0
110
0.0
120
0.0
130
0.0
111
1.0
121
0.0
131
0.0
112
0.0
122
1.0
132
0.0
 79
0
146
0.0
282
0
  0
VIEWPORT
  5
1E5
330
1E0
100
AcDbEntity
 67
1
  8
VIEWPORTS
100
AcDbViewport
 10
210.0
 20
148.5
 30
0.0
 40
420.0
 41
297.0
 68
2
 69
3
 12
210.0
 22
148.5
 13
0.0
 23
0.0
 14
10.0
 24
10.0
 15
10.0
 25
10.0
 16
0.0
 26
0.0
 36
1.0
 17
0.0
 27
0.0
 37
0.0
 42
50.0
 43
0.0
 44
0.0
 45
297.0
 50
0.0
 51
0.0
 72
100
 90
0
  1

281
0
 71
0
 74
0
110
0.0
120
0.0
130
0.0
111
1.0
121
0.0
131
0.0
112
0.0
122
1.0
132
0.0
 79
0
146
0.0
282
0
  0
ENDSEC
  0
SECTION
  2
OBJECTS
  0
DICTIONARY
  5
A
330
0
100
AcDbDictionary
281
1
  3
ACAD_COLOR
350
B
  3
ACAD_GROUP
350
C
  3
ACAD_LAYOUT
350
D
  3
ACAD_MATERIAL
350
E
  3
ACAD_MLEADERSTYLE
350
F
  3
ACAD_MLINESTYLE
350
10
  3
ACAD_PLOTSETTINGS
350
11
  3
ACAD_PLOTSTYLENAME
350
12
  3
ACAD_SCALELIST
350
14
  3
ACAD_TABLESTYLE
350
15
  3
ACAD_VISUALSTYLE
350
16
  3
EZDXF_META
350
2D
  0
DICTIONARY
  5
B
330
A
100
AcDbDictionary
281
1
  0
DICTIONARY
  5
C
330
A
100
AcDbDictionary
281
1
  0
DICTIONARY
  5
D
330
A
100
AcDbDictionary
281
1
  3
Model
350
1A
  3
Lamina
350
1E3
  0
DICTIONARY
  5
E
330
A
100
AcDbDictionary
281
1
  3
ByBlock
350
1F
  3
ByLayer
350
20
  3
Global
350
21
  0
DICTIONARY
  5
F
330
A
100
AcDbDictionary
281
1
  3
Standard
350
2C
  0
DICTIONARY
  5
10
330
A
100
AcDbDictionary
281
1
  3
Standard
350
22
  0
DICTIONARY
  5
11
330
A
100
AcDbDictionary
281
1
  0
ACDBDICTIONARYWDFLT
  5
12
330
A
100
AcDbDictionary
281
1
  3
Normal
350
13
100
AcDbDictionaryWithDefault
340
13
  0
ACDBPLACEHOLDER
  5
13
330
12
  0
DICTIONARY
  5
14
330
A
100
AcDbDictionary
281
1
  0
DICTIONARY
  5
15
330
A
100
AcDbDictionary
281
1
  0
DICTIONARY
  5
16
330
A
100
AcDbDictionary
281
1
  0
LAYOUT
  5
1A
330
D
100
AcDbPlotSettings
  1

  4
A3
  6

 40
7.5
 41
20.0
 42
7.5
 43
20.0
 44
420.0
 45
297.0
 46
0.0
 47
0.0
 48
0.0
 49
0.0
140
0.0
141
0.0
142
1.0
143
1.0
 70
1024
 72
1
 73
0
 74
5
  7

 75
16
 76
0
 77
2
 78
300
147
1.0
148
0.0
149
0.0
100
AcDbLayout
  1
Model
 70
1
 71
0
 10
0.0
 20
0.0
 11
420.0
 21
297.0
 12
0.0
 22
0.0
 32
0.0
 14
1e+20
 24
1e+20
 34
1e+20
 15
-1e+20
 25
-1e+20
 35
-1e+20
146
0.0
 13
0.0
 23
0.0
 33
0.0
 16
1.0
 26
0.0
 36
0.0
 17
0.0
 27
1.0
 37
0.0
 76
1
330
17
  0
MATERIAL
  5
1F
102
{ACAD_REACTORS
330
E
102
}
330
E
100
AcDbMaterial
  1
ByBlock
  2

 70
0
 40
1.0
 71
1
 41
1.0
 91
-1023410177
 42
1.0
 72
1
  3

 73
1
 74
1
 75
1
 44
0.5
 73
0
 45
1.0
 46
1.0
 77
1
  4

 78
1
 79
1
170
1
 48
1.0
171
1
  6

172
1
173
1
174
1
140
1.0
141
1.0
175
1
  7

176
1
177
1
178
1
143
1.0
179
1
  8

270
1
271
1
272
1
145
1.0
146
1.0
273
1
  9

274
1
275
1
276
1
 42
1.0
 72
1
  3

 73
1
 74
1
 75
1
 94
63
  0
MATERIAL
  5
20
102
{ACAD_REACTORS
330
E
102
}
330
E
100
AcDbMaterial
  1
ByLayer
  2

 70
0
 40
1.0
 71
1
 41
1.0
 91
-1023410177
 42
1.0
 72
1
  3

 73
1
 74
1
 75
1
 44
0.5
 73
0
 45
1.0
 46
1.0
 77
1
  4

 78
1
 79
1
170
1
 48
1.0
171
1
  6

172
1
173
1
174
1
140
1.0
141
1.0
175
1
  7

176
1
177
1
178
1
143
1.0
179
1
  8

270
1
271
1
272
1
145
1.0
146
1.0
273
1
  9

274
1
275
1
276
1
 42
1.0
 72
1
  3

 73
1
 74
1
 75
1
 94
63
  0
MATERIAL
  5
21
102
{ACAD_REACTORS
330
E
102
}
330
E
100
AcDbMaterial
  1
Global
  2

 70
0
 40
1.0
 71
1
 41
1.0
 91
-1023410177
 42
1.0
 72
1
  3

 73
1
 74
1
 75
1
 44
0.5
 73
0
 45
1.0
 46
1.0
 77
1
  4

 78
1
 79
1
170
1
 48
1.0
171
1
  6

172
1
173
1
174
1
140
1.0
141
1.0
175
1
  7

176
1
177
1
178
1
143
1.0
179
1
  8

270
1
271
1
272
1
145
1.0
146
1.0
273
1
  9

274
1
275
1
276
1
 42
1.0
 72
1
  3

 73
1
 74
1
 75
1
 94
63
  0
MLINESTYLE
  5
22
102
{ACAD_REACTORS
330
10
102
}
330
10
100
AcDbMlineStyle
  2
Standard
 70
0
  3

 62
256
 51
90.0
 52
90.0
 71
2
 49
0.5
 62
256
  6
BYLAYER
 49
-0.5
 62
256
  6
BYLAYER
  0
MLEADERSTYLE
  5
2C
102
{ACAD_REACTORS
330
F
102
}
330
F
100
AcDbMLeaderStyle
179
2
170
2
171
1
172
0
 90
2
 40
0.0
 41
0.0
173
1
 91
-1056964608
 92
-2
290
1
 42
2.0
291
1
 43
8.0
  3
Standard
 44
4.0
300

342
29
174
1
175
1
176
0
178
1
 93
-1056964608
 45
4.0
292
0
297
0
 46
4.0
 94
-1056964608
 47
1.0
 49
1.0
140
1.0
294
1
141
0.0
177
0
142
1.0
295
0
296
0
143
3.75
271
0
272
9
273
9
  0
DICTIONARY
  5
2D
330
A
100
AcDbDictionary
280
1
281
1
  3
CREATED_BY_EZDXF
350
2E
  3
WRITTEN_BY_EZDXF
350
1E8
  0
DICTIONARYVAR
  5
2E
330
2D
100
DictionaryVariables
280
0
  1
1.4.4 @ 2026-10-08T01:18:44.448867+00:00
  0
LAYOUT
  5
1E3
330
D
100
AcDbPlotSettings
  1

  2
DWG To PDF.pc3
  4
ISO_full_bleed_A3_(420.00_x_297.00_MM)_(420.00_x_297.00_MM)
  6

 40
0.0
 41
0.0
 42
0.0
 43
0.0
 44
420.0
 45
297.0
 46
0.0
 47
0.0
 48
0.0
 49
0.0
140
0.0
141
0.0
142
0.0078125
143
12.0
 70
672
 72
1
 73
0
 74
5
  7

 75
1
 76
0
 77
2
 78
300
147
1.0
148
0.0
149
0.0
100
AcDbLayout
  1
Lamina
 70
1
 71
3
 10
-0.0
 20
-0.0
 11
420.0
 21
297.0
 12
0.0
 22
0.0
 32
0.0
 14
1e+20
 24
1e+20
 34
1e+20
 15
-1e+20
 25
-1e+20
 35
-1e+20
146
0.0
 13
0.0
 23
0.0
 33
0.0
 16
1.0
 26
0.0
 36
0.0
 17
0.0
 27
1.0
 37
0.0
 76
1
330
1E0
331
1E4
  0
DICTIONARYVAR
  5
1E8
330
2D
100
DictionaryVariables
280
0
  1
1.4.4 @ 2026-10-08T01:18:44.619599+00:00
  0
ENDSEC
  0
EOF
