  0
SECTION
  2
HEADER
  9
$ACADVER
  1
AC1032
  9
$ACADMAINTVER
 90
4
  9
$DWGCODEPAGE
  3
ANSI_1252
  9
$LASTSAVEDBY
  1
ezdxf
  9
$REQUIREDVERSIONS
160
0
  9
$INSBASE
 10
0.0
 20
0.0
 30
0.0
  9
$EXTMIN
 10
1e+20
 20
1e+20
 30
1e+20
  9
$EXTMAX
 10
-1e+20
 20
-1e+20
 30
-1e+20
  9
$LIMMIN
 10
0.0
 20
0.0
  9
$LIMMAX
 10
420.0
 20
297.0
  9
$ORTHOMODE
 70
0
  9
$REGENMODE
 70
1
  9
$FILLMODE
 70
1
  9
$QTEXTMODE
 70
0
  9
$MIRRTEXT
 70
1
  9
$LTSCALE
 40
1.0
  9
$ATTMODE
 70
1
  9
$TEXTSIZE
 40
2.5
  9
$TRACEWID
 40
1.0
  9
$TEXTSTYLE
  7
Standard
  9
$CLAYER
  8
0
  9
$CELTYPE
  6
ByLayer
  9
$CECOLOR
 62
256
  9
$CELTSCALE
 40
1.0
  9
$DISPSILH
 70
0
  9
$DIMSCALE
 40
1.0
  9
$DIMASZ
 40
2.5
  9
$DIMEXO
 40
0.625
  9
$DIMDLI
 40
3.75
  9
$DIMRND
 40
0.0
  9
$DIMDLE
 40
0.0
  9
$DIMEXE
 40
1.25
  9
$DIMTP
 40
0.0
  9
$DIMTM
 40
0.0
  9
$DIMTXT
 40
2.5
  9
$DIMCEN
 40
2.5
  9
$DIMTSZ
 40
0.0
  9
$DIMTOL
 70
0
  9
$DIMLIM
 70
0
  9
$DIMTIH
 70
0
  9
$DIMTOH
 70
0
  9
$DIMSE1
 70
0
  9
$DIMSE2
 70
0
  9
$DIMTAD
 70
1
  9
$DIMZIN
 70
8
  9
$DIMBLK
  1

  9
$DIMASO
 70
1
  9
$DIMSHO
 70
1
  9
$DIMPOST
  1

  9
$DIMAPOST
  1

  9
$DIMALT
 70
0
  9
$DIMALTD
 70
3
  9
$DIMALTF
 40
0.03937007874
  9
$DIMLFAC
 40
1.0
  9
$DIMTOFL
 70
1
  9
$DIMTVP
 40
0.0
  9
$DIMTIX
 70
0
  9
$DIMSOXD
 70
0
  9
$DIMSAH
 70
0
  9
$DIMBLK1
  1

  9
$DIMBLK2
  1

  9
$DIMSTYLE
  2
ISO-25
  9
$DIMCLRD
 70
0
  9
$DIMCLRE
 70
0
  9
$DIMCLRT
 70
0
  9
$DIMTFAC
 40
1.0
  9
$DIMGAP
 40
0.625
  9
$DIMJUST
 70
0
  9
$DIMSD1
 70
0
  9
$DIMSD2
 70
0
  9
$DIMTOLJ
 70
0
  9
$DIMTZIN
 70
8
  9
$DIMALTZ
 70
0
  9
$DIMALTTZ
 70
0
  9
$DIMUPT
 70
0
  9
$DIMDEC
 70
2
  9
$DIMTDEC
 70
2
  9
$DIMALTU
 70
2
  9
$DIMALTTD
 70
3
  9
$DIMTXSTY
  7
Standard
  9
$DIMAUNIT
 70
0
  9
$DIMADEC
 70
0
  9
$DIMALTRND
 40
0.0
  9
$DIMAZIN
 70
0
  9
$DIMDSEP
 70
44
  9
$DIMATFIT
 70
3
  9
$DIMFRAC
 70
0
  9
$DIMLDRBLK
  1

  9
$DIMLUNIT
 70
2
  9
$DIMLWD
 70
-2
  9
$DIMLWE
 70
-2
  9
$DIMTMOVE
 70
0
  9
$DIMFXL
 40
1.0
  9
$DIMFXLON
 70
0
  9
$DIMJOGANG
 40
0.785398163397
  9
$DIMTFILL
 70
0
  9
$DIMTFILLCLR
 70
0
  9
$DIMARCSYM
 70
0
  9
$DIMLTYPE
  6

  9
$DIMLTEX1
  6

  9
$DIMLTEX2
  6

  9
$DIMTXTDIRECTION
 70
0
  9
$LUNITS
 70
2
  9
$LUPREC
 70
4
  9
$SKETCHINC
 40
1.0
  9
$FILLETRAD
 40
10.0
  9
$AUNITS
 70
0
  9
$AUPREC
 70
2
  9
$MENU
  1
.
  9
$ELEVATION
 40
0.0
  9
$PELEVATION
 40
0.0
  9
$THICKNESS
 40
0.0
  9
$LIMCHECK
 70
0
  9
$CHAMFERA
 40
0.0
  9
$CHAMFERB
 40
0.0
  9
$CHAMFERC
 40
0.0
  9
$CHAMFERD
 40
0.0
  9
$SKPOLY
 70
0
  9
$TDCREATE
 40
2461323.785497685
  9
$TDUCREATE
 40
2458532.153996898
  9
$TDUPDATE
 40
2461323.785497685
  9
$TDUUPDATE
 40
2458532.1544311
  9
$TDINDWG
 40
0.0
  9
$TDUSRTIMER
 40
0.0
  9
$USRTIMER
 70
1
  9
$ANGBASE
 50
0.0
  9
$ANGDIR
 70
0
  9
$PDMODE
 70
0
  9
$PDSIZE
 40
0.0
  9
$PLINEWID
 40
0.0
  9
$SPLFRAME
 70
0
  9
$SPLINETYPE
 70
6
  9
$SPLINESEGS
 70
8
  9
$HANDSEED
  5
203
  9
$SURFTAB1
 70
6
  9
$SURFTAB2
 70
6
  9
$SURFTYPE
 70
6
  9
$SURFU
 70
6
  9
$SURFV
 70
6
  9
$UCSBASE
  2

  9
$UCSNAME
  2

  9
$UCSORG
 10
0.0
 20
0.0
 30
0.0
  9
$UCSXDIR
 10
1.0
 20
0.0
 30
0.0
  9
$UCSYDIR
 10
0.0
 20
1.0
 30
0.0
  9
$UCSORTHOREF
  2

  9
$UCSORTHOVIEW
 70
0
  9
$UCSORGTOP
 10
0.0
 20
0.0
 30
0.0
  9
$UCSORGBOTTOM
 10
0.0
 20
0.0
 30
0.0
  9
$UCSORGLEFT
 10
0.0
 20
0.0
 30
0.0
  9
$UCSORGRIGHT
 10
0.0
 20
0.0
 30
0.0
  9
$UCSORGFRONT
 10
0.0
 20
0.0
 30
0.0
  9
$UCSORGBACK
 10
0.0
 20
0.0
 30
0.0
  9
$PUCSBASE
  2

  9
$PUCSNAME
  2

  9
$PUCSORG
 10
0.0
 20
0.0
 30
0.0
  9
$PUCSXDIR
 10
1.0
 20
0.0
 30
0.0
  9
$PUCSYDIR
 10
0.0
 20
1.0
 30
0.0
  9
$PUCSORTHOREF
  2

  9
$PUCSORTHOVIEW
 70
0
  9
$PUCSORGTOP
 10
0.0
 20
0.0
 30
0.0
  9
$PUCSORGBOTTOM
 10
0.0
 20
0.0
 30
0.0
  9
$PUCSORGLEFT
 10
0.0
 20
0.0
 30
0.0
  9
$PUCSORGRIGHT
 10
0.0
 20
0.0
 30
0.0
  9
$PUCSORGFRONT
 10
0.0
 20
0.0
 30
0.0
  9
$PUCSORGBACK
 10
0.0
 20
0.0
 30
0.0
  9
$USERI1
 70
0
  9
$USERI2
 70
0
  9
$USERI3
 70
0
  9
$USERI4
 70
0
  9
$USERI5
 70
0
  9
$USERR1
 40
0.0
  9
$USERR2
 40
0.0
  9
$USERR3
 40
0.0
  9
$USERR4
 40
0.0
  9
$USERR5
 40
0.0
  9
$WORLDVIEW
 70
1
  9
$SHADEDGE
 70
3
  9
$SHADEDIF
 70
70
  9
$TILEMODE
 70
1
  9
$MAXACTVP
 70
64
  9
$PINSBASE
 10
0.0
 20
0.0
 30
0.0
  9
$PLIMCHECK
 70
0
  9
$PEXTMIN
 10
1e+20
 20
1e+20
 30
1e+20
  9
$PEXTMAX
 10
-1e+20
 20
-1e+20
 30
-1e+20
  9
$PLIMMIN
 10
-0.0
 20
-0.0
  9
$PLIMMAX
 10
420.0
 20
297.0
  9
$UNITMODE
 70
0
  9
$VISRETAIN
 70
1
  9
$PLINEGEN
 70
0
  9
$PSLTSCALE
 70
0
  9
$TREEDEPTH
 70
3020
  9
$CMLSTYLE
  2
Standard
  9
$CMLJUST
 70
0
  9
$CMLSCALE
 40
20.0
  9
$PROXYGRAPHICS
 70
1
  9
$MEASUREMENT
 70
1
  9
$CELWEIGHT
370
-1
  9
$ENDCAPS
280
0
  9
$JOINSTYLE
280
0
  9
$LWDISPLAY
290
1
  9
$INSUNITS
 70
4
  9
$HYPERLINKBASE
  1

  9
$STYLESHEET
  1

  9
$XEDIT
290
1
  9
$CEPSNTYPE
380
0
  9
$PSTYLEMODE
290
1
  9
$FINGERPRINTGUID
  2
{583D6BA2-B1A1-455E-8BD6-1EC576B842B9}
  9
$VERSIONGUID
  2
{2C873628-EF02-47BD-9E78-0699105B6F48}
  9
$EXTNAMES
290
1
  9
$PSVPSCALE
 40
0.0
  9
$OLESTARTUP
290
0
  9
$SORTENTS
280
127
  9
$INDEXCTL
280
0
  9
$HIDETEXT
280
1
  9
$XCLIPFRAME
280
1
  9
$HALOGAP
280
0
  9
$OBSCOLOR
 70
257
  9
$OBSLTYPE
280
0
  9
$INTERSECTIONDISPLAY
280
0
  9
$INTERSECTIONCOLOR
 70
257
  9
$DIMASSOC
280
2
  9
$PROJECTNAME
  1

  9
$CAMERADISPLAY
290
0
  9
$LENSLENGTH
 40
50.0
  9
$CAMERAHEIGHT
 40
0.0
  9
$STEPSPERSEC
 40
24.0
  9
$STEPSIZE
 40
100.0
  9
$3DDWFPREC
 40
2.0
  9
$PSOLWIDTH
 40
0.005
  9
$PSOLHEIGHT
 40
0.08
  9
$LOFTANG1
 40
1.570796326795
  9
$LOFTANG2
 40
1.570796326795
  9
$LOFTMAG1
 40
0.0
  9
$LOFTMAG2
 40
0.0
  9
$LOFTPARAM
 70
7
  9
$LOFTNORMALS
280
1
  9
$LATITUDE
 40
37.795
  9
$LONGITUDE
 40
-122.394
  9
$NORTHDIRECTION
 40
0.0
  9
$TIMEZONE
 70
-8000
  9
$LIGHTGLYPHDISPLAY
280
1
  9
$TILEMODELIGHTSYNCH
280
1
  9
$CMATERIAL
347
20
  9
$SOLIDHIST
280
0
  9
$SHOWHIST
280
1
  9
$DWFFRAME
280
2
  9
$DGNFRAME
280
2
  9
$REALWORLDSCALE
290
1
  9
$INTERFERECOLOR
 62
256
  9
$CSHADOW
280
0
  9
$SHADOWPLANELOCATION
 40
0.0
  0
ENDSEC
  0
SECTION
  2
CLASSES
  0
CLASS
  1
ACDBDICTIONARYWDFLT
  2
AcDbDictionaryWithDefault
  3
ObjectDBX Classes
 90
0
 91
0
280
0
281
0
  0
CLASS
  1
SUN
  2
AcDbSun
  3
SCENEOE
 90
1153
 91
0
280
0
281
0
  0
CLASS
  1
VISUALSTYLE
  2
AcDbVisualStyle
  3
ObjectDBX Classes
 90
4095
 91
0
280
0
281
0
  0
CLASS
  1
MATERIAL
  2
AcDbMaterial
  3
ObjectDBX Classes
 90
1153
 91
0
280
0
281
0
  0
CLASS
  1
SCALE
  2
AcDbScale
  3
ObjectDBX Classes
 90
1153
 91
0
280
0
281
0
  0
CLASS
  1
TABLESTYLE
  2
AcDbTableStyle
  3
ObjectDBX Classes
 90
4095
 91
0
280
0
281
0
  0
CLASS
  1
MLEADERSTYLE
  2
AcDbMLeaderStyle
  3
ACDB_MLEADERSTYLE_CLASS
 90
4095
 91
0
280
0
281
0
  0
CLASS
  1
DICTIONARYVAR
  2
AcDbDictionaryVar
  3
ObjectDBX Classes
 90
0
 91
0
280
0
281
0
  0
CLASS
  1
CELLSTYLEMAP
  2
AcDbCellStyleMap
  3
ObjectDBX Classes
 90
1152
 91
0
280
0
281
0
  0
CLASS
  1
MENTALRAYRENDERSETTINGS
  2
AcDbMentalRayRenderSettings
  3
SCENEOE
 90
1024
 91
0
280
0
281
0
  0
CLASS
  1
ACDBDETAILVIEWSTYLE
  2
AcDbDetailViewStyle
  3
ObjectDBX Classes
 90
1025
 91
0
280
0
281
0
  0
CLASS
  1
ACDBSECTIONVIEWSTYLE
  2
AcDbSectionViewStyle
  3
ObjectDBX Classes
 90
1025
 91
0
280
0
281
0
  0
CLASS
  1
RASTERVARIABLES
  2
AcDbRasterVariables
  3
ISM
 90
0
 91
0
280
0
281
0
  0
CLASS
  1
LAYOUT
  2
AcDbLayout
  3
ObjectDBX Classes
 90
0
 91
0
280
0
281
0
  0
CLASS
  1
ACDBPLACEHOLDER
  2
AcDbPlaceHolder
  3
ObjectDBX Classes
 90
0
 91
0
280
0
281
0
  0
ENDSEC
  0
SECTION
  2
TABLES
  0
TABLE
  2
VPORT
  5
8
330
0
100
AcDbSymbolTable
 70
1
  0
VPORT
  5
23
330
8
100
AcDbSymbolTableRecord
100
AcDbViewportTableRecord
  2
*Active
 70
0
 10
0.0
 20
0.0
 11
1.0
 21
1.0
 12
0.0
 22
0.0
 13
0.0
 23
0.0
 14
0.5
 24
0.5
 15
0.5
 25
0.5
 16
0.0
 26
0.0
 36
1.0
 17
0.0
 27
0.0
 37
0.0
 40
1000.0
 41
1.34
 42
50.0
 43
0.0
 44
0.0
 50
0.0
 51
0.0
 71
0
 72
1000
 73
1
 74
3
 75
0
 76
0
 77
0
 78
0
281
0
 65
0
146
0.0
  0
ENDTAB
  0
TABLE
  2
LTYPE
  5
2
330
0
100
AcDbSymbolTable
 70
5
  0
LTYPE
  5
24
330
2
100
AcDbSymbolTableRecord
100
AcDbLinetypeTableRecord
  2
ByBlock
 70
0
  3

 72
65
 73
0
 40
0.0
  0
LTYPE
  5
25
330
2
100
AcDbSymbolTableRecord
100
AcDbLinetypeTableRecord
  2
ByLayer
 70
0
  3

 72
65
 73
0
 40
0.0
  0
LTYPE
  5
26
330
2
100
AcDbSymbolTableRecord
100
AcDbLinetypeTableRecord
  2
Continuous
 70
0
  3

 72
65
 73
0
 40
0.0
  0
LTYPE
  5
2F
330
2
100
AcDbSymbolTableRecord
100
AcDbLinetypeTableRecord
  2
IRAM-E-TRAZOS
 70
0
  3
IRAM 4502 E - trazos __ __ __
 72
65
 73
2
 40
5.0
 49
4.0
 74
0
 49
-1.0
 74
0
  0
LTYPE
  5
30
330
2
100
AcDbSymbolTableRecord
100
AcDbLinetypeTableRecord
  2
IRAM-F-TRAZO-PUNTO
 70
0
  3
IRAM 4502 F - trazo largo y trazo corto ____ _ ____
 72
65
 73
4
 40
20.0
 49
15.0
 74
0
 49
-2.0
 74
0
 49
1.0
 74
0
 49
-2.0
 74
0
  0
ENDTAB
  0
TABLE
  2
LAYER
  5
1
330
0
100
AcDbSymbolTable
 70
14
  0
LAYER
  5
27
330
1
100
AcDbSymbolTableRecord
100
AcDbLayerTableRecord
  2
0
 70
0
 62
7
  6
Continuous
370
-3
390
13
347
21
  0
LAYER
  5
28
330
1
100
AcDbSymbolTableRecord
100
AcDbLayerTableRecord
  2
Defpoints
 70
0
 62
7
  6
Continuous
290
0
370
-3
390
13
347
21
  0
LAYER
  5
31
330
1
100
AcDbSymbolTableRecord
100
AcDbLayerTableRecord
  2
01-VISIBLE
 70
0
 62
7
  6
CONTINUOUS
370
70
390
13
347
21
1001
AcAecLayerStandard
1000

1000
A continua gruesa: contornos y aristas visibles
  0
LAYER
  5
33
330
1
100
AcDbSymbolTableRecord
100
AcDbLayerTableRecord
  2
02-OCULTA
 70
0
 62
4
  6
IRAM-E-TRAZOS
370
35
390
13
347
21
1001
AcAecLayerStandard
1000

1000
E de trazos media: contornos y aristas ocultos
  0
LAYER
  5
34
330
1
100
AcDbSymbolTableRecord
100
AcDbLayerTableRecord
  2
03-EJE
 70
0
 62
1
  6
IRAM-F-TRAZO-PUNTO
370
18
390
13
347
21
1001
AcAecLayerStandard
1000

1000
F trazo largo y corto fina: ejes, simetrías, trayectorias
  0
LAYER
  5
35
330
1
100
AcDbSymbolTableRecord
100
AcDbLayerTableRecord
  2
04-COTA
 70
0
 62
3
  6
CONTINUOUS
370
18
390
13
347
21
1001
AcAecLayerStandard
1000

1000
B continua fina: líneas de cota y auxiliares
  0
LAYER
  5
36
330
1
100
AcDbSymbolTableRecord
100
AcDbLayerTableRecord
  2
05-RAYADO
 70
0
 62
8
  6
CONTINUOUS
370
18
390
13
347
21
1001
AcAecLayerStandard
1000

1000
B continua fina: rayados IRAM 4509
  0
LAYER
  5
37
330
1
100
AcDbSymbolTableRecord
100
AcDbLayerTableRecord
  2
06-TEXTO
 70
0
 62
7
  6
CONTINUOUS
370
25
390
13
347
21
1001
AcAecLayerStandard
1000

1000
Escritura IRAM 4503 tipo B (trazo h/10)
  0
LAYER
  5
38
330
1
100
AcDbSymbolTableRecord
100
AcDbLayerTableRecord
  2
07-RECUADRO
 70
0
 62
7
  6
CONTINUOUS
370
70
390
13
347
21
1001
AcAecLayerStandard
1000

1000
Recuadro IRAM 4504
  0
LAYER
  5
39
330
1
100
AcDbSymbolTableRecord
100
AcDbLayerTableRecord
  2
08-FINA
 70
0
 62
5
  6
CONTINUOUS
370
18
390
13
347
21
1001
AcAecLayerStandard
1000

1000
B continua fina: referencias, fondos de rosca, contornos de detalle
  0
LAYER
  5
3A
330
1
100
AcDbSymbolTableRecord
100
AcDbLayerTableRecord
  2
09-PLANO-CORTE
 70
0
 62
1
  6
IRAM-F-TRAZO-PUNTO
370
18
390
13
347
21
1001
AcAecLayerStandard
1000

1000
G trazo largo y corto fina con extremos gruesos: planos de corte
  0
LAYER
  5
3B
330
1
100
AcDbSymbolTableRecord
100
AcDbLayerTableRecord
  2
10-ROTULO
 70
0
 62
7
  6
CONTINUOUS
370
35
390
13
347
21
1001
AcAecLayerStandard
1000

1000
Rótulo y lista de materiales IRAM 4508
  0
LAYER
  5
3C
330
1
100
AcDbSymbolTableRecord
100
AcDbLayerTableRecord
  2
11-TEXTO-ROTULO
 70
0
 62
7
  6
CONTINUOUS
370
25
390
13
347
21
1001
AcAecLayerStandard
1000

1000
Escritura del rótulo
  0
LAYER
  5
3D
330
1
100
AcDbSymbolTableRecord
100
AcDbLayerTableRecord
  2
12-SOLDADURA
 70
0
 62
6
  6
CONTINUOUS
370
18
390
13
347
21
1001
AcAecLayerStandard
1000

1000
Símbolos de soldadura
  0
ENDTAB
  0
TABLE
  2
STYLE
  5
5
330
0
100
AcDbSymbolTable
 70
2
  0
STYLE
  5
29
330
5
100
AcDbSymbolTableRecord
100
AcDbTextStyleTableRecord
  2
Standard
 70
0
 40
0.0
 41
1.0
 50
0.0
 71
0
 42
2.5
  3
txt
  4

  0
STYLE
  5
3E
330
5
100
AcDbSymbolTableRecord
100
AcDbTextStyleTableRecord
  2
ISO3098
 70
0
 40
0.0
 41
1.0
 50
0.0
 71
0
 42
2.5
  3
isocpeur.ttf
  4

  0
ENDTAB
  0
TABLE
  2
VIEW
  5
7
330
0
100
AcDbSymbolTable
 70
0
  0
ENDTAB
  0
TABLE
  2
UCS
  5
6
330
0
100
AcDbSymbolTable
 70
0
  0
ENDTAB
  0
TABLE
  2
APPID
  5
3
330
0
100
AcDbSymbolTable
 70
4
  0
APPID
  5
2A
330
3
100
AcDbSymbolTableRecord
100
AcDbRegAppTableRecord
  2
ACAD
 70
0
  0
APPID
  5
32
330
3
100
AcDbSymbolTableRecord
100
AcDbRegAppTableRecord
  2
AcAecLayerStandard
 70
0
  0
APPID
  5
200
330
3
100
AcDbSymbolTableRecord
100
AcDbRegAppTableRecord
  2
HATCHBACKGROUNDCOLOR
 70
0
  0
APPID
  5
201
330
3
100
AcDbSymbolTableRecord
100
AcDbRegAppTableRecord
  2
EZDXF
 70
0
  0
ENDTAB
  0
TABLE
  2
DIMSTYLE
  5
4
330
0
100
AcDbSymbolTable
 70
2
100
AcDbDimStyleTable
  0
DIMSTYLE
105
2B
330
4
100
AcDbSymbolTableRecord
100
AcDbDimStyleTableRecord
  2
Standard
 70
0
 40
1.0
 41
2.5
 42
0.625
 43
3.75
 44
1.25
 45
0.0
 46
0.0
 47
0.0
 48
0.0
 49
2.5
140
2.5
141
2.5
142
0.0
143
0.03937007874
144
1.0
145
0.0
146
1.0
147
0.625
148
0.0
 69
0
 70
0
 71
0
 72
0
 73
0
 74
0
 75
0
 76
0
 77
1
 78
8
 79
3
170
0
171
3
172
1
173
0
174
0
175
0
176
0
177
0
178
0
179
2
271
2
272
2
273
2
274
3
275
0
276
0
277
2
278
44
279
0
280
0
281
0
282
0
283
0
284
8
285
0
286
0
288
0
289
3
290
0
371
-2
372
-2
  0
DIMSTYLE
105
43
330
4
100
AcDbSymbolTableRecord
100
AcDbDimStyleTableRecord
  2
FLAMA-IRAM
 70
0
 40
1.0
 41
3.5
 42
1.5
 43
3.75
 44
2.0
 45
0.0
 46
0.0
 47
0.0
 48
0.0
 49
2.5
140
3.5
141
2.5
142
0.0
143
0.03937007874
144
1.0
145
0.0
146
1.0
147
1.0
148
0.0
 69
0
 70
0
 71
0
 72
0
 73
0
 74
0
 75
0
 76
0
 77
1
 78
8
 79
3
170
0
171
3
172
1
173
0
174
0
175
0
176
3
177
3
178
3
179
2
271
1
272
2
273
2
274
3
275
0
276
0
277
2
278
44
279
0
280
0
281
0
282
0
283
0
284
8
285
0
286
0
288
0
289
3
290
0
340
3E
342
3F
343
3F
344
3F
371
18
372
18
  0
ENDTAB
  0
TABLE
  2
BLOCK_RECORD
  5
9
330
0
100
AcDbSymbolTable
 70
3
  0
BLOCK_RECORD
  5
17
330
9
100
AcDbSymbolTableRecord
100
AcDbBlockTableRecord
  2
*Model_Space
340
1A
 70
0
280
1
281
0
  0
BLOCK_RECORD
  5
3F
330
9
100
AcDbSymbolTableRecord
100
AcDbBlockTableRecord
  2
IRAM_FLECHA
340
0
 70
0
280
1
281
0
  0
BLOCK_RECORD
  5
1FA
330
9
100
AcDbSymbolTableRecord
100
AcDbBlockTableRecord
  2
*Paper_Space
340
1FD
 70
0
280
1
281
0
  0
ENDTAB
  0
ENDSEC
  0
SECTION
  2
BLOCKS
  0
BLOCK
  5
18
330
17
100
AcDbEntity
  8
0
100
AcDbBlockBegin
  2
*Model_Space
 70
0
 10
0.0
 20
0.0
 30
0.0
  3
*Model_Space
  1

  0
ENDBLK
  5
19
330
17
100
AcDbEntity
  8
0
100
AcDbBlockEnd
  0
BLOCK
  5
40
330
3F
100
AcDbEntity
  8
0
100
AcDbBlockBegin
  2
IRAM_FLECHA
 70
0
 10
0.0
 20
0.0
 30
0.0
  3
IRAM_FLECHA
  1

  0
SOLID
  5
42
330
3F
100
AcDbEntity
  8
0
100
AcDbTrace
 10
0.0
 20
0.0
 30
0.0
 11
-1.0
 21
0.125
 31
0.0
 12
-1.0
 22
-0.125
 32
0.0
 13
-1.0
 23
-0.125
 33
0.0
  0
ENDBLK
  5
41
330
3F
100
AcDbEntity
  8
0
100
AcDbBlockEnd
  0
BLOCK
  5
1FB
330
1FA
100
AcDbEntity
  8
0
100
AcDbBlockBegin
  2
*Paper_Space
 70
0
 10
0.0
 20
0.0
 30
0.0
  3
*Paper_Space
  1

  0
ENDBLK
  5
1FC
330
1FA
100
AcDbEntity
  8
0
100
AcDbBlockEnd
  0
ENDSEC
  0
SECTION
  2
ENTITIES
  0
LWPOLYLINE
  5
44
330
17
100
AcDbEntity
  8
08-FINA
100
AcDbPolyline
 90
4
 70
1
 10
0.0
 20
0.0
 10
420.0
 20
0.0
 10
420.0
 20
297.0
 10
0.0
 20
297.0
  0
LWPOLYLINE
  5
45
330
17
100
AcDbEntity
  8
07-RECUADRO
100
AcDbPolyline
 90
4
 70
1
 10
25.0
 20
10.0
 10
410.0
 20
10.0
 10
410.0
 20
287.0
 10
25.0
 20
287.0
  0
LINE
  5
46
330
17
100
AcDbEntity
  8
07-RECUADRO
100
AcDbLine
 10
210.0
 20
0.0
 30
0.0
 11
210.0
 21
15.0
 31
0.0
  0
LINE
  5
47
330
17
100
AcDbEntity
  8
07-RECUADRO
100
AcDbLine
 10
210.0
 20
297.0
 30
0.0
 11
210.0
 21
282.0
 31
0.0
  0
LINE
  5
48
330
17
100
AcDbEntity
  8
07-RECUADRO
100
AcDbLine
 10
0.0
 20
148.5
 30
0.0
 11
30.0
 21
148.5
 31
0.0
  0
LINE
  5
49
330
17
100
AcDbEntity
  8
07-RECUADRO
100
AcDbLine
 10
420.0
 20
148.5
 30
0.0
 11
405.0
 21
148.5
 31
0.0
  0
LINE
  5
4A
330
17
100
AcDbEntity
  8
08-FINA
100
AcDbLine
 10
60.0
 20
10.0
 30
0.0
 11
60.0
 21
5.0
 31
0.0
  0
LINE
  5
4B
330
17
100
AcDbEntity
  8
08-FINA
100
AcDbLine
 10
60.0
 20
287.0
 30
0.0
 11
60.0
 21
292.0
 31
0.0
  0
LINE
  5
4C
330
17
100
AcDbEntity
  8
08-FINA
100
AcDbLine
 10
110.0
 20
10.0
 30
0.0
 11
110.0
 21
5.0
 31
0.0
  0
LINE
  5
4D
330
17
100
AcDbEntity
  8
08-FINA
100
AcDbLine
 10
110.0
 20
287.0
 30
0.0
 11
110.0
 21
292.0
 31
0.0
  0
LINE
  5
4E
330
17
100
AcDbEntity
  8
08-FINA
100
AcDbLine
 10
160.0
 20
10.0
 30
0.0
 11
160.0
 21
5.0
 31
0.0
  0
LINE
  5
4F
330
17
100
AcDbEntity
  8
08-FINA
100
AcDbLine
 10
160.0
 20
287.0
 30
0.0
 11
160.0
 21
292.0
 31
0.0
  0
LINE
  5
50
330
17
100
AcDbEntity
  8
08-FINA
100
AcDbLine
 10
260.0
 20
10.0
 30
0.0
 11
260.0
 21
5.0
 31
0.0
  0
LINE
  5
51
330
17
100
AcDbEntity
  8
08-FINA
100
AcDbLine
 10
260.0
 20
287.0
 30
0.0
 11
260.0
 21
292.0
 31
0.0
  0
LINE
  5
52
330
17
100
AcDbEntity
  8
08-FINA
100
AcDbLine
 10
310.0
 20
10.0
 30
0.0
 11
310.0
 21
5.0
 31
0.0
  0
LINE
  5
53
330
17
100
AcDbEntity
  8
08-FINA
100
AcDbLine
 10
310.0
 20
287.0
 30
0.0
 11
310.0
 21
292.0
 31
0.0
  0
LINE
  5
54
330
17
100
AcDbEntity
  8
08-FINA
100
AcDbLine
 10
360.0
 20
10.0
 30
0.0
 11
360.0
 21
5.0
 31
0.0
  0
LINE
  5
55
330
17
100
AcDbEntity
  8
08-FINA
100
AcDbLine
 10
360.0
 20
287.0
 30
0.0
 11
360.0
 21
292.0
 31
0.0
  0
LINE
  5
56
330
17
100
AcDbEntity
  8
08-FINA
100
AcDbLine
 10
25.0
 20
48.5
 30
0.0
 11
20.0
 21
48.5
 31
0.0
  0
LINE
  5
57
330
17
100
AcDbEntity
  8
08-FINA
100
AcDbLine
 10
410.0
 20
48.5
 30
0.0
 11
415.0
 21
48.5
 31
0.0
  0
LINE
  5
58
330
17
100
AcDbEntity
  8
08-FINA
100
AcDbLine
 10
25.0
 20
98.5
 30
0.0
 11
20.0
 21
98.5
 31
0.0
  0
LINE
  5
59
330
17
100
AcDbEntity
  8
08-FINA
100
AcDbLine
 10
410.0
 20
98.5
 30
0.0
 11
415.0
 21
98.5
 31
0.0
  0
LINE
  5
5A
330
17
100
AcDbEntity
  8
08-FINA
100
AcDbLine
 10
25.0
 20
198.5
 30
0.0
 11
20.0
 21
198.5
 31
0.0
  0
LINE
  5
5B
330
17
100
AcDbEntity
  8
08-FINA
100
AcDbLine
 10
410.0
 20
198.5
 30
0.0
 11
415.0
 21
198.5
 31
0.0
  0
LINE
  5
5C
330
17
100
AcDbEntity
  8
08-FINA
100
AcDbLine
 10
25.0
 20
248.5
 30
0.0
 11
20.0
 21
248.5
 31
0.0
  0
LINE
  5
5D
330
17
100
AcDbEntity
  8
08-FINA
100
AcDbLine
 10
410.0
 20
248.5
 30
0.0
 11
415.0
 21
248.5
 31
0.0
  0
TEXT
  5
5E
330
17
100
AcDbEntity
  8
06-TEXTO
100
AcDbText
 10
42.5
 20
5.0
 30
0.0
 40
3.5
  1
1
  7
ISO3098
 72
1
 11
42.5
 21
5.0
 31
0.0
100
AcDbText
 73
2
  0
TEXT
  5
5F
330
17
100
AcDbEntity
  8
06-TEXTO
100
AcDbText
 10
42.5
 20
292.0
 30
0.0
 40
3.5
  1
1
  7
ISO3098
 72
1
 11
42.5
 21
292.0
 31
0.0
100
AcDbText
 73
2
  0
TEXT
  5
60
330
17
100
AcDbEntity
  8
06-TEXTO
100
AcDbText
 10
85.0
 20
5.0
 30
0.0
 40
3.5
  1
2
  7
ISO3098
 72
1
 11
85.0
 21
5.0
 31
0.0
100
AcDbText
 73
2
  0
TEXT
  5
61
330
17
100
AcDbEntity
  8
06-TEXTO
100
AcDbText
 10
85.0
 20
292.0
 30
0.0
 40
3.5
  1
2
  7
ISO3098
 72
1
 11
85.0
 21
292.0
 31
0.0
100
AcDbText
 73
2
  0
TEXT
  5
62
330
17
100
AcDbEntity
  8
06-TEXTO
100
AcDbText
 10
135.0
 20
5.0
 30
0.0
 40
3.5
  1
3
  7
ISO3098
 72
1
 11
135.0
 21
5.0
 31
0.0
100
AcDbText
 73
2
  0
TEXT
  5
63
330
17
100
AcDbEntity
  8
06-TEXTO
100
AcDbText
 10
135.0
 20
292.0
 30
0.0
 40
3.5
  1
3
  7
ISO3098
 72
1
 11
135.0
 21
292.0
 31
0.0
100
AcDbText
 73
2
  0
TEXT
  5
64
330
17
100
AcDbEntity
  8
06-TEXTO
100
AcDbText
 10
185.0
 20
5.0
 30
0.0
 40
3.5
  1
4
  7
ISO3098
 72
1
 11
185.0
 21
5.0
 31
0.0
100
AcDbText
 73
2
  0
TEXT
  5
65
330
17
100
AcDbEntity
  8
06-TEXTO
100
AcDbText
 10
185.0
 20
292.0
 30
0.0
 40
3.5
  1
4
  7
ISO3098
 72
1
 11
185.0
 21
292.0
 31
0.0
100
AcDbText
 73
2
  0
TEXT
  5
66
330
17
100
AcDbEntity
  8
06-TEXTO
100
AcDbText
 10
235.0
 20
5.0
 30
0.0
 40
3.5
  1
5
  7
ISO3098
 72
1
 11
235.0
 21
5.0
 31
0.0
100
AcDbText
 73
2
  0
TEXT
  5
67
330
17
100
AcDbEntity
  8
06-TEXTO
100
AcDbText
 10
235.0
 20
292.0
 30
0.0
 40
3.5
  1
5
  7
ISO3098
 72
1
 11
235.0
 21
292.0
 31
0.0
100
AcDbText
 73
2
  0
TEXT
  5
68
330
17
100
AcDbEntity
  8
06-TEXTO
100
AcDbText
 10
285.0
 20
5.0
 30
0.0
 40
3.5
  1
6
  7
ISO3098
 72
1
 11
285.0
 21
5.0
 31
0.0
100
AcDbText
 73
2
  0
TEXT
  5
69
330
17
100
AcDbEntity
  8
06-TEXTO
100
AcDbText
 10
285.0
 20
292.0
 30
0.0
 40
3.5
  1
6
  7
ISO3098
 72
1
 11
285.0
 21
292.0
 31
0.0
100
AcDbText
 73
2
  0
TEXT
  5
6A
330
17
100
AcDbEntity
  8
06-TEXTO
100
AcDbText
 10
335.0
 20
5.0
 30
0.0
 40
3.5
  1
7
  7
ISO3098
 72
1
 11
335.0
 21
5.0
 31
0.0
100
AcDbText
 73
2
  0
TEXT
  5
6B
330
17
100
AcDbEntity
  8
06-TEXTO
100
AcDbText
 10
335.0
 20
292.0
 30
0.0
 40
3.5
  1
7
  7
ISO3098
 72
1
 11
335.0
 21
292.0
 31
0.0
100
AcDbText
 73
2
  0
TEXT
  5
6C
330
17
100
AcDbEntity
  8
06-TEXTO
100
AcDbText
 10
385.0
 20
5.0
 30
0.0
 40
3.5
  1
8
  7
ISO3098
 72
1
 11
385.0
 21
5.0
 31
0.0
100
AcDbText
 73
2
  0
TEXT
  5
6D
330
17
100
AcDbEntity
  8
06-TEXTO
100
AcDbText
 10
385.0
 20
292.0
 30
0.0
 40
3.5
  1
8
  7
ISO3098
 72
1
 11
385.0
 21
292.0
 31
0.0
100
AcDbText
 73
2
  0
TEXT
  5
6E
330
17
100
AcDbEntity
  8
06-TEXTO
100
AcDbText
 10
15.0
 20
29.25
 30
0.0
 40
3.5
  1
F
  7
ISO3098
 72
1
 11
15.0
 21
29.25
 31
0.0
100
AcDbText
 73
2
  0
TEXT
  5
6F
330
17
100
AcDbEntity
  8
06-TEXTO
100
AcDbText
 10
415.0
 20
29.25
 30
0.0
 40
3.5
  1
F
  7
ISO3098
 72
1
 11
415.0
 21
29.25
 31
0.0
100
AcDbText
 73
2
  0
TEXT
  5
70
330
17
100
AcDbEntity
  8
06-TEXTO
100
AcDbText
 10
15.0
 20
73.5
 30
0.0
 40
3.5
  1
E
  7
ISO3098
 72
1
 11
15.0
 21
73.5
 31
0.0
100
AcDbText
 73
2
  0
TEXT
  5
71
330
17
100
AcDbEntity
  8
06-TEXTO
100
AcDbText
 10
415.0
 20
73.5
 30
0.0
 40
3.5
  1
E
  7
ISO3098
 72
1
 11
415.0
 21
73.5
 31
0.0
100
AcDbText
 73
2
  0
TEXT
  5
72
330
17
100
AcDbEntity
  8
06-TEXTO
100
AcDbText
 10
15.0
 20
123.5
 30
0.0
 40
3.5
  1
D
  7
ISO3098
 72
1
 11
15.0
 21
123.5
 31
0.0
100
AcDbText
 73
2
  0
TEXT
  5
73
330
17
100
AcDbEntity
  8
06-TEXTO
100
AcDbText
 10
415.0
 20
123.5
 30
0.0
 40
3.5
  1
D
  7
ISO3098
 72
1
 11
415.0
 21
123.5
 31
0.0
100
AcDbText
 73
2
  0
TEXT
  5
74
330
17
100
AcDbEntity
  8
06-TEXTO
100
AcDbText
 10
15.0
 20
173.5
 30
0.0
 40
3.5
  1
C
  7
ISO3098
 72
1
 11
15.0
 21
173.5
 31
0.0
100
AcDbText
 73
2
  0
TEXT
  5
75
330
17
100
AcDbEntity
  8
06-TEXTO
100
AcDbText
 10
415.0
 20
173.5
 30
0.0
 40
3.5
  1
C
  7
ISO3098
 72
1
 11
415.0
 21
173.5
 31
0.0
100
AcDbText
 73
2
  0
TEXT
  5
76
330
17
100
AcDbEntity
  8
06-TEXTO
100
AcDbText
 10
15.0
 20
223.5
 30
0.0
 40
3.5
  1
B
  7
ISO3098
 72
1
 11
15.0
 21
223.5
 31
0.0
100
AcDbText
 73
2
  0
TEXT
  5
77
330
17
100
AcDbEntity
  8
06-TEXTO
100
AcDbText
 10
415.0
 20
223.5
 30
0.0
 40
3.5
  1
B
  7
ISO3098
 72
1
 11
415.0
 21
223.5
 31
0.0
100
AcDbText
 73
2
  0
TEXT
  5
78
330
17
100
AcDbEntity
  8
06-TEXTO
100
AcDbText
 10
15.0
 20
267.75
 30
0.0
 40
3.5
  1
A
  7
ISO3098
 72
1
 11
15.0
 21
267.75
 31
0.0
100
AcDbText
 73
2
  0
TEXT
  5
79
330
17
100
AcDbEntity
  8
06-TEXTO
100
AcDbText
 10
415.0
 20
267.75
 30
0.0
 40
3.5
  1
A
  7
ISO3098
 72
1
 11
415.0
 21
267.75
 31
0.0
100
AcDbText
 73
2
  0
LWPOLYLINE
  5
7A
330
17
100
AcDbEntity
  8
01-VISIBLE
100
AcDbPolyline
 90
211
 70
0
 10
162.47460687348712
 20
172.0308490102061
 10
162.54399261419184
 20
172.07103210613417
 10
162.6132708200709
 20
172.11140031598245
 10
162.68244049422856
 20
172.1519542099668
 10
162.75150062896157
 20
172.19269436085887
 10
162.82045020562128
 20
172.2336213439589
 10
162.88928819447386
 20
172.27473573706664
 10
162.95801355455873
 20
172.31603812045088
 10
163.02662523354562
 20
172.3575290768175
 10
163.09512216758958
 20
172.39920919127582
 10
163.1635032811846
 20
172.44107905130295
 10
163.23176748701525
 20
172.4831392467073
 10
163.2999136858067
 20
172.5253903695894
 10
163.36794076617315
 20
172.56783301430136
 10
163.43584760446424
 20
172.61046777740444
 10
163.50363306460997
 20
172.65329525762456
 10
163.57129599796372
 20
172.69631605580594
 10
163.63883524314357
 20
172.73953077486254
 10
163.7062496258719
 20
172.7829400197275
 10
163.77353795881317
 20
172.82654439730038
 10
163.84069904141006
 20
172.87034451639215
 10
163.90773165971768
 20
172.91434098766783
 10
163.97463458623622
 20
172.95853442358688
 10
164.04140657974165
 20
173.00292543834092
 10
164.1080463851149
 20
173.04751464778923
 10
164.1745527331691
 20
173.09230266939124
 10
164.24092434047532
 20
173.1372901221369
 10
164.30715990918617
 20
173.18247762647383
 10
164.37325812685827
 20
173.22786580423175
 10
164.43921766627253
 20
173.27345527854436
 10
164.50503718525295
 20
173.31924667376768
 10
164.57071532648376
 20
173.36524061539575
 10
164.63625071732483
 20
173.41143772997282
 10
164.7016419696255
 20
173.45783864500282
 10
164.7668876795369
 20
173.50444398885486
 10
164.8319864273223
 20
173.55125439066578
 10
164.8969367771664
 20
173.59827048023882
 10
164.96173727698275
 20
173.64549288793904
 10
165.02638645821975
 20
173.69292224458474
 10
165.09088283566535
 20
173.7405591813351
 10
165.15522490724993
 20
173.78840432957412
 10
165.2194111538481
 20
173.83645832079003
 10
165.28344003907927
 20
173.88472178645128
 10
165.34731000910637
 20
173.93319535787765
 10
165.41101949243395
 20
173.9818796661072
 10
165.47456689970463
 20
174.03077534175904
 10
165.53795062349465
 20
174.07988301489098
 10
165.60116903810817
 20
174.12920331485304
 10
165.66422049937063
 20
174.1787368701356
 10
165.72710334442118
 20
174.228484308213
 10
165.78981589150416
 20
174.27844625538194
 10
165.85235643975975
 20
174.32862333659455
 10
165.91472326901408
 20
174.37901617528638
 10
165.97691463956835
 20
174.42962539319853
 10
166.03892879198781
 20
174.48045161019485
 10
166.10076394688997
 20
174.53149544407256
 10
166.16241830473248
 20
174.58275751036783
 10
166.22389004560108
 20
174.63423842215462
 10
166.28517732899695
 20
174.6859387898379
 10
166.3462782936244
 20
174.73785922094055
 10
166.40719105717847
 20
174.7900003198832
 10
166.4679137161328
 20
174.84236268775848
 10
166.52844434552802
 20
174.89494692209757
 10
166.58878099876037
 20
174.94775361663056
 10
166.6489217073713
 20
175.00078336103945
 10
166.70886448083763
 20
175.05403674070394
 10
166.76860730636292
 20
175.10751433644006
 10
166.82814814866975
 20
175.16121672423122
 10
166.88748494979365
 20
175.2151444749515
 10
166.94661562887825
 20
175.26929815408124
 10
167.00553808197247
 20
175.32367832141466
 10
167.0642501818294
 20
175.37828553075937
 10
167.12274977770736
 20
175.43312032962746
 10
167.18103469517354
 20
175.48818325891824
 10
167.23910273591005
 20
175.5434748525925
 10
167.29695167752288
 20
175.59899563733762
 10
167.35457927335403
 20
175.65474613222432
 10
167.4119832522969
 20
175.71072684835372
 10
167.4691613186154
 20
175.76693828849574
 10
167.52611115176705
 20
175.82338094671752
 10
167.5828304062303
 20
175.8800553080029
 10
167.6393167113362
 20
175.93696184786188
 10
167.69556767110515
 20
175.99410103192992
 10
167.75158086408888
 20
176.0514733155581
 10
167.80735384321773
 20
176.10907914339225
 10
167.86288413565396
 20
176.1669189489425
 10
167.9181692426514
 20
176.22499315414174
 10
167.97320663942168
 20
176.28330216889435
 10
168.0279937750074
 20
176.3418463906135
 10
168.08252807216286
 20
176.40062620374826
 10
168.13680692724273
 20
176.45964197929925
 10
168.1908277100988
 20
176.51889407432378
 10
168.24458776398575
 20
176.57838283142968
 10
168.29808440547595
 20
176.6381085782577
 10
168.35131492438396
 20
176.6980716269531
 10
168.40427658370137
 20
176.75827227362535
 10
168.45696661954216
 20
176.81871079779683
 10
168.5093822410994
 20
176.87938746183977
 10
168.5615206306136
 20
176.94030251040166
 10
168.61337894335333
 20
177.00145616981928
 10
168.66495430760898
 20
177.06284864752092
 10
168.7162438246994
 20
177.1244801314171
 10
168.76724456899328
 20
177.18635078927974
 10
168.81795358794437
 20
177.24846076810962
 10
168.86836790214272
 20
177.31081019349242
 10
168.91848450538112
 20
177.37339916894325
 10
168.96830036473867
 20
177.43622777523973
 10
169.01781242068094
 20
177.49929606974382
 10
169.06701758717855
 20
177.56260408571228
 10
169.1159127518439
 20
177.62615183159642
 10
169.16449477608714
 20
177.68993929033044
 10
169.21276049529243
 20
177.75396641860948
 10
169.26070671901445
 20
177.81823314615684
 10
169.30833023119646
 20
177.88273937498093
 10
169.35562779041055
 20
177.94748497862236
 10
169.40259613012054
 20
178.01246980139098
 10
169.44923195896877
 20
178.07769365759367
 10
169.4955319610868
 20
178.14315633075273
 10
169.54149279643195
 20
178.20885757281604
 10
169.58711110114893
 20
178.27479710335817
 10
169.63238348795858
 20
178.34097460877405
 10
169.6773065465741
 20
178.40738974146515
 10
169.72187684414516
 20
178.47404211901846
 10
169.7660909257312
 20
178.54093132337943
 10
169.80994531480434
 20
178.60805690001854
 10
169.85343651378284
 20
178.67541835709355
 10
169.89656100459575
 20
178.74301516460616
 10
169.9393152492796
 20
178.81084675355555
 10
169.98169569060752
 20
178.87891251508864
 10
170.02369875275235
 20
178.9472117996478
 10
170.06532084198312
 20
179.01574391611734
 10
170.10655834739697
 20
179.0845081309692
 10
170.14740764168627
 20
179.1535036674089
 10
170.18786508194165
 20
179.22272970452283
 10
170.22792701049224
 20
179.2921853764277
 10
170.2675897557827
 20
179.36186977142333
 10
170.30684963328832
 20
179.43178193114952
 10
170.3457029464687
 20
179.50192084974896
 10
170.38414598775975
 20
179.57228547303643
 10
170.42217503960555
 20
179.64287469767595
 10
170.4597863755294
 20
179.71368737036727
 10
170.49697626124527
 20
179.78472228704277
 10
170.53374095580932
 20
179.85597819207644
 10
170.57007671281207
 20
179.92745377750566
 10
170.6059797816112
 20
179.99914768226824
 10
170.6414464086056
 20
180.07105849145552
 10
170.67647283854953
 20
180.14318473558285
 10
170.71105531590868
 20
180.21552488988002
 10
170.74519008625614
 20
180.28807737360194
 10
170.77887339770956
 20
180.36084054936245
 10
170.81210150240852
 20
180.43381272249175
 10
170.844870658032
 20
180.50699214042027
 10
170.87717712935546
 20
180.58037699208978
 10
170.90901718984716
 20
180.6539654073938
 10
170.940387123303
 20
180.72775545664956
 10
170.97128322551922
 20
180.8017451501023
 10
171.00170180600225
 20
180.87593243746468
 10
171.0316391897146
 20
180.9503152074921
 10
171.06109171885632
 20
181.02489128759692
 10
171.09005575467998
 20
181.09965844350216
 10
171.11852767933908
 20
181.17461437893735
 10
171.14650389776781
 20
181.24975673537764
 10
171.17398083959097
 20
181.3250830918288
 10
171.2009549610624
 20
181.40059096465856
 10
171.22742274703066
 20
181.47627780747735
 10
171.25338071292964
 20
181.55214101106918
 10
171.27882540679258
 20
181.62817790337454
 10
171.30375341128732
 20
181.70438574952718
 10
171.32816134577092
 20
181.78076175194587
 10
171.35204586836113
 20
181.85730305048287
 10
171.37540367802262
 20
181.93400672263033
 10
171.3982315166655
 20
182.0108697837863
 10
171.4205261712533
 20
182.08788918758103
 10
171.44228447591826
 20
182.16506182626537
 10
171.463503314081
 20
182.2423845311618
 10
171.48417962057135
 20
182.31985407317913
 10
171.5043103837482
 20
182.39746716339232
 10
171.5238926476145
 20
182.47522045368723
 10
171.54292351392536
 20
182.55311053747184
 10
171.5614001442847
 20
182.63113395045363
 10
171.579319762229
 20
182.70928717148428
 10
171.59667965529314
 20
182.78756662347126
 10
171.6134771770563
 20
182.8659686743569
 10
171.6297097491638
 20
182.94448963816467
 10
171.64537486332205
 20
183.02312577611252
 10
171.66047008326262
 20
183.1018732977929
 10
171.6749930466726
 20
183.18072836241913
 10
171.68894146708715
 20
183.25968708013738
 10
171.70231313574172
 20
183.33874551340338
 10
171.71510592337938
 20
183.4178996784227
 10
171.72731778201123
 20
183.49714554665456
 10
171.73894674662512
 20
183.57647904637588
 10
171.74999093684065
 20
183.65589606430626
 10
171.76044855850645
 20
183.73539244729074
 10
171.77031790523685
 20
183.81496400403955
 10
171.77959735988486
 20
183.89460650692203
 10
171.78828539594844
 20
183.97431569381354
 10
171.79638057890705
 20
184.05408726999246
 10
171.80388156748626
 20
184.13391691008542
 10
171.81078711484696
 20
184.21380026005755
 10
171.8170960696973
 20
184.29373293924596
 10
171.8228073773247
 20
184.3737105424333
 10
171.82792008054594
 20
184.45372864195787
 10
171.83243332057313
 20
184.53378278985872
 10
171.83634633779351
 20
184.6138685200511
 10
171.8396584724619
 20
184.6939813505303
 10
171.8423691653037
 20
184.77411678559935
 10
171.84447795802754
 20
184.8542703181189
 10
171.84598449374624
 20
184.93443743177374
 10
171.84688851730525
 20
185.01461360335458
 10
171.84718987551759
 20
185.09479430504973
  0
LWPOLYLINE
  5
7B
330
17
100
AcDbEntity
  8
01-VISIBLE
100
AcDbPolyline
 90
62
 70
0
 10
171.84718987551759
 20
185.09479430504973
 10
171.84688204290586
 20
185.1758317293058
 10
171.84595859836682
 20
185.25686447668883
 10
171.84441970173881
 20
185.33788787275444
 10
171.84226561925175
 20
185.41889724791133
 10
171.83949672327648
 20
185.49988793983846
 10
171.83611349197506
 20
185.58085529589016
 10
171.83211650885184
 20
185.66179467548625
 10
171.8275064622075
 20
185.742701452483
 10
171.82228414449636
 20
185.82357101752086
 10
171.81645045158876
 20
185.90439878034633
 10
171.81000638194038
 20
185.98518017210344
 10
171.80295303566982
 20
186.06591064759203
 10
171.79529161354702
 20
186.14658568748922
 10
171.78702341589434
 20
186.22720080053085
 10
171.77814984140306
 20
186.30775152565008
 10
171.7686723858673
 20
186.38823343406955
 10
171.7585926408388
 20
186.46864213134512
 10
171.747912292205
 20
186.54897325935778
 10
171.73663311869325
 20
186.62922249825158
 10
171.72475699030477
 20
186.7093855683152
 10
171.71228586668116
 20
186.78945823180453
 10
171.69922179540703
 20
186.8694362947051
 10
171.6855669102521
 20
186.94931560843145
 10
171.67132342935614
 20
187.02909207146246
 10
171.6564936533605
 20
187.10876163091083
 10
171.64107996348983
 20
187.1883202840256
 10
171.62508481958736
 20
187.26776407962598
 10
171.60851075810774
 20
187.34708911946632
 10
171.59136039007103
 20
187.42629155953057
 10
171.57363639898148
 20
187.5053676112563
 10
171.55534153871457
 20
187.58431354268703
 10
171.53647863137667
 20
187.66312567955367
 10
171.51705056514007
 20
187.7418004062834
 10
171.4970602920577
 20
187.82033416693753
 10
171.4765108258607
 20
187.8987234660776
 10
171.4554052397423
 20
187.97696486956
 10
171.43374666413206
 20
188.05505500526033
 10
171.41153828446272
 20
188.1329905637271
 10
171.38878333893422
 20
188.21076829876628
 10
171.365485116277
 20
188.2883850279573
 10
171.3416469535183
 20
188.36583763310125
 10
171.31727223375447
 20
188.44312306060272
 10
171.29236438393164
 20
188.52023832178622
 10
171.26692687263835
 20
188.59718049314876
 10
171.24096320791216
 20
188.67394671654944
 10
171.21447693506295
 20
188.75053419933826
 10
171.1874716345159
 20
188.82694021442495
 10
171.15995091967545
 20
188.90316210029
 10
171.1319184348136
 20
188.9791972609392
 10
171.1033778529836
 20
189.05504316580362
 10
171.0743328739619
 20
189.13069734958674
 10
171.04478722221938
 20
189.20615741206046
 10
171.01474464492418
 20
189.28142101781188
 10
170.98420890997758
 20
189.3564858959432
 10
170.95318380408418
 20
189.43134983972544
 10
170.92167313085776
 20
189.5060107062095
 10
170.88968070896468
 20
189.58046641579503
 10
170.85721037030476
 20
189.6547149517599
 10
170.82426595823188
 20
189.7287543597521
 10
170.79085132581434
 20
189.8025827472456
 10
170.75697033413618
 20
189.8761982829625
  0
LWPOLYLINE
  5
7C
330
17
100
AcDbEntity
  8
01-VISIBLE
100
AcDbPolyline
 90
62
 70
0
 10
108.93740941689899
 20
189.8761982829625
 10
108.90352842522083
 20
189.8025827472456
 10
108.87011379280331
 20
189.7287543597521
 10
108.83716938073044
 20
189.6547149517599
 10
108.80469904207051
 20
189.58046641579503
 10
108.77270662017742
 20
189.5060107062095
 10
108.74119594695101
 20
189.43134983972544
 10
108.71017084105758
 20
189.3564858959432
 10
108.679635106111
 20
189.28142101781188
 10
108.6495925288158
 20
189.20615741206046
 10
108.62004687707326
 20
189.13069734958674
 10
108.59100189805154
 20
189.05504316580362
 10
108.56246131622157
 20
188.9791972609392
 10
108.53442883135972
 20
188.90316210029
 10
108.50690811651928
 20
188.82694021442495
 10
108.47990281597222
 20
188.75053419933826
 10
108.45341654312303
 20
188.67394671654944
 10
108.42745287839682
 20
188.59718049314876
 10
108.40201536710353
 20
188.52023832178622
 10
108.37710751728072
 20
188.44312306060272
 10
108.35273279751686
 20
188.36583763310125
 10
108.32889463475819
 20
188.2883850279573
 10
108.30559641210095
 20
188.21076829876625
 10
108.28284146657245
 20
188.1329905637271
 10
108.26063308690313
 20
188.05505500526033
 10
108.23897451129287
 20
187.97696486956005
 10
108.21786892517449
 20
187.8987234660776
 10
108.19731945897746
 20
187.82033416693753
 10
108.1773291858951
 20
187.7418004062834
 10
108.1579011196585
 20
187.66312567955367
 10
108.1390382123206
 20
187.58431354268703
 10
108.1207433520537
 20
187.5053676112563
 10
108.10301936096413
 20
187.42629155953057
 10
108.08586899292744
 20
187.34708911946632
 10
108.06929493144783
 20
187.26776407962598
 10
108.05329978754534
 20
187.1883202840256
 10
108.03788609767467
 20
187.10876163091083
 10
108.02305632167904
 20
187.02909207146246
 10
108.00881284078307
 20
186.94931560843145
 10
107.99515795562814
 20
186.8694362947051
 10
107.98209388435403
 20
186.78945823180453
 10
107.96962276073042
 20
186.7093855683152
 10
107.95774663234192
 20
186.62922249825158
 10
107.94646745883017
 20
186.54897325935778
 10
107.93578711019637
 20
186.46864213134512
 10
107.92570736516788
 20
186.38823343406955
 10
107.91622990963211
 20
186.30775152565008
 10
107.90735633514082
 20
186.22720080053085
 10
107.89908813748816
 20
186.14658568748922
 10
107.89142671536536
 20
186.06591064759203
 10
107.88437336909479
 20
185.9851801721034
 10
107.87792929944641
 20
185.90439878034633
 10
107.8720956065388
 20
185.82357101752086
 10
107.86687328882766
 20
185.742701452483
 10
107.86226324218333
 20
185.6617946754863
 10
107.85826625906013
 20
185.58085529589016
 10
107.85488302775869
 20
185.49988793983846
 10
107.85211413178344
 20
185.41889724791133
 10
107.84996004929636
 20
185.33788787275444
 10
107.84842115266835
 20
185.25686447668883
 10
107.84749770812932
 20
185.1758317293058
 10
107.84718987551759
 20
185.09479430504973
  0
LWPOLYLINE
  5
7D
330
17
100
AcDbEntity
  8
01-VISIBLE
100
AcDbPolyline
 90
401
 70
0
 10
107.84718987551759
 20
185.09479430504973
 10
107.84838523022083
 20
184.93510578309258
 10
107.85197049098963
 20
184.77545303726725
 10
107.85794325073758
 20
184.61587177164785
 10
107.86629950741573
 20
184.45639754663858
 10
107.87703367856525
 20
184.29706570824698
 10
107.89013862151204
 20
184.13791131867112
 10
107.90560565902794
 20
183.9789690886143
 10
107.92342461023802
 20
183.82027331171815
 10
107.94358382651083
 20
183.66185780148095
 10
107.96607023203171
 20
183.503755830998
 10
107.99086936872465
 20
183.34600007582742
 10
108.01796544516121
 20
183.18862256025122
 10
108.04734138907057
 20
183.03165460716102
 10
108.0789789030476
 20
182.87512679176183
 10
108.11285852304306
 20
182.71906889924543
 10
108.14895967921302
 20
182.5635098865456
 10
108.18726075870235
 20
182.40847784824905
 10
108.22773916994034
 20
182.25399998669616
 10
108.2703714080338
 20
182.1001025862705
 10
108.31513312085481
 20
181.94681099184083
 10
108.3619991754356
 20
181.79414959128695
 10
108.41094372430207
 20
181.64214180201253
 10
108.46194027139866
 20
181.4908100613202
 10
108.51496173728124
 20
181.34017582050257
 10
108.56998052328035
 20
181.190259542481
 10
108.62696857436357
 20
181.04108070280924
 10
108.68589744045379
 20
180.89265779384357
 10
108.74673833598784
 20
180.745008331872
 10
108.80946219752812
 20
180.59814886698643
 10
108.87403973926678
 20
180.452094995479
 10
108.9404415062897
 20
180.30686137453824
 10
109.00863792549225
 20
180.16246173902556
 10
109.07859935406395
 20
180.01890892011068
 10
109.1502961254823
 20
179.87621486555201
 10
109.2236985929769
 20
179.73439066141265
 10
109.29877717044593
 20
179.59344655500956
 10
109.3755023708242
 20
179.45339197890445
 10
109.45384484191915
 20
179.3142355757504
 10
109.5337753997454
 20
179.17598522382275
 10
109.61526505940171
 20
179.03864806307053
 10
109.69828506354533
 20
178.90223052153658
 10
109.7828069085285
 20
178.76673834200665
 10
109.86880236826985
 20
178.6321766087574
 10
109.95624351594056
 20
178.49854977428606
 10
110.0451027435497
 20
178.3658616859143
 10
110.13535277951871
 20
178.23411561216946
 10
110.22696670433605
 20
178.10331426885807
 10
110.3199179643872
 20
177.9734598447544
 10
110.41418038405422
 20
177.84455402683767
 10
110.50972817618086
 20
177.7165980250196
 10
110.60653595099788
 20
177.58959259631308
 10
110.70457872360237
 20
177.46353806839892
 10
110.8038319200833
 20
177.33843436255717
 10
110.90427138238317
 20
177.21428101593426
 10
111.00587337198361
 20
177.09107720312394
 10
111.10861457249932
 20
176.96882175704565
 10
111.2124720912623
 20
176.8475131891091
 10
111.31742345997483
 20
176.72714970865806
 10
111.4234466345062
 20
176.6077292416909
 10
111.53051999390486
 20
176.48924944885835
 10
111.63862233869423
 20
176.37170774274327
 10
111.74773288851658
 20
176.25510130442882
 10
111.85783127918612
 20
176.13942709936492
 10
111.96889755920888
 20
176.02468189254455
 10
112.08091218582362
 20
175.9108622630029
 10
112.19385602061432
 20
175.79796461765523
 10
112.307710324742
 20
175.68598520448847
 10
112.42245675384038
 20
175.57492012512523
 10
112.53807735261637
 20
175.46476534677691
 10
112.6545545491942
 20
175.3555167136061
 10
112.77187114923878
 20
175.247169957516
 10
112.89001032989106
 20
175.139720708388
 10
113.00895563354621
 20
175.03316450378537
 10
113.1286909615025
 20
174.92749679814435
 10
113.24920056750676
 20
174.82271297147145
 10
113.37046905121998
 20
174.71880833756686
 10
113.49248135162499
 20
174.61577815179277
 10
113.61522274039555
 20
174.51361761840667
 10
113.73867881524544
 20
174.4123218974772
 10
113.86283549327321
 20
174.31188611140152
 10
113.98767900431795
 20
174.2123053510419
 10
114.11319588433909
 20
174.11357468149868
 10
114.23937296883236
 20
174.01568914753688
 10
114.36619738629264
 20
173.91864377868245
 10
114.49365655173318
 20
173.82243359400445
 10
114.62173816027007
 20
173.7270536065979
 10
114.75043018077884
 20
173.63249882778263
 10
114.87972084963063
 20
173.5387642710318
 10
115.00959866451296
 20
173.44584495564453
 10
115.14005237834056
 20
173.3537359101748
 10
115.27107099326045
 20
173.26243217563024
 10
115.40264375475466
 20
173.17192880845184
 10
115.53476014584417
 20
173.0822208832874
 10
115.66740988139594
 20
172.9933034955685
 10
115.80058290253547
 20
172.90517176390262
 10
115.93426937116635
 20
172.81782083228947
 10
116.06845966459781
 20
172.73124587217268
 10
116.20314437028115
 20
172.64544208433415
 10
116.33831428065548
 20
172.56040470064144
 10
116.47396038810291
 20
172.47612898565552
 10
116.61007388001293
 20
172.39261023810727
 10
116.74664613395584
 20
172.30984379225032
 10
116.88366871296431
 20
172.22782501909683
 10
117.02113336092259
 20
172.14654932754388
 10
117.15903199806223
 20
172.06601216539627
 10
117.29735671656306
 20
171.98620902029182
 10
117.43609977625859
 20
171.90713542053584
 10
117.57525360044403
 20
171.82878693584905
 10
117.71481077178566
 20
171.75115917803518
 10
117.85476402833012
 20
171.67424780157282
 10
117.99510625961148
 20
171.59804850413602
 10
118.13583050285526
 20
171.52255702704838
 10
118.27692993927674
 20
171.44776915567496
 10
118.41839789047236
 20
171.3736807197552
 10
118.56022781490228
 20
171.30028759368184
 10
118.702413304462
 20
171.227585696728
 10
118.8449480811416
 20
171.1555709932273
 10
118.98782599377043
 20
171.08423949270843
 10
119.13104101484534
 20
171.0135872499891
 10
119.27458723744085
 20
170.94361036523046
 10
119.41845887219912
 20
170.87430498395562
 10
119.56265024439806
 20
170.80566729703486
 10
119.70715579109545
 20
170.7376935406392
 10
119.85197005834759
 20
170.6703799961653
 10
119.99708769850042
 20
170.60372299013335
 10
120.14250346755132
 20
170.53771889406022
 10
120.28821222258007
 20
170.47236412430925
 10
120.43420891924667
 20
170.40765514191952
 10
120.58048860935513
 20
170.34358845241456
 10
120.72704643848064
 20
170.28016060559418
 10
120.87387764365914
 20
170.21736819530872
 10
121.0209775511373
 20
170.15520785921896
 10
121.16834157418148
 20
170.0936762785417
 10
121.31596521094394
 20
170.032770177783
 10
121.46384404238492
 20
169.9724863244598
 10
121.61197373024895
 20
169.91282152881132
 10
121.7603500150941
 20
169.85377264350097
 10
121.90896871437252
 20
169.79533656330995
 10
122.05782572056097
 20
169.73751022482315
 10
122.20691699933997
 20
169.68029060610883
 10
122.35623858782026
 20
169.6236747263918
 10
122.50578659281514
 20
169.56765964572216
 10
122.65555718915748
 20
169.5122424646389
 10
122.80554661806028
 20
169.45742032383026
 10
122.95575118551933
 20
169.40319040379063
 10
123.10616726075702
 20
169.34954992447484
 10
123.25679127470582
 20
169.29649614495054
 10
123.40761971853092
 20
169.2440263630486
 10
123.55864914219003
 20
169.192137915013
 10
123.70987615303025
 20
169.1408281751494
 10
123.86129741442033
 20
169.09009455547374
 10
124.01290964441735
 20
169.03993450536097
 10
124.16470961446726
 20
168.990345511194
 10
124.31669414813786
 20
168.94132509601354
 10
124.46886011988364
 20
168.89287081916922
 10
124.6212044538413
 20
168.84498027597132
 10
124.7737241226552
 20
168.7976510973453
 10
124.92641614633203
 20
168.7508809494868
 10
125.07927759112364
 20
168.70466753352002
 10
125.23230556843723
 20
168.65900858515735
 10
125.38549723377237
 20
168.6139018743621
 10
125.53884978568394
 20
168.56934520501358
 10
125.6923604647699
 20
168.52533641457512
 10
125.84602655268412
 20
168.48187337376515
 10
125.99984537117224
 20
168.43895398623087
 10
126.15381428113128
 20
168.396576188226
 10
126.3079306816911
 20
168.3547379482909
 10
126.46219200931804
 20
168.31343726693714
 10
126.61659573693962
 20
168.27267217633457
 10
126.77113937308955
 20
168.23244074000283
 10
126.92582046107306
 20
168.19274105250616
 10
127.08063657815134
 20
168.15357123915211
 10
127.23558533474508
 20
168.11492945569395
 10
127.390664373656
 20
168.07681388803718
 10
127.5458713693065
 20
168.0392227519497
 10
127.70120402699627
 20
168.00215429277625
 10
127.85666008217582
 20
167.96560678515664
 10
128.01223729973654
 20
167.92957853274817
 10
128.167933473316
 20
167.89406786795186
 10
128.32374642461932
 20
167.8590731516433
 10
128.4796740027549
 20
167.8245927729069
 10
128.63571408358507
 20
167.790625148775
 10
128.79186456909054
 20
167.75716872397055
 10
128.94812338674885
 20
167.72422197065424
 10
129.1044884889257
 20
167.69178338817568
 10
129.2609578522797
 20
167.65985150282856
 10
129.41752947717916
 20
167.62842486761053
 10
129.5742013871314
 20
167.59750206198646
 10
129.7309716282239
 20
167.56708169165643
 10
129.8878382685765
 20
167.53716238832743
 10
130.0447993978055
 20
167.50774280948957
 10
130.20185312649772
 20
167.47882163819608
 10
130.35899758569602
 20
167.45039758284764
 10
130.51623092639403
 20
167.42246937698053
 10
130.67355131904162
 20
167.39503577905907
 10
130.83095695305957
 20
167.36809557227207
 10
130.9884460363637
 20
167.3416475643331
 10
131.1460167948979
 20
167.31569058728508
 10
131.30366747217624
 20
167.2902234973086
 10
131.46139632883344
 20
167.2652451745343
 10
131.61920164218353
 20
167.2407545228593
 10
131.77708170578669
 20
167.2167504697673
 10
131.93503482902386
 20
167.19323196615278
 10
132.0930593366789
 20
167.170197986149
 10
132.25115356852788
 20
167.14764752696
 10
132.4093158789358
 20
167.12557960869594
 10
132.56754463645996
 20
167.10399327421305
 10
132.72583822345996
 20
167.08288758895648
 10
132.88419503571438
 20
167.06226164080766
 10
133.04261348204355
 20
167.04211453993477
 10
133.20109198393823
 20
167.0224454186474
 10
133.35962897519462
 20
167.00325343125462
 10
133.51822290155442
 20
166.9845377539267
 10
133.676872220351
 20
166.96629758456078
 10
133.8355754001602
 20
166.94853214264953
 10
133.99433092045706
 20
166.93124066915414
 10
134.15313727127665
 20
166.91442242638038
 10
134.31199295288047
 20
166.89807669785816
 10
134.47089647542668
 20
166.88220278822513
 10
134.62984635864564
 20
166.866800023113
 10
134.78884113151892
 20
166.85186774903826
 10
134.94787933196307
 20
166.83740533329535
 10
135.10695950651703
 20
166.82341216385413
 10
135.26608021003346
 20
166.80988764926025
 10
135.42524000537392
 20
166.79683121853893
 10
135.58443746310726
 20
166.78424232110262
 10
135.7436711612117
 20
166.77212042666122
 10
135.90293968478
 20
166.7604650251364
 10
136.0622416257279
 20
166.74927562657848
 10
136.22157558250544
 20
166.73855176108754
 10
136.3809401598112
 20
166.72829297873682
 10
136.540333968309
 20
166.71849884950012
 10
136.6997556243478
 20
166.70916896318224
 10
136.85920374968345
 20
166.7003029293523
 10
137.01867697120295
 20
166.691900377281
 10
137.17817392065126
 20
166.6839609558803
 10
137.3376932343597
 20
166.67648433364704
 10
137.49723355297675
 20
166.66947019860908
 10
137.65679352120048
 20
166.6629182582751
 10
137.81637178751268
 20
166.6568282395873
 10
137.97596700391492
 20
166.6511998888774
 10
138.13557782566568
 20
166.6460329718256
 10
138.29520291101923
 20
166.6413272734228
 10
138.45484092096572
 20
166.63708259793611
 10
138.61449051897216
 20
166.63329876887707
 10
138.77415037072495
 20
166.62997562897323
 10
138.93381914387288
 20
166.6271130401429
 10
139.09349550777128
 20
166.62471088347286
 10
139.2531781332267
 20
166.6227690591992
 10
139.41286569224246
 20
166.6212874866912
 10
139.5725568577643
 20
166.62026610443831
 10
139.73225030342687
 20
166.61970487004052
 10
139.8919447033003
 20
166.61960376020113
 10
140.05163873163684
 20
166.61996277072328
 10
140.2113310626178
 20
166.62078191650912
 10
140.37102037010047
 20
166.62206123156236
 10
140.53070532736461
 20
166.6238007689936
 10
140.690384606859
 20
166.62600060102892
 10
140.85005687994746
 20
166.62866081902163
 10
141.0097208166546
 20
166.63178153346686
 10
141.1693750854107
 20
166.63536287401934
 10
141.3290183527962
 20
166.63940498951442
 10
141.48864928328524
 20
166.64390804799197
 10
141.64826653898837
 20
166.64887223672346
 10
141.80786877939423
 20
166.65429776224218
 10
141.96745466111008
 20
166.66018485037657
 10
142.1270228376012
 20
166.6665337462866
 10
142.2865719589287
 20
166.6733447145033
 10
142.44610067148636
 20
166.6806180389715
 10
142.60560761773522
 20
166.6883540230957
 10
142.7650914359371
 20
166.69655298978904
 10
142.92455075988602
 20
166.70521528152523
 10
143.08398421863757
 20
166.71434126039435
 10
143.24339043623664
 20
166.72393130816096
 10
143.4027680314425
 20
166.7339858263261
 10
143.56211561745212
 20
166.74450523619208
 10
143.72143180162047
 20
166.7554899789307
 10
143.8807151851789
 20
166.76694051565477
 10
144.03996436295034
 20
166.77885732749263
 10
144.19917792306205
 20
166.79124091566632
 10
144.35835444665517
 20
166.8040918015726
 10
144.51749250759147
 20
166.81741052686783
 10
144.67659067215686
 20
166.83119765355548
 10
144.83564749876112
 20
166.84545376407766
 10
144.99466153763504
 20
166.86017946140964
 10
145.15363133052278
 20
166.8753753691579
 10
145.31255541037174
 20
166.89104213166135
 10
145.4714323010173
 20
166.90718041409627
 10
145.63026051686438
 20
166.92379090258464
 10
145.78903856256434
 20
166.94087430430574
 10
145.94776493268762
 20
166.95843134761134
 10
146.10643811139175
 20
166.9764627821445
 10
146.26505657208477
 20
166.9949693789619
 10
146.4236187770838
 20
167.01395193065943
 10
146.5821231772683
 20
167.03341125150178
 10
146.74056821172843
 20
167.05334817755522
 10
146.89895230740777
 20
167.07376356682445
 10
147.0572738787406
 20
167.09465829939256
 10
147.21553132728337
 20
167.11603327756524
 10
147.37372304134016
 20
167.1378894260181
 10
147.53184739558185
 20
167.1602276919483
 10
147.68990275065934
 20
167.18304904522944
 10
147.84788745280972
 20
167.20635447857046
 10
148.00579983345594
 20
167.23014500767823
 10
148.16363820879943
 20
167.25442167142415
 10
148.3214008794054
 20
167.2791855320142
 10
148.47908612978082
 20
167.30443767516329
 10
148.6366922279447
 20
167.3301792102733
 10
148.79421742499028
 20
167.3564112706149
 10
148.9516599546393
 20
167.3831350135136
 10
149.10901803278773
 20
167.41035162053936
 10
149.26628985704275
 20
167.4380622977007
 10
149.42347360625098
 20
167.46626827564228
 10
149.58056744001718
 20
167.49497080984676
 10
149.7375694982139
 20
167.52417118084085
 10
149.89447790048098
 20
167.55387069440496
 10
150.05129074571502
 20
167.58407068178735
 10
150.20800611154874
 20
167.6147724999223
 10
150.36462205381932
 20
167.64597753165197
 10
150.5211366060258
 20
167.677687185953
 10
150.67754777877542
 20
167.70990289816677
 10
150.8338535592179
 20
167.74262613023404
 10
150.99005191046786
 20
167.77585837093358
 10
151.14614077101504
 20
167.8096011361249
 10
151.3021180541213
 20
167.84385596899557
 10
151.45798164720506
 20
167.87862444031197
 10
151.61372941121172
 20
167.9139081486748
 10
151.76935917997065
 20
167.94970872077852
 10
151.92486875953728
 20
167.98602781167466
 10
152.08025592752105
 20
168.02286710503978
 10
152.2355184323977
 20
168.06022831344717
 10
152.3906539928062
 20
168.09811317864262
 10
152.5456602968294
 20
168.13652347182435
 10
152.70053500125837
 20
168.1754609939271
 10
152.85527573083942
 20
168.21492757590983
 10
153.00988007750368
 20
168.25492507904784
 10
153.16434559957864
 20
168.29545539522843
 10
153.31866982098109
 20
168.33652044725068
 10
153.47285023039075
 20
168.3781221891287
 10
153.62688428040443
 20
168.42026260639895
 10
153.78076938666985
 20
168.46294371643114
 10
153.9345029269982
 20
168.50616756874248
 10
154.0880822404559
 20
168.54993624531568
 10
154.2415046264335
 20
168.59425186092017
 10
154.39476734369237
 20
168.63911656343674
 10
154.54786760938754
 20
168.68453253418517
 10
154.7008025980666
 20
168.7305019882549
 10
154.85356944064375
 20
168.77702717483896
 10
155.00616522334818
 20
168.82411037756978
 10
155.15858698664616
 20
168.87175391485857
 10
155.31083172413605
 20
168.91996014023624
 10
155.46289638141545
 20
168.968731442697
 10
155.6147778549195
 20
169.0180702470436
 10
155.7664729907298
 20
169.0679790142346
 10
155.91797858335266
 20
169.11846024173263
 10
156.06929137446645
 20
169.1695164638544
 10
156.2204080516362
 20
169.22115025212122
 10
156.37132524699558
 20
169.27336421561017
 10
156.52203953589418
 20
169.3261610013057
 10
156.67254743551024
 20
169.37954329445074
 10
156.8228454034267
 20
169.43351381889784
 10
156.9729298361704
 20
169.48807533745867
 10
157.12279706771295
 20
169.543230652253
 10
157.27244336793194
 20
169.5989826050548
 10
157.4218649410321
 20
169.65533407763698
 10
157.57105792392434
 20
169.71228799211246
 10
157.72001838456185
 20
169.76984731127197
 10
157.8687423202328
 20
169.8280150389179
 10
158.01722565580639
 20
169.88679422019283
 10
158.16546424193362
 20
169.94618794190305
 10
158.31345385319895
 20
170.00619933283548
 10
158.46119018622312
 20
170.06683156406746
 10
158.60866885771512
 20
170.12808784926864
 10
158.75588540247188
 20
170.1899714449938
 10
158.90283527132442
 20
170.25248565096604
 10
159.04951382902885
 20
170.31563381034857
 10
159.19591635210054
 20
170.37941931000483
 10
159.3420380265904
 20
170.4438455807451
 10
159.48787394580094
 20
170.50891609755837
 10
159.6334191079415
 20
170.57463437982886
 10
159.77866841371952
 20
170.64100399153457
 10
159.92361666386813
 20
170.7080285414275
 10
160.0682585566063
 20
170.77571168319284
 10
160.2125886850315
 20
170.84405711558654
 10
160.35660153444195
 20
170.9130685825483
 10
160.50029147958747
 20
170.98274987328904
 10
160.6436527818464
 20
171.05310482234992
 10
160.78667958632764
 20
171.12413730963158
 10
160.92936591889486
 20
171.19585126039044
 10
161.0717056831122
 20
171.26825064520034
 10
161.21369265710862
 20
171.34133947987627
 10
161.35532049035965
 20
171.41512182535814
 10
161.49658270038438
 20
171.48960178755107
 10
161.63747266935565
 20
171.56478351711903
 10
161.77798364062232
 20
171.6406712092296
 10
161.91810871514062
 20
171.71726910324486
 10
162.0578408478138
 20
171.79458148235605
 10
162.19717284373786
 20
171.87261267315728
 10
162.33609735435112
 20
171.9513670451546
 10
162.47460687348712
 20
172.0308490102061
  0
LWPOLYLINE
  5
7E
330
17
100
AcDbEntity
  8
01-VISIBLE
100
AcDbPolyline
 90
211
 70
0
 10
162.47460687348712
 20
67.51928665145716
 10
162.54399261419184
 20
67.5594697473852
 10
162.6132708200709
 20
67.5998379572335
 10
162.68244049422856
 20
67.64039185121784
 10
162.75150062896157
 20
67.68113200210992
 10
162.82045020562128
 20
67.72205898520994
 10
162.88928819447386
 20
67.76317337831766
 10
162.95801355455873
 20
67.80447576170192
 10
163.02662523354562
 20
67.84596671806858
 10
163.09512216758958
 20
67.88764683252684
 10
163.1635032811846
 20
67.92951669255399
 10
163.23176748701525
 20
67.97157688795835
 10
163.2999136858067
 20
68.01382801084044
 10
163.36794076617315
 20
68.0562706555524
 10
163.43584760446424
 20
68.09890541865548
 10
163.50363306460997
 20
68.14173289887563
 10
163.57129599796372
 20
68.184753697057
 10
163.63883524314357
 20
68.2279684161136
 10
163.7062496258719
 20
68.27137766097854
 10
163.77353795881317
 20
68.31498203855142
 10
163.84069904141006
 20
68.35878215764318
 10
163.90773165971768
 20
68.40277862891887
 10
163.97463458623622
 20
68.44697206483792
 10
164.04140657974165
 20
68.49136307959198
 10
164.1080463851149
 20
68.53595228904027
 10
164.1745527331691
 20
68.58074031064228
 10
164.24092434047532
 20
68.62572776338796
 10
164.30715990918617
 20
68.67091526772487
 10
164.37325812685827
 20
68.71630344548281
 10
164.43921766627253
 20
68.76189291979543
 10
164.50503718525295
 20
68.80768431501873
 10
164.57071532648376
 20
68.85367825664677
 10
164.63625071732483
 20
68.89987537122387
 10
164.7016419696255
 20
68.94627628625388
 10
164.7668876795369
 20
68.99288163010593
 10
164.8319864273223
 20
69.03969203191683
 10
164.8969367771664
 20
69.08670812148986
 10
164.96173727698275
 20
69.13393052919008
 10
165.02638645821975
 20
69.18135988583576
 10
165.09088283566535
 20
69.22899682258614
 10
165.15522490724993
 20
69.27684197082515
 10
165.2194111538481
 20
69.32489596204108
 10
165.28344003907927
 20
69.37315942770233
 10
165.34731000910637
 20
69.42163299912868
 10
165.41101949243395
 20
69.47031730735824
 10
165.47456689970463
 20
69.51921298301008
 10
165.53795062349465
 20
69.56832065614202
 10
165.60116903810817
 20
69.61764095610407
 10
165.66422049937063
 20
69.66717451138663
 10
165.72710334442118
 20
69.71692194946405
 10
165.78981589150416
 20
69.76688389663299
 10
165.85235643975975
 20
69.81706097784561
 10
165.91472326901408
 20
69.8674538165374
 10
165.97691463956835
 20
69.91806303444959
 10
166.03892879198781
 20
69.9688892514459
 10
166.10076394688997
 20
70.01993308532363
 10
166.16241830473248
 20
70.07119515161887
 10
166.22389004560108
 20
70.12267606340563
 10
166.28517732899695
 20
70.17437643108896
 10
166.3462782936244
 20
70.22629686219157
 10
166.40719105717847
 20
70.27843796113426
 10
166.4679137161328
 20
70.33080032900953
 10
166.52844434552802
 20
70.38338456334863
 10
166.58878099876037
 20
70.43619125788162
 10
166.6489217073713
 20
70.48922100229048
 10
166.70886448083763
 20
70.54247438195497
 10
166.76860730636292
 20
70.5959519776911
 10
166.82814814866975
 20
70.64965436548226
 10
166.88748494979365
 20
70.70358211620253
 10
166.94661562887825
 20
70.75773579533227
 10
167.00553808197247
 20
70.8121159626657
 10
167.0642501818294
 20
70.86672317201041
 10
167.12274977770736
 20
70.92155797087848
 10
167.18103469517354
 20
70.97662090016928
 10
167.23910273591005
 20
71.03191249384354
 10
167.29695167752288
 20
71.08743327858866
 10
167.35457927335403
 20
71.14318377347536
 10
167.4119832522969
 20
71.19916448960477
 10
167.4691613186154
 20
71.25537592974676
 10
167.52611115176705
 20
71.31181858796855
 10
167.5828304062303
 20
71.36849294925396
 10
167.6393167113362
 20
71.42539948911292
 10
167.69556767110515
 20
71.48253867318097
 10
167.75158086408888
 20
71.53991095680914
 10
167.80735384321773
 20
71.59751678464332
 10
167.86288413565396
 20
71.65535659019352
 10
167.9181692426514
 20
71.71343079539278
 10
167.97320663942168
 20
71.77173981014539
 10
168.0279937750074
 20
71.83028403186455
 10
168.08252807216286
 20
71.8890638449993
 10
168.13680692724273
 20
71.94807962055029
 10
168.1908277100988
 20
72.00733171557484
 10
168.24458776398575
 20
72.06682047268069
 10
168.29808440547595
 20
72.12654621950873
 10
168.35131492438396
 20
72.18650926820413
 10
168.40427658370137
 20
72.24670991487639
 10
168.45696661954216
 20
72.30714843904788
 10
168.5093822410994
 20
72.36782510309082
 10
168.5615206306136
 20
72.4287401516527
 10
168.61337894335333
 20
72.48989381107033
 10
168.66495430760898
 20
72.55128628877195
 10
168.7162438246994
 20
72.61291777266813
 10
168.76724456899328
 20
72.67478843053077
 10
168.81795358794437
 20
72.73689840936065
 10
168.86836790214272
 20
72.79924783474345
 10
168.91848450538112
 20
72.86183681019429
 10
168.96830036473867
 20
72.92466541649077
 10
169.01781242068094
 20
72.98773371099485
 10
169.06701758717855
 20
73.05104172696332
 10
169.1159127518439
 20
73.11458947284746
 10
169.16449477608714
 20
73.17837693158148
 10
169.21276049529243
 20
73.24240405986055
 10
169.26070671901445
 20
73.30667078740788
 10
169.30833023119646
 20
73.37117701623198
 10
169.35562779041055
 20
73.43592261987342
 10
169.40259613012054
 20
73.50090744264203
 10
169.44923195896877
 20
73.5661312988447
 10
169.4955319610868
 20
73.63159397200378
 10
169.54149279643195
 20
73.69729521406708
 10
169.58711110114893
 20
73.7632347446092
 10
169.63238348795858
 20
73.8294122500251
 10
169.6773065465741
 20
73.89582738271619
 10
169.72187684414516
 20
73.96247976026952
 10
169.7660909257312
 20
74.02936896463044
 10
169.80994531480434
 20
74.09649454126959
 10
169.85343651378284
 20
74.1638559983446
 10
169.89656100459575
 20
74.2314528058572
 10
169.9393152492796
 20
74.29928439480659
 10
169.98169569060752
 20
74.36735015633968
 10
170.02369875275235
 20
74.43564944089886
 10
170.06532084198312
 20
74.5041815573684
 10
170.10655834739697
 20
74.57294577222024
 10
170.14740764168627
 20
74.64194130865995
 10
170.18786508194165
 20
74.71116734577389
 10
170.22792701049224
 20
74.78062301767878
 10
170.2675897557827
 20
74.85030741267437
 10
170.30684963328832
 20
74.92021957240055
 10
170.3457029464687
 20
74.990358491
 10
170.38414598775975
 20
75.06072311428747
 10
170.42217503960555
 20
75.13131233892696
 10
170.4597863755294
 20
75.2021250116183
 10
170.49697626124527
 20
75.27315992829382
 10
170.53374095580932
 20
75.34441583332749
 10
170.57007671281207
 20
75.41589141875671
 10
170.6059797816112
 20
75.48758532351931
 10
170.6414464086056
 20
75.55949613270657
 10
170.67647283854953
 20
75.63162237683392
 10
170.71105531590868
 20
75.70396253113105
 10
170.74519008625614
 20
75.776515014853
 10
170.77887339770956
 20
75.84927819061349
 10
170.81210150240852
 20
75.9222503637428
 10
170.844870658032
 20
75.99542978167133
 10
170.87717712935546
 20
76.0688146333408
 10
170.90901718984716
 20
76.14240304864484
 10
170.940387123303
 20
76.2161930979006
 10
170.97128322551922
 20
76.29018279135337
 10
171.00170180600225
 20
76.36437007871572
 10
171.0316391897146
 20
76.43875284874315
 10
171.06109171885632
 20
76.51332892884797
 10
171.09005575467998
 20
76.5880960847532
 10
171.11852767933908
 20
76.66305202018837
 10
171.14650389776781
 20
76.7381943766287
 10
171.17398083959097
 20
76.81352073307983
 10
171.2009549610624
 20
76.8890286059096
 10
171.22742274703066
 20
76.9647154487284
 10
171.25338071292964
 20
77.0405786523202
 10
171.27882540679258
 20
77.11661554462557
 10
171.30375341128732
 20
77.19282339077823
 10
171.32816134577092
 20
77.26919939319693
 10
171.35204586836113
 20
77.34574069173391
 10
171.37540367802262
 20
77.42244436388137
 10
171.3982315166655
 20
77.49930742503732
 10
171.4205261712533
 20
77.57632682883207
 10
171.44228447591826
 20
77.65349946751643
 10
171.463503314081
 20
77.73082217241284
 10
171.48417962057135
 20
77.80829171443018
 10
171.5043103837482
 20
77.88590480464336
 10
171.5238926476145
 20
77.96365809493828
 10
171.54292351392536
 20
78.04154817872289
 10
171.5614001442847
 20
78.11957159170467
 10
171.579319762229
 20
78.19772481273532
 10
171.59667965529314
 20
78.27600426472227
 10
171.6134771770563
 20
78.35440631560793
 10
171.6297097491638
 20
78.43292727941571
 10
171.64537486332205
 20
78.51156341736356
 10
171.66047008326262
 20
78.59031093904393
 10
171.6749930466726
 20
78.66916600367017
 10
171.68894146708715
 20
78.74812472138845
 10
171.70231313574172
 20
78.82718315465442
 10
171.71510592337938
 20
78.90633731967378
 10
171.72731778201123
 20
78.98558318790563
 10
171.73894674662512
 20
79.06491668762693
 10
171.74999093684065
 20
79.14433370555729
 10
171.76044855850645
 20
79.22383008854177
 10
171.77031790523685
 20
79.30340164529059
 10
171.77959735988486
 20
79.38304414817307
 10
171.78828539594844
 20
79.46275333506458
 10
171.79638057890705
 20
79.54252491124352
 10
171.80388156748626
 20
79.62235455133646
 10
171.81078711484696
 20
79.70223790130858
 10
171.8170960696973
 20
79.78217058049702
 10
171.8228073773247
 20
79.86214818368433
 10
171.82792008054594
 20
79.9421662832089
 10
171.83243332057313
 20
80.02222043110974
 10
171.83634633779351
 20
80.10230616130215
 10
171.8396584724619
 20
80.18241899178132
 10
171.8423691653037
 20
80.2625544268504
 10
171.84447795802754
 20
80.34270795936995
 10
171.84598449374624
 20
80.42287507302478
 10
171.84688851730525
 20
80.50305124460559
 10
171.84718987551759
 20
80.58323194630078
  0
LWPOLYLINE
  5
7F
330
17
100
AcDbEntity
  8
01-VISIBLE
100
AcDbPolyline
 90
401
 70
0
 10
107.84718987551759
 20
80.5832319463008
 10
107.84838523022083
 20
80.42354342434363
 10
107.85197049098963
 20
80.2638906785183
 10
107.85794325073758
 20
80.10430941289887
 10
107.86629950741573
 20
79.94483518788962
 10
107.87703367856525
 20
79.78550334949801
 10
107.89013862151204
 20
79.62634895992217
 10
107.90560565902794
 20
79.46740672986535
 10
107.92342461023802
 20
79.30871095296916
 10
107.94358382651083
 20
79.15029544273199
 10
107.96607023203171
 20
78.99219347224903
 10
107.99086936872465
 20
78.83443771707849
 10
108.01796544516121
 20
78.67706020150227
 10
108.04734138907057
 20
78.52009224841206
 10
108.0789789030476
 20
78.36356443301287
 10
108.11285852304306
 20
78.20750654049647
 10
108.14895967921302
 20
78.05194752779666
 10
108.18726075870235
 20
77.8969154895001
 10
108.22773916994034
 20
77.74243762794721
 10
108.2703714080338
 20
77.58854022752156
 10
108.31513312085481
 20
77.43524863309187
 10
108.3619991754356
 20
77.282587232538
 10
108.41094372430207
 20
77.13057944326354
 10
108.46194027139866
 20
76.97924770257124
 10
108.51496173728124
 20
76.82861346175359
 10
108.56998052328035
 20
76.67869718373203
 10
108.62696857436357
 20
76.52951834406028
 10
108.68589744045379
 20
76.38109543509464
 10
108.74673833598784
 20
76.23344597312303
 10
108.80946219752812
 20
76.0865865082375
 10
108.87403973926678
 20
75.94053263673004
 10
108.9404415062897
 20
75.79529901578928
 10
109.00863792549225
 20
75.6508993802766
 10
109.07859935406395
 20
75.50734656136171
 10
109.1502961254823
 20
75.36465250680308
 10
109.2236985929769
 20
75.22282830266366
 10
109.29877717044593
 20
75.08188419626062
 10
109.3755023708242
 20
74.94182962015549
 10
109.45384484191915
 20
74.80267321700143
 10
109.5337753997454
 20
74.6644228650738
 10
109.61526505940171
 20
74.52708570432158
 10
109.69828506354533
 20
74.39066816278763
 10
109.7828069085285
 20
74.25517598325769
 10
109.86880236826985
 20
74.12061425000843
 10
109.95624351594056
 20
73.98698741553713
 10
110.0451027435497
 20
73.85429932716535
 10
110.13535277951871
 20
73.7225532534205
 10
110.22696670433605
 20
73.59175191010911
 10
110.3199179643872
 20
73.46189748600543
 10
110.41418038405422
 20
73.33299166808868
 10
110.50972817618086
 20
73.20503566627067
 10
110.60653595099788
 20
73.07803023756415
 10
110.70457872360237
 20
72.95197570964994
 10
110.8038319200833
 20
72.82687200380819
 10
110.90427138238317
 20
72.7027186571853
 10
111.00587337198361
 20
72.57951484437498
 10
111.10861457249932
 20
72.45725939829669
 10
111.2124720912623
 20
72.33595083036013
 10
111.31742345997483
 20
72.2155873499091
 10
111.4234466345062
 20
72.09616688294193
 10
111.53051999390486
 20
71.97768709010938
 10
111.63862233869423
 20
71.86014538399431
 10
111.74773288851658
 20
71.74353894567986
 10
111.85783127918612
 20
71.62786474061598
 10
111.96889755920888
 20
71.51311953379559
 10
112.08091218582362
 20
71.39929990425395
 10
112.19385602061432
 20
71.28640225890626
 10
112.307710324742
 20
71.17442284573953
 10
112.42245675384038
 20
71.06335776637626
 10
112.53807735261637
 20
70.95320298802797
 10
112.6545545491942
 20
70.84395435485713
 10
112.77187114923878
 20
70.73560759876707
 10
112.89001032989106
 20
70.62815834963905
 10
113.00895563354621
 20
70.52160214503641
 10
113.1286909615025
 20
70.41593443939539
 10
113.24920056750676
 20
70.31115061272251
 10
113.37046905121998
 20
70.2072459788179
 10
113.49248135162499
 20
70.1042157930438
 10
113.61522274039555
 20
70.00205525965771
 10
113.73867881524544
 20
69.90075953872824
 10
113.86283549327321
 20
69.80032375265257
 10
113.98767900431795
 20
69.70074299229294
 10
114.11319588433909
 20
69.60201232274973
 10
114.23937296883236
 20
69.5041267887879
 10
114.36619738629264
 20
69.40708141993346
 10
114.49365655173318
 20
69.31087123525548
 10
114.62173816027007
 20
69.21549124784895
 10
114.75043018077884
 20
69.12093646903364
 10
114.87972084963063
 20
69.02720191228283
 10
115.00959866451296
 20
68.93428259689556
 10
115.14005237834056
 20
68.84217355142586
 10
115.27107099326045
 20
68.75086981688126
 10
115.40264375475466
 20
68.66036644970288
 10
115.53476014584417
 20
68.57065852453846
 10
115.66740988139594
 20
68.48174113681958
 10
115.80058290253547
 20
68.39360940515364
 10
115.93426937116635
 20
68.30625847354051
 10
116.06845966459781
 20
68.21968351342372
 10
116.20314437028115
 20
68.13387972558519
 10
116.33831428065548
 20
68.04884234189248
 10
116.47396038810291
 20
67.96456662690655
 10
116.61007388001293
 20
67.88104787935832
 10
116.74664613395584
 20
67.79828143350134
 10
116.88366871296431
 20
67.71626266034787
 10
117.02113336092259
 20
67.63498696879495
 10
117.15903199806223
 20
67.55444980664731
 10
117.29735671656306
 20
67.47464666154288
 10
117.43609977625859
 20
67.39557306178689
 10
117.57525360044403
 20
67.31722457710008
 10
117.71481077178566
 20
67.23959681928622
 10
117.85476402833012
 20
67.16268544282386
 10
117.99510625961148
 20
67.08648614538706
 10
118.13583050285526
 20
67.01099466829945
 10
118.27692993927674
 20
66.93620679692602
 10
118.41839789047236
 20
66.86211836100627
 10
118.56022781490228
 20
66.78872523493287
 10
118.702413304462
 20
66.71602333797904
 10
118.8449480811416
 20
66.6440086344783
 10
118.98782599377043
 20
66.57267713395946
 10
119.13104101484534
 20
66.50202489124015
 10
119.27458723744085
 20
66.4320480064815
 10
119.41845887219912
 20
66.36274262520668
 10
119.56265024439806
 20
66.29410493828591
 10
119.70715579109545
 20
66.22613118189024
 10
119.85197005834759
 20
66.15881763741633
 10
119.99708769850042
 20
66.09216063138439
 10
120.14250346755132
 20
66.02615653531124
 10
120.28821222258007
 20
65.9608017655603
 10
120.43420891924667
 20
65.89609278317054
 10
120.58048860935513
 20
65.83202609366562
 10
120.72704643848064
 20
65.76859824684523
 10
120.87387764365914
 20
65.70580583655978
 10
121.0209775511373
 20
65.64364550047002
 10
121.16834157418148
 20
65.58211391979275
 10
121.31596521094394
 20
65.52120781903403
 10
121.46384404238492
 20
65.46092396571083
 10
121.61197373024895
 20
65.40125917006236
 10
121.7603500150941
 20
65.34221028475201
 10
121.90896871437252
 20
65.28377420456097
 10
122.05782572056097
 20
65.22594786607418
 10
122.20691699933997
 20
65.16872824735985
 10
122.35623858782026
 20
65.11211236764285
 10
122.50578659281514
 20
65.0560972869732
 10
122.65555718915748
 20
65.00068010588994
 10
122.80554661806028
 20
64.94585796508132
 10
122.95575118551933
 20
64.89162804504168
 10
123.10616726075702
 20
64.8379875657259
 10
123.25679127470582
 20
64.78493378620158
 10
123.40761971853092
 20
64.73246400429964
 10
123.55864914219003
 20
64.68057555626405
 10
123.70987615303025
 20
64.62926581640045
 10
123.86129741442033
 20
64.5785321967248
 10
124.01290964441735
 20
64.52837214661201
 10
124.16470961446726
 20
64.47878315244503
 10
124.31669414813786
 20
64.42976273726461
 10
124.46886011988364
 20
64.38130846042023
 10
124.6212044538413
 20
64.33341791722238
 10
124.7737241226552
 20
64.2860887385963
 10
124.92641614633203
 20
64.23931859073785
 10
125.07927759112364
 20
64.19310517477106
 10
125.23230556843723
 20
64.14744622640839
 10
125.38549723377237
 20
64.10233951561314
 10
125.53884978568394
 20
64.05778284626462
 10
125.6923604647699
 20
64.01377405582619
 10
125.84602655268412
 20
63.97031101501618
 10
125.99984537117224
 20
63.92739162748192
 10
126.15381428113128
 20
63.88501382947701
 10
126.3079306816911
 20
63.84317558954196
 10
126.46219200931804
 20
63.80187490818819
 10
126.61659573693962
 20
63.76110981758561
 10
126.77113937308955
 20
63.72087838125387
 10
126.92582046107306
 20
63.681178693757204
 10
127.08063657815134
 20
63.64200888040315
 10
127.23558533474508
 20
63.603367096944986
 10
127.390664373656
 20
63.5652515292882
 10
127.5458713693065
 20
63.52766039320072
 10
127.70120402699627
 20
63.490591934027286
 10
127.85666008217582
 20
63.4540444264077
 10
128.01223729973654
 20
63.418016173999206
 10
128.167933473316
 20
63.382505509202915
 10
128.32374642461932
 20
63.34751079289432
 10
128.4796740027549
 20
63.31303041415793
 10
128.63571408358507
 20
63.27906279002604
 10
128.79186456909054
 20
63.245606365221605
 10
128.94812338674885
 20
63.212659611905295
 10
129.1044884889257
 20
63.18022102942669
 10
129.2609578522797
 20
63.148289144079605
 10
129.41752947717916
 20
63.11686250886159
 10
129.5742013871314
 20
63.08593970323753
 10
129.7309716282239
 20
63.055519332907465
 10
129.8878382685765
 20
63.02560002957846
 10
130.0447993978055
 20
62.99618045074058
 10
130.20185312649772
 20
62.96725927944712
 10
130.35899758569602
 20
62.93883522409867
 10
130.51623092639403
 20
62.91090701823156
 10
130.67355131904162
 20
62.883473420310125
 10
130.83095695305957
 20
62.85653321352312
 10
130.9884460363637
 20
62.830085205584155
 10
131.1460167948979
 20
62.80412822853613
 10
131.30366747217624
 20
62.77866113855964
 10
131.46139632883344
 20
62.75368281578535
 10
131.61920164218353
 20
62.72919216411035
 10
131.77708170578669
 20
62.70518811101834
 10
131.93503482902386
 20
62.68166960740381
 10
132.0930593366789
 20
62.65863562740005
 10
132.25115356852788
 20
62.63608516821102
 10
132.4093158789358
 20
62.61401724994698
 10
132.56754463645996
 20
62.59243091546408
 10
132.72583822345996
 20
62.571325230207535
 10
132.88419503571438
 20
62.5506992820587
 10
133.04261348204355
 20
62.53055218118581
 10
133.20109198393823
 20
62.51088305989844
 10
133.35962897519462
 20
62.491691072505645
 10
133.51822290155442
 20
62.47297539517776
 10
133.676872220351
 20
62.45473522581181
 10
133.8355754001602
 20
62.43696978390057
 10
133.99433092045706
 20
62.4196783104052
 10
134.15313727127665
 20
62.40286006763141
 10
134.31199295288047
 20
62.386514339109205
 10
134.47089647542668
 20
62.37064042947614
 10
134.62984635864564
 20
62.35523766436406
 10
134.78884113151892
 20
62.3403053902893
 10
134.94787933196307
 20
62.325842974546404
 10
135.10695950651703
 20
62.31184980510518
 10
135.26608021003346
 20
62.298325290511265
 10
135.42524000537392
 20
62.28526885978998
 10
135.58443746310726
 20
62.27267996235366
 10
135.7436711612117
 20
62.260558067912285
 10
135.90293968478
 20
62.248902666387416
 10
136.0622416257279
 20
62.23771326782953
 10
136.22157558250544
 20
62.22698940233857
 10
136.3809401598112
 20
62.21673061998784
 10
136.540333968309
 20
62.20693649075118
 10
136.6997556243478
 20
62.19760660443327
 10
136.85920374968345
 20
62.18874057060334
 10
137.01867697120295
 20
62.18033801853202
 10
137.17817392065126
 20
62.17239859713135
 10
137.3376932343597
 20
62.16492197489808
 10
137.49723355297675
 20
62.15790783986012
 10
137.65679352120048
 20
62.15135589952615
 10
137.81637178751268
 20
62.14526588083836
 10
137.97596700391492
 20
62.13963753012844
 10
138.13557782566568
 20
62.13447061307662
 10
138.29520291101923
 20
62.12976491467385
 10
138.45484092096572
 20
62.12552023918716
 10
138.61449051897216
 20
62.1217364101281
 10
138.77415037072495
 20
62.11841327022425
 10
138.93381914387288
 20
62.115550681393934
 10
139.09349550777128
 20
62.11314852472391
 10
139.2531781332267
 20
62.11120670045024
 10
139.41286569224246
 20
62.10972512794221
 10
139.5725568577643
 20
62.10870374568937
 10
139.73225030342687
 20
62.108142511291575
 10
139.8919447033003
 20
62.10804140145218
 10
140.05163873163684
 20
62.108400411974316
 10
140.2113310626178
 20
62.10921955776016
 10
140.37102037010047
 20
62.110498872813395
 10
140.53070532736461
 20
62.112238410244615
 10
140.690384606859
 20
62.11443824227996
 10
140.85005687994746
 20
62.11709846027268
 10
141.0097208166546
 20
62.120219174717896
 10
141.1693750854107
 20
62.12380051527038
 10
141.3290183527962
 20
62.127842630765464
 10
141.48864928328524
 20
62.13234568924301
 10
141.64826653898837
 20
62.137309877974495
 10
141.80786877939423
 20
62.142735403493226
 10
141.96745466111008
 20
62.14862249162762
 10
142.1270228376012
 20
62.154971387537636
 10
142.2865719589287
 20
62.161782355754326
 10
142.44610067148636
 20
62.169055680222556
 10
142.60560761773522
 20
62.176791664346766
 10
142.7650914359371
 20
62.18499063104005
 10
142.92455075988602
 20
62.193652922776266
 10
143.08398421863757
 20
62.20277890164538
 10
143.24339043623664
 20
62.21236894941201
 10
143.4027680314425
 20
62.22242346757715
 10
143.56211561745212
 20
62.232942877443115
 10
143.72143180162047
 20
62.243927620181736
 10
143.8807151851789
 20
62.25537815690579
 10
144.03996436295034
 20
62.26729496874367
 10
144.19917792306205
 20
62.27967855691735
 10
144.35835444665517
 20
62.292529442823664
 10
144.51749250759147
 20
62.30584816811886
 10
144.67659067215686
 20
62.3196352948065
 10
144.83564749876112
 20
62.33389140532869
 10
144.99466153763504
 20
62.348617102660704
 10
145.15363133052278
 20
62.36381301040895
 10
145.31255541037174
 20
62.37947977291239
 10
145.4714323010173
 20
62.395618055347335
 10
145.63026051686438
 20
62.41222854383571
 10
145.78903856256434
 20
62.429311945556776
 10
145.94776493268762
 20
62.446868988862356
 10
146.10643811139175
 20
62.46490042339554
 10
146.26505657208477
 20
62.48340702021294
 10
146.4236187770838
 20
62.50238957191048
 10
146.5821231772683
 20
62.52184889275282
 10
146.74056821172843
 20
62.54178581880629
 10
146.89895230740777
 20
62.5622012080755
 10
147.0572738787406
 20
62.58309594064362
 10
147.21553132728337
 20
62.604470918816254
 10
147.37372304134016
 20
62.62632706726913
 10
147.53184739558185
 20
62.64866533319934
 10
147.68990275065934
 20
62.67148668648048
 10
147.84788745280972
 20
62.69479211982149
 10
148.00579983345594
 20
62.718582648929285
 10
148.16363820879943
 20
62.74285931267517
 10
148.3214008794054
 20
62.76762317326521
 10
148.47908612978082
 20
62.792875316414325
 10
148.6366922279447
 20
62.81861685152433
 10
148.79421742499028
 20
62.84484891186595
 10
148.9516599546393
 20
62.87157265476463
 10
149.10901803278773
 20
62.89878926179041
 10
149.26628985704275
 20
62.92649993895175
 10
149.42347360625098
 20
62.95470591689331
 10
149.58056744001718
 20
62.98340845109781
 10
149.7375694982139
 20
63.01260882209189
 10
149.89447790048098
 20
63.042308335656
 10
150.05129074571502
 20
63.07250832303842
 10
150.20800611154874
 20
63.10321014117334
 10
150.36462205381932
 20
63.134415172903005
 10
150.5211366060258
 20
63.16612482720403
 10
150.67754777877542
 20
63.19834053941781
 10
150.8338535592179
 20
63.23106377148509
 10
150.99005191046786
 20
63.264296012184595
 10
151.14614077101504
 20
63.29803877737595
 10
151.3021180541213
 20
63.332293610246616
 10
151.45798164720506
 20
63.36706208156302
 10
151.61372941121172
 20
63.40234578992586
 10
151.76935917997065
 20
63.43814636202954
 10
151.92486875953728
 20
63.47446545292568
 10
152.08025592752105
 20
63.51130474629082
 10
152.2355184323977
 20
63.54866595469822
 10
152.3906539928062
 20
63.58655081989366
 10
152.5456602968294
 20
63.6249611130754
 10
152.70053500125837
 20
63.66389863517812
 10
152.85527573083942
 20
63.70336521716086
 10
153.00988007750368
 20
63.74336272029887
 10
153.16434559957864
 20
63.78389303647948
 10
153.31866982098109
 20
63.824958088501724
 10
153.47285023039075
 20
63.866559830379735
 10
153.62688428040443
 20
63.908700247649996
 10
153.78076938666985
 20
63.951381357682195
 10
153.9345029269982
 20
63.99460520999353
 10
154.0880822404559
 20
64.03837388656672
 10
154.2415046264335
 20
64.08268950217122
 10
154.39476734369237
 20
64.12755420468778
 10
154.54786760938754
 20
64.17297017543619
 10
154.7008025980666
 20
64.21893962950597
 10
154.85356944064375
 20
64.26546481608999
 10
155.00616522334818
 20
64.31254801882082
 10
155.15858698664616
 20
64.3601915561096
 10
155.31083172413605
 20
64.40839778148727
 10
155.46289638141545
 20
64.45716908394802
 10
155.6147778549195
 20
64.50650788829465
 10
155.7664729907298
 20
64.55641665548563
 10
155.91797858335266
 20
64.60689788298367
 10
156.06929137446645
 20
64.65795410510546
 10
156.2204080516362
 20
64.70958789337227
 10
156.37132524699558
 20
64.76180185686124
 10
156.52203953589418
 20
64.81459864255673
 10
156.67254743551024
 20
64.8679809357018
 10
156.8228454034267
 20
64.92195146014888
 10
156.9729298361704
 20
64.97651297870974
 10
157.12279706771295
 20
65.03166829350403
 10
157.27244336793194
 20
65.08742024630584
 10
157.4218649410321
 20
65.14377171888802
 10
157.57105792392434
 20
65.2007256333635
 10
157.72001838456185
 20
65.25828495252303
 10
157.8687423202328
 20
65.31645268016895
 10
158.01722565580639
 20
65.37523186144387
 10
158.16546424193362
 20
65.4346255831541
 10
158.31345385319895
 20
65.49463697408653
 10
158.46119018622312
 20
65.55526920531851
 10
158.60866885771512
 20
65.61652549051968
 10
158.75588540247188
 20
65.67840908624484
 10
158.90283527132442
 20
65.74092329221706
 10
159.04951382902885
 20
65.80407145159961
 10
159.19591635210054
 20
65.86785695125589
 10
159.3420380265904
 20
65.93228322199612
 10
159.48787394580094
 20
65.9973537388094
 10
159.6334191079415
 20
66.06307202107988
 10
159.77866841371952
 20
66.12944163278561
 10
159.92361666386813
 20
66.19646618267852
 10
160.0682585566063
 20
66.26414932444389
 10
160.2125886850315
 20
66.33249475683758
 10
160.35660153444195
 20
66.40150622379934
 10
160.50029147958747
 20
66.47118751454006
 10
160.6436527818464
 20
66.54154246360096
 10
160.78667958632764
 20
66.61257495088262
 10
160.92936591889486
 20
66.6842889016415
 10
161.0717056831122
 20
66.75668828645136
 10
161.21369265710862
 20
66.82977712112732
 10
161.35532049035965
 20
66.90355946660921
 10
161.49658270038438
 20
66.9780394288021
 10
161.63747266935565
 20
67.05322115837008
 10
161.77798364062232
 20
67.12910885048065
 10
161.91810871514062
 20
67.20570674449591
 10
162.0578408478138
 20
67.2830191236071
 10
162.19717284373786
 20
67.36105031440832
 10
162.33609735435112
 20
67.43980468640564
 10
162.47460687348712
 20
67.51928665145716
  0
LWPOLYLINE
  5
80
330
17
100
AcDbEntity
  8
01-VISIBLE
100
AcDbPolyline
 90
207
 70
0
 10
162.0220585335277
 20
172.292127916103
 10
162.0913758695655
 20
172.33227379299046
 10
162.1605836695072
 20
172.37260820629103
 10
162.2296808980471
 20
172.4131317480821
 10
162.2986665084357
 20
172.45384501314487
 10
162.36753944233058
 20
172.49474859893496
 10
162.43629862964565
 20
172.53584310555095
 10
162.50494298839823
 20
172.57712913570145
 10
162.57347142455458
 20
172.61860729467008
 10
162.64188283187335
 20
172.6602781902792
 10
162.71017609174714
 20
172.70214243285147
 10
162.77835007304245
 20
172.7442006351696
 10
162.84640363193728
 20
172.78645341243396
 10
162.91433561175734
 20
172.82890138221862
 10
162.98214484280976
 20
172.87154516442484
 10
163.04983014221557
 20
172.9143853812327
 10
163.11739031373958
 20
172.95742265705042
 10
163.18482414761888
 20
173.00065761846145
 10
163.252130420389
 20
173.04409089416907
 10
163.31930789470843
 20
173.0877231149388
 10
163.38635531918112
 20
173.13155491353825
 10
163.45327142817692
 20
173.17558692467418
 10
163.52005494165033
 20
173.21981978492727
 10
163.58670456495716
 20
173.26425413268396
 10
163.65321898866932
 20
173.30889060806533
 10
163.71959688838774
 20
173.35372985285363
 10
163.78583692455322
 20
173.39877251041523
 10
163.8519377422558
 20
173.44401922562082
 10
163.91789797104167
 20
173.48947064476246
 10
163.98371622471873
 20
173.5351274154674
 10
164.04939110115998
 20
173.58099018660835
 10
164.11492118210535
 20
173.6270596082107
 10
164.18030503296134
 20
173.67333633135564
 10
164.24554120259938
 20
173.71982100808054
 10
164.31062822315195
 20
173.76651429127458
 10
164.3755646098073
 20
173.81341683457126
 10
164.44034886060228
 20
173.86052929223666
 10
164.50497945621373
 20
173.90785231905386
 10
164.5694548597478
 20
173.9553865702028
 10
164.6337735165283
 20
174.00313270113634
 10
164.697933853883
 20
174.0510913674517
 10
164.76193428092859
 20
174.09926322475712
 10
164.82577318835428
 20
174.14764892853452
 10
164.88944894820403
 20
174.19624913399667
 10
164.95295991365714
 20
174.24506449593997
 10
165.01630441880786
 20
174.2940956685921
 10
165.0794807784439
 20
174.34334330545434
 10
165.1424872878233
 20
174.39280805913882
 10
165.20532222245077
 20
174.4424905812001
 10
165.2679838378528
 20
174.49239152196168
 10
165.3304703693519
 20
174.54251153033596
 10
165.39278003183995
 20
174.59285125363925
 10
165.45491101955102
 20
174.64341133740024
 10
165.5168615058335
 20
174.6941924251623
 10
165.57862964292164
 20
174.7451951582799
 10
165.64021356170684
 20
174.7964201757081
 10
165.7016113715086
 20
174.84786811378575
 10
165.76282115984526
 20
174.89953960601161
 10
165.82384099220482
 20
174.95143528281403
 10
165.88466891181602
 20
175.00355577131302
 10
165.94530293941926
 20
175.0559016950752
 10
166.00574107303845
 20
175.10847367386165
 10
166.06598128775317
 20
175.1612723233677
 10
166.1260215354716
 20
175.21429825495528
 10
166.1858597447045
 20
175.26755207537707
 10
166.24549382034013
 20
175.32103438649287
 10
166.30492164342084
 20
175.3747457849774
 10
166.36414107092077
 20
175.42868686201967
 10
166.42314993552554
 20
175.48285820301385
 10
166.48194604541393
 20
175.53726038724142
 10
166.54052718404154
 20
175.5918939875438
 10
166.5988911099272
 20
175.64675956998644
 10
166.65703555644177
 20
175.7018576935132
 10
166.71495823160026
 20
175.75718890959132
 10
166.77265681785676
 20
175.81275376184658
 10
166.83012897190332
 20
175.86855278568882
 10
166.88737232447244
 20
175.92458650792696
 10
166.94438448014375
 20
175.9808554463744
 10
167.0011630171552
 20
176.03736010944328
 10
167.057705487219
 20
176.094100995729
 10
167.11400941534293
 20
176.15107859358324
 10
167.17007229965677
 20
176.20829338067637
 10
167.22589161124512
 20
176.26574582354903
 10
167.2814647939862
 20
176.323436377152
 10
167.33678926439757
 20
176.38136548437512
 10
167.39186241148883
 20
176.43953357556444
 10
167.4466815966219
 20
176.49794106802756
 10
167.50124415337942
 20
176.55658836552763
 10
167.55554738744172
 20
176.61547585776484
 10
167.60958857647245
 20
176.67460391984628
 10
167.66336497001407
 20
176.73397291174328
 10
167.716873789393
 20
176.79358317773676
 10
167.77011222763548
 20
176.85343504584995
 10
167.82307744939448
 20
176.91352882726858
 10
167.8757665908882
 20
176.97386481574898
 10
167.92817675985071
 20
177.03444328701272
 10
167.98030503549563
 20
177.09526449812955
 10
168.0321484684928
 20
177.15632868688667
 10
168.0837040809596
 20
177.217636071146
 10
168.13496886646624
 20
177.27918684818832
 10
168.18593979005706
 20
177.34098119404456
 10
168.23661378828749
 20
177.40301926281472
 10
168.2869877692777
 20
177.46530118597386
 10
168.33705861278386
 20
177.5278270716654
 10
168.3868231702875
 20
177.59059700398194
 10
168.43627826510368
 20
177.65361104223388
 10
168.48542069250877
 20
177.71686922020518
 10
168.5342472198888
 20
177.7803715453975
 10
168.5827545869089
 20
177.8441179982619
 10
168.6309395057045
 20
177.90810853141915
 10
168.6787986610959
 20
177.97234306886793
 10
168.7263287108256
 20
178.03682150518236
 10
168.7735262858209
 20
178.10154370469797
 10
168.82038799048098
 20
178.16650950068725
 10
168.86691040299073
 20
178.2317186945246
 10
168.913090075661
 20
178.29717105484178
 10
168.958923535297
 20
178.36286631667312
 10
169.00440728359527
 20
178.42880418059232
 10
169.04953779756994
 20
178.4949843118402
 10
169.0943115300096
 20
178.56140633944457
 10
169.13872490996556
 20
178.62806985533263
 10
169.18277434327163
 20
178.69497441343646
 10
169.22645621309752
 20
178.76211952879225
 10
169.2697668805356
 20
178.8295046766344
 10
169.31270268522235
 20
178.8971292914842
 10
169.35525994599558
 20
178.96499276623518
 10
169.39743496158744
 20
179.03309445123523
 10
169.43922401135487
 20
179.1014336533663
 10
169.4806233560478
 20
179.17000963512317
 10
169.52162923861587
 20
179.2388216136914
 10
169.5622378850546
 20
179.30786876002696
 10
169.6024455052915
 20
179.37715019793688
 10
169.64224829411302
 20
179.44666500316328
 10
169.68164243213266
 20
179.51641220247183
 10
169.72062408680117
 20
179.5863907727453
 10
169.7591894134592
 20
179.65659964008415
 10
169.79733455643301
 20
179.72703767891522
 10
169.83505565017353
 20
179.79770371110985
 10
169.87234882043936
 20
179.86859650511323
 10
169.90921018552416
 20
179.93971477508603
 10
169.9456358575282
 20
180.01105718006022
 10
169.98162194367504
 20
180.0826223231107
 10
170.0171645476729
 20
180.154408750544
 10
170.05225977112104
 20
180.22641495110628
 10
170.08690371496112
 20
180.29863935521172
 10
170.12109248097352
 20
180.37108033419412
 10
170.15482217331834
 20
180.44373619958225
 10
170.1880889001211
 20
180.5166052024018
 10
170.22088877510217
 20
180.58968553250517
 10
170.25321791925032
 20
180.66297531793174
 10
170.2850724625392
 20
180.73647262429972
 10
170.3164485456864
 20
180.8101754542322
 10
170.34734232195422
 20
180.88408174681905
 10
170.37774995899136
 20
180.95818937711675
 10
170.40766764071432
 20
181.0324961556883
 10
170.4370915692279
 20
181.10699982818502
 10
170.4660179667829
 20
181.1816980749722
 10
170.4944430777702
 20
181.25658851080084
 10
170.5223631707495
 20
181.33166868452747
 10
170.54977454051118
 20
181.40693607888375
 10
170.57667351016968
 20
181.48238811029768
 10
170.60305643328607
 20
181.55802212876915
 10
170.6289196960185
 20
181.63383541780067
 10
170.65425971929778
 20
181.7098251943857
 10
170.67907296102638
 20
181.78598860905626
 10
170.703355918298
 20
181.86232274599132
 10
170.7271051296355
 20
181.93882462318783
 10
170.75031717724457
 20
182.0154911926959
 10
170.77298868928006
 20
182.09231934091946
 10
170.79511634212264
 20
182.16930588898396
 10
170.81669686266235
 20
182.2464475931721
 10
170.837727030586
 20
182.32374114542944
 10
170.8582036806656
 20
182.40118317393976
 10
170.87812370504415
 20
182.47877024377254
 10
170.8974840555153
 20
182.5564988576021
 10
170.9162817457939
 20
182.63436545649978
 10
170.93451385377347
 20
182.71236642079964
 10
170.95217752376703
 20
182.7904980710375
 10
170.96926996872787
 20
182.86875666896447
 10
170.98578847244602
 20
182.94713841863415
 10
171.00173039171722
 20
183.02563946756368
 10
171.01709315848012
 20
183.10425590796874
 10
171.0318742819182
 20
183.1829837780714
 10
171.04607135052217
 20
183.2618190634806
 10
171.05968203410967
 20
183.34075769864455
 10
171.0727040857976
 20
183.41979556837344
 10
171.085135343924
 20
183.49892850943206
 10
171.09697373391535
 20
183.5781523122003
 10
171.10821727009562
 20
183.65746272240057
 10
171.1188640574335
 20
183.73685544288975
 10
171.1289122932243
 20
183.81632613551437
 10
171.13836026870268
 20
183.8958704230266
 10
171.14720637058343
 20
183.97548389105867
 10
171.1554490825264
 20
184.0551620901536
 10
171.1630869865229
 20
184.13490053784957
 10
171.1701187642005
 20
184.21469472081466
 10
171.17654319804308
 20
184.29454009702982
 10
171.18235917252372
 20
184.37443209801654
 10
171.18756567514794
 20
184.45436613110581
 10
171.192161797405
 20
184.53433758174555
 10
171.1961467356245
 20
184.61434181584275
 10
171.19951979173752
 20
184.69437418213678
 10
171.2022803739393
 20
184.77443001459994
 10
171.2044279972528
 20
184.85450463486234
 10
171.2059622839917
 20
184.93459335465593
 10
171.20688296412143
 20
185.01469147827527
 10
171.2071898755176
 20
185.09479430504973
  0
LWPOLYLINE
  5
81
330
17
100
AcDbEntity
  8
01-VISIBLE
100
AcDbPolyline
 90
51
 70
0
 10
171.2071898755176
 20
185.09479430504973
 10
171.20688196406803
 20
185.17502753030777
 10
171.205958284131
 20
185.25525602940615
 10
171.2044189988888
 20
185.3354750786902
 10
171.2022643801378
 20
185.4156799595107
 10
171.1994948080271
 20
185.4958659607167
 10
171.1961107706942
 20
185.57602838113593
 10
171.1921128637972
 20
185.656162532039
 10
171.18750178994623
 20
185.73626373958342
 10
171.1822783580336
 20
185.816327347234
 10
171.17644348246608
 20
185.8963487181548
 10
171.16999818229922
 20
185.97632323757017
 10
171.16294358027724
 20
186.05624631509022
 10
171.1552809017797
 20
186.13611338699783
 10
171.14701147367754
 20
186.21591991849357
 10
171.13813672310147
 20
186.29566140589554
 10
171.12865817612442
 20
186.3753333787906
 10
171.11857745636223
 20
186.45493140213426
 10
171.10789628349454
 20
186.53445107829685
 10
171.09661647170967
 20
186.61388804905232
 10
171.08473992807643
 20
186.69323799750828
 10
171.0722686508466
 20
186.77249664997436
 10
171.05920472769148
 20
186.85165977776688
 10
171.0455503338758
 20
186.93072319894787
 10
171.03130773037344
 20
187.00968277999718
 10
171.01647926192786
 20
187.0885344374151
 10
171.00106735506154
 20
187.16727413925514
 10
170.9850745160384
 20
187.24589790658536
 10
170.9685033287825
 20
187.32440181487692
 10
170.9513564527575
 20
187.40278199531963
 10
170.93363662081043
 20
187.4810346360636
 10
170.91534663698377
 20
187.55915598338646
 10
170.8964893742995
 20
187.63714234278575
 10
170.87706777251947
 20
187.714990079997
 10
170.857084835885
 20
187.79269562193667
 10
170.83654363084034
 20
187.87025545757103
 10
170.81544728374308
 20
187.9476661387107
 10
170.79379897856523
 20
188.02492428073168
 10
170.77160195458862
 20
188.10202656322366
 10
170.74885950409782
 20
188.17896973056634
 10
170.72557497007415
 20
188.2557505924343
 10
170.70175174389368
 20
188.33236602423233
 10
170.67739326303288
 20
188.40881296746153
 10
170.6525030087843
 20
188.48508843001818
 10
170.6270845039855
 20
188.56118948642637
 10
170.60114131076415
 20
188.6371132780059
 10
170.57467702830164
 20
188.71285701297742
 10
170.54769529061778
 20
188.78841796650576
 10
170.52019976437927
 20
188.86379348068397
 10
170.4921941467337
 20
188.9389809644592
 10
170.46368216317197
 20
189.01397789350284
  0
LWPOLYLINE
  5
82
330
17
100
AcDbEntity
  8
01-VISIBLE
100
AcDbPolyline
 90
51
 70
0
 10
109.2306975878632
 20
189.01397789350284
 10
109.20218560430146
 20
188.93898096445923
 10
109.17417998665591
 20
188.86379348068397
 10
109.14668446041739
 20
188.7884179665058
 10
109.11970272273354
 20
188.71285701297742
 10
109.09323844027102
 20
188.63711327800593
 10
109.06729524704969
 20
188.56118948642637
 10
109.04187674225089
 20
188.48508843001818
 10
109.01698648800229
 20
188.40881296746153
 10
108.9926280071415
 20
188.33236602423239
 10
108.96880478096105
 20
188.25575059243437
 10
108.94552024693735
 20
188.17896973056634
 10
108.92277779644655
 20
188.1020265632237
 10
108.90058077246995
 20
188.02492428073168
 10
108.8789324672921
 20
187.9476661387107
 10
108.85783612019485
 20
187.87025545757103
 10
108.83729491515018
 20
187.79269562193667
 10
108.8173119785157
 20
187.714990079997
 10
108.79789037673565
 20
187.63714234278575
 10
108.7790331140514
 20
187.55915598338646
 10
108.76074313022474
 20
187.4810346360636
 10
108.74302329827768
 20
187.40278199531963
 10
108.72587642225268
 20
187.32440181487692
 10
108.70930523499678
 20
187.24589790658536
 10
108.69331239597363
 20
187.1672741392552
 10
108.67790048910732
 20
187.0885344374151
 10
108.66307202066172
 20
187.00968277999718
 10
108.64882941715936
 20
186.93072319894787
 10
108.63517502334369
 20
186.85165977776688
 10
108.62211110018856
 20
186.77249664997439
 10
108.60963982295874
 20
186.69323799750828
 10
108.5977632793255
 20
186.61388804905232
 10
108.58648346754063
 20
186.53445107829685
 10
108.57580229467297
 20
186.45493140213426
 10
108.56572157491077
 20
186.3753333787906
 10
108.55624302793372
 20
186.29566140589554
 10
108.54736827735763
 20
186.21591991849357
 10
108.5390988492555
 20
186.13611338699783
 10
108.53143617075794
 20
186.05624631509022
 10
108.52438156873596
 20
185.9763232375702
 10
108.51793626856909
 20
185.8963487181548
 10
108.51210139300154
 20
185.816327347234
 10
108.50687796108895
 20
185.73626373958342
 10
108.50226688723795
 20
185.656162532039
 10
108.49826898034098
 20
185.57602838113593
 10
108.49488494300805
 20
185.4958659607167
 10
108.49211537089738
 20
185.4156799595107
 10
108.48996075214637
 20
185.3354750786902
 10
108.48842146690419
 20
185.25525602940615
 10
108.48749778696713
 20
185.17502753030777
 10
108.48718987551759
 20
185.09479430504973
  0
LWPOLYLINE
  5
83
330
17
100
AcDbEntity
  8
01-VISIBLE
100
AcDbPolyline
 90
401
 70
0
 10
108.48718987551759
 20
185.09479430504973
 10
108.48836132312675
 20
184.93829955353175
 10
108.49187487868019
 20
184.78183986262292
 10
108.49772818323316
 20
184.62545022231586
 10
108.50591731477776
 20
184.4691654818068
 10
108.5164368025043
 20
184.31302028018303
 10
108.52927964659214
 20
184.1570489783987
 10
108.54443734335773
 20
184.00128559294302
 10
108.56189991554359
 20
183.84576373158478
 10
108.58165594749097
 20
183.6905165315523
 10
108.60369262490143
 20
183.53557660047903
 10
108.62799577886051
 20
183.3809759604119
 10
108.65454993376834
 20
183.2267459951472
 10
108.6833383587995
 20
183.0729174011188
 10
108.71434312249698
 20
182.91952014202758
 10
108.74754515009255
 20
182.7665834073615
 10
108.78292428313911
 20
182.61413557491568
 10
108.82045934103866
 20
182.46220417738505
 10
108.86012818405187
 20
182.31081587306323
 10
108.90190777738347
 20
182.1599964206461
 10
108.94577425594805
 20
182.00977065810503
 10
108.99170298943724
 20
181.86016248556223
 10
109.03966864732638
 20
181.71119485207325
 10
109.08964526348103
 20
181.5628897461948
 10
109.14160630004596
 20
181.4152681901935
 10
109.19552471032509
 20
181.26835023773236
 10
109.25137300038665
 20
181.12215497485406
 10
109.30912328915505
 20
180.97670052406772
 10
109.36874736677844
 20
180.83200405133556
 10
109.4302167510879
 20
180.68808177574772
 10
109.49350274199179
 20
180.54494898167042
 10
109.55857647367426
 20
180.40262003314848
 10
109.62540896449275
 20
180.26110839034604
 10
109.69397116449304
 20
180.12042662780945
 10
109.764234000483
 20
179.98058645434202
 10
109.83616841862771
 20
179.84159873428536
 10
109.90974542454735
 20
179.70347351001038
 10
109.98493612091806
 20
179.56622002542736
 10
110.06171174259111
 20
179.42984675033637
 10
110.14004368926084
 20
179.29436140544732
 10
110.21990355572402
 20
179.15977098791012
 10
110.30126315978478
 20
179.02608179720687
 10
110.38409456786827
 20
178.89329946126753
 10
110.46837011841482
 20
178.76142896268323
 10
110.5540624431321
 20
178.63047466490136
 10
110.64114448618906
 20
178.500440338297
 10
110.72958952143868
 20
178.37132918602708
 10
110.81937116775968
 20
178.2431438695819
 10
110.9104634026098
 20
178.1158865339603
 10
111.00284057388349
 20
177.98955883240188
 10
111.0964774101676
 20
177.86416195062026
 10
111.19134902948826
 20
177.73969663048783
 10
111.28743094664068
 20
177.6161631931319
 10
111.38469907919198
 20
177.49356156140698
 10
111.48312975224586
 20
177.37189128171656
 10
111.5826997020543
 20
177.25115154516243
 10
111.68338607855969
 20
177.13134120800572
 10
111.78516644694741
 20
177.0124588114279
 10
111.88801878828569
 20
176.8945026005859
 10
111.99192149932642
 20
176.77747054295807
 10
112.09685339153711
 20
176.6613603459822
 10
112.20279368943069
 20
176.54616947398938
 10
112.3097220282566
 20
176.43189516444124
 10
112.41761845111273
 20
176.31853444347865
 10
112.52646340553505
 20
176.20608414079464
 10
112.6362377396175
 20
176.09454090384384
 10
112.74692269771236
 20
175.98390121140312
 10
112.8584999157575
 20
175.8741613864997
 10
112.97095141627392
 20
175.7653176087237
 10
113.08425960307437
 20
175.65736592594237
 10
113.19840725572067
 20
175.55030226543496
 10
113.31337752376436
 20
175.4441224444667
 10
113.42915392080357
 20
175.33882218032124
 10
113.54572031838563
 20
175.23439709981062
 10
113.66306093978281
 20
175.13084274828245
 10
113.78116035366698
 20
175.02815459814303
 10
113.90000346770594
 20
174.9263280569165
 10
114.01957552210284
 20
174.8253584748579
 10
114.139862083098
 20
174.72524115213952
 10
114.26084903645088
 20
174.62597134562867
 10
114.38252258091809
 20
174.5275442752745
 10
114.50486922174193
 20
174.4299551301221
 10
114.62787576416265
 20
174.3331990739697
 10
114.75152930696606
 20
174.23727125068712
 10
114.87581723607713
 20
174.14216678920977
 10
115.00072721820887
 20
174.04788080822533
 10
115.12624719457501
 20
173.95440842056695
 10
115.2523653746736
 20
173.86174473732797
 10
115.37907023014836
 20
173.76988487171215
 10
115.50635048873303
 20
173.67882394263262
 10
115.6341951282841
 20
173.5885570780723
 10
115.76259337090559
 20
173.49907941821863
 10
115.89153467716991
 20
173.4103861183838
 10
116.02100874043764
 20
173.32247235172267
 10
116.15100548127836
 20
173.23533331175815
 10
116.2815150419951
 20
173.14896421472554
 10
116.41252778125337
 20
173.0633603017447
 10
116.5440342688162
 20
172.97851684083022
 10
116.67602528038587
 20
172.89442912874847
 10
116.80849179255272
 20
172.81109249272959
 10
116.9414249778512
 20
172.7285022920434
 10
117.07481619992302
 20
172.64665391944612
 10
117.20865700878707
 20
172.5655428025063
 10
117.34293913621536
 20
172.4851644048159
 10
117.4776544912145
 20
172.40551422709402
 10
117.61279515561134
 20
172.32658780818934
 10
117.74835337974214
 20
172.24838072598698
 10
117.88432157824377
 20
172.17088859822613
 10
118.02069232594549
 20
172.09410708323304
 10
118.1574583538603
 20
172.01803188057545
 10
118.29461254527385
 20
171.94265873164235
 10
118.43214793192959
 20
171.8679834201543
 10
118.5700576903085
 20
171.79400177260842
 10
118.70833513800156
 20
171.72070965866246
 10
118.84697373017326
 20
171.6481029914611
 10
118.98596705611457
 20
171.57617772790917
 10
119.12530883588309
 20
171.50492986889444
 10
119.26499291702912
 20
171.43435545946372
 10
119.40501327140537
 20
171.36445058895524
 10
119.54536399205878
 20
171.29521139109033
 10
119.68603929020236
 20
171.22663404402687
 10
119.8270334922655
 20
171.15871477037751
 10
119.96834103702044
 20
171.09144983719517
 10
120.10995647278389
 20
171.0248355559274
 10
120.25187445469099
 20
170.95886828234296
 10
120.39408974204073
 20
170.8935444164317
 10
120.53659719571064
 20
170.82886040228
 10
120.67939177563882
 20
170.76481272792407
 10
120.82246853837209
 20
170.7013979251821
 10
120.96582263467837
 20
170.63861256946728
 10
121.10944930722138
 20
170.5764532795833
 10
121.25334388829631
 20
170.51491671750352
 10
121.39750179762491
 20
170.4539995881356
 10
121.5419185402082
 20
170.39369863907186
 10
121.68658970423542
 20
170.33401066032832
 10
121.83151095904756
 20
170.2749324840716
 10
121.97667805315432
 20
170.2164609843361
 10
122.12208681230256
 20
170.15859307673196
 10
122.2677331375954
 20
170.10132571814472
 10
122.41361300366009
 20
170.04465590642766
 10
122.55972245686351
 20
169.98858068008764
 10
122.70605761357422
 20
169.93309711796496
 10
122.8526146584692
 20
169.8782023389087
 10
122.99938984288468
 20
169.82389350144712
 10
123.14637948320942
 20
169.77016780345465
 10
123.2935799593193
 20
169.71702248181583
 10
123.44098771305221
 20
169.66445481208638
 10
123.58859924672205
 20
169.6124621081525
 10
123.73641112167066
 20
169.5610417218886
 10
123.88441995685656
 20
169.51019104281374
 10
124.03262242747999
 20
169.4599074977474
 10
124.18101526364227
 20
169.41018855046525
 10
124.32959524903936
 20
169.36103170135476
 10
124.47835921968826
 20
169.31243448707113
 10
124.62730406268545
 20
169.2643944801943
 10
124.77642671499632
 20
169.21690928888682
 10
124.92572416227482
 20
169.1699765565529
 10
125.07519343771244
 20
169.12359396149935
 10
125.22483162091575
 20
169.07775921659805
 10
125.37463583681152
 20
169.0324700689506
 10
125.5246032545788
 20
168.9877242995552
 10
125.67473108660728
 20
168.94351972297585
 10
125.82501658748058
 20
168.89985418701428
 10
125.97545705298486
 20
168.85672557238465
 10
126.12604981914079
 20
168.8141317923908
 10
126.27679226125915
 20
168.77207079260728
 10
126.427681793019
 20
168.73054055056247
 10
126.5787158655676
 20
168.68953907542613
 10
126.72989196664203
 20
168.64906440769937
 10
126.88120761971118
 20
168.60911461890885
 10
127.0326603831381
 20
168.56968781130377
 10
127.18424784936195
 20
168.530782117557
 10
127.33596764409867
 20
168.49239570047004
 10
127.48781742556054
 20
168.45452675268106
 10
127.63979488369323
 20
168.41717349637742
 10
127.7918977394307
 20
168.3803341830117
 10
127.94412374396666
 20
168.34400709302173
 10
128.09647067804266
 20
168.3081905355545
 10
128.24893635125215
 20
168.27288284819417
 10
128.40151860136004
 20
168.2380823966938
 10
128.5542152936373
 20
168.2037875747114
 10
128.70702432021017
 20
168.16999680354974
 10
128.8599435994237
 20
168.13670853190047
 10
129.01297107521907
 20
168.10392123559217
 10
129.16610471652422
 20
168.07163341734218
 10
129.31934251665754
 20
168.03984360651313
 10
129.47268249274444
 20
168.00855035887298
 10
129.6261226851459
 20
167.97775225635934
 10
129.77966115689912
 20
167.94744790684774
 10
129.93329599316974
 20
167.9176359439243
 10
130.0870253007153
 20
167.88831502666187
 10
130.2408472073597
 20
167.85948383940075
 10
130.39475986147812
 20
167.83114109153314
 10
130.54876143149244
 20
167.80328551729167
 10
130.70285010537648
 20
167.7759158755419
 10
130.85702409017114
 20
167.7490309495789
 10
131.01128161150874
 20
167.72262954692764
 10
131.16562091314677
 20
167.69671049914746
 10
131.32004025651028
 20
167.6712726616404
 10
131.47453792024308
 20
167.6463149134634
 10
131.62911219976712
 20
167.62183615714463
 10
131.7837614068502
 20
167.59783531850312
 10
131.9384838691813
 20
167.57431134647294
 10
132.09327792995373
 20
167.5512632129307
 10
132.24814194745565
 20
167.52868991252703
 10
132.40307429466768
 20
167.50659046252179
 10
132.55807335886743
 20
167.484963902623
 10
132.7131375412411
 20
167.4638092948298
 10
132.8682652565011
 20
167.44312572327834
 10
133.02345493251048
 20
167.4229122940925
 10
133.17870500991302
 20
167.40316813523708
 10
133.33401394176983
 20
167.38389239637544
 10
133.48938019320107
 20
167.3650842487305
 10
133.6448022410337
 20
167.34674288494918
 10
133.8002785734543
 20
167.32886751897055
 10
133.95580768966732
 20
167.31145738589754
 10
134.11138809955827
 20
167.29451174187204
 10
134.26701832336147
 20
167.27802986395375
 10
134.4226968913332
 20
167.262011050002
 10
134.5784223434285
 20
167.2464546185616
 10
134.73419322898306
 20
167.23135990875176
 10
134.89000810639888
 20
167.21672628015847
 10
135.04586554283415
 20
167.20255311273044
 10
135.20176411389704
 20
167.18883980667806
 10
135.35770240334315
 20
167.175585782376
 10
135.5136790027768
 20
167.16279048026917
 10
135.66969251135546
 20
167.15045336078157
 10
135.8257415354978
 20
167.13857390422902
 10
135.9818246885947
 20
167.12715161073464
 10
136.13794059072367
 20
167.11618600014793
 10
136.2940878683657
 20
167.10567661196677
 10
136.45026515412528
 20
167.09562300526306
 10
136.60647108645315
 20
167.08602475861113
 10
136.7627043093712
 20
167.0768814700196
 10
136.91896347220012
 20
167.06819275686627
 10
137.07524722928926
 20
167.05995825583636
 10
137.23155423974856
 20
167.0521776228637
 10
137.38788316718285
 20
167.04485053307508
 10
137.54423267942758
 20
167.03797668073787
 10
137.70060144828682
 20
167.0315557792106
 10
137.85698814927278
 20
167.02558756089655
 10
138.01339146134697
 20
167.02007177720085
 10
138.1698100666627
 20
167.01500819849008
 10
138.32624265030918
 20
167.01039661405534
 10
138.48268790005676
 20
167.0062368320784
 10
138.63914450610307
 20
167.00252867960052
 10
138.79561116082078
 20
166.99927200249473
 10
138.95208655850575
 20
166.99646666544103
 10
139.1085693951262
 20
166.9941125519044
 10
139.26505836807252
 20
166.9922095641162
 10
139.42155217590795
 20
166.99075762305836
 10
139.57804951811934
 20
166.98975666845055
 10
139.73454909486867
 20
166.98920665874073
 10
139.89104960674462
 20
166.9891075710981
 10
140.04754975451442
 20
166.98945940140982
 10
140.2040482388758
 20
166.99026216427995
 10
140.3605437602088
 20
166.9915158930321
 10
140.51703501832768
 20
166.9932206397147
 10
140.67352071223218
 20
166.9953764751093
 10
140.82999953985887
 20
166.9979834887422
 10
140.98647019783186
 20
167.0010417888985
 10
141.14293138121286
 20
167.00455150263994
 10
141.29938178325062
 20
167.00851277582512
 10
141.45582009512987
 20
167.01292577313313
 10
141.61224500571896
 20
167.01779067808997
 10
141.76865520131668
 20
167.02310769309832
 10
141.92504936539825
 20
167.02887703947005
 10
142.0814261783595
 20
167.03509895746186
 10
142.2377843172605
 20
167.0417737063142
 10
142.39412245556696
 20
167.0489015642931
 10
142.55043926289088
 20
167.0564828287348
 10
142.70673340472874
 20
167.06451781609422
 10
142.8630035421986
 20
167.0730068619957
 10
143.01924833177517
 20
167.08195032128742
 10
143.17546642502222
 20
167.09134856809874
 10
143.33165646832398
 20
167.10120199590057
 10
143.48781710261343
 20
167.11151101756923
 10
143.64394696309841
 20
167.1222760654531
 10
143.80004467898567
 20
167.13349759144262
 10
143.95610887320169
 20
167.1451760670438
 10
144.11213816211114
 20
167.15731198345395
 10
144.2681311552324
 20
167.16990585164217
 10
144.42408645495
 20
167.18295820243145
 10
144.58000265622402
 20
167.19646958658535
 10
144.73587834629626
 20
167.2104405748971
 10
144.89171210439267
 20
167.22487175828246
 10
145.04750250142268
 20
167.2397637478757
 10
145.20324809967465
 20
167.2551171751291
 10
145.3589474525073
 20
167.27093269191536
 10
145.51459910403744
 20
167.28721097063396
 10
145.6702015888234
 20
167.3039527043206
 10
145.82575343154423
 20
167.3211586067601
 10
145.98125314667425
 20
167.3388294126026
 10
146.13669923815343
 20
167.35696587748362
 10
146.29209019905247
 20
167.37556877814723
 10
146.4474245112333
 20
167.39463891257273
 10
146.6027006450042
 20
167.41417710010512
 10
146.75791705876995
 20
167.43418418158896
 10
146.91307219867613
 20
167.4546610195057
 10
147.06816449824805
 20
167.47560849811492
 10
147.2231923780237
 20
167.49702752359872
 10
147.37815424518058
 20
167.51891902421033
 10
147.53304849315649
 20
167.54128395042585
 10
147.68787350126388
 20
167.56412327510003
 10
147.84262763429714
 20
167.58743799362566
 10
147.99730924213378
 20
167.61122912409664
 10
148.1519166593276
 20
167.63549770747488
 10
148.30644820469553
 20
167.660244807761
 10
148.46090218089614
 20
167.68547151216882
 10
148.6152768740008
 20
167.7111789313036
 10
148.76957055305684
 20
167.7373681993443
 10
148.92378146964234
 20
167.7640404742296
 10
149.07790785741227
 20
167.7911969378477
 10
149.2319479316363
 20
167.8188387962304
 10
149.38589988872718
 20
167.84696727975083
 10
149.53976190575997
 20
167.87558364332503
 10
149.6935321399817
 20
167.90468916661786
 10
149.84720872831107
 20
167.93428515425262
 10
150.00078978682814
 20
167.96437293602486
 10
150.15427341025324
 20
167.99495386711993
 10
150.30765767141563
 20
168.02602932833491
 10
150.46094062071026
 20
168.05760072630443
 10
150.6141202855439
 20
168.08966949373036
 10
150.76719466976886
 20
168.12223708961585
 10
150.92016175310508
 20
168.15530499950341
 10
151.07301949054923
 20
168.18887473571664
 10
151.22576581177128
 20
168.22294783760674
 10
151.37839862049785
 20
168.25752587180233
 10
151.53091579388158
 20
168.2926104324639
 10
151.6833151818569
 20
168.32820314154213
 10
151.83559460648098
 20
168.36430564903998
 10
151.98775186126008
 20
168.40091963327922
 10
152.13978471046042
 20
168.43804680117074
 10
152.29169088840317
 20
168.47568888848886
 10
152.44346809874355
 20
168.5138476601495
 10
152.59511401373297
 20
168.5525249104926
 10
152.74662627346396
 20
168.59172246356786
 10
152.8980024850974
 20
168.6314421734249
 10
153.0492402220718
 20
168.67168592440666
 10
153.20033702329326
 20
168.71245563144709
 10
153.35129039230668
 20
168.75375324037196
 10
153.50209779644678
 20
168.7955807282035
 10
153.65275666596855
 20
168.8379401034686
 10
153.80326439315712
 20
168.88083340651036
 10
153.95361833141516
 20
168.92426270980275
 10
154.10381579432888
 20
168.968230118269
 10
154.25385405471013
 20
169.01273776960244
 10
154.40373034361562
 20
169.0577878345908
 10
154.5534418493412
 20
169.10338251744315
 10
154.70298571639154
 20
169.1495240561194
 10
154.85235904442357
 20
169.19621472266238
 10
155.00155888716367
 20
169.24345682353248
 10
155.1505822512975
 20
169.29125269994404
 10
155.29942609533146
 20
169.33960472820374
 10
155.44808732842552
 20
169.38851532005089
 10
155.59656280919594
 20
169.43798692299896
 10
155.74484934448745
 20
169.48802202067833
 10
155.89294368811386
 20
169.5386231331798
 10
156.04084253956603
 20
169.58979281739897
 10
156.18854254268666
 20
169.64153366738057
 10
156.3360402843104
 20
169.69384831466274
 10
156.4833322928685
 20
169.74673942862086
 10
156.63041503695734
 20
169.8002097168105
 10
156.77728492386902
 20
169.85426192530892
 10
156.92393829808367
 20
169.9088988390547
 10
157.07037143972184
 20
169.96412328218526
 10
157.21658056295618
 20
170.01993811837121
 10
157.362561814381
 20
170.07634625114753
 10
157.50831127133847
 20
170.13335062424056
 10
157.6538249402006
 20
170.19095422188997
 10
157.79909875460527
 20
170.24916006916598
 10
157.9441285736453
 20
170.30797123227978
 10
158.08891018000898
 20
170.3673908188871
 10
158.23343927807116
 20
170.42742197838425
 10
158.37771149193279
 20
170.48806790219493
 10
158.5217223634083
 20
170.5493318240477
 10
158.66546734995862
 20
170.61121702024258
 10
158.80894182256884
 20
170.67372680990576
 10
158.95214106356892
 20
170.73686455523114
 10
159.09506026439527
 20
170.80063366170816
 10
159.237694523293
 20
170.86503757833324
 10
159.38003884295549
 20
170.93007979780486
 10
159.5220881281011
 20
170.9957638566999
 10
159.66383718298454
 20
171.06209333562998
 10
159.8052807088412
 20
171.12907185937578
 10
159.94641330126345
 20
171.19670309699833
 10
160.08722944750605
 20
171.26499076192425
 10
160.22772352371985
 20
171.33393861200392
 10
160.3678897921114
 20
171.40355044953992
 10
160.50772239802734
 20
171.47383012128364
 10
160.64721536696032
 20
171.54478151839731
 10
160.78636260147678
 20
171.61640857637974
 10
160.92515787806283
 20
171.68871527495202
 10
161.06359484388705
 20
171.76170563790103
 10
161.20166701347893
 20
171.8353837328777
 10
161.33936776532022
 20
171.909753671146
 10
161.47669033834813
 20
171.98481960728097
 10
161.6136278283679
 20
172.06058573880995
 10
161.75017318437344
 20
172.1370563057951
 10
161.88631920477445
 20
172.21423559035247
 10
162.0220585335277
 20
172.292127916103
  0
LWPOLYLINE
  5
84
330
17
100
AcDbEntity
  8
01-VISIBLE
100
AcDbPolyline
 90
185
 70
0
 10
162.0220585335277
 20
180.1304950930092
 10
162.09164130803788
 20
180.17079518534976
 10
162.16111370129764
 20
180.21128526423178
 10
162.23047466598635
 20
180.25196592858148
 10
162.299723143162
 20
180.29283778007073
 10
162.3688580621092
 20
180.3339014230865
 10
162.43787834018545
 20
180.375157464699
 10
162.50678288266525
 20
180.41660651462797
 10
162.57557058258257
 20
180.4582491852072
 10
162.64424032057127
 20
180.50008609134724
 10
162.71279096470363
 20
180.5421178504962
 10
162.78122137032696
 20
180.58434508259882
 10
162.8495303798981
 20
180.62676841005305
 10
162.9177168228164
 20
180.66938845766524
 10
162.98577951525417
 20
180.7122058526025
 10
163.05371725998563
 20
180.75522122434347
 10
163.1215288462137
 20
180.7984352046264
 10
163.1892130493948
 20
180.8418484273951
 10
163.25676863106176
 20
180.8854615287425
 10
163.3241943386447
 20
180.92927514685164
 10
163.39148890528998
 20
180.97328992193405
 10
163.45865104967706
 20
181.0175064961657
 10
163.52567947583364
 20
181.06192551362017
 10
163.59257287294855
 20
181.1065476201988
 10
163.65932991518284
 20
181.15137346355834
 10
163.7259492614789
 20
181.1964036930353
 10
163.79242955536756
 20
181.24163895956764
 10
163.85876942477347
 20
181.2870799156127
 10
163.92496748181824
 20
181.33272721506273
 10
163.9910223226219
 20
181.37858151315635
 10
164.05693252710248
 20
181.42464346638687
 10
164.12269665877355
 20
181.47091373240733
 10
164.18831326454014
 20
181.51739296993156
 10
164.25378087449263
 20
181.56408183863164
 10
164.319098001699
 20
181.61098099903163
 10
164.3842631419952
 20
181.65809111239707
 10
164.44927477377382
 20
181.70541284062102
 10
164.5141313577712
 20
181.75294684610515
 10
164.57883133685257
 20
181.80069379163712
 10
164.64337313579594
 20
181.84865434026347
 10
164.7077551610741
 20
181.89682915515786
 10
164.77197580063526
 20
181.94521889948464
 10
164.8360334236823
 20
181.99382423625792
 10
164.89992638045027
 20
182.0426458281953
 10
164.96365300198295
 20
182.09168433756724
 10
165.0272115999078
 20
182.1409404260404
 10
165.09060046620985
 20
182.19041475451658
 10
165.15381787300447
 20
182.24010798296547
 10
165.21686207230871
 20
182.2900207702524
 10
165.27973129581238
 20
182.3401537739599
 10
165.34242375464734
 20
182.3905076502038
 10
165.4049376391567
 20
182.44108305344298
 10
165.46727111866292
 20
182.49188063628327
 10
165.52942234123543
 20
182.5429010492746
 10
165.59138943345778
 20
182.59414494070222
 10
165.65317050019434
 20
182.64561295637077
 10
165.7147636243569
 20
182.69730573938182
 10
165.77616686667082
 20
182.74922392990453
 10
165.83737826544166
 20
182.80136816493882
 10
165.89839583632155
 20
182.85373907807167
 10
165.9592175720762
 20
182.90633729922558
 10
166.01984144235212
 20
182.95916345439989
 10
166.0802653934446
 20
183.01221816540348
 10
166.14048734806659
 20
183.0655020495804
 10
166.2005052051185
 20
183.11901571952671
 10
166.2603168394592
 20
183.17275978279923
 10
166.31992010167824
 20
183.22673484161567
 10
166.37931281787024
 20
183.28094149254616
 10
166.43849278941042
 20
183.33538032619578
 10
166.49745779273275
 20
183.39005192687807
 10
166.55620557911
 20
183.44495687227953
 10
166.61473387443687
 20
183.50009573311405
 10
166.67304037901528
 20
183.55546907276852
 10
166.73112276734344
 20
183.61107744693808
 10
166.78897868790784
 20
183.6669214032515
 10
166.8466057629792
 20
183.72300148088672
 10
166.9040015884124
 20
183.77931821017552
 10
166.96116373345055
 20
183.83587211219808
 10
167.01808974053412
 20
183.8926636983667
 10
167.0747771251147
 20
183.9496934699987
 10
167.13122337547443
 20
184.00696191787802
 10
167.18742595255108
 20
184.06446952180613
 10
167.24338228976933
 20
184.12221675014092
 10
167.29908979287873
 20
184.18020405932464
 10
167.3545458397984
 20
184.23843189339968
 10
167.40974778046947
 20
184.29690068351283
 10
167.46469293671532
 20
184.35561084740732
 10
167.51937860210995
 20
184.41456278890288
 10
167.57380204185566
 20
184.4737568973634
 10
167.62796049266956
 20
184.53319354715234
 10
167.68185116268046
 20
184.59287309707543
 10
167.7354712313357
 20
184.6527958898111
 10
167.78881784931932
 20
184.71296225132772
 10
167.84188813848132
 20
184.7733724902884
 10
167.89467919177963
 20
184.83402689744287
 10
167.94718807323412
 20
184.89492574500616
 10
167.99941181789438
 20
184.95606928602473
 10
168.0513474318213
 20
185.01745775372905
 10
168.1029918920833
 20
185.07909136087346
 10
168.15434214676776
 20
185.14097029906313
 10
168.20539511500843
 20
185.2030947380674
 10
168.25614768702965
 20
185.26546482512066
 10
168.30659672420774
 20
185.32808068421008
 10
168.35673905915058
 20
185.3909424153502
 10
168.40657149579613
 20
185.45405009384532
 10
168.4560908095304
 20
185.51740376953836
 10
168.50529374732602
 20
185.581003466048
 10
168.55417702790186
 20
185.64484917999272
 10
168.60273734190469
 20
185.70894088020333
 10
168.65097135211363
 20
185.7732785069229
 10
168.69887569366836
 20
185.83786197099516
 10
168.7464469743216
 20
185.90269115304181
 10
168.7936817747173
 20
185.96776590262795
 10
168.84057664869445
 20
186.03308603741732
 10
168.8871281236186
 20
186.09865134231705
 10
168.9333327007409
 20
186.16446156861184
 10
168.97918685558597
 20
186.23051643308935
 10
169.02468703836985
 20
186.2968156171558
 10
169.069829674448
 20
186.3633587659436
 10
169.11461116479512
 20
186.43014548741039
 10
169.15902788651738
 20
186.4971753514315
 10
169.20307619339758
 20
186.5644478888848
 10
169.24675241647472
 20
186.63196259073027
 10
169.29005286465832
 20
186.6997189070837
 10
169.3329738253787
 20
186.76771624628657
 10
169.375511565274
 20
186.83595397397158
 10
169.41766233091445
 20
186.90443141212597
 10
169.45942234956533
 20
186.97314783815293
 10
169.50078782998855
 20
187.042102483932
 10
169.5417549632846
 20
187.1112945348799
 10
169.58231992377475
 20
187.18072312901276
 10
169.62247886992463
 20
187.25038735601055
 10
169.66222794530998
 20
187.3202862562856
 10
169.70156327962465
 20
187.39041882005574
 10
169.74048098973225
 20
187.46078398642396
 10
169.7789771807612
 20
187.53138064246548
 10
169.81704794724413
 20
187.60220762232416
 10
169.8546893743021
 20
187.67326370631912
 10
169.8918975388739
 20
187.74454762006377
 10
169.92866851099043
 20
187.81605803359798
 10
169.96499835509536
 20
187.8877935605362
 10
170.0008831314111
 20
187.9597527572319
 10
170.03631889735107
 20
188.03193412196092
 10
170.07130170897807
 20
188.10433609412524
 10
170.1058276225083
 20
188.17695705347904
 10
170.1398926958617
 20
188.24979531937885
 10
170.1734929902576
 20
188.32284915005943
 10
170.20662457185585
 20
188.39611674193804
 10
170.23928351344296
 20
188.4695962289481
 10
170.2714658961624
 20
188.543285681905
 10
170.30316781128894
 20
188.61718310790567
 10
170.33438536204613
 20
188.69128644976422
 10
170.36511466546557
 20
188.76559358548522
 10
170.39535185428778
 20
188.84010232777717
 10
170.4250930789033
 20
188.91481042360815
 10
170.45433450933243
 20
188.9897155538054
 10
170.48307233724273
 20
189.0648153327012
 10
170.51130277800291
 20
189.1401073078269
 10
170.53902207277085
 20
189.21558895965734
 10
170.5662264906148
 20
189.29125770140757
 10
170.59291233066543
 20
189.36711087888358
 10
170.61907592429685
 20
189.44314577038932
 10
170.64471363733452
 20
189.51935958669208
 10
170.66982187228788
 20
189.59574947104727
 10
170.69439707060488
 20
189.67231249928517
 10
170.71843571494657
 20
189.74904567996109
 10
170.74193433147843
 20
189.8259459545704
 10
170.76488949217622
 20
189.90301019783016
 10
170.78729781714293
 20
189.98023521802878
 10
170.8091559769343
 20
190.05761775744503
 10
170.83046069488935
 20
190.1351544928375
 10
170.851208749463
 20
190.21284203600624
 10
170.8713969765573
 20
190.2906769344264
 10
170.89102227184765
 20
190.36865567195605
 10
170.9100815931008
 20
190.4467746696182
 10
170.9285719624809
 20
190.5250302864576
 10
170.94649046883956
 20
190.60341882047283
 10
170.96383426998682
 20
190.6819365096244
 10
170.98060059493838
 20
190.76057953291814
 10
170.99678674613617
 20
190.8393440115645
 10
171.01239010163744
 20
190.91822601021323
 10
171.02740811726898
 20
190.9972215382632
 10
171.04183832874256
 20
191.07632655124638
 10
171.05567835372727
 20
191.15553695228584
 10
171.06892589387505
 20
191.23484859362623
  0
LWPOLYLINE
  5
85
330
17
100
AcDbEntity
  8
01-VISIBLE
100
AcDbPolyline
 90
401
 70
0
 10
108.62545385716011
 20
191.23484859362628
 10
108.65103560148822
 20
191.08477853904253
 10
108.67873360196725
 20
190.93508461291566
 10
108.70853150602866
 20
190.7857944935833
 10
108.7404119292936
 20
190.63693517165797
 10
108.77435650720183
 20
190.4885329167895
 10
108.81034594831051
 20
190.34061324786975
 10
108.84836008892162
 20
190.19320090671334
 10
108.88837794870102
 20
190.0463198352192
 10
108.93037778696137
 20
189.89999315599135
 10
108.97433715929199
 20
189.7542431563698
 10
109.02023297423321
 20
189.60909127580027
 10
109.06804154970852
 20
189.46455809644925
 10
109.11773866894657
 20
189.32066333695195
 10
109.16929963564404
 20
189.1774258491639
 10
109.22269932814166
 20
189.03486361777288
 10
109.2779122524068
 20
188.89299376261644
 10
109.33491259363805
 20
188.7518325435402
 10
109.39367426632916
 20
188.6113953676258
 10
109.45417096265155
 20
188.4716967986123
 10
109.5163761990359
 20
188.33275056833264
 10
109.58026336085432
 20
188.19456958998444
 10
109.64580574512358
 20
188.05716597305775
 10
109.71297660117024
 20
187.92055103974292
 10
109.78174916921456
 20
187.78473534264637
 10
109.85209671684792
 20
187.64972868364734
 10
109.92399257339291
 20
187.51554013373433
 10
109.99741016214952
 20
187.38217805366742
 10
110.07232303054329
 20
187.24965011531967
 10
110.14870487820261
 20
187.1179633235593
 10
110.22652958300219
 20
186.9871240385431
 10
110.3057712251184
 20
186.8571379982991
 10
110.38640410914978
 20
186.72801034148722
 10
110.4684027843619
 20
186.59974563023354
 10
110.55174206312157
 20
186.472347872944
 10
110.6363970375888
 20
186.34582054701087
 10
110.72234309473879
 20
186.22016662133524
 10
110.80955592978836
 20
186.09538857859445
 10
110.89801155810234
 20
185.97148843719395
 10
110.98768632565748
 20
185.8484677728482
 10
111.07855691814015
 20
185.726327739743
 10
111.17060036875519
 20
185.6050690912391
 10
111.26379406482138
 20
185.4846922000816
 10
111.35811575322853
 20
185.3651970780861
 10
111.45354354482912
 20
185.2465833952782
 10
111.55005591783573
 20
185.12885049846716
 10
111.64763172029345
 20
185.01199742923967
 10
111.74625017169365
 20
184.89602294136301
 10
111.84589086379377
 20
184.7809255175914
 10
111.94653376070443
 20
184.66670338587187
 10
112.04815919830281
 20
184.55335453494988
 10
112.15074788302846
 20
184.44087672937638
 10
112.25428089011501
 20
184.32926752392177
 10
112.35873966130815
 20
184.2185242774031
 10
112.46410600211794
 20
184.10864416593307
 10
112.57036207865052
 20
183.99962419560137
 10
112.67749041406142
 20
183.8914612145993
 10
112.78547388467086
 20
183.7841519248007
 10
112.89429571577779
 20
183.67769289281244
 10
113.00393947720802
 20
183.57208056050862
 10
113.11438907862876
 20
183.4673112550638
 10
113.2256287646599
 20
183.36338119849992
 10
113.33764310981026
 20
183.26028651676285
 10
113.45041701326471
 20
183.1580232483446
 10
113.56393569354658
 20
183.0565873524664
 10
113.67818468307718
 20
182.95597471683976
 10
113.79314982265339
 20
182.8561811650199
 10
113.90881725586188
 20
182.75720246336877
 10
114.02517342344727
 20
182.65903432764236
 10
114.14220505765013
 20
182.56167242921774
 10
114.25989917652909
 20
182.46511240097533
 10
114.37824307828028
 20
182.3693498428505
 10
114.497224335566
 20
182.2743803270698
 10
114.61683078986329
 20
182.1801994030845
 10
114.73705054584225
 20
182.08680260221672
 10
114.85787196578272
 20
181.99418544203024
 10
114.97928366403723
 20
181.90234343043898
 10
115.10127450154704
 20
181.8112720695661
 10
115.22383358041773
 20
181.72096685936503
 10
115.34695023855951
 20
181.63142330101476
 10
115.47061404439708
 20
181.5426369000994
 10
115.59481479165345
 20
181.454603169584
 10
115.71954249421097
 20
181.36731763259604
 10
115.84478738105298
 20
181.28077582502254
 10
115.97053989128837
 20
181.19497329793296
 10
116.09679066926138
 20
181.1099056198359
 10
116.22353055974848
 20
181.02556837877904
 10
116.35075060324337
 20
180.94195718430046
 10
116.47844203133158
 20
180.8590676692392
 10
116.60659626215512
 20
180.7768954914124
 10
116.7352048959677
 20
180.69543633516685
 10
116.86425971078093
 20
180.6146859128113
 10
116.99375265810116
 20
180.53463996593626
 10
117.12367585875711
 20
180.45529426662767
 10
117.25402159881764
 20
180.37664461858014
 10
117.38478232559922
 20
180.2986868581159
 10
117.51595064376241
 20
180.22141685511417
 10
117.64751931149648
 20
180.14483051385673
 10
117.77948123679124
 20
180.068923773794
 10
117.9118294737951
 20
179.99369261023705
 10
118.04455721925804
 20
179.91913303497859
 10
118.17765780905864
 20
179.84524109684878
 10
118.3111247148135
 20
179.7720128822084
 10
118.44495154056796
 20
179.69944451538385
 10
118.5791320195667
 20
179.62753215904746
 10
118.7136600111028
 20
179.55627201454624
 10
118.84852949744385
 20
179.48566032218258
 10
118.9837345808335
 20
179.41569336144954
 10
119.11926948056717
 20
179.346367451224
 10
119.25512853014021
 20
179.27767894992002
 10
119.39130617446725
 20
179.2096242556052
 10
119.52779696717086
 20
179.1421998060825
 10
119.66459556793843
 20
179.07540207893948
 10
119.80169673994547
 20
179.0092275915674
 10
119.93909534734371
 20
178.94367290115244
 10
120.07678635281312
 20
178.87873460464033
 10
120.21476481517546
 20
178.81440933867674
 10
120.3530258870687
 20
178.7506937795253
 10
120.49156481268037
 20
178.687584642964
 10
120.63037692553861
 20
178.6250786841627
 10
120.76945764635948
 20
178.56317269754203
 10
120.90880248094894
 20
178.50186351661634
 10
121.04840701815849
 20
178.44114801382042
 10
121.18826692789281
 20
178.38102310032275
 10
121.32837795916822
 20
178.32148572582543
 10
121.46873593822059
 20
178.26253287835192
 10
121.60933676666139
 20
178.20416158402458
 10
121.7501764196808
 20
178.14636890683153
 10
121.89125094429649
 20
178.0891519483847
 10
122.0325564576468
 20
178.03250784766993
 10
122.17408914532747
 20
177.97643378078908
 10
122.3158452597703
 20
177.92092696069616
 10
122.45782111866306
 20
177.86598463692695
 10
122.60001310340928
 20
177.81160409532356
 10
122.74241765762697
 20
177.75778265775432
 10
122.88503128568505
 20
177.70451768182966
 10
123.0278505512767
 20
177.6518065606142
 10
123.17087207602853
 20
177.59964672233602
 10
123.3140925381445
 20
177.54803563009338
 10
123.45750867108386
 20
177.4969707815593
 10
123.60111726227184
 20
177.44644970868455
 10
123.74491515184262
 20
177.39646997739916
 10
123.88889923141342
 20
177.34702918731338
 10
124.03306644288877
 20
177.2981249714178
 10
124.17741377729442
 20
177.2497549957834
 10
124.32193827363997
 20
177.20191695926164
 10
124.46663701780916
 20
177.15460859318486
 10
124.61150714147756
 20
177.1078276610674
 10
124.75654582105642
 20
177.06157195830752
 10
124.90175027666217
 20
177.01583931189055
 10
125.04711777111098
 20
176.97062758009304
 10
125.19264560893755
 20
176.92593465218883
 10
125.3383311354372
 20
176.88175844815652
 10
125.48417173573125
 20
176.83809691838894
 10
125.63016483385444
 20
176.79494804340453
 10
125.77630789186408
 20
176.75230983356096
 10
125.92259840897027
 20
176.71018032877123
 10
126.06903392068652
 20
176.66855759822164
 10
126.2156119980004
 20
176.627439740093
 10
126.36233024656346
 20
176.58682488128397
 10
126.50918630589999
 20
176.54671117713733
 10
126.65617784863407
 20
176.50709681116905
 10
126.80330257973444
 20
176.4679799948004
 10
126.95055823577653
 20
176.42935896709258
 10
127.09794258422157
 20
176.391231994485
 10
127.2454534227117
 20
176.35359737053625
 10
127.3930885783813
 20
176.31645341566843
 10
127.54084590718348
 20
176.2797984769145
 10
127.6887232932319
 20
176.24363092766885
 10
127.83671864815688
 20
176.20794916744165
 10
127.98482991047581
 20
176.17275162161565
 10
128.13305504497762
 20
176.1380367412072
 10
128.28139204212022
 20
176.10380300262997
 10
128.42983891744126
 20
176.07004890746248
 10
128.5783937109816
 20
176.03677298221885
 10
128.727054486721
 20
176.00397377812288
 10
128.87581933202574
 20
175.9716498708858
 10
129.02468635710798
 20
175.93979986048726
 10
129.1736536944966
 20
175.90842237095987
 10
129.32271949851867
 20
175.87751605017712
 10
129.47188194479187
 20
175.84707956964473
 10
129.62113922972736
 20
175.81711162429565
 10
129.77048957004257
 20
175.78761093228815
 10
129.91993120228398
 20
175.75857623480746
 10
130.06946238235926
 20
175.73000629587125
 10
130.21908138507894
 20
175.70189990213782
 10
130.36878650370687
 20
175.67425586271838
 10
130.51857604951942
 20
175.64707300899212
 10
130.66844835137363
 20
175.62035019442519
 10
130.81840175528293
 20
175.5940862943927
 10
130.96843462400145
 20
175.56828020600437
 10
131.118545336616
 20
175.54293084793323
 10
131.26873228814534
 20
175.51803716024773
 10
131.41899388914737
 20
175.49359810424744
 10
131.56932856533282
 20
175.4696126623016
 10
131.7197347571865
 20
175.44607983769146
 10
131.87021091959477
 20
175.4229986544552
 10
132.0207555214799
 20
175.40036815723687
 10
132.17136704544075
 20
175.37818741113796
 10
132.32204398739924
 20
175.35645550157253
 10
132.4727848562534
 20
175.3351715341252
 10
132.6235881735357
 20
175.31433463441272
 10
132.7744524730773
 20
175.29394394794832
 10
132.92537630067758
 20
175.27399864000932
 10
133.07635821377917
 20
175.254497895508
 10
133.22739678114786
 20
175.23544091886515
 10
133.3784905825577
 20
175.21682693388738
 10
133.5296382084806
 20
175.19865518364662
 10
133.68083825978113
 20
175.1809249303633
 10
133.83208934741515
 20
175.16363545529236
 10
133.98339009213336
 20
175.14678605861212
 10
134.13473912418877
 20
175.13037605931635
 10
134.2861350830484
 20
175.114404795109
 10
134.4375766171089
 20
175.0988716223021
 10
134.58906238341572
 20
175.08377591571673
 10
134.74059104738654
 20
175.06911706858625
 10
134.89216128253761
 20
175.05489449246323
 10
135.04377177021405
 20
175.04110761712863
 10
135.195421199323
 20
175.02775589050418
 10
135.34710826607028
 20
175.0148387785673
 10
135.4988316737001
 20
175.00235576526927
 10
135.65059013223734
 20
174.99030635245566
 10
135.80238235823322
 20
174.97869005978998
 10
135.95420707451325
 20
174.96750642467987
 10
136.10606300992805
 20
174.9567550022062
 10
136.25794889910637
 20
174.9464353650547
 10
136.4098634822109
 20
174.93654710345055
 10
136.56180550469603
 20
174.92708982509563
 10
136.713773717068
 20
174.91806315510826
 10
136.86576687464694
 20
174.90946673596596
 10
137.01778373733103
 20
174.90130022745058
 10
137.16982306936256
 20
174.89356330659643
 10
137.32188363909557
 20
174.88625566764074
 10
137.47396421876536
 20
174.87937702197695
 10
137.62606358425958
 20
174.8729270981106
 10
137.77818051489055
 20
174.86690564161796
 10
137.93031379316935
 20
174.86131241510685
 10
138.082462204581
 20
174.8561471981808
 10
138.23462453736073
 20
174.8514097874051
 10
138.3867995822717
 20
174.84709999627592
 10
138.53898613238331
 20
174.84321765519175
 10
138.6911829828509
 20
174.8397626114276
 10
138.84338893069594
 20
174.83673472911164
 10
138.99560277458707
 20
174.8341338892045
 10
139.1478233146219
 20
174.83195998948128
 10
139.3000493521094
 20
174.83021294451552
 10
139.45227968935245
 20
174.8288926856668
 10
139.6045131294313
 20
174.82799916106976
 10
139.75674847598688
 20
174.82753233562642
 10
139.90898453300474
 20
174.8274921910008
 10
140.06122010459862
 20
174.8278787256162
 10
140.21345399479466
 20
174.82869195465474
 10
140.36568500731522
 20
174.82993191006
 10
140.51791194536253
 20
174.83159864054153
 10
140.6701336114023
 20
174.83369221158256
 10
140.8223488069471
 20
174.83621270544984
 10
140.97455633233915
 20
174.8391602212062
 10
141.12675498653252
 20
174.84253487472574
 10
141.27894356687545
 20
174.84633679871126
 10
141.4311208688911
 20
174.8505661427148
 10
141.58328568605828
 20
174.8552230731603
 10
141.7354368095909
 20
174.8603077733689
 10
141.88757302821693
 20
174.8658204435871
 10
142.03969312795587
 20
174.87176130101713
 10
142.19179589189557
 20
174.87813057985034
 10
142.34388009996744
 20
174.88492853130265
 10
142.49594452872097
 20
174.89215542365332
 10
142.6479879510961
 20
174.89981154228548
 10
142.8000091361948
 20
174.90789718973008
 10
142.95200684905075
 20
174.9164126857121
 10
143.1039798503973
 20
174.92535836719924
 10
143.25592689643415
 20
174.9347345884537
 10
143.40784673859133
 20
174.9445417210863
 10
143.5597381232921
 20
174.95478015411342
 10
143.71159979171344
 20
174.96545029401653
 10
143.86343047954392
 20
174.97655256480445
 10
144.01522891674023
 20
174.98808740807848
 10
144.16699382728058
 20
175.00005528309998
 10
144.31872392891594
 20
175.012456666861
 10
144.47041793291868
 20
175.02529205415723
 10
144.6220745438285
 20
175.03856195766434
 10
144.77369245919533
 20
175.0522669080164
 10
144.9252703693198
 20
175.0664074538878
 10
145.07680695699025
 20
175.08098416207724
 10
145.2283008972166
 20
175.09599761759534
 10
145.37975085696115
 20
175.11144842375444
 10
145.53115549486583
 20
175.1273372022615
 10
145.68251346097605
 20
175.1436645933141
 10
145.8338233964607
 20
175.160431255699
 10
145.98508393332844
 20
175.17763786689375
 10
146.13629369414028
 20
175.19528512317135
 10
146.2874512917177
 20
175.21337373970755
 10
146.43855532884695
 20
175.23190445069156
 10
146.58960439797875
 20
175.2508780094393
 10
146.74059708092366
 20
175.27029518850986
 10
146.89153194854285
 20
175.29015677982534
 10
147.04240756043382
 20
175.31046359479282
 10
147.1932224646116
 20
175.33121646443044
 10
147.34397519718442
 20
175.3524162394959
 10
147.49466428202447
 20
175.3740637906182
 10
147.64528823043304
 20
175.39616000843273
 10
147.79584554080023
 20
175.41870580371904
 10
147.9463346982585
 20
175.44170210754245
 10
148.09675417433095
 20
175.46514987139813
 10
148.24710242657284
 20
175.48905006735887
 10
148.39737789820705
 20
175.51340368822588
 10
148.54757901775315
 20
175.53821174768277
 10
148.6977041986495
 20
175.56347528045305
 10
148.84775183886867
 20
175.58919534246064
 10
148.99772032052576
 20
175.61537301099366
 10
149.14760800947903
 20
175.64200938487187
 10
149.29741325492355
 20
175.669105584617
 10
149.4471343889768
 20
175.69666275262668
 10
149.59676972625593
 20
175.72468205335178
 10
149.7463175634477
 20
175.75316467347682
 10
149.89577617886886
 20
175.78211182210418
 10
150.04514383201882
 20
175.8115247309413
 10
150.19441876312268
 20
175.84140465449167
 10
150.34359919266512
 20
175.87175287024883
 10
150.49268332091523
 20
175.90257067889416
 10
150.641669327441
 20
175.93385940449792
 10
150.7905553706142
 20
175.9656203947238
 10
150.9393395871046
 20
175.99785502103686
 10
151.08802009136377
 20
176.03056467891486
 10
151.2365949750978
 20
176.0637507880633
 10
151.38506230672883
 20
176.09741479263346
 10
151.53342013084495
 20
176.1315581614444
 10
151.6816664676382
 20
176.16618238820791
 10
151.82979931233032
 20
176.2012889917572
 10
151.97781663458588
 20
176.2368795162789
 10
152.12571637791234
 20
176.27295553154835
 10
152.2734964590469
 20
176.30951863316838
 10
152.4211547673297
 20
176.34657044281153
 10
152.56868916406262
 20
176.38411260846527
 10
152.71609748185367
 20
176.42214680468078
 10
152.86337752394667
 20
176.460674732825
 10
153.01052706353516
 20
176.4996981213356
 10
153.15754384306095
 20
176.53921872597942
 10
153.30442557349582
 20
176.57923833011392
 10
153.4511699336073
 20
176.61975874495164
 10
153.59777456920642
 20
176.66078180982754
 10
153.74423709237834
 20
176.70230939246966
 10
153.89055508069453
 20
176.74434338927205
 10
154.03672607640632
 20
176.78688572557104
 10
154.18274758561918
 20
176.82993835592362
 10
154.32861707744712
 20
176.87350326438877
 10
154.47433198314695
 20
176.91758246481123
 10
154.61988969523117
 20
176.96217800110713
 10
154.76528756655978
 20
177.00729194755246
 10
154.9105229094097
 20
177.0529264090731
 10
155.05559299452145
 20
177.099083521537
 10
155.20049505012219
 20
177.14576545204795
 10
155.345226260925
 20
177.1929743992411
 10
155.48978376710303
 20
177.24071259357933
 10
155.6341646632385
 20
177.28898229765156
 10
155.7783659972451
 20
177.33778580647123
 10
155.9223847692635
 20
177.38712544777576
 10
156.06621793052958
 20
177.43700358232658
 10
156.20986238221326
 20
177.48742260420903
 10
156.35331497422897
 20
177.53838494113216
 10
156.49657250401503
 20
177.5898930547282
 10
156.6396317152829
 20
177.64194944085096
 10
156.78248929673367
 20
177.6945566298732
 10
156.9251418807426
 20
177.7477171869824
 10
157.06758604200917
 20
177.80143371247453
 10
157.20981829617318
 20
177.85570884204532
 10
157.3518350983945
 20
177.91054524707846
 10
157.49363284189707
 20
177.96594563493085
 10
157.6352078564743
 20
178.02191274921324
 10
157.7765564069566
 20
178.07844937006678
 10
157.91767469163864
 20
178.1355583144343
 10
158.05855884066608
 20
178.19324243632536
 10
158.19920491438
 20
178.25150462707552
 10
158.3396089016187
 20
178.31034781559777
 10
158.4797667179747
 20
178.36977496862585
 10
158.61967420400654
 20
178.42978909094933
 10
158.7593271234039
 20
178.49039322563803
 10
158.8987211611045
 20
178.55159045425637
 10
159.03785192136223
 20
178.61338389706563
 10
159.17671492576417
 20
178.67577671321368
 10
159.3153056111962
 20
178.7387721009103
 10
159.45361932775535
 20
178.8023732975879
 10
159.59165133660719
 20
178.86658358004544
 10
159.72939680778788
 20
178.93140626457475
 10
159.8668508179484
 20
178.9968447070675
 10
160.00400834804003
 20
179.0629023031016
 10
160.1408642809396
 20
179.1295824880051
 10
160.27741339901323
 20
179.19688873689628
 10
160.41365038161643
 20
179.2648245646974
 10
160.54956980252982
 20
179.33339352612126
 10
160.6851661273286
 20
179.40259921562765
 10
160.82043371068423
 20
179.47244526734778
 10
160.95536679359674
 20
179.5429353549747
 10
161.0899595005566
 20
179.61407319161714
 10
161.2242058366341
 20
179.68586252961387
 10
161.35809968449502
 20
179.75830716030669
 10
161.49163480134098
 20
179.8314109137685
 10
161.62480481577313
 20
179.90517765848375
 10
161.75760322457768
 20
179.97961130097812
 10
161.8900233894316
 20
180.0547157853942
 10
162.0220585335277
 20
180.1304950930092
  0
LWPOLYLINE
  5
86
330
17
100
AcDbEntity
  8
01-VISIBLE
100
AcDbPolyline
 90
122
 70
0
 10
162.0220585335277
 20
181.43688962249354
 10
162.09136294483486
 20
181.4770279904164
 10
162.16055786111437
 20
181.51735482428523
 10
162.22964224764314
 20
181.55787071584527
 10
162.29861505826295
 20
181.59857625954356
 10
162.36747523523138
 20
181.6394720524996
 10
162.43622170907113
 20
181.68055869447392
 10
162.5048533984175
 20
181.721836787835
 10
162.57336920986376
 20
181.7633069375247
 10
162.6417680378049
 20
181.80496975102164
 10
162.7100487642794
 20
181.84682583830295
 10
162.77821025880914
 20
181.88887581180393
 10
162.84625137823744
 20
181.93112028637609
 10
162.91417096656505
 20
181.97355987924266
 10
162.98196785478441
 20
182.01619520995268
 10
163.04964086071206
 20
182.05902690033224
 10
163.11718878881865
 20
182.1020555744342
 10
163.18461043005775
 20
182.14528185848496
 10
163.25190456169213
 20
182.18870638082964
 10
163.31906994711846
 20
182.232329771874
 10
163.38610533568982
 20
182.27615266402466
 10
163.4530094625366
 20
182.32017569162628
 10
163.51978104838528
 20
182.36439949089612
 10
163.5864187993751
 20
182.4088246998562
 10
163.6529214068734
 20
182.45345195826232
 10
163.71928754728833
 20
182.49828190753033
 10
163.78551588188026
 20
182.54331519065943
 10
163.85160505657095
 20
182.58855245215238
 10
163.91755370175105
 20
182.63399433793285
 10
163.98336043208545
 20
182.67964149525886
 10
164.04902384631728
 20
182.72549457263358
 10
164.11454252706946
 20
182.77155421971244
 10
164.17991504064506
 20
182.81782108720665
 10
164.2451399368254
 20
182.86429582678323
 10
164.31021574866662
 20
182.91097909096106
 10
164.37514099229458
 20
182.95787153300358
 10
164.4399141666978
 20
183.0049738068069
 10
164.50453375351907
 20
183.05228656678455
 10
164.56899821684522
 20
183.09981046774757
 10
164.63330600299525
 20
183.14754616478052
 10
164.6974555403072
 20
183.195494313113
 10
164.7614452389231
 20
183.24365556798682
 10
164.82527349057298
 20
183.29203058451841
 10
164.88893866835707
 20
183.34062001755655
 10
164.95243912652683
 20
183.38942452153503
 10
165.01577320026473
 20
183.43844475032057
 10
165.07893920546277
 20
183.4876813570554
 10
165.14193543849987
 20
183.5371349939946
 10
165.20476017601828
 20
183.58680631233807
 10
165.26741167469882
 20
183.63669596205688
 10
165.32988817103544
 20
183.6868045917139
 10
165.39218788110887
 20
183.7371328482787
 10
165.4543090003595
 20
183.7876813769364
 10
165.51624970335985
 20
183.83845082089033
 10
165.5780081435862
 20
183.88944182115833
 10
165.6395824531902
 20
183.94065501636288
 10
165.70097074276998
 20
183.99209104251435
 10
165.7621711011412
 20
184.04375053278756
 10
165.823181595108
 20
184.09563411729152
 10
165.88400026923415
 20
184.14774242283204
 10
165.94462514561457
 20
184.2000760726669
 10
166.005054223647
 20
184.2526356862539
 10
166.06528547980452
 20
184.30542187899115
 10
166.12531686740869
 20
184.35843526194964
 10
166.1851463164038
 20
184.41167644159782
 10
166.24477173313184
 20
184.46514601951827
 10
166.3041910001093
 20
184.51884459211584
 10
166.36340197580517
 20
184.57277275031763
 10
166.42240249442068
 20
184.62693107926395
 10
166.4811903656713
 20
184.68132015799097
 10
166.53976337457044
 20
184.73594055910388
 10
166.59811928121613
 20
184.7907928484414
 10
166.65625582057987
 20
184.84587758473043
 10
166.71417070229896
 20
184.90119531923162
 10
166.77186161047166
 20
184.95674659537508
 10
166.82932620345608
 20
185.01253194838608
 10
166.88656211367282
 20
185.06855190490103
 10
166.94356694741188
 20
185.1248069825728
 10
167.0003382846438
 20
185.18129768966617
 10
167.0568736788358
 20
185.23802452464236
 10
167.11317065677315
 20
185.29498797573274
 10
167.16922671838574
 20
185.35218852050207
 10
167.2250393365809
 20
185.40962662540028
 10
167.2806059570822
 20
185.4673027453033
 10
167.33592399827535
 20
185.52521732304223
 10
167.39099085106076
 20
185.5833707889213
 10
167.445803878714
 20
185.64176356022404
 10
167.50036041675412
 20
185.70039604070763
 10
167.5546577728205
 20
185.75926862008515
 10
167.60869322655861
 20
185.81838167349628
 10
167.66246402951526
 20
185.8777355609652
 10
167.71596740504384
 20
185.93733062684666
 10
167.76920054822003
 20
185.99716719925945
 10
167.82216062576845
 20
186.0572455895075
 10
167.87484477600117
 20
186.1175660914884
 10
167.9272501087682
 20
186.17812898108934
 10
167.97937370542076
 20
186.23893451557018
 10
168.031212618788
 20
186.29998293293417
 10
168.0827638731679
 20
186.36127445128568
 10
168.13402446433233
 20
186.42280926817523
 10
168.18499135954812
 20
186.48458755993175
 10
168.2356614976135
 20
186.54660948098234
 10
168.2860317889116
 20
186.6088751631589
 10
168.33609911548115
 20
186.67138471499266
 10
168.38586033110548
 20
186.73413822099593
 10
168.43531226142017
 20
186.79713574093114
 10
168.48445170404045
 20
186.86037730906816
 10
168.53327542870886
 20
186.9238629334289
 10
168.58178017746408
 20
186.98759259502026
 10
168.62996266483185
 20
187.0515662470553
 10
168.6778195780383
 20
187.11578381416234
 10
168.72534757724716
 20
187.1802451915836
 10
168.7725432958211
 20
187.24495024436197
 10
168.81940334060846
 20
187.30989880651765
 10
168.8659242922559
 20
187.37509068021433
 10
168.91210270554794
 20
187.4405256349151
 10
168.9579351097744
 20
187.50620340652904
 10
169.00341800912625
 20
187.57212369654906
 10
169.048547883121
 20
187.6382861711803
 10
169.0933211870584
 20
187.70469046046136
 10
169.13773435250747
 20
187.77133615737745
 10
169.18178378782528
 20
187.8382228169669
  0
LWPOLYLINE
  5
87
330
17
100
AcDbEntity
  8
01-VISIBLE
100
AcDbPolyline
 90
401
 70
0
 10
110.51259596320989
 20
187.8382228169669
 10
110.58954290795519
 20
187.72189554361677
 10
110.66758490426584
 20
187.60630005573495
 10
110.74670311967023
 20
187.4914384820164
 10
110.82687894207174
 20
187.3773126142675
 10
110.90809398712653
 20
187.2639239215025
 10
110.99033010478082
 20
187.1512735638127
 10
111.07356938500939
 20
187.0393624059829
 10
111.15779416279696
 20
186.92819103083352
 10
111.24298702240341
 20
186.81775975227015
 10
111.3291308009534
 20
186.7080686280242
 10
111.41620859139002
 20
186.59911747207207
 10
111.50420374483149
 20
186.49090586672182
 10
111.59309987236819
 20
186.3834331743589
 10
111.68288084633711
 20
186.2766985488451
 10
111.7735308011089
 20
186.17070094656538
 10
111.86503413342149
 20
186.0654391371213
 10
111.95737550229329
 20
185.9609117136684
 10
112.05053982854744
 20
185.85711710289908
 10
112.14451229397694
 20
185.7540535746719
 10
112.2392783401795
 20
185.65171925129036
 10
112.3348236670895
 20
185.55011211643478
 10
112.43113423123285
 20
185.44923002375202
 10
112.52819624372934
 20
185.34907070510832
 10
112.62599616806602
 20
185.2496317785115
 10
112.72452071766317
 20
185.1509107557091
 10
112.82375685325383
 20
185.0529050494697
 10
112.92369178009636
 20
184.95561198055464
 10
113.02431294503833
 20
184.85902878438878
 10
113.12560803344859
 20
184.76315261743738
 10
113.2275649660341
 20
184.66798056329856
 10
113.33017189555595
 20
184.57350963851906
 10
113.43341720345902
 20
184.47973679814174
 10
113.53728949642782
 20
184.38665894099492
 10
113.64177760288109
 20
184.29427291472967
 10
113.7468705694159
 20
184.2025755206164
 10
113.85255765721196
 20
184.1115635181073
 10
113.95882833840552
 20
184.0212336291739
 10
114.0656722924418
 20
183.93158254242846
 10
114.17307940241412
 20
183.84260691703636
 10
114.28103975139697
 20
183.75430338642883
 10
114.38954361878031
 20
183.6666685618229
 10
114.4985814766107
 20
183.57969903555693
 10
114.60814398594567
 20
183.4933913842491
 10
114.71822199322601
 20
183.4077421717863
 10
114.82880652667093
 20
183.32274795215005
 10
114.93988879270012
 20
183.23840527208762
 10
115.05146017238685
 20
183.15471067363364
 10
115.1635122179453
 20
183.07166069648997
 10
115.27603664925515
 20
182.9892518802692
 10
115.38902535042641
 20
182.90748076660873
 10
115.50247036640658
 20
182.8263439011605
 10
115.61636389963252
 20
182.74583783546296
 10
115.73069830672863
 20
182.6659591286999
 10
115.84546609525316
 20
182.58670434935215
 10
115.96065992049378
 20
182.50807007674655
 10
116.07627258231375
 20
182.43005290250773
 10
116.19229702204939
 20
182.35264943191703
 10
116.30872631945988
 20
182.275856285183
 10
116.42555368972978
 20
182.19967009862813
 10
116.54277248052476
 20
182.1240875257955
 10
116.66037616910089
 20
182.04910523847968
 10
116.77835835946757
 20
181.97471992768578
 10
116.89671277960423
 20
181.90092830451982
 10
117.01543327873068
 20
181.82772710101403
 10
117.134513824631
 20
181.75511307089113
 10
117.25394850103076
 20
181.68308299026938
 10
117.37373150502718
 20
181.611633658313
 10
117.49385714457183
 20
181.54076189782947
 10
117.6143198360056
 20
181.47046455581756
 10
117.73511410164512
 20
181.40073850396809
 10
117.85623456742044
 20
181.3315806391201
 10
117.97767596056306
 20
181.26298788367487
 10
118.09943310734377
 20
181.1949571859704
 10
118.22150093085975
 20
181.12748552061765
 10
118.34387444887003
 20
181.0605698888017
 10
118.46654877167865
 20
180.99420731854894
 10
118.5895191000649
 20
180.9283948649629
 10
118.71278072325957
 20
180.86312961042978
 10
118.83632901696681
 20
180.79840866479583
 10
118.96015944143038
 20
180.73422916551863
 10
119.08426753954387
 20
180.6705882777925
 10
119.20864893500385
 20
180.60748319465097
 10
119.33329933050513
 20
180.54491113704688
 10
119.45821450597745
 20
180.48286935391155
 10
119.58339031686266
 20
180.4213551221945
 10
119.70882269243157
 20
180.36036574688467
 10
119.83450763413977
 20
180.2998985610144
 10
119.96044121402136
 20
180.23995092564735
 10
120.08661957312016
 20
180.18052022985114
 10
120.21303891995723
 20
180.12160389065605
 10
120.33969552903409
 20
180.06319935299996
 10
120.46658573937079
 20
180.0053040896617
 10
120.59370595307813
 20
179.9479156011822
 10
120.72105263396327
 20
179.89103141577505
 10
120.84862230616767
 20
179.83464908922744
 10
120.97641155283719
 20
179.77876620479122
 10
121.104417014823
 20
179.72338037306577
 10
121.232635389413
 20
179.6684892318728
 10
121.36106342909287
 20
179.61409044612353
 10
121.48969794033606
 20
179.56018170767942
 10
121.61853578242201
 20
179.50676073520626
 10
121.74757386628204
 20
179.4538252740229
 10
121.87680915337208
 20
179.4013730959444
 10
122.00623865457169
 20
179.34940199912023
 10
122.13585942910885
 20
179.29790980786868
 10
122.26566858350944
 20
179.24689437250657
 10
122.39566327057165
 20
179.1963535691757
 10
122.5258406883635
 20
179.14628529966635
 10
122.6561980792443
 20
179.09668749123728
 10
122.78673272890813
 20
179.0475580964336
 10
122.91744196544983
 20
178.99889509290227
 10
123.04832315845232
 20
178.9506964832056
 10
123.17937371809496
 20
178.90296029463315
 10
123.3105910942824
 20
178.85568457901195
 10
123.44197277579336
 20
178.808867412516
 10
123.57351628944888
 20
178.76250689547408
 10
123.70521919929949
 20
178.71660115217765
 10
123.83707910583111
 20
178.67114833068746
 10
123.96909364518856
 20
178.6261466026403
 10
124.10126048841705
 20
178.58159416305523
 10
124.23357734072056
 20
178.53748923014012
 10
124.36604194073695
 20
178.49383004509798
 10
124.49865205982947
 20
178.45061487193388
 10
124.63140550139396
 20
178.4078419972621
 10
124.76430010018166
 20
178.36550973011398
 10
124.8973337216369
 20
178.3236164017463
 10
125.03050426124976
 20
178.2821603654506
 10
125.16380964392268
 20
178.24113999636336
 10
125.29724782335137
 20
178.20055369127704
 10
125.43081678141915
 20
178.16039986845237
 10
125.56451452760436
 20
178.12067696743196
 10
125.69833909840109
 20
178.08138344885458
 10
125.83228855675219
 20
178.0425177942716
 10
125.9663609914945
 20
178.00407850596406
 10
126.10055451681632
 20
177.96606410676185
 10
126.23486727172629
 20
177.92847313986374
 10
126.36929741953367
 20
177.89130416865973
 10
126.50384314733968
 20
177.85455577655443
 10
126.63850266553973
 20
177.8182265667925
 10
126.77327420733587
 20
177.78231516228544
 10
126.90815602825988
 20
177.74682020544049
 10
127.04314640570597
 20
177.71174035799135
 10
127.17824363847338
 20
177.67707430083016
 10
127.31344604631852
 20
177.6428207338421
 10
127.44875196951604
 20
177.6089783757414
 10
127.58415976842933
 20
177.57554596390924
 10
127.71966782308944
 20
177.54252225423386
 10
127.85527453278263
 20
177.50990602095254
 10
127.99097831564637
 20
177.47769605649518
 10
128.1267776082733
 20
177.4458911713304
 10
128.26267086532314
 20
177.41449019381326
 10
128.3986565591425
 20
177.38349197003515
 10
128.53473317939168
 20
177.35289536367574
 10
128.67089923267946
 20
177.3226992558566
 10
128.80715324220452
 20
177.29290254499733
 10
128.94349374740392
 20
177.26350414667343
 10
129.07991930360862
 20
177.2345029934762
 10
129.21642848170507
 20
177.2058980348749
 10
129.35301986780374
 20
177.1776882370806
 10
129.4896920629137
 20
177.14987258291234
 10
129.6264436826231
 20
177.12245007166536
 10
129.76327335678604
 20
177.09541971898102
 10
129.90017972921484
 20
177.06878055671925
 10
130.0371614573781
 20
177.04253163283244
 10
130.1742172121042
 20
177.016672011242
 10
130.31134567729026
 20
176.99120077171636
 10
130.44854554961637
 20
176.96611700975131
 10
130.5858155382644
 20
176.94141983645244
 10
130.72315436464262
 20
176.917108378419
 10
130.86056076211415
 20
176.8931817776306
 10
130.99803347573095
 20
176.86963919133512
 10
131.13557126197193
 20
176.84647979193915
 10
131.27317288848548
 20
176.82370276690006
 10
131.4108371338366
 20
176.8013073186201
 10
131.54856278725796
 20
176.77929266434262
 10
131.6863486484053
 20
176.75765803604997
 10
131.8241935271166
 20
176.73640268036354
 10
131.96209624317535
 20
176.71552585844563
 10
132.10005562607745
 20
176.6950268459031
 10
132.23807051480182
 20
176.67490493269332
 10
132.37613975758464
 20
176.65515942303142
 10
132.5142622116969
 20
176.63578963530006
 10
132.65243674322573
 20
176.61679490196053
 10
132.79066222685847
 20
176.59817456946593
 10
132.9289375456704
 20
176.5799279981764
 10
133.06726159091542
 20
176.56205456227565
 10
133.20563326181951
 20
176.54455364969
 10
133.3440514653776
 20
176.52742466200857
 10
133.4825151161529
 20
176.51066701440584
 10
133.62102313607923
 20
176.49428013556548
 10
133.75957445426585
 20
176.4782634676065
 10
133.898168006805
 20
176.46261646601064
 10
134.03680273658196
 20
176.4473385995521
 10
134.17547759308772
 20
176.43242935022835
 10
134.3141915322336
 20
176.41788821319332
 10
134.45294351616866
 20
176.40371469669194
 10
134.59173251309903
 20
176.38990832199644
 10
134.73055749710957
 20
176.3764686233446
 10
134.8694174479875
 20
176.36339514787934
 10
135.0083113510481
 20
176.35068745559033
 10
135.14723819696243
 20
176.33834511925716
 10
135.28619698158695
 20
176.326367724394
 10
135.42518670579472
 20
176.3147548691964
 10
135.56420637530874
 20
176.30350616448922
 10
135.70325500053679
 20
176.29262123367653
 10
135.8423315964077
 20
176.28209971269308
 10
135.9814351822098
 20
176.27194124995742
 10
136.12056478143018
 20
176.26214550632653
 10
136.25971942159592
 20
176.25271215505234
 10
136.39889813411648
 20
176.24364088173945
 10
136.5380999541275
 20
176.23493138430484
 10
136.67732392033597
 20
176.22658337293905
 10
136.81656907486644
 20
176.21859657006883
 10
136.95583446310854
 20
176.21097071032165
 10
137.0951191335657
 20
176.20370554049128
 10
137.2344221377047
 20
176.1968008195057
 10
137.3737425298064
 20
176.19025631839588
 10
137.51307936681755
 20
176.18407182026652
 10
137.65243170820324
 20
176.17824712026808
 10
137.79179861580027
 20
176.1727820255707
 10
137.93117915367156
 20
176.16767635533944
 10
138.07057238796114
 20
176.162929940711
 10
138.20997738674976
 20
176.15854262477205
 10
138.3493932199112
 20
176.15451426253946
 10
138.4888189589696
 20
176.15084472094128
 10
138.6282536769566
 20
176.14753387879998
 10
138.7676964482696
 20
176.1445816268169
 10
138.90714634853018
 20
176.14198786755816
 10
139.04660245444313
 20
176.13975251544235
 10
139.18606384365572
 20
176.13787549672935
 10
139.32552959461722
 20
176.13635674951115
 10
139.46499878643885
 20
176.1351962237038
 10
139.60447049875393
 20
176.13439388104086
 10
139.74394381157808
 20
176.1339496950689
 10
139.8834178051697
 20
176.13386365114363
 10
140.02289155989033
 20
176.1341357464284
 10
140.16236415606548
 20
176.13476598989365
 10
140.30183467384478
 20
176.13575440231818
 10
140.44130219306268
 20
176.13710101629167
 10
140.5807657930987
 20
176.13880587621895
 10
140.7202245527377
 20
176.1408690383256
 10
140.8596775500298
 20
176.14329057066527
 10
140.99912386215016
 20
176.14607055312828
 10
141.13856256525847
 20
176.14920907745187
 10
141.27799273435795
 20
176.1527062472319
 10
141.4174134431543
 20
176.15656217793622
 10
141.55682376391363
 20
176.16077699691934
 10
141.69622276732062
 20
176.16535084343883
 10
141.83560952233546
 20
176.17028386867307
 10
141.97498309605075
 20
176.17557623574066
 10
142.1143425535474
 20
176.18122811972134
 10
142.2536869577501
 20
176.18723970767834
 10
142.39301536928178
 20
176.19361119868245
 10
142.53232684631757
 20
176.20034280383754
 10
142.6716204444378
 20
176.2074347463076
 10
142.81089521648
 20
176.2148872613453
 10
142.9501502123902
 20
176.22270059632234
 10
143.08938447907306
 20
176.23087501076105
 10
143.22859706024104
 20
176.23941077636783
 10
143.3677869962623
 20
176.2483081770681
 10
143.50695332400784
 20
176.25756750904253
 10
143.64609507669695
 20
176.26718908076532
 10
143.7852112837419
 20
176.27717321304397
 10
143.92430097059068
 20
176.28752023906029
 10
144.06336315856908
 20
176.29823050441337
 10
144.20239686472087
 20
176.3093043671642
 10
144.3414011016465
 20
176.32074219788166
 10
144.48037487734055
 20
176.33254437969032
 10
144.6193171950272
 20
176.34471130831986
 10
144.75822705299439
 20
176.35724339215602
 10
144.89710344442594
 20
176.37014105229332
 10
145.035945357232
 20
176.38340472258955
 10
145.17475177387772
 20
176.39703484972154
 10
145.31352167120986
 20
176.4110318932432
 10
145.4522540202814
 20
176.4253963256446
 10
145.59094778617427
 20
176.44012863241323
 10
145.7296019278198
 20
176.45522931209695
 10
145.86821539781693
 20
176.47069887636803
 10
146.0067871422482
 20
176.48653785009012
 10
146.14531610049363
 20
176.50274677138555
 10
146.28380120504164
 20
176.5193261917056
 10
146.42224138129808
 20
176.53627667590158
 10
146.5606355473923
 20
176.55359880229844
 10
146.69898261398072
 20
176.57129316276962
 10
146.83728148404754
 20
176.58936036281398
 10
146.97553105270285
 20
176.60780102163426
 10
147.11373020697775
 20
176.62661577221783
 10
147.2518778256164
 20
176.64580526141862
 10
147.3899727788651
 20
176.66537015004144
 10
147.5280139282581
 20
176.6853111129279
 10
147.6660001264005
 20
176.705628839044
 10
147.8039302167473
 20
176.72632403157002
 10
147.94180303337944
 20
176.74739740799197
 10
148.0796174007762
 20
176.7688497001949
 10
148.2173721335837
 20
176.79068165455834
 10
148.35506603638018
 20
176.81289403205335
 10
148.49269790343692
 20
176.8354876083419
 10
148.63026651847562
 20
176.8584631738775
 10
148.7677706544215
 20
176.88182153400868
 10
148.9052090731523
 20
176.9055635090835
 10
149.0425805252431
 20
176.92968993455662
 10
149.17988374970656
 20
176.95420166109812
 10
149.31711747372887
 20
176.9790995547043
 10
149.4542804124009
 20
177.0043844968104
 10
149.59137126844468
 20
177.0300573844055
 10
149.72838873193493
 20
177.05611913014923
 10
149.86533148001573
 20
177.08257066249058
 10
150.00219817661176
 20
177.10941292578852
 10
150.1389874721347
 20
177.13664688043502
 10
150.27569800318358
 20
177.16427350297982
 10
150.41232839224025
 20
177.19229378625718
 10
150.54887724735863
 20
177.22070873951475
 10
150.68534316184824
 20
177.24951938854468
 10
150.82172471395182
 20
177.27872677581627
 10
150.95802046651664
 20
177.30833196061118
 10
151.0942289666595
 20
177.33833601916035
 10
151.23034874542515
 20
177.36874004478307
 10
151.36637831743823
 20
177.3995451480281
 10
151.5023161805481
 20
177.4307524568166
 10
151.63816081546676
 20
177.4623631165877
 10
151.77391068539964
 20
177.49437829044524
 10
151.9095642356686
 20
177.52679915930713
 10
152.04511989332798
 20
177.55962692205662
 10
152.18057606677206
 20
177.59286279569545
 10
152.31593114533507
 20
177.62650801549896
 10
152.45118349888287
 20
177.66056383517326
 10
152.58633147739596
 20
177.6950315270145
 10
152.72137341054412
 20
177.72991238206964
 10
152.85630760725192
 20
177.76520771029976
 10
152.99113235525542
 20
177.8009188407445
 10
153.12584592064906
 20
177.83704712168912
 10
153.2604465474234
 20
177.87359392083312
 10
153.3949324569929
 20
177.91056062546016
 10
153.52930184771313
 20
177.94794864261073
 10
153.66355289438843
 20
177.98575939925578
 10
153.79768374776816
 20
178.0239943424724
 10
153.9316925340326
 20
178.06265493962098
 10
154.06557735426713
 20
178.10174267852412
 10
154.19933628392528
 20
178.141259067647
 10
154.33296737227994
 20
178.18120563627934
 10
154.4664686418623
 20
178.22158393471864
 10
154.59983808788832
 20
178.26239553445487
 10
154.73307367767285
 20
178.30364202835653
 10
154.8661733500301
 20
178.3453250308578
 10
154.9991350146612
 20
178.38744617814697
 10
155.1319565515275
 20
178.43000712835556
 10
155.26463581021028
 20
178.47300956174888
 10
155.39717060925543
 20
178.51645518091726
 10
155.5295587355035
 20
178.56034571096762
 10
155.66179794340462
 20
178.60468289971635
 10
155.79388595431746
 20
178.6494685178822
 10
155.9258204557922
 20
178.69470435927948
 10
156.05759910083717
 20
178.74039224101193
 10
156.18921950716842
 20
178.78653400366625
 10
156.32067925644193
 20
178.83313151150548
 10
156.45197589346802
 20
178.8801866526626
 10
156.58310692540772
 20
178.92770133933305
 10
156.71406982094982
 20
178.97567750796702
 10
156.84486200946952
 20
179.02411711946093
 10
156.97548088016657
 20
179.07302215934715
 10
157.10592378118375
 20
179.1223946379834
 10
157.23618801870418
 20
179.17223659073977
 10
157.3662708560278
 20
179.2225500781844
 10
157.4961695126257
 20
179.27333718626664
 10
157.62588116317207
 20
179.32460002649822
 10
157.75540293655354
 20
179.37634073613123
 10
157.88473191485463
 20
179.42856147833356
 10
158.0138651323193
 20
179.48126444236055
 10
158.14279957428764
 20
179.53445184372274
 10
158.27153217610746
 20
179.58812592434987
 10
158.40005982201959
 20
179.64228895274988
 10
158.52837934401697
 20
179.69694322416314
 10
158.65648752067594
 20
179.75209106071082
 10
158.78438107596017
 20
179.8077348115376
 10
158.91205667799554
 20
179.86387685294744
 10
159.03951093781592
 20
179.92051958853273
 10
159.1667404080789
 20
179.97766544929516
 10
159.2937415817506
 20
180.03531689375893
 10
159.42051089075937
 20
180.09347640807437
 10
159.5470447046169
 20
180.15214650611233
 10
159.6733393290067
 20
180.21132972954805
 10
159.79939100433842
 20
180.27102864793386
 10
159.9251959042682
 20
180.33124585875993
 10
160.05075013418337
 20
180.39198398750216
 10
160.17604972965114
 20
180.45324568765653
 10
160.30109065483032
 20
180.51503364075853
 10
160.42586880084582
 20
180.57735055638713
 10
160.55037998412396
 20
180.64019917215182
 10
160.67461994468906
 20
180.70358225366215
 10
160.7985843444195
 20
180.76750259447783
 10
160.9222687652631
 20
180.83196301603897
 10
161.0456687074107
 20
180.89696636757452
 10
161.16877958742685
 20
180.96251552598812
 10
161.2915967363375
 20
181.02861339571928
 10
161.41411539767327
 20
181.09526290857886
 10
161.53633072546756
 20
181.16246702355727
 10
161.65823778220928
 20
181.23022872660346
 10
161.77983153674836
 20
181.29855103037272
 10
161.90110686215456
 20
181.3674369739427
 10
162.0220585335277
 20
181.43688962249354
  0
LWPOLYLINE
  5
88
330
17
100
AcDbEntity
  8
01-VISIBLE
100
AcDbPolyline
 90
124
 70
0
 10
162.47460687348712
 20
182.22072634018417
 10
162.54417665231466
 20
182.26101634610706
 10
162.61363832201707
 20
182.3014924515242
 10
162.6829908776956
 20
182.34215523121452
 10
162.75223330352827
 20
182.38300526254
 10
162.82136457262973
 20
182.42404312541788
 10
162.8903836469098
 20
182.46526940229126
 10
162.95928947693002
 20
182.50668467809814
 10
163.02808100175864
 20
182.54828954023913
 10
163.09675714882383
 20
182.59008457854304
 10
163.16531683376508
 20
182.63207038523134
 10
163.23375896028315
 20
182.6742475548803
 10
163.30208241998778
 20
182.71661668438202
 10
163.3702860922441
 20
182.75917837290262
 10
163.43836884401702
 20
182.80193322183987
 10
163.50632952971392
 20
182.84488183477748
 10
163.5741669910256
 20
182.88802481743824
 10
163.64188005676542
 20
182.93136277763483
 10
163.70946754270648
 20
182.97489632521837
 10
163.7769282514175
 20
183.01862607202497
 10
163.84426097209644
 20
183.0625526318197
 10
163.91146448040246
 20
183.10667662023855
 10
163.97853753828628
 20
183.15099865472774
 10
164.04547889381854
 20
183.1955193544806
 10
164.11228728101656
 20
183.24023934037194
 10
164.17896141966924
 20
183.2851592348896
 10
164.2455000151601
 20
183.3302796620635
 10
164.3119017582889
 20
183.37560124739204
 10
164.37816532509117
 20
183.42112461776492
 10
164.44428937665617
 20
183.46685040138397
 10
164.51027255894317
 20
183.51277922768003
 10
164.57611350259594
 20
183.55891172722755
 10
164.64181082275562
 20
183.6052485316551
 10
164.70736311887197
 20
183.6517902735535
 10
164.77276897451281
 20
183.69853758637962
 10
164.8380269571721
 20
183.74549110435748
 10
164.9031356180763
 20
183.79265146237532
 10
164.968093491989
 20
183.84001929587896
 10
165.03289909701448
 20
183.88759524076175
 10
165.09755093439924
 20
183.93537993325015
 10
165.16204748833255
 20
183.98337400978573
 10
165.2263872257453
 20
184.03157810690266
 10
165.2905685961075
 20
184.07999286110135
 10
165.35459003122472
 20
184.12861890871767
 10
165.41844994503276
 20
184.17745688578756
 10
165.4821467333918
 20
184.2265074279072
 10
165.5456787738786
 20
184.27577117008855
 10
165.60904442557828
 20
184.32524874661016
 10
165.67224202887468
 20
184.3749407908626
 10
165.73526990523996
 20
184.42484793518975
 10
165.79812635702302
 20
184.47497081072385
 10
165.86080966723742
 20
184.52531004721595
 10
165.9233180993486
 20
184.57586627286088
 10
165.98564989706006
 20
184.6266401141163
 10
166.04780328409936
 20
184.67763219551645
 10
166.1097764640036
 20
184.7288431394797
 10
166.1715676199045
 20
184.78027356611037
 10
166.23317491431317
 20
184.83192409299437
 10
166.2945964889049
 20
184.88379533498846
 10
166.3558304643039
 20
184.93588790400327
 10
166.41687493986814
 20
184.9882024087796
 10
166.4777279934745
 20
185.04073945465802
 10
166.5383876813042
 20
185.09349964334183
 10
166.59885203762897
 20
185.1464835726526
 10
166.6591190745977
 20
185.19969183627893
 10
166.71918678202417
 20
185.25312502351764
 10
166.77905312717567
 20
185.3067837190075
 10
166.8387160545629
 20
185.3606685024555
 10
166.8981734857312
 20
185.41477994835503
 10
166.95742331905342
 20
185.46911862569627
 10
167.0164634295247
 20
185.52368509766845
 10
167.07529166855892
 20
185.57847992135382
 10
167.13390586378785
 20
185.63350364741308
 10
167.1923038188622
 20
185.6887568197622
 10
167.2504833132561
 20
185.74423997524076
 10
167.30844210207363
 20
185.7999536432709
 10
167.36617791585942
 20
185.85589834550734
 10
167.4236884604122
 20
185.91207459547843
 10
167.4809714166022
 20
185.9684828982175
 10
167.53802444019283
 20
186.02512374988447
 10
167.5948451616665
 20
186.08199763737815
 10
167.65143118605525
 20
186.1391050379384
 10
167.70778009277615
 20
186.19644641873833
 10
167.76388943547246
 20
186.2540222364663
 10
167.8197567418602
 20
186.31183293689753
 10
167.8753795135808
 20
186.36987895445532
 10
167.93075522606037
 20
186.42816071176173
 10
167.9858813283755
 20
186.48667861917733
 10
168.0407552431268
 20
186.54543307433028
 10
168.09537436631953
 20
186.60442446163432
 10
168.14973606725275
 20
186.6636531517955
 10
168.20383768841688
 20
186.72311950130822
 10
168.25767654540022
 20
186.78282385193927
 10
168.31124992680498
 20
186.84276653020092
 10
168.3645550941733
 20
186.90294784681242
 10
168.41758928192377
 20
186.96336809614988
 10
168.47034969729884
 20
187.02402755568448
 10
168.5228335203239
 20
187.0849264854092
 10
168.5750379037782
 20
187.1460651272534
 10
168.6269599731788
 20
187.20744370448614
 10
168.67859682677727
 20
187.26906242110738
 10
168.7299455355705
 20
187.33092146122755
 10
168.7810031433258
 20
187.39302098843496
 10
168.8317666666212
 20
187.45536114515238
 10
168.88223309490104
 20
187.5179420519807
 10
168.93239939054826
 20
187.58076380703187
 10
168.9822624889735
 20
187.64382648524992
 10
169.03181929872179
 20
187.70713013772044
 10
169.08106670159762
 20
187.77067479096888
 10
169.1300015528092
 20
187.83446044624765
 10
169.17862068113214
 20
187.8984870788119
 10
169.22692088909386
 20
187.96275463718484
 10
169.2748989531791
 20
188.02726304241205
 10
169.32255162405735
 20
188.09201218730567
 10
169.36987562683305
 20
188.15700193567827
 10
169.4168676613191
 20
188.222232121567
 10
169.46352440233477
 20
188.28770254844807
 10
169.50984250002844
 20
188.35341298844224
 10
169.55581858022612
 20
188.41936318151144
 10
169.60144924480664
 20
188.48555283464697
 10
169.64673107210396
 20
188.5519816210499
 10
169.69166061733785
 20
188.61864917930416
 10
169.7362344130732
 20
188.68555511254243
 10
169.7804489697091
 20
188.75269898760598
  0
LWPOLYLINE
  5
89
330
17
100
AcDbEntity
  8
01-VISIBLE
100
AcDbPolyline
 90
87
 70
0
 10
169.7804489697091
 20
188.75269898760598
 10
169.82452624759105
 20
188.82042885814195
 10
169.86823343208138
 20
188.88839814246717
 10
169.91156691484895
 20
188.95660628462446
 10
169.95452306725784
 20
189.02505268811802
 10
169.99709824103394
 20
189.09373671502937
 10
170.03928876896612
 20
189.16265768513014
 10
170.0810909656443
 20
189.23181487499468
 10
170.12250112823335
 20
189.30120751711132
 10
170.16351553728515
 20
189.37083479899502
 10
170.20413045758815
 20
189.44069586230145
 10
170.24434213905613
 20
189.51078980194376
 10
170.28414681765588
 20
189.5811156652133
 10
170.32354071637502
 20
189.65167245090544
 10
170.36252004623012
 20
189.72245910845163
 10
170.40108100731578
 20
189.79347453705896
 10
170.4392197898951
 20
189.86471758485874
 10
170.47693257553163
 20
189.93618704806494
 10
170.51421553826378
 20
190.0078816701449
 10
170.55106484582143
 20
190.07980014100258
 10
170.587476660885
 20
190.15194109617659
 10
170.62344714238736
 20
190.22430311605453
 10
170.65897244685883
 20
190.29688472510495
 10
170.69404872981463
 20
190.36968439112854
 10
170.72867214718545
 20
190.44270052453075
 10
170.7628388567906
 20
190.5159314776168
 10
170.79654501985362
 20
190.58937554391133
 10
170.82978680256008
 20
190.66303095750436
 10
170.8625603776572
 20
190.73689589242537
 10
170.8948619260946
 20
190.81096846204684
 10
170.92668763870608
 20
190.88524671852025
 10
170.95803371793104
 20
190.95972865224505
 10
170.98889637957546
 20
191.03441219137343
 10
171.0192718546111
 20
191.10929520135244
 10
171.04915639101193
 20
191.18437548450524
 10
171.07854625562712
 20
191.2596507796536
 10
171.10743773608874
 20
191.33511876178346
 10
171.1358271427532
 20
191.41077704175535
 10
171.163710810675
 20
191.48662316606163
 10
171.1910851016111
 20
191.56265461663247
 10
171.21794640605395
 20
191.63886881069175
 10
171.24429114529212
 20
191.71526310066605
 10
171.2701157734955
 20
191.79183477414665
 10
171.2954167798241
 20
191.86858105390775
 10
171.3201906905577
 20
191.9454990979819
 10
171.34443407124368
 20
192.02258599979382
 10
171.36814352886168
 20
192.09983878835516
 10
171.39131571400154
 20
192.1772544285206
 10
171.41394732305235
 20
192.25482982130723
 10
171.43603510039995
 20
192.3325618042781
 10
171.45757584062952
 20
192.41044715199155
 10
171.47856639073103
 20
192.48848257651713
 10
171.49900365230374
 20
192.5666647280185
 10
171.51888458375734
 20
192.64499019540557
 10
171.53820620250576
 20
192.72345550705467
 10
171.55696558715107
 20
192.80205713159938
 10
171.57515987965346
 20
192.88079147879046
 10
171.59278628748436
 20
192.95965490042693
 10
171.60984208575894
 20
193.03864369135692
 10
171.62632461934444
 20
193.11775409054997
 10
171.642231304941
 20
193.19698228223842
 10
171.65755963313103
 20
193.27632439713017
 10
171.6723071703939
 20
193.35577651368982
 10
171.68647156108207
 20
193.43533465948963
 10
171.70005052935497
 20
193.51499481262778
 10
171.71304188106734
 20
193.59475290321444
 10
171.72544350560833
 20
193.6746048149231
 10
171.73725337768758
 20
193.75454638660693
 10
171.74846955906517
 20
193.8345734139781
 10
171.75909020022178
 20
193.91468165134847
 10
171.76911354196585
 20
193.99486681343012
 10
171.77853791697441
 20
194.07512457719287
 10
171.7873617512643
 20
194.15545058377774
 10
171.79558356559104
 20
194.23584044046322
 10
171.80320197677213
 20
194.31628972268226
 10
171.81021569893207
 20
194.39679397608683
 10
171.81662354466653
 20
194.47734871865822
 10
171.82242442612298
 20
194.55794944285896
 10
171.82761735599559
 20
194.63859161782443
 10
171.83220144843216
 20
194.7192706915901
 10
171.8361759198512
 20
194.799982093352
 10
171.83954008966697
 20
194.8807212357562
 10
171.84229338092155
 20
194.96148351721422
 10
171.84443532082165
 20
195.04226432424105
 10
171.84596554117994
 20
195.12305903381184
 10
171.84688377875898
 20
195.20386301573348
 10
171.84718987551759
 20
195.2846716350278
  0
LWPOLYLINE
  5
8A
330
17
100
AcDbEntity
  8
01-VISIBLE
100
AcDbPolyline
 90
87
 70
0
 10
107.84718987551759
 20
195.2846716350278
 10
107.8474959722762
 20
195.20386301573348
 10
107.84841420985524
 20
195.12305903381184
 10
107.84994443021353
 20
195.0422643242411
 10
107.85208637011362
 20
194.96148351721422
 10
107.85483966136819
 20
194.8807212357562
 10
107.85820383118397
 20
194.79998209335207
 10
107.86217830260301
 20
194.7192706915901
 10
107.8667623950396
 20
194.63859161782443
 10
107.87195532491221
 20
194.557949442859
 10
107.87775620636864
 20
194.47734871865828
 10
107.8841640521031
 20
194.39679397608688
 10
107.89117777426306
 20
194.31628972268226
 10
107.89879618544413
 20
194.23584044046322
 10
107.90701799977087
 20
194.15545058377774
 10
107.91584183406076
 20
194.07512457719287
 10
107.9252662090693
 20
193.99486681343018
 10
107.9352895508134
 20
193.91468165134853
 10
107.94591019197
 20
193.8345734139781
 10
107.95712637334759
 20
193.75454638660693
 10
107.96893624542683
 20
193.6746048149231
 10
107.98133786996783
 20
193.5947529032145
 10
107.9943292216802
 20
193.51499481262783
 10
108.0079081899531
 20
193.43533465948963
 10
108.02207258064126
 20
193.35577651368982
 10
108.03682011790416
 20
193.27632439713017
 10
108.0521484460942
 20
193.19698228223842
 10
108.06805513169074
 20
193.11775409054997
 10
108.08453766527624
 20
193.03864369135692
 10
108.10159346355081
 20
192.95965490042693
 10
108.11921987138172
 20
192.88079147879046
 10
108.1374141638841
 20
192.80205713159938
 10
108.15617354852941
 20
192.72345550705467
 10
108.17549516727783
 20
192.64499019540557
 10
108.19537609873143
 20
192.5666647280185
 10
108.21581336030415
 20
192.48848257651713
 10
108.23680391040565
 20
192.41044715199155
 10
108.25834465063522
 20
192.3325618042781
 10
108.28043242798282
 20
192.25482982130723
 10
108.30306403703365
 20
192.1772544285206
 10
108.32623622217349
 20
192.09983878835516
 10
108.34994567979149
 20
192.02258599979382
 10
108.37418906047748
 20
191.9454990979819
 10
108.39896297121105
 20
191.86858105390775
 10
108.4242639775397
 20
191.7918347741466
 10
108.45008860574306
 20
191.71526310066605
 10
108.4764333449812
 20
191.63886881069175
 10
108.50329464942408
 20
191.56265461663247
 10
108.53066894036017
 20
191.48662316606163
 10
108.558552608282
 20
191.41077704175535
 10
108.58694201494644
 20
191.33511876178346
 10
108.61583349540805
 20
191.25965077965358
 10
108.64522336002324
 20
191.18437548450524
 10
108.67510789642408
 20
191.10929520135244
 10
108.7054833714597
 20
191.03441219137343
 10
108.73634603310413
 20
190.95972865224502
 10
108.7676921123291
 20
190.88524671852025
 10
108.79951782494058
 20
190.81096846204684
 10
108.831819373378
 20
190.73689589242537
 10
108.86459294847509
 20
190.66303095750436
 10
108.89783473118155
 20
190.58937554391133
 10
108.93154089424458
 20
190.5159314776168
 10
108.96570760384972
 20
190.44270052453072
 10
109.00033102122055
 20
190.36968439112854
 10
109.03540730417636
 20
190.29688472510492
 10
109.07093260864782
 20
190.22430311605453
 10
109.1069030901502
 20
190.15194109617659
 10
109.14331490521373
 20
190.07980014100258
 10
109.18016421277139
 20
190.0078816701449
 10
109.21744717550357
 20
189.93618704806494
 10
109.25515996114008
 20
189.86471758485874
 10
109.29329874371938
 20
189.79347453705896
 10
109.33185970480505
 20
189.72245910845163
 10
109.37083903466016
 20
189.65167245090544
 10
109.41023293337929
 20
189.58111566521325
 10
109.45003761197904
 20
189.51078980194376
 10
109.49024929344702
 20
189.44069586230142
 10
109.53086421375004
 20
189.370834798995
 10
109.57187862280182
 20
189.30120751711127
 10
109.61328878539089
 20
189.23181487499465
 10
109.65509098206905
 20
189.16265768513014
 10
109.69728151000126
 20
189.0937367150293
 10
109.73985668377733
 20
189.02505268811802
 10
109.78281283618625
 20
188.9566062846244
 10
109.8261463189538
 20
188.88839814246717
 10
109.86985350344413
 20
188.82042885814195
 10
109.91393078132606
 20
188.75269898760595
  0
LWPOLYLINE
  5
8B
330
17
100
AcDbEntity
  8
01-VISIBLE
100
AcDbPolyline
 90
401
 70
0
 10
109.91393078132606
 20
188.75269898760595
 10
109.99244807188249
 20
188.63399768826912
 10
110.0720827619954
 20
188.51604310879787
 10
110.15281563485702
 20
188.39883742132997
 10
110.23462769853202
 20
188.28238245423924
 10
110.31750019348591
 20
188.16667970651986
 10
110.40141459925559
 20
188.05173036193844
 10
110.48635264030514
 20
187.93753530292844
 10
110.5722962911088
 20
187.82409512420458
 10
110.65922778050313
 20
187.71141014607866
 10
110.74712959535005
 20
187.59948042746032
 10
110.83598448355069
 20
187.4883057785296
 10
110.92577545645014
 20
187.37788577307015
 10
111.01648579067125
 20
187.268219760455
 10
111.10809902941506
 20
187.15930687727757
 10
111.20059898326383
 20
187.05114605862485
 10
111.29396973052157
 20
186.943736048988
 10
111.38819561712545
 20
186.8370754128116
 10
111.4832612561603
 20
186.73116254467965
 10
111.57915152700673
 20
186.62599567914168
 10
111.67585157415219
 20
186.52157290018096
 10
111.77334680569301
 20
186.41789215032827
 10
111.87162289155356
 20
186.3149512394275
 10
111.97066576144795
 20
186.21274785305638
 10
112.07046160260784
 20
186.11127956061065
 10
112.1709968572988
 20
186.01054382305722
 10
112.2722582201464
 20
185.91053800036394
 10
112.37423263529185
 20
185.81125935861388
 10
112.4769072933959
 20
185.71270507681197
 10
112.5802696285084
 20
185.61487225339215
 10
112.68430731482016
 20
185.5177579124342
 10
112.78900826331184
 20
185.42135900959795
 10
112.89436061831496
 20
185.32567243778442
 10
113.00035275399742
 20
185.23069503253248
 10
113.10697327078648
 20
185.1364235771598
 10
113.21421099174037
 20
185.0428548076565
 10
113.32205495887919
 20
184.94998541734105
 10
113.43049442948487
 20
184.85781206128658
 10
113.53951887237903
 20
184.7663313605259
 10
113.64911796418751
 20
184.6755399060442
 10
113.7592815855986
 20
184.5854342625671
 10
113.8699998176224
 20
184.49601097215287
 10
113.9812629378575
 20
184.4072665575958
 10
114.09306141677074
 20
184.31919752564903
 10
114.20538591399557
 20
184.23180037007472
 10
114.31822727465365
 20
184.14507157452755
 10
114.43157652570385
 20
184.05900761528014
 10
114.54542487232297
 20
183.9736049637965
 10
114.65976369432137
 20
183.88886008916012
 10
114.77458454259673
 20
183.80476946036345
 10
114.88987913562863
 20
183.72132954846495
 10
115.00563935601656
 20
183.63853682861986
 10
115.12185724706343
 20
183.5563877819897
 10
115.2385250094064
 20
183.47487889753762
 10
115.35563499769674
 20
183.39400667371336
 10
115.47317971733004
 20
183.31376762003418
 10
115.59115182122797
 20
183.23415825856597
 10
115.7095441066725
 20
183.15517512531017
 10
115.8283495121934
 20
183.07681477149998
 10
115.94756111450963
 20
182.99907376481133
 10
116.0671721255249
 20
182.9219486904923
 10
116.1871758893781
 20
182.8454361524149
 10
116.30756587954819
 20
182.7695327740538
 10
116.42833569601416
 20
182.69423519939465
 10
116.54947906246971
 20
182.61954009377652
 10
116.67098982359249
 20
182.54544414467148
 10
116.79286194236776
 20
182.47194406240442
 10
116.91508949746616
 20
182.39903658081627
 10
117.03766668067499
 20
182.32671845787388
 10
117.1605877943829
 20
182.25498647622908
 10
117.28384724911712
 20
182.18383744372963
 10
117.40743956113276
 20
182.11326819388472
 10
117.53135935005379
 20
182.04327558628756
 10
117.65560133656471
 20
181.9738565069973
 10
117.78016034015245
 20
181.90500786888225
 10
117.90503127689762
 20
181.8367266119272
 10
118.03020915731459
 20
181.76900970350601
 10
118.15568908423934
 20
181.7018541386223
 10
118.28146625076451
 20
181.6352569401191
 10
118.40753593822089
 20
181.56921515886
 10
118.53389351420412
 20
181.50372587388324
 10
118.66053443064645
 20
181.43878619253002
 10
118.78745422193214
 20
181.37439325054888
 10
118.91464850305589
 20
181.31054421217738
 10
119.04211296782357
 20
181.24723627020256
 10
119.1698433870942
 20
181.18446664600148
 10
119.29783560706247
 20
181.12223258956288
 10
119.42608554758101
 20
181.06053137949118
 10
119.55458920052143
 20
180.99936032299416
 10
119.68334262817328
 20
180.9387167558552
 10
119.81234196168049
 20
180.87859804239082
 10
119.94158339951403
 20
180.8190015753948
 10
120.07106320598004
 20
180.75992477607008
 10
120.20077770976305
 20
180.70136509394808
 10
120.33072330250297
 20
180.64332000679798
 10
120.46089643740544
 20
180.5857870205249
 10
120.59129362788453
 20
180.52876366905934
 10
120.7219114462374
 20
180.4722475142375
 10
120.85274652234965
 20
180.41623614567322
 10
120.98379554243114
 20
180.36072718062292
 10
121.11505524778133
 20
180.3057182638432
 10
121.24652243358332
 20
180.25120706744207
 10
121.37819394772622
 20
180.19719129072436
 10
121.51006668965482
 20
180.143668660032
 10
121.64213760924628
 20
180.09063692857876
 10
121.77440370571274
 20
180.03809387628127
 10
121.9068620265297
 20
179.98603730958519
 10
122.03950966638908
 20
179.9344650612884
 10
122.1723437661767
 20
179.8833749903605
 10
122.30536151197342
 20
179.8327649817594
 10
122.43856013407937
 20
179.78263294624543
 10
122.5719369060607
 20
179.73297682019307
 10
122.70548914381834
 20
179.68379456540055
 10
122.83921420467819
 20
179.63508416889803
 10
122.9731094865021
 20
179.586843642754
 10
123.1071724268194
 20
179.53907102388052
 10
123.24140050197809
 20
179.49176437383778
 10
123.37579122631546
 20
179.44492177863737
 10
123.51034215134771
 20
179.3985413485453
 10
123.64505086497778
 20
179.35262121788492
 10
123.77991499072112
 20
179.30715954483895
 10
123.91493218694919
 20
179.2621545112521
 10
124.05010014614959
 20
179.2176043224336
 10
124.18541659420318
 20
179.17350720696004
 10
124.32087928967715
 20
179.12986141647863
 10
124.45648602313399
 20
179.08666522551115
 10
124.59223461645567
 20
179.04391693125842
 10
124.72812292218308
 20
179.00161485340567
 10
124.86414882286972
 20
178.9597573339289
 10
125.00031023045003
 20
178.91834273690205
 10
125.1366050856212
 20
178.87736944830544
 10
125.27303135723878
 20
178.83683587583562
 10
125.40958704172525
 20
178.79674044871587
 10
125.54627016249168
 20
178.75708161750873
 10
125.68307876937155
 20
178.71785785392962
 10
125.82001093806731
 20
178.67906765066203
 10
125.9570647696081
 20
178.6407095211742
 10
126.09423838981971
 20
178.60278199953743
 10
126.23152994880547
 20
178.56528364024632
 10
126.36893762043815
 20
178.52821301804028
 10
126.50645960186277
 20
178.49156872772693
 10
126.64409411300971
 20
178.4553493840076
 10
126.78183939611795
 20
178.41955362130437
 10
126.91969371526838
 20
178.3841800935889
 10
127.05765535592667
 20
178.3492274742133
 10
127.1957226244956
 20
178.31469445574317
 10
127.33389384787651
 20
178.28057974979203
 10
127.47216737303988
 20
178.246882086858
 10
127.61054156660437
 20
178.21360021616277
 10
127.7490148144245
 20
178.18073290549194
 10
127.88758552118668
 20
178.1482789410381
 10
128.02625211001305
 20
178.11623712724509
 10
128.16501302207362
 20
178.08460628665523
 10
128.30386671620542
 20
178.05338525975787
 10
128.4428116685399
 20
178.0225729048404
 10
128.5818463721369
 20
177.99216809784113
 10
128.7209693366261
 20
177.96216973220447
 10
128.86017908785539
 20
177.93257671873795
 10
128.99947416754563
 20
177.90338798547128
 10
129.13885313295242
 20
177.8746024775179
 10
129.27831455653399
 20
177.84621915693805
 10
129.41785702562524
 20
177.8182370026044
 10
129.55747914211807
 20
177.79065501006937
 10
129.69717952214745
 20
177.76347219143491
 10
129.8369567957834
 20
177.73668757522387
 10
129.9768096067284
 20
177.71030020625403
 10
130.11673661202033
 20
177.68430914551357
 10
130.25673648174083
 20
177.65871347003906
 10
130.39680789872864
 20
177.6335122727953
 10
130.53694955829823
 20
177.6087046625571
 10
130.67716016796302
 20
177.5842897637934
 10
130.81743844716388
 20
177.56026671655314
 10
130.9577831270016
 20
177.53663467635317
 10
131.09819294997462
 20
177.51339281406837
 10
131.23866666972066
 20
177.49054031582352
 10
131.37920305076287
 20
177.46807638288732
 10
131.51980086826015
 20
177.4460002315683
 10
131.66045890776147
 20
177.42431109311278
 10
131.8011759649643
 20
177.40300821360466
 10
131.94195084547664
 20
177.3820908538674
 10
132.08278236458312
 20
177.3615582893676
 10
132.22366934701458
 20
177.34140981012078
 10
132.36461062672097
 20
177.321644720599
 10
132.50560504664833
 20
177.30226233964027
 10
132.64665145851848
 20
177.28326200036008
 10
132.78774872261232
 20
177.2646430500646
 10
132.9288957075562
 20
177.2464048501659
 10
133.07009129011138
 20
177.22854677609894
 10
133.2113343549666
 20
177.21106821724035
 10
133.35262379453323
 20
177.19396857682938
 10
133.49395850874376
 20
177.17724727189022
 10
133.63533740485255
 20
177.16090373315654
 10
133.7767593972394
 20
177.14493740499753
 10
133.91822340721592
 20
177.12934774534594
 10
134.05972836283405
 20
177.11413422562782
 10
134.20127319869718
 20
177.09929633069416
 10
134.3428568557738
 20
177.08483355875396
 10
134.48447828121294
 20
177.0707454213096
 10
134.62613642816248
 20
177.05703144309342
 10
134.7678302555889
 20
177.04369116200644
 10
134.9095587280997
 20
177.03072412905846
 10
135.05132081576744
 20
177.0181299083103
 10
135.19311549395567
 20
177.00590807681732
 10
135.3349417431473
 20
176.99405822457487
 10
135.47679854877387
 20
176.98257995446545
 10
135.61868490104737
 20
176.97147288220762
 10
135.76059979479322
 20
176.96073663630614
 10
135.90254222928516
 20
176.95037085800448
 10
136.04451120808147
 20
176.94037520123828
 10
136.18650573886282
 20
176.93074933259112
 10
136.32852483327156
 20
176.9214929312514
 10
136.4705675067522
 20
176.9126056889712
 10
136.6126327783935
 20
176.9040873100265
 10
136.75471967077152
 20
176.8959375111794
 10
136.89682720979408
 20
176.8881560216414
 10
137.03895442454626
 20
176.88074258303902
 10
137.1811003471371
 20
176.87369694938025
 10
137.32326401254699
 20
176.86701888702333
 10
137.46544445847675
 20
176.8607081746464
 10
137.60764072519683
 20
176.85476460321942
 10
137.74985185539788
 20
176.8491879759772
 10
137.89207689404205
 20
176.8439781083943
 10
138.0343148882151
 20
176.83913482816115
 10
138.17656488697898
 20
176.83465797516226
 10
138.31882594122538
 20
176.83054740145553
 10
138.46109710352985
 20
176.8268029712533
 10
138.60337742800638
 20
176.82342456090504
 10
138.7456659701625
 20
176.82041205888146
 10
138.88796178675494
 20
176.81776536576032
 10
139.03026393564568
 20
176.81548439421357
 10
139.17257147565854
 20
176.81356906899623
 10
139.3148834664356
 20
176.81201932693688
 10
139.4571989682944
 20
176.81083511692935
 10
139.5995170420853
 20
176.81001639992638
 10
139.7418367490487
 20
176.80956314893453
 10
139.8841571506728
 20
176.80947534901077
 10
140.026477308551
 20
176.80975299726055
 10
140.16879628423993
 20
176.81039610283733
 10
140.31111313911677
 20
176.811404686944
 10
140.45342693423706
 20
176.81277878283532
 10
140.5957367301922
 20
176.81451843582232
 10
140.7380415869667
 20
176.81662370327814
 10
140.88034056379533
 20
176.81909465464514
 10
141.0226327190202
 20
176.82193137144412
 10
141.16491710994703
 20
176.82513394728448
 10
141.30719279270164
 20
176.82870248787637
 10
141.44945882208566
 20
176.83263711104402
 10
141.59171425143194
 20
176.8369379467411
 10
141.73395813245946
 20
176.84160513706712
 10
141.87618951512763
 20
176.8466388362857
 10
142.0184074474902
 20
176.8520392108445
 10
142.16061097554802
 20
176.8578064393962
 10
142.30279914310177
 20
176.86394071282172
 10
142.4449709916035
 20
176.87044223425448
 10
142.58712556000737
 20
176.87731121910664
 10
142.72926188461983
 20
176.8845478950965
 10
142.87137899894861
 20
176.89215250227778
 10
143.01347593355086
 20
176.9001252930707
 10
143.15555171588034
 20
176.90846653229386
 10
143.29760537013334
 20
176.9171764971988
 10
143.43963591709382
 20
176.92625547750515
 10
143.58164237397702
 20
176.93570377543824
 10
143.72362375427204
 20
176.94552170576765
 10
143.86557906758318
 20
176.9557095958479
 10
144.0075073194697
 20
176.96626778566042
 10
144.1494075112844
 20
176.97719662785744
 10
144.29127864001074
 20
176.98849648780728
 10
144.43311969809812
 20
177.00016774364144
 10
144.5749296732961
 20
177.01221078630334
 10
144.7167075484866
 20
177.02462601959877
 10
144.85845230151432
 20
177.0374138602479
 10
145.0001629050159
 20
177.05057473793903
 10
145.14183832624659
 20
177.06410909538414
 10
145.28347752690547
 20
177.078017388376
 10
145.42507946295865
 20
177.09230008584709
 10
145.56664308446025
 20
177.10695766993013
 10
145.70816733537134
 20
177.12199063602063
 10
145.84965115337698
 20
177.1373994928407
 10
145.9910934697006
 20
177.1531847625051
 10
146.1324932089162
 20
177.16934698058884
 10
146.27384928875844
 20
177.18588669619646
 10
146.41516061992988
 20
177.2028044720332
 10
146.55642610590584
 20
177.2201008844781
 10
146.6976446427367
 20
177.23777652365857
 10
146.8388151188473
 20
177.25583199352712
 10
146.97993641483387
 20
177.27426791193972
 10
147.12100740325764
 20
177.29308491073596
 10
147.26202694843616
 20
177.31228363582122
 10
147.40299390623068
 20
177.3318647472506
 10
147.54390712383136
 20
177.3518289193147
 10
147.68476543953852
 20
177.3721768406274
 10
147.82556768254096
 20
177.39290921421525
 10
147.96631267269072
 20
177.41402675760918
 10
148.10699922027456
 20
177.43553020293768
 10
148.24762612578147
 20
177.45742029702234
 10
148.3881921796667
 20
177.4796978014748
 10
148.52869616211208
 20
177.50236349279623
 10
148.66913684278222
 20
177.52541816247842
 10
148.8095129805768
 20
177.54886261710658
 10
148.94982332337872
 20
177.57269767846492
 10
149.0900666077979
 20
177.5969241836433
 10
149.23024155891096
 20
177.6215429851465
 10
149.37034688999614
 20
177.64655495100519
 10
149.5103813022638
 20
177.67196096488902
 10
149.6503434845822
 20
177.69776192622177
 10
149.7902321131983
 20
177.72395875029844
 10
149.93004585145363
 20
177.75055236840427
 10
150.06978334949528
 20
177.77754372793623
 10
150.20944324398107
 20
177.80493379252596
 10
150.34902415777992
 20
177.8327235421653
 10
150.48852469966658
 20
177.86091397333345
 10
150.62794346401012
 20
177.88950609912666
 10
150.76727903045742
 20
177.9185009493895
 10
150.9065299636101
 20
177.94789957084862
 10
151.0456948126954
 20
177.9777030272482
 10
151.1847721112309
 20
178.0079123994879
 10
151.3237603766828
 20
178.03852878576254
 10
151.46265811011716
 20
178.0695533017041
 10
151.60146379584478
 20
178.10098708052553
 10
151.7401759010589
 20
178.13283127316691
 10
151.87879287546573
 20
178.16508704844352
 10
152.01731315090743
 20
178.1977555931961
 10
152.1557351409778
 20
178.23083811244294
 10
152.29405724063025
 20
178.26433582953428
 10
152.43227782577722
 20
178.29824998630858
 10
152.57039525288238
 20
178.33258184325092
 10
152.70840785854338
 20
178.36733267965326
 10
152.84631395906695
 20
178.402503793777
 10
152.98411185003445
 20
178.43809650301694
 10
153.12179980585876
 20
178.47411214406804
 10
153.2593760793317
 20
178.5105520730933
 10
153.39683890116194
 20
178.547417665894
 10
153.53418647950315
 20
178.5847103180817
 10
153.67141699947194
 20
178.62243144525212
 10
153.8085286226559
 20
178.6605824831609
 10
153.94551948661024
 20
178.69916488790074
 10
154.0823877043447
 20
178.73818013608098
 10
154.2191313637982
 20
178.77762972500807
 10
154.3557485273028
 20
178.8175151728684
 10
154.49223723103563
 20
178.85783801891222
 10
154.62859548445877
 20
178.89859982363907
 10
154.76482126974688
 20
178.9398021689853
 10
154.900912541202
 20
178.98144665851203
 10
155.03686722465562
 20
179.02353491759538
 10
155.1726832168569
 20
179.06606859361713
 10
155.30835838484776
 20
179.10904935615707
 10
155.44389056532364
 20
179.15247889718623
 10
155.5792775639795
 20
179.19635893126105
 10
155.71451715484187
 20
179.24069119571854
 10
155.84960707958484
 20
179.285477450872
 10
155.9845450468309
 20
179.33071948020745
 10
156.11932873143584
 20
179.37641909058073
 10
156.25395577375699
 20
179.42257811241473
 10
156.38842377890495
 20
179.46919839989684
 10
156.5227303159776
 20
179.51628183117674
 10
156.6568729172771
 20
179.5638303085637
 10
156.79084907750783
 20
179.611845758724
 10
156.92465625295648
 20
179.66033013287753
 10
157.05829186065253
 20
179.70928540699387
 10
157.19175327750935
 20
179.7587135819876
 10
157.32503783944512
 20
179.8086166839123
 10
157.45814284048302
 20
179.8589967641534
 10
157.5910655318304
 20
179.90985589961912
 10
157.72380312093614
 20
179.96119619292995
 10
157.85635277052583
 20
180.0130197726057
 10
157.98871159761399
 20
180.06532879325016
 10
158.12087667249304
 20
180.11812543573282
 10
158.25284501769826
 20
180.17141190736788
 10
158.3846136069479
 20
180.22519044208929
 10
158.51617936405844
 20
180.27946330062213
 10
158.64753916183375
 20
180.33423277064978
 10
158.7786898209278
 20
180.38950116697634
 10
158.9096281086802
 20
180.44527083168379
 10
159.04035073792406
 20
180.50154413428345
 10
159.1708543657651
 20
180.5583234718618
 10
159.3011355923318
 20
180.61561126921876
 10
159.4311909594955
 20
180.67340997899964
 10
159.5610169495597
 20
180.73172208181848
 10
159.69060998391862
 20
180.79055008637334
 10
159.81996642168264
 20
180.84989652955232
 10
159.94908255827198
 20
180.90976397652986
 10
160.0779546239758
 20
180.97015502085202
 10
160.20657878247758
 20
181.03107228451103
 10
160.33495112934474
 20
181.092518418007
 10
160.46306769048266
 20
181.15449610039704
 10
160.5909244205518
 20
181.2170080393301
 10
160.71851720134694
 20
181.28005697106684
 10
160.84584184013826
 20
181.3436456604838
 10
160.97289406797307
 20
181.40777690106
 10
161.09966953793747
 20
181.47245351484605
 10
161.22616382337668
 20
181.53767835241305
 10
161.35237241607425
 20
181.60345429278152
 10
161.4782907243881
 20
181.66978424332802
 10
161.60391407134335
 20
181.73667113966846
 10
161.72923769268075
 20
181.80411794551657
 10
161.85425673486012
 20
181.87212765251613
 10
161.97896625301757
 20
181.94070328004517
 10
162.10336120887644
 20
182.0098478749902
 10
162.22743646861022
 20
182.07956451148948
 10
162.35118680065736
 20
182.14985629064245
 10
162.47460687348712
 20
182.22072634018417
  0
LWPOLYLINE
  5
8C
330
17
100
AcDbEntity
  8
01-VISIBLE
100
AcDbPolyline
 90
53
 70
0
 10
145.50404412500995
 20
207.60871417594694
 10
145.57393105330203
 20
207.64956817768677
 10
145.64336698561124
 20
207.69118405247627
 10
145.71233467283568
 20
207.73357137642353
 10
145.78081608939445
 20
207.7767398826286
 10
145.8487923926708
 20
207.82069945042753
 10
145.9162438805692
 20
207.8654600925248
 10
145.98314994717526
 20
207.9110319397464
 10
146.04948903652527
 20
207.95742522311622
 10
146.11523859451708
 20
208.0046502529288
 10
146.18037501902154
 20
208.05271739445794
 10
146.24487360828948
 20
208.1016370399064
 10
146.30870850779044
 20
208.15141957616436
 10
146.37185265567027
 20
208.20207534790848
 10
146.434277727074
 20
208.25361461553285
 10
146.49595407765096
 20
208.30604750736603
 10
146.5568506866411
 20
208.35938396558947
 10
146.61693510003786
 20
208.4136336852401
 10
146.67617337443295
 20
208.46880604564552
 10
146.73453002227575
 20
208.52491003361956
 10
146.79196795942386
 20
208.5819541577282
 10
146.84844845602376
 20
208.63994635293471
 10
146.90393109194176
 20
208.698893874946
 10
146.9583737181653
 20
208.75880318361862
 10
147.01173242581106
 20
208.81967981484433
 10
147.0639615246102
 20
208.88152824043112
 10
147.11501353298348
 20
208.94435171563123
 10
147.1648391820709
 20
209.00815211415232
 10
147.21338743632685
 20
209.07292975072522
 10
147.26060553352806
 20
209.13868319160616
 10
147.30643904725017
 20
209.20540905376362
 10
147.35083197503224
 20
209.27310179394834
 10
147.39372685554937
 20
209.34175348937424
 10
147.4350649181215
 20
209.41135361234456
 10
147.4747862677792
 20
209.48188880183721
 10
147.512830108852
 20
209.5533426358066
 10
147.5491350096109
 20
209.62569540874
 10
147.58363920985715
 20
209.69892391980426
 10
147.61628097247967
 20
209.77300127768228
 10
147.64699897888732
 20
209.8478967288898
 10
147.67573276685934
 20
209.92357551690975
 10
147.70242320776043
 20
209.99999877982776
 10
147.72701301827684
 20
210.0771234942145
 10
147.7494472999035
 20
210.154902472723
 10
147.7696740974433
 20
210.23328442218082
 10
147.78764496587718
 20
210.31221406782663
 10
147.80331553326292
 20
210.3916323477489
 10
147.8166460459666
 20
210.47147667955608
 10
147.82760188166336
 20
210.5516812989053
 10
147.83615401529764
 20
210.63217766684386
 10
147.84227942365334
 20
210.71289494012154
 10
147.84596141540842
 20
210.793760495885
 10
147.84718987551759
 20
210.87470049965788
  0
LWPOLYLINE
  5
8D
330
17
100
AcDbEntity
  8
01-VISIBLE
100
AcDbPolyline
 90
86
 70
0
 10
147.84718987551759
 20
210.87470049965788
 10
147.8459788541506
 20
210.95506399738122
 10
147.8423490831946
 20
211.0353546249267
 10
147.8363103935343
 20
211.1155001041733
 10
147.82787900986256
 20
211.19542932641986
 10
147.8170773164113
 20
211.27507290108963
 10
147.8039335403966
 20
211.3543636632104
 10
147.7884813637361
 20
211.4332371290589
 10
147.77075947547849
 20
211.51163189171814
 10
147.7508110785635
 20
211.5894899508865
 10
147.72868336499914
 20
211.66675697391963
 10
147.7044269733376
 20
211.7433824876221
 10
147.678095441545
 20
211.81932000259025
 10
147.64974466710422
 20
211.8945270738505
 10
147.6194323846033
 20
211.96896530307015
 10
147.58721766927425
 20
212.04260028872
 10
147.55316047308744
 20
212.115401531251
 10
147.51732119818104
 20
212.18734230064507
 10
147.47976031069658
 20
212.2583994736682
 10
147.4405379965629
 20
212.32855334785324
 10
147.39971385945705
 20
212.39778743874126
 10
147.3573466600877
 20
212.46608826627073
 10
147.3134940950975
 20
212.53344513548774
 10
147.26821261324653
 20
212.5998499159993
 10
147.2215572661051
 20
212.66529682385078
 10
147.17358159021916
 20
212.72978220879742
 10
147.12433751758985
 20
212.79330434929108
 10
147.07387531130146
 20
212.8558632569151
 10
147.022243523213
 20
212.9174604914902
 10
146.9694889707749
 20
212.97809898763683
 10
146.91565673022285
 20
213.03778289321366
 10
146.86079014361906
 20
213.09651741975478
 10
146.80493083744483
 20
213.15430870479014
 10
146.7481187506835
 20
213.2111636857507
 10
146.69039217056644
 20
213.2670899850217
 10
146.63178777437642
 20
213.32209580561067
 10
146.57234067591148
 20
213.37618983683024
 10
146.51208447540483
 20
213.42938116935636
 10
146.45105131187236
 20
213.4816792190075
 10
146.3892719170162
 20
213.53309365858559
 10
146.32677566995372
 20
213.58363435713397
 10
146.26359065216536
 20
213.6333113259878
 10
146.19974370216312
 20
213.68213467101856
 10
146.13526046947564
 20
213.7301145505093
 10
146.07016546762702
 20
213.77726113812923
 10
146.00448212585675
 20
213.82358459051397
 10
145.93823283938642
 20
213.86909501899476
 10
145.87143901808946
 20
213.9138024650539
 10
145.80412113346242
 20
213.95771687912134
 10
145.7362987638304
 20
214.00084810235757
 10
145.66799063774934
 20
214.04320585110258
 10
145.59921467559033
 20
214.08479970369854
 10
145.5299880293116
 20
214.1256390894211
 10
145.46032712043848
 20
214.165733279282
 10
145.39024767628388
 20
214.20509137848694
 10
145.3197647644517
 20
214.24372232035535
 10
145.24889282567275
 20
214.28163486152852
 10
145.17764570502757
 20
214.31883757831014
 10
145.10603668161485
 20
214.35533886400043
 10
145.03407849672644
 20
214.3911469270982
 10
144.9617833805908
 20
214.42626979026085
 10
144.8891630777483
 20
214.46071528992235
 10
144.8162288711204
 20
214.49449107648127
 10
144.74299160483446
 20
214.52760461498025
 10
144.66946170586544
 20
214.56006318620734
 10
144.59564920455273
 20
214.591873888157
 10
144.52156375405013
 20
214.62304363779646
 10
144.4472146487638
 20
214.65357917308825
 10
144.37261084183194
 20
214.68348705522652
 10
144.29776096169698
 20
214.71277367104926
 10
144.22267332781925
 20
214.7414452355925
 10
144.1473559655789
 20
214.7695077947576
 10
144.07181662041071
 20
214.79696722806602
 10
143.99606277121387
 20
214.82382925147795
 10
143.92010164307703
 20
214.8500994202559
 10
143.84394021935685
 20
214.87578313185548
 10
143.7675852531463
 20
214.90088562882863
 10
143.6910432781668
 20
214.9254120017252
 10
143.61432061911643
 20
214.94936719198301
 10
143.53742340150546
 20
214.97275599479514
 10
143.4603575610075
 20
214.99558306194683
 10
143.38312885235385
 20
215.01785290461436
 10
143.30574285779727
 20
215.03956989612016
 10
143.22820499516865
 20
215.06073827463837
 10
143.1505205255507
 20
215.0813621458468
 10
143.07269456058935
 20
215.10144548552188
  0
LWPOLYLINE
  5
8E
330
17
100
AcDbEntity
  8
01-VISIBLE
100
AcDbPolyline
 90
86
 70
0
 10
136.62168519044582
 20
215.10144548552188
 10
136.5438592254828
 20
215.0813621458464
 10
136.46617475586334
 20
215.06073827463746
 10
136.38863689323338
 20
215.0395698961189
 10
136.3112508986756
 20
215.0178529046127
 10
136.23402219002094
 20
214.99558306194484
 10
136.15695634952206
 20
214.97275599479286
 10
136.08005913191033
 20
214.94936719198046
 10
136.0033364728593
 20
214.92541200172235
 10
135.92679449787923
 20
214.9008856288255
 10
135.85043953166823
 20
214.87578313185213
 10
135.77427810794765
 20
214.85009942025232
 10
135.6983169798105
 20
214.8238292514742
 10
135.62256313061343
 20
214.7969672280621
 10
135.54702378544508
 20
214.76950779475345
 10
135.47170642320458
 20
214.74144523558817
 10
135.39661878932674
 20
214.71277367104489
 10
135.32176890919172
 20
214.68348705522197
 10
135.24716510225983
 20
214.65357917308359
 10
135.1728159969735
 20
214.62304363779168
 10
135.0987305464709
 20
214.59187388815212
 10
135.02491804515822
 20
214.56006318620229
 10
134.95138814618926
 20
214.52760461497513
 10
134.8781508799034
 20
214.49449107647604
 10
134.80521667327554
 20
214.46071528991706
 10
134.7325963704331
 20
214.42626979025545
 10
134.66030125429754
 20
214.39114692709273
 10
134.58834306940915
 20
214.35533886399486
 10
134.51673404599651
 20
214.31883757830445
 10
134.44548692535142
 20
214.28163486152272
 10
134.37461498657254
 20
214.24372232034943
 10
134.30413207474044
 20
214.20509137848092
 10
134.2340526305859
 20
214.16573327927586
 10
134.16439172171286
 20
214.12563908941485
 10
134.0951650754342
 20
214.08479970369223
 10
134.02638911327526
 20
214.04320585109616
 10
133.95808098719428
 20
214.00084810235097
 10
133.89025861756238
 20
213.95771687911463
 10
133.82294073293542
 20
213.91380246504707
 10
133.75614691163852
 20
213.86909501898782
 10
133.68989762516827
 20
213.82358459050693
 10
133.6242142833981
 20
213.77726113812207
 10
133.55911928154958
 20
213.73011455050204
 10
133.4946360488622
 20
213.6821346710111
 10
133.43078909886006
 20
213.63331132598023
 10
133.36760408107182
 20
213.5836343571263
 10
133.30510783400942
 20
213.53309365857774
 10
133.24332843915337
 20
213.48167921899955
 10
133.18229527562102
 20
213.4293811693483
 10
133.1220390751145
 20
213.376189836822
 10
133.06259197664966
 20
213.32209580560232
 10
133.0039875804598
 20
213.26708998501317
 10
132.94626100034287
 20
213.21116368574206
 10
132.88944891358167
 20
213.15430870478139
 10
132.83358960740762
 20
213.0965174197458
 10
132.778723020804
 20
213.03778289320456
 10
132.72489078025208
 20
212.97809898762756
 10
132.67213622781415
 20
212.91746049148082
 10
132.62050443972586
 20
212.85586325690554
 10
132.57004223343768
 20
212.7933043492814
 10
132.52079816080857
 20
212.72978220878758
 10
132.4728224849228
 20
212.66529682384078
 10
132.4261671377816
 20
212.59984991598918
 10
132.38088565593083
 20
212.53344513547745
 10
132.33703309094085
 20
212.46608826626033
 10
132.29466589157173
 20
212.3977874387307
 10
132.2538417544661
 20
212.3285533478425
 10
132.2146194403327
 20
212.25839947365733
 10
132.1770585528485
 20
212.1873423006341
 10
132.14121927794235
 20
212.1154015312399
 10
132.10716208175583
 20
212.04260028870874
 10
132.07494736642704
 20
211.96896530305878
 10
132.04463508392644
 20
211.89452707383901
 10
132.01628430948597
 20
211.81932000257865
 10
131.98995277769367
 20
211.7433824876104
 10
131.96569638603248
 20
211.6667569739078
 10
131.94356867246847
 20
211.58948995087462
 10
131.92362027555384
 20
211.51163189170632
 10
131.9058983872966
 20
211.4332371290472
 10
131.8904462106365
 20
211.35436366319897
 10
131.87730243462224
 20
211.27507290107877
 10
131.86650074117142
 20
211.1954293264099
 10
131.8580693575001
 20
211.11550010416482
 10
131.8520306678402
 20
211.03535462492033
 10
131.84840089688447
 20
210.9550639973777
 10
131.84718987551759
 20
210.87470049965788
  0
LWPOLYLINE
  5
8F
330
17
100
AcDbEntity
  8
01-VISIBLE
100
AcDbPolyline
 90
200
 70
0
 10
131.84718987551759
 20
210.87470049965788
 10
131.84839706843795
 20
210.79446412093597
 10
131.8520153748219
 20
210.71430026750375
 10
131.8580350256301
 20
210.6342808772477
 10
131.8664398977414
 20
210.55447672778092
 10
131.87720774603847
 20
210.47495689191936
 10
131.89031051704833
 20
210.39578823393964
 10
131.9057147337059
 20
210.3170349571244
 10
131.92338193894903
 20
210.23875821077388
 10
131.94326918468255
 20
210.1610157623054
 10
131.96532955218146
 20
210.08386173745242
 10
131.9895126901972
 20
210.00734642907008
 10
132.01576535780268
 20
209.93151617279239
 10
132.04403196024535
 20
209.85641328586468
 10
132.07425506764056
 20
209.78207606395364
 10
132.10637590810094
 20
209.70853882964133
 10
132.14033482873194
 20
209.63583202562808
 10
132.17607171973077
 20
209.5639823453676
 10
132.21352639851364
 20
209.49301289388296
 10
132.25263895231168
 20
209.42294337180294
 10
132.29335003897967
 20
209.35379027614772
 10
132.3356011468344
 20
209.28556711201963
 10
132.37933481518837
 20
209.21828461006214
 10
132.42449481787318
 20
209.15195094529025
 10
132.47102631248347
 20
209.08657195362917
 10
132.51887595833844
 20
209.0221513432
 10
132.56799200628208
 20
208.95869089803637
 10
132.61832436345523
 20
208.89619067249708
 10
132.6698246360939
 20
208.83464917514726
 10
132.72244615326719
 20
208.77406354131614
 10
132.77614397428164
 20
208.71442969390114
 10
132.83087488226218
 20
208.65574249228746
 10
132.88659736619297
 20
208.59799586948628
 10
132.94327159346534
 20
208.54118295778073
 10
133.00085937475214
 20
208.48529620330498
 10
133.05932412280671
 20
208.43032747008056
 10
133.1186308065782
 20
208.37626813410048
 10
133.1787459018438
 20
208.3231091680915
 10
133.2396373393847
 20
208.27084121760208
 10
133.30127445157518
 20
208.21945466906806
 10
133.36362791811564
 20
208.168939710494
 10
133.42666971151564
 20
208.11928638537034
 10
133.49037304282646
 20
208.07048464041935
 10
133.55471230802775
 20
208.0225243677288
 10
133.61966303539228
 20
207.9753954418024
 10
133.68520183408316
 20
207.9290877520155
 10
133.75130634417923
 20
207.88359123093284
 10
133.8179551882736
 20
207.83889587890604
 10
133.8851279247491
 20
207.7949917853366
 10
133.9528050027985
 20
207.75186914695558
 10
134.02096771922967
 20
207.70951828344027
 10
134.08959817707049
 20
207.66792965065866
 10
134.15867924597026
 20
207.62709385180534
 10
134.22819452437855
 20
207.5870016466667
 10
134.29812830346933
 20
207.54764395922967
 10
134.36846553277002
 20
207.50901188382778
 10
134.43919178744662
 20
207.47109668999667
 10
134.5102932371915
 20
207.4338898261962
 10
134.58175661665567
 20
207.39738292253656
 10
134.6535691973664
 20
207.36156779263405
 10
134.72571876106784
 20
207.32643643470738
 10
134.79819357442284
 20
207.29198103201264
 10
134.8709823650145
 20
207.25819395270713
 10
134.94407429858558
 20
207.2250677492181
 10
135.01745895745603
 20
207.1925951571887
 10
135.09112632006023
 20
207.16076909406036
 10
135.16506674154653
 20
207.12958265734932
 10
135.2392709353847
 20
207.09902912266347
 10
135.3137299559281
 20
207.06910194150367
 10
135.38843518187977
 20
207.0397947388878
 10
135.46337830061404
 20
207.01110131082964
 10
135.5385512933068
 20
206.983015621704
 10
135.6139464208309
 20
206.95553180152166
 10
135.6895562103739
 20
206.9286441431392
 10
135.76537344273822
 20
206.90234709942217
 10
135.84139114028642
 20
206.87663528037905
 10
135.91760255549457
 20
206.85150345028222
 10
135.9940011600805
 20
206.82694652478784
 10
136.07058063467423
 20
206.80295956806702
 10
136.14733485900015
 20
206.77953778995794
 10
136.22425790254218
 20
206.75667654314697
 10
136.3013440156645
 20
206.73437132038708
 10
136.3785876211626
 20
206.7126177517585
 10
136.45598330621954
 20
206.6914116019782
 10
136.53352581474536
 20
206.67074876776138
 10
136.61121004007748
 20
206.65062527523986
 10
136.6890310180217
 20
206.6310372774397
 10
136.76698392021484
 20
206.6119810518203
 10
136.84506404779046
 20
206.59345299787782
 10
136.92326682533073
 20
206.57544963481382
 10
137.00158779508826
 20
206.55796759927063
 10
137.08002261146228
 20
206.54100364313376
 10
137.1585670357153
 20
206.52455463140262
 10
137.23721693091602
 20
206.50861754012965
 10
137.3159682570958
 20
206.49318945442724
 10
137.39481706660686
 20
206.4782675665436
 10
137.47375949967
 20
206.46384917400638
 10
137.5527917801015
 20
206.44993167783406
 10
137.6319102112087
 20
206.43651258081456
 10
137.71111117184427
 20
206.4235894858504
 10
137.7903911126104
 20
206.4111600943703
 10
137.8697465522034
 20
206.39922220480565
 10
137.94917407389124
 20
206.38777371113184
 10
138.02867032211526
 20
206.37681260147372
 10
138.10823199920915
 20
206.36633695677352
 10
138.18785586222768
 20
206.35634494952166
 10
138.26753871987847
 20
206.34683484254862
 10
138.34727742955033
 20
206.3378049878777
 10
138.42706889443193
 20
206.3292538256378
 10
138.5069100607146
 20
206.32117988303486
 10
138.58679791487432
 20
206.31358177338228
 10
138.66672948102647
 20
206.3064581951882
 10
138.74670181834875
 20
206.29980793130068
 10
138.82671201856732
 20
206.29362984810797
 10
138.90675720350072
 20
206.28792289479537
 10
138.98683452265772
 20
206.28268610265644
 10
139.06694115088368
 20
206.27791858445863
 10
139.1470742860521
 20
206.27361953386344
 10
139.2272311467959
 20
206.26978822489872
 10
139.3074089702758
 20
206.26642401148513
 10
139.38760500998
 20
206.26352632701418
 10
139.46781653355325
 20
206.26109468397868
 10
139.54804082064948
 20
206.25912867365508
 10
139.62827516080583
 20
206.25762796583723
 10
139.7085168513335
 20
206.25659230862107
 10
139.78876319522197
 20
206.2560215282408
 10
139.8690114990529
 20
206.25591552895594
 10
139.94925907092045
 20
206.2562742929885
 10
140.02950321835394
 20
206.25709788051216
 10
140.10974124623976
 20
206.25838642969063
 10
140.18997045473856
 20
206.26014015676822
 10
140.2701881371943
 20
206.26235935621025
 10
140.3503915780319
 20
206.2650444008949
 10
140.43057805063899
 20
206.26819574235623
 10
140.51074481522917
 20
206.27181391107803
 10
140.59088911668206
 20
206.2758995168403
 10
140.6710081823569
 20
206.28045324911665
 10
140.75109921987573
 20
206.28547587752462
 10
140.83115941487208
 20
206.29096825232847
 10
140.91118592870123
 20
206.2969313049951
 10
140.99117589610756
 20
206.3033660488038
 10
141.07112642284523
 20
206.31027357950984
 10
141.1510345832472
 20
206.3176550760628
 10
141.23089741773828
 20
206.32551180138057
 10
141.31071193028754
 20
206.3338451031787
 10
141.39047508579483
 20
206.34265641485683
 10
141.47018380740656
 20
206.35194725644226
 10
141.54983497375525
 20
206.3617192355913
 10
141.62942541611747
 20
206.3719740486498
 10
141.70895191548396
 20
206.3827134817729
 10
141.78841119953637
 20
206.39393941210534
 10
141.86779993952368
 20
206.40565380902245
 10
141.94711474703223
 20
206.41785873543387
 10
142.02635217064176
 20
206.4305563491489
 10
142.1055086924606
 20
206.44374890430646
 10
142.18458072453183
 20
206.45743875286854
 10
142.2635646051027
 20
206.471628346179
 10
142.34245659474823
 20
206.48632023658814
 10
142.42125287234057
 20
206.5015170791434
 10
142.49994953085388
 20
206.51722163334767
 10
142.57854257299527
 20
206.53343676498406
 10
142.65702790665068
 20
206.5501654480098
 10
142.73540134013498
 20
206.56741076651736
 10
142.81365857723372
 20
206.5851759167645
 10
142.89179521202473
 20
206.6034642092726
 10
142.96980672346567
 20
206.62227907099276
 10
143.04768846973377
 20
206.64162404754012
 10
143.12543568230276
 20
206.6615028054951
 10
143.20304345974122
 20
206.68191913477
 10
143.28050676121558
 20
206.70287695104105
 10
143.3578203996802
 20
206.72438029824298
 10
143.4349790347357
 20
206.7464333511238
 10
143.51197716513545
 20
206.76904041785798
 10
143.58880912091945
 20
206.79220594271357
 10
143.66546905515315
 20
206.8159345087701
 10
143.74195093524762
 20
206.84023084068116
 10
143.81824853383563
 20
206.86509980747758
 10
143.8943554191778
 20
206.89054642540282
 10
143.97026494507008
 20
206.91657586077332
 10
144.0459702402231
 20
206.94319343285497
 10
144.12146419708213
 20
206.97040461674402
 10
144.19673946005378
 20
206.99821504624083
 10
144.27178841310518
 20
207.02663051670203
 10
144.34660316669795
 20
207.05565698785415
 10
144.42117554401787
 20
207.0853005865514
 10
144.4954970664599
 20
207.11556760945416
 10
144.56955893832398
 20
207.14646452560572
 10
144.64335203067742
 20
207.17799797887835
 10
144.71686686433551
 20
207.2101747902571
 10
144.79009359191096
 20
207.2430019599263
 10
144.8630219788798
 20
207.27648666911728
 10
144.9356413836102
 20
207.31063628167158
 10
145.00794073629788
 20
207.34545834526858
 10
145.0799085167504
 20
207.38096059225705
 10
145.15153273096072
 20
207.41715094002706
 10
145.22280088640966
 20
207.45403749084528
 10
145.2936999660352
 20
207.4916285310722
 10
145.36421640080678
 20
207.52993252966576
 10
145.43433604084274
 20
207.56895813586658
 10
145.50404412500995
 20
207.60871417594694
  0
LWPOLYLINE
  5
90
330
17
100
AcDbEntity
  8
01-VISIBLE
100
AcDbPolyline
 90
100
 70
0
 10
147.83417503414037
 20
210.61134517825138
 10
147.8250891173647
 20
210.69107569981293
 10
147.8136476397554
 20
210.77050245650514
 10
147.79988025525773
 20
210.84955930168394
 10
147.78382191976362
 20
210.9281828690535
 10
147.76551243304985
 20
211.00631294745108
 10
147.74499593932623
 20
211.08389278940854
 10
147.72232040033384
 20
211.16086935121604
 10
147.69753705456316
 20
211.23719346465947
 10
147.67069987524545
 20
211.31281994277685
 10
147.6418650384279
 20
211.38770762379085
 10
147.61109041080945
 20
211.46181935877274
 10
147.57843506521797
 20
211.53512194957017
 10
147.5439588297726
 20
211.60758604409648
 10
147.5077218749954
 20
211.6791859962845
 10
147.46978434149173
 20
211.74989969789516
 10
147.43020600936217
 20
211.81970838902112
 10
147.3890460092703
 20
211.88859645358713
 10
147.34636257408184
 20
211.95655120549458
 10
147.3022128292082
 20
212.02356267033747
 10
147.25665261921495
 20
212.08962336687324
 10
147.20973636787184
 20
212.15472809170552
 10
147.1615169685979
 20
212.2188737099503
 10
147.1120457021665
 20
212.2820589540254
 10
147.06137217855158
 20
212.34428423214723
 10
147.00954429989508
 20
212.40555144762823
 10
146.956608241732
 20
212.4658638296561
 10
146.90260844980597
 20
212.52522577589355
 10
146.8475876500288
 20
212.58364270695517
 10
146.79158686936938
 20
212.64112093260007
 10
146.73464546568925
 20
212.69766752930786
 10
146.6768011647716
 20
212.75329022878003
 10
146.61809010300502
 20
212.80799731682077
 10
146.55854687438745
 20
212.86179754199247
 10
146.49820458070133
 20
212.9147000334088
 10
146.43709488387978
 20
212.96671422701468
 10
146.375248059736
 20
213.0178497997045
 10
146.312693052363
 20
213.0681166106441
 10
146.24945752862857
 20
213.1175246491839
 10
146.1855679322962
 20
213.16608398878037
 10
146.1210495373902
 20
213.21380474637328
 10
146.0559265005033
 20
213.26069704670346
 10
145.9902219118094
 20
213.30677099108993
 10
145.92395784460206
 20
213.35203663022185
 10
145.85715540322548
 20
213.39650394055644
 10
145.78983476930583
 20
213.4401828039475
 10
145.7220152462232
 20
213.4830829901619
 10
145.6537153017924
 20
213.52521414197304
 10
145.58495260914256
 20
213.5665857625479
 10
145.51574408580422
 20
213.607207204872
 10
145.44610593102735
 20
213.64708766298094
 10
145.37605366136412
 20
213.6862361647914
 10
145.30560214456045
 20
213.72466156634243
 10
145.23476563180606
 20
213.7623725472812
 10
145.1635577883982
 20
213.79937760744093
 10
145.0919917228776
 20
213.83568506437712
 10
145.02008001469673
 20
213.87130305174082
 10
144.94783474048285
 20
213.9062395183828
 10
144.87526749895721
 20
213.94050222809085
 10
144.8023894345728
 20
213.97409875987665
 10
144.729211259931
 20
214.00703650873527
 10
144.65574327703706
 20
214.03932268681007
 10
144.58199539745303
 20
214.07096432490357
 10
144.5079771614033
 20
214.10196827428092
 10
144.43369775588846
 20
214.13234120871908
 10
144.3591660318587
 20
214.16208962676046
 10
144.28439052049774
 20
214.19121985413398
 10
144.2093794486646
 20
214.2197380463121
 10
144.1341407535395
 20
214.2476501911744
 10
144.05868209651723
 20
214.27496211175327
 10
143.98301087638973
 20
214.30167946904027
 10
143.90713424185708
 20
214.32780776483304
 10
143.83105910340433
 20
214.35335234460626
 10
143.75479214457988
 20
214.37831840039314
 10
143.67833983270845
 20
214.4027109736632
 10
143.60170842907098
 20
214.4265349581861
 10
143.52490399858104
 20
214.44979510287254
 10
143.44793241898626
 20
214.47249601458287
 10
143.37079938962157
 20
214.49464216089757
 10
143.2935104397398
 20
214.51623787284313
 10
143.21607093644292
 20
214.5372873475681
 10
143.13848609223714
 20
214.55779465096572
 10
143.06076097223288
 20
214.57776372023903
 10
142.9829005010093
 20
214.59719836640596
 10
142.90490946916336
 20
214.6161022767418
 10
142.8267925395599
 20
214.6344790171575
 10
142.74855425330108
 20
214.65233203451191
 10
142.6701990354299
 20
214.66966465885747
 10
142.59173120038366
 20
214.68648010561816
 10
142.51315495721113
 20
214.70278147769932
 10
142.4344744145671
 20
214.71857176752894
 10
142.35569358549668
 20
214.73385385903123
 10
142.2768163920219
 20
214.74863052953106
 10
142.19784666954138
 20
214.76290445159117
 10
142.11878817105395
 20
214.77667819478114
 10
142.03964457121683
 20
214.7899542273799
 10
141.96041947024725
 20
214.8027349180113
 10
141.88111639767732
 20
214.81502253721396
 10
141.80173881597025
 20
214.826819258946
 10
141.7222901240068
 20
214.83812716202522
  0
LWPOLYLINE
  5
91
330
17
100
AcDbEntity
  8
01-VISIBLE
100
AcDbPolyline
 90
100
 70
0
 10
137.97208962702837
 20
214.83812716202522
 10
137.89264093506534
 20
214.82681925894605
 10
137.81326335335856
 20
214.81502253721408
 10
137.73396028078872
 20
214.80273491801142
 10
137.65473517981914
 20
214.78995422738
 10
137.5755915799819
 20
214.77667819478125
 10
137.49653308149428
 20
214.76290445159123
 10
137.41756335901346
 20
214.7486305295311
 10
137.33868616553835
 20
214.73385385903117
 10
137.25990533646757
 20
214.71857176752883
 10
137.18122479382313
 20
214.7027814776991
 10
137.10264855065017
 20
214.68648010561793
 10
137.0241807156035
 20
214.66966465885713
 10
136.9458254977319
 20
214.6523320345114
 10
136.86758721147265
 20
214.63447901715688
 10
136.7894702818688
 20
214.61610227674112
 10
136.71147925002242
 20
214.5971983664051
 10
136.6336187787985
 20
214.57776372023807
 10
136.55589365879388
 20
214.55779465096464
 10
136.4783088145878
 20
214.53728734756692
 10
136.4008693112906
 20
214.51623787284183
 10
136.32358036140852
 20
214.49464216089615
 10
136.2464473320436
 20
214.47249601458134
 10
136.16947575244856
 20
214.4497951028709
 10
136.09267132195842
 20
214.4265349581844
 10
136.01603991832079
 20
214.40271097366133
 10
135.9395876064492
 20
214.3783184003912
 10
135.86332064762462
 20
214.35335234460416
 10
135.78724550917175
 20
214.32780776483088
 10
135.711368874639
 20
214.30167946903805
 10
135.63569765451143
 20
214.27496211175094
 10
135.5602389974891
 20
214.24765019117194
 10
135.48500030236394
 20
214.2197380463096
 10
135.40998923053075
 20
214.19121985413142
 10
135.3352137191698
 20
214.1620896267578
 10
135.26068199514
 20
214.1323412087164
 10
135.18640258962515
 20
214.10196827427814
 10
135.11238435357544
 20
214.07096432490073
 10
135.0386364739914
 20
214.03932268680717
 10
134.9651684910975
 20
214.0070365087323
 10
134.8919903164557
 20
213.97409875987364
 10
134.8191122520713
 20
213.94050222808778
 10
134.7465450105457
 20
213.90623951837966
 10
134.67429973633182
 20
213.87130305173758
 10
134.60238802815098
 20
213.83568506437382
 10
134.5308219626304
 20
213.79937760743758
 10
134.4596141192226
 20
213.76237254727778
 10
134.38877760646824
 20
213.7246615663389
 10
134.31832608966462
 20
213.68623616478783
 10
134.24827382000143
 20
213.64708766297736
 10
134.1786356652246
 20
213.6072072048683
 10
134.1094271418863
 20
213.56658576254415
 10
134.04066444923646
 20
213.52521414196923
 10
133.97236450480574
 20
213.48308299015798
 10
133.90454498172318
 20
213.44018280394351
 10
133.83722434780353
 20
213.3965039405524
 10
133.770421906427
 20
213.3520366302177
 10
133.7041578392197
 20
213.30677099108573
 10
133.63845325052588
 20
213.2606970466992
 10
133.57333021363903
 20
213.21380474636896
 10
133.50881181873308
 20
213.16608398877594
 10
133.44492222240078
 20
213.11752464917942
 10
133.3816866986664
 20
213.0681166106395
 10
133.31913169129345
 20
213.01784979969983
 10
133.25728486714976
 20
212.96671422700996
 10
133.19617517032827
 20
212.91470003340396
 10
133.13583287664224
 20
212.86179754198758
 10
133.07628964802475
 20
212.80799731681583
 10
133.01757858625822
 20
212.75329022877503
 10
132.95973428534066
 20
212.69766752930275
 10
132.90279288166062
 20
212.64112093259484
 10
132.84679210100128
 20
212.5836427069499
 10
132.79177130122423
 20
212.52522577588815
 10
132.73777150929826
 20
212.46586382965063
 10
132.68483545113529
 20
212.40555144762266
 10
132.6330075724789
 20
212.3442842321416
 10
132.58233404886408
 20
212.28205895401965
 10
132.53286278243277
 20
212.21887370994443
 10
132.48464338315898
 20
212.1547280916996
 10
132.437727131816
 20
212.08962336686722
 10
132.39216692182288
 20
212.0235626703314
 10
132.34801717694936
 20
211.95655120548838
 10
132.30533374176102
 20
211.88859645358082
 10
132.26417374166928
 20
211.81970838901475
 10
132.2245954095399
 20
211.74989969788868
 10
132.18665787603635
 20
211.6791859962779
 10
132.15042092125927
 20
211.60758604408977
 10
132.11594468581404
 20
211.5351219495633
 10
132.08328934022268
 20
211.46181935876575
 10
132.05251471260436
 20
211.38770762378357
 10
132.02367987578694
 20
211.3128199427693
 10
131.99684269646932
 20
211.2371934646515
 10
131.97205935069874
 20
211.16086935120774
 10
131.94938381170647
 20
211.08389278939973
 10
131.92886731798302
 20
211.0063129474418
 10
131.91055783126944
 20
210.92818286904395
 10
131.89449949577565
 20
210.84955930167456
 10
131.88073211127843
 20
210.77050245649684
 10
131.86929063366975
 20
210.6910756998074
 10
131.8602047168948
 20
210.61134517825138
  0
LWPOLYLINE
  5
92
330
17
100
AcDbEntity
  8
01-VISIBLE
100
AcDbPolyline
 90
165
 70
0
 10
146.40976275241323
 20
212.9894943041523
 10
146.33012975162126
 20
212.999270986625
 10
146.2504817646824
 20
213.00892482081957
 10
146.17081899689185
 20
213.01845591565353
 10
146.09114165275315
 20
213.02786437857083
 10
146.01144993599053
 20
213.0371503155469
 10
145.9317440495609
 20
213.04631383109296
 10
145.852024195666
 20
213.05535502826064
 10
145.77229057576417
 20
213.06427400864624
 10
145.69254339058233
 20
213.0730708723952
 10
145.61278284012766
 20
213.08174571820632
 10
145.53300912369923
 20
213.0902986433362
 10
145.4532224398997
 20
213.09872974360303
 10
145.37342298664666
 20
213.107039113391
 10
145.29361096118416
 20
213.11522684565432
 10
145.21378656009404
 20
213.12329303192104
 10
145.13394997930712
 20
213.13123776229696
 10
145.05410141411446
 20
213.13906112546988
 10
144.97424105917838
 20
213.14676320871274
 10
144.89436910854363
 20
213.15434409788799
 10
144.81448575564818
 20
213.16180387745072
 10
144.7345911933342
 20
213.16914263045288
 10
144.65468561385893
 20
213.1763604385461
 10
144.5747692089053
 20
213.18345738198582
 10
144.49484216959274
 20
213.19043353963434
 10
144.4149046864877
 20
213.19728898896432
 10
144.33495694961425
 20
213.20402380606208
 10
144.25499914846458
 20
213.2106380656308
 10
144.17503147200944
 20
213.2171318409939
 10
144.09505410870844
 20
213.22350520409776
 10
144.0150672465204
 20
213.22975822551524
 10
143.93507107291367
 20
213.23589097444847
 10
143.85506577487618
 20
213.2419035187317
 10
143.77505153892568
 20
213.24779592483446
 10
143.69502855111983
 20
213.25356825786412
 10
143.61499699706619
 20
213.2592205815689
 10
143.53495706193215
 20
213.26475295834035
 10
143.45490893045505
 20
213.27016544921628
 10
143.37485278695183
 20
213.27545811388308
 10
143.29478881532904
 20
213.28063101067846
 10
143.21471719909246
 20
213.28568419659382
 10
143.13463812135706
 20
213.29061772727675
 10
143.05455176485643
 20
213.2954316570333
 10
142.9744583119527
 20
213.30012603883046
 10
142.8943579446459
 20
213.30470092429812
 10
142.8142508445837
 20
213.3091563637317
 10
142.73413719307092
 20
213.31349240609387
 10
142.65401717107895
 20
213.31770909901678
 10
142.57389095925518
 20
213.32180648880416
 10
142.49375873793255
 20
213.32578462043324
 10
142.41362068713877
 20
213.3296435375566
 10
142.33347698660586
 20
213.33338328250403
 10
142.2533278157792
 20
213.33700389628456
 10
142.17317335382702
 20
213.34050541858772
 10
142.0930137796496
 20
213.34388788778568
 10
142.0128492718884
 20
213.34715134093483
 10
141.93268000893536
 20
213.35029581377694
 10
141.852506168942
 20
213.35332134074116
 10
141.77232792982855
 20
213.3562279549452
 10
141.69214546929305
 20
213.35901568819696
 10
141.6119589648205
 20
213.36168457099558
 10
141.53176859369182
 20
213.36423463253294
 10
141.45157453299296
 20
213.3666659006949
 10
141.3713769596239
 20
213.3689784020624
 10
141.29117605030754
 20
213.37117216191263
 10
141.21097198159885
 20
213.37324720421998
 10
141.1307649298937
 20
213.37520355165736
 10
141.05055507143783
 20
213.37704122559688
 10
140.97034258233575
 20
213.37876024611074
 10
140.89012763855962
 20
213.38036063197234
 10
140.80991041595826
 20
213.3818424006568
 10
140.72969109026587
 20
213.3832055683419
 10
140.64946983711098
 20
213.38445014990862
 10
140.5692468320253
 20
213.38557615894183
 10
140.48902225045245
 20
213.38658360773098
 10
140.40879626775697
 20
213.38747250727033
 10
140.32856905923302
 20
213.3882428672597
 10
140.24834080011317
 20
213.38889469610478
 10
140.16811166557733
 20
213.3894280009174
 10
140.08788183076135
 20
213.38984278751605
 10
140.00765147076606
 20
213.39013906042584
 10
139.92742076066585
 20
213.3903168228789
 10
139.84718987551759
 20
213.39037607681445
 10
139.76695899036932
 20
213.3903168228789
 10
139.6867282802691
 20
213.39013906042584
 10
139.60649792027382
 20
213.38984278751605
 10
139.52626808545784
 20
213.3894280009174
 10
139.44603895092197
 20
213.38889469610478
 10
139.36581069180215
 20
213.3882428672597
 10
139.2855834832782
 20
213.38747250727033
 10
139.20535750058272
 20
213.38658360773098
 10
139.12513291900987
 20
213.38557615894183
 10
139.04490991392416
 20
213.38445014990862
 10
138.9646886607693
 20
213.3832055683419
 10
138.8844693350769
 20
213.3818424006568
 10
138.80425211247552
 20
213.38036063197234
 10
138.72403716869943
 20
213.37876024611074
 10
138.64382467959732
 20
213.37704122559688
 10
138.56361482114147
 20
213.37520355165736
 10
138.4834077694363
 20
213.37324720421998
 10
138.40320370072763
 20
213.37117216191263
 10
138.32300279141128
 20
213.3689784020624
 10
138.2428052180422
 20
213.3666659006949
 10
138.16261115734335
 20
213.36423463253294
 10
138.08242078621467
 20
213.36168457099558
 10
138.00223428174212
 20
213.35901568819696
 10
137.92205182120662
 20
213.3562279549452
 10
137.84187358209317
 20
213.35332134074116
 10
137.7616997420998
 20
213.35029581377694
 10
137.68153047914677
 20
213.34715134093483
 10
137.60136597138558
 20
213.34388788778568
 10
137.52120639720815
 20
213.34050541858772
 10
137.44105193525596
 20
213.3370038962845
 10
137.3609027644293
 20
213.33338328250403
 10
137.28075906389637
 20
213.3296435375566
 10
137.20062101310262
 20
213.32578462043324
 10
137.12048879178
 20
213.32180648880416
 10
137.04036257995622
 20
213.31770909901678
 10
136.96024255796422
 20
213.31349240609387
 10
136.88012890645143
 20
213.3091563637317
 10
136.80002180638928
 20
213.30470092429812
 10
136.71992143908247
 20
213.30012603883046
 10
136.63982798617872
 20
213.2954316570333
 10
136.55974162967811
 20
213.29061772727675
 10
136.4796625519427
 20
213.28568419659382
 10
136.39959093570613
 20
213.28063101067846
 10
136.31952696408334
 20
213.27545811388308
 10
136.23947082058012
 20
213.27016544921628
 10
136.15942268910302
 20
213.26475295834035
 10
136.07938275396899
 20
213.2592205815689
 10
135.99935119991534
 20
213.25356825786412
 10
135.91932821210946
 20
213.24779592483446
 10
135.83931397615896
 20
213.2419035187317
 10
135.75930867812147
 20
213.23589097444847
 10
135.67931250451474
 20
213.22975822551524
 10
135.59932564232673
 20
213.22350520409776
 10
135.51934827902573
 20
213.2171318409939
 10
135.4393806025706
 20
213.2106380656308
 10
135.35942280142092
 20
213.20402380606208
 10
135.27947506454748
 20
213.19728898896432
 10
135.19953758144243
 20
213.19043353963434
 10
135.11961054212986
 20
213.18345738198582
 10
135.03969413717624
 20
213.1763604385461
 10
134.95978855770096
 20
213.16914263045288
 10
134.879893995387
 20
213.16180387745072
 10
134.80001064249151
 20
213.15434409788799
 10
134.72013869185676
 20
213.14676320871274
 10
134.64027833692072
 20
213.13906112546988
 10
134.56042977172805
 20
213.13123776229696
 10
134.48059319094114
 20
213.12329303192104
 10
134.400768789851
 20
213.11522684565432
 10
134.3209567643885
 20
213.107039113391
 10
134.24115731113545
 20
213.09872974360303
 10
134.1613706273359
 20
213.0902986433362
 10
134.0815969109075
 20
213.08174571820632
 10
134.00183636045284
 20
213.0730708723952
 10
133.922089175271
 20
213.06427400864624
 10
133.84235555536918
 20
213.05535502826064
 10
133.76263570147427
 20
213.04631383109296
 10
133.68292981504464
 20
213.0371503155469
 10
133.60323809828202
 20
213.02786437857083
 10
133.52356075414332
 20
213.01845591565353
 10
133.44389798635277
 20
213.00892482081957
 10
133.36424999941391
 20
212.999270986625
 10
133.2846169986219
 20
212.9894943041523
  0
LWPOLYLINE
  5
93
330
17
100
AcDbEntity
  8
01-VISIBLE
100
AcDbPolyline
 90
196
 70
0
 10
147.63860514794078
 20
211.3958206403608
 10
147.5592909734427
 20
211.40776205881536
 10
147.4799577034609
 20
211.41957595016282
 10
147.40060556831347
 20
211.43126245545784
 10
147.32123479723288
 20
211.44282171409282
 10
147.2418456183815
 20
211.454253863804
 10
147.16243825886664
 20
211.46555904067787
 10
147.08301294475578
 20
211.476737379157
 10
147.00356990109114
 20
211.48778901204616
 10
146.9241093519048
 20
211.49871407051847
 10
146.84463152023307
 20
211.50951268412092
 10
146.7651366281312
 20
211.52018498078053
 10
146.68562489668759
 20
211.53073108680974
 10
146.60609654603823
 20
211.54115112691244
 10
146.5265517953807
 20
211.55144522418925
 10
146.44699086298823
 20
211.56161350014315
 10
146.36741396622364
 20
211.57165607468494
 10
146.28782132155317
 20
211.58157306613856
 10
146.20821314455998
 20
211.59136459124642
 10
146.12858964995795
 20
211.60103076517458
 10
146.04895105160492
 20
211.61057170151793
 10
145.9692975625162
 20
211.61998751230539
 10
145.88962939487772
 20
211.62927830800453
 10
145.80994676005923
 20
211.63844419752706
 10
145.73024986862728
 20
211.6474852882332
 10
145.65053893035824
 20
211.65640168593677
 10
145.57081415425094
 20
211.66519349490977
 10
145.4910757485397
 20
211.67386081788726
 10
145.41132392070685
 20
211.68240375607155
 10
145.33155887749507
 20
211.69082240913713
 10
145.25178082492027
 20
211.69911687523478
 10
145.17198996828364
 20
211.70728725099622
 10
145.092186512184
 20
211.71533363153833
 10
145.01237066053014
 20
211.72325611046716
 10
144.93254261655275
 20
211.73105477988247
 10
144.85270258281653
 20
211.7387297303817
 10
144.7728507612322
 20
211.74628105106376
 10
144.69298735306825
 20
211.75370882953342
 10
144.6131125589628
 20
211.76101315190493
 10
144.53322657893534
 20
211.76819410280592
 10
144.45332961239828
 20
211.77525176538103
 10
144.3734218581686
 20
211.782186221296
 10
144.29350351447928
 20
211.78899755074082
 10
144.21357477899082
 20
211.79568583243366
 10
144.13363584880244
 20
211.80225114362418
 10
144.0536869204635
 20
211.80869356009703
 10
143.97372818998463
 20
211.81501315617516
 10
143.89375985284897
 20
211.82121000472313
 10
143.81378210402318
 20
211.8272841771506
 10
143.73379513796846
 20
211.83323574341495
 10
143.65379914865167
 20
211.83906477202493
 10
143.573794329556
 20
211.84477133004344
 10
143.49378087369203
 20
211.85035548309054
 10
143.4137589736084
 20
211.85581729534636
 10
143.33372882140256
 20
211.86115682955386
 10
143.25369060873155
 20
211.86637414702193
 10
143.1736445268225
 20
211.8714693076277
 10
143.0935907664833
 20
211.87644236981936
 10
143.0135295181131
 20
211.8812933906189
 10
142.93346097171283
 20
211.88602242562445
 10
142.85338531689555
 20
211.8906295290127
 10
142.7733027428969
 20
211.89511475354146
 10
142.69321343858545
 20
211.89947815055194
 10
142.61311759247297
 20
211.90371976997108
 10
142.53301539272476
 20
211.90783966031347
 10
142.45290702716974
 20
211.9118378686839
 10
142.37279268331073
 20
211.9157144407792
 10
142.2926725483346
 20
211.91946942089027
 10
142.21254680912222
 20
211.92310285190422
 10
142.13241565225874
 20
211.926614775306
 10
142.05227926404353
 20
211.93000523118036
 10
141.9721378305001
 20
211.93327425821377
 10
141.89199153738616
 20
211.9364218936958
 10
141.81184057020357
 20
211.9394481735211
 10
141.73168511420812
 20
211.9423531321907
 10
141.65152535441956
 20
211.94513680281392
 10
141.57136147563133
 20
211.9477992171092
 10
141.4911936624205
 20
211.95034040540628
 10
141.41102209915738
 20
211.95276039664685
 10
141.33084697001547
 20
211.95505921838634
 10
141.25066845898118
 20
211.95723689679465
 10
141.17048674986344
 20
211.95929345665792
 10
141.09030202630356
 20
211.96122892137902
 10
141.0101144717848
 20
211.96304331297887
 10
140.92992426964207
 20
211.96473665209743
 10
140.84973160307163
 20
211.96630895799456
 10
140.76953665514066
 20
211.96776024855086
 10
140.68933960879693
 20
211.9690905402685
 10
140.6091406468784
 20
211.97029984827185
 10
140.5289399521227
 20
211.97138818630827
 10
140.44873770717692
 20
211.97235556674855
 10
140.368534094607
 20
211.97320200058778
 10
140.2883292969074
 20
211.9739274974454
 10
140.20812349651058
 20
211.974532065566
 10
140.1279168757966
 20
211.97501571181937
 10
140.04770961710258
 20
211.97537844170114
 10
139.96750190273238
 20
211.97562025933274
 10
139.88729391496602
 20
211.97574116746165
 10
139.80708583606918
 20
211.97574116746165
 10
139.7268778483028
 20
211.97562025933274
 10
139.64667013393262
 20
211.97537844170114
 10
139.5664628752386
 20
211.97501571181937
 10
139.4862562545246
 20
211.974532065566
 10
139.40605045412778
 20
211.9739274974454
 10
139.32584565642819
 20
211.97320200058778
 10
139.24564204385825
 20
211.97235556674855
 10
139.16543979891247
 20
211.97138818630827
 10
139.08523910415678
 20
211.97029984827185
 10
139.00504014223824
 20
211.9690905402685
 10
138.92484309589452
 20
211.96776024855086
 10
138.84464814796357
 20
211.96630895799456
 10
138.7644554813931
 20
211.96473665209743
 10
138.68426527925038
 20
211.96304331297887
 10
138.6040777247316
 20
211.96122892137902
 10
138.52389300117173
 20
211.95929345665792
 10
138.443711292054
 20
211.95723689679465
 10
138.3635327810197
 20
211.95505921838634
 10
138.2833576518778
 20
211.95276039664685
 10
138.20318608861467
 20
211.95034040540628
 10
138.12301827540384
 20
211.9477992171092
 10
138.0428543966156
 20
211.94513680281392
 10
137.96269463682705
 20
211.9423531321907
 10
137.8825391808316
 20
211.9394481735211
 10
137.802388213649
 20
211.9364218936958
 10
137.72224192053508
 20
211.93327425821377
 10
137.64210048699164
 20
211.93000523118036
 10
137.56196409877643
 20
211.926614775306
 10
137.48183294191296
 20
211.92310285190422
 10
137.4017072027006
 20
211.91946942089027
 10
137.32158706772444
 20
211.9157144407792
 10
137.24147272386543
 20
211.9118378686839
 10
137.1613643583104
 20
211.90783966031347
 10
137.0812621585622
 20
211.90371976997108
 10
137.00116631244973
 20
211.89947815055194
 10
136.9210770081383
 20
211.89511475354146
 10
136.84099443413965
 20
211.8906295290127
 10
136.76091877932234
 20
211.88602242562445
 10
136.68085023292207
 20
211.8812933906189
 10
136.60078898455188
 20
211.87644236981936
 10
136.5207352242127
 20
211.8714693076277
 10
136.44068914230363
 20
211.86637414702193
 10
136.3606509296326
 20
211.86115682955386
 10
136.28062077742678
 20
211.85581729534636
 10
136.20059887734314
 20
211.85035548309054
 10
136.12058542147918
 20
211.84477133004344
 10
136.0405806023835
 20
211.83906477202493
 10
135.96058461306671
 20
211.83323574341495
 10
135.88059764701202
 20
211.8272841771506
 10
135.80061989818623
 20
211.82121000472313
 10
135.72065156105054
 20
211.81501315617516
 10
135.64069283057168
 20
211.80869356009703
 10
135.56074390223273
 20
211.80225114362418
 10
135.48080497204435
 20
211.79568583243366
 10
135.4008762365559
 20
211.78899755074082
 10
135.3209578928666
 20
211.782186221296
 10
135.24105013863692
 20
211.77525176538103
 10
135.16115317209986
 20
211.76819410280592
 10
135.08126719207237
 20
211.76101315190493
 10
135.00139239796692
 20
211.75370882953342
 10
134.92152898980297
 20
211.74628105106376
 10
134.84167716821864
 20
211.7387297303817
 10
134.76183713448242
 20
211.73105477988247
 10
134.68200909050503
 20
211.72325611046716
 10
134.60219323885116
 20
211.71533363153833
 10
134.52238978275153
 20
211.70728725099622
 10
134.4425989261149
 20
211.69911687523478
 10
134.3628208735401
 20
211.69082240913713
 10
134.28305583032835
 20
211.68240375607155
 10
134.20330400249546
 20
211.67386081788726
 10
134.12356559678423
 20
211.66519349490977
 10
134.04384082067696
 20
211.65640168593677
 10
133.9641298824079
 20
211.6474852882332
 10
133.88443299097594
 20
211.63844419752706
 10
133.80475035615746
 20
211.62927830800453
 10
133.725082188519
 20
211.61998751230539
 10
133.64542869943025
 20
211.61057170151793
 10
133.56579010107723
 20
211.60103076517458
 10
133.4861666064752
 20
211.59136459124642
 10
133.406558429482
 20
211.58157306613856
 10
133.32696578481153
 20
211.57165607468494
 10
133.24738888804694
 20
211.56161350014315
 10
133.16782795565447
 20
211.55144522418925
 10
133.08828320499694
 20
211.54115112691244
 10
133.0087548543476
 20
211.53073108680974
 10
132.92924312290398
 20
211.52018498078053
 10
132.8497482308021
 20
211.50951268412092
 10
132.77027039913037
 20
211.49871407051847
 10
132.69080984994403
 20
211.48778901204616
 10
132.61136680627942
 20
211.476737379157
 10
132.53194149216853
 20
211.46555904067787
 10
132.45253413265368
 20
211.454253863804
 10
132.3731449538023
 20
211.44282171409282
 10
132.2937741827217
 20
211.43126245545784
 10
132.21442204757426
 20
211.41957595016282
 10
132.13508877759247
 20
211.40776205881536
 10
132.0557746030944
 20
211.3958206403608
  0
LWPOLYLINE
  5
94
330
17
100
AcDbEntity
  8
01-VISIBLE
100
AcDbPolyline
 90
198
 70
0
 10
147.7266756581312
 20
210.07601328478802
 10
147.6472938503407
 20
210.08811001954462
 10
147.56789264670726
 20
210.10007878160474
 10
147.48847227955224
 20
210.1119197143563
 10
147.40903298008936
 20
210.12363295951036
 10
147.32957497844035
 20
210.1352186571076
 10
147.2500985036503
 20
210.14667694552423
 10
147.17060378370297
 20
210.1580079614788
 10
147.0910910455359
 20
210.1692118400378
 10
147.0115605150554
 20
210.18028871462212
 10
146.93201241715144
 20
210.1912387170127
 10
146.85244697571235
 20
210.20206197735678
 10
146.77286441363952
 20
210.21275862417355
 10
146.69326495286174
 20
210.22332878435998
 10
146.61364881434963
 20
210.2337725831964
 10
146.5340162181299
 20
210.24409014435247
 10
146.4543673832994
 20
210.25428158989217
 10
146.3747025280392
 20
210.26434704027986
 10
146.29502186962833
 20
210.2742866143853
 10
146.2153256244577
 20
210.28410042948911
 10
146.13561400804363
 20
210.29378860128799
 10
146.0558872350415
 20
210.3033512439
 10
145.9761455192591
 20
210.3127884698696
 10
145.89638907366992
 20
210.32210039017258
 10
145.8166181104265
 20
210.3312871142213
 10
145.73683284087352
 20
210.34034874986946
 10
145.6570334755607
 20
210.34928540341673
 10
145.5772202242558
 20
210.35809717961382
 10
145.49739329595752
 20
210.36678418166701
 10
145.41755289890813
 20
210.37534651124287
 10
145.33769924060604
 20
210.38378426847254
 10
145.2578325278185
 20
210.3920975519565
 10
145.17795296659395
 20
210.40028645876896
 10
145.0980607622744
 20
210.40835108446203
 10
145.01815611950772
 20
210.41629152306996
 10
144.93823924225978
 20
210.42410786711372
 10
144.85831033382664
 20
210.43180020760462
 10
144.77836959684643
 20
210.43936863404872
 10
144.6984172333115
 20
210.4468132344507
 10
144.61845344458007
 20
210.45413409531784
 10
144.53847843138817
 20
210.46133130166385
 10
144.45849239386126
 20
210.4684049370125
 10
144.3784955315259
 20
210.47535508340178
 10
144.2984880433213
 20
210.4821818213871
 10
144.21847012761083
 20
210.488885230045
 10
144.13844198219343
 20
210.49546538697695
 10
144.0584038043149
 20
210.50192236831236
 10
143.9783557906794
 20
210.5082562487123
 10
143.89829813746033
 20
210.51446710137282
 10
143.81823104031176
 20
210.52055499802788
 10
143.7381546943795
 20
210.52652000895296
 10
143.65806929431193
 20
210.53236220296793
 10
143.57797503427122
 20
210.5380816474402
 10
143.4978721079441
 20
210.54367840828763
 10
143.41776070855272
 20
210.54915254998156
 10
143.33764102886556
 20
210.55450413554973
 10
143.25751326120803
 20
210.55973322657877
 10
143.1773775974733
 20
210.56483988321742
 10
143.0972342291328
 20
210.56982416417873
 10
143.01708334724697
 20
210.57468612674296
 10
142.93692514247567
 20
210.57942582676003
 10
142.85675980508876
 20
210.584043318652
 10
142.77658752497652
 20
210.58853865541545
 10
142.69640849166004
 20
210.59291188862386
 10
142.6162228943016
 20
210.59716306843006
 10
142.536030921715
 20
210.60129224356814
 10
142.4558327623758
 20
210.6052994613558
 10
142.3756286044316
 20
210.6091847676965
 10
142.2954186357122
 20
210.61294820708127
 10
142.21520304373976
 20
210.61658982259098
 10
142.134982015739
 20
210.62010965589803
 10
142.0547557386472
 20
210.6235077472682
 10
141.97452439912425
 20
210.62678413556262
 10
141.8942881835627
 20
210.6299388582392
 10
141.8140472780979
 20
210.6329719513547
 10
141.7338018686176
 20
210.63588344956582
 10
141.6535521407723
 20
210.63867338613107
 10
141.57329827998484
 20
210.64134179291227
 10
141.49304047146043
 20
210.64388870037578
 10
141.41277890019649
 20
210.6463141375939
 10
141.33251375099238
 20
210.6486181322462
 10
141.25224520845936
 20
210.65080071062079
 10
141.17197345703022
 20
210.65286189761525
 10
141.0916986809692
 20
210.65480171673812
 10
141.01142106438152
 20
210.65662019010955
 10
140.93114079122333
 20
210.65831733846244
 10
140.85085804531124
 20
210.6598931811435
 10
140.77057301033213
 20
210.66134773611384
 10
140.69028586985274
 20
210.66268101994996
 10
140.6099968073294
 20
210.6638930478444
 10
140.52970600611758
 20
210.66498383360636
 10
140.44941364948164
 20
210.6659533896625
 10
140.3691199206044
 20
210.66680172705725
 10
140.2888250025967
 20
210.66752885545355
 10
140.2085290785071
 20
210.66813478313293
 10
140.1282323313315
 20
210.66861951699627
 10
140.0479349440226
 20
210.66898306256383
 10
139.96763709949954
 20
210.66922542397566
 10
139.88733898065757
 20
210.66934660399158
 10
139.8070407703776
 20
210.66934660399158
 10
139.72674265153563
 20
210.66922542397566
 10
139.64644480701259
 20
210.66898306256383
 10
139.56614741970367
 20
210.66861951699627
 10
139.48585067252804
 20
210.66813478313293
 10
139.40555474843848
 20
210.66752885545355
 10
139.32525983043078
 20
210.66680172705725
 10
139.24496610155353
 20
210.6659533896625
 10
139.1646737449176
 20
210.66498383360636
 10
139.08438294370578
 20
210.6638930478444
 10
139.00409388118243
 20
210.66268101994996
 10
138.92380674070304
 20
210.66134773611384
 10
138.84352170572393
 20
210.6598931811435
 10
138.76323895981184
 20
210.65831733846244
 10
138.68295868665365
 20
210.65662019010955
 10
138.60268107006598
 20
210.65480171673812
 10
138.52240629400495
 20
210.65286189761525
 10
138.44213454257581
 20
210.65080071062079
 10
138.3618660000428
 20
210.6486181322462
 10
138.2816008508387
 20
210.6463141375939
 10
138.20133927957474
 20
210.64388870037578
 10
138.12108147105033
 20
210.64134179291227
 10
138.04082761026288
 20
210.63867338613107
 10
137.96057788241757
 20
210.63588344956582
 10
137.88033247293728
 20
210.6329719513547
 10
137.80009156747244
 20
210.6299388582392
 10
137.71985535191092
 20
210.62678413556262
 10
137.63962401238797
 20
210.6235077472682
 10
137.55939773529613
 20
210.62010965589803
 10
137.47917670729538
 20
210.61658982259098
 10
137.39896111532298
 20
210.61294820708127
 10
137.31875114660357
 20
210.6091847676965
 10
137.23854698865938
 20
210.6052994613558
 10
137.15834882932018
 20
210.60129224356814
 10
137.07815685673359
 20
210.59716306843006
 10
136.99797125937513
 20
210.59291188862386
 10
136.91779222605865
 20
210.58853865541545
 10
136.83761994594641
 20
210.584043318652
 10
136.7574546085595
 20
210.57942582676003
 10
136.6772964037882
 20
210.57468612674296
 10
136.59714552190235
 20
210.56982416417873
 10
136.51700215356186
 20
210.56483988321742
 10
136.4368664898271
 20
210.55973322657877
 10
136.3567387221696
 20
210.55450413554973
 10
136.27661904248245
 20
210.54915254998156
 10
136.19650764309108
 20
210.54367840828763
 10
136.11640471676395
 20
210.5380816474402
 10
136.03631045672324
 20
210.53236220296793
 10
135.95622505665568
 20
210.52652000895296
 10
135.87614871072338
 20
210.52055499802788
 10
135.79608161357484
 20
210.51446710137282
 10
135.71602396035576
 20
210.5082562487123
 10
135.63597594672024
 20
210.50192236831236
 10
135.55593776884174
 20
210.49546538697695
 10
135.47590962342431
 20
210.488885230045
 10
135.39589170771384
 20
210.4821818213871
 10
135.31588421950926
 20
210.47535508340178
 10
135.23588735717388
 20
210.4684049370125
 10
135.15590131964697
 20
210.46133130166385
 10
135.07592630645507
 20
210.45413409531784
 10
134.99596251772365
 20
210.4468132344507
 10
134.91601015418874
 20
210.43936863404872
 10
134.83606941720853
 20
210.43180020760462
 10
134.7561405087754
 20
210.42410786711372
 10
134.67622363152745
 20
210.41629152306996
 10
134.59631898876077
 20
210.40835108446203
 10
134.5164267844412
 20
210.40028645876896
 10
134.43654722321665
 20
210.3920975519565
 10
134.35668051042913
 20
210.38378426847254
 10
134.27682685212704
 20
210.37534651124287
 10
134.19698645507762
 20
210.36678418166701
 10
134.11715952677935
 20
210.35809717961382
 10
134.03734627547448
 20
210.34928540341673
 10
133.95754691016162
 20
210.34034874986946
 10
133.87776164060864
 20
210.3312871142213
 10
133.79799067736525
 20
210.32210039017258
 10
133.71823423177608
 20
210.3127884698696
 10
133.63849251599365
 20
210.3033512439
 10
133.5587657429915
 20
210.29378860128799
 10
133.47905412657747
 20
210.28410042948911
 10
133.39935788140684
 20
210.2742866143853
 10
133.31967722299598
 20
210.26434704027986
 10
133.24001236773574
 20
210.25428158989217
 10
133.16036353290528
 20
210.24409014435247
 10
133.08073093668554
 20
210.2337725831964
 10
133.00111479817343
 20
210.22332878435998
 10
132.92151533739565
 20
210.21275862417355
 10
132.8419327753228
 20
210.20206197735678
 10
132.76236733388373
 20
210.1912387170127
 10
132.68281923597976
 20
210.18028871462212
 10
132.60328870549927
 20
210.1692118400378
 10
132.5237759673322
 20
210.1580079614788
 10
132.44428124738485
 20
210.14667694552423
 10
132.36480477259482
 20
210.1352186571076
 10
132.2853467709458
 20
210.12363295951036
 10
132.20590747148293
 20
210.1119197143563
 10
132.1264871043279
 20
210.10007878160474
 10
132.04708590069447
 20
210.08811001954462
 10
131.96770409290394
 20
210.07601328478802
  0
LWPOLYLINE
  5
95
330
17
100
AcDbEntity
  8
01-VISIBLE
100
AcDbPolyline
 90
211
 70
0
 10
162.47460687348712
 20
57.32940932147915
 10
162.54399261419184
 20
57.36959241740717
 10
162.6132708200709
 20
57.40996062725548
 10
162.68244049422856
 20
57.450514521239825
 10
162.75150062896157
 20
57.49125467213189
 10
162.82045020562128
 20
57.53218165523191
 10
162.88928819447386
 20
57.573296048339635
 10
162.95801355455873
 20
57.614598431723905
 10
163.02662523354562
 20
57.65608938809055
 10
163.09512216758958
 20
57.69776950254881
 10
163.1635032811846
 20
57.73963936257597
 10
163.23176748701525
 20
57.78169955798033
 10
163.2999136858067
 20
57.82395068086242
 10
163.36794076617315
 20
57.86639332557438
 10
163.43584760446424
 20
57.90902808867745
 10
163.50363306460997
 20
57.9518555688976
 10
163.57129599796372
 20
57.99487636707898
 10
163.63883524314357
 20
58.03809108613557
 10
163.7062496258719
 20
58.08150033100051
 10
163.77353795881317
 20
58.12510470857339
 10
163.84069904141006
 20
58.16890482766515
 10
163.90773165971768
 20
58.21290129894084
 10
163.97463458623622
 20
58.2570947348599
 10
164.04140657974165
 20
58.30148574961395
 10
164.1080463851149
 20
58.346074959062236
 10
164.1745527331691
 20
58.39086298066426
 10
164.24092434047532
 20
58.43585043340993
 10
164.30715990918617
 20
58.481037937746834
 10
164.37325812685827
 20
58.526426115504776
 10
164.43921766627253
 20
58.5720155898174
 10
164.50503718525295
 20
58.617806985040716
 10
164.57071532648376
 20
58.66380092666875
 10
164.63625071732483
 20
58.709998041245846
 10
164.7016419696255
 20
58.75639895627585
 10
164.7668876795369
 20
58.8030043001279
 10
164.8319864273223
 20
58.8498147019388
 10
164.8969367771664
 20
58.89683079151183
 10
164.96173727698275
 20
58.94405319921205
 10
165.02638645821975
 20
58.991482555857736
 10
165.09088283566535
 20
59.03911949260812
 10
165.15522490724993
 20
59.08696464084712
 10
165.2194111538481
 20
59.13501863206305
 10
165.28344003907927
 20
59.18328209772431
 10
165.34731000910637
 20
59.23175566915065
 10
165.41101949243395
 20
59.280439977380226
 10
165.47456689970463
 20
59.32933565303205
 10
165.53795062349465
 20
59.378443326164
 10
165.60116903810817
 20
59.427763626126044
 10
165.66422049937063
 20
59.47729718140861
 10
165.72710334442118
 20
59.52704461948603
 10
165.78981589150416
 20
59.577006566654966
 10
165.85235643975975
 20
59.62718364786759
 10
165.91472326901408
 20
59.67757648655938
 10
165.97691463956835
 20
59.728185704471564
 10
166.03892879198781
 20
59.77901192146788
 10
166.10076394688997
 20
59.830055755345604
 10
166.16241830473248
 20
59.881317821640835
 10
166.22389004560108
 20
59.93279873342762
 10
166.28517732899695
 20
59.984499101110934
 10
166.3462782936244
 20
60.03641953221356
 10
166.40719105717847
 20
60.088560631156234
 10
166.4679137161328
 20
60.14092299903151
 10
166.52844434552802
 20
60.193507233370596
 10
166.58878099876037
 20
60.24631392790359
 10
166.6489217073713
 20
60.29934367231245
 10
166.70886448083763
 20
60.35259705197694
 10
166.76860730636292
 20
60.40607464771308
 10
166.82814814866975
 20
60.459777035504246
 10
166.88748494979365
 20
60.5137047862245
 10
166.94661562887825
 20
60.567858465354234
 10
167.00553808197247
 20
60.62223863268767
 10
167.0642501818294
 20
60.676845842032385
 10
167.12274977770736
 20
60.731680640900464
 10
167.18103469517354
 20
60.786743570191256
 10
167.23910273591005
 20
60.8420351638655
 10
167.29695167752288
 20
60.89755594861064
 10
167.35457927335403
 20
60.95330644349733
 10
167.4119832522969
 20
61.009287159626744
 10
167.4691613186154
 20
61.06549859976874
 10
167.52611115176705
 20
61.12194125799053
 10
167.5828304062303
 20
61.17861561927594
 10
167.6393167113362
 20
61.23552215913489
 10
167.69556767110515
 20
61.29266134320294
 10
167.75158086408888
 20
61.35003362683111
 10
167.80735384321773
 20
61.407639454665286
 10
167.86288413565396
 20
61.4654792602155
 10
167.9181692426514
 20
61.52355346541475
 10
167.97320663942168
 20
61.58186248016736
 10
168.0279937750074
 20
61.640406701886526
 10
168.08252807216286
 20
61.69918651502128
 10
168.13680692724273
 20
61.758202290572264
 10
168.1908277100988
 20
61.81745438559681
 10
168.24458776398575
 20
61.87694314270267
 10
168.29808440547595
 20
61.93666888953071
 10
168.35131492438396
 20
61.9966319382261
 10
168.40427658370137
 20
62.056832584898366
 10
168.45696661954216
 20
62.11727110906986
 10
168.5093822410994
 20
62.1779477731128
 10
168.5615206306136
 20
62.23886282167469
 10
168.61337894335333
 20
62.3000164810923
 10
168.66495430760898
 20
62.36140895879393
 10
168.7162438246994
 20
62.4230404426901
 10
168.76724456899328
 20
62.48491110055274
 10
168.81795358794437
 20
62.54702107938263
 10
168.86836790214272
 20
62.60937050476542
 10
168.91848450538112
 20
62.671959480216266
 10
168.96830036473867
 20
62.73478808651275
 10
169.01781242068094
 20
62.79785638101682
 10
169.06701758717855
 20
62.86116439698529
 10
169.1159127518439
 20
62.924712142869424
 10
169.16449477608714
 20
62.98849960160346
 10
169.21276049529243
 20
63.052526729882516
 10
169.26070671901445
 20
63.116793457429864
 10
169.30833023119646
 20
63.18129968625395
 10
169.35562779041055
 20
63.24604528989539
 10
169.40259613012054
 20
63.311030112664
 10
169.44923195896877
 20
63.37625396886667
 10
169.4955319610868
 20
63.44171664202576
 10
169.54149279643195
 20
63.50741788408906
 10
169.58711110114893
 20
63.57335741463118
 10
169.63238348795858
 20
63.639534920047076
 10
169.6773065465741
 20
63.70595005273817
 10
169.72187684414516
 20
63.77260243029149
 10
169.7660909257312
 20
63.83949163465241
 10
169.80994531480434
 20
63.90661721129157
 10
169.85343651378284
 20
63.97397866836657
 10
169.89656100459575
 20
64.04157547587917
 10
169.9393152492796
 20
64.10940706482857
 10
169.98169569060752
 20
64.17747282636165
 10
170.02369875275235
 20
64.24577211092083
 10
170.06532084198312
 20
64.31430422739037
 10
170.10655834739697
 20
64.38306844224222
 10
170.14740764168627
 20
64.45206397868192
 10
170.18786508194165
 20
64.52129001579586
 10
170.22792701049224
 20
64.59074568770075
 10
170.2675897557827
 20
64.66043008269634
 10
170.30684963328832
 20
64.73034224242252
 10
170.3457029464687
 20
64.80048116102198
 10
170.38414598775975
 20
64.87084578430944
 10
170.42217503960555
 20
64.94143500894894
 10
170.4597863755294
 20
65.01224768164028
 10
170.49697626124527
 20
65.0832825983158
 10
170.53374095580932
 20
65.15453850334946
 10
170.57007671281207
 20
65.22601408877868
 10
170.6059797816112
 20
65.29770799354128
 10
170.6414464086056
 20
65.36961880272855
 10
170.67647283854953
 20
65.44174504685589
 10
170.71105531590868
 20
65.51408520115304
 10
170.74519008625614
 20
65.58663768487497
 10
170.77887339770956
 20
65.65940086063546
 10
170.81210150240852
 20
65.73237303376477
 10
170.844870658032
 20
65.8055524516933
 10
170.87717712935546
 20
65.87893730336279
 10
170.90901718984716
 20
65.9525257186668
 10
170.940387123303
 20
66.02631576792257
 10
170.97128322551922
 20
66.10030546137534
 10
171.00170180600225
 20
66.1744927487377
 10
171.0316391897146
 20
66.24887551876512
 10
171.06109171885632
 20
66.32345159886994
 10
171.09005575467998
 20
66.39821875477519
 10
171.11852767933908
 20
66.47317469021036
 10
171.14650389776781
 20
66.54831704665067
 10
171.17398083959097
 20
66.62364340310181
 10
171.2009549610624
 20
66.69915127593157
 10
171.22742274703066
 20
66.77483811875037
 10
171.25338071292964
 20
66.85070132234218
 10
171.27882540679258
 20
66.92673821464754
 10
171.30375341128732
 20
67.0029460608002
 10
171.32816134577092
 20
67.07932206321891
 10
171.35204586836113
 20
67.15586336175588
 10
171.37540367802262
 20
67.23256703390334
 10
171.3982315166655
 20
67.30943009505928
 10
171.4205261712533
 20
67.38644949885405
 10
171.44228447591826
 20
67.46362213753841
 10
171.463503314081
 20
67.54094484243481
 10
171.48417962057135
 20
67.61841438445215
 10
171.5043103837482
 20
67.69602747466533
 10
171.5238926476145
 20
67.77378076496025
 10
171.54292351392536
 20
67.85167084874486
 10
171.5614001442847
 20
67.92969426172665
 10
171.579319762229
 20
68.00784748275728
 10
171.59667965529314
 20
68.08612693474426
 10
171.6134771770563
 20
68.1645289856299
 10
171.6297097491638
 20
68.24304994943768
 10
171.64537486332205
 20
68.32168608738553
 10
171.66047008326262
 20
68.4004336090659
 10
171.6749930466726
 20
68.47928867369215
 10
171.68894146708715
 20
68.55824739141042
 10
171.70231313574172
 20
68.6373058246764
 10
171.71510592337938
 20
68.71645998969576
 10
171.72731778201123
 20
68.7957058579276
 10
171.73894674662512
 20
68.87503935764892
 10
171.74999093684065
 20
68.95445637557927
 10
171.76044855850645
 20
69.03395275856374
 10
171.77031790523685
 20
69.11352431531256
 10
171.77959735988486
 20
69.19316681819504
 10
171.78828539594844
 20
69.27287600508654
 10
171.79638057890705
 20
69.35264758126549
 10
171.80388156748626
 20
69.43247722135844
 10
171.81078711484696
 20
69.51236057133056
 10
171.8170960696973
 20
69.59229325051899
 10
171.8228073773247
 20
69.6722708537063
 10
171.82792008054594
 20
69.75228895323089
 10
171.83243332057313
 20
69.83234310113173
 10
171.83634633779351
 20
69.91242883132412
 10
171.8396584724619
 20
69.9925416618033
 10
171.8423691653037
 20
70.07267709687238
 10
171.84447795802754
 20
70.15283062939191
 10
171.84598449374624
 20
70.23299774304677
 10
171.84688851730525
 20
70.31317391462757
 10
171.84718987551759
 20
70.39335461632277
  0
LWPOLYLINE
  5
96
330
17
100
AcDbEntity
  8
01-VISIBLE
100
AcDbPolyline
 90
52
 70
0
 10
171.84718987551759
 20
70.39335461632277
 10
171.84687981438665
 20
70.4746848408026
 10
171.84594968506445
 20
70.55601033753479
 10
171.8443996497114
 20
70.63732638124443
 10
171.84222997842392
 20
70.71862825159812
 10
171.83944104897844
 20
70.7999112356647
 10
171.83603334647376
 20
70.88117063036424
 10
171.83200746287253
 20
70.96240174490127
 10
171.82736409644338
 20
71.04359990317826
 10
171.82210405110416
 20
71.12476044618582
 10
171.8162282356684
 20
71.20587873436575
 10
171.8097376629966
 20
71.28695014994341
 10
171.80263344905381
 20
71.36797009922572
 10
171.7949168118763
 20
71.44893401486162
 10
171.78658907044908
 20
71.52983735806151
 10
171.7776516434967
 20
71.61067562077253
 10
171.76810604819062
 20
71.69144432780666
 10
171.75795389877499
 20
71.77213903891878
 10
171.74719690511466
 20
71.85275535083187
 10
171.73583687116786
 20
71.93328889920687
 10
171.72387569338716
 20
72.01373536055465
 10
171.71131535905195
 20
72.09409045408793
 10
171.69815794453552
 20
72.1743499435111
 10
171.6844056135109
 20
72.25450963874579
 10
171.67006061509835
 20
72.33456539759091
 10
171.6551252819587
 20
72.4145131273151
 10
171.6396020283359
 20
72.49434878618068
 10
171.62349334805268
 20
72.57406838489746
 10
171.6068018124631
 20
72.65366798800592
 10
171.5895300683655
 20
72.73314371518842
 10
171.57168083588027
 20
72.81249174250819
 10
171.55325690629536
 20
72.89170830357538
 10
171.53426113988402
 20
72.97078969064003
 10
171.51469646369813
 20
73.04973225561162
 10
171.4945658693409
 20
73.1285324110055
 10
171.47387241072252
 20
73.20718663081614
 10
171.45261920180255
 20
73.28569145131776
 10
171.43080941432223
 20
73.3640434717926
 10
171.40844627553042
 20
73.4422393551876
 10
171.3855330659065
 20
73.52027582870033
 10
171.36207311688315
 20
73.59814968429488
 10
171.33806980857298
 20
73.67585777914879
 10
171.31352656750096
 20
73.75339703603228
 10
171.28844686434653
 20
73.83076444362084
 10
171.26283421169802
 20
73.90795705674257
 10
171.23669216182174
 20
73.9849719965619
 10
171.21002430444872
 20
74.0618064507007
 10
171.18283426458163
 20
74.13845767329906
 10
171.1551257003239
 20
74.21492298501681
 10
171.12690230073375
 20
74.29119977297782
 10
171.09816778370467
 20
74.36728549065879
 10
171.06892589387505
 20
74.44317765772429
  0
LWPOLYLINE
  5
97
330
17
100
AcDbEntity
  8
01-VISIBLE
100
AcDbPolyline
 90
52
 70
0
 10
108.62545385716011
 20
74.44317765772426
 10
108.5962119673305
 20
74.36728549065876
 10
108.56747745030142
 20
74.29119977297779
 10
108.53925405071125
 20
74.21492298501678
 10
108.51154548645354
 20
74.13845767329903
 10
108.48435544658645
 20
74.06180645070067
 10
108.45768758921344
 20
73.98497199656188
 10
108.43154553933715
 20
73.90795705674255
 10
108.40593288668865
 20
73.83076444362081
 10
108.38085318353421
 20
73.75339703603225
 10
108.35630994246218
 20
73.67585777914876
 10
108.332306634152
 20
73.59814968429485
 10
108.30884668512869
 20
73.5202758287003
 10
108.28593347550473
 20
73.44223935518757
 10
108.26357033671295
 20
73.36404347179257
 10
108.24176054923262
 20
73.28569145131773
 10
108.22050734031265
 20
73.20718663081612
 10
108.19981388169427
 20
73.12853241100547
 10
108.17968328733703
 20
73.0497322556116
 10
108.16011861115115
 20
72.97078969064002
 10
108.1411228447398
 20
72.89170830357537
 10
108.1226989151549
 20
72.81249174250817
 10
108.10484968266967
 20
72.73314371518839
 10
108.08757793857208
 20
72.65366798800589
 10
108.07088640298248
 20
72.57406838489744
 10
108.05477772269927
 20
72.49434878618067
 10
108.03925446907648
 20
72.41451312731509
 10
108.02431913593682
 20
72.3345653975909
 10
108.00997413752428
 20
72.25450963874577
 10
107.99622180649965
 20
72.17434994351107
 10
107.98306439198322
 20
72.09409045408793
 10
107.970504057648
 20
72.01373536055463
 10
107.95854287986732
 20
71.93328889920686
 10
107.94718284592051
 20
71.85275535083186
 10
107.93642585226017
 20
71.77213903891877
 10
107.92627370284455
 20
71.69144432780665
 10
107.91672810753846
 20
71.61067562077253
 10
107.9077906805861
 20
71.5298373580615
 10
107.89946293915885
 20
71.4489340148616
 10
107.89174630198136
 20
71.3679700992257
 10
107.88464208803858
 20
71.28695014994341
 10
107.87815151536675
 20
71.20587873436575
 10
107.87227569993101
 20
71.12476044618582
 10
107.8670156545918
 20
71.04359990317826
 10
107.86237228816265
 20
70.96240174490127
 10
107.85834640456143
 20
70.88117063036424
 10
107.85493870205673
 20
70.7999112356647
 10
107.85214977261126
 20
70.71862825159812
 10
107.8499801013238
 20
70.63732638124443
 10
107.84843006597073
 20
70.55601033753479
 10
107.84749993664852
 20
70.4746848408026
 10
107.84718987551759
 20
70.39335461632277
  0
LWPOLYLINE
  5
98
330
17
100
AcDbEntity
  8
01-VISIBLE
100
AcDbPolyline
 90
401
 70
0
 10
107.84718987551759
 20
70.39335461632277
 10
107.84838523022083
 20
70.23366609436562
 10
107.85197049098963
 20
70.07401334854026
 10
107.85794325073758
 20
69.91443208292085
 10
107.86629950741573
 20
69.75495785791159
 10
107.87703367856525
 20
69.59562601951998
 10
107.89013862151204
 20
69.43647162994415
 10
107.90560565902794
 20
69.27752939988731
 10
107.92342461023802
 20
69.11883362299115
 10
107.94358382651083
 20
68.96041811275396
 10
107.96607023203171
 20
68.802316142271
 10
107.99086936872465
 20
68.64456038710046
 10
108.01796544516121
 20
68.48718287152424
 10
108.04734138907057
 20
68.33021491843402
 10
108.0789789030476
 20
68.17368710303485
 10
108.11285852304306
 20
68.01762921051844
 10
108.14895967921302
 20
67.86207019781862
 10
108.18726075870235
 20
67.70703815952207
 10
108.22773916994034
 20
67.55256029796918
 10
108.2703714080338
 20
67.39866289754355
 10
108.31513312085481
 20
67.24537130311384
 10
108.3619991754356
 20
67.09270990255997
 10
108.41094372430207
 20
66.94070211328552
 10
108.46194027139866
 20
66.78937037259321
 10
108.51496173728124
 20
66.63873613177556
 10
108.56998052328035
 20
66.48881985375401
 10
108.62696857436357
 20
66.33964101408226
 10
108.68589744045379
 20
66.1912181051166
 10
108.74673833598784
 20
66.043568643145
 10
108.80946219752812
 20
65.89670917825947
 10
108.87403973926678
 20
65.75065530675201
 10
108.9404415062897
 20
65.60542168581127
 10
109.00863792549225
 20
65.46102205029858
 10
109.07859935406395
 20
65.3174692313837
 10
109.1502961254823
 20
65.17477517682505
 10
109.2236985929769
 20
65.03295097268564
 10
109.29877717044593
 20
64.89200686628259
 10
109.3755023708242
 20
64.75195229017747
 10
109.45384484191915
 20
64.61279588702341
 10
109.5337753997454
 20
64.47454553509577
 10
109.61526505940171
 20
64.33720837434355
 10
109.69828506354533
 20
64.20079083280962
 10
109.7828069085285
 20
64.06529865327965
 10
109.86880236826985
 20
63.930736920030405
 10
109.95624351594056
 20
63.7971100855591
 10
110.0451027435497
 20
63.664421997187326
 10
110.13535277951871
 20
63.532675923442476
 10
110.22696670433605
 20
63.40187458013108
 10
110.3199179643872
 20
63.2720201560274
 10
110.41418038405422
 20
63.143114338110664
 10
110.50972817618086
 20
63.01515833629265
 10
110.60653595099788
 20
62.88815290758612
 10
110.70457872360237
 20
62.76209837967192
 10
110.8038319200833
 20
62.636994673830166
 10
110.90427138238317
 20
62.51284132720727
 10
111.00587337198361
 20
62.38963751439696
 10
111.10861457249932
 20
62.26738206831867
 10
111.2124720912623
 20
62.1460735003821
 10
111.31742345997483
 20
62.025710019931076
 10
111.4234466345062
 20
61.906289552963905
 10
111.53051999390486
 20
61.78780976013137
 10
111.63862233869423
 20
61.67026805401628
 10
111.74773288851658
 20
61.553661615701834
 10
111.85783127918612
 20
61.437987410637945
 10
111.96889755920888
 20
61.32324220381756
 10
112.08091218582362
 20
61.20942257427593
 10
112.19385602061432
 20
61.09652492892824
 10
112.307710324742
 20
60.9845455157615
 10
112.42245675384038
 20
60.87348043639824
 10
112.53807735261637
 20
60.763325658049936
 10
112.6545545491942
 20
60.65407702487911
 10
112.77187114923878
 20
60.54573026878905
 10
112.89001032989106
 20
60.438281019661034
 10
113.00895563354621
 20
60.33172481505838
 10
113.1286909615025
 20
60.226057109417354
 10
113.24920056750676
 20
60.12127328274449
 10
113.37046905121998
 20
60.01736864883987
 10
113.49248135162499
 20
59.914338463065775
 10
113.61522274039555
 20
59.81217792967968
 10
113.73867881524544
 20
59.710882208750206
 10
113.86283549327321
 20
59.61044642267455
 10
113.98767900431795
 20
59.51086566231493
 10
114.11319588433909
 20
59.412134992771705
 10
114.23937296883236
 20
59.314249458809876
 10
114.36619738629264
 20
59.217204089955445
 10
114.49365655173318
 20
59.12099390527746
 10
114.62173816027007
 20
59.02561391787091
 10
114.75043018077884
 20
58.93105913905562
 10
114.87972084963063
 20
58.83732458230481
 10
115.00959866451296
 20
58.74440526691754
 10
115.14005237834056
 20
58.652296221447834
 10
115.27107099326045
 20
58.560992486903245
 10
115.40264375475466
 20
58.47048911972486
 10
115.53476014584417
 20
58.38078119456043
 10
115.66740988139594
 20
58.291863806841555
 10
115.80058290253547
 20
58.20373207517562
 10
115.93426937116635
 20
58.11638114356249
 10
116.06845966459781
 20
58.02980618344569
 10
116.20314437028115
 20
57.94400239560717
 10
116.33831428065548
 20
57.85896501191446
 10
116.47396038810291
 20
57.77468929692852
 10
116.61007388001293
 20
57.69117054938029
 10
116.74664613395584
 20
57.60840410352332
 10
116.88366871296431
 20
57.52638533036984
 10
117.02113336092259
 20
57.44510963881692
 10
117.15903199806223
 20
57.36457247666928
 10
117.29735671656306
 20
57.284769331564846
 10
117.43609977625859
 20
57.20569573180886
 10
117.57525360044403
 20
57.12734724712205
 10
117.71481077178566
 20
57.0497194893082
 10
117.85476402833012
 20
56.97280811284583
 10
117.99510625961148
 20
56.89660881540903
 10
118.13583050285526
 20
56.82111733832142
 10
118.27692993927674
 20
56.746329466947984
 10
118.41839789047236
 20
56.67224103102824
 10
118.56022781490228
 20
56.59884790495484
 10
118.702413304462
 20
56.526146008001014
 10
118.8449480811416
 20
56.45413130450028
 10
118.98782599377043
 20
56.382799803981435
 10
119.13104101484534
 20
56.31214756126213
 10
119.27458723744085
 20
56.24217067650348
 10
119.41845887219912
 20
56.17286529522865
 10
119.56265024439806
 20
56.10422760830788
 10
119.70715579109545
 20
56.03625385191221
 10
119.85197005834759
 20
55.9689403074383
 10
119.99708769850042
 20
55.90228330140637
 10
120.14250346755132
 20
55.83627920533321
 10
120.28821222258007
 20
55.77092443558228
 10
120.43420891924667
 20
55.70621545319251
 10
120.58048860935513
 20
55.642148763687594
 10
120.72704643848064
 20
55.5787209168672
 10
120.87387764365914
 20
55.51592850658175
 10
121.0209775511373
 20
55.45376817049198
 10
121.16834157418148
 20
55.39223658981472
 10
121.31596521094394
 20
55.33133048905601
 10
121.46384404238492
 20
55.27104663573281
 10
121.61197373024895
 20
55.211381840084336
 10
121.7603500150941
 20
55.152332954773996
 10
121.90896871437252
 20
55.093896874582946
 10
122.05782572056097
 20
55.03607053609616
 10
122.20691699933997
 20
54.97885091738182
 10
122.35623858782026
 20
54.92223503766482
 10
122.50578659281514
 20
54.86621995699517
 10
122.65555718915748
 20
54.81080277591191
 10
122.80554661806028
 20
54.755980635103285
 10
122.95575118551933
 20
54.70175071506365
 10
123.10616726075702
 20
54.64811023574787
 10
123.25679127470582
 20
54.595056456223546
 10
123.40761971853092
 20
54.54258667432162
 10
123.55864914219003
 20
54.49069822628602
 10
123.70987615303025
 20
54.439388486422416
 10
123.86129741442033
 20
54.38865486674677
 10
124.01290964441735
 20
54.33849481663399
 10
124.16470961446726
 20
54.28890582246701
 10
124.31669414813786
 20
54.23988540728658
 10
124.46886011988364
 20
54.19143113044221
 10
124.6212044538413
 20
54.143540587244345
 10
124.7737241226552
 20
54.09621140861828
 10
124.92641614633203
 20
54.04944126075982
 10
125.07927759112364
 20
54.00322784479303
 10
125.23230556843723
 20
53.957568896430374
 10
125.38549723377237
 20
53.912462185635114
 10
125.53884978568394
 20
53.86790551628659
 10
125.6923604647699
 20
53.823896725848165
 10
125.84602655268412
 20
53.780433685038155
 10
125.99984537117224
 20
53.73751429750389
 10
126.15381428113128
 20
53.695136499498986
 10
126.3079306816911
 20
53.65329825956393
 10
126.46219200931804
 20
53.611997578210165
 10
126.61659573693962
 20
53.57123248760759
 10
126.77113937308955
 20
53.531001051275844
 10
126.92582046107306
 20
53.49130136377918
 10
127.08063657815134
 20
53.45213155042512
 10
127.23558533474508
 20
53.41348976696696
 10
127.390664373656
 20
53.37537419931017
 10
127.5458713693065
 20
53.337783063222695
 10
127.70120402699627
 20
53.30071460404926
 10
127.85666008217582
 20
53.264167096429674
 10
128.01223729973654
 20
53.228138844021174
 10
128.167933473316
 20
53.19262817922488
 10
128.32374642461932
 20
53.157633462916294
 10
128.4796740027549
 20
53.123153084179904
 10
128.63571408358507
 20
53.089185460048014
 10
128.79186456909054
 20
53.05572903524358
 10
128.94812338674885
 20
53.02278228192727
 10
129.1044884889257
 20
52.990343699448665
 10
129.2609578522797
 20
52.95841181410158
 10
129.41752947717916
 20
52.926985178883555
 10
129.5742013871314
 20
52.896062373259504
 10
129.7309716282239
 20
52.86564200292944
 10
129.8878382685765
 20
52.83572269960044
 10
130.0447993978055
 20
52.80630312076256
 10
130.20185312649772
 20
52.77738194946909
 10
130.35899758569602
 20
52.74895789412064
 10
130.51623092639403
 20
52.72102968825354
 10
130.67355131904162
 20
52.69359609033209
 10
130.83095695305957
 20
52.6666558835451
 10
130.9884460363637
 20
52.64020787560612
 10
131.1460167948979
 20
52.614250898558105
 10
131.30366747217624
 20
52.58878380858162
 10
131.46139632883344
 20
52.56380548580733
 10
131.61920164218353
 20
52.53931483413233
 10
131.77708170578669
 20
52.51531078104031
 10
131.93503482902386
 20
52.49179227742579
 10
132.0930593366789
 20
52.46875829742203
 10
132.25115356852788
 20
52.44620783823299
 10
132.4093158789358
 20
52.42413991996896
 10
132.56754463645996
 20
52.402553585486054
 10
132.72583822345996
 20
52.3814479002295
 10
132.88419503571438
 20
52.36082195208067
 10
133.04261348204355
 20
52.34067485120778
 10
133.20109198393823
 20
52.321005729920415
 10
133.35962897519462
 20
52.30181374252762
 10
133.51822290155442
 20
52.28309806519974
 10
133.676872220351
 20
52.264857895833785
 10
133.8355754001602
 20
52.24709245392255
 10
133.99433092045706
 20
52.22980098042717
 10
134.15313727127665
 20
52.212982737653384
 10
134.31199295288047
 20
52.19663700913118
 10
134.47089647542668
 20
52.180763099498115
 10
134.62984635864564
 20
52.16536033438604
 10
134.78884113151892
 20
52.15042806031128
 10
134.94787933196307
 20
52.13596564456838
 10
135.10695950651703
 20
52.12197247512716
 10
135.26608021003346
 20
52.10844796053324
 10
135.42524000537392
 20
52.095391529811955
 10
135.58443746310726
 20
52.08280263237564
 10
135.7436711612117
 20
52.07068073793426
 10
135.90293968478
 20
52.05902533640939
 10
136.0622416257279
 20
52.0478359378515
 10
136.22157558250544
 20
52.03711207236054
 10
136.3809401598112
 20
52.02685329000982
 10
136.540333968309
 20
52.01705916077316
 10
136.6997556243478
 20
52.007729274455244
 10
136.85920374968345
 20
51.99886324062532
 10
137.01867697120295
 20
51.990460688553995
 10
137.17817392065126
 20
51.982521267153324
 10
137.3376932343597
 20
51.975044644920054
 10
137.49723355297675
 20
51.9680305098821
 10
137.65679352120048
 20
51.96147856954812
 10
137.81637178751268
 20
51.955388550860334
 10
137.97596700391492
 20
51.949760200150415
 10
138.13557782566568
 20
51.9445932830986
 10
138.29520291101923
 20
51.939887584695825
 10
138.45484092096572
 20
51.935642909209136
 10
138.61449051897216
 20
51.931859080150076
 10
138.77415037072495
 20
51.92853594024623
 10
138.93381914387288
 20
51.92567335141591
 10
139.09349550777128
 20
51.92327119474588
 10
139.2531781332267
 20
51.92132937047221
 10
139.41286569224246
 20
51.91984779796419
 10
139.5725568577643
 20
51.918826415711344
 10
139.73225030342687
 20
51.918265181313544
 10
139.8919447033003
 20
51.91816407147416
 10
140.05163873163684
 20
51.91852308199629
 10
140.2113310626178
 20
51.91934222778214
 10
140.37102037010047
 20
51.92062154283537
 10
140.53070532736461
 20
51.92236108026659
 10
140.690384606859
 20
51.924560912301935
 10
140.85005687994746
 20
51.927221130294654
 10
141.0097208166546
 20
51.93034184473987
 10
141.1693750854107
 20
51.93392318529236
 10
141.3290183527962
 20
51.93796530078744
 10
141.48864928328524
 20
51.942468359264986
 10
141.64826653898837
 20
51.94743254799647
 10
141.80786877939423
 20
51.9528580735152
 10
141.96745466111008
 20
51.95874516164959
 10
142.1270228376012
 20
51.96509405755961
 10
142.2865719589287
 20
51.9719050257763
 10
142.44610067148636
 20
51.979178350244524
 10
142.60560761773522
 20
51.98691433436874
 10
142.7650914359371
 20
51.99511330106203
 10
142.92455075988602
 20
52.00377559279824
 10
143.08398421863757
 20
52.012901571667356
 10
143.24339043623664
 20
52.022491619433985
 10
143.4027680314425
 20
52.03254613759913
 10
143.56211561745212
 20
52.04306554746509
 10
143.72143180162047
 20
52.05405029020371
 10
143.8807151851789
 20
52.06550082692777
 10
144.03996436295034
 20
52.07741763876564
 10
144.19917792306205
 20
52.08980122693932
 10
144.35835444665517
 20
52.10265211284564
 10
144.51749250759147
 20
52.11597083814083
 10
144.67659067215686
 20
52.12975796482848
 10
144.83564749876112
 20
52.14401407535067
 10
144.99466153763504
 20
52.15873977268268
 10
145.15363133052278
 20
52.17393568043092
 10
145.31255541037174
 20
52.189602442934365
 10
145.4714323010173
 20
52.20574072536931
 10
145.63026051686438
 20
52.22235121385768
 10
145.78903856256434
 20
52.23943461557875
 10
145.94776493268762
 20
52.25699165888433
 10
146.10643811139175
 20
52.275023093417516
 10
146.26505657208477
 20
52.293529690234905
 10
146.4236187770838
 20
52.31251224193245
 10
146.5821231772683
 20
52.3319715627748
 10
146.74056821172843
 20
52.35190848882826
 10
146.89895230740777
 20
52.372323878097475
 10
147.0572738787406
 20
52.393218610665585
 10
147.21553132728337
 20
52.41459358883823
 10
147.37372304134016
 20
52.4364497372911
 10
147.53184739558185
 20
52.458788003221315
 10
147.68990275065934
 20
52.48160935650245
 10
147.84788745280972
 20
52.50491478984347
 10
148.00579983345594
 20
52.52870531895125
 10
148.16363820879943
 20
52.55298198269715
 10
148.3214008794054
 20
52.57774584328718
 10
148.47908612978082
 20
52.60299798643629
 10
148.6366922279447
 20
52.62873952154631
 10
148.79421742499028
 20
52.65497158188793
 10
148.9516599546393
 20
52.6816953247866
 10
149.10901803278773
 20
52.70891193181239
 10
149.26628985704275
 20
52.73662260897372
 10
149.42347360625098
 20
52.764828586915286
 10
149.58056744001718
 20
52.793531121119784
 10
149.7375694982139
 20
52.82273149211386
 10
149.89447790048098
 20
52.85243100567798
 10
150.05129074571502
 20
52.882630993060395
 10
150.20800611154874
 20
52.91333281119532
 10
150.36462205381932
 20
52.94453784292498
 10
150.5211366060258
 20
52.976247497226005
 10
150.67754777877542
 20
53.00846320943979
 10
150.8338535592179
 20
53.041186441507065
 10
150.99005191046786
 20
53.07441868220657
 10
151.14614077101504
 20
53.108161447397926
 10
151.3021180541213
 20
53.14241628026859
 10
151.45798164720506
 20
53.177184751584996
 10
151.61372941121172
 20
53.212468459947836
 10
151.76935917997065
 20
53.24826903205152
 10
151.92486875953728
 20
53.28458812294765
 10
152.08025592752105
 20
53.321427416312794
 10
152.2355184323977
 20
53.35878862472019
 10
152.3906539928062
 20
53.396673489915635
 10
152.5456602968294
 20
53.43508378309737
 10
152.70053500125837
 20
53.4740213052001
 10
152.85527573083942
 20
53.51348788718283
 10
153.00988007750368
 20
53.553485390320844
 10
153.16434559957864
 20
53.59401570650146
 10
153.31866982098109
 20
53.6350807585237
 10
153.47285023039075
 20
53.67668250040171
 10
153.62688428040443
 20
53.71882291767197
 10
153.78076938666985
 20
53.76150402770416
 10
153.9345029269982
 20
53.804727880015506
 10
154.0880822404559
 20
53.84849655658869
 10
154.2415046264335
 20
53.892812172193196
 10
154.39476734369237
 20
53.93767687470975
 10
154.54786760938754
 20
53.98309284545817
 10
154.7008025980666
 20
54.029062299527936
 10
154.85356944064375
 20
54.075587486111964
 10
155.00616522334818
 20
54.122670688842796
 10
155.15858698664616
 20
54.17031422613158
 10
155.31083172413605
 20
54.21852045150925
 10
155.46289638141545
 20
54.26729175397
 10
155.6147778549195
 20
54.316630558316625
 10
155.7664729907298
 20
54.3665393255076
 10
155.91797858335266
 20
54.41702055300565
 10
156.06929137446645
 20
54.46807677512743
 10
156.2204080516362
 20
54.51971056339424
 10
156.37132524699558
 20
54.57192452688321
 10
156.52203953589418
 20
54.624721312578714
 10
156.67254743551024
 20
54.67810360572377
 10
156.8228454034267
 20
54.732074130170844
 10
156.9729298361704
 20
54.7866356487317
 10
157.12279706771295
 20
54.841790963526
 10
157.27244336793194
 20
54.897542916327815
 10
157.4218649410321
 20
54.95389438891
 10
157.57105792392434
 20
55.01084830338548
 10
157.72001838456185
 20
55.068407622545
 10
157.8687423202328
 20
55.12657535019092
 10
158.01722565580639
 20
55.18535453146583
 10
158.16546424193362
 20
55.24474825317607
 10
158.31345385319895
 20
55.30475964410851
 10
158.46119018622312
 20
55.36539187534049
 10
158.60866885771512
 20
55.426648160541646
 10
158.75588540247188
 20
55.488531756266816
 10
158.90283527132442
 20
55.55104596223904
 10
159.04951382902885
 20
55.61419412162158
 10
159.19591635210054
 20
55.67797962127786
 10
159.3420380265904
 20
55.7424058920181
 10
159.48787394580094
 20
55.80747640883136
 10
159.6334191079415
 20
55.87319469110186
 10
159.77866841371952
 20
55.93956430280758
 10
159.92361666386813
 20
56.0065888527005
 10
160.0682585566063
 20
56.07427199446586
 10
160.2125886850315
 20
56.14261742685955
 10
160.35660153444195
 20
56.21162889382131
 10
160.50029147958747
 20
56.28131018456204
 10
160.6436527818464
 20
56.35166513362294
 10
160.78667958632764
 20
56.42269762090459
 10
160.92936591889486
 20
56.49441157166346
 10
161.0717056831122
 20
56.56681095647335
 10
161.21369265710862
 20
56.63989979114929
 10
161.35532049035965
 20
56.713682136631185
 10
161.49658270038438
 20
56.78816209882408
 10
161.63747266935565
 20
56.86334382839205
 10
161.77798364062232
 20
56.93923152050262
 10
161.91810871514062
 20
57.01582941451789
 10
162.0578408478138
 20
57.09314179362907
 10
162.19717284373786
 20
57.17117298443029
 10
162.33609735435112
 20
57.249927356427605
 10
162.47460687348712
 20
57.32940932147915
  0
LWPOLYLINE
  5
99
330
17
100
AcDbEntity
  8
01-VISIBLE
100
AcDbPolyline
 90
207
 70
0
 10
162.0220585335277
 20
58.635803850963505
 10
162.0913758695655
 20
58.675949727850956
 10
162.1605836695072
 20
58.71628414115157
 10
162.2296808980471
 20
58.7568076829426
 10
162.2986665084357
 20
58.797520948005356
 10
162.36753944233058
 20
58.838424533795454
 10
162.43629862964565
 20
58.87951904041148
 10
162.50494298839823
 20
58.92080507056195
 10
162.57347142455458
 20
58.96228322953057
 10
162.64188283187335
 20
59.0039541251397
 10
162.71017609174714
 20
59.045818367711995
 10
162.77835007304245
 20
59.08787657003009
 10
162.84640363193728
 20
59.13012934729446
 10
162.91433561175734
 20
59.17257731707912
 10
162.98214484280976
 20
59.215221099285344
 10
163.04983014221557
 20
59.25806131609321
 10
163.11739031373958
 20
59.30109859191094
 10
163.18482414761888
 20
59.34433355332195
 10
163.252130420389
 20
59.387766829029566
 10
163.31930789470843
 20
59.43139904979932
 10
163.38635531918112
 20
59.47523084839876
 10
163.45327142817692
 20
59.5192628595347
 10
163.52005494165033
 20
59.563495719787795
 10
163.58670456495716
 20
59.60793006754445
 10
163.65321898866932
 20
59.65256654292584
 10
163.71959688838774
 20
59.69740578771415
 10
163.78583692455322
 20
59.742448445275734
 10
163.8519377422558
 20
59.78769516048132
 10
163.91789797104167
 20
59.833146579622976
 10
163.98371622471873
 20
59.87880335032792
 10
164.04939110115998
 20
59.924666121468874
 10
164.11492118210535
 20
59.97073554307118
 10
164.18030503296134
 20
60.01701226621616
 10
164.24554120259938
 20
60.063496942941065
 10
164.31062822315195
 20
60.1101902261351
 10
164.3755646098073
 20
60.15709276943177
 10
164.44034886060228
 20
60.204205227097184
 10
164.50497945621373
 20
60.25152825391436
 10
164.5694548597478
 20
60.2990625050633
 10
164.6337735165283
 20
60.34680863599686
 10
164.697933853883
 20
60.3947673023122
 10
164.76193428092859
 20
60.44293915961765
 10
164.82577318835428
 20
60.491324863395036
 10
164.88944894820403
 20
60.53992506885718
 10
164.95295991365714
 20
60.58874043080049
 10
165.01630441880786
 20
60.63777160345261
 10
165.0794807784439
 20
60.687019240314854
 10
165.1424872878233
 20
60.73648399399931
 10
165.20532222245077
 20
60.78616651606063
 10
165.2679838378528
 20
60.83606745682218
 10
165.3304703693519
 20
60.886187465196464
 10
165.39278003183995
 20
60.936527188499774
 10
165.45491101955102
 20
60.98708727226074
 10
165.5168615058335
 20
61.037868360022806
 10
165.57862964292164
 20
61.08887109314041
 10
165.64021356170684
 20
61.140096110568614
 10
165.7016113715086
 20
61.191544048646236
 10
165.76282115984526
 20
61.243215540872114
 10
165.82384099220482
 20
61.295111217674545
 10
165.88466891181602
 20
61.34723170617351
 10
165.94530293941926
 20
61.39957762993569
 10
166.00574107303845
 20
61.45214960872215
 10
166.06598128775317
 20
61.50494825822821
 10
166.1260215354716
 20
61.557974189815766
 10
166.1858597447045
 20
61.61122801023758
 10
166.24549382034013
 20
61.66471032135339
 10
166.30492164342084
 20
61.718421719837885
 10
166.36414107092077
 20
61.77236279688016
 10
166.42314993552554
 20
61.82653413787438
 10
166.48194604541393
 20
61.880936322101945
 10
166.54052718404154
 20
61.93556992240431
 10
166.5988911099272
 20
61.99043550484696
 10
166.65703555644177
 20
62.04553362837372
 10
166.71495823160026
 20
62.100864844451834
 10
166.77265681785676
 20
62.1564296967071
 10
166.83012897190332
 20
62.21222872054932
 10
166.88737232447244
 20
62.26826244278747
 10
166.94438448014375
 20
62.324531381234884
 10
167.0011630171552
 20
62.38103604430379
 10
167.057705487219
 20
62.43777693058952
 10
167.11400941534293
 20
62.49475452844373
 10
167.17007229965677
 20
62.551969315536866
 10
167.22589161124512
 20
62.60942175840952
 10
167.2814647939862
 20
62.6671123120125
 10
167.33678926439757
 20
62.725041419235644
 10
167.39186241148883
 20
62.78320951042495
 10
167.4466815966219
 20
62.841617002888086
 10
167.50124415337942
 20
62.900264300388145
 10
167.55554738744172
 20
62.95915179262535
 10
167.60958857647245
 20
63.01827985470677
 10
167.66336497001407
 20
63.077648846603786
 10
167.716873789393
 20
63.13725911259727
 10
167.77011222763548
 20
63.19711098071044
 10
167.82307744939448
 20
63.2572047621291
 10
167.8757665908882
 20
63.317540750609474
 10
167.92817675985071
 20
63.37811922187325
 10
167.98030503549563
 20
63.43894043299006
 10
168.0321484684928
 20
63.50000462174717
 10
168.0837040809596
 20
63.56131200600652
 10
168.13496886646624
 20
63.6228627830488
 10
168.18593979005706
 20
63.68465712890504
 10
168.23661378828749
 20
63.74669519767522
 10
168.2869877692777
 20
63.80897712083437
 10
168.33705861278386
 20
63.871503006525884
 10
168.3868231702875
 20
63.93427293884245
 10
168.43627826510368
 20
63.99728697709437
 10
168.48542069250877
 20
64.06054515506568
 10
168.5342472198888
 20
64.12404748025799
 10
168.5827545869089
 20
64.18779393312242
 10
168.6309395057045
 20
64.25178446627963
 10
168.6787986610959
 20
64.31601900372843
 10
168.7263287108256
 20
64.38049744004287
 10
168.7735262858209
 20
64.4452196395585
 10
168.82038799048098
 20
64.51018543554775
 10
168.86691040299073
 20
64.57539462938513
 10
168.913090075661
 20
64.6408469897023
 10
168.958923535297
 20
64.70654225153363
 10
169.00440728359527
 20
64.77248011545284
 10
169.04953779756994
 20
64.83866024670071
 10
169.0943115300096
 20
64.90508227430507
 10
169.13872490996556
 20
64.97174579019314
 10
169.18277434327163
 20
65.03865034829695
 10
169.22645621309752
 20
65.10579546365278
 10
169.2697668805356
 20
65.17318061149491
 10
169.31270268522235
 20
65.24080522634469
 10
169.35525994599558
 20
65.30866870109567
 10
169.39743496158744
 20
65.37677038609573
 10
169.43922401135487
 20
65.44510958822684
 10
169.4806233560478
 20
65.51368556998366
 10
169.52162923861587
 20
65.58249754855193
 10
169.5622378850546
 20
65.65154469488749
 10
169.6024455052915
 20
65.72082613279738
 10
169.64224829411302
 20
65.79034093802379
 10
169.68164243213266
 20
65.86008813733234
 10
169.72062408680117
 20
65.9300667076058
 10
169.7591894134592
 20
66.00027557494467
 10
169.79733455643301
 20
66.07071361377572
 10
169.83505565017353
 20
66.14137964597036
 10
169.87234882043936
 20
66.21227243997375
 10
169.90921018552416
 20
66.28339070994653
 10
169.9456358575282
 20
66.35473311492073
 10
169.98162194367504
 20
66.42629825797123
 10
170.0171645476729
 20
66.49808468540454
 10
170.05225977112104
 20
66.57009088596676
 10
170.08690371496112
 20
66.6423152900722
 10
170.12109248097352
 20
66.71475626905463
 10
170.15482217331834
 20
66.78741213444277
 10
170.1880889001211
 20
66.86028113726229
 10
170.22088877510217
 20
66.93336146736569
 10
170.25321791925032
 20
67.00665125279225
 10
170.2850724625392
 20
67.08014855916024
 10
170.3164485456864
 20
67.15385138909272
 10
170.34734232195422
 20
67.22775768167956
 10
170.37774995899136
 20
67.30186531197727
 10
170.40766764071432
 20
67.37617209054882
 10
170.4370915692279
 20
67.45067576304552
 10
170.4660179667829
 20
67.52537400983267
 10
170.4944430777702
 20
67.60026444566134
 10
170.5223631707495
 20
67.675344619388
 10
170.54977454051118
 20
67.75061201374426
 10
170.57667351016968
 20
67.82606404515818
 10
170.60305643328607
 20
67.90169806362965
 10
170.6289196960185
 20
67.97751135266118
 10
170.65425971929778
 20
68.05350112924621
 10
170.67907296102638
 20
68.12966454391676
 10
170.703355918298
 20
68.2059986808518
 10
170.7271051296355
 20
68.28250055804831
 10
170.75031717724457
 20
68.35916712755639
 10
170.77298868928006
 20
68.43599527577996
 10
170.79511634212264
 20
68.51298182384444
 10
170.81669686266235
 20
68.5901235280326
 10
170.837727030586
 20
68.66741708028992
 10
170.8582036806656
 20
68.74485910880026
 10
170.87812370504415
 20
68.82244617863306
 10
170.8974840555153
 20
68.90017479246261
 10
170.9162817457939
 20
68.9780413913603
 10
170.93451385377347
 20
69.05604235566014
 10
170.95217752376703
 20
69.134174005898
 10
170.96926996872787
 20
69.212432603825
 10
170.98578847244602
 20
69.29081435349467
 10
171.00173039171722
 20
69.36931540242419
 10
171.01709315848012
 20
69.44793184282925
 10
171.0318742819182
 20
69.52665971293189
 10
171.04607135052217
 20
69.6054949983411
 10
171.05968203410967
 20
69.68443363350507
 10
171.0727040857976
 20
69.76347150323396
 10
171.085135343924
 20
69.84260444429256
 10
171.09697373391535
 20
69.9218282470608
 10
171.10821727009562
 20
70.00113865726107
 10
171.1188640574335
 20
70.08053137775025
 10
171.1289122932243
 20
70.16000207037487
 10
171.13836026870268
 20
70.23954635788711
 10
171.14720637058343
 20
70.31915982591917
 10
171.1554490825264
 20
70.39883802501413
 10
171.1630869865229
 20
70.47857647271007
 10
171.1701187642005
 20
70.55837065567516
 10
171.17654319804308
 20
70.63821603189035
 10
171.18235917252372
 20
70.71810803287707
 10
171.18756567514794
 20
70.79804206596631
 10
171.192161797405
 20
70.87801351660606
 10
171.1961467356245
 20
70.95801775070328
 10
171.19951979173752
 20
71.03805011699728
 10
171.2022803739393
 20
71.11810594946047
 10
171.2044279972528
 20
71.19818056972285
 10
171.2059622839917
 20
71.27826928951646
 10
171.20688296412143
 20
71.35836741313578
 10
171.2071898755176
 20
71.43847023991026
  0
LWPOLYLINE
  5
9A
330
17
100
AcDbEntity
  8
01-VISIBLE
100
AcDbPolyline
 90
401
 70
0
 10
108.48718987551759
 20
71.43847023991026
 10
108.48836132312675
 20
71.28197548839225
 10
108.49187487868019
 20
71.1255157974834
 10
108.49772818323316
 20
70.96912615717638
 10
108.50591731477776
 20
70.81284141666731
 10
108.5164368025043
 20
70.65669621504352
 10
108.52927964659214
 20
70.5007249132592
 10
108.54443734335773
 20
70.34496152780352
 10
108.56189991554359
 20
70.18943966644527
 10
108.58165594749097
 20
70.03419246641283
 10
108.60369262490143
 20
69.87925253533952
 10
108.62799577886051
 20
69.7246518952724
 10
108.65454993376834
 20
69.57042193000771
 10
108.6833383587995
 20
69.4165933359793
 10
108.71434312249698
 20
69.2631960768881
 10
108.74754515009255
 20
69.11025934222201
 10
108.78292428313911
 20
68.9578115097762
 10
108.82045934103866
 20
68.80588011224557
 10
108.86012818405187
 20
68.65449180792375
 10
108.90190777738347
 20
68.50367235550661
 10
108.94577425594805
 20
68.35344659296553
 10
108.99170298943724
 20
68.20383842042273
 10
109.03966864732638
 20
68.05487078693376
 10
109.08964526348103
 20
67.9065656810553
 10
109.14160630004596
 20
67.758944125054
 10
109.19552471032509
 20
67.61202617259286
 10
109.25137300038665
 20
67.46583090971455
 10
109.30912328915505
 20
67.32037645892822
 10
109.36874736677844
 20
67.17567998619604
 10
109.4302167510879
 20
67.03175771060823
 10
109.49350274199179
 20
66.88862491653092
 10
109.55857647367426
 20
66.74629596800898
 10
109.62540896449275
 20
66.60478432520655
 10
109.69397116449304
 20
66.46410256266996
 10
109.764234000483
 20
66.3242623892025
 10
109.83616841862771
 20
66.18527466914588
 10
109.90974542454735
 20
66.04714944487088
 10
109.98493612091806
 20
65.90989596028787
 10
110.06171174259111
 20
65.77352268519688
 10
110.14004368926084
 20
65.63803734030782
 10
110.21990355572402
 20
65.50344692277062
 10
110.30126315978478
 20
65.36975773206737
 10
110.38409456786827
 20
65.23697539612802
 10
110.46837011841482
 20
65.10510489754373
 10
110.5540624431321
 20
64.97415059976187
 10
110.64114448618906
 20
64.84411627315752
 10
110.72958952143868
 20
64.71500512088757
 10
110.81937116775968
 20
64.5868198044424
 10
110.9104634026098
 20
64.4595624688208
 10
111.00284057388349
 20
64.3332347672624
 10
111.0964774101676
 20
64.20783788548074
 10
111.19134902948826
 20
64.08337256534834
 10
111.28743094664068
 20
63.95983912799243
 10
111.38469907919198
 20
63.837237496267505
 10
111.48312975224586
 20
63.71556721657707
 10
111.5826997020543
 20
63.594827480022964
 10
111.68338607855969
 20
63.475017142866236
 10
111.78516644694741
 20
63.35613474628841
 10
111.88801878828569
 20
63.23817853544641
 10
111.99192149932642
 20
63.12114647781858
 10
112.09685339153711
 20
63.00503628084268
 10
112.20279368943069
 20
62.88984540884991
 10
112.3097220282566
 20
62.775571099301736
 10
112.41761845111273
 20
62.66221037833914
 10
112.52646340553505
 20
62.54976007565515
 10
112.6362377396175
 20
62.43821683870436
 10
112.74692269771236
 20
62.32757714626362
 10
112.8584999157575
 20
62.217837321360214
 10
112.97095141627392
 20
62.10899354358422
 10
113.08425960307437
 20
62.00104186080289
 10
113.19840725572067
 20
61.89397820029547
 10
113.31337752376436
 20
61.787798379327214
 10
113.42915392080357
 20
61.682498115181765
 10
113.54572031838563
 20
61.57807303467116
 10
113.66306093978281
 20
61.47451868314295
 10
113.78116035366698
 20
61.37183053300354
 10
113.90000346770594
 20
61.27000399177702
 10
114.01957552210284
 20
61.16903440971841
 10
114.139862083098
 20
61.06891708700003
 10
114.26084903645088
 20
60.969647280489156
 10
114.38252258091809
 20
60.87122021013501
 10
114.50486922174193
 20
60.773631064982574
 10
114.62787576416265
 20
60.67687500883021
 10
114.75152930696606
 20
60.58094718554762
 10
114.87581723607713
 20
60.48584272407029
 10
115.00072721820887
 20
60.39155674308585
 10
115.12624719457501
 20
60.29808435542744
 10
115.2523653746736
 20
60.20542067218846
 10
115.37907023014836
 20
60.11356080657266
 10
115.50635048873303
 20
60.02249987749314
 10
115.6341951282841
 20
59.93223301293283
 10
115.76259337090559
 20
59.84275535307912
 10
115.89153467716991
 20
59.754062053244304
 10
116.02100874043764
 20
59.666148286583166
 10
116.15100548127836
 20
59.57900924661867
 10
116.2815150419951
 20
59.49264014958605
 10
116.41252778125337
 20
59.40703623660519
 10
116.5440342688162
 20
59.32219277569072
 10
116.67602528038587
 20
59.23810506360897
 10
116.80849179255272
 20
59.15476842759011
 10
116.9414249778512
 20
59.0721782269039
 10
117.07481619992302
 20
58.99032985430663
 10
117.20865700878707
 20
58.9092187373668
 10
117.34293913621536
 20
58.82884033967639
 10
117.4776544912145
 20
58.74919016195453
 10
117.61279515561134
 20
58.670263743049844
 10
117.74835337974214
 20
58.592056660847504
 10
117.88432157824377
 20
58.51456453308663
 10
118.02069232594549
 20
58.43778301809356
 10
118.1574583538603
 20
58.36170781543598
 10
118.29461254527385
 20
58.28633466650287
 10
118.43214793192959
 20
58.211659355014795
 10
118.5700576903085
 20
58.13767770746894
 10
118.70833513800156
 20
58.06438559352297
 10
118.84697373017326
 20
57.99177892632162
 10
118.98596705611457
 20
57.91985366276968
 10
119.12530883588309
 20
57.84860580375495
 10
119.26499291702912
 20
57.778031394324216
 10
119.40501327140537
 20
57.70812652381575
 10
119.54536399205878
 20
57.63888732595083
 10
119.68603929020236
 20
57.57030997888736
 10
119.8270334922655
 20
57.50239070523802
 10
119.96834103702044
 20
57.43512577205567
 10
120.10995647278389
 20
57.36851149078791
 10
120.25187445469099
 20
57.30254421720348
 10
120.39408974204073
 20
57.237220351292194
 10
120.53659719571064
 20
57.17253633714049
 10
120.67939177563882
 20
57.10848866278458
 10
120.82246853837209
 20
57.045073860042606
 10
120.96582263467837
 20
56.98228850432779
 10
121.10944930722138
 20
56.920129214443804
 10
121.25334388829631
 20
56.85859265236406
 10
121.39750179762491
 20
56.79767552299609
 10
121.5419185402082
 20
56.73737457393237
 10
121.68658970423542
 20
56.67768659518883
 10
121.83151095904756
 20
56.618608418932105
 10
121.97667805315432
 20
56.560136919196594
 10
122.12208681230256
 20
56.50226901159247
 10
122.2677331375954
 20
56.44500165300524
 10
122.41361300366009
 20
56.38833184128818
 10
122.55972245686351
 20
56.33225661494813
 10
122.70605761357422
 20
56.27677305282547
 10
122.8526146584692
 20
56.22187827376921
 10
122.99938984288468
 20
56.167569436307616
 10
123.14637948320942
 20
56.11384373831517
 10
123.2935799593193
 20
56.06069841667633
 10
123.44098771305221
 20
56.00813074694687
 10
123.58859924672205
 20
55.95613804301302
 10
123.73641112167066
 20
55.904717656749135
 10
123.88441995685656
 20
55.85386697767425
 10
124.03262242747999
 20
55.803583432607915
 10
124.18101526364227
 20
55.75386448532578
 10
124.32959524903936
 20
55.704707636215254
 10
124.47835921968826
 20
55.656110421931615
 10
124.62730406268545
 20
55.6080704150548
 10
124.77642671499632
 20
55.56058522374731
 10
124.92572416227482
 20
55.5136524914134
 10
125.07519343771244
 20
55.46726989635986
 10
125.22483162091575
 20
55.42143515145857
 10
125.37463583681152
 20
55.376146003811115
 10
125.5246032545788
 20
55.33140023441571
 10
125.67473108660728
 20
55.28719565783636
 10
125.82501658748058
 20
55.24353012187481
 10
125.97545705298486
 20
55.20040150724515
 10
126.12604981914079
 20
55.15780772725134
 10
126.27679226125915
 20
55.11574672746776
 10
126.427681793019
 20
55.07421648542295
 10
126.5787158655676
 20
55.033215010286604
 10
126.72989196664203
 20
54.992740342559905
 10
126.88120761971118
 20
54.95279055376938
 10
127.0326603831381
 20
54.91336374616428
 10
127.18424784936195
 20
54.87445805241754
 10
127.33596764409867
 20
54.83607163533056
 10
127.48781742556054
 20
54.79820268754156
 10
127.63979488369323
 20
54.760849431237915
 10
127.7918977394307
 20
54.7240101178722
 10
127.94412374396666
 20
54.68768302788222
 10
128.09647067804266
 20
54.65186647041502
 10
128.24893635125215
 20
54.6165587830547
 10
128.40151860136004
 20
54.58175833155433
 10
128.5542152936373
 20
54.54746350957191
 10
128.70702432021017
 20
54.51367273841025
 10
128.8599435994237
 20
54.480384466761
 10
129.01297107521907
 20
54.44759717045266
 10
129.16610471652422
 20
54.41530935220267
 10
129.31934251665754
 20
54.38351954137364
 10
129.47268249274444
 20
54.352226293733494
 10
129.6261226851459
 20
54.32142819121984
 10
129.77966115689912
 20
54.291123841708256
 10
129.93329599316974
 20
54.2613118787848
 10
130.0870253007153
 20
54.23199096152237
 10
130.2408472073597
 20
54.20315977426126
 10
130.39475986147812
 20
54.174817026393654
 10
130.54876143149244
 20
54.14696145215218
 10
130.70285010537648
 20
54.11959181040241
 10
130.85702409017114
 20
54.0927068844394
 10
131.01128161150874
 20
54.066305481788135
 10
131.16562091314677
 20
54.04038643400796
 10
131.32004025651028
 20
54.014948596500886
 10
131.47453792024308
 20
53.98999084832393
 10
131.62911219976712
 20
53.965512092005135
 10
131.7837614068502
 20
53.94151125336363
 10
131.9384838691813
 20
53.91798728133345
 10
132.09327792995373
 20
53.89493914779121
 10
132.24814194745565
 20
53.872365847387535
 10
132.40307429466768
 20
53.85026639738228
 10
132.55807335886743
 20
53.82863983748353
 10
132.7131375412411
 20
53.80748522969028
 10
132.8682652565011
 20
53.78680165813886
 10
133.02345493251048
 20
53.766588228953
 10
133.17870500991302
 20
53.74684407009757
 10
133.33401394176983
 20
53.72756833123595
 10
133.48938019320107
 20
53.70876018359102
 10
133.6448022410337
 20
53.690418819809686
 10
133.8002785734543
 20
53.672543453831054
 10
133.95580768966732
 20
53.65513332075804
 10
134.11138809955827
 20
53.63818767673258
 10
134.26701832336147
 20
53.62170579881426
 10
134.4226968913332
 20
53.6056869848625
 10
134.5784223434285
 20
53.5901305534221
 10
134.73419322898306
 20
53.575035843612255
 10
134.89000810639888
 20
53.560402215018996
 10
135.04586554283415
 20
53.546229047590955
 10
135.20176411389704
 20
53.53251574153856
 10
135.35770240334315
 20
53.51926171723652
 10
135.5136790027768
 20
53.50646641512966
 10
135.66969251135546
 20
53.49412929564207
 10
135.8257415354978
 20
53.48224983908952
 10
135.9818246885947
 20
53.47082754559515
 10
136.13794059072367
 20
53.45986193500842
 10
136.2940878683657
 20
53.44935254682728
 10
136.45026515412528
 20
53.43929894012357
 10
136.60647108645315
 20
53.42970069347164
 10
136.7627043093712
 20
53.420557404880086
 10
136.91896347220012
 20
53.41186869172676
 10
137.07524722928926
 20
53.40363419069686
 10
137.23155423974856
 20
53.3958535577242
 10
137.38788316718285
 20
53.3885264679356
 10
137.54423267942758
 20
53.381652615598405
 10
137.70060144828682
 20
53.375231714071106
 10
137.85698814927278
 20
53.369263495757075
 10
138.01339146134697
 20
53.363747712061354
 10
138.1698100666627
 20
53.358684133350565
 10
138.32624265030918
 20
53.35407254891585
 10
138.48268790005676
 20
53.3499127669389
 10
138.63914450610307
 20
53.346204614461016
 10
138.79561116082078
 20
53.34294793735525
 10
138.95208655850575
 20
53.34014260030153
 10
139.1085693951262
 20
53.33778848676491
 10
139.26505836807252
 20
53.33588549897671
 10
139.42155217590795
 20
53.33443355791885
 10
139.57804951811934
 20
53.33343260331107
 10
139.73454909486867
 20
53.33288259360122
 10
139.89104960674462
 20
53.332783505958616
 10
140.04754975451442
 20
53.33313533627031
 10
140.2040482388758
 20
53.33393809914044
 10
140.3605437602088
 20
53.33519182789261
 10
140.51703501832768
 20
53.336896574575206
 10
140.67352071223218
 20
53.33905240996984
 10
140.82999953985887
 20
53.34165942360271
 10
140.98647019783186
 20
53.34471772375902
 10
141.14293138121286
 20
53.348227437500455
 10
141.29938178325062
 20
53.35218871068564
 10
141.45582009512987
 20
53.356601707993626
 10
141.61224500571896
 20
53.36146661295049
 10
141.76865520131668
 20
53.36678362795884
 10
141.92504936539825
 20
53.372552974330546
 10
142.0814261783595
 20
53.37877489232236
 10
142.2377843172605
 20
53.38544964117472
 10
142.39412245556696
 20
53.39257749915358
 10
142.55043926289088
 20
53.400158763595314
 10
142.70673340472874
 20
53.40819375095473
 10
142.8630035421986
 20
53.41668279685622
 10
143.01924833177517
 20
53.42562625614796
 10
143.17546642502222
 20
53.43502450295925
 10
143.33165646832398
 20
53.44487793076109
 10
143.48781710261343
 20
53.455186952429735
 10
143.64394696309841
 20
53.465952000313585
 10
143.80004467898567
 20
53.477173526303154
 10
143.95610887320169
 20
53.48885200190428
 10
144.11213816211114
 20
53.50098791831448
 10
144.2681311552324
 20
53.51358178650267
 10
144.42408645495
 20
53.526634137291964
 10
144.58000265622402
 20
53.54014552144585
 10
144.73587834629626
 20
53.5541165097576
 10
144.89171210439267
 20
53.56854769314297
 10
145.04750250142268
 20
53.58343968273625
 10
145.20324809967465
 20
53.59879310998962
 10
145.3589474525073
 20
53.61460862677586
 10
145.51459910403744
 20
53.63088690549447
 10
145.6702015888234
 20
53.64762863918112
 10
145.82575343154423
 20
53.66483454162059
 10
145.98125314667425
 20
53.682505347463106
 10
146.13669923815343
 20
53.70064181234415
 10
146.29209019905247
 20
53.719244713007754
 10
146.4474245112333
 20
53.738314847433244
 10
146.6027006450042
 20
53.75785303496564
 10
146.75791705876995
 20
53.77786011644947
 10
146.91307219867613
 20
53.79833695436622
 10
147.06816449824805
 20
53.81928443297541
 10
147.2231923780237
 20
53.840703458459224
 10
147.37815424518058
 20
53.86259495907083
 10
147.53304849315649
 20
53.88495988528635
 10
147.68787350126388
 20
53.907799209960544
 10
147.84262763429714
 20
53.93111392848617
 10
147.99730924213378
 20
53.954905058957145
 10
148.1519166593276
 20
53.97917364233538
 10
148.30644820469553
 20
54.00392074262151
 10
148.46090218089614
 20
54.029147447029324
 10
148.6152768740008
 20
54.05485486616411
 10
148.76957055305684
 20
54.08104413420482
 10
148.92378146964234
 20
54.10771640909008
 10
149.07790785741227
 20
54.13487287270819
 10
149.2319479316363
 20
54.16251473109092
 10
149.38589988872718
 20
54.190643214611335
 10
149.53976190575997
 20
54.21925957818553
 10
149.6935321399817
 20
54.248365101478356
 10
149.84720872831107
 20
54.277961089113134
 10
150.00078978682814
 20
54.30804887088536
 10
150.15427341025324
 20
54.33862980198042
 10
150.30765767141563
 20
54.36970526319543
 10
150.46094062071026
 20
54.401276661164935
 10
150.6141202855439
 20
54.43334542859086
 10
150.76719466976886
 20
54.46591302447638
 10
150.92016175310508
 20
54.498980934363914
 10
151.07301949054923
 20
54.53255067057716
 10
151.22576581177128
 20
54.56662377246724
 10
151.37839862049785
 20
54.60120180666282
 10
151.53091579388158
 20
54.63628636732443
 10
151.6833151818569
 20
54.67187907640265
 10
151.83559460648098
 20
54.707981583900484
 10
151.98775186126008
 20
54.74459556813973
 10
152.13978471046042
 20
54.781722736031256
 10
152.29169088840317
 20
54.81936482334937
 10
152.44346809874355
 20
54.857523595010036
 10
152.59511401373297
 20
54.896200845353114
 10
152.74662627346396
 20
54.935398398428376
 10
152.8980024850974
 20
54.97511810828537
 10
153.0492402220718
 20
55.01536185926716
 10
153.20033702329326
 20
55.05613156630761
 10
153.35129039230668
 20
55.09742917523248
 10
153.50209779644678
 20
55.13925666306402
 10
153.65275666596855
 20
55.18161603832913
 10
153.80326439315712
 20
55.22450934137087
 10
153.95361833141516
 20
55.26793864466327
 10
154.10381579432888
 20
55.311906053129505
 10
154.25385405471013
 20
55.356413704462945
 10
154.40373034361562
 20
55.401463769451325
 10
154.5534418493412
 20
55.447058452303665
 10
154.70298571639154
 20
55.49319999097989
 10
154.85235904442357
 20
55.53989065752288
 10
155.00155888716367
 20
55.587132758393
 10
155.1505822512975
 20
55.63492863480454
 10
155.29942609533146
 20
55.68328066306424
 10
155.44808732842552
 20
55.73219125491139
 10
155.59656280919594
 20
55.78166285785947
 10
155.74484934448745
 20
55.83169795553882
 10
155.89294368811386
 20
55.88229906804031
 10
156.04084253956603
 20
55.933468752259486
 10
156.18854254268666
 20
55.985209602241085
 10
156.3360402843104
 20
56.037524249523244
 10
156.4833322928685
 20
56.09041536348137
 10
156.63041503695734
 20
56.14388565167102
 10
156.77728492386902
 20
56.19793786016942
 10
156.92393829808367
 20
56.25257477391521
 10
157.07037143972184
 20
56.307799217045755
 10
157.21658056295618
 20
56.36361405323171
 10
157.362561814381
 20
56.42002218600805
 10
157.50831127133847
 20
56.47702655910105
 10
157.6538249402006
 20
56.53463015675046
 10
157.79909875460527
 20
56.59283600402649
 10
157.9441285736453
 20
56.651647167140275
 10
158.08891018000898
 20
56.711066753747616
 10
158.23343927807116
 20
56.77109791324476
 10
158.37771149193279
 20
56.83174383705543
 10
158.5217223634083
 20
56.893007758908205
 10
158.66546734995862
 20
56.9548929551031
 10
158.80894182256884
 20
57.017402744766244
 10
158.95214106356892
 20
57.08054049009167
 10
159.09506026439527
 20
57.14430959656868
 10
159.237694523293
 20
57.20871351319375
 10
159.38003884295549
 20
57.27375573266538
 10
159.5220881281011
 20
57.33943979156044
 10
159.66383718298454
 20
57.40576927049049
 10
159.8052807088412
 20
57.4727477942363
 10
159.94641330126345
 20
57.54037903185883
 10
160.08722944750605
 20
57.608666696784745
 10
160.22772352371985
 20
57.67761454686442
 10
160.3678897921114
 20
57.747226384400435
 10
160.50772239802734
 20
57.81750605614414
 10
160.64721536696032
 20
57.88845745325782
 10
160.78636260147678
 20
57.96008451124024
 10
160.92515787806283
 20
58.032391209812516
 10
161.06359484388705
 20
58.105381572761544
 10
161.20166701347893
 20
58.179059667738166
 10
161.33936776532022
 20
58.253429606006506
 10
161.47669033834813
 20
58.32849554214148
 10
161.6136278283679
 20
58.40426167367044
 10
161.75017318437344
 20
58.48073224065562
 10
161.88631920477445
 20
58.557911525213
 10
162.0220585335277
 20
58.635803850963505
  0
LWPOLYLINE
  5
9B
330
17
100
AcDbEntity
  8
01-VISIBLE
100
AcDbPolyline
 90
207
 70
0
 10
162.0220585335277
 20
59.94219838044787
 10
162.0913758695655
 20
59.98234425733532
 10
162.1605836695072
 20
60.022678670635926
 10
162.2296808980471
 20
60.063202212426965
 10
162.2986665084357
 20
60.10391547748972
 10
162.36753944233058
 20
60.14481906327982
 10
162.43629862964565
 20
60.185913569895845
 10
162.50494298839823
 20
60.227199600046305
 10
162.57347142455458
 20
60.26867775901493
 10
162.64188283187335
 20
60.310348654624065
 10
162.71017609174714
 20
60.35221289719636
 10
162.77835007304245
 20
60.39427109951445
 10
162.84640363193728
 20
60.436523876778814
 10
162.91433561175734
 20
60.478971846563475
 10
162.98214484280976
 20
60.5216156287697
 10
163.04983014221557
 20
60.56445584557758
 10
163.11739031373958
 20
60.6074931213953
 10
163.18482414761888
 20
60.65072808280632
 10
163.252130420389
 20
60.694161358513924
 10
163.31930789470843
 20
60.737793579283675
 10
163.38635531918112
 20
60.78162537788312
 10
163.45327142817692
 20
60.825657389019064
 10
163.52005494165033
 20
60.86989024927216
 10
163.58670456495716
 20
60.91432459702881
 10
163.65321898866932
 20
60.958961072410204
 10
163.71959688838774
 20
61.00380031719852
 10
163.78583692455322
 20
61.04884297476009
 10
163.8519377422558
 20
61.09408968996568
 10
163.91789797104167
 20
61.13954110910734
 10
163.98371622471873
 20
61.18519787981228
 10
164.04939110115998
 20
61.23106065095323
 10
164.11492118210535
 20
61.277130072555536
 10
164.18030503296134
 20
61.32340679570053
 10
164.24554120259938
 20
61.36989147242542
 10
164.31062822315195
 20
61.41658475561946
 10
164.3755646098073
 20
61.463487298916135
 10
164.44034886060228
 20
61.51059975658155
 10
164.50497945621373
 20
61.55792278339872
 10
164.5694548597478
 20
61.60545703454766
 10
164.6337735165283
 20
61.653203165481216
 10
164.697933853883
 20
61.70116183179656
 10
164.76193428092859
 20
61.74933368910201
 10
164.82577318835428
 20
61.797719392879394
 10
164.88944894820403
 20
61.84631959834154
 10
164.95295991365714
 20
61.89513496028485
 10
165.01630441880786
 20
61.94416613293698
 10
165.0794807784439
 20
61.99341376979922
 10
165.1424872878233
 20
62.04287852348367
 10
165.20532222245077
 20
62.092561045545
 10
165.2679838378528
 20
62.14246198630654
 10
165.3304703693519
 20
62.19258199468083
 10
165.39278003183995
 20
62.24292171798413
 10
165.45491101955102
 20
62.293481801745095
 10
165.5168615058335
 20
62.34426288950717
 10
165.57862964292164
 20
62.39526562262477
 10
165.64021356170684
 20
62.44649064005298
 10
165.7016113715086
 20
62.497938578130594
 10
165.76282115984526
 20
62.54961007035647
 10
165.82384099220482
 20
62.60150574715891
 10
165.88466891181602
 20
62.65362623565787
 10
165.94530293941926
 20
62.70597215942006
 10
166.00574107303845
 20
62.75854413820651
 10
166.06598128775317
 20
62.811342787712576
 10
166.1260215354716
 20
62.86436871930013
 10
166.1858597447045
 20
62.91762253972194
 10
166.24549382034013
 20
62.97110485083775
 10
166.30492164342084
 20
63.02481624932225
 10
166.36414107092077
 20
63.078757326364524
 10
166.42314993552554
 20
63.13292866735875
 10
166.48194604541393
 20
63.1873308515863
 10
166.54052718404154
 20
63.24196445188868
 10
166.5988911099272
 20
63.296830034331315
 10
166.65703555644177
 20
63.35192815785808
 10
166.71495823160026
 20
63.40725937393619
 10
166.77265681785676
 20
63.462824226191465
 10
166.83012897190332
 20
63.518623250033684
 10
166.88737232447244
 20
63.57465697227183
 10
166.94438448014375
 20
63.63092591071924
 10
167.0011630171552
 20
63.687430573788156
 10
167.057705487219
 20
63.744171460073886
 10
167.11400941534293
 20
63.80114905792809
 10
167.17007229965677
 20
63.85836384502123
 10
167.22589161124512
 20
63.915816287893875
 10
167.2814647939862
 20
63.973506841496864
 10
167.33678926439757
 20
64.03143594872
 10
167.39186241148883
 20
64.08960403990932
 10
167.4466815966219
 20
64.14801153237245
 10
167.50124415337942
 20
64.20665882987251
 10
167.55554738744172
 20
64.26554632210971
 10
167.60958857647245
 20
64.32467438419113
 10
167.66336497001407
 20
64.38404337608814
 10
167.716873789393
 20
64.44365364208163
 10
167.77011222763548
 20
64.5035055101948
 10
167.82307744939448
 20
64.56359929161346
 10
167.8757665908882
 20
64.62393528009383
 10
167.92817675985071
 20
64.68451375135761
 10
167.98030503549563
 20
64.74533496247442
 10
168.0321484684928
 20
64.80639915123153
 10
168.0837040809596
 20
64.86770653549088
 10
168.13496886646624
 20
64.92925731253317
 10
168.18593979005706
 20
64.9910516583894
 10
168.23661378828749
 20
65.05308972715959
 10
168.2869877692777
 20
65.11537165031874
 10
168.33705861278386
 20
65.17789753601025
 10
168.3868231702875
 20
65.2406674683268
 10
168.43627826510368
 20
65.30368150657873
 10
168.48542069250877
 20
65.36693968455003
 10
168.5342472198888
 20
65.43044200974235
 10
168.5827545869089
 20
65.49418846260679
 10
168.6309395057045
 20
65.558178995764
 10
168.6787986610959
 20
65.6224135332128
 10
168.7263287108256
 20
65.68689196952724
 10
168.7735262858209
 20
65.75161416904285
 10
168.82038799048098
 20
65.81657996503212
 10
168.86691040299073
 20
65.8817891588695
 10
168.913090075661
 20
65.94724151918666
 10
168.958923535297
 20
66.012936781018
 10
169.00440728359527
 20
66.0788746449372
 10
169.04953779756994
 20
66.14505477618508
 10
169.0943115300096
 20
66.21147680378944
 10
169.13872490996556
 20
66.27814031967749
 10
169.18277434327163
 20
66.34504487778132
 10
169.22645621309752
 20
66.41218999313715
 10
169.2697668805356
 20
66.47957514097928
 10
169.31270268522235
 20
66.54719975582904
 10
169.35525994599558
 20
66.61506323058003
 10
169.39743496158744
 20
66.6831649155801
 10
169.43922401135487
 20
66.75150411771119
 10
169.4806233560478
 20
66.82008009946803
 10
169.52162923861587
 20
66.88889207803629
 10
169.5622378850546
 20
66.95793922437184
 10
169.6024455052915
 20
67.02722066228175
 10
169.64224829411302
 20
67.09673546750815
 10
169.68164243213266
 20
67.16648266681669
 10
169.72062408680117
 20
67.23646123709017
 10
169.7591894134592
 20
67.30667010442903
 10
169.79733455643301
 20
67.37710814326009
 10
169.83505565017353
 20
67.44777417545473
 10
169.87234882043936
 20
67.51866696945811
 10
169.90921018552416
 20
67.5897852394309
 10
169.9456358575282
 20
67.66112764440508
 10
169.98162194367504
 20
67.73269278745558
 10
170.0171645476729
 20
67.8044792148889
 10
170.05225977112104
 20
67.87648541545113
 10
170.08690371496112
 20
67.94870981955657
 10
170.12109248097352
 20
68.021150798539
 10
170.15482217331834
 20
68.09380666392714
 10
170.1880889001211
 20
68.16667566674666
 10
170.22088877510217
 20
68.23975599685005
 10
170.25321791925032
 20
68.31304578227662
 10
170.2850724625392
 20
68.3865430886446
 10
170.3164485456864
 20
68.46024591857709
 10
170.34734232195422
 20
68.53415221116393
 10
170.37774995899136
 20
68.60825984146162
 10
170.40766764071432
 20
68.68256662003319
 10
170.4370915692279
 20
68.75707029252989
 10
170.4660179667829
 20
68.83176853931704
 10
170.4944430777702
 20
68.9066589751457
 10
170.5223631707495
 20
68.98173914887236
 10
170.54977454051118
 20
69.05700654322862
 10
170.57667351016968
 20
69.13245857464254
 10
170.60305643328607
 20
69.20809259311402
 10
170.6289196960185
 20
69.28390588214555
 10
170.65425971929778
 20
69.35989565873058
 10
170.67907296102638
 20
69.43605907340113
 10
170.703355918298
 20
69.51239321033617
 10
170.7271051296355
 20
69.58889508753268
 10
170.75031717724457
 20
69.66556165704075
 10
170.77298868928006
 20
69.74238980526432
 10
170.79511634212264
 20
69.8193763533288
 10
170.81669686266235
 20
69.89651805751697
 10
170.837727030586
 20
69.97381160977429
 10
170.8582036806656
 20
70.05125363828462
 10
170.87812370504415
 20
70.12884070811742
 10
170.8974840555153
 20
70.20656932194697
 10
170.9162817457939
 20
70.28443592084466
 10
170.93451385377347
 20
70.36243688514449
 10
170.95217752376703
 20
70.44056853538237
 10
170.96926996872787
 20
70.51882713330936
 10
170.98578847244602
 20
70.59720888297903
 10
171.00173039171722
 20
70.67570993190856
 10
171.01709315848012
 20
70.75432637231361
 10
171.0318742819182
 20
70.83305424241624
 10
171.04607135052217
 20
70.91188952782547
 10
171.05968203410967
 20
70.99082816298943
 10
171.0727040857976
 20
71.06986603271832
 10
171.085135343924
 20
71.14899897377691
 10
171.09697373391535
 20
71.22822277654517
 10
171.10821727009562
 20
71.30753318674543
 10
171.1188640574335
 20
71.3869259072346
 10
171.1289122932243
 20
71.46639659985924
 10
171.13836026870268
 20
71.54594088737147
 10
171.14720637058343
 20
71.62555435540354
 10
171.1554490825264
 20
71.70523255449848
 10
171.1630869865229
 20
71.78497100219444
 10
171.1701187642005
 20
71.86476518515953
 10
171.17654319804308
 20
71.9446105613747
 10
171.18235917252372
 20
72.02450256236143
 10
171.18756567514794
 20
72.10443659545068
 10
171.192161797405
 20
72.18440804609043
 10
171.1961467356245
 20
72.26441228018764
 10
171.19951979173752
 20
72.34444464648165
 10
171.2022803739393
 20
72.42450047894482
 10
171.2044279972528
 20
72.50457509920722
 10
171.2059622839917
 20
72.58466381900081
 10
171.20688296412143
 20
72.66476194262015
 10
171.2071898755176
 20
72.74486476939461
  0
LWPOLYLINE
  5
9C
330
17
100
AcDbEntity
  8
01-VISIBLE
100
AcDbPolyline
 90
39
 70
0
 10
171.2071898755176
 20
72.74486476939462
 10
171.2068714046977
 20
72.8264621312798
 10
171.20591605044527
 20
72.90805452183659
 10
171.20432398732407
 20
72.98963697246175
 10
171.20209550608087
 20
73.07120451999758
 10
171.19923101335664
 20
73.15275220944335
 10
171.195731031283
 20
73.23427509665294
 10
171.19159619696552
 20
73.31576825101419
 10
171.18682726185398
 20
73.39722675810577
 10
171.1814250910026
 20
73.47864572232695
 10
171.17539066222034
 20
73.56002026949605
 10
171.1687250651147
 20
73.64134554941367
 10
171.16142950003027
 20
73.72261673838612
 10
171.15350527688517
 20
73.80382904170578
 10
171.14495381390762
 20
73.88497769608406
 10
171.13577663627566
 20
73.96605797203364
 10
171.12597537466343
 20
74.04706517619647
 10
171.11555176369677
 20
74.12799465361417
 10
171.1045076403221
 20
74.20884178993788
 10
171.09284494209174
 20
74.28960201357442
 10
171.08056570536985
 20
74.37027079776631
 10
171.0676720634625
 20
74.45084366260276
 10
171.05416624467622
 20
74.53131617695979
 10
171.04005057030884
 20
74.61168396036695
 10
171.02532745257685
 20
74.69194268479887
 10
171.00999939248382
 20
74.77208807639026
 10
170.99406897763365
 20
74.85211591707225
 10
170.97753887999355
 20
74.93202204612953
 10
170.96041185361068
 20
75.01180236167674
 10
170.94269073228716
 20
75.09145282205345
 10
170.92437842721748
 20
75.17096944713725
 10
170.90547792459296
 20
75.25034831957419
 10
170.88599228317753
 20
75.32958558592676
 10
170.86592463185872
 20
75.40867745773906
 10
170.84527816717886
 20
75.48762021251945
 10
170.82405615084977
 20
75.5664101946411
 10
170.80226190725568
 20
75.64504381616086
 10
170.77989882094806
 20
75.7235175575572
 10
170.75697033413618
 20
75.80182796838803
  0
LWPOLYLINE
  5
9D
330
17
100
AcDbEntity
  8
01-VISIBLE
100
AcDbPolyline
 90
39
 70
0
 10
108.93740941689899
 20
75.80182796838804
 10
108.91448093008712
 20
75.72351755755722
 10
108.89211784377949
 20
75.64504381616086
 10
108.8703236001854
 20
75.5664101946411
 10
108.84910158385631
 20
75.48762021251945
 10
108.82845511917645
 20
75.40867745773906
 10
108.80838746785766
 20
75.32958558592676
 10
108.7889018264422
 20
75.2503483195742
 10
108.77000132381771
 20
75.17096944713725
 10
108.75168901874802
 20
75.09145282205345
 10
108.7339678974245
 20
75.01180236167674
 10
108.71684087104164
 20
74.93202204612953
 10
108.70031077340153
 20
74.85211591707225
 10
108.68438035855135
 20
74.77208807639026
 10
108.66905229845833
 20
74.69194268479889
 10
108.65432918072634
 20
74.61168396036695
 10
108.64021350635895
 20
74.5313161769598
 10
108.62670768757268
 20
74.45084366260276
 10
108.61381404566532
 20
74.37027079776631
 10
108.60153480894343
 20
74.28960201357442
 10
108.58987211071307
 20
74.20884178993788
 10
108.5788279873384
 20
74.12799465361417
 10
108.56840437637176
 20
74.04706517619647
 10
108.55860311475952
 20
73.96605797203365
 10
108.54942593712757
 20
73.88497769608406
 10
108.54087447415
 20
73.80382904170578
 10
108.5329502510049
 20
73.72261673838612
 10
108.52565468592049
 20
73.64134554941367
 10
108.51898908881483
 20
73.56002026949606
 10
108.51295466003256
 20
73.47864572232695
 10
108.50755248918118
 20
73.39722675810577
 10
108.50278355406967
 20
73.31576825101419
 10
108.49864871975215
 20
73.23427509665294
 10
108.49514873767855
 20
73.15275220944335
 10
108.4922842449543
 20
73.07120451999758
 10
108.49005576371111
 20
72.98963697246175
 10
108.48846370058992
 20
72.90805452183659
 10
108.48750834633748
 20
72.8264621312798
 10
108.48718987551759
 20
72.74486476939462
  0
LWPOLYLINE
  5
9E
330
17
100
AcDbEntity
  8
01-VISIBLE
100
AcDbPolyline
 90
401
 70
0
 10
108.48718987551759
 20
72.74486476939462
 10
108.48836132312675
 20
72.58837001787661
 10
108.49187487868019
 20
72.43191032696777
 10
108.49772818323316
 20
72.27552068666074
 10
108.50591731477776
 20
72.11923594615168
 10
108.5164368025043
 20
71.96309074452789
 10
108.52927964659214
 20
71.80711944274357
 10
108.54443734335773
 20
71.65135605728787
 10
108.56189991554359
 20
71.49583419592963
 10
108.58165594749097
 20
71.3405869958972
 10
108.60369262490143
 20
71.18564706482388
 10
108.62799577886051
 20
71.03104642475677
 10
108.65454993376834
 20
70.87681645949206
 10
108.6833383587995
 20
70.72298786546365
 10
108.71434312249698
 20
70.56959060637246
 10
108.74754515009255
 20
70.41665387170637
 10
108.78292428313911
 20
70.26420603926056
 10
108.82045934103866
 20
70.11227464172994
 10
108.86012818405187
 20
69.96088633740811
 10
108.90190777738347
 20
69.81006688499097
 10
108.94577425594805
 20
69.65984112244989
 10
108.99170298943724
 20
69.51023294990708
 10
109.03966864732638
 20
69.36126531641813
 10
109.08964526348103
 20
69.21296021053966
 10
109.14160630004596
 20
69.06533865453835
 10
109.19552471032509
 20
68.91842070207723
 10
109.25137300038665
 20
68.77222543919892
 10
109.30912328915505
 20
68.62677098841259
 10
109.36874736677844
 20
68.48207451568041
 10
109.4302167510879
 20
68.3381522400926
 10
109.49350274199179
 20
68.19501944601528
 10
109.55857647367426
 20
68.05269049749334
 10
109.62540896449275
 20
67.91117885469092
 10
109.69397116449304
 20
67.77049709215433
 10
109.764234000483
 20
67.63065691868687
 10
109.83616841862771
 20
67.49166919863023
 10
109.90974542454735
 20
67.35354397435525
 10
109.98493612091806
 20
67.21629048977222
 10
110.06171174259111
 20
67.07991721468125
 10
110.14004368926084
 20
66.94443186979217
 10
110.21990355572402
 20
66.80984145225499
 10
110.30126315978478
 20
66.67615226155172
 10
110.38409456786827
 20
66.54336992561238
 10
110.46837011841482
 20
66.41149942702809
 10
110.5540624431321
 20
66.28054512924622
 10
110.64114448618906
 20
66.15051080264189
 10
110.72958952143868
 20
66.02139965037193
 10
110.81937116775968
 20
65.89321433392676
 10
110.9104634026098
 20
65.76595699830517
 10
111.00284057388349
 20
65.63962929674676
 10
111.0964774101676
 20
65.51423241496511
 10
111.19134902948826
 20
65.3897670948327
 10
111.28743094664068
 20
65.26623365747679
 10
111.38469907919198
 20
65.14363202575187
 10
111.48312975224586
 20
65.02196174606144
 10
111.5826997020543
 20
64.90122200950732
 10
111.68338607855969
 20
64.7814116723506
 10
111.78516644694741
 20
64.66252927577277
 10
111.88801878828569
 20
64.54457306493077
 10
111.99192149932642
 20
64.42754100730293
 10
112.09685339153711
 20
64.31143081032704
 10
112.20279368943069
 20
64.19623993833427
 10
112.3097220282566
 20
64.0819656287861
 10
112.41761845111273
 20
63.968604907823504
 10
112.52646340553505
 20
63.856154605139515
 10
112.6362377396175
 20
63.74461136818873
 10
112.74692269771236
 20
63.633971675747986
 10
112.8584999157575
 20
63.52423185084458
 10
112.97095141627392
 20
63.41538807306858
 10
113.08425960307437
 20
63.30743639028725
 10
113.19840725572067
 20
63.200372729779836
 10
113.31337752376436
 20
63.09419290881158
 10
113.42915392080357
 20
62.98889264466613
 10
113.54572031838563
 20
62.88446756415552
 10
113.66306093978281
 20
62.78091321262732
 10
113.78116035366698
 20
62.678225062487904
 10
113.90000346770594
 20
62.57639852126138
 10
114.01957552210284
 20
62.475428939202764
 10
114.139862083098
 20
62.37531161648439
 10
114.26084903645088
 20
62.27604180997351
 10
114.38252258091809
 20
62.177614739619365
 10
114.50486922174193
 20
62.08002559446694
 10
114.62787576416265
 20
61.98326953831457
 10
114.75152930696606
 20
61.88734171503198
 10
114.87581723607713
 20
61.792237253554646
 10
115.00072721820887
 20
61.697951272570215
 10
115.12624719457501
 20
61.6044788849118
 10
115.2523653746736
 20
61.51181520167282
 10
115.37907023014836
 20
61.41995533605702
 10
115.50635048873303
 20
61.3288944069775
 10
115.6341951282841
 20
61.238627542417184
 10
115.76259337090559
 20
61.149149882563485
 10
115.89153467716991
 20
61.06045658272867
 10
116.02100874043764
 20
60.97254281606753
 10
116.15100548127836
 20
60.88540377610303
 10
116.2815150419951
 20
60.79903467907042
 10
116.41252778125337
 20
60.71343076608955
 10
116.5440342688162
 20
60.62858730517509
 10
116.67602528038587
 20
60.544499593093335
 10
116.80849179255272
 20
60.46116295707448
 10
116.9414249778512
 20
60.37857275638826
 10
117.07481619992302
 20
60.296724383790995
 10
117.20865700878707
 20
60.215613266851165
 10
117.34293913621536
 20
60.135234869160755
 10
117.4776544912145
 20
60.055584691438895
 10
117.61279515561134
 20
59.97665827253421
 10
117.74835337974214
 20
59.89845119033187
 10
117.88432157824377
 20
59.82095906257099
 10
118.02069232594549
 20
59.74417754757792
 10
118.1574583538603
 20
59.66810234492034
 10
118.29461254527385
 20
59.59272919598723
 10
118.43214793192959
 20
59.51805388449915
 10
118.5700576903085
 20
59.4440722369533
 10
118.70833513800156
 20
59.370780123007336
 10
118.84697373017326
 20
59.29817345580598
 10
118.98596705611457
 20
59.22624819225405
 10
119.12530883588309
 20
59.15500033323931
 10
119.26499291702912
 20
59.08442592380858
 10
119.40501327140537
 20
59.014521053300115
 10
119.54536399205878
 20
58.9452818554352
 10
119.68603929020236
 20
58.87670450837172
 10
119.8270334922655
 20
58.80878523472238
 10
119.96834103702044
 20
58.74152030154003
 10
120.10995647278389
 20
58.674906020272275
 10
120.25187445469099
 20
58.60893874668784
 10
120.39408974204073
 20
58.54361488077656
 10
120.53659719571064
 20
58.47893086662486
 10
120.67939177563882
 20
58.41488319226894
 10
120.82246853837209
 20
58.35146838952697
 10
120.96582263467837
 20
58.28868303381215
 10
121.10944930722138
 20
58.22652374392816
 10
121.25334388829631
 20
58.16498718184842
 10
121.39750179762491
 20
58.10407005248045
 10
121.5419185402082
 20
58.043769103416736
 10
121.68658970423542
 20
57.984081124673196
 10
121.83151095904756
 20
57.92500294841646
 10
121.97667805315432
 20
57.86653144868096
 10
122.12208681230256
 20
57.80866354107683
 10
122.2677331375954
 20
57.7513961824896
 10
122.41361300366009
 20
57.69472637077254
 10
122.55972245686351
 20
57.63865114443249
 10
122.70605761357422
 20
57.58316758230983
 10
122.8526146584692
 20
57.52827280325357
 10
122.99938984288468
 20
57.47396396579198
 10
123.14637948320942
 20
57.420238267799526
 10
123.2935799593193
 20
57.36709294616069
 10
123.44098771305221
 20
57.31452527643123
 10
123.58859924672205
 20
57.262532572497385
 10
123.73641112167066
 20
57.21111218623349
 10
123.88441995685656
 20
57.160261507158616
 10
124.03262242747999
 20
57.10997796209228
 10
124.18101526364227
 20
57.06025901481014
 10
124.32959524903936
 20
57.01110216569961
 10
124.47835921968826
 20
56.96250495141597
 10
124.62730406268545
 20
56.914464944539155
 10
124.77642671499632
 20
56.866979753231675
 10
124.92572416227482
 20
56.82004702089777
 10
125.07519343771244
 20
56.773664425844224
 10
125.22483162091575
 20
56.72782968094293
 10
125.37463583681152
 20
56.68254053329548
 10
125.5246032545788
 20
56.637794763900075
 10
125.67473108660728
 20
56.593590187320714
 10
125.82501658748058
 20
56.54992465135918
 10
125.97545705298486
 20
56.50679603672951
 10
126.12604981914079
 20
56.464202256735696
 10
126.27679226125915
 20
56.42214125695212
 10
126.427681793019
 20
56.38061101490731
 10
126.5787158655676
 20
56.33960953977097
 10
126.72989196664203
 20
56.29913487204427
 10
126.88120761971118
 20
56.25918508325374
 10
127.0326603831381
 20
56.21975827564864
 10
127.18424784936195
 20
56.1808525819019
 10
127.33596764409867
 20
56.14246616481492
 10
127.48781742556054
 20
56.104597217025926
 10
127.63979488369323
 20
56.06724396072228
 10
127.7918977394307
 20
56.030404647356555
 10
127.94412374396666
 20
55.99407755736659
 10
128.09647067804266
 20
55.95826099989939
 10
128.24893635125215
 20
55.922953312539065
 10
128.40151860136004
 20
55.88815286103869
 10
128.5542152936373
 20
55.85385803905628
 10
128.70702432021017
 20
55.820067267894615
 10
128.8599435994237
 20
55.78677899624536
 10
129.01297107521907
 20
55.75399169993702
 10
129.16610471652422
 20
55.721703881687034
 10
129.31934251665754
 20
55.689914070858
 10
129.47268249274444
 20
55.65862082321786
 10
129.6261226851459
 20
55.6278227207042
 10
129.77966115689912
 20
55.59751837119262
 10
129.93329599316974
 20
55.56770640826917
 10
130.0870253007153
 20
55.538385491006736
 10
130.2408472073597
 20
55.509554303745624
 10
130.39475986147812
 20
55.48121155587802
 10
130.54876143149244
 20
55.45335598163654
 10
130.70285010537648
 20
55.42598633988678
 10
130.85702409017114
 20
55.399101413923766
 10
131.01128161150874
 20
55.3727000112725
 10
131.16562091314677
 20
55.346780963492314
 10
131.32004025651028
 20
55.32134312598525
 10
131.47453792024308
 20
55.29638537780829
 10
131.62911219976712
 20
55.27190662148949
 10
131.7837614068502
 20
55.24790578284799
 10
131.9384838691813
 20
55.22438181081781
 10
132.09327792995373
 20
55.20133367727558
 10
132.24814194745565
 20
55.1787603768719
 10
132.40307429466768
 20
55.156660926866635
 10
132.55807335886743
 20
55.135034366967886
 10
132.7131375412411
 20
55.113879759174644
 10
132.8682652565011
 20
55.09319618762322
 10
133.02345493251048
 20
55.07298275843736
 10
133.17870500991302
 20
55.05323859958193
 10
133.33401394176983
 20
55.033962860720315
 10
133.48938019320107
 20
55.015154713075376
 10
133.6448022410337
 20
54.996813349294044
 10
133.8002785734543
 20
54.97893798331541
 10
133.95580768966732
 20
54.961527850242405
 10
134.11138809955827
 20
54.944582206216936
 10
134.26701832336147
 20
54.928100328298626
 10
134.4226968913332
 20
54.91208151434686
 10
134.5784223434285
 20
54.896525082906464
 10
134.73419322898306
 20
54.88143037309662
 10
134.89000810639888
 20
54.86679674450336
 10
135.04586554283415
 20
54.85262357707532
 10
135.20176411389704
 20
54.838910271022925
 10
135.35770240334315
 20
54.82565624672088
 10
135.5136790027768
 20
54.81286094461402
 10
135.66969251135546
 20
54.80052382512643
 10
135.8257415354978
 20
54.788644368573884
 10
135.9818246885947
 20
54.777222075079514
 10
136.13794059072367
 20
54.76625646449278
 10
136.2940878683657
 20
54.755747076311636
 10
136.45026515412528
 20
54.745693469607936
 10
136.60647108645315
 20
54.736095222955996
 10
136.7627043093712
 20
54.72695193436445
 10
136.91896347220012
 20
54.718263221211124
 10
137.07524722928926
 20
54.71002872018122
 10
137.23155423974856
 20
54.70224808720856
 10
137.38788316718285
 20
54.69492099741996
 10
137.54423267942758
 20
54.68804714508276
 10
137.70060144828682
 20
54.68162624355547
 10
137.85698814927278
 20
54.67565802524143
 10
138.01339146134697
 20
54.67014224154572
 10
138.1698100666627
 20
54.66507866283493
 10
138.32624265030918
 20
54.66046707840022
 10
138.48268790005676
 20
54.65630729642326
 10
138.63914450610307
 20
54.65259914394538
 10
138.79561116082078
 20
54.64934246683961
 10
138.95208655850575
 20
54.6465371297859
 10
139.1085693951262
 20
54.64418301624927
 10
139.26505836807252
 20
54.64228002846107
 10
139.42155217590795
 20
54.64082808740321
 10
139.57804951811934
 20
54.639827132795425
 10
139.73454909486867
 20
54.639277123085584
 10
139.89104960674462
 20
54.63917803544298
 10
140.04754975451442
 20
54.63952986575467
 10
140.2040482388758
 20
54.640332628624805
 10
140.3605437602088
 20
54.641586357376966
 10
140.51703501832768
 20
54.64329110405957
 10
140.67352071223218
 20
54.6454469394542
 10
140.82999953985887
 20
54.64805395308707
 10
140.98647019783186
 20
54.65111225324338
 10
141.14293138121286
 20
54.65462196698481
 10
141.29938178325062
 20
54.658583240169996
 10
141.45582009512987
 20
54.66299623747799
 10
141.61224500571896
 20
54.667861142434845
 10
141.76865520131668
 20
54.6731781574432
 10
141.92504936539825
 20
54.67894750381491
 10
142.0814261783595
 20
54.68516942180672
 10
142.2377843172605
 20
54.69184417065908
 10
142.39412245556696
 20
54.69897202863794
 10
142.55043926289088
 20
54.70655329307967
 10
142.70673340472874
 20
54.714588280439095
 10
142.8630035421986
 20
54.72307732634059
 10
143.01924833177517
 20
54.732020785632315
 10
143.17546642502222
 20
54.741419032443616
 10
143.33165646832398
 20
54.751272460245445
 10
143.48781710261343
 20
54.76158148191409
 10
143.64394696309841
 20
54.77234652979794
 10
143.80004467898567
 20
54.78356805578752
 10
143.95610887320169
 20
54.795246531388635
 10
144.11213816211114
 20
54.807382447798844
 10
144.2681311552324
 20
54.81997631598703
 10
144.42408645495
 20
54.83302866677633
 10
144.58000265622402
 20
54.84654005093021
 10
144.73587834629626
 20
54.860511039241956
 10
144.89171210439267
 20
54.874942222627325
 10
145.04750250142268
 20
54.88983421222061
 10
145.20324809967465
 20
54.905187639473986
 10
145.3589474525073
 20
54.92100315626023
 10
145.51459910403744
 20
54.937281434978836
 10
145.6702015888234
 20
54.95402316866548
 10
145.82575343154423
 20
54.97122907110495
 10
145.98125314667425
 20
54.988899876947464
 10
146.13669923815343
 20
55.00703634182852
 10
146.29209019905247
 20
55.02563924249211
 10
146.4474245112333
 20
55.04470937691761
 10
146.6027006450042
 20
55.06424756445
 10
146.75791705876995
 20
55.08425464593383
 10
146.91307219867613
 20
55.104731483850586
 10
147.06816449824805
 20
55.12567896245977
 10
147.2231923780237
 20
55.14709798794359
 10
147.37815424518058
 20
55.1689894885552
 10
147.53304849315649
 20
55.191354414770714
 10
147.68787350126388
 20
55.21419373944491
 10
147.84262763429714
 20
55.237508457970534
 10
147.99730924213378
 20
55.26129958844151
 10
148.1519166593276
 20
55.28556817181975
 10
148.30644820469553
 20
55.310315272105875
 10
148.46090218089614
 20
55.33554197651369
 10
148.6152768740008
 20
55.36124939564847
 10
148.76957055305684
 20
55.387438663689174
 10
148.92378146964234
 20
55.414110938574446
 10
149.07790785741227
 20
55.44126740219255
 10
149.2319479316363
 20
55.46890926057529
 10
149.38589988872718
 20
55.4970377440957
 10
149.53976190575997
 20
55.525654107669894
 10
149.6935321399817
 20
55.55475963096272
 10
149.84720872831107
 20
55.5843556185975
 10
150.00078978682814
 20
55.614443400369716
 10
150.15427341025324
 20
55.64502433146478
 10
150.30765767141563
 20
55.676099792679786
 10
150.46094062071026
 20
55.7076711906493
 10
150.6141202855439
 20
55.73973995807522
 10
150.76719466976886
 20
55.772307553960744
 10
150.92016175310508
 20
55.80537546384828
 10
151.07301949054923
 20
55.838945200061524
 10
151.22576581177128
 20
55.873018301951596
 10
151.37839862049785
 20
55.907596336147186
 10
151.53091579388158
 20
55.94268089680879
 10
151.6833151818569
 20
55.978273605887004
 10
151.83559460648098
 20
56.01437611338485
 10
151.98775186126008
 20
56.05099009762409
 10
152.13978471046042
 20
56.08811726551562
 10
152.29169088840317
 20
56.12575935283373
 10
152.44346809874355
 20
56.1639181244944
 10
152.59511401373297
 20
56.20259537483747
 10
152.74662627346396
 20
56.24179292791273
 10
152.8980024850974
 20
56.28151263776974
 10
153.0492402220718
 20
56.321756388751524
 10
153.20033702329326
 20
56.36252609579197
 10
153.35129039230668
 20
56.40382370471684
 10
153.50209779644678
 20
56.44565119254838
 10
153.65275666596855
 20
56.4880105678135
 10
153.80326439315712
 20
56.53090387085523
 10
153.95361833141516
 20
56.57433317414763
 10
154.10381579432888
 20
56.61830058261387
 10
154.25385405471013
 20
56.66280823394731
 10
154.40373034361562
 20
56.70785829893569
 10
154.5534418493412
 20
56.75345298178803
 10
154.70298571639154
 20
56.79959452046425
 10
154.85235904442357
 20
56.84628518700725
 10
155.00155888716367
 20
56.89352728787736
 10
155.1505822512975
 20
56.9413231642889
 10
155.29942609533146
 20
56.989675192548596
 10
155.44808732842552
 20
57.03858578439575
 10
155.59656280919594
 20
57.08805738734384
 10
155.74484934448745
 20
57.13809248502318
 10
155.89294368811386
 20
57.188693597524676
 10
156.04084253956603
 20
57.23986328174385
 10
156.18854254268666
 20
57.29160413172544
 10
156.3360402843104
 20
57.34391877900761
 10
156.4833322928685
 20
57.39680989296573
 10
156.63041503695734
 20
57.45028018115538
 10
156.77728492386902
 20
57.50433238965378
 10
156.92393829808367
 20
57.558969303399564
 10
157.07037143972184
 20
57.61419374653011
 10
157.21658056295618
 20
57.670008582716065
 10
157.362561814381
 20
57.72641671549241
 10
157.50831127133847
 20
57.783421088585406
 10
157.6538249402006
 20
57.841024686234825
 10
157.79909875460527
 20
57.899230533510845
 10
157.9441285736453
 20
57.95804169662463
 10
158.08891018000898
 20
58.017461283231974
 10
158.23343927807116
 20
58.077492442729124
 10
158.37771149193279
 20
58.138138366539785
 10
158.5217223634083
 20
58.19940228839256
 10
158.66546734995862
 20
58.261287484587456
 10
158.80894182256884
 20
58.3237972742506
 10
158.95214106356892
 20
58.38693501957603
 10
159.09506026439527
 20
58.45070412605305
 10
159.237694523293
 20
58.515108042678115
 10
159.38003884295549
 20
58.58015026214974
 10
159.5220881281011
 20
58.6458343210448
 10
159.66383718298454
 20
58.71216379997485
 10
159.8052807088412
 20
58.779142323720656
 10
159.94641330126345
 20
58.8467735613432
 10
160.08722944750605
 20
58.9150612262691
 10
160.22772352371985
 20
58.984009076348784
 10
160.3678897921114
 20
59.0536209138848
 10
160.50772239802734
 20
59.123900585628505
 10
160.64721536696032
 20
59.194851982742186
 10
160.78636260147678
 20
59.266479040724604
 10
160.92515787806283
 20
59.338785739296874
 10
161.06359484388705
 20
59.41177610224591
 10
161.20166701347893
 20
59.48545419722253
 10
161.33936776532022
 20
59.559824135490864
 10
161.47669033834813
 20
59.63489007162584
 10
161.6136278283679
 20
59.7106562031548
 10
161.75017318437344
 20
59.787126770139984
 10
161.88631920477445
 20
59.86430605469736
 10
162.0220585335277
 20
59.94219838044787
  0
LWPOLYLINE
  5
9F
330
17
100
AcDbEntity
  8
01-VISIBLE
100
AcDbPolyline
 90
203
 70
0
 10
161.56951019356833
 20
60.20347728634474
 10
161.63875641785467
 20
60.24358446654969
 10
161.70789102905746
 20
60.28388373423771
 10
161.77691295119894
 20
60.32437570462844
 10
161.84582109617014
 20
60.36506099580527
 10
161.91461436356983
 20
60.40594022868318
 10
161.9832916405413
 20
60.4470140269747
 10
162.05185180160709
 20
60.488283017154025
 10
162.12029370850178
 20
60.52974782841932
 10
162.18861621000258
 20
60.57140909265297
 10
162.256818141758
 20
60.61326744437982
 10
162.32489832611427
 20
60.6553235207233
 10
162.3928555719397
 20
60.69757796135943
 10
162.4606886744472
 20
60.74003140846856
 10
162.5283964150143
 20
60.78268450668481
 10
162.59597756100123
 20
60.825537903043084
 10
162.663430865567
 20
60.868592246923754
 10
162.73075506748322
 20
60.91184818999471
 10
162.79794889094572
 20
60.955306386150795
 10
162.86501104538428
 20
60.99896749145062
 10
162.93194022527
 20
61.04283216405057
 10
162.99873510992074
 20
61.086901064135965
 10
163.06539436330428
 20
61.13117485384922
 10
163.13191663383938
 20
61.17565419721506
 10
163.198300554195
 20
61.22033976006258
 10
163.26454474108692
 20
61.26523220994398
 10
163.3306477950728
 20
61.3103322160502
 10
163.39660830034478
 20
61.35564044912286
 10
163.46242482452027
 20
61.40115758136296
 10
163.52809591843038
 20
61.44688428633577
 10
163.59362011590684
 20
61.49282123887201
 10
163.65899593356633
 20
61.5389691149653
 10
163.72422187059325
 20
61.58532859166553
 10
163.78929640852047
 20
61.63190034696828
 10
163.85421801100793
 20
61.678685059699916
 10
163.91898512361962
 20
61.72568340939858
 10
163.98359617359867
 20
61.77289607619053
 10
164.04804956964045
 20
61.82032374066212
 10
164.11234370166417
 20
61.86796708372702
 10
164.1764769405825
 20
61.91582678648856
 10
164.24044763806967
 20
61.96390353009732
 10
164.30425412632815
 20
62.01219799560342
 10
164.36789471785323
 20
62.060710863803756
 10
164.4313677051968
 20
62.10944281508381
 10
164.49467136072914
 20
62.15839452925391
 10
164.55780393639964
 20
62.20756668537994
 10
164.62076366349638
 20
62.25695996160816
 10
164.68354875240408
 20
62.30657503498408
 10
164.74615739236157
 20
62.35641258126526
 10
164.8085877512176
 20
62.40647327472779
 10
164.87083797518645
 20
62.456757787966346
 10
164.932906188602
 20
62.50726679168763
 10
164.99479049367187
 20
62.558000954497075
 10
165.05648897023042
 20
62.60896094267858
 10
165.1179996754917
 20
62.660147419967096
 10
165.1793206438018
 20
62.71156104731401
 10
165.24044988639133
 20
62.76320248264496
 10
165.30138539112778
 20
62.815072380610076
 10
165.36212512226797
 20
62.867171392326334
 10
165.42266702021087
 20
62.91950016511194
 10
165.48300900125093
 20
62.97205934221244
 10
165.5431489573322
 20
63.024849562518476
 10
165.60308475580297
 20
63.077871460275
 10
165.6628142391719
 20
63.131125664781564
 10
165.72233522486522
 20
63.18461280008379
 10
165.7816455049854
 20
63.23833348465559
 10
165.84074284607172
 20
63.29228833107198
 10
165.89962498886263
 20
63.34647794567238
 10
165.95828964806057
 20
63.40090292821421
 10
166.01673451209905
 20
63.455563871516276
 10
166.07495724291283
 20
63.51046136109229
 10
166.13295547571082
 20
63.5655959747738
 10
166.19072681875258
 20
63.62096828232264
 10
166.2482688531286
 20
63.676578845032616
 10
166.30557913254432
 20
63.73242821532015
 10
166.36265518310879
 20
63.78851693630387
 10
166.41949450312796
 20
63.84484554137275
 10
166.47609456290303
 20
63.90141455374271
 10
166.53245280453442
 20
63.9582244860015
 10
166.58856664173146
 20
64.01527583964163
 10
166.64443345962857
 20
64.07256910458123
 10
166.70005061460813
 20
64.13010475867253
 10
166.75541543413047
 20
64.18788326719785
 10
166.81052521657162
 20
64.24590508235318
 10
166.86537723106926
 20
64.3041706427186
 10
166.9199687173771
 20
64.36268037271606
 10
166.97429688572873
 20
64.42143468205376
 10
167.02835891671106
 20
64.48043396515756
 10
167.08215196114773
 20
64.53967860058876
 10
167.13567313999403
 20
64.59916895044847
 10
167.18891954424248
 20
64.6589053597684
 10
167.2418882348411
 20
64.71888815588773
 10
167.29457624262378
 20
64.77911764781642
 10
167.34698056825448
 20
64.83959412558443
 10
167.39909818218507
 20
64.90031785957699
 10
167.45092602462782
 20
64.9612890998559
 10
167.50246100554358
 20
65.02250807546687
 10
167.55370000464558
 20
65.0839749937326
 10
167.6046398714205
 20
65.14569003953196
 10
167.65527742516684
 20
65.20765337456511
 10
167.70560945505161
 20
65.26986513660455
 10
167.75563272018658
 20
65.33232543873238
 10
167.80534394972392
 20
65.39503436856359
 10
167.85473984297306
 20
65.45799198745571
 10
167.903817069539
 20
65.52119832970489
 10
167.95257226948326
 20
65.58465340172849
 10
168.001002053508
 20
65.64835718123456
 10
168.04910300316456
 20
65.71230961637818
 10
168.09687167108717
 20
65.7765106249053
 10
168.14430458125267
 20
65.84096009328385
 10
168.1913982292672
 20
65.90565787582304
 10
168.23814908268105
 20
65.97060379378061
 10
168.2845535813322
 20
66.03579763445904
 10
168.33060813771982
 20
66.10123915029061
 10
168.37630913740847
 20
66.16692805791214
 10
168.42165293946437
 20
66.23286403722987
 10
168.46663587692387
 20
66.29904673047484
 10
168.51125425729634
 20
66.36547574124981
 10
168.55550436310114
 20
66.43215063356786
 10
168.59938245244055
 20
66.49907093088386
 10
168.64288475960922
 20
66.56623611511918
 10
168.68600749574114
 20
66.63364562568077
 10
168.72874684949525
 20
66.70129885847517
 10
168.77109898778022
 20
66.76919516491871
 10
168.8130600565197
 20
66.83733385094449
 10
168.8546261814589
 20
66.90571417600754
 10
168.8957934690129
 20
66.97433535208887
 10
168.93655800715817
 20
67.04319654270009
 10
168.97691586636776
 20
67.11229686188894
 10
169.01686310059077
 20
67.18163537324803
 10
169.05639574827737
 20
67.25121108892733
 10
169.09550983344943
 20
67.32102296865206
 10
169.13420136681782
 20
67.39106991874742
 10
169.172466346947
 20
67.46135079117175
 10
169.21030076146715
 20
67.53186438255946
 10
169.2477005883345
 20
67.60260943327548
 10
169.28466179714036
 20
67.67358462648293
 10
169.32118035046895
 20
67.74478858722577
 10
169.35725220530463
 20
67.81621988152789
 10
169.39287331448844
 20
67.88787701551107
 10
169.42803962822424
 20
67.95975843453311
 10
169.46274709563448
 20
68.03186252234858
 10
169.4969916663653
 20
68.10418760029366
 10
169.53076929224116
 20
68.17673192649755
 10
169.56407592896863
 20
68.24949369512251
 10
169.59690753788857
 20
68.32247103563414
 10
169.62926008777694
 20
68.39566201210474
 10
169.66112955669306
 20
68.46906462255146
 10
169.69251193387467
 20
68.5426767983116
 10
169.72340322167952
 20
68.6164964034573
 10
169.75379943757156
 20
68.69052123425188
 10
169.78369661615153
 20
68.76474901864992
 10
169.81309081123013
 20
68.83917741584372
 10
169.84197809794267
 20
68.91380401585783
 10
169.87035457490367
 20
68.98862633919447
 10
169.8982163663996
 20
69.0636418365317
 10
169.92555962461807
 20
69.13884788847663
 10
169.95238053191161
 20
69.214241805376
 10
169.97867530309358
 20
69.28982082718609
 10
170.00444018776457
 20
69.36558212340401
 10
170.02967147266614
 20
69.44152279306269
 10
170.05436548406007
 20
69.51763986479125
 10
170.07851859012993
 20
69.59393029694283
 10
170.1021272034024
 20
69.6703909777916
 10
170.12518778318523
 20
69.74701872580073
 10
170.14769683801865
 20
69.82381028996289
 10
170.16965092813751
 20
69.90076235021509
 10
170.19104666793976
 20
69.97787151792862
 10
170.2118807284589
 20
70.05513433647621
 10
170.2321498398359
 20
70.13254728187687
 10
170.25185079378733
 20
70.2101067635197
 10
170.27098044606566
 20
70.28780912496772
 10
170.28953571890796
 20
70.36565064484186
 10
170.30751360346864
 20
70.44362753778621
 10
170.32491116223272
 20
70.52173595551456
 10
170.34172553140473
 20
70.59997198793846
 10
170.35795392326963
 20
70.67833166437691
 10
170.37359362852118
 20
70.75681095484721
 10
170.38864201855353
 20
70.83540577143687
 10
170.4030965477118
 20
70.91411196975571
 10
170.4169547554971
 20
70.99292535046754
 10
170.43021426872193
 20
71.07184166090025
 10
170.44287280361164
 20
71.15085659673316
 10
170.4549281678475
 20
71.22996580376014
 10
170.46637826254747
 20
71.30916487972692
 10
170.4772210841802
 20
71.38844937624059
 10
170.48745472640863
 20
71.46781480074931
 10
170.49707738185893
 20
71.54725661859003
 10
170.50608734381092
 20
71.62677025510146
 10
170.5144830078065
 20
71.70635109780001
 10
170.52226287317234
 20
71.78599449861525
 10
170.52942554445352
 20
71.86569577618263
 10
170.53596973275472
 20
71.94545021818927
 10
170.54189425698604
 20
72.02525308377027
 10
170.54719804501053
 20
72.10509960595142
 10
170.55188013469078
 20
72.18498499413475
 10
170.55593967483208
 20
72.26490443662311
 10
170.55937592602
 20
72.34485310317963
 10
170.56218826135046
 20
72.42482614761828
 10
170.5643761670501
 20
72.50481871042075
 10
170.56593924298656
 20
72.58482592137601
 10
170.56687720306587
 20
72.66484290223761
 10
170.56718987551758
 20
72.74486476939461
  0
LWPOLYLINE
  5
A0
330
17
100
AcDbEntity
  8
01-VISIBLE
100
AcDbPolyline
 90
28
 70
0
 10
170.56718987551758
 20
72.74486476939462
 10
170.56685697449402
 20
72.82743459452334
 10
170.56585833634932
 20
72.90999905162407
 10
170.56419415579265
 20
72.99255277580872
 10
170.5618647571097
 20
73.0750904084633
 10
170.558870593819
 20
73.1576066003709
 10
170.55521224819196
 20
73.2400960148178
 10
170.55089043063782
 20
73.32255333067724
 10
170.5459059789552
 20
73.40497324546536
 10
170.5402598574521
 20
73.48735047836395
 10
170.53395315593653
 20
73.56967977320497
 10
170.52698708858028
 20
73.65195590141134
 10
170.51936299265884
 20
73.7341736648897
 10
170.51108232717036
 20
73.81632789886966
 10
170.50214667133716
 20
73.89841347468558
 10
170.49255772299375
 20
73.98042530249607
 10
170.48231729686458
 20
74.06235833393733
 10
170.47142732273625
 20
74.14420756470615
 10
170.45988984352846
 20
74.22596803706911
 10
170.44770701326786
 20
74.30763484229422
 10
170.43488109497
 20
74.38920312300212
 10
170.42141445843376
 20
74.47066807543357
 10
170.40730957795364
 20
74.55202495163081
 10
170.3925690299549
 20
74.63326906153007
 10
170.37719549055652
 20
74.71439577496344
 10
170.3611917330677
 20
74.79540052356788
 10
170.34456062542267
 20
74.87627880259993
 10
170.32730512755984
 20
74.95702617265482
  0
LWPOLYLINE
  5
A1
330
17
100
AcDbEntity
  8
01-VISIBLE
100
AcDbPolyline
 90
28
 70
0
 10
109.36707462347535
 20
74.9570261726548
 10
109.3498191256125
 20
74.87627880259991
 10
109.33318801796747
 20
74.79540052356788
 10
109.31718426047864
 20
74.71439577496344
 10
109.30181072108027
 20
74.63326906153007
 10
109.28707017308153
 20
74.5520249516308
 10
109.27296529260141
 20
74.47066807543357
 10
109.25949865606518
 20
74.3892031230021
 10
109.24667273776731
 20
74.3076348422942
 10
109.23448990750673
 20
74.2259680370691
 10
109.22295242829892
 20
74.14420756470615
 10
109.2120624541706
 20
74.06235833393733
 10
109.20182202804142
 20
73.98042530249607
 10
109.19223307969801
 20
73.89841347468558
 10
109.18329742386483
 20
73.81632789886966
 10
109.17501675837633
 20
73.73417366488971
 10
109.16739266245489
 20
73.65195590141134
 10
109.16042659509864
 20
73.56967977320495
 10
109.15411989358307
 20
73.48735047836395
 10
109.14847377207998
 20
73.40497324546536
 10
109.14348932039736
 20
73.32255333067724
 10
109.13916750284321
 20
73.2400960148178
 10
109.13550915721616
 20
73.1576066003709
 10
109.13251499392547
 20
73.0750904084633
 10
109.13018559524252
 20
72.99255277580872
 10
109.12852141468586
 20
72.90999905162407
 10
109.12752277654116
 20
72.82743459452334
 10
109.12718987551759
 20
72.74486476939462
  0
LWPOLYLINE
  5
A2
330
17
100
AcDbEntity
  8
01-VISIBLE
100
AcDbPolyline
 90
401
 70
0
 10
109.12718987551759
 20
72.74486476939462
 10
109.12833741603269
 20
72.59156378831575
 10
109.13177926637074
 20
72.43829715232341
 10
109.13751311572877
 20
72.28509913732879
 10
109.14553512213979
 20
72.1320038813199
 10
109.15583992644335
 20
71.97904531646395
 10
109.16842067167227
 20
71.82625710247115
 10
109.18326902768752
 20
71.67367256161658
 10
109.20037522084918
 20
71.52132461579626
 10
109.2197280684711
 20
71.36924572596857
 10
109.24131501777114
 20
71.21746783430491
 10
109.26512218899636
 20
71.06602230934121
 10
109.29113442237546
 20
70.91493989438804
 10
109.31933532852844
 20
70.76425065942144
 10
109.34970734194638
 20
70.61398395663822
 10
109.38223177714204
 20
70.46416837982245
 10
109.4168888870652
 20
70.31483172763065
 10
109.45365792337495
 20
70.16600097086595
 10
109.49251719816341
 20
70.01770222377517
 10
109.53344414673315
 20
69.86996071936656
 10
109.57641539104131
 20
69.72280078871407
 10
109.62140680343887
 20
69.57624584418234
 10
109.66839357035069
 20
69.43031836647887
 10
109.71735025556342
 20
69.28503989541424
 10
109.76825086281069
 20
69.1404310242293
 10
109.82106889736983
 20
68.9965113973286
 10
109.87577742640973
 20
68.85329971124372
 10
109.93234913785633
 20
68.7108137186367
 10
109.99075639756903
 20
68.56907023514395
 10
110.05097130464769
 20
68.42808514885387
 10
110.1129657447168
 20
68.2878734322067
 10
110.17671144105881
 20
68.14844915610357
 10
110.24218000349325
 20
68.0098255060114
 10
110.3093429749221
 20
67.8720147998531
 10
110.3781718754837
 20
67.73502850747681
 10
110.44863824427853
 20
67.59887727150297
 10
110.52071367864879
 20
67.46357092935605
 10
110.59436987101193
 20
67.32911853629513
 10
110.66957864326308
 20
67.19552838926722
 10
110.74631197877628
 20
67.06280805141671
 10
110.82454205204634
 20
66.93096437709457
 10
110.90424125602422
 20
66.80000353722198
 10
110.98538222720805
 20
66.66993104487324
 10
111.06793786855977
 20
66.54075178095394
 10
111.15188137032364
 20
66.4124700198615
 10
111.23718622882842
 20
66.28508945502459
 10
111.32382626335865
 20
66.15861322422954
 10
111.4117756311833
 20
66.03304393465059
 10
111.50100884083241
 20
65.90838368751108
 10
111.59150076371276
 20
65.78463410231099
 10
111.68322664415433
 20
65.6617963405657
 10
111.77616210797866
 20
65.53987112900744
 10
111.87028316967897
 20
65.41885878220981
 10
111.96556623830065
 20
65.29875922460172
 10
112.06198812210854
 20
65.17957201184375
 10
112.15952603212497
 20
65.06129635154583
 10
112.25815758462005
 20
64.94393112331068
 10
112.3578608026325
 20
64.82747489809158
 10
112.45861411659655
 20
64.7119259568586
 10
112.56039636414664
 20
64.59728230857012
 10
112.66318678916937
 20
64.48354170745087
 10
112.76696504016716
 20
64.3707016695804
 10
112.87171116799661
 20
64.25875948879852
 10
112.97740562303936
 20
64.1477122519372
 10
113.08402925186122
 20
64.03755685338962
 10
113.19156329341138
 20
63.92829000902966
 10
113.29998937481045
 20
63.81990826949587
 10
113.40928950677302
 20
63.712408032855805
 10
113.51944607870746
 20
63.605785556667065
 10
113.6304418535324
 20
63.5000369694527
 10
113.74225996224713
 20
63.39515828160871
 10
113.85488389828993
 20
63.29114539576225
 10
113.9682975117161
 20
63.18799411659936
 10
114.08248500322506
 20
63.08570016018081
 10
114.1974309180631
 20
62.984259162765426
 10
114.31312013982719
 20
62.88366668915947
 10
114.42953788419189
 20
62.78391824061104
 10
114.54666969258068
 20
62.685009262267904
 10
114.66450142580044
 20
62.58693515021724
 10
114.78301925765632
 20
62.48969125812496
 10
114.90220966856297
 20
62.39327290349233
 10
115.02205943916593
 20
62.29767537354709
 10
115.14255564398621
 20
62.20289393078559
 10
115.26368564509977
 20
62.108923818182234
 10
115.38543708586162
 20
62.01576026408199
 10
115.50779788468456
 20
61.92339848679111
 10
115.63075622887996
 20
61.831833698880835
 10
115.75430056856838
 20
61.74106111121816
 10
115.8784196106661
 20
61.65107593673738
 10
116.00310231295313
 20
61.5618733939656
 10
116.12833787822764
 20
61.473448710314685
 10
116.25411574855073
 20
61.385797125151875
 10
116.38042559958518
 20
61.29891389266062
 10
116.5072573350311
 20
61.21279428450278
 10
116.6346010811608
 20
61.127433592292654
 10
116.76244718145475
 20
61.042827129893354
 10
116.8907861913404
 20
60.958970235544754
 10
117.0196088730346
 20
60.87585827383263
 10
117.1489061904906
 20
60.79348663750765
 10
117.27866930444996
 20
60.71185074916264
 10
117.40888956759949
 20
60.63094606277614
 10
117.53955851983311
 20
60.550768065129844
 10
117.6706678836183
 20
60.47131227710715
 10
117.80220955946643
 20
60.39257425487981
 10
117.9341756215064
 20
60.31454959098901
 10
118.06655831316044
 20
60.23723391532727
 10
118.19935004292124
 20
60.160622896027014
 10
118.33254338022894
 20
60.08471224026127
 10
118.46613105144696
 20
60.00949769496194
 10
118.60010593593495
 20
59.93497504746063
 10
118.7344610622176
 20
59.86114012605677
 10
118.86918960424771
 20
59.787988800517425
 10
119.00428487776175
 20
59.71551698251333
 10
119.13974033672636
 20
59.64372062599483
 10
119.27554956987417
 20
59.572595727511874
 10
119.41170629732687
 20
59.50213832648141
 10
119.54820436730421
 20
59.43234450540574
 10
119.68503775291663
 20
59.363210390045026
 10
119.8222005490403
 20
59.29473214954694
 10
119.95968696927223
 20
59.22690599653641
 10
120.09749134296389
 20
59.159728187168106
 10
120.23560811233186
 20
59.09319502114426
 10
120.37403182964283
 20
59.027302841700326
 10
120.51275715447233
 20
58.962048035560485
 10
120.65177885103438
 20
58.89742703286553
 10
120.79109178558107
 20
58.833436307074884
 10
120.93069092386997
 20
58.770072374844645
 10
121.07057132869757
 20
58.707331795883746
 10
121.2107281574975
 20
58.64521117278957
 10
121.35115666000162
 20
58.58370715086485
 10
121.49185217596212
 20
58.52281641791727
 10
121.63281013293349
 20
58.46253570404324
 10
121.77402604411252
 20
58.402861781397064
 10
121.91549550623493
 20
58.34379146394689
 10
122.05721419752689
 20
58.28532160721853
 10
122.19917787571023
 20
58.22744910802825
 10
122.3413823760597
 20
58.170170904205726
 10
122.48382360951102
 20
58.113483974307805
 10
122.62649756081832
 20
58.05738533732439
 10
122.76940028675924
 20
58.001872052377074
 10
122.91252791438707
 20
57.94694121841131
 10
123.05587663932815
 20
57.892589973882984
 10
123.19944272412324
 20
57.83881549644012
 10
123.34322249661189
 20
57.785615002600196
 10
123.48721234835855
 20
57.73298574742392
 10
123.63140873311926
 20
57.68092502418587
 10
123.77580816534744
 20
57.62943016404272
 10
123.92040721873829
 20
57.57849853569937
 10
124.06520252481039
 20
57.52812754507352
 10
124.21019077152312
 20
57.47831463495935
 10
124.35536870192976
 20
57.42905728469027
 10
124.50073311286421
 20
57.38035300980166
 10
124.64628085366135
 20
57.33219936169339
 10
124.79200882490926
 20
57.28459392729309
 10
124.93791397723304
 20
57.23753432871988
 10
125.083993310109
 20
57.19101822294928
 10
125.23024387070835
 20
57.14504330147933
 10
125.37666275276969
 20
57.09960728999831
 10
125.52324709549946
 20
57.05470794805419
 10
125.6699940824994
 20
57.01034306872607
 10
125.81690094072044
 20
56.96651047829792
 10
125.96396493944218
 20
56.923208035934465
 10
126.11118338927727
 20
56.880433633359885
 10
126.25855364119981
 20
56.838185194539
 10
126.40607308559746
 20
56.79646067536139
 10
126.55373915134608
 20
56.75525806332849
 10
126.70154930490673
 20
56.71457537724378
 10
126.84950104944414
 20
56.67441066690614
 10
126.99759192396603
 20
56.63476201280652
 10
127.14581950248274
 20
56.59562752582804
 10
127.29418139318668
 20
56.557005346949566
 10
127.44267523765083
 20
56.518893646952776
 10
127.59129871004599
 20
56.481290626132875
 10
127.74004951637598
 20
56.44419451401304
 10
127.88892539373046
 20
56.40760356906253
 10
128.03792410955492
 20
56.37151607841855
 10
128.18704346093708
 20
56.33593035761206
 10
128.3362812739095
 20
56.300844750297244
 10
128.48563540276777
 20
56.26625762798509
 10
128.63510372940408
 20
56.23216738978065
 10
128.78468416265525
 20
56.1985724621244
 10
128.93437463766543
 20
56.16547129853747
 10
129.0841731152624
 20
56.13286237937085
 10
129.23407758134763
 20
56.10074421155859
 10
129.3840860462996
 20
56.06911532837494
 10
129.53419654438937
 20
56.03797428919548
 10
129.68440713320922
 20
56.00731967926228
 10
129.83471589311267
 20
55.97715010945298
 10
129.98512092666684
 20
55.94746421605389
 10
130.13562035811563
 20
55.91826066053702
 10
130.28621233285412
 20
55.889538129341176
 10
130.43689501691398
 20
55.86129533365682
 10
130.58766659645852
 20
55.833531009215086
 10
130.73852527728886
 20
55.80624391608058
 10
130.88946928435897
 20
55.77943283844816
 10
131.04049686130068
 20
55.753096584443576
 10
131.1916062699579
 20
55.72723398592805
 10
131.34279578992985
 20
55.70184389830664
 10
131.49406371812267
 20
55.67692520034054
 10
131.64540836830992
 20
55.65247679396311
 10
131.79682807070083
 20
55.6284976040998
 10
131.94832117151688
 20
55.6049865784918
 10
132.0998860325759
 20
55.58194268752346
 10
132.25152103088362
 20
55.55936492405351
 10
132.40322455823244
 20
55.537252303249915
 10
132.55499502080747
 20
55.515603862428435
 10
132.70683083879908
 20
55.494418660894965
 10
132.85873044602226
 20
55.47369577979137
 10
133.01069228954225
 20
55.45343432194508
 10
133.16271482930654
 20
55.4336334117222
 10
133.31479653778248
 20
55.41429219488423
 10
133.4669358996014
 20
55.39540983844836
 10
133.61913141120752
 20
55.37698553055128
 10
133.77138158051295
 20
55.35901848031651
 10
133.92368492655763
 20
55.34150791772519
 10
134.07603997917448
 20
55.324453093490405
 10
134.22844527865945
 20
55.30785327893485
 10
134.3808993754463
 20
55.291707765872005
 10
134.53340082978593
 20
55.276015866490695
 10
134.68594821143031
 20
55.26077691324295
 10
134.8385400993205
 20
55.245990258735354
 10
134.99117508127887
 20
55.23165527562359
 10
135.14385175370523
 20
55.217771356510404
 10
135.29656872127703
 20
55.204337913846835
 10
135.44932459665284
 20
55.19135437983667
 10
135.6021180001797
 20
55.178820206344234
 10
135.7549475596037
 20
55.16673486480537
 10
135.90781190978393
 20
55.15509784614165
 10
136.0607096924095
 20
55.14390866067777
 10
136.21363955571948
 20
55.1331668380622
 10
136.36660015422595
 20
55.12287192719088
 10
136.51959014843945
 20
55.11302349613419
 10
136.67260820459734
 20
55.10362113206699
 10
136.82565299439463
 20
55.09466444120179
 10
136.97872319471682
 20
55.086153048725066
 10
137.13181748737554
 20
55.0780865987366
 10
137.2849345588459
 20
55.070464754191946
 10
137.43807310000602
 20
55.06328719684801
 10
137.5912318058784
 20
55.05655362721158
 10
137.74440937537315
 20
55.05026376449096
 10
137.89760451103288
 20
55.04441734655068
 10
138.05081591877902
 20
55.03901412986916
 10
138.20404230765973
 20
55.03405388949941
 10
138.35728238959916
 20
55.02953641903275
 10
138.5105348791478
 20
55.02546153056553
 10
138.66379849323397
 20
55.02182905466883
 10
138.81707195091667
 20
55.018638840361135
 10
138.97035397313869
 20
55.01589075508403
 10
139.1236432824811
 20
55.01358468468081
 10
139.27693860291836
 20
55.01172053337808
 10
139.43023865957346
 20
55.01029822377038
 10
139.58354217847443
 20
55.009317696807656
 10
139.7368478863105
 20
55.00877891178577
 10
139.89015451018898
 20
55.00868184633995
 10
140.04346077739206
 20
55.0090264964412
 10
140.1967654151338
 20
55.009812876395614
 10
140.35006715031716
 20
55.01104101884671
 10
140.50336470929074
 20
55.01271097478069
 10
140.65665681760535
 20
55.01482281353462
 10
140.80994219977026
 20
55.01737662280763
 10
140.96321957900912
 20
55.02037250867504
 10
141.116487677015
 20
55.023810595605426
 10
141.26974521370505
 20
55.0276910264807
 10
141.42299090697452
 20
55.032013962619146
 10
141.57622347244956
 20
55.03677958380137
 10
141.72944162323915
 20
55.04198808829935
 10
141.8826440696864
 20
55.04763969290837
 10
142.03582951911784
 20
55.053734632981985
 10
142.18899667559228
 20
55.06027316247001
 10
142.3421442396476
 20
55.067255553959505
 10
142.4952709080465
 20
55.07468209871875
 10
142.64837537352034
 20
55.08255310674431
 10
142.8014563245113
 20
55.090868906811075
 10
142.95451244491275
 20
55.099629846525424
 10
143.10754241380783
 20
55.10883629238138
 10
143.26054490520548
 20
55.11848862981992
 10
143.41351858777475
 20
55.128587263291244
 10
143.56646212457636
 20
55.139132616320325
 10
143.71937417279247
 20
55.15012513157542
 10
143.87225338345306
 20
55.161565270939775
 10
144.02509840116028
 20
55.17345351558651
 10
144.17790786380965
 20
55.18579036605657
 10
144.33068040230853
 20
55.19857634233996
 10
144.48341464029127
 20
55.2118119839601
 10
144.6361091938314
 20
55.2254978500614
 10
144.78876267115032
 20
55.23963451950013
 10
144.94137367232258
 20
55.25422259093845
 10
145.09394078897756
 20
55.26926268294175
 10
145.24646260399732
 20
55.284755434079294
 10
145.3989376912105
 20
55.30070150302814
 10
145.5513646150825
 20
55.31710156868036
 10
145.7037419304008
 20
55.33395633025372
 10
145.85606818195677
 20
55.351266507405576
 10
146.00834190422208
 20
55.36903284035027
 10
146.16056162102115
 20
55.387256089979914
 10
146.3127258451983
 20
55.405937037988565
 10
146.46483307827998
 20
55.42507648699989
 10
146.61688181013216
 20
55.44467526069833
 10
146.7688705186117
 20
55.46473420396372
 10
146.92079766921276
 20
55.48525418300946
 10
147.07266171470727
 20
55.50623608552422
 10
147.2244610947793
 20
55.527680820817224
 10
147.37619423565366
 20
55.54958931996712
 10
147.52785954971804
 20
55.57196253597449
 10
147.6794554351384
 20
55.594801443917966
 10
147.83098027546816
 20
55.618107041114015
 10
147.9824324392499
 20
55.641880347280456
 10
148.13381027961032
 20
55.6661224047036
 10
148.28511213384758
 20
55.69083427840921
 10
148.43633632301137
 20
55.71601705633717
 10
148.58748115147444
 20
55.7416718495199
 10
148.73854490649694
 20
55.767799792264654
 10
148.88952585778176
 20
55.794402042339534
 10
149.04042225702165
 20
55.82147978116343
 10
149.1912323374372
 20
55.84903421399976
 10
149.34195431330605
 20
55.87706657015407
 10
149.49258637948242
 20
55.905578103175614
 10
149.64312671090713
 20
55.93457009106274
 10
149.7935734621075
 20
55.964043836472264
 10
149.94392476668725
 20
55.99400066693274
 10
150.09417873680545
 20
56.024441935061716
 10
150.2443334626451
 20
56.055369018786955
 10
150.39438701186987
 20
56.08678332157154
 10
150.54433742906986
 20
56.11868627264307
 10
150.69418273519517
 20
56.151079327226775
 10
150.84392092697715
 20
56.183963966782606
 10
150.99354997633753
 20
56.217341699246354
 10
151.14306782978394
 20
56.25121405927468
 10
151.2924724077925
 20
56.28558260849421
 10
151.4417616041765
 20
56.320448935754506
 10
151.5909332854409
 20
56.35581465738505
 10
151.73998529012246
 20
56.39168141745614
 10
151.88891542811464
 20
56.428050888043764
 10
152.03772147997694
 20
56.46492476949824
 10
152.18640119622876
 20
56.502304790716856
 10
152.33495229662657
 20
56.54019270942028
 10
152.48337246942424
 20
56.57859031243277
 10
152.63165937061623
 20
56.61749941596617
 10
152.77981062316255
 20
56.656921865907506
 10
152.92782381619583
 20
56.6968595381104
 10
153.07569650420896
 20
56.737314338689856
 10
153.22342620622373
 20
56.77828820432076
 10
153.37101040493897
 20
56.819783102539645
 10
153.51844654585835
 20
56.86180103204991
 10
153.6657320363969
 20
56.90434402303023
 10
153.8128642449654
 20
56.94741413744613
 10
153.95984050003273
 20
56.991013469364596
 10
154.10665808916465
 20
57.03514414527159
 10
154.25331425803873
 20
57.07980832439225
 10
154.39980620943493
 20
57.12500819901385
 10
154.546131102201
 20
57.17074599481107
 10
154.6922860501913
 20
57.21702397117364
 10
154.83826812117954
 20
57.263844421535964
 10
154.98407433574343
 20
57.31120967370872
 10
155.1297016661213
 20
57.35912209021206
 10
155.27514703503925
 20
57.407584068610184
 10
155.4204073145085
 20
57.456598041847094
 10
155.56547932459148
 20
57.50616647858324
 10
155.71035983213648
 20
57.55629188353265
 10
155.85504554947914
 20
57.60697679780032
 10
155.99953313311056
 20
57.658223799219584
 10
156.14381918231035
 20
57.710035502688775
 10
156.2879002377443
 20
57.76241456050721
 10
156.4317727800251
 20
57.815363662709714
 10
156.5754332282354
 20
57.868885537399464
 10
156.71887793841157
 20
57.92298295107837
 10
156.86210320198808
 20
57.97765870897482
 10
157.00510524420014
 20
58.03291565536797
 10
157.14788022244417
 20
58.088756673908044
 10
157.29042422459483
 20
58.14518468793196
 10
157.43273326727697
 20
58.20220266077379
 10
157.5748032940917
 20
58.25981359606894
 10
157.7166301737949
 20
58.31802053805163
 10
157.8582096984272
 20
58.376826571844745
 10
157.9995375813937
 20
58.436234823740904
 10
158.14060945549218
 20
58.496248461474245
 10
158.28142087088838
 20
58.55687069448148
 10
158.42196729303723
 20
58.61810477415151
 10
158.56224410054747
 20
58.67995399406213
 10
158.70224658298963
 20
58.742421690202875
 10
158.84196993864452
 20
58.80551124118254
 10
158.98140927219146
 20
58.86922606842004
 10
159.12055959233413
 20
58.93356963631725
 10
159.25941580936276
 20
58.99854545241199
 10
159.39797273265094
 20
59.06415706750993
 10
159.536225068085
 20
59.130408075793234
 10
159.67416741542468
 20
59.19730211490432
 10
159.81179426559328
 20
59.26484286600278
 10
159.94909999789522
 20
59.33303405379316
 10
160.08607887715976
 20
59.401879446521676
 10
160.22272505080844
 20
59.47138285593917
 10
160.35903254584497
 20
59.54154813722807
 10
160.494995265766
 20
59.612379188890706
 10
160.6306069873897
 20
59.68387995259587
 10
160.76586135760215
 20
59.75605441298114
 10
160.90075189001814
 20
59.828906597407276
 10
161.0352719615557
 20
59.90244057566195
 10
161.169414808922
 20
59.97666045960868
 10
161.30317352500904
 20
60.05157040277784
 10
161.43654105519778
 20
60.12717459989527
 10
161.56951019356833
 20
60.20347728634474
  0
LWPOLYLINE
  5
A3
330
17
100
AcDbEntity
  8
01-VISIBLE
100
AcDbPolyline
 90
32
 70
0
 10
170.54634947313525
 20
72.09166750465246
 10
170.5408884359448
 20
72.17224329329687
 10
170.5347953436148
 20
72.2527737530243
 10
170.528071318693
 20
72.33325398842427
 10
170.52071759654152
 20
72.4136791316487
 10
170.5127355241155
 20
72.49404434496041
 10
170.50412655863866
 20
72.57434482323157
 10
170.49489226617828
 20
72.65457579638851
 10
170.4850343201237
 20
72.73473253179911
 10
170.4745544995713
 20
72.81481033659946
 10
170.46345468761976
 20
72.89480455995658
 10
170.45173686957955
 20
72.9747105952641
 10
170.43940313110056
 20
73.05452388226809
 10
170.42645565622198
 20
73.13423990912064
 10
170.4128967253488
 20
73.21385421435846
 10
170.39872871315896
 20
73.29336238880471
 10
170.38395408644612
 20
73.37276007739185
 10
170.3685754019019
 20
73.45204298090401
 10
170.35259530384246
 20
73.53120685763734
 10
170.33601652188437
 20
73.610247524977
 10
170.31884186857343
 20
73.68916086088986
 10
170.30107423697203
 20
73.76794280533227
 10
170.282716598209
 20
73.84658936157194
 10
170.2637719989968
 20
73.92509659742397
 10
170.24424355912052
 20
74.00346064640058
 10
170.22413446890315
 20
74.08167770877486
 10
170.20344798665153
 20
74.15974405255848
 10
170.18218743608747
 20
74.2376560143942
 10
170.16035620376795
 20
74.31541000036344
 10
170.13795773649898
 20
74.39300248670989
 10
170.11499553874694
 20
74.47043002048028
 10
170.09147317005113
 20
74.54768922008304
  0
LWPOLYLINE
  5
A4
330
17
100
AcDbEntity
  8
01-VISIBLE
100
AcDbPolyline
 90
32
 70
0
 10
109.60290658098405
 20
74.54768922008304
 10
109.57938421228825
 20
74.47043002048028
 10
109.5564220145362
 20
74.39300248670989
 10
109.53402354726722
 20
74.31541000036344
 10
109.51219231494771
 20
74.2376560143942
 10
109.49093176438365
 20
74.15974405255848
 10
109.47024528213204
 20
74.08167770877485
 10
109.45013619191467
 20
74.00346064640058
 10
109.43060775203838
 20
73.92509659742396
 10
109.41166315282618
 20
73.84658936157194
 10
109.39330551406314
 20
73.76794280533227
 10
109.37553788246174
 20
73.68916086088986
 10
109.35836322915081
 20
73.61024752497698
 10
109.34178444719271
 20
73.53120685763734
 10
109.32580434913328
 20
73.45204298090401
 10
109.31042566458903
 20
73.37276007739183
 10
109.29565103787621
 20
73.2933623888047
 10
109.28148302568638
 20
73.21385421435846
 10
109.2679240948132
 20
73.13423990912064
 10
109.25497661993461
 20
73.05452388226809
 10
109.24264288145562
 20
72.97471059526409
 10
109.23092506341541
 20
72.89480455995657
 10
109.21982525146387
 20
72.81481033659945
 10
109.20934543091147
 20
72.7347325317991
 10
109.1994874848569
 20
72.6545757963885
 10
109.19025319239651
 20
72.57434482323156
 10
109.18164422691966
 20
72.4940443449604
 10
109.17366215449366
 20
72.41367913164869
 10
109.16630843234216
 20
72.33325398842426
 10
109.15958440742035
 20
72.25277375302429
 10
109.15349131509038
 20
72.17224329329684
 10
109.14803027789992
 20
72.09166750465243
  0
LWPOLYLINE
  5
A5
330
17
100
AcDbEntity
  8
01-VISIBLE
100
AcDbPolyline
 90
9
 70
0
 10
145.50545833857234
 20
216.06264942675807
 10
145.5798821139721
 20
216.10619076737004
 10
145.65379310172884
 20
216.15059695133135
 10
145.72717037819857
 20
216.1958795635627
 10
145.7999920143718
 20
216.2420503891953
 10
145.872235019909
 20
216.28912139838417
 10
145.94387528442098
 20
216.33710472796815
 10
146.01488751598316
 20
216.3860126595494
 10
146.08524517690478
 20
216.43585759351856
  0
LWPOLYLINE
  5
A6
330
17
100
AcDbEntity
  8
01-VISIBLE
100
AcDbPolyline
 90
156
 70
0
 10
133.60913457413042
 20
216.43585759351856
 10
133.67466855772764
 20
216.3893850946746
 10
133.7407724018441
 20
216.34372678315702
 10
133.80742453530993
 20
216.29887261958442
 10
133.87460433257286
 20
216.25481265124859
 10
133.9422920682674
 20
216.21153703086605
 10
134.0104688735744
 20
216.16903603261045
 10
134.07911669439017
 20
216.1273000657215
 10
134.14821825130304
 20
216.08631968596035
 10
134.2177570013609
 20
216.046085605153
 10
134.28771710159853
 20
216.0065886990413
 10
134.3580833742853
 20
215.96782001363857
 10
134.42884127384457
 20
215.9297707702667
 10
134.49997685539205
 20
215.89243236943304
 10
134.57147674483505
 20
215.85579639369
 10
134.64332811047277
 20
215.81985460960368
 10
134.71551863603545
 20
215.78459896894503
 10
134.78803649510064
 20
215.7500216092056
 10
134.86087032682343
 20
215.71611485352616
 10
134.93400921291934
 20
215.68287121012088
 10
135.0074426558395
 20
215.65028337126563
 10
135.0811605580783
 20
215.61834421191583
 10
135.15515320255662
 20
215.58704678800848
 10
135.22941123402475
 20
215.5563843344986
 10
135.3039256414318
 20
215.52635026317427
 10
135.37868774120983
 20
215.49693816028793
 10
135.45368916142397
 20
215.46814178403957
 10
135.5289218267412
 20
215.43995506194068
 10
135.6043779441732
 20
215.41237208808616
 10
135.68004998955058
 20
215.3853871203571
 10
135.75593069468786
 20
215.35899457757495
 10
135.83201303520102
 20
215.33318903662501
 10
135.90829021894095
 20
215.3079652295641
 10
135.98475567500844
 20
215.28331804072667
 10
136.06140304331777
 20
215.25924250384082
 10
136.13822616467843
 20
215.23573379916422
 10
136.2152190713655
 20
215.2127872506486
 10
136.2923759781509
 20
215.19039832314053
 10
136.36969127377003
 20
215.1685626196247
 10
136.44715951279875
 20
215.1472758785152
 10
136.5247754079175
 20
215.12653397099922
 10
136.60253382254098
 20
215.10633289843713
 10
136.68042976379235
 20
215.08666878982177
 10
136.7584583758025
 20
215.06753789930002
 10
136.83661493331644
 20
215.04893660375836
 10
136.9148948355886
 20
215.0308614004736
 10
136.9932936005514
 20
215.01330890483126
 10
137.07180685924115
 20
214.99627584811094
 10
137.15043035046705
 20
214.97975907534038
 10
137.2291599157089
 20
214.96375554321804
 10
137.30799149423098
 20
214.94826231810475
 10
137.38692111839987
 20
214.93327657408327
 10
137.46594490919372
 20
214.91879559108747
 10
137.54505907189306
 20
214.9048167530985
 10
137.62425989194168
 20
214.89133754640955
 10
137.70354373096856
 20
214.87835555795704
 10
137.7829070229607
 20
214.8658684737186
 10
137.86234627057868
 20
214.85387407717684
 10
137.9418580416059
 20
214.84237024784807
 10
138.02143896552386
 20
214.8313549598755
 10
138.10108573020577
 20
214.82082628068554
 10
138.18079507872125
 20
214.81078236970728
 10
138.2605638062452
 20
214.80122147715366
 10
138.34038875706423
 20
214.7921419428635
 10
138.4202668216745
 20
214.78354219520435
 10
138.50019493396476
 20
214.77542075003424
 10
138.5801700684792
 20
214.7677762097228
 10
138.66018923775408
 20
214.7606072622297
 10
138.74024948972345
 20
214.75391268024111
 10
138.82034790518853
 20
214.74769132036204
 10
138.9004815953459
 20
214.74194212236517
 10
138.98064769936983
 20
214.73666410849478
 10
139.0608433820443
 20
214.7318563828254
 10
139.14106583144033
 20
214.72751813067464
 10
139.2213122566338
 20
214.72364861806972
 10
139.3015798854607
 20
214.7202471912675
 10
139.38186596230457
 20
214.71731327632665
 10
139.46216774591295
 20
214.71484637873294
 10
139.54248250723884
 20
214.71284608307633
 10
139.62280752730322
 20
214.71131205277942
 10
139.70314009507476
 20
214.71024402987837
 10
139.7834775053636
 20
214.70964183485438
 10
139.8638170567249
 20
214.70950536651668
 10
139.94415604936904
 20
214.7098346019365
 10
140.02449178307447
 20
214.71062959643223
 10
140.1048215551
 20
214.71189048360532
 10
140.1851426580926
 20
214.71361747542767
 10
140.26545237798743
 20
214.71581086237956
 10
140.3457479918962
 20
214.71847101363932
 10
140.42602676598017
 20
214.72159837732414
 10
140.50628595330454
 20
214.72519348078265
 10
140.58652279166984
 20
214.7292569309394
 10
140.66673450141695
 20
214.73378941469156
 10
140.74691828320175
 20
214.73879169935793
 10
140.82707131573522
 20
214.74426463318144
 10
140.90719075348522
 20
214.75020914588464
 10
140.9872737243354
 20
214.75662624927912
 10
141.06731732719726
 20
214.76351703792943
 10
141.14731862957066
 20
214.7708826898721
 10
141.22727466504824
 20
214.77872446738996
 10
141.30718243075904
 20
214.78704371784283
 10
141.38703888474623
 20
214.7958418745551
 10
141.46684094327384
 20
214.80512045776078
 10
141.54658547805732
 20
214.81488107560705
 10
141.62626931341202
 20
214.82512542521658
 10
141.70588922331382
 20
214.83585529380997
 10
141.78544192836614
 20
214.8470725598886
 10
141.8649240926664
 20
214.85877919447915
 10
141.94433232056554
 20
214.8709772624399
 10
142.02366315331358
 20
214.88366892383078
 10
142.10291306558386
 20
214.89685643534625
 10
142.18207846186766
 20
214.910542151814
 10
142.26115567273192
 20
214.92472852775796
 10
142.34014095093062
 20
214.93941811902778
 10
142.41903046736127
 20
214.9546135844954
 10
142.49782030685657
 20
214.97031768781835
 10
142.57650646380145
 20
214.98653329927146
 10
142.65508483756446
 20
215.00326339764632
 10
142.73355122773248
 20
215.02051107221973
 10
142.81190132913682
 20
215.03827952479088
 10
142.8901307266579
 20
215.05657207178712
 10
142.96823488979527
 20
215.07539214643805
 10
143.04620916698872
 20
215.09474330101847
 10
143.1240487796759
 20
215.11462920915778
 10
143.2017488160699
 20
215.13505366821641
 10
143.27930422464078
 20
215.15602060172722
 10
143.3567098072825
 20
215.17753406189962
 10
143.433960212147
 20
215.19959823218545
 10
143.51104992612514
 20
215.22221742990257
 10
143.5879732669533
 20
215.2453961089131
 10
143.66472437492337
 20
215.26913886235297
 10
143.74129720417227
 20
215.29345042540683
 10
143.8176855135257
 20
215.31833567812305
 10
143.89388285686968
 20
215.34379964826195
 10
143.96988257302138
 20
215.3698475141694
 10
144.0456777750696
 20
215.3964846076663
 10
144.121261339153
 20
215.4237164169432
 10
144.1966258926429
 20
215.45154858944773
 10
144.27176380169544
 20
215.47998693475057
 10
144.3466671581352
 20
215.50903742737353
 10
144.4213277656318
 20
215.53870620956064
 10
144.4957371251277
 20
215.5689995939711
 10
144.56988641947368
 20
215.59992406626947
 10
144.64376649722612
 20
215.63148628758518
 10
144.71736785555896
 20
215.6636930968092
 10
144.7906806222391
 20
215.69655151269274
 10
144.86369453661405
 20
215.73006873570625
 10
144.93639892955662
 20
215.76425214961324
 10
145.00878270231112
 20
215.79910932270604
 10
145.08083430418208
 20
215.83464800864544
 10
145.15254170900616
 20
215.87087614683662
 10
145.22389239034615
 20
215.9078018622679
 10
145.2948732953445
 20
215.945433464727
 10
145.36547081717478
 20
215.98377944730078
 10
145.43567076602787
 20
216.0228484840527
 10
145.50545833857234
 20
216.06264942675807
  0
LWPOLYLINE
  5
A7
330
17
100
AcDbEntity
  8
01-VISIBLE
100
AcDbPolyline
 90
110
 70
0
 10
144.1060250589354
 20
222.69549457598174
 10
144.03213638439004
 20
222.72624596651912
 10
143.95796303919164
 20
222.75630425225904
 10
143.88351565542942
 20
222.78567726858324
 10
143.80880444379514
 20
222.814372619761
 10
143.73383921597642
 20
222.84239768283032
 10
143.6586294057797
 20
222.86975961163262
 10
143.58318408906072
 20
222.8964653409597
 10
143.50751200253447
 20
222.9225215907759
 10
143.43162156153377
 20
222.947934870484
 10
143.35552087678124
 20
222.97271148320885
 10
143.27921777023496
 20
222.99685753007503
 10
143.20271979006623
 20
223.02037891445877
 10
143.12603422482206
 20
223.04328134619783
 10
143.049168116824
 20
223.0655703457454
 10
142.9721282748503
 20
223.0872512482551
 10
142.89492128614594
 20
223.10832920758855
 10
142.81755352780294
 20
223.1288092002365
 10
142.74003117754933
 20
223.1486960291469
 10
142.66236022398425
 20
223.16799432745466
 10
142.5845464762937
 20
223.1867085621089
 10
142.50659557347868
 20
223.20484303739403
 10
142.428512993127
 20
223.2224018983424
 10
142.3503040597565
 20
223.2393891340368
 10
142.27197395275707
 20
223.25580858080116
 10
142.193527713956
 20
223.2716639252796
 10
142.11497025483072
 20
223.28695870740273
 10
142.03630636339093
 20
223.30169632324163
 10
141.95754071075095
 20
223.31588002775072
 10
141.87867785741193
 20
223.3295129373986
 10
141.79972225927241
 20
223.3425980326894
 10
141.7206782733846
 20
223.35513816057477
 10
141.64155016347266
 20
223.3671360367578
 10
141.56234210522874
 20
223.37859424789065
 10
141.48305819140108
 20
223.38951525366645
 10
141.40370243668823
 20
223.39990138880802
 10
141.32427878245213
 20
223.4097548649534
 10
141.24479110126282
 20
223.41907777244114
 10
141.16524320128647
 20
223.42787208199564
 10
141.08563883052742
 20
223.43613964631447
 10
141.0059816809356
 20
223.44388220155946
 10
140.9262753923889
 20
223.45110136875184
 10
140.84652355656024
 20
223.45779865507387
 10
140.76672972067902
 20
223.46397545507767
 10
140.68689739119506
 20
223.46963305180208
 10
140.60703003735424
 20
223.47477261779972
 10
140.52713109469371
 20
223.4793952160743
 10
140.44720396846452
 20
223.48350180092962
 10
140.36725203698953
 20
223.48709321873105
 10
140.2872786549639
 20
223.4901702085803
 10
140.20728715670535
 20
223.4927334029045
 10
140.12728085936124
 20
223.49478332795928
 10
140.0472630660795
 20
223.49632040424814
 10
139.96723706915
 20
223.4973449468564
 10
139.88720615312315
 20
223.49785716570193
 10
139.80717359791203
 20
223.49785716570193
 10
139.72714268188517
 20
223.4973449468564
 10
139.64711668495568
 20
223.49632040424814
 10
139.56709889167394
 20
223.49478332795928
 10
139.48709259432982
 20
223.4927334029045
 10
139.40710109607124
 20
223.4901702085803
 10
139.32712771404564
 20
223.48709321873105
 10
139.24717578257065
 20
223.48350180092962
 10
139.16724865634146
 20
223.4793952160743
 10
139.08734971368094
 20
223.47477261779972
 10
139.0074823598401
 20
223.46963305180208
 10
138.92765003035615
 20
223.46397545507767
 10
138.84785619447493
 20
223.45779865507387
 10
138.76810435864627
 20
223.45110136875184
 10
138.68839807009957
 20
223.44388220155946
 10
138.60874092050776
 20
223.43613964631447
 10
138.5291365497487
 20
223.42787208199564
 10
138.44958864977232
 20
223.41907777244114
 10
138.37010096858305
 20
223.4097548649534
 10
138.29067731434694
 20
223.39990138880802
 10
138.2113215596341
 20
223.38951525366645
 10
138.13203764580643
 20
223.37859424789065
 10
138.0528295875625
 20
223.3671360367578
 10
137.97370147765056
 20
223.35513816057477
 10
137.89465749176276
 20
223.3425980326894
 10
137.81570189362324
 20
223.3295129373986
 10
137.73683904028422
 20
223.31588002775072
 10
137.65807338764424
 20
223.30169632324163
 10
137.57940949620445
 20
223.28695870740273
 10
137.50085203707917
 20
223.2716639252796
 10
137.4224057982781
 20
223.25580858080116
 10
137.34407569127868
 20
223.2393891340368
 10
137.26586675790819
 20
223.2224018983424
 10
137.1877841775565
 20
223.20484303739403
 10
137.10983327474148
 20
223.1867085621089
 10
137.03201952705092
 20
223.16799432745466
 10
136.95434857348585
 20
223.1486960291469
 10
136.87682622323223
 20
223.1288092002365
 10
136.79945846488923
 20
223.10832920758855
 10
136.72225147618488
 20
223.0872512482551
 10
136.64521163421117
 20
223.0655703457454
 10
136.5683455262131
 20
223.04328134619783
 10
136.49165996096895
 20
223.02037891445877
 10
136.4151619808002
 20
222.99685753007503
 10
136.33885887425393
 20
222.97271148320885
 10
136.26275818950137
 20
222.947934870484
 10
136.1868677485007
 20
222.9225215907759
 10
136.11119566197445
 20
222.8964653409597
 10
136.03575034525548
 20
222.86975961163262
 10
135.96054053505875
 20
222.84239768283032
 10
135.88557530724003
 20
222.814372619761
 10
135.81086409560575
 20
222.78567726858324
 10
135.73641671184353
 20
222.75630425225904
 10
135.66224336664513
 20
222.72624596651912
 10
135.58835469209978
 20
222.69549457598174
  0
LWPOLYLINE
  5
A8
330
17
100
AcDbEntity
  8
01-VISIBLE
100
AcDbPolyline
 90
48
 70
0
 10
144.95250083568445
 20
223.1139842477645
 10
145.02225999089
 20
223.1548177176408
 10
145.09151891194352
 20
223.19649397575876
 10
145.16025636640393
 20
223.23902475770495
 10
145.22845006025574
 20
223.28242200839514
 10
145.2960765764809
 20
223.32669786516095
 10
145.36311131050135
 20
223.37186463720224
 10
145.42952840248347
 20
223.41793478089465
 10
145.4953006665385
 20
223.4649208703824
 10
145.56039951690573
 20
223.51283556282124
 10
145.62479489127168
 20
223.56169155756817
 10
145.68845517145945
 20
223.61150154854113
 10
145.75134710182232
 20
223.66227816889574
 10
145.8134357057952
 20
223.71403392708834
 10
145.87468420120268
 20
223.76678113331656
 10
145.9350539150929
 20
223.82053181525362
 10
145.99450419906975
 20
223.87529762192474
 10
146.05299234633173
 20
223.93108971451454
 10
146.11047351190086
 20
223.9879186428562
 10
146.16690063783776
 20
224.0457942063353
 10
146.22222438559584
 20
224.10472529796112
 10
146.27639307806436
 20
224.1647197304199
 10
146.32935265428705
 20
224.22578404304863
 10
146.3810466403143
 20
224.287923288863
 10
146.4314161401428
 20
224.35114080106126
 10
146.4803998512024
 20
224.41543793882482
 10
146.5279341093456
 20
224.48081381276307
 10
146.57395296874748
 20
224.54726499102662
 10
146.61838832250064
 20
224.61478518795423
 10
146.66117006993676
 20
224.68336493813257
 10
146.70222633676846
 20
224.75299125994212
 10
146.74148375395626
 20
224.82364731402066
 10
146.77886780068974
 20
224.89531206357276
 10
146.814303215956
 20
224.96795994504214
 10
146.84771448178336
 20
225.04156055926182
 10
146.87902637933692
 20
225.11607839470918
 10
146.90816461657866
 20
225.19147259577744
 10
146.93505652319868
 20
225.2676967898841
 10
146.95963180504248
 20
225.34469898759045
 10
146.98182334642937
 20
225.42242156953574
 10
147.0015680447836
 20
225.50080137273886
 10
147.0188076581488
 20
225.57976988658498
 10
147.03348964275676
 20
225.6592535655543
 10
147.04556795522737
 20
225.7391742615269
 10
147.05500379253778
 20
225.8194497734848
 10
147.0617662429105
 20
225.89999450691238
 10
147.0658328224262
 20
225.98072022955785
 10
147.06718987551758
 20
226.06153690491357
  0
LWPOLYLINE
  5
A9
330
17
100
AcDbEntity
  8
01-VISIBLE
100
AcDbPolyline
 90
42
 70
0
 10
147.06718987551758
 20
226.06153690491357
 10
147.06584145085634
 20
226.1420962698965
 10
147.06180069864985
 20
226.222565547027
 10
147.0550811021031
 20
226.30285555021612
 10
147.0457048630437
 20
226.38287886936985
 10
147.0337025088846
 20
226.46255069123367
 10
147.01911236585636
 20
226.54178954418194
 10
147.0019799198288
 20
226.62051794866636
 10
146.9823570893267
 20
226.69866296020234
 10
146.96030143698619
 20
226.7761565972679
 10
146.9358753457382
 20
226.85293615187703
 10
146.9091451846308
 20
226.9289443854915
 10
146.88018048669736
 20
227.00412961707463
 10
146.84905315798056
 20
227.07844571329593
 10
146.8158367330766
 20
227.15185199310798
 10
146.78060568868855
 20
227.22431306016597
 10
146.7434348229363
 20
227.29579857695364
 10
146.7043987047573
 20
227.36628299415815
 10
146.6635711947812
 20
227.43574524797197
 10
146.62102503663237
 20
227.5041684367614
 10
146.57683151572502
 20
227.5715394870732
 10
146.5310601812382
 20
227.63784881739645
 10
146.4837786260413
 20
227.70309000654447
 10
146.4350523188166
 20
227.7672594720554
 10
146.38494448242236
 20
227.8303561626762
 10
146.33351601258778
 20
227.89238126782016
 10
146.28082543126044
 20
227.95333794588674
 10
146.22692886928658
 20
228.01323107250096
 10
146.17188007354235
 20
228.07206700905772
 10
146.11573043411425
 20
228.12985339143336
 10
146.05852902762066
 20
228.18659893832591
 10
146.0003226732513
 20
228.2423132783988
 10
145.94115599856315
 20
228.29700679520306
 10
145.88107151250114
 20
228.3506904887281
 10
145.8201096835023
 20
228.40337585236375
 10
145.75830902089362
 20
228.45507476403685
 10
145.69570615810372
 20
228.50579939029473
 10
145.6323359364792
 20
228.55556210214934
 10
145.56823148873187
 20
228.60437540154618
 10
145.50342432124282
 20
228.65225185739234
 10
145.43794439462079
 20
228.6992040501467
 10
145.3718202020551
 20
228.74524452405433
  0
LWPOLYLINE
  5
AA
330
17
100
AcDbEntity
  8
01-VISIBLE
100
AcDbPolyline
 90
42
 70
0
 10
134.32255954898008
 20
228.74524452405433
 10
134.25643535641439
 20
228.6992040501467
 10
134.19095542979233
 20
228.65225185739234
 10
134.12614826230327
 20
228.60437540154618
 10
134.06204381455595
 20
228.55556210214934
 10
133.99867359293145
 20
228.50579939029473
 10
133.93607073014155
 20
228.4550747640368
 10
133.87427006753288
 20
228.40337585236375
 10
133.813308238534
 20
228.3506904887281
 10
133.753223752472
 20
228.29700679520306
 10
133.69405707778387
 20
228.2423132783988
 10
133.6358507234145
 20
228.18659893832591
 10
133.57864931692092
 20
228.12985339143336
 10
133.52249967749282
 20
228.07206700905772
 10
133.4674508817486
 20
228.01323107250096
 10
133.41355431977473
 20
227.95333794588674
 10
133.3608637384474
 20
227.89238126782016
 10
133.30943526861282
 20
227.8303561626762
 10
133.25932743221858
 20
227.7672594720554
 10
133.21060112499384
 20
227.70309000654447
 10
133.16331956979695
 20
227.63784881739645
 10
133.11754823531015
 20
227.5715394870732
 10
133.07335471440277
 20
227.5041684367614
 10
133.03080855625396
 20
227.43574524797197
 10
132.98998104627788
 20
227.36628299415815
 10
132.95094492809886
 20
227.29579857695364
 10
132.9137740623466
 20
227.22431306016597
 10
132.87854301795858
 20
227.15185199310798
 10
132.8453265930546
 20
227.07844571329593
 10
132.81419926433782
 20
227.00412961707463
 10
132.78523456640437
 20
226.9289443854915
 10
132.75850440529697
 20
226.85293615187703
 10
132.734078314049
 20
226.7761565972679
 10
132.71202266170846
 20
226.69866296020234
 10
132.69239983120636
 20
226.62051794866636
 10
132.6752673851788
 20
226.54178954418194
 10
132.66067724215057
 20
226.46255069123367
 10
132.64867488799146
 20
226.38287886936985
 10
132.63929864893208
 20
226.30285555021612
 10
132.63257905238532
 20
226.222565547027
 10
132.62853830017883
 20
226.1420962698965
 10
132.6271898755176
 20
226.06153690491357
  0
LWPOLYLINE
  5
AB
330
17
100
AcDbEntity
  8
01-VISIBLE
100
AcDbPolyline
 90
181
 70
0
 10
132.6271898755176
 20
226.06153690491357
 10
132.6285214430542
 20
225.98148262716649
 10
132.63251173609999
 20
225.90151675554705
 10
132.63914760505773
 20
225.82172682223433
 10
132.64840739418128
 20
225.74219863786465
 10
132.66026132030947
 20
225.66301549506022
 10
132.6746719807364
 20
225.5842574448332
 10
132.69159496989843
 20
225.5060006634684
 10
132.71097958139455
 20
225.4283169225871
 10
132.7327695702468
 20
225.3512731698708
 10
132.7569039502153
 20
225.27493122278725
 10
132.78331780223732
 20
225.19934757297403
 10
132.81194307239562
 20
225.1245732949546
 10
132.84270934092504
 20
225.05065404976267
 10
132.8755445473115
 20
224.9776301718868
 10
132.91037566022368
 20
224.905536826699
 10
132.94712928459398
 20
224.83440422510222
 10
132.98573220144192
 20
224.7642578823863
 10
133.02611183888143
 20
224.695118909067
 10
133.06819667511226
 20
224.62700432263478
 10
133.11191657604164
 20
224.55992737051764
 10
133.1572030715433
 20
224.49389785604103
 10
133.20398957527777
 20
224.42892246064594
 10
133.25221155353745
 20
224.36500505703367
 10
133.30180664880646
 20
224.30214700919322
 10
133.3527147637088
 20
224.24034745640324
 10
133.40487811081834
 20
224.17960357927763
 10
133.4582412334787
 20
224.11991084673537
 10
133.5127510023722
 20
224.0612632434375
 10
133.56835659212481
 20
224.00365347775198
 10
133.62500944176594
 20
223.94707317070595
 10
133.6826632023963
 20
223.89151302667506
 10
133.74127367497567
 20
223.83696298676205
 10
133.8007987407257
 20
223.7834123659481
 10
133.8611982862654
 20
223.7308499751722
 10
133.92243412525536
 20
223.6792642295232
 10
133.9844699180237
 20
223.62864324372168
 10
134.0472710903824
 20
223.57897491603757
 10
134.11080475261147
 20
223.5302470017416
 10
134.1750396193914
 20
223.4824471771267
 10
134.23994593129578
 20
223.43556309506778
 10
134.30549537831368
 20
223.38958243301727
 10
134.37166102575276
 20
223.34449293426007
 10
134.43841724277465
 20
223.30028244318237
 10
134.5057396337332
 20
223.25693893523703
 10
134.57360497241964
 20
223.21445054222522
 10
134.6419911392645
 20
223.17280557345168
 10
134.71087706150377
 20
223.1319925332523
 10
134.78024265628264
 20
223.09200013534343
 10
134.85006877664352
 20
223.05281731439072
 10
134.9203371603253
 20
223.01443323515315
 10
134.99103038128564
 20
222.97683729951814
 10
135.06213180384808
 20
222.94001915170708
 10
135.13362553936707
 20
222.90396868189924
 10
135.20549640530152
 20
222.86867602849185
 10
135.2777298865837
 20
222.83413157918972
 10
135.3503120991707
 20
222.8003259710938
 10
135.42322975566654
 20
222.76725008993793
 10
135.49647013290465
 20
222.73489506860489
 10
135.5700210413841
 20
222.70325228503606
 10
135.64387079645527
 20
222.67231335963606
 10
135.71800819115555
 20
222.64207015225907
 10
135.79242247059918
 20
222.61251475885484
 10
135.86710330783
 20
222.58363950784002
 10
135.94204078104985
 20
222.55543695625374
 10
136.01722535213997
 20
222.52789988574722
 10
136.09264784639763
 20
222.50102129845186
 10
136.16829943341313
 20
222.47479441276312
 10
136.24417160901814
 20
222.4492126590726
 10
136.32025617823882
 20
222.42426967547703
 10
136.39654523919208
 20
222.39995930348738
 10
136.47303116786642
 20
222.37627558375954
 10
136.54970660373257
 20
222.35321275186288
 10
136.6265644361324
 20
222.33076523410227
 10
136.7035977913975
 20
222.30892764340598
 10
136.7808000206523
 20
222.28769477528937
 10
136.85816468825897
 20
222.2670616039032
 10
136.93568556086385
 20
222.24702327817369
 10
137.0133565970086
 20
222.22757511804025
 10
137.09117193727008
 20
222.2087126107947
 10
137.1691258948965
 20
222.19043140752655
 10
137.24721294690866
 20
222.17272731967626
 10
137.32542772563752
 20
222.15559631569857
 10
137.40376501067024
 20
222.13903451783779
 10
137.48221972117994
 20
222.12303819901507
 10
137.56078690861426
 20
222.10760377982848
 10
137.63946174972108
 20
222.09272782566546
 10
137.71823953988917
 20
222.07840704392788
 10
137.79711568678468
 20
222.06463828136845
 10
137.87608570426426
 20
222.0514185215377
 10
137.95514520654697
 20
222.038744882341
 10
138.03428990262893
 20
222.026614613704
 10
138.113515590924
 20
222.0150250953448
 10
138.19281815411688
 20
222.00397383465292
 10
138.27219355421317
 20
221.9934584646719
 10
138.35163782777454
 20
221.98347674218542
 10
138.43114708132524
 20
221.97402654590462
 10
138.51071748691874
 20
221.96510587475603
 10
138.590345277853
 20
221.9567128462674
 10
138.67002674452334
 20
221.9488456950516
 10
138.74975823040296
 20
221.94150277138584
 10
138.82953612814114
 20
221.9346825398856
 10
138.9093568757698
 20
221.92838357827202
 10
138.98921695300942
 20
221.92260457623092
 10
139.06911287766573
 20
221.91734433436324
 10
139.1490412021089
 20
221.91260176322487
 10
139.22899850982694
 20
221.90837588245586
 10
139.30898141204636
 20
221.90466581999692
 10
139.3889865444115
 20
221.9014708113936
 10
139.46901056371604
 20
221.89879019918646
 10
139.54905014467957
 20
221.89662343238717
 10
139.6291019767618
 20
221.8949700660395
 10
139.70916276100786
 20
221.893829760865
 10
139.7892292069182
 20
221.8932022829934
 10
139.8692980293361
 20
221.89308750377592
 10
139.9493659453465
 20
221.8934853996834
 10
140.0294296711794
 20
221.89439605228745
 10
140.10948591911162
 20
221.8958196483252
 10
140.18953139436024
 20
221.89775647984806
 10
140.26956279196102
 20
221.900206944454
 10
140.3495767936257
 20
221.90317154560415
 10
140.4295700645709
 20
221.90665089302354
 10
140.50953925031246
 20
221.91064570318719
 10
140.5894809734178
 20
221.91515679989112
 10
140.66939183020975
 20
221.92018511490988
 10
140.74926838741425
 20
221.92573168874048
 10
140.8291071787448
 20
221.93179767143397
 10
140.90890470141593
 20
221.93838432351555
 10
140.9886574125778
 20
221.94549301699408
 10
141.06836172566372
 20
221.95312523646186
 10
141.14801400664246
 20
221.9612825802859
 10
141.2276105701659
 20
221.9699667618924
 10
141.3071476756036
 20
221.97917961114456
 10
141.386621522954
 20
221.988923075816
 10
141.46602824862254
 20
221.99919922316093
 10
141.54536392105632
 20
222.01001024158205
 10
141.62462453622368
 20
222.02135844239814
 10
141.70380601292766
 20
222.0332462617123
 10
141.7829041879404
 20
222.04567626238287
 10
141.86191481094633
 20
222.05865113609786
 10
141.94083353927957
 20
222.07217370555503
 10
142.0196559324418
 20
222.08624692674795
 10
142.09837744638475
 20
222.1008738913609
 10
142.1769934275414
 20
222.116057829272
 10
142.2554991065885
 20
222.13180211116736
 10
142.33388959192226
 20
222.1481102512662
 10
142.41215986282742
 20
222.16498591015767
 10
142.49030476231962
 20
222.18243289775052
 10
142.56831898963858
 20
222.2004551763353
 10
142.64619709236916
 20
222.21905686375908
 10
142.723933458165
 20
222.23824223671193
 10
142.80152230604855
 20
222.2580157341249
 10
142.87895767725945
 20
222.27838196067626
 10
142.95623342562018
 20
222.29934569040552
 10
143.03334320738855
 20
222.32091187043034
 10
143.11028047056118
 20
222.343085624764
 10
143.18703844359274
 20
222.36587225822615
 10
143.26361012349145
 20
222.38927726044244
 10
143.3399882632496
 20
222.41330630992388
 10
143.41616535856508
 20
222.43796527821678
 10
143.4921336338066
 20
222.46326023411177
 10
143.56788502717265
 20
222.48919744789805
 10
143.64341117499094
 20
222.5157833956472
 10
143.7187033951012
 20
222.54302476350676
 10
143.79375266926132
 20
222.57092845198173
 10
143.8685496245126
 20
222.59950158017745
 10
143.94308451343582
 20
222.62875148997364
 10
144.01734719322602
 20
222.65868575009438
 10
144.09132710351017
 20
222.6893121600324
 10
144.1650132428262
 20
222.72063875378097
 10
144.23839414367893
 20
222.75267380331906
 10
144.31145784608321
 20
222.78542582178562
 10
144.38419186950074
 20
222.81890356627287
 10
144.45658318307198
 20
222.85311604015408
 10
144.52861817404198
 20
222.8880724948524
 10
144.60028261427357
 20
222.92378243094208
 10
144.67156162473995
 20
222.9602555984584
 10
144.7424396378846
 20
222.99750199627618
 10
144.8129003577368
 20
223.03553187039597
 10
144.8829267176689
 20
223.07435571095607
 10
144.95250083568445
 20
223.1139842477645
  0
LWPOLYLINE
  5
AC
330
17
100
AcDbEntity
  8
01-VISIBLE
100
AcDbPolyline
 90
58
 70
0
 10
146.0697295499592
 20
222.4689519488316
 10
146.13988127647633
 20
222.50991591667457
 10
146.20962148629965
 20
222.55157660133364
 10
146.27893585695122
 20
222.59394198286208
 10
146.34780947965578
 20
222.63702016225267
 10
146.41622683143666
 20
222.68081935426602
 10
146.4841717460188
 20
222.72534787896205
 10
146.5516273835295
 20
222.77061415178576
 10
146.61857619899638
 20
222.81662667204097
 10
146.68499990965347
 20
222.86339400957206
 10
146.7508794610801
 20
222.91092478945643
 10
146.81619499221304
 20
222.95922767449224
 10
146.8809257992926
 20
223.00831134524742
 10
146.94505029882563
 20
223.05818447741763
 10
147.00854598967592
 20
223.1088557162193
 10
147.0713894144241
 20
223.16033364752406
 10
147.13355612017537
 20
223.21262676542096
 10
147.19502061903685
 20
223.26574343587282
 10
147.25575634853405
 20
223.31969185611302
 10
147.31573563229267
 20
223.3744800094139
 10
147.3749296413751
 20
223.4301156148419
 10
147.43330835673166
 20
223.48660607160417
 10
147.49084053330827
 20
223.54395839758712
 10
147.54749366643938
 20
223.6021791616863
 10
147.60323396125472
 20
223.66127440953926
 10
147.6580263059339
 20
223.7212495822912
 10
147.71183424975922
 20
223.7821094280597
 10
147.76461998703945
 20
223.84385790581211
 10
147.81634434810516
 20
223.90649808143985
 10
147.8669667987095
 20
223.97003201590513
 10
147.9164454492985
 20
224.034460645453
 10
147.96473707574427
 20
224.09978365402702
 10
148.01179715325182
 20
224.16599933820862
 10
148.05757990525106
 20
224.23310446521253
 10
148.10203836916276
 20
224.3010941247241
 10
148.14512448096764
 20
224.3699615756545
 10
148.1867891805029
 20
224.4396980892182
 10
148.2269825393474
 20
224.51029279010078
 10
148.26565391302083
 20
224.58173249787592
 10
148.30275211900158
 20
224.65400157124606
 10
148.3382256417495
 20
224.72708175810016
 10
148.3720228654915
 20
224.80095205479404
 10
148.40409233498374
 20
224.87558857844203
 10
148.4343830437983
 20
224.95096445633385
 10
148.4628447489007
 20
225.02704973683626
 10
148.4894283093958
 20
225.10381132626418
 10
148.51408604634628
 20
225.1812129561926
 10
148.53677211953806
 20
225.25921518548427
 10
148.5574429160271
 20
225.3377754409181
 10
148.57605744429557
 20
225.41684809969155
 10
148.59257772694073
 20
225.49638461623954
 10
148.60696918407274
 20
225.57633369476713
 10
148.6192009990768
 20
225.6566415076593
 10
148.6292464581577
 20
225.73725195855326
 10
148.63708325517626
 20
225.81810698739275
 10
148.6426937537428
 20
225.89914691330358
 10
148.64606519935174
 20
225.98031080971776
 10
148.6471898755176
 20
226.06153690491357
  0
LWPOLYLINE
  5
AD
330
17
100
AcDbEntity
  8
01-VISIBLE
100
AcDbPolyline
 90
51
 70
0
 10
148.6471898755176
 20
226.06153690491357
 10
148.64605741948216
 20
226.14304343587202
 10
148.6426626700912
 20
226.2244871221739
 10
148.63701345063944
 20
226.3058055536265
 10
148.62912269143848
 20
226.38693717978106
 10
148.6190082704589
 20
226.46782171723515
 10
148.60669279686198
 20
226.5484005309113
 10
148.5922033436261
 20
226.6286169823279
 10
148.57557113667238
 20
226.70841673917488
 10
148.55683120873502
 20
226.78774804195996
 10
148.53602202667759
 20
226.86656192501505
 10
148.51318510104514
 20
226.94481239065465
 10
148.48836458638755
 20
227.02245653669377
 10
148.46160688034658
 20
227.09945463879444
 10
148.43296022872585
 20
227.17577019017756
 10
148.402474342825
 20
227.25136990208148
 10
148.3702000342859
 20
227.3262236689692
 10
148.33618887162623
 20
227.4003045028765
 10
148.30049286158112
 20
227.47358844148596
 10
148.2631641573757
 20
227.54605443451737
 10
148.22425479514433
 20
227.61768421288912
 10
148.18381645891466
 20
227.688462144847
 10
148.14190027389895
 20
227.75837508291642
 10
148.09855662728293
 20
227.82741220514117
 10
148.05383501527075
 20
227.89556485364335
 10
148.00778391482464
 20
227.9628263731102
 10
147.96045067831815
 20
228.02919195138725
 10
147.91188144918854
 20
228.09465846395858
 10
147.862121096615
 20
228.15922432372173
 10
147.8112131672478
 20
228.2228893371327
 10
147.75919985206
 20
228.2856545675005
 10
147.70612196647448
 20
228.3475222059547
 10
147.6520189420249
 20
228.4084954503934
 10
147.59692882793223
 20
228.46857839253744
 10
147.5408883011096
 20
228.52777591306904
 10
147.48393268324537
 20
228.58609358471688
 10
147.42609596374845
 20
228.6435375830556
 10
147.36741082747204
 20
228.7001146047224
 10
147.30790868625706
 20
228.75583179270137
 10
147.2476197134539
 20
228.81069666829472
 10
147.18657288069065
 20
228.86471706938016
 10
147.1247959962541
 20
228.9179010945445
 10
147.06231574454202
 20
228.97025705268385
 10
146.99915772612414
 20
229.02179341766663
 10
146.93534649802353
 20
229.07251878766795
 10
146.87090561389292
 20
229.12244184879853
 10
146.8058576638165
 20
229.1715713426699
 10
146.74022431351864
 20
229.2199160375559
 10
146.6740263428012
 20
229.2674847028337
 10
146.60728368307088
 20
229.314286086405
 10
146.54001545384685
 20
229.3603288948225
  0
LWPOLYLINE
  5
AE
330
17
100
AcDbEntity
  8
01-VISIBLE
100
AcDbPolyline
 90
51
 70
0
 10
133.15436429718832
 20
229.3603288948225
 10
133.0870960679643
 20
229.314286086405
 10
133.02035340823397
 20
229.2674847028337
 10
132.95415543751656
 20
229.2199160375559
 10
132.88852208721866
 20
229.1715713426699
 10
132.82347413714226
 20
229.1224418487986
 10
132.75903325301164
 20
229.07251878766795
 10
132.69522202491106
 20
229.02179341766663
 10
132.63206400649315
 20
228.97025705268385
 10
132.56958375478106
 20
228.9179010945445
 10
132.50780687034452
 20
228.86471706938016
 10
132.44676003758127
 20
228.81069666829472
 10
132.3864710647781
 20
228.75583179270137
 10
132.32696892356313
 20
228.7001146047224
 10
132.26828378728672
 20
228.6435375830556
 10
132.21044706778983
 20
228.58609358471688
 10
132.15349144992558
 20
228.52777591306904
 10
132.09745092310294
 20
228.46857839253744
 10
132.04236080901026
 20
228.4084954503934
 10
131.98825778456072
 20
228.3475222059547
 10
131.93517989897518
 20
228.2856545675005
 10
131.88316658378739
 20
228.22288933713276
 10
131.8322586544202
 20
228.15922432372173
 10
131.78249830184666
 20
228.09465846395858
 10
131.73392907271702
 20
228.02919195138725
 10
131.68659583621053
 20
227.9628263731102
 10
131.64054473576445
 20
227.89556485364335
 10
131.59582312375227
 20
227.82741220514117
 10
131.55247947713622
 20
227.75837508291642
 10
131.5105632921205
 20
227.688462144847
 10
131.47012495589084
 20
227.61768421288917
 10
131.4312155936595
 20
227.54605443451737
 10
131.39388688945405
 20
227.47358844148596
 10
131.35819087940894
 20
227.40030450287657
 10
131.32417971674928
 20
227.3262236689692
 10
131.29190540821017
 20
227.25136990208148
 10
131.26141952230935
 20
227.17577019017756
 10
131.2327728706886
 20
227.09945463879444
 10
131.20601516464762
 20
227.02245653669377
 10
131.18119464999003
 20
226.94481239065465
 10
131.1583577243576
 20
226.86656192501505
 10
131.13754854230018
 20
226.78774804195996
 10
131.1188086143628
 20
226.70841673917494
 10
131.10217640740908
 20
226.6286169823279
 10
131.0876869541732
 20
226.5484005309113
 10
131.07537148057628
 20
226.46782171723515
 10
131.0652570595967
 20
226.38693717978106
 10
131.05736630039573
 20
226.3058055536265
 10
131.05171708094397
 20
226.2244871221739
 10
131.048322331553
 20
226.14304343587202
 10
131.04718987551757
 20
226.06153690491357
  0
LWPOLYLINE
  5
AF
330
17
100
AcDbEntity
  8
01-VISIBLE
100
AcDbPolyline
 90
220
 70
0
 10
131.04718987551757
 20
226.06153690491357
 10
131.04828636486047
 20
225.98133505508935
 10
131.05157337773915
 20
225.90119308265673
 10
131.05704357852986
 20
225.82117046413833
 10
131.06468483974191
 20
225.74132588252627
 10
131.07448038683967
 20
225.6617168506973
 10
131.0864089951521
 20
225.58239935812674
 10
131.1004452333952
 20
225.5034275471997
 10
131.11655974725608
 20
225.4248534242911
 10
131.134719575725
 20
225.34672660951304
 10
131.15488849242593
 20
225.2690941276939
 10
131.17702736408583
 20
225.19200024182544
 10
131.2010945184683
 20
225.11548632895568
 10
131.22704611454333
 20
225.03959079737547
 10
131.25483650831566
 20
224.96434904297837
 10
131.28441860853783
 20
224.8897934418942
 10
131.31574421743167
 20
224.81595337591642
 10
131.34876435248145
 20
224.74285528685607
 10
131.38342954629684
 20
224.67052275575128
 10
131.4196901224352
 20
224.59897660281814
 10
131.45749644589378
 20
224.52823500412046
 10
131.4967991477098
 20
224.4583136211358
 10
131.5375493237326
 20
224.38922573967642
 10
131.5796987081501
 20
224.3209824149593
 10
131.62319982276338
 20
224.25359261998665
 10
131.66800610331842
 20
224.18706339477853
 10
131.71407200442417
 20
224.12139999437517
 10
131.76135308473192
 20
224.05660603388776
 10
131.809806074125
 20
223.99268362921453
 10
131.85938892468806
 20
223.92963353234347
 10
131.9100608472013
 20
223.8674552604391
 10
131.9617823348439
 20
223.80614721814942
 10
132.01451517570845
 20
223.74570681277459
 10
132.0682224556251
 20
223.68613056211302
 10
132.12286855268107
 20
223.6274141949437
 10
132.17841912470436
 20
223.56955274421807
 10
132.2348410908588
 20
223.51254063312973
 10
132.29210260838195
 20
223.45637175429675
 10
132.35017304538266
 20
223.40103954234684
 10
132.40902295050813
 20
223.34653704023003
 10
132.46862402019093
 20
223.29285695960823
 10
132.52894906409284
 20
223.2399917356846
 10
132.58997196927925
 20
223.18793357683842
 10
132.65166766358078
 20
223.13667450943103
 10
132.7140120785309
 20
223.0862064181398
 10
132.77698211220678
 20
223.03652108216602
 10
132.8405555922474
 20
222.9876102076471
 10
132.9047112392745
 20
222.9394654565902
 10
132.96942863090172
 20
222.89207847262264
 10
133.03468816647975
 20
222.84544090384043
 10
133.1004710326954
 20
222.79954442301403
 10
133.1667591701148
 20
222.75438074539568
 10
133.23353524073872
 20
222.70994164435143
 10
133.3007825966173
 20
222.6662189650263
 10
133.36848524955687
 20
222.62320463623274
 10
133.43662784193577
 20
222.5808906807382
 10
133.5051956186357
 20
222.53926922411108
 10
133.57417440008544
 20
222.49833250227312
 10
133.64355055640578
 20
222.45807286788988
 10
133.71331098263803
 20
222.4184827957223
 10
133.78344307503414
 20
222.37955488704938
 10
133.85393470838167
 20
222.34128187326144
 10
133.9247742143346
 20
222.3036566187161
 10
133.99595036071793
 20
222.2666721229375
 10
134.06745233177338
 20
222.23032152223436
 10
134.13926970931158
 20
222.19459809080325
 10
134.2113924547363
 20
222.15949524137744
 10
134.28381089190574
 20
222.12500652547595
 10
134.35651569079548
 20
222.09112563330177
 10
134.42949785192974
 20
222.05784639333336
 10
134.50274869154606
 20
222.0251627716487
 10
134.57625982746086
 20
221.9930688710179
 10
134.65002316560341
 20
221.9615589297955
 10
134.7240308871868
 20
221.9306273206418
 10
134.79827543648605
 20
221.90026854909792
 10
134.87274950919354
 20
221.87047725203797
 10
134.9474460413242
 20
221.8412481960184
 10
135.02235819864322
 20
221.81257627554277
 10
135.09747936659014
 20
221.78445651125776
 10
135.1728031406752
 20
221.75688404809574
 10
135.2483233173236
 20
221.7298541533752
 10
135.3240338851456
 20
221.7033622148718
 10
135.39992901661043
 20
221.67740373886915
 10
135.47600306010384
 20
221.6519743481984
 10
135.55225053234972
 20
221.62706978027472
 10
135.62866611117678
 20
221.60268588513685
 10
135.7052446286133
 20
221.57881862349672
 10
135.78198106429235
 20
221.55546406480335
 10
135.85887053915235
 20
221.53261838532654
 10
135.935908309417
 20
221.51027786626355
 10
136.0130897608407
 20
221.4884388918727
 10
136.09041040320594
 20
221.46709794763717
 10
136.167865865059
 20
221.44625161846005
 10
136.24545188867242
 20
221.42589658689508
 10
136.32316432522208
 20
221.40602963141248
 10
136.40099913016823
 20
221.38664762470353
 10
136.47895235882936
 20
221.36774753202326
 10
136.55702016213985
 20
221.3493264095738
 10
136.63519878258086
 20
221.33138140292795
 10
136.71348455027652
 20
221.3139097454947
 10
136.79187387924625
 20
221.29690875702596
 10
136.87036326380525
 20
221.280375842166
 10
136.94894927510575
 20
221.26430848904243
 10
137.02762855781134
 20
221.2487042679005
 10
137.10639782689788
 20
221.23356082977875
 10
137.18525386457392
 20
221.2188759052275
 10
137.26419351731488
 20
221.20464730306924
 10
137.34321369300457
 20
221.1908729092005
 10
137.42231135817877
 20
221.17755068543573
 10
137.50148353536525
 20
221.16467866839196
 10
137.5807273005152
 20
221.15225496841435
 10
137.6600397805209
 20
221.1402777685422
 10
137.73941815081557
 20
221.1287453235151
 10
137.81885963305024
 20
221.11765595881826
 10
137.89836149284378
 20
221.1070080697674
 10
137.9779210376021
 20
221.09680012063194
 10
138.05753561440218
 20
221.08703064379677
 10
138.13720260793778
 20
221.07769823896155
 10
138.2169194385228
 20
221.06880157237754
 10
138.2966835601491
 20
221.06033937612102
 10
138.37649245859538
 20
221.05231044740344
 10
138.4563436495842
 20
221.0447136479176
 10
138.5362346769836
 20
221.03754790321926
 10
138.61616311105107
 20
221.03081220214403
 10
138.6961265467163
 20
221.02450559625936
 10
138.7761226019007
 20
221.01862719935048
 10
138.85614891587053
 20
221.0131761869411
 10
138.9362031476212
 20
221.00815179584737
 10
139.0162829742905
 20
221.0035533237654
 10
139.09638608959804
 20
220.99938012889248
 10
139.1765102023087
 20
220.99563162958043
 10
139.25665303471766
 20
220.99230730402223
 10
139.33681232115515
 20
220.9894066899709
 10
139.4169858065081
 20
220.98692938449034
 10
139.49717124475717
 20
220.98487504373878
 10
139.57736639752653
 20
220.98324338278348
 10
139.65756903264472
 20
220.9820341754479
 10
139.73777692271415
 20
220.9812472541896
 10
139.8179878436876
 20
220.9808825100107
 10
139.89819957344923
 20
220.98093989239896
 10
139.9784098903984
 20
220.98141940930077
 10
140.0586165720345
 20
220.98232112712532
 10
140.13881739354
 20
220.98364517078045
 10
140.21901012636056
 20
220.98539172373972
 10
140.29919253677986
 20
220.98756102814093
 10
140.37936238448694
 20
220.99015338491637
 10
140.4595174211341
 20
220.99316915395474
 10
140.5396553888837
 20
220.99660875429458
 10
140.61977401894086
 20
221.00047266435013
 10
140.69987103007114
 20
221.0047614221687
 10
140.77994412709978
 20
221.00947562572082
 10
140.85999099939133
 20
221.01461593322267
 10
140.94000931930668
 20
221.02018306349106
 10
141.01999674063566
 20
221.0261777963318
 10
141.0999508970026
 20
221.03260097296112
 10
141.17986940024244
 20
221.0394534964605
 10
141.25974983874497
 20
221.04673633226577
 10
141.33958977576464
 20
221.05445050868997
 10
141.419386747693
 20
221.06259711748123
 10
141.49913826229138
 20
221.07117731441525
 10
141.5788417968809
 20
221.08019231992319
 10
141.65849479648642
 20
221.08964341975542
 10
141.7380946719321
 20
221.0995319656813
 10
141.81763879788448
 20
221.10985937622553
 10
141.89712451084083
 20
221.12062713744155
 10
141.97654910705816
 20
221.13183680372242
 10
142.05590984042024
 20
221.1434899986495
 10
142.1352039202381
 20
221.15558841587972
 10
142.21442850898086
 20
221.16813382007103
 10
142.29358071993198
 20
221.18112804784823
 10
142.37265761476712
 20
221.1945730088072
 10
142.45165620104896
 20
221.20847068656002
 10
142.53057342963425
 20
221.22282313982078
 10
142.60940619198803
 20
221.23763250353136
 10
142.68815131740016
 20
221.25290099002962
 10
142.76680557009811
 20
221.26863089025818
 10
142.8453656462508
 20
221.28482457501593
 10
142.9238281708573
 20
221.3014844962508
 10
143.00218969451376
 20
221.31861318839532
 10
143.08044669005253
 20
221.33621326974446
 10
143.15859554904563
 20
221.3542874438756
 10
143.23663257816585
 20
221.37283850111095
 10
143.3145539953975
 20
221.39186932002173
 10
143.3923559260883
 20
221.41138286897456
 10
143.47003439883434
 20
221.43138220771846
 10
143.54758534118852
 20
221.45187048901312
 10
143.62500457518306
 20
221.47285096029606
 10
143.70228781265618
 20
221.49432696538923
 10
143.77943065037186
 20
221.5163019462426
 10
143.85642856492197
 20
221.5387794447136
 10
143.9332769073983
 20
221.56176310438036
 10
144.00997089782277
 20
221.58525667238655
 10
144.08650561932208
 20
221.60926400131586
 10
144.1628760120332
 20
221.63378905109118
 10
144.239076866725
 20
221.6588358908972
 10
144.3151028181208
 20
221.68440870112067
 10
144.39094833790563
 20
221.7105117753042
 10
144.4666077274008
 20
221.73714952210804
 10
144.54207510988846
 20
221.76432646727358
 10
144.61734442256684
 20
221.79204725558134
 10
144.6924094081164
 20
221.82031665279578
 10
144.76726360585639
 20
221.84913954758724
 10
144.84190034246956
 20
221.87852095342112
 10
144.9163127222725
 20
221.90846601040244
 10
144.99049361700727
 20
221.938979987062
 10
145.0644356551298
 20
221.97006828207088
 10
145.13813121056813
 20
222.0017364258648
 10
145.21157239092375
 20
222.03399008216053
 10
145.28475102508767
 20
222.06683504934347
 10
145.3576586502412
 20
222.10027726170262
 10
145.43028649821136
 20
222.13432279048652
 10
145.50262548114907
 20
222.16897784475123
 10
145.5746661764978
 20
222.20424877196706
 10
145.64639881121923
 20
222.24014205834783
 10
145.71781324524184
 20
222.27666432886178
 10
145.788898954098
 20
222.3138223468789
 10
145.85964501071453
 20
222.35162301340415
 10
145.930040066322
 20
222.3900733658404
 10
146.00007233044775
 20
222.42918057621944
 10
146.0697295499592
 20
222.4689519488316
  0
LWPOLYLINE
  5
B0
330
17
100
AcDbEntity
  8
01-VISIBLE
100
AcDbPolyline
 90
58
 70
0
 10
146.0697295499592
 20
216.42687724996642
 10
146.13988127647633
 20
216.4678412178094
 10
146.20962148629965
 20
216.50950190246846
 10
146.27893585695122
 20
216.5518672839969
 10
146.34780947965578
 20
216.5949454633875
 10
146.41622683143666
 20
216.63874465540084
 10
146.4841717460188
 20
216.68327318009688
 10
146.5516273835295
 20
216.7285394529206
 10
146.61857619899638
 20
216.7745519731758
 10
146.68499990965347
 20
216.82131931070688
 10
146.7508794610801
 20
216.86885009059125
 10
146.81619499221304
 20
216.91715297562706
 10
146.8809257992926
 20
216.96623664638224
 10
146.94505029882563
 20
217.01610977855245
 10
147.00854598967592
 20
217.06678101735417
 10
147.0713894144241
 20
217.11825894865888
 10
147.13355612017537
 20
217.17055206655579
 10
147.19502061903685
 20
217.22366873700764
 10
147.25575634853405
 20
217.27761715724785
 10
147.31573563229267
 20
217.33240531054878
 10
147.3749296413751
 20
217.38804091597672
 10
147.43330835673166
 20
217.444531372739
 10
147.49084053330827
 20
217.50188369872194
 10
147.54749366643938
 20
217.5601044628212
 10
147.60323396125472
 20
217.61919971067408
 10
147.6580263059339
 20
217.67917488342601
 10
147.71183424975922
 20
217.74003472919452
 10
147.76461998703945
 20
217.80178320694694
 10
147.81634434810516
 20
217.86442338257467
 10
147.8669667987095
 20
217.92795731703995
 10
147.9164454492985
 20
217.99238594658783
 10
147.96473707574427
 20
218.05770895516184
 10
148.01179715325182
 20
218.12392463934344
 10
148.05757990525106
 20
218.19102976634736
 10
148.10203836916276
 20
218.25901942585892
 10
148.14512448096764
 20
218.3278868767893
 10
148.1867891805029
 20
218.39762339035303
 10
148.2269825393474
 20
218.4682180912356
 10
148.26565391302083
 20
218.53965779901074
 10
148.30275211900158
 20
218.61192687238088
 10
148.3382256417495
 20
218.68500705923498
 10
148.3720228654915
 20
218.75887735592892
 10
148.40409233498374
 20
218.83351387957686
 10
148.4343830437983
 20
218.90888975746867
 10
148.4628447489007
 20
218.98497503797108
 10
148.4894283093958
 20
219.061736627399
 10
148.51408604634628
 20
219.13913825732743
 10
148.53677211953806
 20
219.2171404866191
 10
148.5574429160271
 20
219.29570074205293
 10
148.57605744429557
 20
219.37477340082637
 10
148.59257772694073
 20
219.45430991737436
 10
148.60696918407274
 20
219.53425899590195
 10
148.6192009990768
 20
219.6145668087941
 10
148.6292464581577
 20
219.69517725968808
 10
148.63708325517626
 20
219.77603228852757
 10
148.6426937537428
 20
219.8570722144384
 10
148.64606519935174
 20
219.93823611085259
 10
148.6471898755176
 20
220.0194622060484
  0
LWPOLYLINE
  5
B1
330
17
100
AcDbEntity
  8
01-VISIBLE
100
AcDbPolyline
 90
220
 70
0
 10
131.04718987551757
 20
220.0194622060484
 10
131.04828636486047
 20
219.93926035622417
 10
131.05157337773915
 20
219.85911838379155
 10
131.05704357852986
 20
219.77909576527315
 10
131.06468483974191
 20
219.6992511836611
 10
131.07448038683967
 20
219.61964215183218
 10
131.0864089951521
 20
219.54032465926156
 10
131.1004452333952
 20
219.4613528483345
 10
131.11655974725608
 20
219.38277872542596
 10
131.134719575725
 20
219.30465191064786
 10
131.15488849242593
 20
219.22701942882873
 10
131.17702736408583
 20
219.14992554296032
 10
131.2010945184683
 20
219.0734116300905
 10
131.22704611454333
 20
218.99751609851035
 10
131.25483650831566
 20
218.9222743441132
 10
131.28441860853783
 20
218.84771874302902
 10
131.31574421743167
 20
218.77387867705124
 10
131.34876435248145
 20
218.70078058799095
 10
131.38342954629684
 20
218.6284480568861
 10
131.4196901224352
 20
218.55690190395296
 10
131.45749644589378
 20
218.48616030525528
 10
131.4967991477098
 20
218.41623892227062
 10
131.5375493237326
 20
218.34715104081124
 10
131.5796987081501
 20
218.27890771609412
 10
131.62319982276338
 20
218.21151792112147
 10
131.66800610331842
 20
218.1449886959134
 10
131.71407200442417
 20
218.07932529551
 10
131.76135308473192
 20
218.01453133502258
 10
131.809806074125
 20
217.9506089303494
 10
131.85938892468806
 20
217.88755883347835
 10
131.9100608472013
 20
217.82538056157398
 10
131.9617823348439
 20
217.76407251928424
 10
132.01451517570845
 20
217.7036321139094
 10
132.0682224556251
 20
217.6440558632479
 10
132.12286855268107
 20
217.58533949607852
 10
132.17841912470436
 20
217.52747804535295
 10
132.2348410908588
 20
217.47046593426455
 10
132.29210260838195
 20
217.41429705543158
 10
132.35017304538266
 20
217.35896484348166
 10
132.40902295050813
 20
217.30446234136485
 10
132.46862402019093
 20
217.2507822607431
 10
132.52894906409284
 20
217.1979170368195
 10
132.58997196927925
 20
217.14585887797324
 10
132.65166766358078
 20
217.09459981056585
 10
132.7140120785309
 20
217.04413171927467
 10
132.77698211220678
 20
216.99444638330084
 10
132.8405555922474
 20
216.94553550878192
 10
132.9047112392745
 20
216.89739075772502
 10
132.96942863090172
 20
216.85000377375746
 10
133.03468816647975
 20
216.80336620497525
 10
133.1004710326954
 20
216.75746972414885
 10
133.1667591701148
 20
216.7123060465305
 10
133.23353524073872
 20
216.66786694548625
 10
133.3007825966173
 20
216.62414426616112
 10
133.36848524955687
 20
216.58112993736756
 10
133.43662784193577
 20
216.53881598187303
 10
133.5051956186357
 20
216.4971945252459
 10
133.57417440008544
 20
216.45625780340794
 10
133.64355055640578
 20
216.4159981690247
 10
133.71331098263803
 20
216.37640809685712
 10
133.78344307503414
 20
216.3374801881842
 10
133.85393470838167
 20
216.29920717439626
 10
133.9247742143346
 20
216.26158191985093
 10
133.99595036071793
 20
216.22459742407233
 10
134.06745233177338
 20
216.18824682336918
 10
134.13926970931158
 20
216.15252339193808
 10
134.2113924547363
 20
216.11742054251226
 10
134.28381089190574
 20
216.08293182661077
 10
134.35651569079548
 20
216.0490509344366
 10
134.42949785192974
 20
216.01577169446819
 10
134.50274869154606
 20
215.98308807278352
 10
134.57625982746086
 20
215.95099417215272
 10
134.65002316560341
 20
215.91948423093032
 10
134.7240308871868
 20
215.88855262177663
 10
134.79827543648605
 20
215.85819385023274
 10
134.87274950919354
 20
215.8284025531728
 10
134.9474460413242
 20
215.79917349715322
 10
135.02235819864322
 20
215.7705015766776
 10
135.09747936659014
 20
215.74238181239258
 10
135.1728031406752
 20
215.71480934923056
 10
135.2483233173236
 20
215.68777945451
 10
135.3240338851456
 20
215.6612875160066
 10
135.39992901661043
 20
215.63532904000397
 10
135.47600306010384
 20
215.60989964933322
 10
135.55225053234972
 20
215.58499508140955
 10
135.62866611117678
 20
215.56061118627167
 10
135.7052446286133
 20
215.53674392463154
 10
135.78198106429235
 20
215.51338936593817
 10
135.85887053915235
 20
215.49054368646136
 10
135.935908309417
 20
215.46820316739837
 10
136.0130897608407
 20
215.44636419300753
 10
136.09041040320594
 20
215.425023248772
 10
136.167865865059
 20
215.40417691959487
 10
136.24545188867242
 20
215.3838218880299
 10
136.32316432522208
 20
215.3639549325473
 10
136.40099913016823
 20
215.34457292583835
 10
136.47895235882936
 20
215.32567283315808
 10
136.55702016213985
 20
215.3072517107086
 10
136.63519878258086
 20
215.28930670406277
 10
136.71348455027652
 20
215.27183504662952
 10
136.79187387924625
 20
215.25483405816078
 10
136.87036326380525
 20
215.23830114330082
 10
136.94894927510575
 20
215.22223379017726
 10
137.02762855781134
 20
215.20662956903533
 10
137.10639782689788
 20
215.19148613091357
 10
137.18525386457392
 20
215.1768012063623
 10
137.26419351731488
 20
215.16257260420406
 10
137.34321369300457
 20
215.14879821033531
 10
137.42231135817877
 20
215.13547598657055
 10
137.50148353536525
 20
215.12260396952678
 10
137.5807273005152
 20
215.11018026954918
 10
137.6600397805209
 20
215.09820306967703
 10
137.73941815081557
 20
215.0866706246499
 10
137.81885963305024
 20
215.07558125995308
 10
137.89836149284378
 20
215.06493337090222
 10
137.9779210376021
 20
215.05472542176676
 10
138.05753561440218
 20
215.0449559449316
 10
138.13720260793778
 20
215.03562354009637
 10
138.2169194385228
 20
215.02672687351236
 10
138.2966835601491
 20
215.01826467725584
 10
138.37649245859538
 20
215.01023574853826
 10
138.4563436495842
 20
215.00263894905243
 10
138.5362346769836
 20
214.99547320435408
 10
138.61616311105107
 20
214.98873750327886
 10
138.6961265467163
 20
214.98243089739418
 10
138.7761226019007
 20
214.9765525004853
 10
138.85614891587053
 20
214.97110148807593
 10
138.9362031476212
 20
214.9660770969822
 10
139.0162829742905
 20
214.96147862490022
 10
139.09638608959804
 20
214.9573054300273
 10
139.1765102023087
 20
214.95355693071525
 10
139.25665303471766
 20
214.95023260515705
 10
139.33681232115515
 20
214.94733199110573
 10
139.4169858065081
 20
214.94485468562516
 10
139.49717124475717
 20
214.9428003448736
 10
139.57736639752653
 20
214.9411686839183
 10
139.65756903264472
 20
214.93995947658271
 10
139.73777692271415
 20
214.93917255532443
 10
139.8179878436876
 20
214.93880781114552
 10
139.89819957344923
 20
214.9388651935338
 10
139.9784098903984
 20
214.9393447104356
 10
140.0586165720345
 20
214.94024642826014
 10
140.13881739354
 20
214.94157047191527
 10
140.21901012636056
 20
214.94331702487455
 10
140.29919253677986
 20
214.94548632927575
 10
140.37936238448694
 20
214.9480786860512
 10
140.4595174211341
 20
214.95109445508956
 10
140.5396553888837
 20
214.9545340554294
 10
140.61977401894086
 20
214.95839796548495
 10
140.69987103007114
 20
214.96268672330353
 10
140.77994412709978
 20
214.96740092685565
 10
140.85999099939133
 20
214.9725412343575
 10
140.94000931930668
 20
214.97810836462588
 10
141.01999674063566
 20
214.98410309746663
 10
141.0999508970026
 20
214.99052627409594
 10
141.17986940024244
 20
214.99737879759533
 10
141.25974983874497
 20
215.0046616334006
 10
141.33958977576464
 20
215.0123758098248
 10
141.419386747693
 20
215.02052241861605
 10
141.49913826229138
 20
215.02910261555007
 10
141.5788417968809
 20
215.038117621058
 10
141.65849479648642
 20
215.04756872089024
 10
141.7380946719321
 20
215.05745726681613
 10
141.81763879788448
 20
215.06778467736035
 10
141.89712451084083
 20
215.07855243857637
 10
141.97654910705816
 20
215.08976210485724
 10
142.05590984042024
 20
215.10141529978432
 10
142.1352039202381
 20
215.11351371701454
 10
142.21442850898086
 20
215.12605912120586
 10
142.29358071993198
 20
215.13905334898305
 10
142.37265761476712
 20
215.15249830994202
 10
142.45165620104896
 20
215.16639598769484
 10
142.53057342963425
 20
215.1807484409556
 10
142.60940619198803
 20
215.19555780466618
 10
142.68815131740016
 20
215.21082629116444
 10
142.76680557009811
 20
215.226556191393
 10
142.8453656462508
 20
215.24274987615075
 10
142.9238281708573
 20
215.25940979738562
 10
143.00218969451376
 20
215.27653848953014
 10
143.08044669005253
 20
215.29413857087928
 10
143.15859554904563
 20
215.3122127450104
 10
143.23663257816585
 20
215.33076380224577
 10
143.3145539953975
 20
215.34979462115655
 10
143.3923559260883
 20
215.36930817010938
 10
143.47003439883434
 20
215.38930750885328
 10
143.54758534118852
 20
215.40979579014794
 10
143.62500457518306
 20
215.43077626143088
 10
143.70228781265618
 20
215.45225226652406
 10
143.77943065037186
 20
215.47422724737743
 10
143.85642856492197
 20
215.49670474584843
 10
143.9332769073983
 20
215.51968840551518
 10
144.00997089782277
 20
215.54318197352137
 10
144.08650561932208
 20
215.56718930245069
 10
144.1628760120332
 20
215.591714352226
 10
144.239076866725
 20
215.61676119203202
 10
144.3151028181208
 20
215.6423340022555
 10
144.39094833790563
 20
215.66843707643903
 10
144.4666077274008
 20
215.69507482324286
 10
144.54207510988846
 20
215.7222517684084
 10
144.61734442256684
 20
215.74997255671616
 10
144.6924094081164
 20
215.7782419539306
 10
144.76726360585639
 20
215.80706484872206
 10
144.84190034246956
 20
215.83644625455594
 10
144.9163127222725
 20
215.86639131153726
 10
144.99049361700727
 20
215.89690528819682
 10
145.0644356551298
 20
215.9279935832057
 10
145.13813121056813
 20
215.95966172699963
 10
145.21157239092375
 20
215.99191538329535
 10
145.28475102508767
 20
216.0247603504783
 10
145.3576586502412
 20
216.05820256283744
 10
145.43028649821136
 20
216.09224809162134
 10
145.50262548114907
 20
216.12690314588605
 10
145.5746661764978
 20
216.16217407310188
 10
145.64639881121923
 20
216.19806735948265
 10
145.71781324524184
 20
216.2345896299966
 10
145.788898954098
 20
216.27174764801373
 10
145.85964501071453
 20
216.30954831453897
 10
145.930040066322
 20
216.34799866697523
 10
146.00007233044775
 20
216.38710587735426
 10
146.0697295499592
 20
216.42687724996642
  0
LWPOLYLINE
  5
B2
330
17
100
AcDbEntity
  8
01-VISIBLE
100
AcDbPolyline
 90
60
 70
0
 10
146.28186158431515
 20
229.2050487414853
 10
146.3519526395673
 20
229.24596150901732
 10
146.42164697269473
 20
229.28754646798473
 10
146.4909312559809
 20
229.329811053571
 10
146.55979163522363
 20
229.37276281031774
 10
146.62821370553743
 20
229.41640938597476
 10
146.69618248615433
 20
229.46075852427208
 10
146.76368239421387
 20
229.5058180564945
 10
146.83069721754134
 20
229.55159589172513
 10
146.89721008642107
 20
229.59810000561498
 10
146.96320344438163
 20
229.64533842752036
 10
147.02865901802318
 20
229.69331922583729
 10
147.09355778593033
 20
229.74205049134827
 10
147.1578799467322
 20
229.79154031837936
 10
147.22160488639088
 20
229.84179678355343
 10
147.28471114482286
 20
229.89282792190556
 10
147.34717638198592
 20
229.9446417001144
 10
147.40897734359376
 20
229.99724598658366
 10
147.47008982665838
 20
230.05064851809692
 10
147.5304886450998
 20
230.10485686274984
 10
147.59014759570948
 20
230.15987837885575
 10
147.64903942480655
 20
230.21572016950722
 10
147.70713579598433
 20
230.27238903247138
 10
147.7644072594099
 20
230.32989140509176
 10
147.8208232232113
 20
230.3882333038756
 10
147.87635192756696
 20
230.44742025845227
 10
147.9309604221961
 20
230.50745723960807
 10
147.9846145480422
 20
230.56834858113393
 10
148.0372789240374
 20
230.63009789525972
 10
148.0889169399387
 20
230.6927079815108
 10
148.13949075632925
 20
230.75618072889148
 10
148.18896131298195
 20
230.82051701139812
 10
148.2372883468831
 20
230.88571657697787
 10
148.2844304213057
 20
230.95177793019218
 10
148.33034496740237
 20
231.01869820901044
 10
148.37498833984878
 20
231.08647305635714
 10
148.4183158881037
 20
231.15509648725993
 10
148.46028204485305
 20
231.2245607527019
 10
148.5008404331629
 20
231.29485620155998
 10
148.53994399377254
 20
231.36597114231915
 10
148.5775451338003
 20
231.43789170657027
 10
148.61359589790595
 20
231.51060171663187
 10
148.6480481626438
 20
231.58408255996193
 10
148.68085385434148
 20
231.65831307333684
 10
148.71196519035388
 20
231.73326944004782
 10
148.7413349429594
 20
231.80892510358677
 10
148.7689167245055
 20
231.8852507014351
 10
148.794665291671
 20
231.96221402261097
 10
148.8185368659249
 20
232.0397799925513
 10
148.8404894664415
 20
232.11791068868115
 10
148.86048325092267
 20
232.19656538963977
 10
148.87848085901308
 20
232.27570066058513
 10
148.89444775232326
 20
232.35527047628102
 10
148.9083525445425
 20
232.43522638279694
 10
148.9201673147782
 20
232.51551769764274
 10
148.9298678971363
 20
232.5960917470553
 10
148.93743413969685
 20
232.67689413799303
 10
148.94285012645307
 20
232.7578690612371
 10
148.9461043564751
 20
232.83895962090406
 10
148.94718987551758
 20
232.92010818470646
  0
LWPOLYLINE
  5
B3
330
17
100
AcDbEntity
  8
01-VISIBLE
100
AcDbPolyline
 90
228
 70
0
 10
130.7471898755176
 20
232.92010818470646
 10
130.74824524679047
 20
232.84009434557436
 10
130.75140916087173
 20
232.76013611310606
 10
130.75667504343102
 20
232.68028874734142
 10
130.76403201951416
 20
232.600606821682
 10
130.77346503460262
 20
232.52114389584398
 10
130.78495501954498
 20
232.4419522076463
 10
130.79847909507444
 20
232.36308238880713
 10
130.81401081075853
 20
232.28458320906327
 10
130.83152041259072
 20
232.20650135195518
 10
130.8509751330416
 20
232.12888122458742
 10
130.87233949724126
 20
232.05176480263668
 10
130.8955756390466
 20
231.97519151088284
 10
130.92064362103457
 20
231.89919813862417
 10
130.94750175291716
 20
231.82381878853943
 10
130.97610690345755
 20
231.7490848568964
 10
131.00641480163958
 20
231.67502504248966
 10
131.03838032356185
 20
231.60166538132398
 10
131.07195776226038
 20
231.52902930383027
 10
131.10710107837727
 20
231.45713771130852
 10
131.14376413026358
 20
231.386009068303
 10
131.18190088271407
 20
231.3156595077255
 10
131.22146559406892
 20
231.24610294572358
 10
131.26241298187486
 20
231.17735120352427
 10
131.30469836767642
 20
231.10941413375423
 10
131.34827780180694
 20
231.04229974902626
 10
131.39310816927565
 20
230.97601435087836
 10
131.43914727800734
 20
230.9105626574414
 10
131.48635393079363
 20
230.8459479284894
 10
131.53468798236736
 20
230.78217208678603
 10
131.58411038302424
 20
230.7192358348767
 10
131.63458321019417
 20
230.65713876668622
 10
131.6860696893192
 20
230.59587947346876
 10
131.73853420532862
 20
230.535455643817
 10
131.7919423059241
 20
230.47586415757132
 10
131.84626069779998
 20
230.4171011735865
 10
131.9014572368331
 20
230.35916221140263
 10
131.9575009131825
 20
230.3020422269425
 10
132.0143618321489
 20
230.24573568241635
 10
132.0720111915532
 20
230.19023661065603
 10
132.13042125631085
 20
230.13553867413418
 10
132.18956533079728
 20
230.0816352189438
 10
132.24941772952718
 20
230.02851932402723
 10
132.30995374660225
 20
229.97618384594972
 10
132.37114962432014
 20
229.92462145951055
 10
132.4329825212821
 20
229.8738246944843
 10
132.49543048028588
 20
229.82378596877447
 10
132.55847239624669
 20
229.77449761825198
 10
132.622087984349
 20
229.72595192354078
 10
132.68625774859711
 20
229.678141133998
 10
132.7509629509023
 20
229.6310574891225
 10
132.8161855808168
 20
229.5846932376122
 10
132.88190832600313
 20
229.53904065427605
 10
132.94811454350562
 20
229.4940920549904
 10
133.01478823187577
 20
229.44983980988013
 10
133.08191400418636
 20
229.4062763548858
 10
133.14947706195895
 20
229.36339420187096
 10
133.21746317001717
 20
229.3211859474075
 10
133.2858586322703
 20
229.2796442803674
 10
133.35465026842434
 20
229.23876198843874
 10
133.42382539161127
 20
229.19853196367274
 10
133.49337178692312
 20
229.15894720716028
 10
133.56327769083228
 20
229.12000083292622
 10
133.6335317714779
 20
229.08168607112464
 10
133.70412310979435
 20
229.04399627060724
 10
133.7750411814571
 20
229.0069249009327
 10
133.84627583961918
 20
228.97046555387868
 10
133.91781729841094
 20
228.9346119445102
 10
133.98965611717549
 20
228.899357911856
 10
134.06178318541123
 20
228.8646974192364
 10
134.13418970839385
 20
228.83062455428546
 10
134.20686719344977
 20
228.7971335287026
 10
134.27980743685347
 20
228.7642186777676
 10
134.353002511322
 20
228.73187445964953
 10
134.42644475408005
 20
228.7000954545357
 10
134.50012675547052
 20
228.6688763636052
 10
134.57404134808507
 20
228.6382120078694
 10
134.64818159639117
 20
228.60809732689802
 10
134.72254078683233
 20
228.57852737744906
 10
134.7971124183791
 20
228.54949733201852
 10
134.87189019350956
 20
228.52100247732267
 10
134.94686800959855
 20
228.49303821272747
 10
135.02203995069598
 20
228.46560004863454
 10
135.09740027967555
 20
228.43868360483492
 10
135.17294343073544
 20
228.41228460883895
 10
135.2486640022341
 20
228.38639889419017
 10
135.32455674984453
 20
228.36102239877073
 10
135.40061658001136
 20
228.3361511631042
 10
135.47683854369583
 20
228.31178132866125
 10
135.55321783039443
 20
228.28790913617308
 10
135.62974976241773
 20
228.26453092395724
 10
135.70642978941623
 20
228.24164312625874
 10
135.78325348314132
 20
228.2192422716106
 10
135.8602165324294
 20
228.1973249812164
 10
135.9373147383983
 20
228.17588796735652
 10
136.01454400984517
 20
228.1549280318216
 10
136.0919003588361
 20
228.13444206437373
 10
136.16937989647778
 20
228.11442704123766
 10
136.2469788288621
 20
228.09488002362298
 10
136.32469345317523
 20
228.07579815627844
 10
136.40252015396297
 20
228.05717866607938
 10
136.48045539954447
 20
228.03901886064864
 10
136.55849573856688
 20
228.0213161270122
 10
136.63663779669426
 20
228.0040679302889
 10
136.71487827342366
 20
227.9872718124156
 10
136.79321393902225
 20
227.9709253909075
 10
136.87164163157922
 20
227.95502635765354
 10
136.95015825416704
 20
227.939572477747
 10
137.02876077210624
 20
227.9245615883521
 10
137.10744621032867
 20
227.9099915976047
 10
137.18621165083448
 20
227.89586048354886
 10
137.26505423023733
 20
227.88216629310784
 10
137.34397113739442
 20
227.8689071410896
 10
137.422959611116
 20
227.85608120922677
 10
137.50201693795097
 20
227.84368674525052
 10
137.58114045004407
 20
227.83172206199822
 10
137.66032752306162
 20
227.82018553655416
 10
137.73957557418132
 20
227.80907560942376
 10
137.81888206014358
 20
227.79839078373988
 10
137.89824447536037
 20
227.78812962450166
 10
137.97766035007908
 20
227.77829075784553
 10
138.05712724859762
 20
227.76887287034725
 10
138.13664276752885
 20
227.75987470835577
 10
138.2162045341104
 20
227.75129507735727
 10
138.29581020455848
 20
227.7431328413702
 10
138.37545746246172
 20
227.73538692237037
 10
138.45514401721405
 20
227.7280562997455
 10
138.53486760248293
 20
227.72114000977996
 10
138.61462597471132
 20
227.71463714516779
 10
138.6944169116512
 20
227.70854685455538
 10
138.77423821092603
 20
227.70286834211254
 10
138.85408768862058
 20
227.69760086713126
 10
138.93396317789563
 20
227.69274374365364
 10
139.0138625276259
 20
227.68829634012673
 10
139.0937836010592
 20
227.6842580790851
 10
139.17372427449482
 20
227.6806284368613
 10
139.25368243597953
 20
227.67740694332298
 10
139.33365598401915
 20
227.67459318163696
 10
139.4136428263041
 20
227.67218678806069
 10
139.49364087844725
 20
227.67018745175983
 10
139.57364806273213
 20
227.66859491465254
 10
139.65366230687016
 20
227.66740897128062
 10
139.7336815427649
 20
227.66662946870645
 10
139.81370370528202
 20
227.66625630643648
 10
139.8937267310229
 20
227.66628943637113
 10
139.9737485571008
 20
227.6667288627806
 10
140.05376711991772
 20
227.667574642307
 10
140.1337803539399
 20
227.66882688399272
 10
140.21378619047138
 20
227.67048574933517
 10
140.29378255642288
 20
227.6725514523671
 10
140.3737673730751
 20
227.67502425976414
 10
140.45373855483462
 20
227.6779044909781
 10
140.5336940079804
 20
227.68119251839693
 10
140.61363162939992
 20
227.68488876753122
 10
140.69354930531247
 20
227.68899371722773
 10
140.7734449099783
 20
227.69350789990898
 10
140.8533163043919
 20
227.698431901841
 10
140.93316133495745
 20
227.70376636342718
 10
141.01297783214437
 20
227.70951197953048
 10
141.0927636091219
 20
227.71566949982235
 10
141.17251646036976
 20
227.72223972916038
 10
141.25223416026355
 20
227.72922352799327
 10
141.33191446163292
 20
227.73662181279474
 10
141.4115550942897
 20
227.7444355565258
 10
141.49115376352478
 20
227.752665789126
 10
141.57070814857084
 20
227.76131359803378
 10
141.65021590102864
 20
227.77038012873663
 10
141.72967464325492
 20
227.77986658535087
 10
141.80908196670885
 20
227.78977423123195
 10
141.88843543025493
 20
227.8001043896146
 10
141.96773255841936
 20
227.81085844428497
 10
142.0469708395971
 20
227.82203784028292
 10
142.1261477242069
 20
227.83364408463666
 10
142.2052606227911
 20
227.84567874712923
 10
142.28430690405688
 20
227.85814346109692
 10
142.3632838928562
 20
227.87103992426103
 10
142.44218886810037
 20
227.8843698995923
 10
142.5210190606059
 20
227.89813521620863
 10
142.59977165086792
 20
227.91233777030686
 10
142.67844376675717
 20
227.92697952612843
 10
142.75703248113618
 20
227.94206251695937
 10
142.8355348093907
 20
227.95758884616498
 10
142.91394770687165
 20
227.9735606882591
 10
142.99226806624253
 20
227.98998029000887
 10
143.07049271472786
 20
228.00684997157407
 10
143.14861841125685
 20
228.0241721276824
 10
143.22664184349702
 20
228.04194922883937
 10
143.30455962477203
 20
228.06018382257423
 10
143.38236829085753
 20
228.07887853472033
 10
143.4600642966484
 20
228.09803607073104
 10
143.53764401269112
 20
228.1176592170297
 10
143.6151037215738
 20
228.13775084239444
 10
143.6924396141665
 20
228.1583138993759
 10
143.76964778570402
 20
228.17935142574856
 10
143.84672423170298
 20
228.20086654599334
 10
143.9236648437044
 20
228.22286247281153
 10
144.00046540483265
 20
228.2453425086684
 10
144.07712158516134
 20
228.26831004736397
 10
144.15362893687563
 20
228.29176857563107
 10
144.2299828892209
 20
228.31572167475633
 10
144.30617874322604
 20
228.3401730222232
 10
144.38221166618996
 20
228.36512639337343
 10
144.45807668591894
 20
228.39058566308358
 10
144.53376868470136
 20
228.41655480745317
 10
144.60928239300694
 20
228.44303790549964
 10
144.68461238289535
 20
228.47003914085576
 10
144.75975306111968
 20
228.49756280346327
 10
144.8346986619087
 20
228.5256132912566
 10
144.90944323941136
 20
228.5541951118298
 10
144.98398065978637
 20
228.58331288407834
 10
145.0583045929183
 20
228.61297133980634
 10
145.1324085037416
 20
228.6431753252898
 10
145.20628564315246
 20
228.67392980278396
 10
145.2799290384877
 20
228.70523985196144
 10
145.35333148354943
 20
228.73711067126789
 10
145.42648552815274
 20
228.76954757917832
 10
145.49938346717315
 20
228.80255601533662
 10
145.57201732906984
 20
228.83614154155777
 10
145.64437886385946
 20
228.87030984267153
 10
145.71645953051515
 20
228.90506672718186
 10
145.78825048376393
 20
228.9404181277153
 10
145.85974256025565
 20
228.97637010122742
 10
145.93092626407636
 20
229.01292882893392
 10
146.00179175157723
 20
229.05010061592822
 10
146.07232881549203
 20
229.08789189044484
 10
146.14252686831423
 20
229.1263092027217
 10
146.21237492490658
 20
229.1653592234116
 10
146.28186158431515
 20
229.2050487414853
  0
LWPOLYLINE
  5
B4
330
17
100
AcDbEntity
  8
01-VISIBLE
100
AcDbPolyline
 90
60
 70
0
 10
146.28186158431515
 20
232.14443643282516
 10
146.3519526395673
 20
232.18534920035717
 10
146.42164697269473
 20
232.22693415932457
 10
146.4909312559809
 20
232.2691987449108
 10
146.55979163522363
 20
232.31215050165758
 10
146.62821370553743
 20
232.35579707731455
 10
146.69618248615433
 20
232.40014621561187
 10
146.76368239421387
 20
232.44520574783428
 10
146.83069721754134
 20
232.49098358306492
 10
146.89721008642107
 20
232.53748769695483
 10
146.96320344438163
 20
232.58472611886015
 10
147.02865901802318
 20
232.63270691717713
 10
147.09355778593033
 20
232.68143818268805
 10
147.1578799467322
 20
232.73092800971915
 10
147.22160488639088
 20
232.78118447489322
 10
147.28471114482286
 20
232.8322156132454
 10
147.34717638198592
 20
232.8840293914542
 10
147.40897734359376
 20
232.93663367792345
 10
147.47008982665838
 20
232.9900362094367
 10
147.5304886450998
 20
233.04424455408963
 10
147.59014759570948
 20
233.09926607019554
 10
147.64903942480655
 20
233.15510786084707
 10
147.70713579598433
 20
233.21177672381117
 10
147.7644072594099
 20
233.26927909643155
 10
147.8208232232113
 20
233.32762099521545
 10
147.87635192756696
 20
233.38680794979206
 10
147.9309604221961
 20
233.44684493094792
 10
147.9846145480422
 20
233.50773627247372
 10
148.0372789240374
 20
233.56948558659957
 10
148.0889169399387
 20
233.6320956728506
 10
148.13949075632925
 20
233.69556842023133
 10
148.18896131298195
 20
233.7599047027379
 10
148.2372883468831
 20
233.82510426831766
 10
148.2844304213057
 20
233.89116562153197
 10
148.33034496740237
 20
233.95808590035028
 10
148.37498833984878
 20
234.02586074769692
 10
148.4183158881037
 20
234.09448417859977
 10
148.46028204485305
 20
234.1639484440417
 10
148.5008404331629
 20
234.23424389289983
 10
148.53994399377254
 20
234.30535883365894
 10
148.5775451338003
 20
234.37727939791012
 10
148.61359589790595
 20
234.44998940797166
 10
148.6480481626438
 20
234.52347025130177
 10
148.68085385434148
 20
234.59770076467663
 10
148.71196519035388
 20
234.6726571313876
 10
148.7413349429594
 20
234.74831279492662
 10
148.7689167245055
 20
234.82463839277494
 10
148.794665291671
 20
234.90160171395075
 10
148.8185368659249
 20
234.9791676838911
 10
148.8404894664415
 20
235.057298380021
 10
148.86048325092267
 20
235.13595308097956
 10
148.87848085901308
 20
235.21508835192492
 10
148.89444775232326
 20
235.29465816762087
 10
148.9083525445425
 20
235.3746140741368
 10
148.9201673147782
 20
235.45490538898252
 10
148.9298678971363
 20
235.5354794383951
 10
148.93743413969685
 20
235.61628182933282
 10
148.94285012645307
 20
235.6972567525769
 10
148.9461043564751
 20
235.7783473122439
 10
148.94718987551758
 20
235.8594958760463
  0
LWPOLYLINE
  5
B5
330
17
100
AcDbEntity
  8
01-VISIBLE
100
AcDbPolyline
 90
287
 70
0
 10
148.94718987551758
 20
235.8594958760463
 10
148.94612831958116
 20
235.93974380673995
 10
148.94294587734643
 20
236.01993564168487
 10
148.93764920021601
 20
236.10001563684455
 10
148.93024929015036
 20
236.1799287448614
 10
148.92076137649144
 20
236.25962094679085
 10
148.90920474817432
 20
236.33903956461853
 10
148.89560254571012
 20
236.41813354928945
 10
148.87998151821125
 20
236.49685373985687
 10
148.86237175137637
 20
236.5751530903575
 10
148.84280637274983
 20
236.65298686207433
 10
148.82132124071535
 20
236.73031277991186
 10
148.7979546235937
 20
236.8070911526276
 10
148.77274687491567
 20
236.88328495759515
 10
148.74574011047102
 20
236.95885989158893
 10
148.71697789213445
 20
237.03378438975432
 10
148.68650492277712
 20
237.1080296154504
 10
148.65436675583618
 20
237.18156942402334
 10
148.6206095223648
 20
237.25438030379354
 10
148.58527967765585
 20
237.32644129763582
 10
148.54842376884906
 20
237.39773390850849
 10
148.5100882243104
 20
237.46824199217554
 10
148.4703191650274
 20
237.53795164017373
 10
148.42916223779906
 20
237.6068510558382
 10
148.38666246961833
 20
237.67493042591786
 10
148.3428641423423
 20
237.7421817900189
 10
148.297810686519
 20
237.80859890980906
 10
148.25154459307905
 20
237.87417713962145
 10
148.20410734150016
 20
237.93891329980994
 10
148.15553934300092
 20
238.00280555394863
 10
148.10587989731192
 20
238.06585329072436
 10
148.05516716159443
 20
238.12805701116014
 10
148.00343813012822
 20
238.1894182216164
 10
147.95072862345646
 20
238.2499393328588
 10
147.897073285758
 20
238.30962356534036
 10
147.84250558930702
 20
238.3684748607352
 10
147.78705784497367
 20
238.4264977996662
 10
147.73076121781426
 20
238.4836975254957
 10
147.67364574689435
 20
238.5400796739898
 10
147.615740368577
 20
238.5956503086266
 10
147.55707294259628
 20
238.65041586128257
 10
147.49767028031584
 20
238.7043830780163
 10
147.43755817464736
 20
238.75755896965245
 10
147.37676143117244
 20
238.8099507668653
 10
147.31530390007427
 20
238.8615658794617
 10
147.253208508541
 20
238.9124118595671
 10
147.19049729335424
 20
238.96249636842703
 10
147.12719143342028
 20
239.01182714654726
 10
147.06331128204212
 20
239.0604119869068
 10
146.99887639876502
 20
239.10825871099343
 10
146.93390558065917
 20
239.15537514742442
 10
146.86841689292993
 20
239.20176911292958
 10
146.8024276987691
 20
239.24744839548987
 10
146.73595468838087
 20
239.29242073943692
 10
146.6690139071328
 20
239.3366938323361
 10
146.60162078279765
 20
239.380275293485
 10
146.53379015186326
 20
239.42317266387715
 10
146.4655362848988
 20
239.46539339748858
 10
146.39687291097442
 20
239.50694485375885
 10
146.32781324113807
 20
239.5478342911493
 10
146.25836999095995
 20
239.58806886166946
 10
146.18855540215907
 20
239.62765560627372
 10
146.11838126333114
 20
239.66660145103862
 10
146.04785892979942
 20
239.70491320403863
 10
145.9769993426127
 20
239.74259755284675
 10
145.9058130467164
 20
239.7796610625919
 10
145.8343102083243
 20
239.81611017451297
 10
145.76250063151844
 20
239.85195120495274
 10
145.6903937741061
 20
239.88719034474343
 10
145.61799876276243
 20
239.9218336589367
 10
145.5453244074873
 20
239.9558870868388
 10
145.47237921540489
 20
239.98935644231318
 10
145.3991714039337
 20
240.022247414317
 10
145.3257089133546
 20
240.0545655676429
 10
145.25199941880328
 20
240.0863163438372
 10
145.1780503417137
 20
240.11750506227202
 10
145.10386886073684
 20
240.14813692134857
 10
145.02946192215978
 20
240.17821699981243
 10
144.95483624984826
 20
240.20775025816283
 10
144.87999835473525
 20
240.23674154014128
 10
144.80495454387759
 20
240.26519557428423
 10
144.72971092910075
 20
240.29311697552833
 10
144.65427343525275
 20
240.32051024685643
 10
144.57864780808507
 20
240.34737978097462
 10
144.50283962177974
 20
240.3737298620115
 10
144.42685428613947
 20
240.39956466723157
 10
144.35069705345774
 20
240.42488826875626
 10
144.27437302508423
 20
240.44970463528568
 10
144.19788715770125
 20
240.47401763381635
 10
144.121244269325
 20
240.4978310313499
 10
144.0444490450455
 20
240.52114849658813
 10
143.9675060425185
 20
240.54397360161153
 10
143.89041969722112
 20
240.56630982353727
 10
143.81319432748336
 20
240.58816054615448
 10
143.73583413930686
 20
240.60952906153386
 10
143.65834323098085
 20
240.63041857161022
 10
143.58072559750613
 20
240.65083218973564
 10
143.50298513483622
 20
240.6707729422019
 10
143.42512564394485
 20
240.69024376973073
 10
143.34715083472858
 20
240.70924752893188
 10
143.2690643297528
 20
240.7277869937265
 10
143.19086966784874
 20
240.74586485673655
 10
143.11257030756911
 20
240.76348373063888
 10
143.03416963050933
 20
240.78064614948414
 10
142.95567094450115
 20
240.79735456998003
 10
142.87707748668518
 20
240.81361137273836
 10
142.79839242646793
 20
240.82941886348664
 10
142.71961886836985
 20
240.84477927424348
 10
142.64075985476924
 20
240.85969476445808
 10
142.5618183685478
 20
240.87416742211417
 10
142.4827973356423
 20
240.88819926479823
 10
142.40369962750765
 20
240.9017922407324
 10
142.32452806349562
 20
240.91494822977245
 10
142.24528541315348
 20
240.9276690443707
 10
142.16597439844693
 20
240.9399564305047
 10
142.08659769591105
 20
240.95181206857143
 10
142.00715793873326
 20
240.963237574248
 10
141.92765771877168
 20
240.97423449931875
 10
141.84809958851247
 20
240.98480433246925
 10
141.76848606296937
 20
240.99494850004754
 10
141.68881962152867
 20
241.00466836679288
 10
141.60910270974276
 20
241.01396523653312
 10
141.52933774107473
 20
241.02284035284947
 10
141.44952709859749
 20
241.03129489971082
 10
141.3696731366493
 20
241.0393300020769
 10
141.2897781824493
 20
241.0469467264706
 10
141.20984453767426
 20
241.05414608152057
 10
141.12987448000024
 20
241.0609290184736
 10
141.04987026461072
 20
241.06729643167728
 10
140.96983412567337
 20
241.07324915903394
 10
140.88976827778833
 20
241.0787879824249
 10
140.80967491740932
 20
241.0839136281068
 10
140.72955622424016
 20
241.0886267670785
 10
140.64941436260844
 20
241.09292801542074
 10
140.56925148281834
 20
241.0968179346071
 10
140.4890697224847
 20
241.1002970317876
 10
140.40887120784956
 20
241.10336576004448
 10
140.3286580550841
 20
241.1060245186208
 10
140.24843237157637
 20
241.1082736531215
 10
140.16819625720782
 20
241.1101134556876
 10
140.08795180561947
 20
241.11154416514307
 10
140.0077011054701
 20
241.11256596711553
 10
139.92744624168736
 20
241.11317899412927
 10
139.84718929671445
 20
241.11338332567186
 10
139.76693235175307
 20
241.11317898823467
 10
139.6866774880049
 20
241.11256595532552
 10
139.60642678791314
 20
241.1115441474558
 10
139.5261823364055
 20
241.1101134321005
 10
139.44594622214075
 20
241.10827362363113
 10
139.36572053876
 20
241.10602448322277
 10
139.28550738614473
 20
241.10336571873347
 10
139.20530887168314
 20
241.10029698455747
 10
139.12512711154636
 20
241.09681788145093
 10
139.04496423197665
 20
241.09292795633053
 10
138.96482237058888
 20
241.08862670204553
 10
138.8847036776874
 20
241.08391355712126
 10
138.80461031759998
 20
241.07878790547625
 10
138.72454447003054
 20
241.07324907611047
 10
138.64450833143297
 20
241.06729634276667
 10
138.56450411640765
 20
241.06092892356236
 10
138.4845340591225
 20
241.0541459805944
 10
138.40460041476115
 20
241.04694661951413
 10
138.32470546099995
 20
241.03932988907383
 10
138.24485149951607
 20
241.03129478064398
 10
138.16504085752885
 20
241.02284022770056
 10
138.08527588937696
 20
241.01396510528292
 10
138.00555897813365
 20
241.0046682294212
 10
137.92589253726248
 20
240.9949483565331
 10
137.84627901231622
 20
240.98480418278984
 10
137.76672088268168
 20
240.97423434345103
 10
137.68722066337318
 20
240.9632374121676
 10
137.6077809068774
 20
240.9518119002529
 10
137.52840420505308
 20
240.93995625592163
 10
137.4490931910883
 20
240.9276688634955
 10
137.36985054151887
 20
240.91494804257644
 10
137.2906789783113
 20
240.90179204718584
 10
137.2115812710136
 20
240.88819906487026
 10
137.13256023897847
 20
240.8741672157728
 10
137.05361875366174
 20
240.8596945516702
 10
136.97475974100126
 20
240.84477905497482
 10
136.89598618387976
 20
240.8294186377018
 10
136.8173011246767
 20
240.81361114040072
 10
136.7387076679138
 20
240.7973543310519
 10
136.66020898299885
 20
240.78064590392665
 10
136.58180830707389
 20
240.76348347841196
 10
136.5035089479721
 20
240.74586459779897
 10
136.42531428729058
 20
240.72778672803588
 10
136.34722778358363
 20
240.7092472564446
 10
136.2692529756843
 20
240.69024349040205
 10
136.19139348615982
 20
240.67077265598596
 10
136.1136530249088
 20
240.65083189658537
 10
136.03603539290708
 20
240.63041827147737
 10
135.95854448611036
 20
240.60952875436908
 10
135.8811842995218
 20
240.5881602319073
 10
135.80395893143316
 20
240.56630950215606
 10
135.72687258784865
 20
240.5439732730436
 10
135.64992958710107
 20
240.52114816077972
 10
135.57313436467044
 20
240.4978306882462
 10
135.49649147821552
 20
240.4740172833616
 10
135.42000561282958
 20
240.449704277423
 10
135.34368158653223
 20
240.424887903428
 10
135.26752435600926
 20
240.39956429437905
 10
135.19153902261414
 20
240.3737294815752
 10
135.11573083864417
 20
240.34737939289437
 10
135.04010521390623
 20
240.32050985107117
 10
134.9646677225866
 20
240.29311657197638
 10
134.88942411044127
 20
240.2651951629033
 10
134.81438030232286
 20
240.23674112086866
 10
134.73954241006186
 20
240.2077498309353
 10
134.66491674072017
 20
240.17821656456647
 10
134.59050980523617
 20
240.14813647802055
 10
134.51632832748112
 20
240.11750461079805
 10
134.44237925374796
 20
240.08631588415352
 10
134.36866976269377
 20
240.05456509968593
 10
134.29520727575874
 20
240.02224693802344
 10
134.2219994680853
 20
239.98935595762015
 10
134.14905427996104
 20
239.95588659368428
 10
134.07637992881166
 20
239.92183315725936
 10
134.0039849217687
 20
239.88718983448308
 10
133.93187806883972
 20
239.8519506860505
 10
133.86006849670787
 20
239.81610964691146
 10
133.78856566318868
 20
239.7796605262356
 10
133.71737937237276
 20
239.74259700768215
 10
133.6465197904827
 20
239.70491265001476
 10
133.57599746247314
 20
239.66660088810704
 10
133.50582332940232
 20
239.6276550343892
 10
133.4360087466032
 20
239.58806828079014
 10
133.3665655026816
 20
239.54783370123732
 10
133.29750583936692
 20
239.50694425478054
 10
133.22884247223993
 20
239.4653927894151
 10
133.16058861235956
 20
239.42317204668495
 10
133.09275798880716
 20
239.3802746671563
 10
133.02536487216335
 20
239.33669319685947
 10
132.95842409892768
 20
239.2924200948081
 10
132.8919510968848
 20
239.247447741712
 10
132.82596191141448
 20
239.20176845001436
 10
132.76047323273318
 20
239.15537447539236
 10
132.69550242404512
 20
239.10825802987512
 10
132.63106755056822
 20
239.06041129674327
 10
132.5671874093853
 20
239.01182644739123
 10
132.5038815600542
 20
238.96249566034356
 10
132.44117035589045
 20
238.91241114263448
 10
132.37907497581284
 20
238.8615651537728
 10
132.31761745661515
 20
238.8099500325282
 10
132.2568207254975
 20
238.75755822679167
 10
132.19670863265463
 20
238.704382326774
 10
132.13730598367928
 20
238.65041510181953
 10
132.07863857149354
 20
238.59564954112352
 10
132.0207332074709
 20
238.5400788986484
 10
131.96361775135435
 20
238.48369674253985
 10
131.90732113951492
 20
238.4264970093435
 10
131.8518734110249
 20
238.36847406331782
 10
131.79730573094633
 20
238.30962276112666
 10
131.7436504101534
 20
238.2499385221745
 10
131.69094092092303
 20
238.18941740481614
 10
131.63921190743508
 20
238.1280561886287
 10
131.588499190232
 20
238.06585246287875
 10
131.53883976359117
 20
238.00280472123967
 10
131.49027178466972
 20
237.93891246272472
 10
131.44283455319234
 20
237.874176298686
 10
131.3965684803703
 20
237.80859806559226
 10
131.35151504567253
 20
237.74218094313687
 10
131.30771674002003
 20
237.67492957704042
 10
131.26521699395042
 20
237.6068502056969
 10
131.22406008931029
 20
237.53795078957285
 10
131.18429105308223
 20
237.4682411420065
 10
131.14595553205572
 20
237.39773305976883
 10
131.10909964720972
 20
237.32644045145355
 10
131.07376982690255
 20
237.25437946145883
 10
131.04001261826684
 20
237.1815685870277
 10
131.00787447658757
 20
237.1080287855363
 10
130.97740153290707
 20
237.03378356897485
 10
130.948639340645
 20
236.95885908237966
 10
130.92163260264277
 20
236.8832841628569
 10
130.89642488072565
 20
236.80709037582062
 10
130.8730582906042
 20
236.7303120251578
 10
130.85157318568744
 20
236.65298613426194
 10
130.83200783411715
 20
236.57515239524406
 10
130.81439809402414
 20
236.49685308415508
 10
130.798777092609
 20
236.41813294072438
 10
130.78517491512025
 20
236.33903901193537
 10
130.7736183101035
 20
236.25962045969044
 10
130.7641304173842
 20
236.17992833383494
 10
130.75673052510413
 20
236.10001531287747
 10
130.7514338617355
 20
236.01993541579787
 10
130.74825142834771
 20
235.93974368933743
 10
130.7471898755176
 20
235.8594958760463
  0
LWPOLYLINE
  5
B6
330
17
100
AcDbEntity
  8
01-VISIBLE
100
AcDbPolyline
 90
228
 70
0
 10
130.7471898755176
 20
235.8594958760463
 10
130.74824524679047
 20
235.77948203691415
 10
130.75140916087173
 20
235.6995238044459
 10
130.75667504343102
 20
235.61967643868127
 10
130.76403201951416
 20
235.53999451302184
 10
130.77346503460262
 20
235.46053158718382
 10
130.78495501954498
 20
235.38133989898608
 10
130.79847909507444
 20
235.30247008014692
 10
130.81401081075853
 20
235.22397090040306
 10
130.83152041259072
 20
235.14588904329503
 10
130.8509751330416
 20
235.06826891592726
 10
130.87233949724126
 20
234.99115249397653
 10
130.8955756390466
 20
234.91457920222263
 10
130.92064362103457
 20
234.83858582996402
 10
130.94750175291716
 20
234.76320647987927
 10
130.97610690345755
 20
234.68847254823618
 10
131.00641480163958
 20
234.6144127338295
 10
131.03838032356185
 20
234.54105307266377
 10
131.07195776226038
 20
234.46841699517006
 10
131.10710107837727
 20
234.39652540264836
 10
131.14376413026358
 20
234.32539675964284
 10
131.18190088271407
 20
234.2550471990653
 10
131.22146559406892
 20
234.18549063706337
 10
131.26241298187486
 20
234.11673889486406
 10
131.30469836767642
 20
234.04880182509402
 10
131.34827780180694
 20
233.98168744036604
 10
131.39310816927565
 20
233.9154020422182
 10
131.43914727800734
 20
233.84995034878125
 10
131.48635393079363
 20
233.7853356198292
 10
131.53468798236736
 20
233.72155977812582
 10
131.58411038302424
 20
233.6586235262165
 10
131.63458321019417
 20
233.596526458026
 10
131.6860696893192
 20
233.5352671648086
 10
131.73853420532862
 20
233.47484333515678
 10
131.7919423059241
 20
233.4152518489111
 10
131.84626069779998
 20
233.35648886492635
 10
131.9014572368331
 20
233.29854990274242
 10
131.9575009131825
 20
233.24142991828228
 10
132.0143618321489
 20
233.18512337375614
 10
132.0720111915532
 20
233.12962430199588
 10
132.13042125631085
 20
233.07492636547403
 10
132.18956533079728
 20
233.0210229102836
 10
132.24941772952718
 20
232.96790701536708
 10
132.30995374660225
 20
232.91557153728957
 10
132.37114962432014
 20
232.86400915085034
 10
132.4329825212821
 20
232.81321238582416
 10
132.49543048028588
 20
232.76317366011426
 10
132.55847239624669
 20
232.71388530959177
 10
132.622087984349
 20
232.66533961488062
 10
132.68625774859711
 20
232.61752882533779
 10
132.7509629509023
 20
232.5704451804623
 10
132.8161855808168
 20
232.52408092895206
 10
132.88190832600313
 20
232.47842834561584
 10
132.94811454350562
 20
232.43347974633025
 10
133.01478823187577
 20
232.38922750121992
 10
133.08191400418636
 20
232.34566404622558
 10
133.14947706195895
 20
232.3027818932108
 10
133.21746317001717
 20
232.26057363874736
 10
133.2858586322703
 20
232.21903197170724
 10
133.35465026842434
 20
232.17814967977853
 10
133.42382539161127
 20
232.13791965501258
 10
133.49337178692312
 20
232.09833489850007
 10
133.56327769083228
 20
232.059388524266
 10
133.6335317714779
 20
232.02107376246448
 10
133.70412310979435
 20
231.98338396194703
 10
133.7750411814571
 20
231.94631259227253
 10
133.84627583961918
 20
231.90985324521847
 10
133.91781729841094
 20
231.87399963585005
 10
133.98965611717549
 20
231.83874560319578
 10
134.06178318541123
 20
231.80408511057618
 10
134.13418970839385
 20
231.7700122456253
 10
134.20686719344977
 20
231.7365212200424
 10
134.27980743685347
 20
231.70360636910743
 10
134.353002511322
 20
231.67126215098938
 10
134.42644475408005
 20
231.6394831458755
 10
134.50012675547052
 20
231.60826405494504
 10
134.57404134808507
 20
231.5775996992092
 10
134.64818159639117
 20
231.5474850182378
 10
134.72254078683233
 20
231.5179150687889
 10
134.7971124183791
 20
231.4888850233583
 10
134.87189019350956
 20
231.46039016866246
 10
134.94686800959855
 20
231.43242590406726
 10
135.02203995069598
 20
231.40498773997433
 10
135.09740027967555
 20
231.37807129617477
 10
135.17294343073544
 20
231.35167230017873
 10
135.2486640022341
 20
231.32578658552995
 10
135.32455674984453
 20
231.30041009011052
 10
135.40061658001136
 20
231.275538854444
 10
135.47683854369583
 20
231.25116902000104
 10
135.55321783039443
 20
231.22729682751293
 10
135.62974976241773
 20
231.20391861529708
 10
135.70642978941623
 20
231.18103081759853
 10
135.78325348314132
 20
231.15862996295044
 10
135.8602165324294
 20
231.1367126725562
 10
135.9373147383983
 20
231.1152756586963
 10
136.01454400984517
 20
231.0943157231614
 10
136.0919003588361
 20
231.07382975571352
 10
136.16937989647778
 20
231.0538147325775
 10
136.2469788288621
 20
231.03426771496282
 10
136.32469345317523
 20
231.01518584761828
 10
136.40252015396297
 20
230.99656635741917
 10
136.48045539954447
 20
230.97840655198848
 10
136.55849573856688
 20
230.960703818352
 10
136.63663779669426
 20
230.9434556216287
 10
136.71487827342366
 20
230.9266595037554
 10
136.79321393902225
 20
230.91031308224734
 10
136.87164163157922
 20
230.89441404899333
 10
136.95015825416704
 20
230.87896016908684
 10
137.02876077210624
 20
230.8639492796919
 10
137.10744621032867
 20
230.84937928894453
 10
137.18621165083448
 20
230.8352481748887
 10
137.26505423023733
 20
230.8215539844477
 10
137.34397113739442
 20
230.8082948324294
 10
137.422959611116
 20
230.79546890056656
 10
137.50201693795097
 20
230.7830744365903
 10
137.58114045004407
 20
230.771109753338
 10
137.66032752306162
 20
230.75957322789395
 10
137.73957557418132
 20
230.7484633007636
 10
137.81888206014358
 20
230.73777847507966
 10
137.89824447536037
 20
230.72751731584145
 10
137.97766035007908
 20
230.7176784491853
 10
138.05712724859762
 20
230.7082605616871
 10
138.13664276752885
 20
230.6992623996956
 10
138.2162045341104
 20
230.69068276869712
 10
138.29581020455848
 20
230.68252053271004
 10
138.37545746246172
 20
230.67477461371016
 10
138.45514401721405
 20
230.66744399108535
 10
138.53486760248293
 20
230.66052770111975
 10
138.61462597471132
 20
230.65402483650757
 10
138.6944169116512
 20
230.64793454589523
 10
138.77423821092603
 20
230.64225603345233
 10
138.85408768862058
 20
230.6369885584711
 10
138.93396317789563
 20
230.63213143499348
 10
139.0138625276259
 20
230.62768403146652
 10
139.0937836010592
 20
230.6236457704249
 10
139.17372427449482
 20
230.62001612820114
 10
139.25368243597953
 20
230.61679463466277
 10
139.33365598401915
 20
230.61398087297675
 10
139.4136428263041
 20
230.61157447940047
 10
139.49364087844725
 20
230.60957514309962
 10
139.57364806273213
 20
230.60798260599233
 10
139.65366230687016
 20
230.60679666262047
 10
139.7336815427649
 20
230.6060171600463
 10
139.81370370528202
 20
230.60564399777633
 10
139.8937267310229
 20
230.60567712771098
 10
139.9737485571008
 20
230.60611655412038
 10
140.05376711991772
 20
230.60696233364678
 10
140.1337803539399
 20
230.60821457533257
 10
140.21378619047138
 20
230.60987344067496
 10
140.29378255642288
 20
230.61193914370688
 10
140.3737673730751
 20
230.61441195110393
 10
140.45373855483462
 20
230.6172921823179
 10
140.5336940079804
 20
230.62058020973672
 10
140.61363162939992
 20
230.62427645887107
 10
140.69354930531247
 20
230.62838140856752
 10
140.7734449099783
 20
230.63289559124877
 10
140.8533163043919
 20
230.63781959318078
 10
140.93316133495745
 20
230.64315405476702
 10
141.01297783214437
 20
230.64889967087026
 10
141.0927636091219
 20
230.6550571911622
 10
141.17251646036976
 20
230.66162742050017
 10
141.25223416026355
 20
230.66861121933306
 10
141.33191446163292
 20
230.67600950413453
 10
141.4115550942897
 20
230.68382324786563
 10
141.49115376352478
 20
230.6920534804658
 10
141.57070814857084
 20
230.70070128937357
 10
141.65021590102864
 20
230.70976782007642
 10
141.72967464325492
 20
230.71925427669072
 10
141.80908196670885
 20
230.72916192257173
 10
141.88843543025493
 20
230.73949208095445
 10
141.96773255841936
 20
230.75024613562482
 10
142.0469708395971
 20
230.7614255316227
 10
142.1261477242069
 20
230.7730317759765
 10
142.2052606227911
 20
230.78506643846902
 10
142.28430690405688
 20
230.7975311524367
 10
142.3632838928562
 20
230.81042761560087
 10
142.44218886810037
 20
230.82375759093213
 10
142.5210190606059
 20
230.83752290754842
 10
142.59977165086792
 20
230.85172546164665
 10
142.67844376675717
 20
230.86636721746822
 10
142.75703248113618
 20
230.8814502082992
 10
142.8355348093907
 20
230.89697653750483
 10
142.91394770687165
 20
230.91294837959896
 10
142.99226806624253
 20
230.92936798134872
 10
143.07049271472786
 20
230.94623766291392
 10
143.14861841125685
 20
230.96355981902218
 10
143.22664184349702
 20
230.98133692017916
 10
143.30455962477203
 20
230.99957151391402
 10
143.38236829085753
 20
231.01826622606018
 10
143.4600642966484
 20
231.03742376207083
 10
143.53764401269112
 20
231.05704690836956
 10
143.6151037215738
 20
231.07713853373423
 10
143.6924396141665
 20
231.0977015907157
 10
143.76964778570402
 20
231.11873911708835
 10
143.84672423170298
 20
231.14025423733312
 10
143.9236648437044
 20
231.16225016415137
 10
144.00046540483265
 20
231.18473020000818
 10
144.07712158516134
 20
231.20769773870376
 10
144.15362893687563
 20
231.23115626697086
 10
144.2299828892209
 20
231.25510936609612
 10
144.30617874322604
 20
231.279560713563
 10
144.38221166618996
 20
231.30451408471328
 10
144.45807668591894
 20
231.32997335442343
 10
144.53376868470136
 20
231.35594249879296
 10
144.60928239300694
 20
231.38242559683943
 10
144.68461238289535
 20
231.4094268321956
 10
144.75975306111968
 20
231.4369504948031
 10
144.8346986619087
 20
231.4650009825964
 10
144.90944323941136
 20
231.4935828031696
 10
144.98398065978637
 20
231.52270057541813
 10
145.0583045929183
 20
231.55235903114612
 10
145.1324085037416
 20
231.58256301662965
 10
145.20628564315246
 20
231.6133174941238
 10
145.2799290384877
 20
231.64462754330128
 10
145.35333148354943
 20
231.67649836260773
 10
145.42648552815274
 20
231.70893527051817
 10
145.49938346717315
 20
231.7419437066764
 10
145.57201732906984
 20
231.77552923289755
 10
145.64437886385946
 20
231.80969753401132
 10
145.71645953051515
 20
231.84445441852165
 10
145.78825048376393
 20
231.8798058190551
 10
145.85974256025565
 20
231.91575779256726
 10
145.93092626407636
 20
231.9523165202737
 10
146.00179175157723
 20
231.98948830726806
 10
146.07232881549203
 20
232.02727958178463
 10
146.14252686831423
 20
232.06569689406155
 10
146.21237492490658
 20
232.10474691475144
 10
146.28186158431515
 20
232.14443643282516
  0
LWPOLYLINE
  5
B7
330
17
100
AcDbEntity
  8
01-VISIBLE
100
AcDbPolyline
 90
33
 70
0
 10
143.38625931535626
 20
233.81621318227468
 10
143.45716659896428
 20
233.8579886892682
 10
143.52731098336182
 20
233.90103273439678
 10
143.59664418883116
 20
233.9453714154139
 10
143.66511432363197
 20
233.99103145229344
 10
143.73266557556013
 20
234.03804008608245
 10
143.7992378818192
 20
234.08642494722562
 10
143.8647665779259
 20
234.13621388710135
 10
143.9291820273506
 20
234.1874347654831
 10
143.99240923492
 20
234.24011518553158
 10
144.05436744876815
 20
234.29428216676808
 10
144.11496975791903
 20
234.3499617453325
 10
144.1741226955185
 20
234.4071784897978
 10
144.23172586142465
 20
234.46595492002984
 10
144.28767158239904
 20
234.52631081626765
 10
144.34184463357764
 20
234.58826240603275
 10
144.39412205121968
 20
234.65182141803962
 10
144.44437307379076
 20
234.71699399544758
 10
144.49245925589264
 20
234.78377946612062
 10
144.5382348067972
 20
234.85216897566158
 10
144.58154721139536
 20
234.92214400042002
 10
144.6222381948299
 20
234.99367477284756
 10
144.66014509108862
 20
235.06671867049874
 10
144.69510266817423
 20
235.14121864201195
 10
144.72694544581327
 20
235.21710176695956
 10
144.75551051406737
 20
235.29427806871115
 10
144.78064082178446
 20
235.37263971632404
 10
144.80218885365423
 20
235.4520607578312
 10
144.82002055754464
 20
235.5323975178061
 10
144.83401932680394
 20
235.61348976244807
 10
144.84408979507933
 20
235.69516268414253
 10
144.85016117491176
 20
235.77722968728887
 10
144.85218987551758
 20
235.8594958760463
  0
LWPOLYLINE
  5
B8
330
17
100
AcDbEntity
  8
01-VISIBLE
100
AcDbPolyline
 90
125
 70
0
 10
134.8421898755176
 20
235.8594958760463
 10
134.84413433481498
 20
235.77895549974352
 10
134.8499541849784
 20
235.698602067173
 10
134.85960934973417
 20
235.61861866055676
 10
134.87303467983992
 20
235.53918088039734
 10
134.89014226905243
 20
235.46045367809472
 10
134.9108244189642
 20
235.38258879937183
 10
134.93495702571101
 20
235.30572292940928
 10
134.96240315568144
 20
235.22997656161863
 10
134.993016597299
 20
235.15545355131746
 10
135.02664521414877
 20
235.08224127002404
 10
135.06313397227237
 20
235.01041124841788
 10
135.10232756319112
 20
234.94002018540084
 10
135.1440725880386
 20
234.8711112039312
 10
135.18821930352004
 20
234.80371524711796
 10
135.23462295598694
 20
234.73785252618688
 10
135.2831447461418
 20
234.67353395183721
 10
135.3336524752074
 20
234.61076249964697
 10
135.38602092565418
 20
234.54953447702536
 10
135.44013202763534
 20
234.48984067303354
 10
135.49587485773677
 20
234.4316673830735
 10
135.55314551076833
 20
234.37499730822788
 10
135.61184687901437
 20
234.3198103343451
 10
135.6718883672201
 20
234.26608419929642
 10
135.73318556597053
 20
234.213795058661
 10
135.79565990119562
 20
234.16291796083277
 10
135.85923827335975
 20
234.11342724253018
 10
135.9238526964457
 20
234.0652968551912
 10
135.98943994405755
 20
234.0185006319532
 10
136.0559412077584
 20
233.973012503983
 10
136.12330177103945
 20
233.92880667394547
 10
136.19147070100163
 20
233.88585775343478
 10
136.26040055884096
 20
233.84414087028227
 10
136.330047129501
 20
233.80363175082277
 10
136.40036917033004
 20
233.76430678145442
 10
136.471328178214
 20
233.72614305316563
 10
136.54288817441065
 20
233.6891183921308
 10
136.61501550615466
 20
233.65321137897638
 10
136.68767866401706
 20
233.61840135889605
 10
136.76084811396393
 20
233.58466844443092
 10
136.83449614305744
 20
233.55199351242197
 10
136.90859671776496
 20
233.52035819638672
 10
136.983125353881
 20
233.48974487535003
 10
137.05805899711672
 20
233.46013665998112
 10
137.1333759134681
 20
233.43151737673287
 10
137.20905558853292
 20
233.40387155055487
 10
137.28507863500644
 20
233.37718438664461
 10
137.3614267076438
 20
233.35144175161423
 10
137.43808242503542
 20
233.3266301543764
 10
137.51502929759374
 20
233.30273672699468
 10
137.5922516612019
 20
233.2797492056916
 10
137.66973461602086
 20
233.2576559121688
 10
137.74746396999655
 20
233.2364457353587
 10
137.825426186648
 20
233.21610811369987
 10
137.9036083367551
 20
233.19663301800665
 10
137.98199805359792
 20
233.17801093498326
 10
138.06058349143106
 20
233.16023285142018
 10
138.13935328690383
 20
233.1432902390966
 10
138.21829652316302
 20
233.12717504040398
 10
138.2974026963983
 20
233.11187965469867
 10
138.37666168461044
 20
233.09739692538415
 10
138.45606371840185
 20
233.08372012772008
 10
138.53559935360653
 20
233.0708429573516
 10
138.61525944559068
 20
233.05875951954886
 10
138.69503512507015
 20
233.04746431914532
 10
138.77491777530236
 20
233.03695225116348
 10
138.85489901052281
 20
233.02721859211334
 10
138.9349706555046
 20
233.01825899195052
 10
139.01512472612973
 20
233.01006946668048
 10
139.09535341086854
 20
233.0026463915953
 10
139.17564905306992
 20
232.99598649513
 10
139.25600413397288
 20
232.99008685332666
 10
139.3364112563536
 20
232.98494488489393
 10
139.4168631287288
 20
232.98055834685272
 10
139.49735255003912
 20
232.97692533075735
 10
139.5778723947404
 20
232.97404425948503
 10
139.6584155982341
 20
232.97191388458492
 10
139.73897514256922
 20
232.97053328418207
 10
139.81954404235262
 20
232.96990186143057
 10
139.90011533080317
 20
232.97001934351294
 10
139.98068204588856
 20
232.97088578118235
 10
140.0612372164832
 20
232.97250154884802
 10
140.14177384848568
 20
232.9748673452027
 10
140.22228491083465
 20
232.97798419439488
 10
140.30276332136032
 20
232.98185344774708
 10
140.38320193240855
 20
232.98647678602572
 10
140.4635935161719
 20
232.99185622226668
 10
140.54393074966066
 20
232.99799410516334
 10
140.62420619924345
 20
233.0048931230254
 10
140.70441230468433
 20
233.01255630831554
 10
140.78454136259944
 20
233.0209870427757
 10
140.8645855092515
 20
233.03018906315265
 10
140.9445367025956
 20
233.04016646753428
 10
141.0243867034845
 20
233.05092372231024
 10
141.104127055934
 20
233.06246566976876
 10
141.18374906634236
 20
233.07479753634402
 10
141.2632437815499
 20
233.08792494152738
 10
141.34260196561416
 20
233.1018539074559
 10
141.4218140751673
 20
233.11659086919212
 10
141.5008702332096
 20
233.13214268570567
 10
141.57976020118122
 20
233.14851665156976
 10
141.6584733491385
 20
233.16572050937918
 10
141.7369986238474
 20
233.18376246289665
 10
141.81532451458696
 20
233.20265119092983
 10
141.89343901643713
 20
233.22239586193444
 10
141.9713295908044
 20
233.243006149336
 10
142.04898312291326
 20
233.26449224755027
 10
142.12638587596675
 20
233.28686488867584
 10
142.20352344164974
 20
233.31013535981754
 10
142.28038068661644
 20
233.33431552098358
 10
142.35694169456983
 20
233.3594178234805
 10
142.4331897035018
 20
233.38545532870506
 10
142.50910703762133
 20
233.4124417272041
 10
142.58467503345426
 20
233.440391357836
 10
142.65987395954784
 20
233.46931922682535
 10
142.7346829291638
 20
233.49924102644883
 10
142.8090798052871
 20
233.53017315302645
 10
142.8830410972208
 20
233.56213272381552
 10
142.95654184797834
 20
233.59513759231157
 10
143.02955551162455
 20
233.62920636134754
 10
143.1020538196582
 20
233.66435839324987
 10
143.17400663547448
 20
233.70061381614664
 10
143.24538179589868
 20
233.73799352533217
 10
143.3161449387471
 20
233.77651917836147
 10
143.38625931535626
 20
233.81621318227468
  0
LWPOLYLINE
  5
B9
330
17
100
AcDbEntity
  8
01-VISIBLE
100
AcDbPolyline
 90
33
 70
0
 10
143.38625931535626
 20
234.46941044701686
 10
143.45716659896428
 20
234.5111859540104
 10
143.52731098336182
 20
234.55422999913895
 10
143.59664418883116
 20
234.59856868015606
 10
143.66511432363197
 20
234.64422871703562
 10
143.73266557556013
 20
234.69123735082462
 10
143.7992378818192
 20
234.7396222119678
 10
143.8647665779259
 20
234.78941115184352
 10
143.9291820273506
 20
234.84063203022527
 10
143.99240923492
 20
234.89331245027375
 10
144.05436744876815
 20
234.94747943151026
 10
144.11496975791903
 20
235.00315901007468
 10
144.1741226955185
 20
235.06037575453996
 10
144.23172586142465
 20
235.11915218477202
 10
144.28767158239904
 20
235.17950808100983
 10
144.34184463357764
 20
235.24145967077493
 10
144.39412205121968
 20
235.3050186827818
 10
144.44437307379076
 20
235.37019126018976
 10
144.49245925589264
 20
235.4369767308628
 10
144.5382348067972
 20
235.50536624040376
 10
144.58154721139536
 20
235.5753412651622
 10
144.6222381948299
 20
235.64687203758973
 10
144.66014509108862
 20
235.71991593524092
 10
144.69510266817423
 20
235.79441590675412
 10
144.72694544581327
 20
235.87029903170173
 10
144.75551051406737
 20
235.94747533345333
 10
144.78064082178446
 20
236.02583698106622
 10
144.80218885365423
 20
236.10525802257337
 10
144.82002055754464
 20
236.18559478254826
 10
144.83401932680394
 20
236.26668702719024
 10
144.84408979507933
 20
236.3483599488847
 10
144.85016117491176
 20
236.43042695203104
 10
144.85218987551758
 20
236.51269314078849
  0
LWPOLYLINE
  5
BA
330
17
100
AcDbEntity
  8
01-VISIBLE
100
AcDbPolyline
 90
158
 70
0
 10
144.85218987551758
 20
236.51269314078849
 10
144.85025317557088
 20
236.59307268972123
 10
144.84445649598567
 20
236.67326640958458
 10
144.83483959661658
 20
236.7530922947118
 10
144.82146711864203
 20
236.83237574824682
 10
144.80442629521244
 20
236.910952720816
 10
144.78382401966707
 20
236.98867224635848
 10
144.7597834950542
 20
237.06539828499228
 10
144.7324406946854
 20
237.1410108507145
 10
144.7019408440438
 20
237.2154064615658
 10
144.66843509692302
 20
237.28849799491854
 10
144.63207753193484
 20
237.3602140580261
 10
144.59302254751915
 20
237.43049799465854
 10
144.55142269033294
 20
237.499306645665
 10
144.50742691693273
 20
237.56660896883523
 10
144.4611792632892
 20
237.63238460566185
 10
144.41281788049835
 20
237.69662246302232
 10
144.36247438668892
 20
237.75931935891703
 10
144.31027348276436
 20
237.82047876475048
 10
144.2563327814321
 20
237.88010966294792
 10
144.20076280338532
 20
237.93822552809002
 10
144.14366710026243
 20
237.9948434320038
 10
144.08514247021498
 20
238.0499832679384
 10
144.0252792379735
 20
238.1036670856131
 10
143.9641615768561
 20
238.15591852707178
 10
143.90186785503982
 20
238.20676235251682
 10
143.8384709925574
 20
238.256224045281
 10
143.77403881890515
 20
238.30432948556904
 10
143.7086344239205
 20
238.35110468336262
 10
143.64231649678558
 20
238.39657556179594
 10
143.5751396497296
 20
238.44076778327099
 10
143.50715472431554
 20
238.4837066115325
 10
143.4384090791871
 20
238.5254168038212
 10
143.36894685888208
 20
238.56592252804842
 10
143.2988092438457
 20
238.60524730067556
 10
143.228034682146
 20
238.64341394163608
 10
143.1566591036435
 20
238.68044454320892
 10
143.08471611752404
 20
238.71636045024633
 10
143.01223719419295
 20
238.75118224958084
 10
142.93925183257014
 20
238.78492976679877
 10
142.865787713829
 20
238.81762206887146
 10
142.7918708426011
 20
238.84927747139415
 10
142.7175256766317
 20
238.87991354940016
 10
142.64277524582258
 20
238.90954715089816
 10
142.5676412615427
 20
238.93819441243483
 10
142.4921442170307
 20
238.96587077610906
 10
142.41630347965335
 20
238.9925910075728
 10
142.3401373757263
 20
239.01836921463916
 10
142.26366326854784
 20
239.0432188661913
 10
142.18689763024264
 20
239.067152811148
 10
142.10985610796243
 20
239.09018329728787
 10
142.03255358494394
 20
239.11232198977967
 10
141.95500423688034
 20
239.13357998929564
 10
141.8772215840231
 20
239.15396784961513
 10
141.79921853939422
 20
239.17349559464856
 10
141.7210074534547
 20
239.19217273482747
 10
141.64260015554504
 20
239.21000828282456
 10
141.5640079923855
 20
239.22701076857845
 10
141.48524186389824
 20
239.24318825360604
 10
141.4063122565906
 20
239.25854834459642
 10
141.3272292747185
 20
239.27309820628238
 10
141.2480026694291
 20
239.28684457359418
 10
141.16864186606625
 20
239.2997937631004
 10
141.0891559898053
 20
239.31195168374597
 10
141.0095538897718
 20
239.32332384689738
 10
140.929844161785
 20
239.33391537570878
 10
140.8500351698564
 20
239.34373101382033
 10
140.77013506656334
 20
239.35277513340333
 10
140.69015181240968
 20
239.36105174256545
 10
140.61009319427558
 20
239.36856449212928
 10
140.52996684305398
 20
239.37531668179662
 10
140.44978025056253
 20
239.38131126571108
 10
140.36954078581633
 20
239.38655085743056
 10
140.28925571074018
 20
239.39103773431958
 10
140.20893219539622
 20
239.39477384137092
 10
140.1285773327983
 20
239.39776079446574
 10
140.04819815338197
 20
239.3999998830791
 10
139.96780163919559
 20
239.40149207243593
 10
139.88739473787732
 20
239.40223800512513
 10
139.80698437647968
 20
239.40223800217217
 10
139.72657747520347
 20
239.40149206357574
 10
139.64618096110124
 20
239.39999986830725
 10
139.5658017818113
 20
239.39776077377508
 10
139.48544691938227
 20
239.3947738147511
 10
139.40512340424988
 20
239.39103770175757
 10
139.3248383294284
 20
239.38655081891022
 10
139.24459886498036
 20
239.38131122121325
 10
139.16441227283119
 20
239.37531663129909
 10
139.08428592199655
 20
239.3685644356068
 10
139.004227304295
 20
239.3610516799895
 10
138.92424405062036
 20
239.3527750647421
 10
138.844343947854
 20
239.34373093903895
 10
138.76453495650094
 20
239.33391529476887
 10
138.6848252291402
 20
239.3233237597571
 10
138.60522312978495
 20
239.31195159036008
 10
138.52573725425646
 20
239.2997936634202
 10
138.44637645168265
 20
239.28684446756716
 10
138.36714984724154
 20
239.27309809385247
 10
138.28806686627985
 20
239.25854822570375
 10
138.20913725994828
 20
239.24318812818706
 10
138.13037113250655
 20
239.22701063656564
 10
138.05177897046633
 20
239.21000814414663
 10
137.97337167375457
 20
239.19217258940915
 10
137.89516058909692
 20
239.1734954424108
 10
137.81715754583985
 20
239.15396769047487
 10
137.7393748944511
 20
239.13357982316597
 10
137.6618255479599
 20
239.1123218165701
 10
137.58452302662596
 20
239.09018311690392
 10
137.50748150615135
 20
239.06715262349172
 10
137.4307158697826
 20
239.04321867116136
 10
137.35424176468229
 20
239.0183690121309
 10
137.2780756629868
 20
238.99259079747867
 10
137.20223492800733
 20
238.96587055831873
 10
137.12673788607347
 20
238.93819418683574
 10
137.05160390456723
 20
238.90954691737602
 10
136.97685347674377
 20
238.87991330783916
 10
136.90250831398993
 20
238.849277221678
 10
136.82859144622674
 20
238.81762181088385
 10
136.7551273312203
 20
238.78492950042437
 10
136.6821419736246
 20
238.75118197470618
 10
136.60966305463694
 20
238.7163601667612
 10
136.53772007320308
 20
238.68044425100754
 10
136.46634449975585
 20
238.6434136406187
 10
136.39556994351025
 20
238.6052469907503
 10
136.325432334358
 20
238.56592220913308
 10
136.2559701204001
 20
238.52541647584587
 10
136.18722448211636
 20
238.4837062744421
 10
136.1192395640811
 20
238.44076743702817
 10
136.05206272497608
 20
238.39657520638445
 10
135.9857448064037
 20
238.35110431879122
 10
135.92034042063383
 20
238.30432911187552
 10
135.85590825689013
 20
238.25622366253708
 10
135.79251140505187
 20
238.2067619608331
 10
135.73021769465703
 20
238.15591812660352
 10
135.669100045779
 20
238.10366667656615
 10
135.60923682663366
 20
238.04998285057593
 10
135.55071221057483
 20
237.99484300665313
 10
135.49361652236462
 20
237.9382250951499
 10
135.43804656018028
 20
237.88010922289573
 10
135.38410587567873
 20
237.82047831815032
 10
135.3319049895629
 20
237.759318906428
 10
135.28156151454007
 20
237.69662200540802
 10
135.23320015150313
 20
237.63238414380208
 10
135.18695251856016
 20
237.56660850374362
 10
135.14295676677813
 20
237.4993061785156
 10
135.1013569320939
 20
237.4304975268306
 10
135.06230197102988
 20
237.36021359117836
 10
135.02594443021303
 20
237.2884975311108
 10
134.99243870805816
 20
237.21540600345037
 10
134.9619388831473
 20
237.1410104018239
 10
134.93459610920996
 20
237.0653978501453
 10
134.91055561156833
 20
236.98867183218908
 10
134.889953363169
 20
236.9109523363877
 10
134.87291256633765
 20
236.83237540563783
 10
134.85954011315494
 20
236.75309200934078
 10
134.8499232348365
 20
236.6732661998986
 10
134.84412656996975
 20
236.5930725757218
 10
134.8421898755176
 20
236.51269314078849
  0
LWPOLYLINE
  5
BB
330
17
100
AcDbEntity
  8
01-VISIBLE
100
AcDbPolyline
 90
125
 70
0
 10
134.8421898755176
 20
236.51269314078849
 10
134.84413433481498
 20
236.4321527644857
 10
134.8499541849784
 20
236.35179933191517
 10
134.85960934973417
 20
236.27181592529894
 10
134.87303467983992
 20
236.19237814513951
 10
134.89014226905243
 20
236.1136509428369
 10
134.9108244189642
 20
236.035786064114
 10
134.93495702571101
 20
235.95892019415146
 10
134.96240315568144
 20
235.8831738263608
 10
134.993016597299
 20
235.80865081605964
 10
135.02664521414877
 20
235.73543853476622
 10
135.06313397227237
 20
235.66360851316006
 10
135.10232756319112
 20
235.59321745014302
 10
135.1440725880386
 20
235.52430846867338
 10
135.18821930352004
 20
235.45691251186014
 10
135.23462295598694
 20
235.39104979092906
 10
135.2831447461418
 20
235.3267312165794
 10
135.3336524752074
 20
235.26395976438914
 10
135.38602092565418
 20
235.20273174176754
 10
135.44013202763534
 20
235.14303793777572
 10
135.49587485773677
 20
235.08486464781566
 10
135.55314551076833
 20
235.02819457297005
 10
135.61184687901437
 20
234.97300759908728
 10
135.6718883672201
 20
234.9192814640386
 10
135.73318556597053
 20
234.86699232340317
 10
135.79565990119562
 20
234.81611522557495
 10
135.85923827335975
 20
234.76662450727235
 10
135.9238526964457
 20
234.71849411993338
 10
135.98943994405755
 20
234.67169789669538
 10
136.0559412077584
 20
234.62620976872518
 10
136.12330177103945
 20
234.58200393868765
 10
136.19147070100163
 20
234.53905501817695
 10
136.26040055884096
 20
234.49733813502445
 10
136.330047129501
 20
234.45682901556495
 10
136.40036917033004
 20
234.4175040461966
 10
136.471328178214
 20
234.3793403179078
 10
136.54288817441065
 20
234.34231565687298
 10
136.61501550615466
 20
234.30640864371856
 10
136.68767866401706
 20
234.27159862363823
 10
136.76084811396393
 20
234.2378657091731
 10
136.83449614305744
 20
234.20519077716415
 10
136.90859671776496
 20
234.1735554611289
 10
136.983125353881
 20
234.1429421400922
 10
137.05805899711672
 20
234.1133339247233
 10
137.1333759134681
 20
234.08471464147505
 10
137.20905558853292
 20
234.05706881529704
 10
137.28507863500644
 20
234.0303816513868
 10
137.3614267076438
 20
234.0046390163564
 10
137.43808242503542
 20
233.97982741911858
 10
137.51502929759374
 20
233.95593399173686
 10
137.5922516612019
 20
233.93294647043376
 10
137.66973461602086
 20
233.91085317691096
 10
137.74746396999655
 20
233.88964300010088
 10
137.825426186648
 20
233.86930537844205
 10
137.9036083367551
 20
233.84983028274883
 10
137.98199805359792
 20
233.83120819972544
 10
138.06058349143106
 20
233.81343011616235
 10
138.13935328690383
 20
233.79648750383876
 10
138.21829652316302
 20
233.78037230514616
 10
138.2974026963983
 20
233.76507691944084
 10
138.37666168461044
 20
233.75059419012632
 10
138.45606371840185
 20
233.73691739246226
 10
138.53559935360653
 20
233.72404022209378
 10
138.61525944559068
 20
233.71195678429103
 10
138.69503512507015
 20
233.7006615838875
 10
138.77491777530236
 20
233.69014951590566
 10
138.85489901052281
 20
233.68041585685552
 10
138.9349706555046
 20
233.6714562566927
 10
139.01512472612973
 20
233.66326673142265
 10
139.09535341086854
 20
233.65584365633748
 10
139.17564905306992
 20
233.6491837598722
 10
139.25600413397288
 20
233.64328411806883
 10
139.3364112563536
 20
233.6381421496361
 10
139.4168631287288
 20
233.6337556115949
 10
139.49735255003912
 20
233.63012259549953
 10
139.5778723947404
 20
233.6272415242272
 10
139.6584155982341
 20
233.6251111493271
 10
139.73897514256922
 20
233.62373054892424
 10
139.81954404235262
 20
233.62309912617275
 10
139.90011533080317
 20
233.62321660825512
 10
139.98068204588856
 20
233.62408304592452
 10
140.0612372164832
 20
233.6256988135902
 10
140.14177384848568
 20
233.6280646099449
 10
140.22228491083465
 20
233.63118145913705
 10
140.30276332136032
 20
233.63505071248926
 10
140.38320193240855
 20
233.6396740507679
 10
140.4635935161719
 20
233.64505348700885
 10
140.54393074966066
 20
233.65119136990552
 10
140.62420619924345
 20
233.65809038776757
 10
140.70441230468433
 20
233.6657535730577
 10
140.78454136259944
 20
233.67418430751786
 10
140.8645855092515
 20
233.68338632789482
 10
140.9445367025956
 20
233.69336373227645
 10
141.0243867034845
 20
233.70412098705242
 10
141.104127055934
 20
233.71566293451093
 10
141.18374906634236
 20
233.7279948010862
 10
141.2632437815499
 20
233.74112220626955
 10
141.34260196561416
 20
233.75505117219808
 10
141.4218140751673
 20
233.7697881339343
 10
141.5008702332096
 20
233.78533995044785
 10
141.57976020118122
 20
233.80171391631194
 10
141.6584733491385
 20
233.81891777412136
 10
141.7369986238474
 20
233.83695972763883
 10
141.81532451458696
 20
233.855848455672
 10
141.89343901643713
 20
233.87559312667662
 10
141.9713295908044
 20
233.89620341407817
 10
142.04898312291326
 20
233.91768951229244
 10
142.12638587596675
 20
233.940062153418
 10
142.20352344164974
 20
233.9633326245597
 10
142.28038068661644
 20
233.98751278572576
 10
142.35694169456983
 20
234.01261508822267
 10
142.4331897035018
 20
234.03865259344724
 10
142.50910703762133
 20
234.0656389919463
 10
142.58467503345426
 20
234.09358862257818
 10
142.65987395954784
 20
234.12251649156752
 10
142.7346829291638
 20
234.152438291191
 10
142.8090798052871
 20
234.18337041776863
 10
142.8830410972208
 20
234.2153299885577
 10
142.95654184797834
 20
234.24833485705375
 10
143.02955551162455
 20
234.28240362608972
 10
143.1020538196582
 20
234.31755565799205
 10
143.17400663547448
 20
234.35381108088882
 10
143.24538179589868
 20
234.39119079007435
 10
143.3161449387471
 20
234.42971644310364
 10
143.38625931535626
 20
234.46941044701686
  0
LWPOLYLINE
  5
BC
330
17
100
AcDbEntity
  8
01-VISIBLE
100
AcDbPolyline
 90
204
 70
0
 10
84.15281012448241
 20
113.6306086914044
 10
84.20619042680204
 20
113.57063966096754
 10
84.25983622204555
 20
113.5109080104599
 10
84.3137448077168
 20
113.45141342296483
 10
84.36791350804413
 20
113.39215556623714
 10
84.42233967390197
 20
113.3331340932278
 10
84.47702068272295
 20
113.27434864259746
 10
84.53195393840109
 20
113.21579883921878
 10
84.58713687118612
 20
113.15748429466771
 10
84.64256693756982
 20
113.09940460770379
 10
84.69824162016471
 20
113.04155936473958
 10
84.7541584275751
 20
112.98394814029942
 10
84.81031489426161
 20
112.92657049746747
 10
84.86670858039886
 20
112.86942598832545
 10
84.92333707172727
 20
112.81251415437974
 10
84.98019797939884
 20
112.7558345269786
 10
85.03728893981773
 20
112.69938662771902
 10
85.09460761447558
 20
112.64316996884382
 10
85.15215168978214
 20
112.58718405362889
 10
85.20991887689152
 20
112.53142837676081
 10
85.26790691152414
 20
112.47590242470501
 10
85.32611355378495
 20
112.42060567606451
 10
85.38453658797815
 20
112.36553760192965
 10
85.4431738224184
 20
112.31069766621857
 10
85.50202308923923
 20
112.2560853260091
 10
85.56108224419859
 20
112.20170003186166
 10
85.6203491664817
 20
112.14754122813385
 10
85.6798217585019
 20
112.09360835328651
 10
85.73949794569913
 20
112.03990084018164
 10
85.79937567633672
 20
111.98641811637215
 10
85.85945292129642
 20
111.93315960438379
 10
85.91972767387193
 20
111.8801247219893
 10
85.98019794956127
 20
111.82731288247493
 10
86.04086178585793
 20
111.77472349489955
 10
86.10171724204102
 20
111.72235596434642
 10
86.16276239896484
 20
111.67020969216797
 10
86.2239953588477
 20
111.61828407622338
 10
86.28541424506022
 20
111.56657851110953
 10
86.34701720191342
 20
111.51509238838514
 10
86.40880239444647
 20
111.46382509678844
 10
86.4707680082146
 20
111.41277602244841
 10
86.53291224907682
 20
111.36194454908987
 10
86.59523334298387
 20
111.31133005823231
 10
86.6577295357666
 20
111.26093192938292
 10
86.72039909292451
 20
111.21074954022367
 10
86.78324029941494
 20
111.16078226679286
 10
86.84625145944283
 20
111.11102948366093
 10
86.90943089625091
 20
111.061490564101
 10
86.97277695191109
 20
111.0121648802541
 10
87.03628798711614
 20
110.96305180328912
 10
87.09996238097277
 20
110.91415070355797
 10
87.16379853079533
 20
110.86546095074553
 10
87.22779485190068
 20
110.81698191401512
 10
87.29194977740428
 20
110.76871296214902
 10
87.35626175801718
 20
110.72065346368473
 10
87.42072926184447
 20
110.67280278704645
 10
87.48535077418482
 20
110.62516030067263
 10
87.5501247973315
 20
110.577725373139
 10
87.61504985037465
 20
110.53049737327763
 10
87.68012446900485
 20
110.48347567029201
 10
87.7453472053185
 20
110.4366596338682
 10
87.81071662762422
 20
110.39004863428221
 10
87.87623132025101
 20
110.34364204250363
 10
87.94188988335807
 20
110.29743923029585
 10
88.00769093274576
 20
110.25143957031254
 10
88.07363309966865
 20
110.20564243619094
 10
88.13971503064987
 20
110.16004720264173
 10
88.20593538729713
 20
110.1146532455357
 10
88.27229284612056
 20
110.06945994198733
 10
88.33878609835202
 20
110.02446667043527
 10
88.4054138497662
 20
109.97967281071993
 10
88.47217482050348
 20
109.9350777441581
 10
88.5390677448944
 20
109.89068085361481
 10
88.6060913712858
 20
109.8464815235726
 10
88.67324446186888
 20
109.80247914019789
 10
88.74052579250886
 20
109.75867309140499
 10
88.80793415257642
 20
109.71506276691751
 10
88.87546834478086
 20
109.67164755832742
 10
88.94312718500503
 20
109.62842685915169
 10
89.01090950214203
 20
109.58540006488661
 10
89.07881413793368
 20
109.54256657306007
 10
89.14683994681059
 20
109.4999257832814
 10
89.21498579573421
 20
109.45747709728937
 10
89.28325056404046
 20
109.41521991899803
 10
89.35163314328514
 20
109.37315365454057
 10
89.4201324370911
 20
109.33127771231133
 10
89.48874736099708
 20
109.28959150300588
 10
89.55747684230846
 20
109.24809443965934
 10
89.62631981994949
 20
109.20678593768292
 10
89.69527524431729
 20
109.16566541489883
 10
89.76434207713774
 20
109.12473229157337
 10
89.83351929132283
 20
109.08398599044871
 10
89.90280587082987
 20
109.0434259367728
 10
89.97220081052215
 20
109.00305155832802
 10
90.04170311603161
 20
108.96286228545824
 10
90.11131180362281
 20
108.92285755109452
 10
90.18102590005881
 20
108.88303679077946
 10
90.25084444246843
 20
108.84339944269013
 10
90.32076647821552
 20
108.80394494765989
 10
90.39079106476927
 20
108.76467274919874
 10
90.46091726957673
 20
108.72558229351266
 10
90.53114416993638
 20
108.68667302952171
 10
90.60147085287372
 20
108.64794440887692
 10
90.67189641501801
 20
108.60939588597626
 10
90.7424199624808
 20
108.57102691797934
 10
90.81304061073601
 20
108.53283696482133
 10
90.8837574845013
 20
108.49482548922562
 10
90.95456971762121
 20
108.45699195671574
 10
91.02547645295157
 20
108.41933583562623
 10
91.0964768422454
 20
108.38185659711266
 10
91.16757004604051
 20
108.34455371516073
 10
91.23875523354819
 20
108.30742666659464
 10
91.31003158254356
 20
108.27047493108446
 10
91.38139827925725
 20
108.23369799115298
 10
91.4528545182685
 20
108.19709533218152
 10
91.52439950239955
 20
108.16066644241516
 10
91.5960324426116
 20
108.12441081296731
 10
91.6677525579019
 20
108.08832793782345
 10
91.7395590752023
 20
108.05241731384433
 10
91.81145122927902
 20
108.01667844076844
 10
91.88342826263391
 20
107.98111082121399
 10
91.95548942540682
 20
107.94571396068012
 10
92.02763397527923
 20
107.91048736754773
 10
92.09986117737941
 20
107.87543055307958
 10
92.1721703041884
 20
107.84054303142001
 10
92.24456063544758
 20
107.80582431959402
 10
92.31703145806739
 20
107.77127393750598
 10
92.389582066037
 20
107.73689140793775
 10
92.4622117603355
 20
107.70267625654633
 10
92.53491984884411
 20
107.66862801186129
 10
92.6077056462594
 20
107.63474620528146
 10
92.68056847400804
 20
107.6010303710714
 10
92.75350766016224
 20
107.56748004635747
 10
92.82652253935659
 20
107.53409477112348
 10
92.89961245270591
 20
107.50087408820593
 10
92.97277674772413
 20
107.46781754328907
 10
93.04601477824444
 20
107.43492468489936
 10
93.11932590434014
 20
107.40219506439992
 10
93.19270949224702
 20
107.36962823598432
 10
93.26616491428626
 20
107.33722375667051
 10
93.33969154878871
 20
107.30498118629393
 10
93.41328878002005
 20
107.27290008750086
 10
93.48695599810691
 20
107.24098002574124
 10
93.56069259896398
 20
107.20922056926116
 10
93.63449798422221
 20
107.17762128909541
 10
93.70837156115769
 20
107.1461817590595
 10
93.7823127426218
 20
107.11490155574165
 10
93.85632094697198
 20
107.0837802584945
 10
93.93039559800366
 20
107.05281744942664
 10
94.0045361248829
 20
107.02201271339392
 10
94.07874196208007
 20
106.99136563799063
 10
94.15301254930424
 20
106.96087581354048
 10
94.2273473314387
 20
106.9305428330874
 10
94.3017457584769
 20
106.90036629238625
 10
94.37620728545986
 20
106.87034578989326
 10
94.45073137241368
 20
106.84048092675648
 10
94.52531748428848
 20
106.810771306806
 10
94.5999650908978
 20
106.78121653654406
 10
94.67467366685887
 20
106.75181622513513
 10
94.74944269153377
 20
106.72256998439565
 10
94.82427164897126
 20
106.69347742878398
 10
94.89916002784938
 20
106.66453817539
 10
94.97410732141881
 20
106.63575184392477
 10
95.04911302744694
 20
106.60711805670998
 10
95.12417664816284
 20
106.57863643866742
 10
95.19929769020276
 20
106.55030661730834
 10
95.27447566455628
 20
106.52212822272278
 10
95.34971008651351
 20
106.4941008875687
 10
95.42500047561256
 20
106.46622424706128
 10
95.50034635558802
 20
106.43849793896189
 10
95.57574725431988
 20
106.41092160356727
 10
95.65120270378327
 20
106.38349488369852
 10
95.72671223999876
 20
106.35621742469007
 10
95.80227540298335
 20
106.32908887437864
 10
95.87789173670213
 20
106.30210888309212
 10
95.95356078902039
 20
106.27527710363853
 10
96.02928211165658
 20
106.24859319129482
 10
96.1050552601358
 20
106.2220568037957
 10
96.18087979374366
 20
106.19566760132255
 10
96.25675527548115
 20
106.16942524649218
 10
96.33268127201977
 20
106.14332940434561
 10
96.40865735365739
 20
106.11737974233691
 10
96.48468309427443
 20
106.09157593032198
 10
96.56075807129113
 20
106.06591764054735
 10
96.6368818656247
 20
106.04040454763899
 10
96.71305406164751
 20
106.01503632859105
 10
96.78927424714557
 20
105.98981266275479
 10
96.8655420132777
 20
105.96473323182724
 10
96.94185695453498
 20
105.9397977198402
 10
97.01821866870101
 20
105.915005813149
 10
97.09462675681246
 20
105.89035720042133
 10
97.17108082312006
 20
105.86585157262628
 10
97.24758047505041
 20
105.84148862302311
 10
97.32412532316798
 20
105.81726804715021
 10
97.40071498113753
 20
105.79318954281413
 10
97.47734906568735
 20
105.76925281007851
 10
97.55402719657258
 20
105.74545755125312
 10
97.63074899653921
 20
105.72180347088297
 10
97.70751409128852
 20
105.69829027573728
 10
97.78432210944179
 20
105.6749176747987
 10
97.86117268250572
 20
105.65168537925248
 10
97.93806544483795
 20
105.62859310247562
 10
98.0150000336134
 20
105.6056405600261
 10
98.09197608879055
 20
105.58282746963222
  0
LINE
  5
BD
330
17
100
AcDbEntity
  8
01-VISIBLE
100
AcDbLine
 10
98.09197608879057
 20
95.7848684984995
 30
0.0
 11
98.09197608879057
 21
105.58282746963222
 31
0.0
  0
LWPOLYLINE
  5
BE
330
17
100
AcDbEntity
  8
01-VISIBLE
100
AcDbPolyline
 90
204
 70
0
 10
84.15281012448241
 20
103.83264972027169
 10
84.20619042680204
 20
103.77268068983483
 10
84.25983622204555
 20
103.71294903932719
 10
84.3137448077168
 20
103.65345445183212
 10
84.36791350804413
 20
103.59419659510444
 10
84.42233967390197
 20
103.5351751220951
 10
84.47702068272295
 20
103.47638967146474
 10
84.53195393840109
 20
103.41783986808608
 10
84.58713687118612
 20
103.359525323535
 10
84.64256693756982
 20
103.30144563657109
 10
84.69824162016471
 20
103.24360039360687
 10
84.7541584275751
 20
103.1859891691667
 10
84.81031489426161
 20
103.12861152633477
 10
84.86670858039886
 20
103.07146701719273
 10
84.92333707172727
 20
103.01455518324703
 10
84.98019797939884
 20
102.95787555584589
 10
85.03728893981773
 20
102.90142765658632
 10
85.09460761447558
 20
102.8452109977111
 10
85.15215168978214
 20
102.78922508249619
 10
85.20991887689152
 20
102.7334694056281
 10
85.26790691152414
 20
102.6779434535723
 10
85.32611355378495
 20
102.6226467049318
 10
85.38453658797815
 20
102.56757863079693
 10
85.4431738224184
 20
102.51273869508586
 10
85.50202308923923
 20
102.45812635487638
 10
85.56108224419859
 20
102.40374106072895
 10
85.6203491664817
 20
102.34958225700113
 10
85.6798217585019
 20
102.29564938215381
 10
85.73949794569913
 20
102.24194186904893
 10
85.79937567633672
 20
102.18845914523943
 10
85.85945292129642
 20
102.13520063325109
 10
85.91972767387193
 20
102.0821657508566
 10
85.98019794956127
 20
102.02935391134223
 10
86.04086178585793
 20
101.97676452376683
 10
86.10171724204102
 20
101.92439699321372
 10
86.16276239896484
 20
101.87225072103526
 10
86.2239953588477
 20
101.82032510509066
 10
86.28541424506022
 20
101.76861953997681
 10
86.34701720191342
 20
101.71713341725243
 10
86.40880239444647
 20
101.66586612565573
 10
86.4707680082146
 20
101.6148170513157
 10
86.53291224907682
 20
101.56398557795717
 10
86.59523334298387
 20
101.51337108709961
 10
86.6577295357666
 20
101.4629729582502
 10
86.72039909292451
 20
101.41279056909096
 10
86.78324029941494
 20
101.36282329566015
 10
86.84625145944283
 20
101.31307051252821
 10
86.90943089625091
 20
101.26353159296829
 10
86.97277695191109
 20
101.21420590912139
 10
87.03628798711614
 20
101.1650928321564
 10
87.09996238097277
 20
101.11619173242525
 10
87.16379853079533
 20
101.06750197961281
 10
87.22779485190068
 20
101.0190229428824
 10
87.29194977740428
 20
100.97075399101632
 10
87.35626175801718
 20
100.92269449255201
 10
87.42072926184447
 20
100.87484381591375
 10
87.48535077418482
 20
100.82720132953992
 10
87.5501247973315
 20
100.77976640200629
 10
87.61504985037465
 20
100.73253840214491
 10
87.68012446900485
 20
100.68551669915931
 10
87.7453472053185
 20
100.63870066273549
 10
87.81071662762422
 20
100.5920896631495
 10
87.87623132025101
 20
100.54568307137092
 10
87.94188988335807
 20
100.49948025916314
 10
88.00769093274576
 20
100.45348059917983
 10
88.07363309966865
 20
100.40768346505823
 10
88.13971503064987
 20
100.36208823150903
 10
88.20593538729713
 20
100.316694274403
 10
88.27229284612056
 20
100.27150097085462
 10
88.33878609835202
 20
100.22650769930257
 10
88.4054138497662
 20
100.18171383958722
 10
88.47217482050348
 20
100.13711877302538
 10
88.5390677448944
 20
100.0927218824821
 10
88.6060913712858
 20
100.04852255243989
 10
88.67324446186888
 20
100.00452016906519
 10
88.74052579250886
 20
99.96071412027229
 10
88.80793415257642
 20
99.91710379578481
 10
88.87546834478086
 20
99.87368858719472
 10
88.94312718500503
 20
99.83046788801897
 10
89.01090950214203
 20
99.7874410937539
 10
89.07881413793368
 20
99.74460760192736
 10
89.14683994681059
 20
99.70196681214868
 10
89.21498579573421
 20
99.65951812615666
 10
89.28325056404046
 20
99.61726094786532
 10
89.35163314328514
 20
99.57519468340786
 10
89.4201324370911
 20
99.53331874117862
 10
89.48874736099708
 20
99.49163253187317
 10
89.55747684230846
 20
99.45013546852663
 10
89.62631981994949
 20
99.40882696655021
 10
89.69527524431729
 20
99.36770644376611
 10
89.76434207713774
 20
99.32677332044065
 10
89.83351929132283
 20
99.28602701931601
 10
89.90280587082987
 20
99.24546696564009
 10
89.97220081052215
 20
99.20509258719531
 10
90.04170311603161
 20
99.16490331432553
 10
90.11131180362281
 20
99.12489857996181
 10
90.18102590005881
 20
99.08507781964674
 10
90.25084444246843
 20
99.04544047155741
 10
90.32076647821552
 20
99.00598597652717
 10
90.39079106476927
 20
98.96671377806602
 10
90.46091726957673
 20
98.92762332237996
 10
90.53114416993638
 20
98.888714058389
 10
90.60147085287372
 20
98.84998543774421
 10
90.67189641501801
 20
98.81143691484354
 10
90.7424199624808
 20
98.77306794684662
 10
90.81304061073601
 20
98.73487799368861
 10
90.8837574845013
 20
98.6968665180929
 10
90.95456971762121
 20
98.65903298558302
 10
91.02547645295157
 20
98.62137686449353
 10
91.0964768422454
 20
98.58389762597994
 10
91.16757004604051
 20
98.54659474402803
 10
91.23875523354819
 20
98.50946769546192
 10
91.31003158254356
 20
98.47251595995175
 10
91.38139827925725
 20
98.43573902002026
 10
91.4528545182685
 20
98.3991363610488
 10
91.52439950239955
 20
98.36270747128245
 10
91.5960324426116
 20
98.3264518418346
 10
91.6677525579019
 20
98.29036896669074
 10
91.7395590752023
 20
98.25445834271162
 10
91.81145122927902
 20
98.21871946963573
 10
91.88342826263391
 20
98.18315185008129
 10
91.95548942540682
 20
98.14775498954742
 10
92.02763397527923
 20
98.11252839641503
 10
92.09986117737941
 20
98.07747158194687
 10
92.1721703041884
 20
98.0425840602873
 10
92.24456063544758
 20
98.00786534846131
 10
92.31703145806739
 20
97.97331496637327
 10
92.389582066037
 20
97.93893243680503
 10
92.4622117603355
 20
97.90471728541362
 10
92.53491984884411
 20
97.87066904072859
 10
92.6077056462594
 20
97.83678723414874
 10
92.68056847400804
 20
97.80307139993869
 10
92.75350766016224
 20
97.76952107522476
 10
92.82652253935659
 20
97.73613579999076
 10
92.89961245270591
 20
97.70291511707322
 10
92.97277674772413
 20
97.66985857215636
 10
93.04601477824444
 20
97.63696571376664
 10
93.11932590434014
 20
97.6042360932672
 10
93.19270949224702
 20
97.57166926485161
 10
93.26616491428626
 20
97.5392647855378
 10
93.33969154878871
 20
97.50702221516121
 10
93.41328878002005
 20
97.47494111636814
 10
93.48695599810691
 20
97.44302105460852
 10
93.56069259896398
 20
97.41126159812845
 10
93.63449798422221
 20
97.3796623179627
 10
93.70837156115769
 20
97.3482227879268
 10
93.7823127426218
 20
97.31694258460894
 10
93.85632094697198
 20
97.28582128736178
 10
93.93039559800366
 20
97.25485847829393
 10
94.0045361248829
 20
97.2240537422612
 10
94.07874196208007
 20
97.19340666685792
 10
94.15301254930424
 20
97.16291684240778
 10
94.2273473314387
 20
97.13258386195469
 10
94.3017457584769
 20
97.10240732125354
 10
94.37620728545986
 20
97.07238681876055
 10
94.45073137241368
 20
97.04252195562377
 10
94.52531748428848
 20
97.01281233567329
 10
94.5999650908978
 20
96.98325756541135
 10
94.67467366685887
 20
96.95385725400241
 10
94.74944269153377
 20
96.92461101326293
 10
94.82427164897126
 20
96.89551845765126
 10
94.89916002784938
 20
96.8665792042573
 10
94.97410732141881
 20
96.83779287279205
 10
95.04911302744694
 20
96.80915908557726
 10
95.12417664816284
 20
96.7806774675347
 10
95.19929769020276
 20
96.75234764617562
 10
95.27447566455628
 20
96.72416925159007
 10
95.34971008651351
 20
96.696141916436
 10
95.42500047561256
 20
96.66826527592858
 10
95.50034635558802
 20
96.64053896782917
 10
95.57574725431988
 20
96.61296263243456
 10
95.65120270378327
 20
96.5855359125658
 10
95.72671223999876
 20
96.55825845355736
 10
95.80227540298335
 20
96.53112990324593
 10
95.87789173670213
 20
96.50414991195942
 10
95.95356078902039
 20
96.47731813250581
 10
96.02928211165658
 20
96.4506342201621
 10
96.1050552601358
 20
96.42409783266298
 10
96.18087979374366
 20
96.39770863018984
 10
96.25675527548115
 20
96.37146627535947
 10
96.33268127201977
 20
96.3453704332129
 10
96.40865735365739
 20
96.3194207712042
 10
96.48468309427443
 20
96.29361695918927
 10
96.56075807129113
 20
96.26795866941464
 10
96.6368818656247
 20
96.24244557650627
 10
96.71305406164751
 20
96.21707735745834
 10
96.78927424714557
 20
96.19185369162207
 10
96.8655420132777
 20
96.16677426069452
 10
96.94185695453498
 20
96.14183874870749
 10
97.01821866870101
 20
96.11704684201628
 10
97.09462675681246
 20
96.09239822928862
 10
97.17108082312006
 20
96.06789260149358
 10
97.24758047505041
 20
96.0435296518904
 10
97.32412532316798
 20
96.01930907601749
 10
97.40071498113753
 20
95.99523057168142
 10
97.47734906568735
 20
95.9712938389458
 10
97.55402719657258
 20
95.94749858012042
 10
97.63074899653921
 20
95.92384449975026
 10
97.70751409128852
 20
95.90033130460458
 10
97.78432210944179
 20
95.87695870366599
 10
97.86117268250572
 20
95.85372640811977
 10
97.93806544483795
 20
95.83063413134292
 10
98.0150000336134
 20
95.80768158889339
 10
98.09197608879055
 20
95.78486849849952
  0
LINE
  5
BF
330
17
100
AcDbEntity
  8
01-VISIBLE
100
AcDbLine
 10
84.15281012448241
 20
103.83264972027169
 30
0.0
 11
84.15281012448241
 21
113.6306086914044
 31
0.0
  0
LINE
  5
C0
330
17
100
AcDbEntity
  8
01-VISIBLE
100
AcDbLine
 10
84.20622524491935
 20
113.64638657580744
 30
0.0
 11
84.15281012448241
 21
113.6306086914044
 31
0.0
  0
LWPOLYLINE
  5
C1
330
17
100
AcDbEntity
  8
01-VISIBLE
100
AcDbPolyline
 90
204
 70
0
 10
84.20622524491935
 20
113.64638657580744
 10
84.25950564648603
 20
113.5865297768686
 10
84.31305104410899
 20
113.52690991360457
 10
84.36685874034981
 20
113.46752666969184
 10
84.42092606444447
 20
113.408379713507
 10
84.4752503722252
 20
113.34946869865051
 10
84.5298290460328
 20
113.29079326445928
 10
84.58465949461984
 20
113.23235303650802
 10
84.63973915304533
 20
113.17414762709959
 10
84.6950654825612
 20
113.11617663574445
 10
84.7506359704912
 20
113.05843964962921
 10
84.80644813010234
 20
113.00093624407445
 10
84.8624995004694
 20
112.94366598298205
 10
84.91878764633316
 20
112.88662841927199
 10
84.97531015795226
 20
112.82982309530871
 10
85.03206465094948
 20
112.77324954331756
 10
85.08904876615235
 20
112.71690728579085
 10
85.14626016942906
 20
112.66079583588422
 10
85.20369655151922
 20
112.6049146978032
 10
85.26135562786047
 20
112.54926336718003
 10
85.31923513841079
 20
112.49384133144123
 10
85.37733284746713
 20
112.43864807016563
 10
85.43564654348027
 20
112.38368305543338
 10
85.49417403886667
 20
112.32894575216594
 10
85.552913169817
 20
112.27443561845718
 10
85.61186179610206
 20
112.22015210589578
 10
85.67101780087623
 20
112.16609465987925
 10
85.73037909047841
 20
112.11226271991934
 10
85.78994359423112
 20
112.05865571993944
 10
85.84970926423745
 20
112.00527308856377
 10
85.90967407517664
 20
111.95211424939885
 10
85.9698360240979
 20
111.89917862130704
 10
86.0301931302133
 20
111.8464656186726
 10
86.09074343468905
 20
111.79397465166036
 10
86.15148500043637
 20
111.74170512646698
 10
86.21241591190122
 20
111.6896564455652
 10
86.27353427485353
 20
111.63782800794117
 10
86.33483821617607
 20
111.58621920932472
 10
86.39632588365274
 20
111.5348294424133
 10
86.45799544575684
 20
111.48365809708908
 10
86.51984509143932
 20
111.43270456062992
 10
86.58187302991689
 20
111.38196821791396
 10
86.64407749046043
 20
111.33144845161821
 10
86.70645672218367
 20
111.28114464241108
 10
86.76900899383223
 20
111.23105616913922
 10
86.83173259357316
 20
111.18118240900866
 10
86.89462582878501
 20
111.1315227377603
 10
86.9576870258486
 20
111.08207652984024
 10
87.02091452993861
 20
111.03284315856448
 10
87.08430670481579
 20
110.98382199627878
 10
87.14786193262027
 20
110.93501241451344
 10
87.21157861366586
 20
110.88641378413297
 10
87.27545516623516
 20
110.83802547548127
 10
87.33949002637598
 20
110.78984685852198
 10
87.40368164769892
 20
110.74187730297433
 10
87.46802850117592
 20
110.69411617844455
 10
87.53252907494047
 20
110.64656285455303
 10
87.59718187408876
 20
110.5992167010572
 10
87.66198542048241
 20
110.55207708797036
 10
87.72693825255249
 20
110.50514338567655
 10
87.79203892510509
 20
110.45841496504144
 10
87.85728600912827
 20
110.41189119751954
 10
87.92267809160043
 20
110.36557145525771
 10
87.98821377530054
 20
110.31945511119504
 10
88.05389167861952
 20
110.2735415391593
 10
88.1197104353735
 20
110.22783011395995
 10
88.18566869461863
 20
110.1823202114779
 10
88.25176512046743
 20
110.13701120875199
 10
88.31799839190691
 20
110.0919024840624
 10
88.38436720261825
 20
110.04699341701107
 10
88.45087026079838
 20
110.00228338859898
 10
88.51750628898282
 20
109.95777178130083
 10
88.58427402387082
 20
109.91345797913661
 10
88.65117221615168
 20
109.86934136774077
 10
88.71819963033317
 20
109.82542133442851
 10
88.78535504457147
 20
109.78169726825968
 10
88.85263725050291
 20
109.73816856010001
 10
88.9200450530775
 20
109.69483460268009
 10
88.9875772703942
 20
109.6516947906519
 10
89.05523273353782
 20
109.6087485206431
 10
89.12301028641781
 20
109.56599519130904
 10
89.19090878560874
 20
109.52343420338273
 10
89.25892710019252
 20
109.48106495972257
 10
89.32706411160237
 20
109.43888686535817
 10
89.39531871346855
 20
109.39689932753413
 10
89.46368981146576
 20
109.35510175575197
 10
89.53217632316232
 20
109.31349356181018
 10
89.60077717787112
 20
109.27207415984232
 10
89.66949131650222
 20
109.23084296635369
 10
89.73831769141704
 20
109.18979940025602
 10
89.80725526628461
 20
109.14894288290061
 10
89.87630301593911
 20
109.10827283810994
 10
89.94545992623932
 20
109.0677886922076
 10
90.01472499392972
 20
109.02748987404686
 10
90.08409722650309
 20
108.98737581503772
 10
90.1535756420651
 20
108.9474459491725
 10
90.22315926920021
 20
108.90769971305016
 10
90.29284714683928
 20
108.86813654589926
 10
90.36263832412894
 20
108.82875588959956
 10
90.43253186030236
 20
108.7895571887026
 10
90.50252682455185
 20
108.75053989045075
 10
90.57262229590273
 20
108.7117034447954
 10
90.6428173630891
 20
108.67304730441383
 10
90.71311112443087
 20
108.63457092472507
 10
90.78350268771251
 20
108.5962737639047
 10
90.8539911700633
 20
108.55815528289857
 10
90.92457569783903
 20
108.52021494543561
 10
90.99525540650518
 20
108.4824522180396
 10
91.06602944052176
 20
108.44486657004009
 10
91.13689695322927
 20
108.40745747358237
 10
91.20785710673655
 20
108.3702244036366
 10
91.27890907180972
 20
108.33316683800605
 10
91.35005202776267
 20
108.29628425733465
 10
91.42128516234902
 20
108.25957614511358
 10
91.4926076716553
 20
108.22304198768728
 10
91.56401875999572
 20
108.1866812742586
 10
91.63551763980813
 20
108.15049349689332
 10
91.70710353155141
 20
108.1144781505239
 10
91.7787756636042
 20
108.07863473295272
 10
91.85053327216487
 20
108.04296274485452
 10
91.92237560115291
 20
108.00746168977834
 10
91.99430190211152
 20
107.97213107414878
 10
92.06631143411147
 20
107.93697040726678
 10
92.13840346365623
 20
107.9019792013098
 10
92.21057726458845
 20
107.86715697133144
 10
92.28283211799751
 20
107.83250323526059
 10
92.35516731212832
 20
107.7980175139001
 10
92.42758214229136
 20
107.76369933092494
 10
92.50007591077397
 20
107.72954821287986
 10
92.57264792675261
 20
107.69556368917677
 10
92.64529750620645
 20
107.66174529209147
 10
92.71802397183203
 20
107.62809255676015
 10
92.79082665295914
 20
107.59460502117544
 10
92.86370488546753
 20
107.56128222618206
 10
92.93665801170513
 20
107.5281237154721
 10
93.00968538040705
 20
107.49512903558004
 10
93.0827863466157
 20
107.46229773587729
 10
93.15596027160205
 20
107.42962936856654
 10
93.22920652278796
 20
107.39712348867575
 10
93.3025244736693
 20
107.36477965405183
 10
93.37591350374038
 20
107.33259742535407
 10
93.4493729984192
 20
107.30057636604721
 10
93.52290234897374
 20
107.26871604239443
 10
93.5965009524493
 20
107.23701602344988
 10
93.67016821159663
 20
107.20547588105111
 10
93.74390353480109
 20
107.1740951898113
 10
93.81770633601295
 20
107.14287352711099
 10
93.89157603467814
 20
107.11181047309013
 10
93.96551205567044
 20
107.08090561063938
 10
94.03951382922428
 20
107.0501585253915
 10
94.11358079086835
 20
107.0195688057126
 10
94.18771238136036
 20
106.98913604269312
 10
94.26190804662244
 20
106.95885983013858
 10
94.33616723767743
 20
106.92873976456039
 10
94.41048941058617
 20
106.89877544516625
 10
94.48487402638538
 20
106.86896647385069
 10
94.55932055102647
 20
106.83931245518521
 10
94.63382845531524
 20
106.8098129964085
 10
94.70839721485217
 20
106.7804677074164
 10
94.78302630997374
 20
106.75127620075192
 10
94.85771522569425
 20
106.72223809159492
 10
94.93246345164872
 20
106.6933529977519
 10
95.00727048203615
 20
106.66462053964561
 10
95.08213581556393
 20
106.63604034030459
 10
95.15705895539267
 20
106.60761202535255
 10
95.23203940908189
 20
106.57933522299791
 10
95.30707668853645
 20
106.55120956402291
 10
95.3821703099535
 20
106.52323468177306
 10
95.45731979377041
 20
106.49541021214618
 10
95.53252466461305
 20
106.4677357935816
 10
95.60778445124495
 20
106.44021106704923
 10
95.68309868651721
 20
106.41283567603863
 10
95.75846690731869
 20
106.38560926654797
 10
95.83388865452727
 20
106.35853148707305
 10
95.90936347296149
 20
106.33160198859619
 10
95.9848909113328
 20
106.30482042457513
 10
96.06047052219864
 20
106.278186450932
 10
96.13610186191588
 20
106.25169972604205
 10
96.21178449059497
 20
106.22535991072263
 10
96.28751797205472
 20
106.19916666822195
 10
96.3633018737776
 20
106.1731196642079
 10
96.43913576686566
 20
106.14721856675692
 10
96.51501922599687
 20
106.12146304634277
 10
96.5909518293822
 20
106.09585277582536
 10
96.66693315872325
 20
106.0703874304396
 10
96.74296279917024
 20
106.04506668778414
 10
96.81904033928058
 20
106.01989022781032
 10
96.89516537097829
 20
105.99485773281089
 10
96.9713374895133
 20
105.96996888740898
 10
97.04755629342205
 20
105.94522337854688
 10
97.1238213844877
 20
105.920620895475
 10
97.20013236770178
 20
105.8961611297407
 10
97.27648885122557
 20
105.87184377517733
 10
97.35289044635223
 20
105.84766852789309
 10
97.42933676746969
 20
105.82363508626007
 10
97.5058274320235
 20
105.79974315090324
 10
97.58236206048034
 20
105.77599242468952
 10
97.65894027629233
 20
105.75238261271681
 10
97.73556170586119
 20
105.72891342230314
 10
97.81222597850325
 20
105.70558456297582
 10
97.88893272641485
 20
105.68239574646056
 10
97.96568158463792
 20
105.6593466866708
 10
98.04247219102639
 20
105.63643709969685
 10
98.11930418621256
 20
105.61366670379529
  0
LINE
  5
C2
330
17
100
AcDbEntity
  8
01-VISIBLE
100
AcDbLine
 10
98.11930418621256
 20
105.61366670379527
 30
0.0
 11
98.09197608879055
 21
105.58282746963222
 31
0.0
  0
LINE
  5
C3
330
17
100
AcDbEntity
  8
01-VISIBLE
100
AcDbLine
 10
98.11930418621256
 20
95.81570773266256
 30
0.0
 11
98.09197608879055
 21
95.7848684984995
 31
0.0
  0
LINE
  5
C4
330
17
100
AcDbEntity
  8
01-VISIBLE
100
AcDbLine
 10
98.11930418621257
 20
95.81570773266257
 30
0.0
 11
98.11930418621257
 21
105.61366670379529
 31
0.0
  0
LINE
  5
C5
330
17
100
AcDbEntity
  8
01-VISIBLE
100
AcDbLine
 10
171.84718987551759
 20
80.5832319463008
 30
0.0
 11
171.84718987551759
 21
185.09479430504973
 31
0.0
  0
LINE
  5
C6
330
17
100
AcDbEntity
  8
01-VISIBLE
100
AcDbLine
 10
107.84718987551759
 20
80.5832319463008
 30
0.0
 11
107.84718987551759
 21
185.09479430504973
 31
0.0
  0
LINE
  5
C7
330
17
100
AcDbEntity
  8
01-VISIBLE
100
AcDbLine
 10
169.18178378782528
 20
187.8382228169669
 30
0.0
 11
169.7804489697091
 21
188.75269898760595
 31
0.0
  0
LINE
  5
C8
330
17
100
AcDbEntity
  8
01-VISIBLE
100
AcDbLine
 10
110.51259596320989
 20
187.8382228169669
 30
0.0
 11
109.91393078132606
 21
188.75269898760595
 31
0.0
  0
LWPOLYLINE
  5
C9
330
17
100
AcDbEntity
  8
01-VISIBLE
100
AcDbPolyline
 90
401
 70
0
 10
171.84718987551759
 20
195.2846716350278
 10
171.84697486208626
 20
195.37450057096663
 10
171.8463321691411
 20
195.46432746493696
 10
171.8452614373359
 20
195.55415027630886
 10
171.84376235713285
 20
195.64396695986744
 10
171.84183466818664
 20
195.73377546660595
 10
171.83947815869584
 20
195.8235737445035
 10
171.83669266472288
 20
195.91335973928807
 10
171.833478069484
 20
196.00313139518215
 10
171.82983430260958
 20
196.0928866556323
 10
171.82576133937718
 20
196.18262346401963
 10
171.82125919991734
 20
196.27233976435195
 10
171.81632794839422
 20
196.36203350193642
 10
171.81096769216202
 20
196.45170262403184
 10
171.80517858089837
 20
196.5413450804802
 10
171.79896080571626
 20
196.63095882431696
 10
171.79231459825536
 20
196.720541812359
 10
171.7852402297545
 20
196.81009200577074
 10
171.77773801010613
 20
196.8996073706071
 10
171.76980828689477
 20
196.98908587833307
 10
171.7614514444195
 20
197.0785255063202
 10
171.75266790270314
 20
197.16792423831873
 10
171.74345811648863
 20
197.25728006490596
 10
171.73382257422364
 20
197.34659098390995
 10
171.72376179703534
 20
197.435855000809
 10
171.71327633769602
 20
197.52507012910627
 10
171.7023667795809
 20
197.61423439067977
 10
171.6910337356194
 20
197.70334581610751
 10
171.67927784724077
 20
197.79240244496765
 10
171.6670997833153
 20
197.88140232611443
 10
171.65450023909256
 20
197.97034351792837
 10
171.6414799351369
 20
198.05922408854275
 10
171.62803961626216
 20
198.14804211604485
 10
171.61418005046585
 20
198.23679568865305
 10
171.59990202786418
 20
198.32548290486966
 10
171.58520635962884
 20
198.41410187360947
 10
171.57009387692605
 20
198.50265071430448
 10
171.5545654298592
 20
198.59112755698533
 10
171.5386218864156
 20
198.6795305423385
 10
171.52226413141824
 20
198.76785782174147
 10
171.5054930654833
 20
198.85610755727402
 10
171.4883096039839
 20
198.94427792170762
 10
171.47071467602115
 20
199.03236709847243
 10
171.45270922340274
 20
199.1203732816022
 10
171.43429419962987
 20
199.20829467565773
 10
171.41547056889308
 20
199.29612949562926
 10
171.39623930507733
 20
199.38387596681764
 10
171.37660139077695
 20
199.47153232469515
 10
171.35655781632087
 20
199.55909681474583
 10
171.33610957880856
 20
199.64656769228668
 10
171.3152576811569
 20
199.73394322226852
 10
171.29400313115855
 20
199.82122167905817
 10
171.27234694055187
 20
199.9084013462018
 10
171.25029012410295
 20
199.99548051616978
 10
171.2278336986996
 20
200.08245749008353
 10
171.20497868245795
 20
200.1693305774245
 10
171.18172609384146
 20
200.25609809572552
 10
171.15807695079258
 20
200.3427583702458
 10
171.1340322698774
 20
200.42930973362792
 10
171.10959306544308
 20
200.51575052553954
 10
171.08476034878825
 20
200.60207909229808
 10
171.05953512734635
 20
200.68829378647945
 10
171.03391840388213
 20
200.77439296651187
 10
171.00791117570088
 20
200.8603749962532
 10
170.98151443387096
 20
200.94623824455397
 10
170.95472916245876
 20
201.0319810848046
 10
170.927556337777
 20
201.11760189446863
 10
170.89999692764522
 20
201.2030990546006
 10
170.8720518906632
 20
201.28847094935008
 10
170.84372217549668
 20
201.3737159654509
 10
170.81500872017557
 20
201.45883249169646
 10
170.78591245140393
 20
201.5438189184011
 10
170.7564342838822
 20
201.628673636847
 10
170.7265751196411
 20
201.71339503871758
 10
170.69633684107444
 20
201.79798187286002
 10
170.66572655398278
 20
201.8824347957073
 10
170.63474082481713
 20
201.96675069275648
 10
170.6033810256112
 20
202.0509281776013
 10
170.57164853418746
 20
202.13496587749256
 10
170.53954473403584
 20
202.21886243335024
 10
170.5070710141924
 20
202.30261649977388
 10
170.47422876911793
 20
202.38622674505217
 10
170.4410193985764
 20
202.46969185117058
 10
170.40744430751357
 20
202.55301051381804
 10
170.37350490593533
 20
202.63618144239234
 10
170.33920260878637
 20
202.7192033600038
 10
170.30453883582848
 20
202.80207500347808
 10
170.2695150115193
 20
202.88479512335704
 10
170.23413256489076
 20
202.96736248389908
 10
170.19839292942777
 20
203.04977586307712
 10
170.16229754294707
 20
203.13203405257633
 10
170.12584784747605
 20
203.21413585778959
 10
170.08904528913172
 20
203.2960800978119
 10
170.0518913179998
 20
203.377865605434
 10
170.0143873880142
 20
203.45949122713375
 10
169.97653495683633
 20
203.54095582306672
 10
169.9383354857349
 20
203.62225826705543
 10
169.89979043946568
 20
203.70339744657713
 10
169.86090128615183
 20
203.78437226275014
 10
169.82166949716412
 20
203.86518163031928
 10
169.7820965470018
 20
203.94582447763958
 10
169.74218391317328
 20
204.02629974665876
 10
169.7019330760777
 20
204.10660639289875
 10
169.66134551888644
 20
204.18674338543525
 10
169.62042272742494
 20
204.26670970687684
 10
169.57916619005525
 20
204.34650435334197
 10
169.53757739755864
 20
204.4261263344352
 10
169.49565784301868
 20
204.5055746732221
 10
169.45340902170489
 20
204.5848484062028
 10
169.41083243095665
 20
204.66394658328426
 10
169.36792957006767
 20
204.7428682677513
 10
169.32470194017102
 20
204.82161253623661
 10
169.28115104412439
 20
204.9001784786892
 10
169.2372783863961
 20
204.97856519834198
 10
169.19308547295174
 20
205.05677181167783
 10
169.1485738111409
 20
205.13479744839464
 10
169.103744909585
 20
205.21264125136912
 10
169.05860027806543
 20
205.29030237661976
 10
169.01314142741225
 20
205.36777999326773
 10
168.9673698693937
 20
205.4450732834979
 10
168.92128711660618
 20
205.52218144251765
 10
168.87489468236498
 20
205.59910367851512
 10
168.8281940805956
 20
205.67583921261632
 10
168.78118682572583
 20
205.75238727884079
 10
168.73387443257855
 20
205.82874712405663
 10
168.68625841626505
 20
205.90491800793438
 10
168.63834029207942
 20
205.98089920289937
 10
168.5901215753933
 20
206.0566899940838
 10
168.5416037815518
 20
206.1322896792771
 10
168.49278842576976
 20
206.20769756887591
 10
168.44367702302912
 20
206.28291298583252
 10
168.39427108797707
 20
206.35793526560246
 10
168.34457213482477
 20
206.43276375609167
 10
168.29458167724724
 20
206.50739781760194
 10
168.24430122828377
 20
206.5818368227758
 10
168.1937323002395
 20
206.65608015654072
 10
168.14287640458753
 20
206.73012721605198
 10
168.09173505187218
 20
206.8039774106349
 10
168.0403097516131
 20
206.8776301617262
 10
167.9886020122101
 20
206.9510849028146
 10
167.93661334084908
 20
207.0243410793804
 10
167.88434524340886
 20
207.09739814883432
 10
167.83179922436884
 20
207.1702555804556
 10
167.77897678671772
 20
207.2429128553295
 10
167.72587943186315
 20
207.31536946628347
 10
167.67250865954216
 20
207.38762491782336
 10
167.61886596773297
 20
207.45967872606843
 10
167.5649528525673
 20
207.53153041868563
 10
167.51077053509263
 20
207.60317932787876
 10
167.4563199398387
 20
207.67462456871772
 10
167.4016025606687
 20
207.74586569610398
 10
167.34661990202088
 20
207.8169022860742
 10
167.29137346257374
 20
207.88773392340323
 10
167.23586473522903
 20
207.95836020150313
 10
167.18009520709623
 20
208.0287807223229
 10
167.12406635947852
 20
208.09899509624995
 10
167.0677796678602
 20
208.1690029420124
 10
167.01123660189563
 20
208.23880388658273
 10
166.95443862539923
 20
208.30839756508232
 10
166.8973871963372
 20
208.37778362068735
 10
166.84008376682021
 20
208.4469617045358
 10
166.78252978309754
 20
208.51593147563568
 10
166.72472668555218
 20
208.5846926007742
 10
166.6666759086974
 20
208.65324475442816
 10
166.60837888117433
 20
208.72158761867576
 10
166.54983702575038
 20
208.78972088310906
 10
166.4910517593192
 20
208.85764424474797
 10
166.43202449290138
 20
208.92535740795506
 10
166.37275663164604
 20
208.9928600843519
 10
166.31324957483366
 20
209.06015199273583
 10
166.25350471587964
 20
209.1272328589987
 10
166.1935234423388
 20
209.19410241604606
 10
166.13330713591085
 20
209.26076040371765
 10
166.0728571724464
 20
209.32720656870885
 10
166.01217492195423
 20
209.39344066449365
 10
165.95126174860883
 20
209.45946245124804
 10
165.89011901075915
 20
209.52527169577496
 10
165.82874806093764
 20
209.5908681714302
 10
165.76715024587043
 20
209.65625165804897
 10
165.70532690648764
 20
209.7214219418742
 10
165.64327937793493
 20
209.78637881548514
 10
165.5810089895851
 20
209.85112207772755
 10
165.5185170650507
 20
209.91565153364456
 10
165.45580492219693
 20
209.97996699440858
 10
165.3928738731553
 20
210.04406827725427
 10
165.32972522433755
 20
210.10795520541257
 10
165.26636027645026
 20
210.1716276080454
 10
165.20278032450994
 20
210.23508532018172
 10
165.13898665785848
 20
210.29832818265407
 10
165.07498056017897
 20
210.36135604203645
 10
165.01076330951207
 20
210.42416875058296
 10
164.94633617827282
 20
210.48676616616746
 10
164.8817004332675
 20
210.54914815222384
 10
164.8168573357113
 20
210.61131457768738
 10
164.75180814124585
 20
210.67326531693732
 10
164.68655409995745
 20
210.73500024973958
 10
164.62109645639535
 20
210.79651926119112
 10
164.55543644959053
 20
210.85782224166445
 10
164.48957531307443
 20
210.91890908675333
 10
164.42351427489825
 20
210.97977969721956
 10
164.35725455765234
 20
211.0404339789401
 10
164.29079737848573
 20
211.10087184285504
 10
164.22414394912602
 20
211.16109320491682
 10
164.1572954758994
 20
211.2210979860398
 10
164.09025315975072
 20
211.28088611205072
 10
164.023018196264
 20
211.34045751363982
 10
163.95559177568268
 20
211.39981212631318
 10
163.88797508293058
 20
211.45894989034508
 10
163.82016929763233
 20
211.51787075073173
 10
163.75217559413437
 20
211.57657465714527
 10
163.6839951415259
 20
211.63506156388877
 10
163.61562910365996
 20
211.69333142985175
 10
163.5470786391745
 20
211.7513842184665
 10
163.4783449015135
 20
211.80921989766495
 10
163.40942903894845
 20
211.86683843983644
 10
163.34033219459943
 20
211.92423982178587
 10
163.2710555064565
 20
211.98142402469256
 10
163.20160010740108
 20
212.03839103407
 10
163.1319671252274
 20
212.09514083972567
 10
163.06215768266372
 20
212.15167343572233
 10
162.99217289739394
 20
212.20798882033887
 10
162.92201388207877
 20
212.26408699603274
 10
162.8516817443773
 20
212.31996796940217
 10
162.7811775869682
 20
212.37563175114946
 10
162.7105025075712
 20
212.4310783560448
 10
162.63965759896826
 20
212.4863078028901
 10
162.56864394902487
 20
212.5413201144844
 10
162.49746264071135
 20
212.59611531758856
 10
162.42611475212377
 20
212.65069344289162
 10
162.3546013565053
 20
212.70505452497684
 10
162.28292352226705
 20
212.75919860228873
 10
162.2110823130092
 20
212.81312571710026
 10
162.1390787875417
 20
212.86683591548098
 10
162.06691399990524
 20
212.92032924726504
 10
161.99458899939182
 20
212.97360576602023
 10
161.9221048305655
 20
213.026665529017
 10
161.84946253328283
 20
213.0795085971984
 10
161.7766631427134
 20
213.13213503515016
 10
161.7037076893601
 20
213.18454491107116
 10
161.63059719907932
 20
213.23673829674442
 10
161.5573326931011
 20
213.28871526750885
 10
161.48391518804917
 20
213.3404759022306
 10
161.4103456959608
 20
213.3920202832757
 10
161.3366252243066
 20
213.44334849648237
 10
161.26275477601013
 20
213.49446063113425
 10
161.18873534946735
 20
213.54535677993357
 10
161.1145679385662
 20
213.59603703897523
 10
161.04025353270575
 20
213.64650150772042
 10
160.96579311681532
 20
213.69675028897154
 10
160.8911876713735
 20
213.7467834888467
 10
160.81643817242707
 20
213.79660121675488
 10
160.74154559160957
 20
213.8462035853717
 10
160.6665108961601
 20
213.8955907106149
 10
160.5913350489416
 20
213.9447627116204
 10
160.51601900845918
 20
213.99371971071906
 10
160.44056372887832
 20
214.04246183341297
 10
160.3649680881118
 20
214.09098597495426
 10
160.2892326312088
 20
214.13929160983736
 10
160.21336076356317
 20
214.18738270585663
 10
160.13735337690093
 20
214.2352593286662
 10
160.0612113593952
 20
214.28292154673676
 10
159.9849355956518
 20
214.33036943129332
 10
159.90852696669566
 20
214.37760305625193
 10
159.83198634995819
 20
214.42462249815816
 10
159.75531461926533
 20
214.4714278361252
 10
159.67851264482675
 20
214.51801915177305
 10
159.6015812932258
 20
214.56439652916754
 10
159.52452142741015
 20
214.61056005476064
 10
159.44733390668347
 20
214.65650981733052
 10
159.37001958669788
 20
214.70224590792265
 10
159.29257931944707
 20
214.74776841979104
 10
159.21501395326032
 20
214.7930774483404
 10
159.13732433279728
 20
214.83817309106826
 10
159.05951129904346
 20
214.883055447508
 10
158.9815756893065
 20
214.9277246191727
 10
158.90351833721326
 20
214.97218070949833
 10
158.82534007270726
 20
215.01642382378913
 10
158.7470417220474
 20
215.06045406916195
 10
158.66862410780686
 20
215.1042715544923
 10
158.59008804887293
 20
215.14787639036
 10
158.5114343604474
 20
215.19126868899633
 10
158.43266385404775
 20
215.23444856423055
 10
158.35377733750877
 20
215.27741613143814
 10
158.27477561498492
 20
215.32017150748868
 10
158.1956594869533
 20
215.36271481069468
 10
158.11642975021724
 20
215.40504616076095
 10
158.03708719791032
 20
215.44716567873422
 10
157.95763261950128
 20
215.48907348695366
 10
157.87806680079905
 20
215.53076970900173
 10
157.7983905239588
 20
215.57225446965538
 10
157.71860456748811
 20
215.61352789483828
 10
157.63870970625408
 20
215.6545901115732
 10
157.55870671149043
 20
215.69544124793475
 10
157.47859635080573
 20
215.73608143300333
 10
157.3983793881916
 20
215.77651079681885
 10
157.31805658403155
 20
215.81672947033547
 10
157.23762869511054
 20
215.8567375853765
 10
157.15709647462458
 20
215.8965352745904
 10
157.07646067219113
 20
215.93612267140645
 10
156.99572203385964
 20
215.97549990999175
 10
156.9148813021228
 20
216.01466712520835
 10
156.8339392159281
 20
216.05362445257066
 10
156.7528965106896
 20
216.09237202820407
 10
156.67175391830045
 20
216.13090998880335
 10
156.59051216714553
 20
216.16923847159188
 10
156.50917198211457
 20
216.20735761428148
 10
156.4277340846156
 20
216.24526755503268
 10
156.34619919258887
 20
216.28296843241526
 10
156.26456802052093
 20
216.32046038536942
 10
156.18284127945918
 20
216.35774355316784
 10
156.10101967702678
 20
216.39481807537737
 10
156.01910391743772
 20
216.4316840918222
 10
155.9370947015124
 20
216.4683417425466
 10
155.85499272669335
 20
216.50479116777882
 10
155.77279868706145
 20
216.54103250789518
 10
155.6905132733521
 20
216.5770659033845
 10
155.60813717297214
 20
216.61289149481325
 10
155.52567107001644
 20
216.64850942279128
 10
155.44311564528553
 20
216.68391982793742
 10
155.36047157630267
 20
216.7191228508462
 10
155.27773953733177
 20
216.75411863205466
 10
155.19492019939523
 20
216.7889073120097
 10
155.11201423029223
 20
216.82348903103593
 10
155.02902229461702
 20
216.85786392930385
 10
154.9459450537777
 20
216.8920321467986
 10
154.86278316601485
 20
216.925993823289
 10
154.77953728642083
 20
216.95974909829715
 10
154.69620806695883
 20
216.99329811106844
 10
154.61279615648243
 20
217.02664100054199
 10
154.52930220075524
 20
217.0597779053213
 10
154.44572684247066
 20
217.0927089636457
 10
154.36207072127192
 20
217.1254343133619
 10
154.27833447377222
 20
217.15795409189622
 10
154.19451873357505
 20
217.1902684362267
 10
154.11062413129477
 20
217.22237748285647
 10
154.0266512945771
 20
217.25428136778658
 10
153.94260084812007
 20
217.28598022648998
 10
153.85847341369478
 20
217.31747419388546
 10
153.77426961016667
 20
217.34876340431197
 10
153.68999005351654
 20
217.37984799150377
 10
153.60563535686197
 20
217.4107280885653
 10
153.5212061304788
 20
217.44140382794694
 10
153.43670298182255
 20
217.47187534142097
 10
153.3521265155503
 20
217.50214276005778
 10
153.26747733354236
 20
217.53220621420252
 10
153.18275603492415
 20
217.56206583345238
 10
153.09796321608826
 20
217.59172174663377
 10
153.0130994707165
 20
217.62117408178
 10
152.92816538980207
 20
217.65042296610955
 10
152.8431615616719
 20
217.67946852600448
 10
152.7580885720089
 20
217.70831088698907
 10
152.6729470038744
 20
217.73695017370892
 10
152.58773743773082
 20
217.76538650991057
 10
152.502460451464
 20
217.7936200184211
 10
152.41711662040598
 20
217.8216508211283
 10
152.3317065173578
 20
217.84947903896096
 10
152.24623071261203
 20
217.87710479186967
 10
152.1606897739759
 20
217.9045281988079
 10
152.07508426679388
 20
217.93174937771323
 10
151.98941475397098
 20
217.9587684454891
 10
151.90368179599534
 20
217.9855855179867
 10
151.81788595096162
 20
218.01220070998704
 10
151.73202777459383
 20
218.03861413518405
 10
151.64610782026864
 20
218.06482590616667
 10
151.5601266390384
 20
218.09083613440242
 10
151.47408477965442
 20
218.1166449302208
 10
151.38798278859016
 20
218.14225240279671
 10
151.30182121006453
 20
218.16765866013475
 10
151.2156005860652
 20
218.19286380905305
 10
151.1293214563717
 20
218.21786795516817
 10
151.0429843585792
 20
218.24267120287954
 10
150.95658982812142
 20
218.2672736553546
 10
150.87013839829424
 20
218.2916754145142
 10
150.7836306002791
 20
218.31587658101807
 10
150.6970669631664
 20
218.33987725425038
 10
150.6104480139789
 20
218.3636775323062
 10
150.52377427769508
 20
218.38727751197757
 10
150.43704627727286
 20
218.41067728873998
 10
150.3502645336728
 20
218.4338769567392
 10
150.26342956588167
 20
218.45687660877837
 10
150.176541890936
 20
218.4796763363052
 10
150.08960202394536
 20
218.5022762293994
 10
150.00261047811614
 20
218.5246763767605
 10
149.91556776477475
 20
218.54687686569565
 10
149.82847439339125
 20
218.56887778210785
 10
149.74133087160286
 20
218.59067921048432
 10
149.65413770523733
 20
218.61228123388514
 10
149.56689539833656
 20
218.63368393393193
 10
149.47960445317995
 20
218.65488739079706
 10
149.39226530142983
 20
218.67589139591507
 10
149.30487852304998
 20
218.6966963639245
 10
149.21744478694362
 20
218.71730309890916
 10
149.129964587843
 20
218.73771168798964
 10
149.0424384189365
 20
218.75792221757456
 10
148.95486677188723
 20
218.77793477336246
 10
148.86725013685162
 20
218.79774944034398
 10
148.779589002498
 20
218.81736630280386
 10
148.69188385602456
 20
218.83678544432252
 10
148.60413518317765
 20
218.85600694777798
 10
148.51634346826944
 20
218.87503089534732
 10
148.4285091941957
 20
218.89385736850818
  0
LWPOLYLINE
  5
CA
330
17
100
AcDbEntity
  8
01-VISIBLE
100
AcDbPolyline
 90
401
 70
0
 10
131.26584201518043
 20
218.89392990236763
 10
131.1780086279441
 20
218.87509944601982
 10
131.09021789335216
 20
218.85607112728803
 10
131.00247029373836
 20
218.83684487569963
 10
130.91476631300696
 20
218.81742061905857
 10
130.8271064366563
 20
218.79779828346022
 10
130.73949115180233
 20
218.77797779330598
 10
130.65192094720211
 20
218.7579590713184
 10
130.5643963132774
 20
218.737742038556
 10
130.4769177421379
 20
218.717326614429
 10
130.38948572760478
 20
218.69671271671444
 10
130.30210076523386
 20
218.67590026157217
 10
130.214763352339
 20
218.6548891635607
 10
130.12747398801528
 20
218.63367933565343
 10
130.04023317316208
 20
218.61227068925461
 10
129.95304141050633
 20
218.59066313421647
 10
129.86589920462538
 20
218.5688565788555
 10
129.77880706197018
 20
218.54685092996988
 10
129.69176549088803
 20
218.52464609285624
 10
129.60477500164558
 20
218.5022419713274
 10
129.51783610645157
 20
218.47963846772996
 10
129.4309493194795
 20
218.45683548296216
 10
129.3441151568905
 20
218.43383291649218
 10
129.2573341368557
 20
218.41063066637616
 10
129.17060677957886
 20
218.38722862927727
 10
129.08393360731884
 20
218.36362670048425
 10
128.997315144412
 20
218.3398247739305
 10
128.91075191729436
 20
218.31582274221375
 10
128.82424445452392
 20
218.29162049661522
 10
128.73779328680288
 20
218.2672179271201
 10
128.6513989469995
 20
218.24261492243693
 10
128.56506197017015
 20
218.2178113700187
 10
128.47878289358124
 20
218.19280715608306
 10
128.39256225673088
 20
218.16760216563353
 10
128.30640060137068
 20
218.1421962824806
 10
128.2202984715272
 20
218.11658938926314
 10
128.13425641352353
 20
218.09078136747036
 10
128.04827497600067
 20
218.0647720974638
 10
127.96235470993865
 20
218.03856145849971
 10
127.87649616867786
 20
218.0121493287516
 10
127.79069990794002
 20
217.9855355853333
 10
127.704966485849
 20
217.9587201043222
 10
127.61929646295181
 20
217.93170276078274
 10
127.53369040223907
 20
217.9044834287904
 10
127.4481488691657
 20
217.87706198145554
 10
127.36267243167123
 20
217.84943829094846
 10
127.2772616602001
 20
217.82161222852363
 10
127.1919171277218
 20
217.7935836645451
 10
127.10663940975085
 20
217.76535246851205
 10
127.02142908436659
 20
217.73691850908426
 10
126.93628673223289
 20
217.70828165410865
 10
126.85121293661767
 20
217.6794417706452
 10
126.76620828341223
 20
217.65039872499426
 10
126.68127336115045
 20
217.6211523827235
 10
126.59640876102779
 20
217.5917026086952
 10
126.51161507692015
 20
217.56204926709427
 10
126.4268929054025
 20
217.53219222145668
 10
126.34224284576732
 20
217.50213133469754
 10
126.25766550004293
 20
217.47186646914025
 10
126.1731614730115
 20
217.44139748654584
 10
126.088731372227
 20
217.41072424814257
 10
126.00437580803272
 20
217.37984661465578
 10
125.92009539357889
 20
217.3487644463387
 10
125.83589074483973
 20
217.31747760300254
 10
125.75176248063057
 20
217.28598594404855
 10
125.66771122262459
 20
217.25428932849877
 10
125.58373759536929
 20
217.2223876150283
 10
125.49984222630279
 20
217.19028066199775
 10
125.41602574576993
 20
217.1579683274856
 10
125.3322887870379
 20
217.12545046932166
 10
125.2486319863119
 20
217.09272694512055
 10
125.16505598275029
 20
217.05979761231526
 10
125.0815614184795
 20
217.026662328192
 10
124.99814893860882
 20
216.99332094992468
 10
124.91481919124467
 20
216.95977333461002
 10
124.83157282750479
 20
216.9260193393032
 10
124.74841050153186
 20
216.89205882105404
 10
124.6653328705071
 20
216.857891636943
 10
124.58234059466338
 20
216.82351764411845
 10
124.49943433729794
 20
216.78893669983364
 10
124.41661476478494
 20
216.7541486614847
 10
124.3338825465876
 20
216.71915338664843
 10
124.25123835526992
 20
216.6839507331211
 10
124.16868286650809
 20
216.64854055895745
 10
124.0862167591016
 20
216.61292272251012
 10
124.00384071498382
 20
216.57709708246944
 10
123.9215554192323
 20
216.54106349790385
 10
123.83936156007873
 20
216.50482182830075
 10
123.75725982891825
 20
216.4683719336076
 10
123.67525092031872
 20
216.43171367427368
 10
123.59333553202919
 20
216.39484691129212
 10
123.51151436498823
 20
216.35777150624273
 10
123.42978812333158
 20
216.32048732133467
 10
123.34815751439962
 20
216.28299421945036
 10
123.26662324874408
 20
216.24529206418896
 10
123.1851860401346
 20
216.2073807199112
 10
123.10384660556446
 20
216.16926005178402
 10
123.02260566525611
 20
216.13092992582597
 10
122.94146394266616
 20
216.09239020895296
 10
122.86042216448963
 20
216.05364076902453
 10
122.77948106066398
 20
216.01468147489038
 10
122.69864136437246
 20
215.975512196438
 10
122.6179038120469
 20
215.93613280463973
 10
122.53726914337003
 20
215.8965431716013
 10
122.45673810127715
 20
215.85674317060995
 10
122.37631143195742
 20
215.81673267618402
 10
122.2959898848542
 20
215.77651156412168
 10
122.21577421266522
 20
215.7360797115515
 10
122.1356651713419
 20
215.69543699698255
 10
122.05566352008805
 20
215.65458330035528
 10
121.97577002135804
 20
215.61351850309262
 10
121.89598544085435
 20
215.57224248815209
 10
121.81631054752431
 20
215.53075514007776
 10
121.73674611355634
 20
215.48905634505292
 10
121.65729291437549
 20
215.44714599095317
 10
121.57795172863821
 20
215.40502396740004
 10
121.49872333822654
 20
215.3626901658148
 10
121.41960852824151
 20
215.32014447947307
 10
121.34060808699589
 20
215.27738680355964
 10
121.26172280600608
 20
215.23441703522343
 10
121.1829534799835
 20
215.19123507363378
 10
121.1043009068249
 20
215.14784082003604
 10
121.0257658876023
 20
215.1042341778084
 10
120.94734922655172
 20
215.06041505251886
 10
120.86905173106148
 20
215.01638335198248
 10
120.79087421165949
 20
214.9721389863193
 10
120.71281748199983
 20
214.92768186801237
 10
120.63488235884847
 20
214.88301191196655
 10
120.5570696620681
 20
214.83812903556725
 10
120.47938021460224
 20
214.79303315873995
 10
120.40181484245835
 20
214.74772420400978
 10
120.32437437469017
 20
214.70220209656185
 10
120.24705964337909
 20
214.65646676430146
 10
120.16987148361474
 20
214.610518137915
 10
120.09281073347451
 20
214.56435615093108
 10
120.01587823400233
 20
214.51798073978233
 10
119.93907482918634
 20
214.47139184386674
 10
119.8624013659358
 20
214.42458940561022
 10
119.78585869405681
 20
214.37757337052875
 10
119.70944766622736
 20
214.33034368729147
 10
119.63316913797114
 20
214.28290030778362
 10
119.55702396763046
 20
214.23524318716971
 10
119.48101301633821
 20
214.18737228395753
 10
119.40513714798874
 20
214.13928756006163
 10
119.32940313099378
 20
214.09097973795673
 10
119.25380951907184
 20
214.04245248968817
 10
119.1783541898203
 20
213.99371050317842
 10
119.10303809368584
 20
213.94475364872739
 10
119.02786218542776
 20
213.89558179981543
 10
118.95282742413562
 20
213.84619483312684
 10
118.87793477324698
 20
213.7965926285729
 10
118.80318520056538
 20
213.7467750693151
 10
118.72857967827849
 20
213.6967420417896
 10
118.65411918297622
 20
213.64649343573086
 10
118.57980469566913
 20
213.59602914419634
 10
118.50563720180695
 20
213.54534906359123
 10
118.43161769129722
 20
213.49445309369366
 10
118.35774715852399
 20
213.44334113767997
 10
118.28402660236688
 20
213.39201310215054
 10
118.21045702621993
 20
213.3404688971562
 10
118.13703943801094
 20
213.28870843622445
 10
118.06377485022065
 20
213.23673163638637
 10
117.9906642799022
 20
213.184538418204
 10
117.9177087487007
 20
213.1321287057978
 10
117.84490928287279
 20
213.07950242687497
 10
117.77226691330657
 20
213.02665951275748
 10
117.69978267554129
 20
212.97359989841124
 10
117.62745760978751
 20
212.92032352247503
 10
117.55529276094714
 20
212.86683032729053
 10
117.48328917863363
 20
212.8131202589321
 10
117.41144791719222
 20
212.7591932672376
 10
117.33977003572049
 20
212.7050493058391
 10
117.26825659808864
 20
212.65068833219453
 10
117.1969086729602
 20
212.59611030761965
 10
117.12572733381259
 20
212.54131519732022
 10
117.05471365895792
 20
212.48630297042513
 10
116.98386873156369
 20
212.4310736000195
 10
116.91319363967368
 20
212.37562706317902
 10
116.84268947622887
 20
212.3199633410038
 10
116.77235733908842
 20
212.26408241865374
 10
116.70219833105057
 20
212.2079842853837
 10
116.63221355987388
 20
212.15166893457973
 10
116.5624041382981
 20
212.09513636379546
 10
116.49277118406545
 20
212.03838657478929
 10
116.42331581994164
 20
211.98141957356205
 10
116.35403917373702
 20
211.9242353703952
 10
116.2849423783278
 20
211.86683397988998
 10
116.21602657167708
 20
211.80921542100663
 10
116.14729289685606
 20
211.75137971710438
 10
116.0787425020651
 20
211.69332689598252
 10
116.01037654065479
 20
211.63505698992145
 10
115.94219617114706
 20
211.57657003572479
 10
115.87420255725601
 20
211.5178660747619
 10
115.80639686790903
 20
211.45894515301143
 10
115.7387802772675
 20
211.39980732110502
 10
115.67135396474762
 20
211.34045263437224
 10
115.6041191150412
 20
211.28088115288574
 10
115.53707691813607
 20
211.22109294150755
 10
115.47022856933664
 20
211.16108806993554
 10
115.40357526928432
 20
211.10086661275147
 10
115.3371182239776
 20
211.04042864946877
 10
115.27085864479218
 20
210.97977426458175
 10
115.20479774850088
 20
210.91890354761563
 10
115.13893675729332
 20
210.8578165931766
 10
115.07327689879548
 20
210.79651350100374
 10
115.00781940608898
 20
210.73499437602067
 10
114.94256551773026
 20
210.67325932838878
 10
114.87751647776938
 20
210.611308473561
 10
114.81267353576865
 20
210.54914193233634
 10
114.748037946821
 20
210.4867598309154
 10
114.68361097156806
 20
210.42416230095643
 10
114.61939387621786
 20
210.3613494796329
 10
114.55538793256235
 20
210.29832150969122
 10
114.49159441799449
 20
210.23507853950974
 10
114.42801461552497
 20
210.1716207231587
 10
114.36464981379864
 20
210.10794822046057
 10
114.30150130711046
 20
210.04406119705226
 10
114.23857039542112
 20
209.97995982444712
 10
114.17585838437216
 20
209.9156442800989
 10
114.11336658530065
 20
209.85111474746589
 10
114.0510963152534
 20
209.7863714160764
 10
113.98904889700073
 20
209.7214144815954
 10
113.92722565904954
 20
209.65624414589132
 10
113.86562793565611
 20
209.59086061710508
 10
113.80425706683803
 20
209.52526410971893
 10
113.74311439838586
 20
209.45945484462698
 10
113.68220128187377
 20
209.39343304920652
 10
113.62151907467
 20
209.32719895739064
 10
113.56106913994628
 20
209.2607528097414
 10
113.50085284668668
 20
209.1940948535244
 10
113.44087156969582
 20
209.12722534278436
 10
113.38112668960622
 20
209.06014453842164
 10
113.3216195928849
 20
208.9928527082701
 10
113.26235167183913
 20
208.9253501271756
 10
113.2033243246215
 20
208.85763707707594
 10
113.14453895523387
 20
208.78971384708194
 10
113.08599697353063
 20
208.72158073355922
 10
113.02769979522088
 20
208.65323804021148
 10
112.96964884186981
 20
208.58468607816474
 10
112.91184554089887
 20
208.51592516605268
 10
112.85429132558507
 20
208.44695563010328
 10
112.79698763505911
 20
208.37777780422613
 10
112.73993591430255
 20
208.30839203010152
 10
112.68313761414356
 20
208.23879865727025
 10
112.62659419125187
 20
208.16899804322458
 10
112.57030710813213
 20
208.0989905535004
 10
112.51427783311628
 20
208.02877656177094
 10
112.45850784035454
 20
207.95835644994077
 10
112.40299860980502
 20
207.88773060824172
 10
112.34775162722201
 20
207.81689943532967
 10
112.29276838414283
 20
207.74586333838255
 10
112.23805037787328
 20
207.67462273319933
 10
112.1835991114715
 20
207.60317804430036
 10
112.12941609373031
 20
207.5315297050289
 10
112.07550283915809
 20
207.45967815765346
 10
112.02186086795778
 20
207.38762385347184
 10
111.96849159737735
 20
207.31536733291995
 10
111.91539570592968
 20
207.24290968937277
 10
111.86257454337549
 20
207.17025152719896
 10
111.81002962450965
 20
207.09739334171246
 10
111.75776246526716
 20
207.02433564052632
 10
111.70577458263041
 20
206.9510789436062
 10
111.6540674945359
 20
206.87762378332292
 10
111.60264271978022
 20
206.80397070450414
 10
111.55150177792545
 20
206.73012026448515
 10
111.5006461892039
 20
206.6560730331584
 10
111.45007747442214
 20
206.5818295930224
 10
111.3997971548647
 20
206.50739053922945
 10
111.34980675219688
 20
206.43275647963253
 10
111.30010778836728
 20
206.3579280348307
 10
111.25070178550968
 20
206.28290583821422
 10
111.20159026584426
 20
206.207690536008
 10
111.15277475157869
 20
206.13228278731424
 10
111.10425676480834
 20
206.05668326415412
 10
111.0560378274163
 20
205.98089265150816
 10
111.00811946097285
 20
205.90491164735585
 10
110.96050318663453
 20
205.8287409627137
 10
110.91319052504282
 20
205.75238132167283
 10
110.86618299622248
 20
205.67583346143465
 10
110.8194821194794
 20
205.5990981323464
 10
110.7730894132983
 20
205.52217609793462
 10
110.72700639523995
 20
205.4450681349382
 10
110.6812345818382
 20
205.3677750333399
 10
110.63577548849662
 20
205.29029759639684
 10
110.59063062938509
 20
205.21263664066993
 10
110.5458015173359
 20
205.13479299605206
 10
110.50128966373984
 20
205.0567675057951
 10
110.45709657844196
 20
204.97856102653589
 10
110.41322376963728
 20
204.9001744283209
 10
110.36967274376629
 20
204.82160859462994
 10
110.32644500541022
 20
204.74286442239838
 10
110.28354205718645
 20
204.6639428220385
 10
110.24096539964357
 20
204.58484471745965
 10
110.19871653115656
 20
204.50557104608708
 10
110.15679694782185
 20
204.42612275887967
 10
110.11520814335228
 20
204.34650082034653
 10
110.07395160897224
 20
204.26670620856254
 10
110.03302883331268
 20
204.1867399151824
 10
109.99244130230619
 20
204.10660294545374
 10
109.95219049908212
 20
204.0262963182294
 10
109.91227790386186
 20
203.94582106597773
 10
109.87270499385411
 20
203.8651782347925
 10
109.83347324315032
 20
203.78436888440132
 10
109.79458412262024
 20
203.70339408817307
 10
109.75603909980768
 20
203.62225493312388
 10
109.71783963882633
 20
203.5409525199226
 10
109.67998720025591
 20
203.4594879628943
 10
109.64248324103839
 20
203.37786239002338
 10
109.60532921437455
 20
203.29607694295538
 10
109.56852656962066
 20
203.21413277699747
 10
109.53207675218559
 20
203.13203106111786
 10
109.49598120342799
 20
203.0497729779447
 10
109.46024136055394
 20
202.96735972376302
 10
109.42485865651483
 20
202.8847925085114
 10
109.38983451990549
 20
202.802072555777
 10
109.35517037486281
 20
202.71920110279007
 10
109.32086764096462
 20
202.63617940041684
 10
109.28692773312892
 20
202.5530087131521
 10
109.25335206151348
 20
202.46969031911016
 10
109.22014203141599
 20
202.3862255100151
 10
109.18729904317432
 20
202.30261559118998
 10
109.15482449206752
 20
202.21886188154537
 10
109.12271976821692
 20
202.13496571356626
 10
109.090986256488
 20
202.0509284332988
 10
109.05962533639237
 20
201.96675140033557
 10
109.0286383819905
 20
201.88243598780042
 10
108.99802676179469
 20
201.79798358233165
 10
108.96779183867262
 20
201.7133955840655
 10
108.93793496975138
 20
201.6286734066175
 10
108.90845750632191
 20
201.543818477064
 10
108.87936079374403
 20
201.4588322359221
 10
108.85064617135185
 20
201.37371613712963
 10
108.82231497235979
 20
201.2884716480234
 10
108.79436854380062
 20
201.20310024278905
 10
108.76680813939564
 20
201.1176034371316
 10
108.73963469286792
 20
201.03198285872094
 10
108.71284912222097
 20
200.94624014578096
 10
108.68645235739615
 20
200.86037693831526
 10
108.66044533944509
 20
200.77439487868713
 10
108.63482901968844
 20
200.68829561218246
 10
108.6096043588609
 20
200.60208078755568
 10
108.58477232624236
 20
200.51575205755768
 10
108.56033389877483
 20
200.42931107944736
 10
108.53629006016531
 20
200.34275951548426
 10
108.51264179997418
 20
200.25609903340393
 10
108.48939011268928
 20
200.16933130687528
 10
108.46653599678548
 20
200.0824580159387
 10
108.4440804537698
 20
199.99548084742634
 10
108.42202448721204
 20
199.9084014953629
 10
108.40036910176104
 20
199.82122166134712
 10
108.37911530214662
 20
199.73394305491354
 10
108.35826409216713
 20
199.64656739387465
 10
108.33781647366328
 20
199.55909640464216
 10
108.31777344547777
 20
199.47153182252782
 10
108.29813600240138
 20
199.38387539202319
 10
108.27890513410588
 20
199.29612886705763
 10
108.26008182406358
 20
199.2082940112346
 10
108.24166704845439
 20
199.12037259804578
 10
108.2236617750606
 20
199.03236641106213
 10
108.20606696214962
 20
198.94427724410224
 10
108.18888355734552
 20
198.8561069013769
 10
108.17211249648969
 20
198.76785719761017
 10
108.15575470249124
 20
198.67952995813556
 10
108.13981108416777
 20
198.59112701896794
 10
108.12428253507719
 20
198.5026502268505
 10
108.10916993234136
 20
198.41410143927584
 10
108.09447413546218
 20
198.32548252448163
 10
108.08019598513118
 20
198.23679536141987
 10
108.0663363020332
 20
198.14804183969994
 10
108.05289588564531
 20
198.05922385950475
 10
108.03987551303177
 20
197.97034333147963
 10
108.02727593763623
 20
197.8814021765943
 10
108.01509788807188
 20
197.7924023259767
 10
108.00334206691116
 20
197.70334572071977
 10
107.99200914947559
 20
197.61423431165952
 10
107.9810997826275
 20
197.52507005912548
 10
107.97061458356433
 20
197.43585493266272
 10
107.96055413861717
 20
197.34659091072558
 10
107.95091900205477
 20
197.25727998034307
 10
107.94170969489416
 20
197.1679241367558
 10
107.93292670371952
 20
197.078525383025
 10
107.92457047951052
 20
196.98908572961273
 10
107.9166414364818
 20
196.89960719393446
 10
107.90913995093462
 20
196.81009179988365
 10
107.9020663601228
 20
196.72054157732845
 10
107.89542096113391
 20
196.63095856158145
 10
107.88920400978742
 20
196.54134479284187
 10
107.88341571955154
 20
196.4517023156116
 10
107.87805626048001
 20
196.36203317808474
 10
107.87312575817062
 20
196.27233943151128
 10
107.86862429274686
 20
196.18262312953613
 10
107.86455189786442
 20
196.09288632751338
 10
107.86090855974392
 20
196.00313108179637
 10
107.85769421623161
 20
195.91335944900533
 10
107.85490875588941
 20
195.823573485272
 10
107.85255201711593
 20
195.73377524546316
 10
107.85062378729972
 20
195.64396678238364
 10
107.84912380200674
 20
195.55415014595934
 10
107.84805174420273
 20
195.4643273824018
 10
107.84740724351258
 20
195.3745005333554
 10
107.84718987551759
 20
195.2846716350278
  0
LWPOLYLINE
  5
CB
330
17
100
AcDbEntity
  8
01-VISIBLE
100
AcDbPolyline
 90
305
 70
0
 10
171.84625136140534
 20
70.25185782910984
 10
171.8456420352485
 20
70.1718349414556
 10
171.84493372750464
 20
70.09181287230686
 10
171.84409113993792
 20
70.01179210936976
 10
171.84307888804304
 20
69.9317733190161
 10
171.84186261620385
 20
69.8517573768097
 10
171.84040996536288
 20
69.77174538455243
 10
171.83869131628992
 20
69.69173867170731
 10
171.83668027190512
 20
69.61173878201129
 10
171.83435388123328
 20
69.53174744847448
 10
171.83169263747504
 20
69.45176656126598
 10
171.82868029990118
 20
69.37179813314705
 10
171.8253035944221
 20
69.29184426641176
 10
171.82155184386156
 20
69.21190712414565
 10
171.81741656999435
 20
69.1319889073898
 10
171.81289109862493
 20
69.05209183874945
 10
171.80797018866346
 20
68.97221815222184
 10
171.80264969753276
 20
68.89237008854332
 10
171.79692628872704
 20
68.8125498951225
 10
171.79079718285902
 20
68.73275982956157
 10
171.78425995074332
 20
68.65300216580616
 10
171.7773123455712
 20
68.57327920205078
 10
171.76995217065877
 20
68.49359326962465
 10
171.76217717928887
 20
68.41394674216728
 10
171.75398500358162
 20
68.33434204446108
 10
171.7453731099572
 20
68.25478166031348
 10
171.73633877947776
 20
68.17526813887154
 10
171.72687911209658
 20
68.09580409870921
 10
171.7169910545411
 20
68.01639222895716
 10
171.70667145216163
 20
67.93703528665237
 10
171.69591712553188
 20
67.85773608938331
 10
171.68472497282934
 20
67.77849750221246
 10
171.67309209896462
 20
67.69932241779617
 10
171.66101597197547
 20
67.62021372862598
 10
171.64849460623302
 20
67.54117429043015
 10
171.63552677041775
 20
67.46220687605071
 10
171.62211221592577
 20
67.38331411960667
 10
171.60825191834795
 20
67.30449845151537
 10
171.59394832104246
 20
67.22576202599535
 10
171.57920556589534
 20
67.14710664398801
 10
171.56402969267236
 20
67.06853367591052
 10
171.54842878568718
 20
66.99004399008774
 10
171.53241304577892
 20
66.91163789381572
 10
171.5159947677265
 20
66.83331509442644
 10
171.499188208831
 20
66.75507468712651
 10
171.4820093434541
 20
66.67691517457352
 10
171.46447550993608
 20
66.59883452019427
 10
171.44660496877944
 20
66.52083023351172
 10
171.42841640198486
 20
66.44289948188563
 10
171.4099283906911
 20
66.36503921985947
 10
171.3911589102491
 20
66.28724632541784
 10
171.37212487820395
 20
66.20951773225362
 10
171.35284178231825
 20
66.13185054856453
 10
171.33332340466976
 20
66.05424215551334
 10
171.31358164626567
 20
65.97669028164917
 10
171.29362644651465
 20
65.89919305265667
 10
171.27346578456184
 20
65.82174901828604
 10
171.2531057453543
 20
65.74435715997804
 10
171.23255063210323
 20
65.66701688351174
 10
171.21180310785746
 20
65.5897280011097
 10
171.19086435136873
 20
65.51249070704601
 10
171.16973421554923
 20
65.43530555013542
 10
171.1484113800147
 20
65.35817340571481
 10
171.12689349209631
 20
65.28109544898373
 10
171.10517729310746
 20
65.20407313092208
 10
171.08325872851344
 20
65.12710815747559
 10
171.0611330420125
 20
65.05020247229845
 10
171.03879485447416
 20
64.97335824304815
 10
171.01623822929517
 20
64.89657785102006
 10
170.99345672611673
 20
64.81986388376315
 10
170.9704434450855
 20
64.74321913020994
 10
170.94719106400552
 20
64.66664657776327
 10
170.92369187087507
 20
64.59014941069046
 10
170.8999377944809
 20
64.51373100906613
 10
170.87592043597004
 20
64.43739494736108
 10
170.85163110467386
 20
64.3611449915824
 10
170.8270608619481
 20
64.28498509360958
 10
170.80220057745075
 20
64.20891938102854
 10
170.7770410031275
 20
64.13295214031746
 10
170.7515728712357
 20
64.05708779067005
 10
170.72578702401222
 20
63.981330845036275
 10
170.69967458405213
 20
63.905685854116264
 10
170.67322717603776
 20
63.83015732807523
 10
170.64643721196848
 20
63.75474962971674
 10
170.61929825318882
 20
63.67946683188641
 10
170.5918054627806
 20
63.60431253121197
 10
170.56395616047965
 20
63.529289610320575
 10
170.53575048805786
 20
63.45439994201349
 10
170.50719218457868
 20
63.37964403237462
 10
170.47828945637497
 20
63.30502060648155
 10
170.4490559044973
 20
63.23052615131614
 10
170.41951144226311
 20
63.15615444620037
 10
170.3896830993067
 20
63.08189613091572
 10
170.35960557210817
 20
63.00773838260856
 10
170.32932135547696
 20
62.93366478849952
 10
170.29888029049334
 20
62.8596555032766
 10
170.26833840784303
 20
62.78568775836675
 10
170.23775603924568
 20
62.71173674012121
 10
170.20700003905665
 20
62.63785893856549
 10
170.17527612773293
 20
62.56439045749036
 10
170.14323436845402
 20
62.49106003986551
 10
170.1108787027368
 20
62.41786758412447
 10
170.07821262523655
 20
62.34481313710402
 10
170.04523922992678
 20
62.27189688244348
 10
170.011961255883
 20
62.19911912788997
 10
169.97838113207848
 20
62.126480291831484
 10
169.9445010207363
 20
62.05398088932895
 10
169.9103228588868
 20
61.9816215178776
 10
169.87584839786118
 20
61.90940284309443
 10
169.841079240515
 20
61.83732558450323
 10
169.80601687602274
 20
61.765390501567715
 10
169.7706627121225
 20
61.69359838010821
 10
169.7350181047189
 20
61.621950019224094
 10
169.6990843847763
 20
61.55044621883456
 10
169.66286288245584
 20
61.47908776794101
 10
169.62635494846774
 20
61.407875433706494
 10
169.5895619726303
 20
61.33680995143908
 10
169.5524853996432
 20
61.26589201555762
 10
169.51512674210377
 20
61.19512227160869
 10
169.47748759081279
 20
61.12450130939299
 10
169.43956962243698
 20
61.05402965724778
 10
169.40137460461645
 20
60.983707777518966
 10
169.3629043986249
 20
60.913536063242866
 10
169.32416095971115
 20
60.8435148360427
 10
169.28514633526993
 20
60.773644345230004
 10
169.24586266100692
 20
60.70392476808554
 10
169.2063121552799
 20
60.63435621127916
 10
169.16649711181103
 20
60.56493871337344
 10
169.1264198909759
 20
60.49567224834204
 10
169.08608290988343
 20
60.42655673002113
 10
169.04548863146493
 20
60.357592017401316
 10
169.0046395527926
 20
60.28877792065794
 10
168.96353819284556
 20
60.22011420781061
 10
168.9221870799368
 20
60.15160061189702
 10
168.88058873900752
 20
60.0832368385432
 10
168.83874567898425
 20
60.01502257381084
 10
168.79666038038255
 20
59.946957492202976
 10
168.75433528332684
 20
59.879041264711915
 10
168.7117727761407
 20
59.811273566797034
 10
168.6689751846456
 20
59.74365408618565
 10
168.62594476228932
 20
59.67618253039643
 10
168.58268368120855
 20
59.608858633892346
 10
168.53919402431308
 20
59.54168216477789
 10
168.49547777846334
 20
59.47465293096377
 10
168.45153682879697
 20
59.4077707857308
 10
168.40737295424591
 20
59.34103563263307
 10
168.3629878242709
 20
59.27444742968921
 10
168.31838299682903
 20
59.208006192818246
 10
168.27355991757648
 20
59.14171199848496
 10
168.22851992029933
 20
59.07556498552678
 10
168.18326422855398
 20
59.009565356141856
 10
168.1377939584903
 20
58.943713376024625
 10
168.09211012282162
 20
58.87800937364261
 10
168.04621363589644
 20
58.81245373865446
 10
168.00010531981928
 20
58.74704691947674
 10
167.9537859115588
 20
58.681789420013956
 10
167.90725607097278
 20
58.61668179557422
 10
167.8605163896697
 20
58.5517246480014
 10
167.813567400617
 20
58.48691862006365
 10
167.7664095883946
 20
58.422264389149085
 10
167.7190433999799
 20
58.35776266033038
 10
167.67146925593812
 20
58.293414158873425
 10
167.62368756187587
 20
58.22921962227967
 10
167.57569872000155
 20
58.165179791967866
 10
167.52750314061865
 20
58.10129540471876
 10
167.47910125335991
 20
58.0375671840259
 10
167.43049351795233
 20
57.97399583151676
 10
167.38168043428314
 20
57.91058201863083
 10
167.3326625515179
 20
57.84732637876542
 10
167.28344047600214
 20
57.78422950012424
 10
167.23401487765952
 20
57.72129191952928
 10
167.18438649458187
 20
57.658514117482
 10
167.13455613549033
 20
57.595896514784386
 10
167.08452467973274
 20
57.53343947105516
 10
167.03429307447104
 20
57.47114328549865
 10
166.9838623287032
 20
57.409008200305166
 10
166.93323350375837
 20
57.347034407080656
 10
166.88240769990048
 20
57.2852220567201
 10
166.83138603867468
 20
57.22357127315425
 10
166.78016964063207
 20
57.16208217141263
 10
166.72875959806885
 20
57.10075488045921
 10
166.6771569424172
 20
57.039589571271364
 10
166.62536260592262
 20
56.97858649065101
 10
166.57337737723282
 20
56.91774600128177
 10
166.52120185050762
 20
56.85706862858133
 10
166.46883636762692
 20
56.79655511495018
 10
166.41628095302477
 20
56.736206482092115
 10
166.36353524060544
 20
56.67602410218696
 10
166.3105983920905
 20
56.6160097788425
 10
166.25746900600214
 20
56.55616583895209
 10
166.20414501629148
 20
56.496495236854884
 10
166.15062357936023
 20
56.43700167255584
 10
166.09690094788382
 20
56.37768972624086
 10
166.04297964931763
 20
56.3185583204623
 10
165.98889943190778
 20
56.25957222754067
 10
165.9346335901963
 20
56.20075685950628
 10
165.88018302433062
 20
56.14211246513179
 10
165.8255486430627
 20
56.08363927880169
 10
165.77073136307203
 20
56.025337520916494
 10
165.71573210830985
 20
55.96720739829418
 10
165.66055180936422
 20
55.90924910456873
 10
165.6051914028457
 20
55.85146282058549
 10
165.54965183079324
 20
55.793848714793015
 10
165.49393404010019
 20
55.73640694363135
 10
165.43803898195972
 20
55.67913765191633
 10
165.38196761132974
 20
55.62204097321987
 10
165.32572088641658
 20
55.56511703024589
 10
165.26929976817755
 20
55.50836593520183
 10
165.21270521984158
 20
55.451787790165426
 10
165.15593820644781
 20
55.39538268744676
 10
165.09899969440198
 20
55.33915070994521
 10
165.04189065104975
 20
55.28309193150133
 10
164.98461204426712
 20
55.227206417243444
 10
164.92716484206736
 20
55.17149422392884
 10
164.86955001222407
 20
55.11595540027936
 10
164.81176852191004
 20
55.06058998731146
 10
164.7538213373517
 20
55.00539801866042
 10
164.69570942349858
 20
54.95037952089877
 10
164.63743374370767
 20
54.895534513848744
 10
164.57899525944202
 20
54.84086301088874
 10
164.52039492998352
 20
54.786365019253715
 10
164.46163371215954
 20
54.73204054032937
 10
164.40271256008268
 20
54.67788956994022
 10
164.3436324249038
 20
54.623912098631315
 10
164.2843942545776
 20
54.57010811194374
 10
164.22499899364072
 20
54.516477590683735
 10
164.16544758300185
 20
54.46302051118552
 10
164.10574095974331
 20
54.40973684556762
 10
164.0458800569345
 20
54.35662656198297
 10
163.9858658034559
 20
54.303689624862415
 10
163.92569912383436
 20
54.25092599515196
 10
163.86538093808832
 20
54.19833563054354
 10
163.80491216158347
 20
54.14591848569936
 10
163.74429370489827
 20
54.093674512469946
 10
163.6835264736988
 20
54.04160366010571
 10
163.6226113686231
 20
53.98970587546223
 10
163.56154928517418
 20
53.93798110319921
 10
163.50034111362197
 20
53.886429285973136
 10
163.43898773891348
 20
53.83505036462362
 10
163.37749004059125
 20
53.78384427835364
 10
163.31584889271934
 20
53.73281096490352
 10
163.25406516381722
 20
53.68195036071883
 10
163.19213971680077
 20
53.63126240111214
 10
163.13007340893046
 20
53.58074702041888
 10
163.06786709176623
 20
53.53040415214712
 10
163.00552161112904
 20
53.48023372912151
 10
162.94303780706855
 20
53.43023568362135
 10
162.88041651383713
 20
53.38040994751293
 10
162.81765855986964
 20
53.330756452376164
 10
162.75476476776848
 20
53.28127512962553
 10
162.69173595429473
 20
53.23196591062556
 10
162.62857293036373
 20
53.18282872680081
 10
162.56527650104618
 20
53.13386350974039
 10
162.50184746557358
 20
53.08507019129728
 10
162.43828661734852
 20
53.036448703682325
 10
162.37459474395922
 20
52.98799897955319
 10
162.3107726271979
 20
52.939720952098135
 10
162.24682104308377
 20
52.891614555114955
 10
162.18274076188905
 20
52.84367972308499
 10
162.11853254816913
 20
52.79591639124234
 10
162.05419716079572
 20
52.748324495638464
 10
161.98973535299353
 20
52.70090397320216
 10
161.92514787237988
 20
52.653654761795046
 10
161.86043546100694
 20
52.6065768002627
 10
161.7955988554072
 20
52.559670028481484
 10
161.73063878664107
 20
52.512934387401216
 10
161.66555598034694
 20
52.46636981908376
 10
161.60035115679366
 20
52.41997626673763
 10
161.535025030935
 20
52.37375367474875
 10
161.4695783124659
 20
52.32770198870746
 10
161.40401170588086
 20
52.28182115543188
 10
161.33832591053365
 20
52.236111122987694
 10
161.27252162069885
 20
52.19057184070456
 10
161.20659952563443
 20
52.14520325918919
 10
161.14056030964596
 20
52.10000533033521
 10
161.07440465215177
 20
52.05497800732992
 10
161.00813322774908
 20
52.01012124465813
 10
160.94174670628115
 20
51.965434998103035
 10
160.87524575290507
 20
51.92091922474444
 10
160.80863102816045
 20
51.87657388295429
 10
160.7419031880384
 20
51.832398932389665
 10
160.67506288405116
 20
51.788394333983454
 10
160.60811076330188
 20
51.744560049932616
 10
160.54104746855495
 20
51.70089604368436
 10
160.47387363830606
 20
51.65740227992025
 10
160.40658990685282
 20
51.614078724538324
 10
160.33919690436483
 20
51.57092534463347
 10
160.271695256954
 20
51.527942108476005
 10
160.2040855867445
 20
51.48512898548873
 10
160.13636851194246
 20
51.442485946222476
 10
160.06854464690517
 20
51.40001296233033
 10
160.00061460221008
 20
51.357710006540565
 10
159.93257898472297
 20
51.31557705262851
 10
159.86443839766588
 20
51.27361407538739
 10
159.7961934406839
 20
51.231821050598235
 10
159.72784470991172
 20
51.19019795499909
 10
159.65939279803902
 20
51.148744766253515
 10
159.59083829437512
 20
51.10746146291857
 10
159.5221817849128
 20
51.06634802441234
 10
159.45342385239098
 20
51.025404430981204
 10
159.38456507635658
 20
50.98463066366683
 10
159.31560603322492
 20
50.94402670427315
 10
159.2465472963395
 20
50.90359253533335
 10
159.17738943603018
 20
50.86332814007697
 10
159.1081330196704
 20
50.82323350239729
  0
LWPOLYLINE
  5
CC
330
17
100
AcDbEntity
  8
01-VISIBLE
100
AcDbPolyline
 90
401
 70
0
 10
107.84812838962901
 20
70.25185782917096
 10
107.84945865264655
 20
70.09050146061612
 10
107.85133731128414
 20
69.92915062721039
 10
107.85404783601018
 20
69.76781174118685
 10
107.8578420924549
 20
69.60649483072567
 10
107.86292054388385
 20
69.44521335472592
 10
107.86942828503913
 20
69.28398331395661
 10
107.87746240863973
 20
69.12282218376157
 10
107.88708427219194
 20
68.96174808922346
 10
107.89833190223081
 20
68.80077937611048
 10
107.911230216595
 20
68.63993453436098
 10
107.9257984669818
 20
68.47923235578023
 10
107.94205511566632
 20
68.31869220633985
 10
107.9600205697195
 20
68.15833431342006
 10
107.97971811566455
 20
67.99817998102574
 10
108.00117321990658
 20
67.83825164229152
 10
108.0244111888017
 20
67.67857264026676
 10
108.04945308843267
 20
67.5191666055686
 10
108.07630989044945
 20
67.36005629594911
 10
108.10497514058048
 20
67.20126181792565
 10
108.13541711637976
 20
67.04279831402148
 10
108.16757235936613
 20
66.8846734927364
 10
108.20134319670571
 20
66.72688572268183
 10
108.23660164117959
 20
66.56942357633217
 10
108.27320030142816
 20
66.41226741613562
 10
108.31098812440216
 20
66.25539284358156
 10
108.34982660664366
 20
66.09877500673832
 10
108.38960212327291
 20
65.94239246620648
 10
108.43023213993149
 20
65.78622972294404
 10
108.47166567984341
 20
65.63027823233219
 10
108.51388000132613
 20
65.47453627271238
 10
108.55687566220845
 20
65.31900820953773
 10
108.60067155262199
 20
65.16370360152226
 10
108.64530071695421
 20
65.00863641311717
 10
108.69080720731054
 20
64.8538244413858
 10
108.73724387775516
 20
64.69928896638186
 10
108.7846708723867
 20
64.5450545805022
 10
108.8331544903439
 20
64.39114912049963
 10
108.88276605510615
 20
64.23760359398008
 10
108.93358032289709
 20
64.084451941173
 10
108.98567279765923
 20
63.931730383782345
 10
109.03911505176497
 20
63.77947596687296
 10
109.09396678870316
 20
63.627723687045545
 10
109.15026303384383
 20
63.47650135340949
 10
109.20799486278074
 20
63.32582120723626
 10
109.2670833136118
 20
63.175667765082935
 10
109.32734992717977
 20
63.02598313308586
 10
109.38849450873929
 20
62.87665478756437
 10
109.4500982279416
 20
62.727515129435034
 10
109.5128577708478
 20
62.5788632455354
 10
109.57767499848828
 20
62.43109235350615
 10
109.64372953522428
 20
62.28387039315861
 10
109.71102001229842
 20
62.13720922095944
 10
109.7795375619299
 20
61.99111728157484
 10
109.84926950970939
 20
61.845601072734134
 10
109.92020169654958
 20
61.700666125874996
 10
109.9923197539681
 20
61.556317582175964
 10
110.06560963736874
 20
61.412560455477994
 10
110.14005767132701
 20
61.26939966874334
 10
110.21565030661827
 20
61.126839940045414
 10
110.29237374142012
 20
60.98488558276515
 10
110.37021352056612
 20
60.843540274320546
 10
110.44915419525798
 20
60.70280683828442
 10
110.52917909895284
 20
60.562687075480014
 10
110.61027027155704
 20
60.42318167000136
 10
110.69240854289693
 20
60.28429018590946
 10
110.7755737679042
 20
60.14601115991006
 10
110.85974519074372
 20
60.00834228529676
 10
110.9449019039751
 20
59.871280673664295
 10
111.0310233621967
 20
59.73482317408084
 10
111.11808990735412
 20
59.59896672496868
 10
111.20608326433513
 20
59.463708711896984
 10
111.29498696955255
 20
59.329047304476845
 10
111.38478670070856
 20
59.19498174694663
 10
111.47547048171523
 20
59.06151257912863
 10
111.56702874198075
 20
58.92864176658401
 10
111.65945421354303
 20
58.79637272055416
 10
111.75274165287246
 20
58.664710189513265
 10
111.84688737703576
 20
58.53366000507121
 10
111.94188860713871
 20
58.40322866612227
 10
112.03774261664343
 20
58.27342274743663
 10
112.13444568950075
 20
58.144248123530794
 10
112.23199190417587
 20
58.015709006963355
 10
112.3303717752787
 20
57.8878068134133
 10
112.42957080450707
 20
57.7605388847028
 10
112.52956965395089
 20
57.633898427099844
 10
112.6304084183107
 20
57.507925747167036
 10
112.73205048515423
 20
57.38260032142452
 10
112.83449325593436
 20
57.25792855032392
 10
112.93773361193048
 20
57.13391645213492
 10
113.0417679191917
 20
57.01056964662261
 10
113.14659203970432
 20
56.88789334371784
 10
113.25220134818295
 20
56.76589233708832
 10
113.35859075385898
 20
56.64457100246453
 10
113.465754726619
 20
56.52393330051978
 10
113.57368732683133
 20
56.40398278404933
 10
113.68238223819145
 20
56.284722609142776
 10
113.79183280291878
 20
56.16615554999615
 10
113.90203205864574
 20
56.048284016968694
 10
114.01297277635848
 20
55.93111007745379
 10
114.12464749877213
 20
55.81463547910435
 10
114.23704857855601
 20
55.698861674931756
 10
114.35016821585981
 20
55.58378984978184
 10
114.46399849463292
 20
55.46942094768374
 10
114.57853141727325
 20
55.35575569956446
 10
114.69375893718666
 20
55.2427946508253
 10
114.80967298888459
 20
55.130538188283246
 10
114.9262655152931
 20
55.018986565991526
 10
115.04352849199019
 20
54.908139929466685
 10
115.16145394813074
 20
54.797998337864676
 10
115.28003398385759
 20
54.68856178366447
 10
115.39926078403349
 20
54.57983020943392
 10
115.51912662816177
 20
54.471803521268285
 10
115.63962389639403
 20
54.364481598507005
 10
115.76074507154905
 20
54.257864299348526
 10
115.88248273709277
 20
54.151951461996106
 10
116.00482957104987
 20
54.04674290098008
 10
116.12777833583927
 20
53.942238398314494
 10
116.25132186404457
 20
53.83843768915866
 10
116.37545304015023
 20
53.73534044166846
 10
116.5001647782944
 20
53.632946230738995
 10
116.62544999611103
 20
53.53125450536102
 10
116.75130158475787
 20
53.43026454934015
 10
116.8777123752543
 20
53.329975435161835
 10
117.00467510128493
 20
53.23038597082909
 10
117.13218393222913
 20
53.13149667784606
 10
117.26023572535337
 20
53.033311468438036
 10
117.38881740760864
 20
52.93582121988609
 10
117.51792313063777
 20
52.839026021882916
 10
117.64754708579531
 20
52.742925923957905
 10
117.77768350448048
 20
52.6475209366897
 10
117.9083266584364
 20
52.55281103290099
 10
118.03947086001651
 20
52.458796148835425
 10
118.17111046241932
 20
52.365476185316275
 10
118.30323985989283
 20
52.272851008886704
 10
118.43585348790921
 20
52.180920452931446
 10
118.56894582331132
 20
52.08968431877977
 10
118.7025113844317
 20
51.99914237678956
 10
118.83654473118528
 20
51.909294367412514
 10
118.97104046513672
 20
51.820140002240386
 10
119.10599322954332
 20
51.73167896503213
 10
119.24139770937457
 20
51.64391091272219
 10
119.37724863130921
 20
51.5568354764096
 10
119.51354076371067
 20
51.47045226232843
 10
119.65026891658178
 20
51.38476085279903
 10
119.78742794149984
 20
51.29976080716079
 10
119.92501273153256
 20
51.21545166268596
 10
120.06301822113593
 20
51.13183293547513
 10
120.20143938603476
 20
51.04890412133408
 10
120.34027124308668
 20
50.96666469663252
 10
120.4795088501303
 20
50.88511411914458
 10
120.61914730581842
 20
50.80425182887151
 10
120.75918174943683
 20
50.724077248846456
 10
120.8996073607095
 20
50.64458978592191
 10
121.04041935959079
 20
50.56578883153964
 10
121.18161300604544
 20
50.48767376248362
 10
121.32318359981684
 20
50.41024394161601
 10
121.46512648018418
 20
50.33349871859657
 10
121.60743702570919
 20
50.25743743058561
 10
121.75011065397307
 20
50.18205940293074
 10
121.8931428213039
 20
50.10736394983786
 10
122.03652902249544
 20
50.033350375026366
 10
122.18026479051746
 20
49.96001797236908
 10
122.32434569621836
 20
49.88736602651695
 10
122.46876734802052
 20
49.81539381350905
 10
122.61352539160865
 20
49.74410060136786
 10
122.75861550961193
 20
49.67348565068039
 10
122.90403342127983
 20
49.60354821516514
 10
123.04977488215278
 20
49.53428754222539
 10
123.19583568372718
 20
49.46570287348905
 10
123.34221165311604
 20
49.397793445335175
 10
123.4888986527048
 20
49.33055848940775
 10
123.63589257980325
 20
49.26399723311665
 10
123.78318936629356
 20
49.19810890012636
 10
123.93078497827497
 20
49.132892710832536
 10
124.07867541570518
 20
49.06834788282677
 10
124.22685671203891
 20
49.00447363134978
 10
124.37532493386396
 20
48.941269169733346
 10
124.52407618053478
 20
48.87873370983124
 10
124.67310658380407
 20
48.816866462439336
 10
124.82241230745248
 20
48.755666637705346
 10
124.97198954691669
 20
48.69513344552824
 10
125.12183452891617
 20
48.63526609594775
 10
125.27194351107858
 20
48.57606379952411
 10
125.42231278156433
 20
48.51752576770839
 10
125.57293865869022
 20
48.4596512132036
 10
125.72381749055245
 20
48.4024393503168
 10
125.87494565464918
 20
48.345889395302514
 10
126.02631955750266
 20
48.29000056669764
 10
126.17793563428137
 20
48.23477208564815
 10
126.32979034842184
 20
48.180203176227685
 10
126.48188019125087
 20
48.126293065748456
 10
126.63420168160758
 20
48.07304098506453
 10
126.78675136546619
 20
48.02044616886777
 10
126.9395258155588
 20
47.96850785597668
 10
127.09252163099903
 20
47.91722528961828
 10
127.24573543690605
 20
47.86659771770337
 10
127.39916388402935
 20
47.816624393095225
 10
127.55280364837438
 20
47.76730457387201
 10
127.70665143082886
 20
47.71863752358317
 10
127.86070395679008
 20
47.670622511499815
 10
128.01495797579318
 20
47.62325881285953
 10
128.16941026114037
 20
47.57654570910559
 10
128.32405760953134
 20
47.53048248812083
 10
128.47889684069452
 20
47.485068444456516
 10
128.63392479701974
 20
47.44030287955604
 10
128.78913834319198
 20
47.39618510197404
 10
128.94453436582617
 20
47.35271442759074
 10
129.1001097731035
 20
47.30989017982192
 10
129.25586149440863
 20
47.26771168982464
 10
129.41178647996838
 20
47.226178296698734
 10
129.5678817004916
 20
47.18528934768449
 10
129.72414414681037
 20
47.145044198356366
 10
129.88057082952236
 20
47.10544221281323
 10
130.03715877863448
 20
47.06648276386494
 10
130.1939050432079
 20
47.02816523321571
 10
130.3508066910042
 20
46.99048901164413
 10
130.50786080813276
 20
46.9534534991803
 10
130.66506449869942
 20
46.917058105279835
 10
130.8224148844564
 20
46.88130224899524
 10
130.97990910445324
 20
46.84618535914453
 10
131.13754431468902
 20
46.811706874477395
 10
131.29531768776565
 20
46.77786624383893
 10
131.45322641254234
 20
46.744662926331046
 10
131.61126769379098
 20
46.71209639147183
 10
131.76943875185273
 20
46.68016611935285
 10
131.92773682229551
 20
46.648871600794436
 10
132.0861591555724
 20
46.61821233749936
 10
132.24470301668092
 20
46.588187842204704
 10
132.40336568482337
 20
46.55879763883216
 10
132.56214445306782
 20
46.53004126263696
 10
132.7210366280098
 20
46.50191826035541
 10
132.8800395294349
 20
46.47442819035113
 10
133.03915048998178
 20
46.44757062276024
 10
133.198366854806
 20
46.42134513963549
 10
133.35768221735134
 20
46.39572783462116
 10
133.5170969035186
 20
46.37073615145994
 10
133.6766099889185
 20
46.346380410628285
 10
133.8362187588106
 20
46.32265980300899
 10
133.99592051772913
 20
46.29957355228241
 10
134.15571258864634
 20
46.27712091405437
 10
134.3155923121634
 20
46.25530117501221
 10
134.47555704572886
 20
46.23411365210798
 10
134.63560416288257
 20
46.21355769176782
 10
134.7957310525242
 20
46.1936326691264
 10
134.95593511820542
 20
46.174337987285696
 10
135.11621377744467
 20
46.155673076597154
 10
135.27656446106317
 20
46.137637393966315
 10
135.43698461254198
 20
46.12023042217923
 10
135.59747168739833
 20
46.10345166924998
 10
135.75802315258113
 20
46.08730066778821
 10
135.9186364858845
 20
46.07177697438651
 10
136.07930917537837
 20
46.05688016902651
 10
136.24003871885594
 20
46.042609854503354
 10
136.4008226232967
 20
46.02896565586782
 10
136.56165840434485
 20
46.015947219885504
 10
136.72254358580204
 20
46.003554214512626
 10
136.88347569913398
 20
45.99178632838778
 10
137.04445228299065
 20
45.98064327033923
 10
137.20547088273887
 20
45.9701247689072
 10
137.36652905000722
 20
45.960230571880786
 10
137.52762434224258
 20
45.95096044584889
 10
137.68875432227787
 20
45.94231417576496
 10
137.84991655791038
 20
45.93429156452493
 10
138.01110862149022
 20
45.92689243255809
 10
138.17232808951877
 20
45.92011661743045
 10
138.33357254225612
 20
45.91396397346034
 10
138.49483956333768
 20
45.90843437134572
 10
138.65612673939907
 20
45.90352769780306
 10
138.8174316597092
 20
45.899243855217364
 10
138.97875191581124
 20
45.89558276130308
 10
139.14008510117054
 20
45.892544348775544
 10
139.30142881083012
 20
45.890128565032725
 10
139.46278064107221
 20
45.88833537184708
 10
139.62413818908686
 20
45.88716474506704
 10
139.7854990526459
 20
45.88661667432812
 10
139.94686082978308
 20
45.886691162773246
 10
140.1082211184795
 20
45.88738822678218
 10
140.26957751635413
 20
45.8887078957097
 10
140.43092762035928
 20
45.890650211632476
 10
140.59226902648058
 20
45.89321522910424
 10
140.75359932944136
 20
45.896403014919315
 10
140.914916122411
 20
45.90021364788399
 10
141.0762169967172
 20
45.9046472185958
 10
141.23749954156165
 20
45.90970382923055
 10
141.39876134373935
 20
45.915383593336614
 10
141.55999998736053
 20
45.92168663563672
 10
141.7212130535759
 20
45.92861309183678
 10
141.88239812030426
 20
45.936163108441775
 10
142.04355276196262
 20
45.94433684257841
 10
142.20467454919856
 20
45.953134461824554
 10
142.3657610486244
 20
45.962556144045124
 10
142.52680982255353
 20
45.97260207723447
 10
142.68781842873787
 20
45.98327245936497
 10
142.84878442010708
 20
45.99456749824178
 10
143.0097053445087
 20
46.00648741136364
 10
143.17057874444953
 20
46.01903242578953
 10
143.3314021568376
 20
46.03220277801104
 10
143.49217311272497
 20
46.04599871383054
 10
143.65288913705066
 20
46.060420488244695
 10
143.8135477483842
 20
46.07546836533349
 10
143.97414645866905
 20
46.09114261815459
 10
144.1346827729659
 20
46.10744352864277
 10
144.29515418919587
 20
46.12437138751451
 10
144.45555819788297
 20
46.14192649417753
 10
144.6158922818963
 20
46.16010915664522
 10
144.77615391619108
 20
46.17891969145572
 10
144.9363405675491
 20
46.198358423595785
 10
145.09644969431784
 20
46.218425686429086
 10
145.25647874614813
 20
46.239121821629
 10
145.41642516373088
 20
46.260447179115715
 10
145.57628637853153
 20
46.2824021169976
 10
145.73605981252334
 20
46.30498700151661
 10
145.89574287791834
 20
46.32820220699783
 10
146.0553329768963
 20
46.352048115802845
 10
146.2148275013315
 20
46.37652511828697
 10
146.3742238325171
 20
46.40163361276015
 10
146.53351934088678
 20
46.42737400545148
 10
146.69271138573387
 20
46.453746710477205
 10
146.85179731492744
 20
46.48075214981209
 10
147.01077446462543
 20
46.50839075326408
 10
147.16964015898466
 20
46.5366629584521
 10
147.32839170986733
 20
46.56556921078686
 10
147.4870264165442
 20
46.595109963454675
 10
147.64554156539407
 20
46.62528567740401
 10
147.8039344295994
 20
46.656096821334685
 10
147.96220226883815
 20
46.68754387168977
 10
148.12034232897136
 20
46.719627312649735
 10
148.27835184172665
 20
46.75234763612906
 10
148.4362280243772
 20
46.7857053417749
 10
148.59396807941633
 20
46.81970093696785
 10
148.75156919422733
 20
46.85433493682459
 10
148.90902854074844
 20
46.88960786420223
 10
149.06634327513302
 20
46.925520249704334
 10
149.22351053740448
 20
46.962072631688315
 10
149.38052745110602
 20
46.999265556274196
 10
149.53739112294494
 20
47.037099577354404
 10
149.6940986424316
 20
47.075575256604665
 10
149.85064708151253
 20
47.114693163495545
 10
150.00703349419777
 20
47.1544538753047
 10
150.1632549161825
 20
47.19485797712951
 10
150.31930836446233
 20
47.235906061900025
 10
150.47519083694272
 20
47.277598730391844
 10
150.6308993120418
 20
47.31993659123898
 10
150.7864307482869
 20
47.362920260946225
 10
150.9417820839046
 20
47.406550363901104
 10
151.09695023640398
 20
47.450827532384814
 10
151.25193210215323
 20
47.49575240658238
 10
151.40672455594913
 20
47.54132563459135
 10
151.5613244505799
 20
47.58754787242913
 10
151.71572861638043
 20
47.634419784038386
 10
151.869933860781
 20
47.68194204129064
 10
152.02393696784796
 20
47.73011532398738
 10
152.1777346978175
 20
47.77894031985866
 10
152.3313237866218
 20
47.828417724558875
 10
152.48470094540767
 20
47.87854824165932
 10
152.6378628600474
 20
47.92933258263723
 10
152.79080619064212
 20
47.98077146686117
 10
152.94352757101728
 20
48.03286562157209
 10
153.09602360821037
 20
48.0856157818601
 10
153.24829088195068
 20
48.13902269063625
 10
153.40032594413128
 20
48.19308709859922
 10
153.552125318273
 20
48.247809764196454
 10
153.70368549898052
 20
48.30319145357916
 10
153.85500295139045
 20
48.359232940551195
 10
154.0060741106114
 20
48.415935006510885
 10
154.15689538115623
 20
48.47329844038588
 10
154.30746313636632
 20
48.53132403856013
 10
154.45777371782793
 20
48.590012604792875
 10
154.6078234347806
 20
48.64936495012897
 10
154.7576085635181
 20
48.70938189280014
 10
154.90712534678133
 20
48.770064258116626
 10
155.05636999314376
 20
48.83141287834872
 10
155.2053386763895
 20
48.89342859259767
 10
155.3540275348836
 20
48.95611224665532
 10
155.50243267093578
 20
49.01946469285208
 10
155.65055015015628
 20
49.083486789892405
 10
155.79837600080546
 20
49.14817940267737
 10
155.94590621313668
 20
49.213543402113764
 10
156.09313673873223
 20
49.27957966490871
 10
156.2400634898338
 20
49.34628907334972
 10
156.38668233866647
 20
49.4136725150689
 10
156.5329891167574
 20
49.48173088279116
 10
156.6789796142491
 20
49.550465074065244
 10
156.82464957920803
 20
49.619875990977306
 10
156.96999471692834
 20
49.689964539845874
 10
157.11501068923192
 20
49.760731630897716
 10
157.25969311376448
 20
49.83217817792369
 10
157.4040375632888
 20
49.90430509791386
 10
157.54803956497514
 20
49.97711331067097
 10
157.6916945996898
 20
50.05060373840151
 10
157.83499810128228
 20
50.12477730528349
 10
157.9779454558714
 20
50.199634937010046
 10
158.12053200113186
 20
50.275177560308066
 10
158.262753025581
 20
50.351406102430715
 10
158.40460376786726
 20
50.4283214906233
 10
158.54607941606105
 20
50.505924651561095
 10
158.6871751069486
 20
50.58421651075869
 10
158.82788592532995
 20
50.6631979919493
 10
158.96820690332254
 20
50.742870016433706
 10
159.1081330196704
 20
50.82323350239729
  0
LINE
  5
CD
330
17
100
AcDbEntity
  8
01-VISIBLE
100
AcDbLine
 10
171.2071898755176
 20
71.43847023991026
 30
0.0
 11
171.2071898755176
 21
72.74486476939462
 31
0.0
  0
LINE
  5
CE
330
17
100
AcDbEntity
  8
01-VISIBLE
100
AcDbLine
 10
108.48718987551759
 20
71.43847023991026
 30
0.0
 11
108.48718987551759
 21
72.74486476939462
 31
0.0
  0
LWPOLYLINE
  5
CF
330
17
100
AcDbEntity
  8
01-VISIBLE
100
AcDbPolyline
 90
7
 70
0
 10
142.8489130048858
 20
55.0935375458814
 10
142.8291562240566
 20
55.16842721841822
 10
142.8039530986533
 20
55.24166705893278
 10
142.7739743672378
 20
55.31308821850074
 10
142.73954073999877
 20
55.38247107195184
 10
142.7007917049253
 20
55.449540859192304
 10
142.65831402448669
 20
55.51431659903246
  0
LWPOLYLINE
  5
D0
330
17
100
AcDbEntity
  8
01-VISIBLE
100
AcDbPolyline
 90
7
 70
0
 10
142.65831402448669
 20
55.51431659903246
 10
142.70078466207036
 20
55.44933309492828
 10
142.7401228634933
 20
55.38241111212608
 10
142.77515031406915
 20
55.313125384704925
 10
142.8057539030418
 20
55.24177672688235
 10
142.83156064823228
 20
55.16855787198675
 10
142.85222092519942
 20
55.0937251613273
  0
LWPOLYLINE
  5
D1
330
17
100
AcDbEntity
  8
01-VISIBLE
100
AcDbPolyline
 90
7
 70
0
 10
136.84552388542872
 20
55.09353430694369
 10
136.86524202023176
 20
55.16843305528607
 10
136.89039719915675
 20
55.24168690356704
 10
136.92040468269602
 20
55.31309366625034
 10
136.95485803118325
 20
55.38246501449181
 10
136.99358397661305
 20
55.44954605835568
 10
137.0360657265485
 20
55.51431659903246
  0
LWPOLYLINE
  5
D2
330
17
100
AcDbEntity
  8
01-VISIBLE
100
AcDbPolyline
 90
9
 70
0
 10
137.0360657265485
 20
55.51431659903246
 10
136.9895919316769
 20
55.44349482591372
 10
136.9471376065145
 20
55.37018465926195
 10
136.93678329092955
 20
55.33786040442737
 10
136.98456147078346
 20
55.39361819845238
 10
136.93525925016942
 20
55.31953884509563
 10
136.893853550035
 20
55.25491823876614
 10
136.86496134785676
 20
55.175297177489966
 10
136.84215878120816
 20
55.09372516385985
  0
LINE
  5
D3
330
17
100
AcDbEntity
  8
01-VISIBLE
100
AcDbLine
 10
148.6471898755176
 20
220.0194622060484
 30
0.0
 11
148.6471898755176
 21
226.06153690491357
 31
0.0
  0
LINE
  5
D4
330
17
100
AcDbEntity
  8
01-VISIBLE
100
AcDbLine
 10
131.04718987551757
 20
220.0194622060484
 30
0.0
 11
131.04718987551757
 21
226.06153690491357
 31
0.0
  0
LINE
  5
D5
330
17
100
AcDbEntity
  8
01-VISIBLE
100
AcDbLine
 10
130.7471898755176
 20
235.8594958760463
 30
0.0
 11
130.7471898755176
 21
232.92010818470646
 31
0.0
  0
LINE
  5
D6
330
17
100
AcDbEntity
  8
01-VISIBLE
100
AcDbLine
 10
148.94718987551758
 20
235.8594958760463
 30
0.0
 11
148.94718987551758
 21
232.92010818470646
 31
0.0
  0
LINE
  5
D7
330
17
100
AcDbEntity
  8
01-VISIBLE
100
AcDbLine
 10
134.8421898755176
 20
236.51269314078849
 30
0.0
 11
134.8421898755176
 21
235.8594958760463
 31
0.0
  0
LINE
  5
D8
330
17
100
AcDbEntity
  8
01-VISIBLE
100
AcDbLine
 10
144.85218987551758
 20
236.51269314078849
 30
0.0
 11
144.85218987551758
 21
235.8594958760463
 31
0.0
  0
CIRCLE
  5
D9
330
17
100
AcDbEntity
  8
08-FINA
100
AcDbCircle
 10
39.0
 20
104.1430098242843
 30
0.0
 40
4.5
  0
TEXT
  5
DA
330
17
100
AcDbEntity
  8
06-TEXTO
100
AcDbText
 10
39.0
 20
104.1430098242843
 30
0.0
 40
3.5
  1
T3
  7
ISO3098
 72
1
 11
39.0
 21
104.1430098242843
 31
0.0
100
AcDbText
 73
2
  0
LINE
  5
DB
330
17
100
AcDbEntity
  8
08-FINA
100
AcDbLine
 10
43.5
 20
104.1430098242843
 30
0.0
 11
86.599229199799
 21
104.1430098242843
 31
0.0
  0
HATCH
  5
DC
330
17
100
AcDbEntity
  8
08-FINA
 62
7
100
AcDbHatch
 10
0.0
 20
0.0
 30
0.0
210
0.0
220
0.0
230
1.0
  2
SOLID
 70
1
 71
0
 91
1
 92
1
 93
1
 72
2
 10
86.599229199799
 20
104.1430098242843
 40
0.6
 50
0
 51
360
 73
1
 97
0
 75
1
 76
1
 98
0
  0
CIRCLE
  5
DD
330
17
100
AcDbEntity
  8
08-FINA
100
AcDbCircle
 10
217.0
 20
57.46372300904176
 30
0.0
 40
4.5
  0
TEXT
  5
DE
330
17
100
AcDbEntity
  8
06-TEXTO
100
AcDbText
 10
217.0
 20
57.46372300904176
 30
0.0
 40
3.5
  1
03
  7
ISO3098
 72
1
 11
217.0
 21
57.46372300904176
 31
0.0
100
AcDbText
 73
2
  0
LINE
  5
DF
330
17
100
AcDbEntity
  8
08-FINA
100
AcDbLine
 10
212.5
 20
57.46372300904176
 30
0.0
 11
160.35611495705223
 21
57.46372300904176
 31
0.0
  0
HATCH
  5
E0
330
17
100
AcDbEntity
  8
08-FINA
 62
7
100
AcDbHatch
 10
0.0
 20
0.0
 30
0.0
210
0.0
220
0.0
230
1.0
  2
SOLID
 70
1
 71
0
 91
1
 92
1
 93
1
 72
2
 10
160.35611495705223
 20
57.46372300904176
 40
0.6
 50
0
 51
360
 73
1
 97
0
 75
1
 76
1
 98
0
  0
CIRCLE
  5
E1
330
17
100
AcDbEntity
  8
08-FINA
100
AcDbCircle
 10
217.0
 20
153.78704940595702
 30
0.0
 40
4.5
  0
TEXT
  5
E2
330
17
100
AcDbEntity
  8
06-TEXTO
100
AcDbText
 10
217.0
 20
153.78704940595702
 30
0.0
 40
3.5
  1
01
  7
ISO3098
 72
1
 11
217.0
 21
153.78704940595702
 31
0.0
100
AcDbText
 73
2
  0
LINE
  5
E3
330
17
100
AcDbEntity
  8
08-FINA
100
AcDbLine
 10
212.5
 20
153.78704940595702
 30
0.0
 11
162.3954109139942
 21
153.78704940595702
 31
0.0
  0
HATCH
  5
E4
330
17
100
AcDbEntity
  8
08-FINA
 62
7
100
AcDbHatch
 10
0.0
 20
0.0
 30
0.0
210
0.0
220
0.0
230
1.0
  2
SOLID
 70
1
 71
0
 91
1
 92
1
 93
1
 72
2
 10
162.3954109139942
 20
153.78704940595702
 40
0.6
 50
0
 51
360
 73
1
 97
0
 75
1
 76
1
 98
0
  0
CIRCLE
  5
E5
330
17
100
AcDbEntity
  8
08-FINA
100
AcDbCircle
 10
217.0
 20
184.20194359466353
 30
0.0
 40
4.5
  0
TEXT
  5
E6
330
17
100
AcDbEntity
  8
06-TEXTO
100
AcDbText
 10
217.0
 20
184.20194359466353
 30
0.0
 40
3.5
  1
02
  7
ISO3098
 72
1
 11
217.0
 21
184.20194359466353
 31
0.0
100
AcDbText
 73
2
  0
LINE
  5
E7
330
17
100
AcDbEntity
  8
08-FINA
100
AcDbLine
 10
212.5
 20
184.20194359466353
 30
0.0
 11
160.8510897038828
 21
184.20194359466353
 31
0.0
  0
HATCH
  5
E8
330
17
100
AcDbEntity
  8
08-FINA
 62
7
100
AcDbHatch
 10
0.0
 20
0.0
 30
0.0
210
0.0
220
0.0
230
1.0
  2
SOLID
 70
1
 71
0
 91
1
 92
1
 93
1
 72
2
 10
160.8510897038828
 20
184.20194359466353
 40
0.6
 50
0
 51
360
 73
1
 97
0
 75
1
 76
1
 98
0
  0
CIRCLE
  5
E9
330
17
100
AcDbEntity
  8
08-FINA
100
AcDbCircle
 10
217.0
 20
217.16454648700187
 30
0.0
 40
4.5
  0
TEXT
  5
EA
330
17
100
AcDbEntity
  8
06-TEXTO
100
AcDbText
 10
217.0
 20
217.16454648700187
 30
0.0
 40
3.5
  1
04
  7
ISO3098
 72
1
 11
217.0
 21
217.16454648700187
 31
0.0
100
AcDbText
 73
2
  0
LINE
  5
EB
330
17
100
AcDbEntity
  8
08-FINA
100
AcDbLine
 10
212.5
 20
217.16454648700187
 30
0.0
 11
145.873554558632
 21
217.16454648700187
 31
0.0
  0
HATCH
  5
EC
330
17
100
AcDbEntity
  8
08-FINA
 62
7
100
AcDbHatch
 10
0.0
 20
0.0
 30
0.0
210
0.0
220
0.0
230
1.0
  2
SOLID
 70
1
 71
0
 91
1
 92
1
 93
1
 72
2
 10
145.873554558632
 20
217.16454648700187
 40
0.6
 50
0
 51
360
 73
1
 97
0
 75
1
 76
1
 98
0
  0
CIRCLE
  5
ED
330
17
100
AcDbEntity
  8
08-FINA
100
AcDbCircle
 10
217.0
 20
232.23695570165148
 30
0.0
 40
4.5
  0
TEXT
  5
EE
330
17
100
AcDbEntity
  8
06-TEXTO
100
AcDbText
 10
217.0
 20
232.23695570165148
 30
0.0
 40
3.5
  1
T1
  7
ISO3098
 72
1
 11
217.0
 21
232.23695570165148
 31
0.0
100
AcDbText
 73
2
  0
LINE
  5
EF
330
17
100
AcDbEntity
  8
08-FINA
100
AcDbLine
 10
212.5
 20
232.23695570165148
 30
0.0
 11
145.77513118724735
 21
232.23695570165148
 31
0.0
  0
HATCH
  5
F0
330
17
100
AcDbEntity
  8
08-FINA
 62
7
100
AcDbHatch
 10
0.0
 20
0.0
 30
0.0
210
0.0
220
0.0
230
1.0
  2
SOLID
 70
1
 71
0
 91
1
 92
1
 93
1
 72
2
 10
145.77513118724735
 20
232.23695570165148
 40
0.6
 50
0
 51
360
 73
1
 97
0
 75
1
 76
1
 98
0
  0
TEXT
  5
F1
330
17
100
AcDbEntity
  8
06-TEXTO
100
AcDbText
 10
128.0
 20
280.0
 30
0.0
 40
5.0
  1
DESPIECE - CILINDRO 50 KG
  7
ISO3098
 72
1
 11
128.0
 21
280.0
 31
0.0
100
AcDbText
 73
2
  0
TEXT
  5
F2
330
17
100
AcDbEntity
  8
06-TEXTO
100
AcDbText
 10
128.0
 20
274.0
 30
0.0
 40
2.5
  1
Isometría explosionada, esc. 1:5. Globo = sufijo del código BOM (hoja FL_REC_ABC_50kg)
  7
ISO3098
 72
1
 11
128.0
 21
274.0
 31
0.0
100
AcDbText
 73
2
  0
LWPOLYLINE
  5
F3
330
17
100
AcDbEntity
  8
10-ROTULO
100
AcDbPolyline
 90
4
 70
1
 10
233.0
 20
278.4
 10
408.0
 20
278.4
 10
408.0
 20
283.0
 10
233.0
 20
283.0
  0
TEXT
  5
F4
330
17
100
AcDbEntity
  8
06-TEXTO
100
AcDbText
 10
320.5
 20
280.7
 30
0.0
 40
3.5
  1
LISTA DE DESPIECE - BOM FL_REC_ABC_50kg
  7
ISO3098
 72
1
 11
320.5
 21
280.7
 31
0.0
100
AcDbText
 73
2
  0
LWPOLYLINE
  5
F5
330
17
100
AcDbEntity
  8
10-ROTULO
100
AcDbPolyline
 90
4
 70
1
 10
233.0
 20
273.79999999999995
 10
243.0
 20
273.79999999999995
 10
243.0
 20
278.4
 10
233.0
 20
278.4
  0
TEXT
  5
F6
330
17
100
AcDbEntity
  8
06-TEXTO
100
AcDbText
 10
234.5
 20
276.09999999999997
 30
0.0
 40
1.8
  1
Glo.
  7
ISO3098
 11
234.5
 21
276.09999999999997
 31
0.0
100
AcDbText
 73
2
  0
LWPOLYLINE
  5
F7
330
17
100
AcDbEntity
  8
10-ROTULO
100
AcDbPolyline
 90
4
 70
1
 10
243.0
 20
273.79999999999995
 10
267.0
 20
273.79999999999995
 10
267.0
 20
278.4
 10
243.0
 20
278.4
  0
TEXT
  5
F8
330
17
100
AcDbEntity
  8
06-TEXTO
100
AcDbText
 10
255.0
 20
276.09999999999997
 30
0.0
 40
2.0
  1
Código BOM
  7
ISO3098
 72
1
 11
255.0
 21
276.09999999999997
 31
0.0
100
AcDbText
 73
2
  0
LWPOLYLINE
  5
F9
330
17
100
AcDbEntity
  8
10-ROTULO
100
AcDbPolyline
 90
4
 70
1
 10
267.0
 20
273.79999999999995
 10
343.0
 20
273.79999999999995
 10
343.0
 20
278.4
 10
267.0
 20
278.4
  0
TEXT
  5
FA
330
17
100
AcDbEntity
  8
06-TEXTO
100
AcDbText
 10
305.0
 20
276.09999999999997
 30
0.0
 40
1.8
  1
Denominación
  7
ISO3098
 72
1
 11
305.0
 21
276.09999999999997
 31
0.0
100
AcDbText
 73
2
  0
LWPOLYLINE
  5
FB
330
17
100
AcDbEntity
  8
10-ROTULO
100
AcDbPolyline
 90
4
 70
1
 10
343.0
 20
273.79999999999995
 10
360.0
 20
273.79999999999995
 10
360.0
 20
278.4
 10
343.0
 20
278.4
  0
TEXT
  5
FC
330
17
100
AcDbEntity
  8
06-TEXTO
100
AcDbText
 10
351.5
 20
276.09999999999997
 30
0.0
 40
2.0
  1
Cant.
  7
ISO3098
 72
1
 11
351.5
 21
276.09999999999997
 31
0.0
100
AcDbText
 73
2
  0
LWPOLYLINE
  5
FD
330
17
100
AcDbEntity
  8
10-ROTULO
100
AcDbPolyline
 90
4
 70
1
 10
360.0
 20
273.79999999999995
 10
408.0
 20
273.79999999999995
 10
408.0
 20
278.4
 10
360.0
 20
278.4
  0
TEXT
  5
FE
330
17
100
AcDbEntity
  8
06-TEXTO
100
AcDbText
 10
384.0
 20
276.09999999999997
 30
0.0
 40
1.6
  1
Material
  7
ISO3098
 72
1
 11
384.0
 21
276.09999999999997
 31
0.0
100
AcDbText
 73
2
  0
LWPOLYLINE
  5
FF
330
17
100
AcDbEntity
  8
10-ROTULO
100
AcDbPolyline
 90
4
 70
1
 10
233.0
 20
269.19999999999993
 10
243.0
 20
269.19999999999993
 10
243.0
 20
273.79999999999995
 10
233.0
 20
273.79999999999995
  0
TEXT
  5
100
330
17
100
AcDbEntity
  8
06-TEXTO
100
AcDbText
 10
234.5
 20
271.49999999999994
 30
0.0
 40
2.2
  1

  7
ISO3098
 11
234.5
 21
271.49999999999994
 31
0.0
100
AcDbText
 73
2
  0
LWPOLYLINE
  5
101
330
17
100
AcDbEntity
  8
10-ROTULO
100
AcDbPolyline
 90
4
 70
1
 10
243.0
 20
269.19999999999993
 10
267.0
 20
269.19999999999993
 10
267.0
 20
273.79999999999995
 10
243.0
 20
273.79999999999995
  0
TEXT
  5
102
330
17
100
AcDbEntity
  8
06-TEXTO
100
AcDbText
 10
255.0
 20
271.49999999999994
 30
0.0
 40
2.0
  1
ABC50-S1
  7
ISO3098
 72
1
 11
255.0
 21
271.49999999999994
 31
0.0
100
AcDbText
 73
2
  0
LWPOLYLINE
  5
103
330
17
100
AcDbEntity
  8
10-ROTULO
100
AcDbPolyline
 90
4
 70
1
 10
267.0
 20
269.19999999999993
 10
343.0
 20
269.19999999999993
 10
343.0
 20
273.79999999999995
 10
267.0
 20
273.79999999999995
  0
TEXT
  5
104
330
17
100
AcDbEntity
  8
06-TEXTO
100
AcDbText
 10
305.0
 20
271.49999999999994
 30
0.0
 40
1.8
  1
RECIPIENTE (CILINDRO)
  7
ISO3098
 72
1
 11
305.0
 21
271.49999999999994
 31
0.0
100
AcDbText
 73
2
  0
LWPOLYLINE
  5
105
330
17
100
AcDbEntity
  8
10-ROTULO
100
AcDbPolyline
 90
4
 70
1
 10
343.0
 20
269.19999999999993
 10
360.0
 20
269.19999999999993
 10
360.0
 20
273.79999999999995
 10
343.0
 20
273.79999999999995
  0
TEXT
  5
106
330
17
100
AcDbEntity
  8
06-TEXTO
100
AcDbText
 10
351.5
 20
271.49999999999994
 30
0.0
 40
2.0
  1

  7
ISO3098
 72
1
 11
351.5
 21
271.49999999999994
 31
0.0
100
AcDbText
 73
2
  0
LWPOLYLINE
  5
107
330
17
100
AcDbEntity
  8
10-ROTULO
100
AcDbPolyline
 90
4
 70
1
 10
360.0
 20
269.19999999999993
 10
408.0
 20
269.19999999999993
 10
408.0
 20
273.79999999999995
 10
360.0
 20
273.79999999999995
  0
TEXT
  5
108
330
17
100
AcDbEntity
  8
06-TEXTO
100
AcDbText
 10
384.0
 20
271.49999999999994
 30
0.0
 40
1.6
  1

  7
ISO3098
 72
1
 11
384.0
 21
271.49999999999994
 31
0.0
100
AcDbText
 73
2
  0
LWPOLYLINE
  5
109
330
17
100
AcDbEntity
  8
10-ROTULO
100
AcDbPolyline
 90
4
 70
1
 10
233.0
 20
264.5999999999999
 10
243.0
 20
264.5999999999999
 10
243.0
 20
269.19999999999993
 10
233.0
 20
269.19999999999993
  0
TEXT
  5
10A
330
17
100
AcDbEntity
  8
06-TEXTO
100
AcDbText
 10
234.5
 20
266.8999999999999
 30
0.0
 40
2.2
  1
01
  7
ISO3098
 11
234.5
 21
266.8999999999999
 31
0.0
100
AcDbText
 73
2
  0
LWPOLYLINE
  5
10B
330
17
100
AcDbEntity
  8
10-ROTULO
100
AcDbPolyline
 90
4
 70
1
 10
243.0
 20
264.5999999999999
 10
267.0
 20
264.5999999999999
 10
267.0
 20
269.19999999999993
 10
243.0
 20
269.19999999999993
  0
TEXT
  5
10C
330
17
100
AcDbEntity
  8
06-TEXTO
100
AcDbText
 10
255.0
 20
266.8999999999999
 30
0.0
 40
2.0
  1
ABC50-01
  7
ISO3098
 72
1
 11
255.0
 21
266.8999999999999
 31
0.0
100
AcDbText
 73
2
  0
LWPOLYLINE
  5
10D
330
17
100
AcDbEntity
  8
10-ROTULO
100
AcDbPolyline
 90
4
 70
1
 10
267.0
 20
264.5999999999999
 10
343.0
 20
264.5999999999999
 10
343.0
 20
269.19999999999993
 10
267.0
 20
269.19999999999993
  0
TEXT
  5
10E
330
17
100
AcDbEntity
  8
06-TEXTO
100
AcDbText
 10
305.0
 20
266.8999999999999
 30
0.0
 40
1.8
  1
Cuerpo (virola)
  7
ISO3098
 72
1
 11
305.0
 21
266.8999999999999
 31
0.0
100
AcDbText
 73
2
  0
LWPOLYLINE
  5
10F
330
17
100
AcDbEntity
  8
10-ROTULO
100
AcDbPolyline
 90
4
 70
1
 10
343.0
 20
264.5999999999999
 10
360.0
 20
264.5999999999999
 10
360.0
 20
269.19999999999993
 10
343.0
 20
269.19999999999993
  0
TEXT
  5
110
330
17
100
AcDbEntity
  8
06-TEXTO
100
AcDbText
 10
351.5
 20
266.8999999999999
 30
0.0
 40
2.0
  1
1
  7
ISO3098
 72
1
 11
351.5
 21
266.8999999999999
 31
0.0
100
AcDbText
 73
2
  0
LWPOLYLINE
  5
111
330
17
100
AcDbEntity
  8
10-ROTULO
100
AcDbPolyline
 90
4
 70
1
 10
360.0
 20
264.5999999999999
 10
408.0
 20
264.5999999999999
 10
408.0
 20
269.19999999999993
 10
360.0
 20
269.19999999999993
  0
TEXT
  5
112
330
17
100
AcDbEntity
  8
06-TEXTO
100
AcDbText
 10
384.0
 20
266.8999999999999
 30
0.0
 40
1.6
  1
Chapa LAC IRAM-IAS U 500-0
  7
ISO3098
 72
1
 11
384.0
 21
266.8999999999999
 31
0.0
100
AcDbText
 73
2
  0
LWPOLYLINE
  5
113
330
17
100
AcDbEntity
  8
10-ROTULO
100
AcDbPolyline
 90
4
 70
1
 10
233.0
 20
259.9999999999999
 10
243.0
 20
259.9999999999999
 10
243.0
 20
264.5999999999999
 10
233.0
 20
264.5999999999999
  0
TEXT
  5
114
330
17
100
AcDbEntity
  8
06-TEXTO
100
AcDbText
 10
234.5
 20
262.2999999999999
 30
0.0
 40
2.2
  1
02
  7
ISO3098
 11
234.5
 21
262.2999999999999
 31
0.0
100
AcDbText
 73
2
  0
LWPOLYLINE
  5
115
330
17
100
AcDbEntity
  8
10-ROTULO
100
AcDbPolyline
 90
4
 70
1
 10
243.0
 20
259.9999999999999
 10
267.0
 20
259.9999999999999
 10
267.0
 20
264.5999999999999
 10
243.0
 20
264.5999999999999
  0
TEXT
  5
116
330
17
100
AcDbEntity
  8
06-TEXTO
100
AcDbText
 10
255.0
 20
262.2999999999999
 30
0.0
 40
2.0
  1
ABC50-02
  7
ISO3098
 72
1
 11
255.0
 21
262.2999999999999
 31
0.0
100
AcDbText
 73
2
  0
LWPOLYLINE
  5
117
330
17
100
AcDbEntity
  8
10-ROTULO
100
AcDbPolyline
 90
4
 70
1
 10
267.0
 20
259.9999999999999
 10
343.0
 20
259.9999999999999
 10
343.0
 20
264.5999999999999
 10
267.0
 20
264.5999999999999
  0
TEXT
  5
118
330
17
100
AcDbEntity
  8
06-TEXTO
100
AcDbText
 10
305.0
 20
262.2999999999999
 30
0.0
 40
1.8
  1
Cúpula
  7
ISO3098
 72
1
 11
305.0
 21
262.2999999999999
 31
0.0
100
AcDbText
 73
2
  0
LWPOLYLINE
  5
119
330
17
100
AcDbEntity
  8
10-ROTULO
100
AcDbPolyline
 90
4
 70
1
 10
343.0
 20
259.9999999999999
 10
360.0
 20
259.9999999999999
 10
360.0
 20
264.5999999999999
 10
343.0
 20
264.5999999999999
  0
TEXT
  5
11A
330
17
100
AcDbEntity
  8
06-TEXTO
100
AcDbText
 10
351.5
 20
262.2999999999999
 30
0.0
 40
2.0
  1
1
  7
ISO3098
 72
1
 11
351.5
 21
262.2999999999999
 31
0.0
100
AcDbText
 73
2
  0
LWPOLYLINE
  5
11B
330
17
100
AcDbEntity
  8
10-ROTULO
100
AcDbPolyline
 90
4
 70
1
 10
360.0
 20
259.9999999999999
 10
408.0
 20
259.9999999999999
 10
408.0
 20
264.5999999999999
 10
360.0
 20
264.5999999999999
  0
TEXT
  5
11C
330
17
100
AcDbEntity
  8
06-TEXTO
100
AcDbText
 10
384.0
 20
262.2999999999999
 30
0.0
 40
1.6
  1
Chapa LAC IRAM-IAS U 500-0
  7
ISO3098
 72
1
 11
384.0
 21
262.2999999999999
 31
0.0
100
AcDbText
 73
2
  0
LWPOLYLINE
  5
11D
330
17
100
AcDbEntity
  8
10-ROTULO
100
AcDbPolyline
 90
4
 70
1
 10
233.0
 20
255.3999999999999
 10
243.0
 20
255.3999999999999
 10
243.0
 20
259.9999999999999
 10
233.0
 20
259.9999999999999
  0
TEXT
  5
11E
330
17
100
AcDbEntity
  8
06-TEXTO
100
AcDbText
 10
234.5
 20
257.6999999999999
 30
0.0
 40
2.2
  1
03
  7
ISO3098
 11
234.5
 21
257.6999999999999
 31
0.0
100
AcDbText
 73
2
  0
LWPOLYLINE
  5
11F
330
17
100
AcDbEntity
  8
10-ROTULO
100
AcDbPolyline
 90
4
 70
1
 10
243.0
 20
255.3999999999999
 10
267.0
 20
255.3999999999999
 10
267.0
 20
259.9999999999999
 10
243.0
 20
259.9999999999999
  0
TEXT
  5
120
330
17
100
AcDbEntity
  8
06-TEXTO
100
AcDbText
 10
255.0
 20
257.6999999999999
 30
0.0
 40
2.0
  1
ABC50-03
  7
ISO3098
 72
1
 11
255.0
 21
257.6999999999999
 31
0.0
100
AcDbText
 73
2
  0
LWPOLYLINE
  5
121
330
17
100
AcDbEntity
  8
10-ROTULO
100
AcDbPolyline
 90
4
 70
1
 10
267.0
 20
255.3999999999999
 10
343.0
 20
255.3999999999999
 10
343.0
 20
259.9999999999999
 10
267.0
 20
259.9999999999999
  0
TEXT
  5
122
330
17
100
AcDbEntity
  8
06-TEXTO
100
AcDbText
 10
305.0
 20
257.6999999999999
 30
0.0
 40
1.8
  1
Fondo
  7
ISO3098
 72
1
 11
305.0
 21
257.6999999999999
 31
0.0
100
AcDbText
 73
2
  0
LWPOLYLINE
  5
123
330
17
100
AcDbEntity
  8
10-ROTULO
100
AcDbPolyline
 90
4
 70
1
 10
343.0
 20
255.3999999999999
 10
360.0
 20
255.3999999999999
 10
360.0
 20
259.9999999999999
 10
343.0
 20
259.9999999999999
  0
TEXT
  5
124
330
17
100
AcDbEntity
  8
06-TEXTO
100
AcDbText
 10
351.5
 20
257.6999999999999
 30
0.0
 40
2.0
  1
1
  7
ISO3098
 72
1
 11
351.5
 21
257.6999999999999
 31
0.0
100
AcDbText
 73
2
  0
LWPOLYLINE
  5
125
330
17
100
AcDbEntity
  8
10-ROTULO
100
AcDbPolyline
 90
4
 70
1
 10
360.0
 20
255.3999999999999
 10
408.0
 20
255.3999999999999
 10
408.0
 20
259.9999999999999
 10
360.0
 20
259.9999999999999
  0
TEXT
  5
126
330
17
100
AcDbEntity
  8
06-TEXTO
100
AcDbText
 10
384.0
 20
257.6999999999999
 30
0.0
 40
1.6
  1
Chapa LAC IRAM-IAS U 500-0
  7
ISO3098
 72
1
 11
384.0
 21
257.6999999999999
 31
0.0
100
AcDbText
 73
2
  0
LWPOLYLINE
  5
127
330
17
100
AcDbEntity
  8
10-ROTULO
100
AcDbPolyline
 90
4
 70
1
 10
233.0
 20
250.7999999999999
 10
243.0
 20
250.7999999999999
 10
243.0
 20
255.3999999999999
 10
233.0
 20
255.3999999999999
  0
TEXT
  5
128
330
17
100
AcDbEntity
  8
06-TEXTO
100
AcDbText
 10
234.5
 20
253.09999999999988
 30
0.0
 40
2.2
  1
04
  7
ISO3098
 11
234.5
 21
253.09999999999988
 31
0.0
100
AcDbText
 73
2
  0
LWPOLYLINE
  5
129
330
17
100
AcDbEntity
  8
10-ROTULO
100
AcDbPolyline
 90
4
 70
1
 10
243.0
 20
250.7999999999999
 10
267.0
 20
250.7999999999999
 10
267.0
 20
255.3999999999999
 10
243.0
 20
255.3999999999999
  0
TEXT
  5
12A
330
17
100
AcDbEntity
  8
06-TEXTO
100
AcDbText
 10
255.0
 20
253.09999999999988
 30
0.0
 40
2.0
  1
ABC50-04
  7
ISO3098
 72
1
 11
255.0
 21
253.09999999999988
 31
0.0
100
AcDbText
 73
2
  0
LWPOLYLINE
  5
12B
330
17
100
AcDbEntity
  8
10-ROTULO
100
AcDbPolyline
 90
4
 70
1
 10
267.0
 20
250.7999999999999
 10
343.0
 20
250.7999999999999
 10
343.0
 20
255.3999999999999
 10
267.0
 20
255.3999999999999
  0
TEXT
  5
12C
330
17
100
AcDbEntity
  8
06-TEXTO
100
AcDbText
 10
305.0
 20
253.09999999999988
 30
0.0
 40
1.8
  1
Cuello roscado
  7
ISO3098
 72
1
 11
305.0
 21
253.09999999999988
 31
0.0
100
AcDbText
 73
2
  0
LWPOLYLINE
  5
12D
330
17
100
AcDbEntity
  8
10-ROTULO
100
AcDbPolyline
 90
4
 70
1
 10
343.0
 20
250.7999999999999
 10
360.0
 20
250.7999999999999
 10
360.0
 20
255.3999999999999
 10
343.0
 20
255.3999999999999
  0
TEXT
  5
12E
330
17
100
AcDbEntity
  8
06-TEXTO
100
AcDbText
 10
351.5
 20
253.09999999999988
 30
0.0
 40
2.0
  1
1
  7
ISO3098
 72
1
 11
351.5
 21
253.09999999999988
 31
0.0
100
AcDbText
 73
2
  0
LWPOLYLINE
  5
12F
330
17
100
AcDbEntity
  8
10-ROTULO
100
AcDbPolyline
 90
4
 70
1
 10
360.0
 20
250.7999999999999
 10
408.0
 20
250.7999999999999
 10
408.0
 20
255.3999999999999
 10
360.0
 20
255.3999999999999
  0
TEXT
  5
130
330
17
100
AcDbEntity
  8
06-TEXTO
100
AcDbText
 10
384.0
 20
253.09999999999988
 30
0.0
 40
1.6
  1
Acero SAE 1010
  7
ISO3098
 72
1
 11
384.0
 21
253.09999999999988
 31
0.0
100
AcDbText
 73
2
  0
LWPOLYLINE
  5
131
330
17
100
AcDbEntity
  8
10-ROTULO
100
AcDbPolyline
 90
4
 70
1
 10
233.0
 20
246.1999999999999
 10
243.0
 20
246.1999999999999
 10
243.0
 20
250.7999999999999
 10
233.0
 20
250.7999999999999
  0
TEXT
  5
132
330
17
100
AcDbEntity
  8
06-TEXTO
100
AcDbText
 10
234.5
 20
248.4999999999999
 30
0.0
 40
2.2
  1
C1
  7
ISO3098
 11
234.5
 21
248.4999999999999
 31
0.0
100
AcDbText
 73
2
  0
LWPOLYLINE
  5
133
330
17
100
AcDbEntity
  8
10-ROTULO
100
AcDbPolyline
 90
4
 70
1
 10
243.0
 20
246.1999999999999
 10
267.0
 20
246.1999999999999
 10
267.0
 20
250.7999999999999
 10
243.0
 20
250.7999999999999
  0
TEXT
  5
134
330
17
100
AcDbEntity
  8
06-TEXTO
100
AcDbText
 10
255.0
 20
248.4999999999999
 30
0.0
 40
2.0
  1
ABC50-C1
  7
ISO3098
 72
1
 11
255.0
 21
248.4999999999999
 31
0.0
100
AcDbText
 73
2
  0
LWPOLYLINE
  5
135
330
17
100
AcDbEntity
  8
10-ROTULO
100
AcDbPolyline
 90
4
 70
1
 10
267.0
 20
246.1999999999999
 10
343.0
 20
246.1999999999999
 10
343.0
 20
250.7999999999999
 10
267.0
 20
250.7999999999999
  0
TEXT
  5
136
330
17
100
AcDbEntity
  8
06-TEXTO
100
AcDbText
 10
305.0
 20
248.4999999999999
 30
0.0
 40
1.8
  1
Alambre MAG ER70S-6 Ø1,2 (AWS A5.18)
  7
ISO3098
 72
1
 11
305.0
 21
248.4999999999999
 31
0.0
100
AcDbText
 73
2
  0
LWPOLYLINE
  5
137
330
17
100
AcDbEntity
  8
10-ROTULO
100
AcDbPolyline
 90
4
 70
1
 10
343.0
 20
246.1999999999999
 10
360.0
 20
246.1999999999999
 10
360.0
 20
250.7999999999999
 10
343.0
 20
250.7999999999999
  0
TEXT
  5
138
330
17
100
AcDbEntity
  8
06-TEXTO
100
AcDbText
 10
351.5
 20
248.4999999999999
 30
0.0
 40
1.8
  1
0,4262 kg
  7
ISO3098
 72
1
 11
351.5
 21
248.4999999999999
 31
0.0
100
AcDbText
 73
2
  0
LWPOLYLINE
  5
139
330
17
100
AcDbEntity
  8
10-ROTULO
100
AcDbPolyline
 90
4
 70
1
 10
360.0
 20
246.1999999999999
 10
408.0
 20
246.1999999999999
 10
408.0
 20
250.7999999999999
 10
360.0
 20
250.7999999999999
  0
TEXT
  5
13A
330
17
100
AcDbEntity
  8
06-TEXTO
100
AcDbText
 10
384.0
 20
248.4999999999999
 30
0.0
 40
1.6
  1
ER70S-6
  7
ISO3098
 72
1
 11
384.0
 21
248.4999999999999
 31
0.0
100
AcDbText
 73
2
  0
LWPOLYLINE
  5
13B
330
17
100
AcDbEntity
  8
10-ROTULO
100
AcDbPolyline
 90
4
 70
1
 10
233.0
 20
241.5999999999999
 10
243.0
 20
241.5999999999999
 10
243.0
 20
246.1999999999999
 10
233.0
 20
246.1999999999999
  0
TEXT
  5
13C
330
17
100
AcDbEntity
  8
06-TEXTO
100
AcDbText
 10
234.5
 20
243.8999999999999
 30
0.0
 40
2.2
  1
C2
  7
ISO3098
 11
234.5
 21
243.8999999999999
 31
0.0
100
AcDbText
 73
2
  0
LWPOLYLINE
  5
13D
330
17
100
AcDbEntity
  8
10-ROTULO
100
AcDbPolyline
 90
4
 70
1
 10
243.0
 20
241.5999999999999
 10
267.0
 20
241.5999999999999
 10
267.0
 20
246.1999999999999
 10
243.0
 20
246.1999999999999
  0
TEXT
  5
13E
330
17
100
AcDbEntity
  8
06-TEXTO
100
AcDbText
 10
255.0
 20
243.8999999999999
 30
0.0
 40
2.0
  1
ABC50-C2
  7
ISO3098
 72
1
 11
255.0
 21
243.8999999999999
 31
0.0
100
AcDbText
 73
2
  0
LWPOLYLINE
  5
13F
330
17
100
AcDbEntity
  8
10-ROTULO
100
AcDbPolyline
 90
4
 70
1
 10
267.0
 20
241.5999999999999
 10
343.0
 20
241.5999999999999
 10
343.0
 20
246.1999999999999
 10
267.0
 20
246.1999999999999
  0
TEXT
  5
140
330
17
100
AcDbEntity
  8
06-TEXTO
100
AcDbText
 10
305.0
 20
243.8999999999999
 30
0.0
 40
1.8
  1
Gas de protección MAG Arcal 21 / ARCAL Spe
  7
ISO3098
 72
1
 11
305.0
 21
243.8999999999999
 31
0.0
100
AcDbText
 73
2
  0
LWPOLYLINE
  5
141
330
17
100
AcDbEntity
  8
10-ROTULO
100
AcDbPolyline
 90
4
 70
1
 10
343.0
 20
241.5999999999999
 10
360.0
 20
241.5999999999999
 10
360.0
 20
246.1999999999999
 10
343.0
 20
246.1999999999999
  0
TEXT
  5
142
330
17
100
AcDbEntity
  8
06-TEXTO
100
AcDbText
 10
351.5
 20
243.8999999999999
 30
0.0
 40
2.0
  1
68,3 L
  7
ISO3098
 72
1
 11
351.5
 21
243.8999999999999
 31
0.0
100
AcDbText
 73
2
  0
LWPOLYLINE
  5
143
330
17
100
AcDbEntity
  8
10-ROTULO
100
AcDbPolyline
 90
4
 70
1
 10
360.0
 20
241.5999999999999
 10
408.0
 20
241.5999999999999
 10
408.0
 20
246.1999999999999
 10
360.0
 20
246.1999999999999
  0
TEXT
  5
144
330
17
100
AcDbEntity
  8
06-TEXTO
100
AcDbText
 10
384.0
 20
243.8999999999999
 30
0.0
 40
1.6
  1
EN ISO 14175 M20-ArC-8
  7
ISO3098
 72
1
 11
384.0
 21
243.8999999999999
 31
0.0
100
AcDbText
 73
2
  0
LWPOLYLINE
  5
145
330
17
100
AcDbEntity
  8
10-ROTULO
100
AcDbPolyline
 90
4
 70
1
 10
233.0
 20
236.99999999999991
 10
243.0
 20
236.99999999999991
 10
243.0
 20
241.5999999999999
 10
233.0
 20
241.5999999999999
  0
TEXT
  5
146
330
17
100
AcDbEntity
  8
06-TEXTO
100
AcDbText
 10
234.5
 20
239.2999999999999
 30
0.0
 40
2.2
  1
C4
  7
ISO3098
 11
234.5
 21
239.2999999999999
 31
0.0
100
AcDbText
 73
2
  0
LWPOLYLINE
  5
147
330
17
100
AcDbEntity
  8
10-ROTULO
100
AcDbPolyline
 90
4
 70
1
 10
243.0
 20
236.99999999999991
 10
267.0
 20
236.99999999999991
 10
267.0
 20
241.5999999999999
 10
243.0
 20
241.5999999999999
  0
TEXT
  5
148
330
17
100
AcDbEntity
  8
06-TEXTO
100
AcDbText
 10
255.0
 20
239.2999999999999
 30
0.0
 40
2.0
  1
ABC50-C4
  7
ISO3098
 72
1
 11
255.0
 21
239.2999999999999
 31
0.0
100
AcDbText
 73
2
  0
LWPOLYLINE
  5
149
330
17
100
AcDbEntity
  8
10-ROTULO
100
AcDbPolyline
 90
4
 70
1
 10
267.0
 20
236.99999999999991
 10
343.0
 20
236.99999999999991
 10
343.0
 20
241.5999999999999
 10
267.0
 20
241.5999999999999
  0
TEXT
  5
14A
330
17
100
AcDbEntity
  8
06-TEXTO
100
AcDbText
 10
305.0
 20
239.2999999999999
 30
0.0
 40
1.8
  1
Servicio de pintura en polvo al horno, roj
  7
ISO3098
 72
1
 11
305.0
 21
239.2999999999999
 31
0.0
100
AcDbText
 73
2
  0
LWPOLYLINE
  5
14B
330
17
100
AcDbEntity
  8
10-ROTULO
100
AcDbPolyline
 90
4
 70
1
 10
343.0
 20
236.99999999999991
 10
360.0
 20
236.99999999999991
 10
360.0
 20
241.5999999999999
 10
343.0
 20
241.5999999999999
  0
TEXT
  5
14C
330
17
100
AcDbEntity
  8
06-TEXTO
100
AcDbText
 10
351.5
 20
239.2999999999999
 30
0.0
 40
2.0
  1
1
  7
ISO3098
 72
1
 11
351.5
 21
239.2999999999999
 31
0.0
100
AcDbText
 73
2
  0
LWPOLYLINE
  5
14D
330
17
100
AcDbEntity
  8
10-ROTULO
100
AcDbPolyline
 90
4
 70
1
 10
360.0
 20
236.99999999999991
 10
408.0
 20
236.99999999999991
 10
408.0
 20
241.5999999999999
 10
360.0
 20
241.5999999999999
  0
TEXT
  5
14E
330
17
100
AcDbEntity
  8
06-TEXTO
100
AcDbText
 10
384.0
 20
239.2999999999999
 30
0.0
 40
1.6
  1
Servicio tercerizado
  7
ISO3098
 72
1
 11
384.0
 21
239.2999999999999
 31
0.0
100
AcDbText
 73
2
  0
LWPOLYLINE
  5
14F
330
17
100
AcDbEntity
  8
10-ROTULO
100
AcDbPolyline
 90
4
 70
1
 10
233.0
 20
232.39999999999992
 10
243.0
 20
232.39999999999992
 10
243.0
 20
236.99999999999991
 10
233.0
 20
236.99999999999991
  0
TEXT
  5
150
330
17
100
AcDbEntity
  8
06-TEXTO
100
AcDbText
 10
234.5
 20
234.6999999999999
 30
0.0
 40
2.2
  1
T1
  7
ISO3098
 11
234.5
 21
234.6999999999999
 31
0.0
100
AcDbText
 73
2
  0
LWPOLYLINE
  5
151
330
17
100
AcDbEntity
  8
10-ROTULO
100
AcDbPolyline
 90
4
 70
1
 10
243.0
 20
232.39999999999992
 10
267.0
 20
232.39999999999992
 10
267.0
 20
236.99999999999991
 10
243.0
 20
236.99999999999991
  0
TEXT
  5
152
330
17
100
AcDbEntity
  8
06-TEXTO
100
AcDbText
 10
255.0
 20
234.6999999999999
 30
0.0
 40
2.0
  1
ABC50-T1
  7
ISO3098
 72
1
 11
255.0
 21
234.6999999999999
 31
0.0
100
AcDbText
 73
2
  0
LWPOLYLINE
  5
153
330
17
100
AcDbEntity
  8
10-ROTULO
100
AcDbPolyline
 90
4
 70
1
 10
267.0
 20
232.39999999999992
 10
343.0
 20
232.39999999999992
 10
343.0
 20
236.99999999999991
 10
267.0
 20
236.99999999999991
  0
TEXT
  5
154
330
17
100
AcDbEntity
  8
06-TEXTO
100
AcDbText
 10
305.0
 20
234.6999999999999
 30
0.0
 40
1.8
  1
Tapón protector de rosca del cuello
  7
ISO3098
 72
1
 11
305.0
 21
234.6999999999999
 31
0.0
100
AcDbText
 73
2
  0
LWPOLYLINE
  5
155
330
17
100
AcDbEntity
  8
10-ROTULO
100
AcDbPolyline
 90
4
 70
1
 10
343.0
 20
232.39999999999992
 10
360.0
 20
232.39999999999992
 10
360.0
 20
236.99999999999991
 10
343.0
 20
236.99999999999991
  0
TEXT
  5
156
330
17
100
AcDbEntity
  8
06-TEXTO
100
AcDbText
 10
351.5
 20
234.6999999999999
 30
0.0
 40
2.0
  1
1
  7
ISO3098
 72
1
 11
351.5
 21
234.6999999999999
 31
0.0
100
AcDbText
 73
2
  0
LWPOLYLINE
  5
157
330
17
100
AcDbEntity
  8
10-ROTULO
100
AcDbPolyline
 90
4
 70
1
 10
360.0
 20
232.39999999999992
 10
408.0
 20
232.39999999999992
 10
408.0
 20
236.99999999999991
 10
360.0
 20
236.99999999999991
  0
TEXT
  5
158
330
17
100
AcDbEntity
  8
06-TEXTO
100
AcDbText
 10
384.0
 20
234.6999999999999
 30
0.0
 40
1.6
  1
Polietileno
  7
ISO3098
 72
1
 11
384.0
 21
234.6999999999999
 31
0.0
100
AcDbText
 73
2
  0
LWPOLYLINE
  5
159
330
17
100
AcDbEntity
  8
10-ROTULO
100
AcDbPolyline
 90
4
 70
1
 10
233.0
 20
227.79999999999993
 10
243.0
 20
227.79999999999993
 10
243.0
 20
232.39999999999992
 10
233.0
 20
232.39999999999992
  0
TEXT
  5
15A
330
17
100
AcDbEntity
  8
06-TEXTO
100
AcDbText
 10
234.5
 20
230.0999999999999
 30
0.0
 40
2.2
  1
T2
  7
ISO3098
 11
234.5
 21
230.0999999999999
 31
0.0
100
AcDbText
 73
2
  0
LWPOLYLINE
  5
15B
330
17
100
AcDbEntity
  8
10-ROTULO
100
AcDbPolyline
 90
4
 70
1
 10
243.0
 20
227.79999999999993
 10
267.0
 20
227.79999999999993
 10
267.0
 20
232.39999999999992
 10
243.0
 20
232.39999999999992
  0
TEXT
  5
15C
330
17
100
AcDbEntity
  8
06-TEXTO
100
AcDbText
 10
255.0
 20
230.0999999999999
 30
0.0
 40
2.0
  1
ABC50-T2
  7
ISO3098
 72
1
 11
255.0
 21
230.0999999999999
 31
0.0
100
AcDbText
 73
2
  0
LWPOLYLINE
  5
15D
330
17
100
AcDbEntity
  8
10-ROTULO
100
AcDbPolyline
 90
4
 70
1
 10
267.0
 20
227.79999999999993
 10
343.0
 20
227.79999999999993
 10
343.0
 20
232.39999999999992
 10
267.0
 20
232.39999999999992
  0
TEXT
  5
15E
330
17
100
AcDbEntity
  8
06-TEXTO
100
AcDbText
 10
305.0
 20
230.0999999999999
 30
0.0
 40
1.8
  1
Marcado del recipiente (grabado en el cuer
  7
ISO3098
 72
1
 11
305.0
 21
230.0999999999999
 31
0.0
100
AcDbText
 73
2
  0
LWPOLYLINE
  5
15F
330
17
100
AcDbEntity
  8
10-ROTULO
100
AcDbPolyline
 90
4
 70
1
 10
343.0
 20
227.79999999999993
 10
360.0
 20
227.79999999999993
 10
360.0
 20
232.39999999999992
 10
343.0
 20
232.39999999999992
  0
TEXT
  5
160
330
17
100
AcDbEntity
  8
06-TEXTO
100
AcDbText
 10
351.5
 20
230.0999999999999
 30
0.0
 40
2.0
  1
1
  7
ISO3098
 72
1
 11
351.5
 21
230.0999999999999
 31
0.0
100
AcDbText
 73
2
  0
LWPOLYLINE
  5
161
330
17
100
AcDbEntity
  8
10-ROTULO
100
AcDbPolyline
 90
4
 70
1
 10
360.0
 20
227.79999999999993
 10
408.0
 20
227.79999999999993
 10
408.0
 20
232.39999999999992
 10
360.0
 20
232.39999999999992
  0
TEXT
  5
162
330
17
100
AcDbEntity
  8
06-TEXTO
100
AcDbText
 10
384.0
 20
230.0999999999999
 30
0.0
 40
1.6
  1
-
  7
ISO3098
 72
1
 11
384.0
 21
230.0999999999999
 31
0.0
100
AcDbText
 73
2
  0
LWPOLYLINE
  5
163
330
17
100
AcDbEntity
  8
10-ROTULO
100
AcDbPolyline
 90
4
 70
1
 10
233.0
 20
223.19999999999993
 10
243.0
 20
223.19999999999993
 10
243.0
 20
227.79999999999993
 10
233.0
 20
227.79999999999993
  0
TEXT
  5
164
330
17
100
AcDbEntity
  8
06-TEXTO
100
AcDbText
 10
234.5
 20
225.49999999999991
 30
0.0
 40
2.2
  1
T3
  7
ISO3098
 11
234.5
 21
225.49999999999991
 31
0.0
100
AcDbText
 73
2
  0
LWPOLYLINE
  5
165
330
17
100
AcDbEntity
  8
10-ROTULO
100
AcDbPolyline
 90
4
 70
1
 10
243.0
 20
223.19999999999993
 10
267.0
 20
223.19999999999993
 10
267.0
 20
227.79999999999993
 10
243.0
 20
227.79999999999993
  0
TEXT
  5
166
330
17
100
AcDbEntity
  8
06-TEXTO
100
AcDbText
 10
255.0
 20
225.49999999999991
 30
0.0
 40
2.0
  1
ABC50-T3
  7
ISO3098
 72
1
 11
255.0
 21
225.49999999999991
 31
0.0
100
AcDbText
 73
2
  0
LWPOLYLINE
  5
167
330
17
100
AcDbEntity
  8
10-ROTULO
100
AcDbPolyline
 90
4
 70
1
 10
267.0
 20
223.19999999999993
 10
343.0
 20
223.19999999999993
 10
343.0
 20
227.79999999999993
 10
267.0
 20
227.79999999999993
  0
TEXT
  5
168
330
17
100
AcDbEntity
  8
06-TEXTO
100
AcDbText
 10
305.0
 20
225.49999999999991
 30
0.0
 40
1.8
  1
Etiqueta de identificación del cilindro su
  7
ISO3098
 72
1
 11
305.0
 21
225.49999999999991
 31
0.0
100
AcDbText
 73
2
  0
LWPOLYLINE
  5
169
330
17
100
AcDbEntity
  8
10-ROTULO
100
AcDbPolyline
 90
4
 70
1
 10
343.0
 20
223.19999999999993
 10
360.0
 20
223.19999999999993
 10
360.0
 20
227.79999999999993
 10
343.0
 20
227.79999999999993
  0
TEXT
  5
16A
330
17
100
AcDbEntity
  8
06-TEXTO
100
AcDbText
 10
351.5
 20
225.49999999999991
 30
0.0
 40
2.0
  1
1
  7
ISO3098
 72
1
 11
351.5
 21
225.49999999999991
 31
0.0
100
AcDbText
 73
2
  0
LWPOLYLINE
  5
16B
330
17
100
AcDbEntity
  8
10-ROTULO
100
AcDbPolyline
 90
4
 70
1
 10
360.0
 20
223.19999999999993
 10
408.0
 20
223.19999999999993
 10
408.0
 20
227.79999999999993
 10
360.0
 20
227.79999999999993
  0
TEXT
  5
16C
330
17
100
AcDbEntity
  8
06-TEXTO
100
AcDbText
 10
384.0
 20
225.49999999999991
 30
0.0
 40
1.6
  1
Poliéster autoadhesivo rem
  7
ISO3098
 72
1
 11
384.0
 21
225.49999999999991
 31
0.0
100
AcDbText
 73
2
  0
LWPOLYLINE
  5
16D
330
17
100
AcDbEntity
  8
10-ROTULO
100
AcDbPolyline
 90
4
 70
1
 10
233.0
 20
218.59999999999994
 10
243.0
 20
218.59999999999994
 10
243.0
 20
223.19999999999993
 10
233.0
 20
223.19999999999993
  0
TEXT
  5
16E
330
17
100
AcDbEntity
  8
06-TEXTO
100
AcDbText
 10
234.5
 20
220.89999999999992
 30
0.0
 40
2.2
  1
T4
  7
ISO3098
 11
234.5
 21
220.89999999999992
 31
0.0
100
AcDbText
 73
2
  0
LWPOLYLINE
  5
16F
330
17
100
AcDbEntity
  8
10-ROTULO
100
AcDbPolyline
 90
4
 70
1
 10
243.0
 20
218.59999999999994
 10
267.0
 20
218.59999999999994
 10
267.0
 20
223.19999999999993
 10
243.0
 20
223.19999999999993
  0
TEXT
  5
170
330
17
100
AcDbEntity
  8
06-TEXTO
100
AcDbText
 10
255.0
 20
220.89999999999992
 30
0.0
 40
2.0
  1
ABC50-T4
  7
ISO3098
 72
1
 11
255.0
 21
220.89999999999992
 31
0.0
100
AcDbText
 73
2
  0
LWPOLYLINE
  5
171
330
17
100
AcDbEntity
  8
10-ROTULO
100
AcDbPolyline
 90
4
 70
1
 10
267.0
 20
218.59999999999994
 10
343.0
 20
218.59999999999994
 10
343.0
 20
223.19999999999993
 10
267.0
 20
223.19999999999993
  0
TEXT
  5
172
330
17
100
AcDbEntity
  8
06-TEXTO
100
AcDbText
 10
305.0
 20
220.89999999999992
 30
0.0
 40
1.8
  1
Protocolo de ensayo hidrostático (certific
  7
ISO3098
 72
1
 11
305.0
 21
220.89999999999992
 31
0.0
100
AcDbText
 73
2
  0
LWPOLYLINE
  5
173
330
17
100
AcDbEntity
  8
10-ROTULO
100
AcDbPolyline
 90
4
 70
1
 10
343.0
 20
218.59999999999994
 10
360.0
 20
218.59999999999994
 10
360.0
 20
223.19999999999993
 10
343.0
 20
223.19999999999993
  0
TEXT
  5
174
330
17
100
AcDbEntity
  8
06-TEXTO
100
AcDbText
 10
351.5
 20
220.89999999999992
 30
0.0
 40
2.0
  1
1
  7
ISO3098
 72
1
 11
351.5
 21
220.89999999999992
 31
0.0
100
AcDbText
 73
2
  0
LWPOLYLINE
  5
175
330
17
100
AcDbEntity
  8
10-ROTULO
100
AcDbPolyline
 90
4
 70
1
 10
360.0
 20
218.59999999999994
 10
408.0
 20
218.59999999999994
 10
408.0
 20
223.19999999999993
 10
360.0
 20
223.19999999999993
  0
TEXT
  5
176
330
17
100
AcDbEntity
  8
06-TEXTO
100
AcDbText
 10
384.0
 20
220.89999999999992
 30
0.0
 40
1.6
  1
Papel
  7
ISO3098
 72
1
 11
384.0
 21
220.89999999999992
 31
0.0
100
AcDbText
 73
2
  0
LWPOLYLINE
  5
177
330
17
100
AcDbEntity
  8
10-ROTULO
100
AcDbPolyline
 90
4
 70
1
 10
233.0
 20
213.99999999999994
 10
243.0
 20
213.99999999999994
 10
243.0
 20
218.59999999999994
 10
233.0
 20
218.59999999999994
  0
TEXT
  5
178
330
17
100
AcDbEntity
  8
06-TEXTO
100
AcDbText
 10
234.5
 20
216.29999999999993
 30
0.0
 40
2.2
  1

  7
ISO3098
 11
234.5
 21
216.29999999999993
 31
0.0
100
AcDbText
 73
2
  0
LWPOLYLINE
  5
179
330
17
100
AcDbEntity
  8
10-ROTULO
100
AcDbPolyline
 90
4
 70
1
 10
243.0
 20
213.99999999999994
 10
267.0
 20
213.99999999999994
 10
267.0
 20
218.59999999999994
 10
243.0
 20
218.59999999999994
  0
TEXT
  5
17A
330
17
100
AcDbEntity
  8
06-TEXTO
100
AcDbText
 10
255.0
 20
216.29999999999993
 30
0.0
 40
2.0
  1
ABC50-S7
  7
ISO3098
 72
1
 11
255.0
 21
216.29999999999993
 31
0.0
100
AcDbText
 73
2
  0
LWPOLYLINE
  5
17B
330
17
100
AcDbEntity
  8
10-ROTULO
100
AcDbPolyline
 90
4
 70
1
 10
267.0
 20
213.99999999999994
 10
343.0
 20
213.99999999999994
 10
343.0
 20
218.59999999999994
 10
267.0
 20
218.59999999999994
  0
TEXT
  5
17C
330
17
100
AcDbEntity
  8
06-TEXTO
100
AcDbText
 10
305.0
 20
216.29999999999993
 30
0.0
 40
1.8
  1
EMBALAJE
  7
ISO3098
 72
1
 11
305.0
 21
216.29999999999993
 31
0.0
100
AcDbText
 73
2
  0
LWPOLYLINE
  5
17D
330
17
100
AcDbEntity
  8
10-ROTULO
100
AcDbPolyline
 90
4
 70
1
 10
343.0
 20
213.99999999999994
 10
360.0
 20
213.99999999999994
 10
360.0
 20
218.59999999999994
 10
343.0
 20
218.59999999999994
  0
TEXT
  5
17E
330
17
100
AcDbEntity
  8
06-TEXTO
100
AcDbText
 10
351.5
 20
216.29999999999993
 30
0.0
 40
2.0
  1

  7
ISO3098
 72
1
 11
351.5
 21
216.29999999999993
 31
0.0
100
AcDbText
 73
2
  0
LWPOLYLINE
  5
17F
330
17
100
AcDbEntity
  8
10-ROTULO
100
AcDbPolyline
 90
4
 70
1
 10
360.0
 20
213.99999999999994
 10
408.0
 20
213.99999999999994
 10
408.0
 20
218.59999999999994
 10
360.0
 20
218.59999999999994
  0
TEXT
  5
180
330
17
100
AcDbEntity
  8
06-TEXTO
100
AcDbText
 10
384.0
 20
216.29999999999993
 30
0.0
 40
1.6
  1

  7
ISO3098
 72
1
 11
384.0
 21
216.29999999999993
 31
0.0
100
AcDbText
 73
2
  0
LWPOLYLINE
  5
181
330
17
100
AcDbEntity
  8
10-ROTULO
100
AcDbPolyline
 90
4
 70
1
 10
233.0
 20
209.39999999999995
 10
243.0
 20
209.39999999999995
 10
243.0
 20
213.99999999999994
 10
233.0
 20
213.99999999999994
  0
TEXT
  5
182
330
17
100
AcDbEntity
  8
06-TEXTO
100
AcDbText
 10
234.5
 20
211.69999999999993
 30
0.0
 40
2.2
  1
E1
  7
ISO3098
 11
234.5
 21
211.69999999999993
 31
0.0
100
AcDbText
 73
2
  0
LWPOLYLINE
  5
183
330
17
100
AcDbEntity
  8
10-ROTULO
100
AcDbPolyline
 90
4
 70
1
 10
243.0
 20
209.39999999999995
 10
267.0
 20
209.39999999999995
 10
267.0
 20
213.99999999999994
 10
243.0
 20
213.99999999999994
  0
TEXT
  5
184
330
17
100
AcDbEntity
  8
06-TEXTO
100
AcDbText
 10
255.0
 20
211.69999999999993
 30
0.0
 40
2.0
  1
ABC50-E1
  7
ISO3098
 72
1
 11
255.0
 21
211.69999999999993
 31
0.0
100
AcDbText
 73
2
  0
LWPOLYLINE
  5
185
330
17
100
AcDbEntity
  8
10-ROTULO
100
AcDbPolyline
 90
4
 70
1
 10
267.0
 20
209.39999999999995
 10
343.0
 20
209.39999999999995
 10
343.0
 20
213.99999999999994
 10
267.0
 20
213.99999999999994
  0
TEXT
  5
186
330
17
100
AcDbEntity
  8
06-TEXTO
100
AcDbText
 10
305.0
 20
211.69999999999993
 30
0.0
 40
1.8
  1
Esquineros y funda de polietileno
  7
ISO3098
 72
1
 11
305.0
 21
211.69999999999993
 31
0.0
100
AcDbText
 73
2
  0
LWPOLYLINE
  5
187
330
17
100
AcDbEntity
  8
10-ROTULO
100
AcDbPolyline
 90
4
 70
1
 10
343.0
 20
209.39999999999995
 10
360.0
 20
209.39999999999995
 10
360.0
 20
213.99999999999994
 10
343.0
 20
213.99999999999994
  0
TEXT
  5
188
330
17
100
AcDbEntity
  8
06-TEXTO
100
AcDbText
 10
351.5
 20
211.69999999999993
 30
0.0
 40
2.0
  1
1 jgo
  7
ISO3098
 72
1
 11
351.5
 21
211.69999999999993
 31
0.0
100
AcDbText
 73
2
  0
LWPOLYLINE
  5
189
330
17
100
AcDbEntity
  8
10-ROTULO
100
AcDbPolyline
 90
4
 70
1
 10
360.0
 20
209.39999999999995
 10
408.0
 20
209.39999999999995
 10
408.0
 20
213.99999999999994
 10
360.0
 20
213.99999999999994
  0
TEXT
  5
18A
330
17
100
AcDbEntity
  8
06-TEXTO
100
AcDbText
 10
384.0
 20
211.69999999999993
 30
0.0
 40
1.6
  1
PE / cartón
  7
ISO3098
 72
1
 11
384.0
 21
211.69999999999993
 31
0.0
100
AcDbText
 73
2
  0
LWPOLYLINE
  5
18B
330
17
100
AcDbEntity
  8
10-ROTULO
100
AcDbPolyline
 90
4
 70
1
 10
233.0
 20
204.79999999999995
 10
243.0
 20
204.79999999999995
 10
243.0
 20
209.39999999999995
 10
233.0
 20
209.39999999999995
  0
TEXT
  5
18C
330
17
100
AcDbEntity
  8
06-TEXTO
100
AcDbText
 10
234.5
 20
207.09999999999994
 30
0.0
 40
2.2
  1
E3
  7
ISO3098
 11
234.5
 21
207.09999999999994
 31
0.0
100
AcDbText
 73
2
  0
LWPOLYLINE
  5
18D
330
17
100
AcDbEntity
  8
10-ROTULO
100
AcDbPolyline
 90
4
 70
1
 10
243.0
 20
204.79999999999995
 10
267.0
 20
204.79999999999995
 10
267.0
 20
209.39999999999995
 10
243.0
 20
209.39999999999995
  0
TEXT
  5
18E
330
17
100
AcDbEntity
  8
06-TEXTO
100
AcDbText
 10
255.0
 20
207.09999999999994
 30
0.0
 40
2.0
  1
ABC50-E3
  7
ISO3098
 72
1
 11
255.0
 21
207.09999999999994
 31
0.0
100
AcDbText
 73
2
  0
LWPOLYLINE
  5
18F
330
17
100
AcDbEntity
  8
10-ROTULO
100
AcDbPolyline
 90
4
 70
1
 10
267.0
 20
204.79999999999995
 10
343.0
 20
204.79999999999995
 10
343.0
 20
209.39999999999995
 10
267.0
 20
209.39999999999995
  0
TEXT
  5
190
330
17
100
AcDbEntity
  8
06-TEXTO
100
AcDbText
 10
305.0
 20
207.09999999999994
 30
0.0
 40
1.8
  1
Pallet 1200 × 1000 (fracción)
  7
ISO3098
 72
1
 11
305.0
 21
207.09999999999994
 31
0.0
100
AcDbText
 73
2
  0
LWPOLYLINE
  5
191
330
17
100
AcDbEntity
  8
10-ROTULO
100
AcDbPolyline
 90
4
 70
1
 10
343.0
 20
204.79999999999995
 10
360.0
 20
204.79999999999995
 10
360.0
 20
209.39999999999995
 10
343.0
 20
209.39999999999995
  0
TEXT
  5
192
330
17
100
AcDbEntity
  8
06-TEXTO
100
AcDbText
 10
351.5
 20
207.09999999999994
 30
0.0
 40
2.0
  1
0,1111
  7
ISO3098
 72
1
 11
351.5
 21
207.09999999999994
 31
0.0
100
AcDbText
 73
2
  0
LWPOLYLINE
  5
193
330
17
100
AcDbEntity
  8
10-ROTULO
100
AcDbPolyline
 90
4
 70
1
 10
360.0
 20
204.79999999999995
 10
408.0
 20
204.79999999999995
 10
408.0
 20
209.39999999999995
 10
360.0
 20
209.39999999999995
  0
TEXT
  5
194
330
17
100
AcDbEntity
  8
06-TEXTO
100
AcDbText
 10
384.0
 20
207.09999999999994
 30
0.0
 40
1.6
  1
Madera
  7
ISO3098
 72
1
 11
384.0
 21
207.09999999999994
 31
0.0
100
AcDbText
 73
2
  0
LWPOLYLINE
  5
195
330
17
100
AcDbEntity
  8
10-ROTULO
100
AcDbPolyline
 90
4
 70
1
 10
233.0
 20
200.19999999999996
 10
243.0
 20
200.19999999999996
 10
243.0
 20
204.79999999999995
 10
233.0
 20
204.79999999999995
  0
TEXT
  5
196
330
17
100
AcDbEntity
  8
06-TEXTO
100
AcDbText
 10
234.5
 20
202.49999999999994
 30
0.0
 40
2.2
  1
E4
  7
ISO3098
 11
234.5
 21
202.49999999999994
 31
0.0
100
AcDbText
 73
2
  0
LWPOLYLINE
  5
197
330
17
100
AcDbEntity
  8
10-ROTULO
100
AcDbPolyline
 90
4
 70
1
 10
243.0
 20
200.19999999999996
 10
267.0
 20
200.19999999999996
 10
267.0
 20
204.79999999999995
 10
243.0
 20
204.79999999999995
  0
TEXT
  5
198
330
17
100
AcDbEntity
  8
06-TEXTO
100
AcDbText
 10
255.0
 20
202.49999999999994
 30
0.0
 40
2.0
  1
ABC50-E4
  7
ISO3098
 72
1
 11
255.0
 21
202.49999999999994
 31
0.0
100
AcDbText
 73
2
  0
LWPOLYLINE
  5
199
330
17
100
AcDbEntity
  8
10-ROTULO
100
AcDbPolyline
 90
4
 70
1
 10
267.0
 20
200.19999999999996
 10
343.0
 20
200.19999999999996
 10
343.0
 20
204.79999999999995
 10
267.0
 20
204.79999999999995
  0
TEXT
  5
19A
330
17
100
AcDbEntity
  8
06-TEXTO
100
AcDbText
 10
305.0
 20
202.49999999999994
 30
0.0
 40
1.8
  1
Film stretch (fracción del pallet)
  7
ISO3098
 72
1
 11
305.0
 21
202.49999999999994
 31
0.0
100
AcDbText
 73
2
  0
LWPOLYLINE
  5
19B
330
17
100
AcDbEntity
  8
10-ROTULO
100
AcDbPolyline
 90
4
 70
1
 10
343.0
 20
200.19999999999996
 10
360.0
 20
200.19999999999996
 10
360.0
 20
204.79999999999995
 10
343.0
 20
204.79999999999995
  0
TEXT
  5
19C
330
17
100
AcDbEntity
  8
06-TEXTO
100
AcDbText
 10
351.5
 20
202.49999999999994
 30
0.0
 40
1.8
  1
0,0133 kg
  7
ISO3098
 72
1
 11
351.5
 21
202.49999999999994
 31
0.0
100
AcDbText
 73
2
  0
LWPOLYLINE
  5
19D
330
17
100
AcDbEntity
  8
10-ROTULO
100
AcDbPolyline
 90
4
 70
1
 10
360.0
 20
200.19999999999996
 10
408.0
 20
200.19999999999996
 10
408.0
 20
204.79999999999995
 10
360.0
 20
204.79999999999995
  0
TEXT
  5
19E
330
17
100
AcDbEntity
  8
06-TEXTO
100
AcDbText
 10
384.0
 20
202.49999999999994
 30
0.0
 40
1.6
  1
PE lineal 23 µm
  7
ISO3098
 72
1
 11
384.0
 21
202.49999999999994
 31
0.0
100
AcDbText
 73
2
  0
LWPOLYLINE
  5
19F
330
17
100
AcDbEntity
  8
10-ROTULO
100
AcDbPolyline
 90
4
 70
1
 10
233.0
 20
195.59999999999997
 10
243.0
 20
195.59999999999997
 10
243.0
 20
200.19999999999996
 10
233.0
 20
200.19999999999996
  0
TEXT
  5
1A0
330
17
100
AcDbEntity
  8
06-TEXTO
100
AcDbText
 10
234.5
 20
197.89999999999995
 30
0.0
 40
2.2
  1
E5
  7
ISO3098
 11
234.5
 21
197.89999999999995
 31
0.0
100
AcDbText
 73
2
  0
LWPOLYLINE
  5
1A1
330
17
100
AcDbEntity
  8
10-ROTULO
100
AcDbPolyline
 90
4
 70
1
 10
243.0
 20
195.59999999999997
 10
267.0
 20
195.59999999999997
 10
267.0
 20
200.19999999999996
 10
243.0
 20
200.19999999999996
  0
TEXT
  5
1A2
330
17
100
AcDbEntity
  8
06-TEXTO
100
AcDbText
 10
255.0
 20
197.89999999999995
 30
0.0
 40
2.0
  1
ABC50-E5
  7
ISO3098
 72
1
 11
255.0
 21
197.89999999999995
 31
0.0
100
AcDbText
 73
2
  0
LWPOLYLINE
  5
1A3
330
17
100
AcDbEntity
  8
10-ROTULO
100
AcDbPolyline
 90
4
 70
1
 10
267.0
 20
195.59999999999997
 10
343.0
 20
195.59999999999997
 10
343.0
 20
200.19999999999996
 10
267.0
 20
200.19999999999996
  0
TEXT
  5
1A4
330
17
100
AcDbEntity
  8
06-TEXTO
100
AcDbText
 10
305.0
 20
197.89999999999995
 30
0.0
 40
1.8
  1
Etiqueta de pallet (lote y destino, fracci
  7
ISO3098
 72
1
 11
305.0
 21
197.89999999999995
 31
0.0
100
AcDbText
 73
2
  0
LWPOLYLINE
  5
1A5
330
17
100
AcDbEntity
  8
10-ROTULO
100
AcDbPolyline
 90
4
 70
1
 10
343.0
 20
195.59999999999997
 10
360.0
 20
195.59999999999997
 10
360.0
 20
200.19999999999996
 10
343.0
 20
200.19999999999996
  0
TEXT
  5
1A6
330
17
100
AcDbEntity
  8
06-TEXTO
100
AcDbText
 10
351.5
 20
197.89999999999995
 30
0.0
 40
2.0
  1
0,1111
  7
ISO3098
 72
1
 11
351.5
 21
197.89999999999995
 31
0.0
100
AcDbText
 73
2
  0
LWPOLYLINE
  5
1A7
330
17
100
AcDbEntity
  8
10-ROTULO
100
AcDbPolyline
 90
4
 70
1
 10
360.0
 20
195.59999999999997
 10
408.0
 20
195.59999999999997
 10
408.0
 20
200.19999999999996
 10
360.0
 20
200.19999999999996
  0
TEXT
  5
1A8
330
17
100
AcDbEntity
  8
06-TEXTO
100
AcDbText
 10
384.0
 20
197.89999999999995
 30
0.0
 40
1.6
  1
Papel térmico
  7
ISO3098
 72
1
 11
384.0
 21
197.89999999999995
 31
0.0
100
AcDbText
 73
2
  0
LWPOLYLINE
  5
1A9
330
17
100
AcDbEntity
  8
10-ROTULO
100
AcDbPolyline
 90
4
 70
1
 10
233.0
 20
190.99999999999997
 10
243.0
 20
190.99999999999997
 10
243.0
 20
195.59999999999997
 10
233.0
 20
195.59999999999997
  0
TEXT
  5
1AA
330
17
100
AcDbEntity
  8
06-TEXTO
100
AcDbText
 10
234.5
 20
193.29999999999995
 30
0.0
 40
2.2
  1
E8
  7
ISO3098
 11
234.5
 21
193.29999999999995
 31
0.0
100
AcDbText
 73
2
  0
LWPOLYLINE
  5
1AB
330
17
100
AcDbEntity
  8
10-ROTULO
100
AcDbPolyline
 90
4
 70
1
 10
243.0
 20
190.99999999999997
 10
267.0
 20
190.99999999999997
 10
267.0
 20
195.59999999999997
 10
243.0
 20
195.59999999999997
  0
TEXT
  5
1AC
330
17
100
AcDbEntity
  8
06-TEXTO
100
AcDbText
 10
255.0
 20
193.29999999999995
 30
0.0
 40
2.0
  1
ABC50-E8
  7
ISO3098
 72
1
 11
255.0
 21
193.29999999999995
 31
0.0
100
AcDbText
 73
2
  0
LWPOLYLINE
  5
1AD
330
17
100
AcDbEntity
  8
10-ROTULO
100
AcDbPolyline
 90
4
 70
1
 10
267.0
 20
190.99999999999997
 10
343.0
 20
190.99999999999997
 10
343.0
 20
195.59999999999997
 10
267.0
 20
195.59999999999997
  0
TEXT
  5
1AE
330
17
100
AcDbEntity
  8
06-TEXTO
100
AcDbText
 10
305.0
 20
193.29999999999995
 30
0.0
 40
1.8
  1
Separador de capa de cartón 1200 × 1000 (f
  7
ISO3098
 72
1
 11
305.0
 21
193.29999999999995
 31
0.0
100
AcDbText
 73
2
  0
LWPOLYLINE
  5
1AF
330
17
100
AcDbEntity
  8
10-ROTULO
100
AcDbPolyline
 90
4
 70
1
 10
343.0
 20
190.99999999999997
 10
360.0
 20
190.99999999999997
 10
360.0
 20
195.59999999999997
 10
343.0
 20
195.59999999999997
  0
TEXT
  5
1B0
330
17
100
AcDbEntity
  8
06-TEXTO
100
AcDbText
 10
351.5
 20
193.29999999999995
 30
0.0
 40
2.0
  1
0
  7
ISO3098
 72
1
 11
351.5
 21
193.29999999999995
 31
0.0
100
AcDbText
 73
2
  0
LWPOLYLINE
  5
1B1
330
17
100
AcDbEntity
  8
10-ROTULO
100
AcDbPolyline
 90
4
 70
1
 10
360.0
 20
190.99999999999997
 10
408.0
 20
190.99999999999997
 10
408.0
 20
195.59999999999997
 10
360.0
 20
195.59999999999997
  0
TEXT
  5
1B2
330
17
100
AcDbEntity
  8
06-TEXTO
100
AcDbText
 10
384.0
 20
193.29999999999995
 30
0.0
 40
1.6
  1
Cartón
  7
ISO3098
 72
1
 11
384.0
 21
193.29999999999995
 31
0.0
100
AcDbText
 73
2
  0
TEXT
  5
1B3
330
17
100
AcDbEntity
  8
06-TEXTO
100
AcDbText
 10
233.0
 20
185.99999999999997
 30
0.0
 40
2.0
  1
NOTAS: 1) Medidas, pesos y normas: salida/bom/FLAMA_BOM.xlsx, hoja FL_REC_ABC_50kg.
  7
ISO3098
 11
233.0
 21
185.99999999999997
 31
0.0
100
AcDbText
 73
1
  0
TEXT
  5
1B4
330
17
100
AcDbEntity
  8
06-TEXTO
100
AcDbText
 10
233.0
 20
181.99999999999997
 30
0.0
 40
2.0
  1
2) Sin globo: consumibles, marcado, protocolo y embalaje (no dibujados).
  7
ISO3098
 11
233.0
 21
181.99999999999997
 31
0.0
100
AcDbText
 73
1
  0
TEXT
  5
1B5
330
17
100
AcDbEntity
  8
06-TEXTO
100
AcDbText
 10
233.0
 20
177.99999999999997
 30
0.0
 40
2.0
  1
3) Cordones de soldadura no se dibujan en el despiece.
  7
ISO3098
 11
233.0
 21
177.99999999999997
 31
0.0
100
AcDbText
 73
1
  0
LWPOLYLINE
  5
1B6
330
17
100
AcDbEntity
  8
10-ROTULO
100
AcDbPolyline
 90
4
 70
1
 10
235.0
 20
56.0
 10
249.0
 20
56.0
 10
249.0
 20
61.0
 10
235.0
 20
61.0
  0
LWPOLYLINE
  5
1B7
330
17
100
AcDbEntity
  8
10-ROTULO
100
AcDbPolyline
 90
4
 70
1
 10
249.0
 20
56.0
 10
265.0
 20
56.0
 10
265.0
 20
61.0
 10
249.0
 20
61.0
  0
TEXT
  5
1B8
330
17
100
AcDbEntity
  8
11-TEXTO-ROTULO
100
AcDbText
 10
257.0
 20
58.5
 30
0.0
 40
2.5
  1
Fecha
  7
ISO3098
 72
1
 11
257.0
 21
58.5
 31
0.0
100
AcDbText
 73
2
  0
LWPOLYLINE
  5
1B9
330
17
100
AcDbEntity
  8
10-ROTULO
100
AcDbPolyline
 90
4
 70
1
 10
265.0
 20
56.0
 10
290.0
 20
56.0
 10
290.0
 20
61.0
 10
265.0
 20
61.0
  0
TEXT
  5
1BA
330
17
100
AcDbEntity
  8
11-TEXTO-ROTULO
100
AcDbText
 10
277.5
 20
58.5
 30
0.0
 40
2.5
  1
Nombre
  7
ISO3098
 72
1
 11
277.5
 21
58.5
 31
0.0
100
AcDbText
 73
2
  0
LWPOLYLINE
  5
1BB
330
17
100
AcDbEntity
  8
10-ROTULO
100
AcDbPolyline
 90
4
 70
1
 10
235.0
 20
50.0
 10
249.0
 20
50.0
 10
249.0
 20
56.0
 10
235.0
 20
56.0
  0
TEXT
  5
1BC
330
17
100
AcDbEntity
  8
11-TEXTO-ROTULO
100
AcDbText
 10
236.5
 20
53.0
 30
0.0
 40
2.5
  1
Dibujó
  7
ISO3098
 11
236.5
 21
53.0
 31
0.0
100
AcDbText
 73
2
  0
LWPOLYLINE
  5
1BD
330
17
100
AcDbEntity
  8
10-ROTULO
100
AcDbPolyline
 90
4
 70
1
 10
249.0
 20
50.0
 10
265.0
 20
50.0
 10
265.0
 20
56.0
 10
249.0
 20
56.0
  0
TEXT
  5
1BE
330
17
100
AcDbEntity
  8
11-TEXTO-ROTULO
100
AcDbText
 10
257.0
 20
53.0
 30
0.0
 40
2.5
  1
28/09/26
  7
ISO3098
 72
1
 11
257.0
 21
53.0
 31
0.0
100
AcDbText
 73
2
  0
LWPOLYLINE
  5
1BF
330
17
100
AcDbEntity
  8
10-ROTULO
100
AcDbPolyline
 90
4
 70
1
 10
265.0
 20
50.0
 10
290.0
 20
50.0
 10
290.0
 20
56.0
 10
265.0
 20
56.0
  0
TEXT
  5
1C0
330
17
100
AcDbEntity
  8
11-TEXTO-ROTULO
100
AcDbText
 10
277.5
 20
53.0
 30
0.0
 40
2.5
  1
T. Sinay
  7
ISO3098
 72
1
 11
277.5
 21
53.0
 31
0.0
100
AcDbText
 73
2
  0
LWPOLYLINE
  5
1C1
330
17
100
AcDbEntity
  8
10-ROTULO
100
AcDbPolyline
 90
4
 70
1
 10
235.0
 20
44.0
 10
249.0
 20
44.0
 10
249.0
 20
50.0
 10
235.0
 20
50.0
  0
TEXT
  5
1C2
330
17
100
AcDbEntity
  8
11-TEXTO-ROTULO
100
AcDbText
 10
236.5
 20
47.0
 30
0.0
 40
2.5
  1
Revisó
  7
ISO3098
 11
236.5
 21
47.0
 31
0.0
100
AcDbText
 73
2
  0
LWPOLYLINE
  5
1C3
330
17
100
AcDbEntity
  8
10-ROTULO
100
AcDbPolyline
 90
4
 70
1
 10
249.0
 20
44.0
 10
265.0
 20
44.0
 10
265.0
 20
50.0
 10
249.0
 20
50.0
  0
LWPOLYLINE
  5
1C4
330
17
100
AcDbEntity
  8
10-ROTULO
100
AcDbPolyline
 90
4
 70
1
 10
265.0
 20
44.0
 10
290.0
 20
44.0
 10
290.0
 20
50.0
 10
265.0
 20
50.0
  0
LWPOLYLINE
  5
1C5
330
17
100
AcDbEntity
  8
10-ROTULO
100
AcDbPolyline
 90
4
 70
1
 10
235.0
 20
38.0
 10
249.0
 20
38.0
 10
249.0
 20
44.0
 10
235.0
 20
44.0
  0
TEXT
  5
1C6
330
17
100
AcDbEntity
  8
11-TEXTO-ROTULO
100
AcDbText
 10
236.5
 20
41.0
 30
0.0
 40
2.5
  1
Aprobó
  7
ISO3098
 11
236.5
 21
41.0
 31
0.0
100
AcDbText
 73
2
  0
LWPOLYLINE
  5
1C7
330
17
100
AcDbEntity
  8
10-ROTULO
100
AcDbPolyline
 90
4
 70
1
 10
249.0
 20
38.0
 10
265.0
 20
38.0
 10
265.0
 20
44.0
 10
249.0
 20
44.0
  0
LWPOLYLINE
  5
1C8
330
17
100
AcDbEntity
  8
10-ROTULO
100
AcDbPolyline
 90
4
 70
1
 10
265.0
 20
38.0
 10
290.0
 20
38.0
 10
290.0
 20
44.0
 10
265.0
 20
44.0
  0
LWPOLYLINE
  5
1C9
330
17
100
AcDbEntity
  8
10-ROTULO
100
AcDbPolyline
 90
4
 70
1
 10
235.0
 20
24.0
 10
255.0
 20
24.0
 10
255.0
 20
38.0
 10
235.0
 20
38.0
  0
TEXT
  5
1CA
330
17
100
AcDbEntity
  8
11-TEXTO-ROTULO
100
AcDbText
 10
236.0
 20
37.0
 30
0.0
 40
1.8
  1
Escala
  7
ISO3098
 11
236.0
 21
37.0
 31
0.0
100
AcDbText
 73
3
  0
TEXT
  5
1CB
330
17
100
AcDbEntity
  8
11-TEXTO-ROTULO
100
AcDbText
 10
245.0
 20
29.6
 30
0.0
 40
5.0
  1
1:5
  7
ISO3098
 72
1
 11
245.0
 21
29.6
 31
0.0
100
AcDbText
 73
2
  0
LWPOLYLINE
  5
1CC
330
17
100
AcDbEntity
  8
10-ROTULO
100
AcDbPolyline
 90
4
 70
1
 10
255.0
 20
24.0
 10
290.0
 20
24.0
 10
290.0
 20
38.0
 10
255.0
 20
38.0
  0
TEXT
  5
1CD
330
17
100
AcDbEntity
  8
11-TEXTO-ROTULO
100
AcDbText
 10
256.0
 20
37.0
 30
0.0
 40
1.8
  1
Método de proyección
  7
ISO3098
 11
256.0
 21
37.0
 31
0.0
100
AcDbText
 73
3
  0
CIRCLE
  5
1CE
330
17
100
AcDbEntity
  8
01-VISIBLE
100
AcDbCircle
 10
265.0
 20
29.5
 30
0.0
 40
2.5
  0
CIRCLE
  5
1CF
330
17
100
AcDbEntity
  8
01-VISIBLE
100
AcDbCircle
 10
265.0
 20
29.5
 30
0.0
 40
1.25
  0
LWPOLYLINE
  5
1D0
330
17
100
AcDbEntity
  8
01-VISIBLE
100
AcDbPolyline
 90
4
 70
1
 10
270.0
 20
27.0
 10
275.0
 20
28.25
 10
275.0
 20
30.75
 10
270.0
 20
32.0
  0
LINE
  5
1D1
330
17
100
AcDbEntity
  8
03-EJE
100
AcDbLine
 10
261.0
 20
29.5
 30
0.0
 11
276.5
 21
29.5
 31
0.0
  0
LINE
  5
1D2
330
17
100
AcDbEntity
  8
03-EJE
100
AcDbLine
 10
265.0
 20
25.5
 30
0.0
 11
265.0
 21
33.5
 31
0.0
  0
TEXT
  5
1D3
330
17
100
AcDbEntity
  8
11-TEXTO-ROTULO
100
AcDbText
 10
286.5
 20
29.5
 30
0.0
 40
2.5
  1
ISO E
  7
ISO3098
 72
2
 11
286.5
 21
29.5
 31
0.0
100
AcDbText
 73
2
  0
LWPOLYLINE
  5
1D4
330
17
100
AcDbEntity
  8
10-ROTULO
100
AcDbPolyline
 90
4
 70
1
 10
235.0
 20
10.0
 10
268.0
 20
10.0
 10
268.0
 20
24.0
 10
235.0
 20
24.0
  0
TEXT
  5
1D5
330
17
100
AcDbEntity
  8
11-TEXTO-ROTULO
100
AcDbText
 10
236.0
 20
23.0
 30
0.0
 40
1.8
  1
Tolerancias generales
  7
ISO3098
 11
236.0
 21
23.0
 31
0.0
100
AcDbText
 73
3
  0
TEXT
  5
1D6
330
17
100
AcDbEntity
  8
11-TEXTO-ROTULO
100
AcDbText
 10
251.5
 20
15.6
 30
0.0
 40
3.5
  1
ISO 2768-m
  7
ISO3098
 72
1
 11
251.5
 21
15.6
 31
0.0
100
AcDbText
 73
2
  0
LWPOLYLINE
  5
1D7
330
17
100
AcDbEntity
  8
10-ROTULO
100
AcDbPolyline
 90
4
 70
1
 10
268.0
 20
10.0
 10
290.0
 20
10.0
 10
290.0
 20
24.0
 10
268.0
 20
24.0
  0
TEXT
  5
1D8
330
17
100
AcDbEntity
  8
11-TEXTO-ROTULO
100
AcDbText
 10
269.0
 20
23.0
 30
0.0
 40
1.8
  1
Formato
  7
ISO3098
 11
269.0
 21
23.0
 31
0.0
100
AcDbText
 73
3
  0
TEXT
  5
1D9
330
17
100
AcDbEntity
  8
11-TEXTO-ROTULO
100
AcDbText
 10
279.0
 20
15.6
 30
0.0
 40
3.5
  1
A3
  7
ISO3098
 72
1
 11
279.0
 21
15.6
 31
0.0
100
AcDbText
 73
2
  0
LWPOLYLINE
  5
1DA
330
17
100
AcDbEntity
  8
10-ROTULO
100
AcDbPolyline
 90
4
 70
1
 10
290.0
 20
49.0
 10
360.0
 20
49.0
 10
360.0
 20
61.0
 10
290.0
 20
61.0
  0
TEXT
  5
1DB
330
17
100
AcDbEntity
  8
11-TEXTO-ROTULO
100
AcDbText
 10
291.0
 20
60.0
 30
0.0
 40
1.8
  1
Propietario
  7
ISO3098
 11
291.0
 21
60.0
 31
0.0
100
AcDbText
 73
3
  0
TEXT
  5
1DC
330
17
100
AcDbEntity
  8
11-TEXTO-ROTULO
100
AcDbText
 10
325.0
 20
53.6
 30
0.0
 40
5.0
  1
FLAMA S.A.
  7
ISO3098
 72
1
 11
325.0
 21
53.6
 31
0.0
100
AcDbText
 73
2
  0
LWPOLYLINE
  5
1DD
330
17
100
AcDbEntity
  8
10-ROTULO
100
AcDbPolyline
 90
4
 70
1
 10
290.0
 20
22.0
 10
360.0
 20
22.0
 10
360.0
 20
49.0
 10
290.0
 20
49.0
  0
TEXT
  5
1DE
330
17
100
AcDbEntity
  8
11-TEXTO-ROTULO
100
AcDbText
 10
291.0
 20
48.0
 30
0.0
 40
1.8
  1
Denominación
  7
ISO3098
 11
291.0
 21
48.0
 31
0.0
100
AcDbText
 73
3
  0
TEXT
  5
1DF
330
17
100
AcDbEntity
  8
11-TEXTO-ROTULO
100
AcDbText
 10
325.0
 20
35.0
 30
0.0
 40
3.5
  1
Despiece cilindro 50 kg
  7
ISO3098
 72
1
 11
325.0
 21
35.0
 31
0.0
100
AcDbText
 73
2
  0
TEXT
  5
1E0
330
17
100
AcDbEntity
  8
11-TEXTO-ROTULO
100
AcDbText
 10
325.0
 20
25.5
 30
0.0
 40
1.8
  1
Vista explosionada y lista (BOM)
  7
ISO3098
 72
1
 11
325.0
 21
25.5
 31
0.0
100
AcDbText
 73
2
  0
LWPOLYLINE
  5
1E1
330
17
100
AcDbEntity
  8
10-ROTULO
100
AcDbPolyline
 90
4
 70
1
 10
290.0
 20
10.0
 10
360.0
 20
10.0
 10
360.0
 20
22.0
 10
290.0
 20
22.0
  0
TEXT
  5
1E2
330
17
100
AcDbEntity
  8
11-TEXTO-ROTULO
100
AcDbText
 10
291.0
 20
21.0
 30
0.0
 40
1.8
  1
Tipo de documento
  7
ISO3098
 11
291.0
 21
21.0
 31
0.0
100
AcDbText
 73
3
  0
TEXT
  5
1E3
330
17
100
AcDbEntity
  8
11-TEXTO-ROTULO
100
AcDbText
 10
325.0
 20
14.6
 30
0.0
 40
3.5
  1
Plano de despiece
  7
ISO3098
 72
1
 11
325.0
 21
14.6
 31
0.0
100
AcDbText
 73
2
  0
LWPOLYLINE
  5
1E4
330
17
100
AcDbEntity
  8
10-ROTULO
100
AcDbPolyline
 90
4
 70
1
 10
360.0
 20
53.0
 10
410.0
 20
53.0
 10
410.0
 20
61.0
 10
360.0
 20
61.0
  0
TEXT
  5
1E5
330
17
100
AcDbEntity
  8
11-TEXTO-ROTULO
100
AcDbText
 10
361.0
 20
60.0
 30
0.0
 40
1.8
  1
Reemplaza a / Reemplazado por
  7
ISO3098
 11
361.0
 21
60.0
 31
0.0
100
AcDbText
 73
3
  0
TEXT
  5
1E6
330
17
100
AcDbEntity
  8
11-TEXTO-ROTULO
100
AcDbText
 10
385.0
 20
55.6
 30
0.0
 40
1.8
  1
-
  7
ISO3098
 72
1
 11
385.0
 21
55.6
 31
0.0
100
AcDbText
 73
2
  0
LWPOLYLINE
  5
1E7
330
17
100
AcDbEntity
  8
10-ROTULO
100
AcDbPolyline
 90
4
 70
1
 10
360.0
 20
43.0
 10
410.0
 20
43.0
 10
410.0
 20
53.0
 10
360.0
 20
53.0
  0
TEXT
  5
1E8
330
17
100
AcDbEntity
  8
11-TEXTO-ROTULO
100
AcDbText
 10
361.0
 20
52.0
 30
0.0
 40
1.8
  1
Material
  7
ISO3098
 11
361.0
 21
52.0
 31
0.0
100
AcDbText
 73
3
  0
TEXT
  5
1E9
330
17
100
AcDbEntity
  8
11-TEXTO-ROTULO
100
AcDbText
 10
385.0
 20
46.6
 30
0.0
 40
2.5
  1
Ver lista
  7
ISO3098
 72
1
 11
385.0
 21
46.6
 31
0.0
100
AcDbText
 73
2
  0
LWPOLYLINE
  5
1EA
330
17
100
AcDbEntity
  8
10-ROTULO
100
AcDbPolyline
 90
4
 70
1
 10
360.0
 20
33.0
 10
382.0
 20
33.0
 10
382.0
 20
43.0
 10
360.0
 20
43.0
  0
TEXT
  5
1EB
330
17
100
AcDbEntity
  8
11-TEXTO-ROTULO
100
AcDbText
 10
361.0
 20
42.0
 30
0.0
 40
1.8
  1
Edición
  7
ISO3098
 11
361.0
 21
42.0
 31
0.0
100
AcDbText
 73
3
  0
TEXT
  5
1EC
330
17
100
AcDbEntity
  8
11-TEXTO-ROTULO
100
AcDbText
 10
371.0
 20
36.6
 30
0.0
 40
3.5
  1
0
  7
ISO3098
 72
1
 11
371.0
 21
36.6
 31
0.0
100
AcDbText
 73
2
  0
LWPOLYLINE
  5
1ED
330
17
100
AcDbEntity
  8
10-ROTULO
100
AcDbPolyline
 90
4
 70
1
 10
382.0
 20
33.0
 10
410.0
 20
33.0
 10
410.0
 20
43.0
 10
382.0
 20
43.0
  0
TEXT
  5
1EE
330
17
100
AcDbEntity
  8
11-TEXTO-ROTULO
100
AcDbText
 10
383.0
 20
42.0
 30
0.0
 40
1.8
  1
Fecha de emisión
  7
ISO3098
 11
383.0
 21
42.0
 31
0.0
100
AcDbText
 73
3
  0
TEXT
  5
1EF
330
17
100
AcDbEntity
  8
11-TEXTO-ROTULO
100
AcDbText
 10
396.0
 20
36.6
 30
0.0
 40
2.5
  1
28/09/2026
  7
ISO3098
 72
1
 11
396.0
 21
36.6
 31
0.0
100
AcDbText
 73
2
  0
LWPOLYLINE
  5
1F0
330
17
100
AcDbEntity
  8
10-ROTULO
100
AcDbPolyline
 90
4
 70
1
 10
360.0
 20
23.0
 10
382.0
 20
23.0
 10
382.0
 20
33.0
 10
360.0
 20
33.0
  0
TEXT
  5
1F1
330
17
100
AcDbEntity
  8
11-TEXTO-ROTULO
100
AcDbText
 10
361.0
 20
32.0
 30
0.0
 40
1.8
  1
Hoja
  7
ISO3098
 11
361.0
 21
32.0
 31
0.0
100
AcDbText
 73
3
  0
TEXT
  5
1F2
330
17
100
AcDbEntity
  8
11-TEXTO-ROTULO
100
AcDbText
 10
371.0
 20
26.6
 30
0.0
 40
3.5
  1
1 / 1
  7
ISO3098
 72
1
 11
371.0
 21
26.6
 31
0.0
100
AcDbText
 73
2
  0
LWPOLYLINE
  5
1F3
330
17
100
AcDbEntity
  8
10-ROTULO
100
AcDbPolyline
 90
4
 70
1
 10
382.0
 20
23.0
 10
410.0
 20
23.0
 10
410.0
 20
33.0
 10
382.0
 20
33.0
  0
TEXT
  5
1F4
330
17
100
AcDbEntity
  8
11-TEXTO-ROTULO
100
AcDbText
 10
383.0
 20
32.0
 30
0.0
 40
1.8
  1
Idioma
  7
ISO3098
 11
383.0
 21
32.0
 31
0.0
100
AcDbText
 73
3
  0
TEXT
  5
1F5
330
17
100
AcDbEntity
  8
11-TEXTO-ROTULO
100
AcDbText
 10
396.0
 20
26.6
 30
0.0
 40
3.5
  1
es
  7
ISO3098
 72
1
 11
396.0
 21
26.6
 31
0.0
100
AcDbText
 73
2
  0
LWPOLYLINE
  5
1F6
330
17
100
AcDbEntity
  8
10-ROTULO
100
AcDbPolyline
 90
4
 70
1
 10
360.0
 20
10.0
 10
410.0
 20
10.0
 10
410.0
 20
23.0
 10
360.0
 20
23.0
  0
TEXT
  5
1F7
330
17
100
AcDbEntity
  8
11-TEXTO-ROTULO
100
AcDbText
 10
361.0
 20
22.0
 30
0.0
 40
1.8
  1
N° de plano
  7
ISO3098
 11
361.0
 21
22.0
 31
0.0
100
AcDbText
 73
3
  0
TEXT
  5
1F8
330
17
100
AcDbEntity
  8
11-TEXTO-ROTULO
100
AcDbText
 10
385.0
 20
15.1
 30
0.0
 40
3.0
  1
FL_DES_REC_ABC_50kg
  7
ISO3098
 72
1
 11
385.0
 21
15.1
 31
0.0
100
AcDbText
 73
2
  0
LWPOLYLINE
  5
1F9
330
17
100
AcDbEntity
  8
07-RECUADRO
100
AcDbPolyline
 90
4
 70
1
 10
235.0
 20
10.0
 10
410.0
 20
10.0
 10
410.0
 20
61.0
 10
235.0
 20
61.0
  0
VIEWPORT
  5
1FE
330
1FA
100
AcDbEntity
 67
1
  8
VIEWPORTS
100
AcDbViewport
 10
322560.0
 20
228096.0
 30
0.0
 40
709632.0
 41
501811.2
 68
1
 69
1
 12
322560.0
 22
228096.0
 13
0.0
 23
0.0
 14
10.0
 24
10.0
 15
10.0
 25
10.0
 16
0.0
 26
0.0
 36
1.0
 17
0.0
 27
0.0
 37
0.0
 42
50.0
 43
0.0
 44
0.0
 45
501811.2
 50
0.0
 51
0.0
 72
100
 90
557088
  1

281
0
 71
0
 74
0
110
0.0
120
0.0
130
0.0
111
1.0
121
0.0
131
0.0
112
0.0
122
1.0
132
0.0
 79
0
146
0.0
282
0
  0
VIEWPORT
  5
1FF
330
1FA
100
AcDbEntity
 67
1
  8
VIEWPORTS
100
AcDbViewport
 10
210.0
 20
148.5
 30
0.0
 40
420.0
 41
297.0
 68
2
 69
3
 12
210.0
 22
148.5
 13
0.0
 23
0.0
 14
10.0
 24
10.0
 15
10.0
 25
10.0
 16
0.0
 26
0.0
 36
1.0
 17
0.0
 27
0.0
 37
0.0
 42
50.0
 43
0.0
 44
0.0
 45
297.0
 50
0.0
 51
0.0
 72
100
 90
0
  1

281
0
 71
0
 74
0
110
0.0
120
0.0
130
0.0
111
1.0
121
0.0
131
0.0
112
0.0
122
1.0
132
0.0
 79
0
146
0.0
282
0
  0
ENDSEC
  0
SECTION
  2
OBJECTS
  0
DICTIONARY
  5
A
330
0
100
AcDbDictionary
281
1
  3
ACAD_COLOR
350
B
  3
ACAD_GROUP
350
C
  3
ACAD_LAYOUT
350
D
  3
ACAD_MATERIAL
350
E
  3
ACAD_MLEADERSTYLE
350
F
  3
ACAD_MLINESTYLE
350
10
  3
ACAD_PLOTSETTINGS
350
11
  3
ACAD_PLOTSTYLENAME
350
12
  3
ACAD_SCALELIST
350
14
  3
ACAD_TABLESTYLE
350
15
  3
ACAD_VISUALSTYLE
350
16
  3
EZDXF_META
350
2D
  0
DICTIONARY
  5
B
330
A
100
AcDbDictionary
281
1
  0
DICTIONARY
  5
C
330
A
100
AcDbDictionary
281
1
  0
DICTIONARY
  5
D
330
A
100
AcDbDictionary
281
1
  3
Model
350
1A
  3
Lamina
350
1FD
  0
DICTIONARY
  5
E
330
A
100
AcDbDictionary
281
1
  3
ByBlock
350
1F
  3
ByLayer
350
20
  3
Global
350
21
  0
DICTIONARY
  5
F
330
A
100
AcDbDictionary
281
1
  3
Standard
350
2C
  0
DICTIONARY
  5
10
330
A
100
AcDbDictionary
281
1
  3
Standard
350
22
  0
DICTIONARY
  5
11
330
A
100
AcDbDictionary
281
1
  0
ACDBDICTIONARYWDFLT
  5
12
330
A
100
AcDbDictionary
281
1
  3
Normal
350
13
100
AcDbDictionaryWithDefault
340
13
  0
ACDBPLACEHOLDER
  5
13
330
12
  0
DICTIONARY
  5
14
330
A
100
AcDbDictionary
281
1
  0
DICTIONARY
  5
15
330
A
100
AcDbDictionary
281
1
  0
DICTIONARY
  5
16
330
A
100
AcDbDictionary
281
1
  0
LAYOUT
  5
1A
330
D
100
AcDbPlotSettings
  1

  4
A3
  6

 40
7.5
 41
20.0
 42
7.5
 43
20.0
 44
420.0
 45
297.0
 46
0.0
 47
0.0
 48
0.0
 49
0.0
140
0.0
141
0.0
142
1.0
143
1.0
 70
1024
 72
1
 73
0
 74
5
  7

 75
16
 76
0
 77
2
 78
300
147
1.0
148
0.0
149
0.0
100
AcDbLayout
  1
Model
 70
1
 71
0
 10
0.0
 20
0.0
 11
420.0
 21
297.0
 12
0.0
 22
0.0
 32
0.0
 14
1e+20
 24
1e+20
 34
1e+20
 15
-1e+20
 25
-1e+20
 35
-1e+20
146
0.0
 13
0.0
 23
0.0
 33
0.0
 16
1.0
 26
0.0
 36
0.0
 17
0.0
 27
1.0
 37
0.0
 76
1
330
17
  0
MATERIAL
  5
1F
102
{ACAD_REACTORS
330
E
102
}
330
E
100
AcDbMaterial
  1
ByBlock
  2

 70
0
 40
1.0
 71
1
 41
1.0
 91
-1023410177
 42
1.0
 72
1
  3

 73
1
 74
1
 75
1
 44
0.5
 73
0
 45
1.0
 46
1.0
 77
1
  4

 78
1
 79
1
170
1
 48
1.0
171
1
  6

172
1
173
1
174
1
140
1.0
141
1.0
175
1
  7

176
1
177
1
178
1
143
1.0
179
1
  8

270
1
271
1
272
1
145
1.0
146
1.0
273
1
  9

274
1
275
1
276
1
 42
1.0
 72
1
  3

 73
1
 74
1
 75
1
 94
63
  0
MATERIAL
  5
20
102
{ACAD_REACTORS
330
E
102
}
330
E
100
AcDbMaterial
  1
ByLayer
  2

 70
0
 40
1.0
 71
1
 41
1.0
 91
-1023410177
 42
1.0
 72
1
  3

 73
1
 74
1
 75
1
 44
0.5
 73
0
 45
1.0
 46
1.0
 77
1
  4

 78
1
 79
1
170
1
 48
1.0
171
1
  6

172
1
173
1
174
1
140
1.0
141
1.0
175
1
  7

176
1
177
1
178
1
143
1.0
179
1
  8

270
1
271
1
272
1
145
1.0
146
1.0
273
1
  9

274
1
275
1
276
1
 42
1.0
 72
1
  3

 73
1
 74
1
 75
1
 94
63
  0
MATERIAL
  5
21
102
{ACAD_REACTORS
330
E
102
}
330
E
100
AcDbMaterial
  1
Global
  2

 70
0
 40
1.0
 71
1
 41
1.0
 91
-1023410177
 42
1.0
 72
1
  3

 73
1
 74
1
 75
1
 44
0.5
 73
0
 45
1.0
 46
1.0
 77
1
  4

 78
1
 79
1
170
1
 48
1.0
171
1
  6

172
1
173
1
174
1
140
1.0
141
1.0
175
1
  7

176
1
177
1
178
1
143
1.0
179
1
  8

270
1
271
1
272
1
145
1.0
146
1.0
273
1
  9

274
1
275
1
276
1
 42
1.0
 72
1
  3

 73
1
 74
1
 75
1
 94
63
  0
MLINESTYLE
  5
22
102
{ACAD_REACTORS
330
10
102
}
330
10
100
AcDbMlineStyle
  2
Standard
 70
0
  3

 62
256
 51
90.0
 52
90.0
 71
2
 49
0.5
 62
256
  6
BYLAYER
 49
-0.5
 62
256
  6
BYLAYER
  0
MLEADERSTYLE
  5
2C
102
{ACAD_REACTORS
330
F
102
}
330
F
100
AcDbMLeaderStyle
179
2
170
2
171
1
172
0
 90
2
 40
0.0
 41
0.0
173
1
 91
-1056964608
 92
-2
290
1
 42
2.0
291
1
 43
8.0
  3
Standard
 44
4.0
300

342
29
174
1
175
1
176
0
178
1
 93
-1056964608
 45
4.0
292
0
297
0
 46
4.0
 94
-1056964608
 47
1.0
 49
1.0
140
1.0
294
1
141
0.0
177
0
142
1.0
295
0
296
0
143
3.75
271
0
272
9
273
9
  0
DICTIONARY
  5
2D
330
A
100
AcDbDictionary
280
1
281
1
  3
CREATED_BY_EZDXF
350
2E
  3
WRITTEN_BY_EZDXF
350
202
  0
DICTIONARYVAR
  5
2E
330
2D
100
DictionaryVariables
280
0
  1
1.4.4 @ 2026-10-09T18:51:07.422896+00:00
  0
LAYOUT
  5
1FD
330
D
100
AcDbPlotSettings
  1

  2
DWG To PDF.pc3
  4
ISO_full_bleed_A3_(420.00_x_297.00_MM)_(420.00_x_297.00_MM)
  6

 40
0.0
 41
0.0
 42
0.0
 43
0.0
 44
420.0
 45
297.0
 46
0.0
 47
0.0
 48
0.0
 49
0.0
140
0.0
141
0.0
142
0.0078125
143
12.0
 70
672
 72
1
 73
0
 74
5
  7

 75
1
 76
0
 77
2
 78
300
147
1.0
148
0.0
149
0.0
100
AcDbLayout
  1
Lamina
 70
1
 71
3
 10
-0.0
 20
-0.0
 11
420.0
 21
297.0
 12
0.0
 22
0.0
 32
0.0
 14
1e+20
 24
1e+20
 34
1e+20
 15
-1e+20
 25
-1e+20
 35
-1e+20
146
0.0
 13
0.0
 23
0.0
 33
0.0
 16
1.0
 26
0.0
 36
0.0
 17
0.0
 27
1.0
 37
0.0
 76
1
330
1FA
331
1FE
  0
DICTIONARYVAR
  5
202
330
2D
100
DictionaryVariables
280
0
  1
1.4.4 @ 2026-10-09T18:51:07.593712+00:00
  0
ENDSEC
  0
EOF
