  0
SECTION
  2
HEADER
  9
$ACADVER
  1
AC1032
  9
$ACADMAINTVER
 90
4
  9
$DWGCODEPAGE
  3
ANSI_1252
  9
$LASTSAVEDBY
  1
ezdxf
  9
$REQUIREDVERSIONS
160
0
  9
$INSBASE
 10
0.0
 20
0.0
 30
0.0
  9
$EXTMIN
 10
1e+20
 20
1e+20
 30
1e+20
  9
$EXTMAX
 10
-1e+20
 20
-1e+20
 30
-1e+20
  9
$LIMMIN
 10
0.0
 20
0.0
  9
$LIMMAX
 10
420.0
 20
297.0
  9
$ORTHOMODE
 70
0
  9
$REGENMODE
 70
1
  9
$FILLMODE
 70
1
  9
$QTEXTMODE
 70
0
  9
$MIRRTEXT
 70
1
  9
$LTSCALE
 40
1.0
  9
$ATTMODE
 70
1
  9
$TEXTSIZE
 40
2.5
  9
$TRACEWID
 40
1.0
  9
$TEXTSTYLE
  7
Standard
  9
$CLAYER
  8
0
  9
$CELTYPE
  6
ByLayer
  9
$CECOLOR
 62
256
  9
$CELTSCALE
 40
1.0
  9
$DISPSILH
 70
0
  9
$DIMSCALE
 40
1.0
  9
$DIMASZ
 40
2.5
  9
$DIMEXO
 40
0.625
  9
$DIMDLI
 40
3.75
  9
$DIMRND
 40
0.0
  9
$DIMDLE
 40
0.0
  9
$DIMEXE
 40
1.25
  9
$DIMTP
 40
0.0
  9
$DIMTM
 40
0.0
  9
$DIMTXT
 40
2.5
  9
$DIMCEN
 40
2.5
  9
$DIMTSZ
 40
0.0
  9
$DIMTOL
 70
0
  9
$DIMLIM
 70
0
  9
$DIMTIH
 70
0
  9
$DIMTOH
 70
0
  9
$DIMSE1
 70
0
  9
$DIMSE2
 70
0
  9
$DIMTAD
 70
1
  9
$DIMZIN
 70
8
  9
$DIMBLK
  1

  9
$DIMASO
 70
1
  9
$DIMSHO
 70
1
  9
$DIMPOST
  1

  9
$DIMAPOST
  1

  9
$DIMALT
 70
0
  9
$DIMALTD
 70
3
  9
$DIMALTF
 40
0.03937007874
  9
$DIMLFAC
 40
1.0
  9
$DIMTOFL
 70
1
  9
$DIMTVP
 40
0.0
  9
$DIMTIX
 70
0
  9
$DIMSOXD
 70
0
  9
$DIMSAH
 70
0
  9
$DIMBLK1
  1

  9
$DIMBLK2
  1

  9
$DIMSTYLE
  2
ISO-25
  9
$DIMCLRD
 70
0
  9
$DIMCLRE
 70
0
  9
$DIMCLRT
 70
0
  9
$DIMTFAC
 40
1.0
  9
$DIMGAP
 40
0.625
  9
$DIMJUST
 70
0
  9
$DIMSD1
 70
0
  9
$DIMSD2
 70
0
  9
$DIMTOLJ
 70
0
  9
$DIMTZIN
 70
8
  9
$DIMALTZ
 70
0
  9
$DIMALTTZ
 70
0
  9
$DIMUPT
 70
0
  9
$DIMDEC
 70
2
  9
$DIMTDEC
 70
2
  9
$DIMALTU
 70
2
  9
$DIMALTTD
 70
3
  9
$DIMTXSTY
  7
Standard
  9
$DIMAUNIT
 70
0
  9
$DIMADEC
 70
0
  9
$DIMALTRND
 40
0.0
  9
$DIMAZIN
 70
0
  9
$DIMDSEP
 70
44
  9
$DIMATFIT
 70
3
  9
$DIMFRAC
 70
0
  9
$DIMLDRBLK
  1

  9
$DIMLUNIT
 70
2
  9
$DIMLWD
 70
-2
  9
$DIMLWE
 70
-2
  9
$DIMTMOVE
 70
0
  9
$DIMFXL
 40
1.0
  9
$DIMFXLON
 70
0
  9
$DIMJOGANG
 40
0.785398163397
  9
$DIMTFILL
 70
0
  9
$DIMTFILLCLR
 70
0
  9
$DIMARCSYM
 70
0
  9
$DIMLTYPE
  6

  9
$DIMLTEX1
  6

  9
$DIMLTEX2
  6

  9
$DIMTXTDIRECTION
 70
0
  9
$LUNITS
 70
2
  9
$LUPREC
 70
4
  9
$SKETCHINC
 40
1.0
  9
$FILLETRAD
 40
10.0
  9
$AUNITS
 70
0
  9
$AUPREC
 70
2
  9
$MENU
  1
.
  9
$ELEVATION
 40
0.0
  9
$PELEVATION
 40
0.0
  9
$THICKNESS
 40
0.0
  9
$LIMCHECK
 70
0
  9
$CHAMFERA
 40
0.0
  9
$CHAMFERB
 40
0.0
  9
$CHAMFERC
 40
0.0
  9
$CHAMFERD
 40
0.0
  9
$SKPOLY
 70
0
  9
$TDCREATE
 40
2461319.9992708336
  9
$TDUCREATE
 40
2458532.153996898
  9
$TDUPDATE
 40
2461319.9992708336
  9
$TDUUPDATE
 40
2458532.1544311
  9
$TDINDWG
 40
0.0
  9
$TDUSRTIMER
 40
0.0
  9
$USRTIMER
 70
1
  9
$ANGBASE
 50
0.0
  9
$ANGDIR
 70
0
  9
$PDMODE
 70
0
  9
$PDSIZE
 40
0.0
  9
$PLINEWID
 40
0.0
  9
$SPLFRAME
 70
0
  9
$SPLINETYPE
 70
6
  9
$SPLINESEGS
 70
8
  9
$HANDSEED
  5
241
  9
$SURFTAB1
 70
6
  9
$SURFTAB2
 70
6
  9
$SURFTYPE
 70
6
  9
$SURFU
 70
6
  9
$SURFV
 70
6
  9
$UCSBASE
  2

  9
$UCSNAME
  2

  9
$UCSORG
 10
0.0
 20
0.0
 30
0.0
  9
$UCSXDIR
 10
1.0
 20
0.0
 30
0.0
  9
$UCSYDIR
 10
0.0
 20
1.0
 30
0.0
  9
$UCSORTHOREF
  2

  9
$UCSORTHOVIEW
 70
0
  9
$UCSORGTOP
 10
0.0
 20
0.0
 30
0.0
  9
$UCSORGBOTTOM
 10
0.0
 20
0.0
 30
0.0
  9
$UCSORGLEFT
 10
0.0
 20
0.0
 30
0.0
  9
$UCSORGRIGHT
 10
0.0
 20
0.0
 30
0.0
  9
$UCSORGFRONT
 10
0.0
 20
0.0
 30
0.0
  9
$UCSORGBACK
 10
0.0
 20
0.0
 30
0.0
  9
$PUCSBASE
  2

  9
$PUCSNAME
  2

  9
$PUCSORG
 10
0.0
 20
0.0
 30
0.0
  9
$PUCSXDIR
 10
1.0
 20
0.0
 30
0.0
  9
$PUCSYDIR
 10
0.0
 20
1.0
 30
0.0
  9
$PUCSORTHOREF
  2

  9
$PUCSORTHOVIEW
 70
0
  9
$PUCSORGTOP
 10
0.0
 20
0.0
 30
0.0
  9
$PUCSORGBOTTOM
 10
0.0
 20
0.0
 30
0.0
  9
$PUCSORGLEFT
 10
0.0
 20
0.0
 30
0.0
  9
$PUCSORGRIGHT
 10
0.0
 20
0.0
 30
0.0
  9
$PUCSORGFRONT
 10
0.0
 20
0.0
 30
0.0
  9
$PUCSORGBACK
 10
0.0
 20
0.0
 30
0.0
  9
$USERI1
 70
0
  9
$USERI2
 70
0
  9
$USERI3
 70
0
  9
$USERI4
 70
0
  9
$USERI5
 70
0
  9
$USERR1
 40
0.0
  9
$USERR2
 40
0.0
  9
$USERR3
 40
0.0
  9
$USERR4
 40
0.0
  9
$USERR5
 40
0.0
  9
$WORLDVIEW
 70
1
  9
$SHADEDGE
 70
3
  9
$SHADEDIF
 70
70
  9
$TILEMODE
 70
1
  9
$MAXACTVP
 70
64
  9
$PINSBASE
 10
0.0
 20
0.0
 30
0.0
  9
$PLIMCHECK
 70
0
  9
$PEXTMIN
 10
1e+20
 20
1e+20
 30
1e+20
  9
$PEXTMAX
 10
-1e+20
 20
-1e+20
 30
-1e+20
  9
$PLIMMIN
 10
-0.0
 20
-0.0
  9
$PLIMMAX
 10
420.0
 20
297.0
  9
$UNITMODE
 70
0
  9
$VISRETAIN
 70
1
  9
$PLINEGEN
 70
0
  9
$PSLTSCALE
 70
0
  9
$TREEDEPTH
 70
3020
  9
$CMLSTYLE
  2
Standard
  9
$CMLJUST
 70
0
  9
$CMLSCALE
 40
20.0
  9
$PROXYGRAPHICS
 70
1
  9
$MEASUREMENT
 70
1
  9
$CELWEIGHT
370
-1
  9
$ENDCAPS
280
0
  9
$JOINSTYLE
280
0
  9
$LWDISPLAY
290
1
  9
$INSUNITS
 70
4
  9
$HYPERLINKBASE
  1

  9
$STYLESHEET
  1

  9
$XEDIT
290
1
  9
$CEPSNTYPE
380
0
  9
$PSTYLEMODE
290
1
  9
$FINGERPRINTGUID
  2
{602C1BE2-60C5-41E2-934D-EB174E060ED0}
  9
$VERSIONGUID
  2
{A09C2008-E0D9-404B-820A-AFB639C1A3E2}
  9
$EXTNAMES
290
1
  9
$PSVPSCALE
 40
0.0
  9
$OLESTARTUP
290
0
  9
$SORTENTS
280
127
  9
$INDEXCTL
280
0
  9
$HIDETEXT
280
1
  9
$XCLIPFRAME
280
1
  9
$HALOGAP
280
0
  9
$OBSCOLOR
 70
257
  9
$OBSLTYPE
280
0
  9
$INTERSECTIONDISPLAY
280
0
  9
$INTERSECTIONCOLOR
 70
257
  9
$DIMASSOC
280
2
  9
$PROJECTNAME
  1

  9
$CAMERADISPLAY
290
0
  9
$LENSLENGTH
 40
50.0
  9
$CAMERAHEIGHT
 40
0.0
  9
$STEPSPERSEC
 40
24.0
  9
$STEPSIZE
 40
100.0
  9
$3DDWFPREC
 40
2.0
  9
$PSOLWIDTH
 40
0.005
  9
$PSOLHEIGHT
 40
0.08
  9
$LOFTANG1
 40
1.570796326795
  9
$LOFTANG2
 40
1.570796326795
  9
$LOFTMAG1
 40
0.0
  9
$LOFTMAG2
 40
0.0
  9
$LOFTPARAM
 70
7
  9
$LOFTNORMALS
280
1
  9
$LATITUDE
 40
37.795
  9
$LONGITUDE
 40
-122.394
  9
$NORTHDIRECTION
 40
0.0
  9
$TIMEZONE
 70
-8000
  9
$LIGHTGLYPHDISPLAY
280
1
  9
$TILEMODELIGHTSYNCH
280
1
  9
$CMATERIAL
347
20
  9
$SOLIDHIST
280
0
  9
$SHOWHIST
280
1
  9
$DWFFRAME
280
2
  9
$DGNFRAME
280
2
  9
$REALWORLDSCALE
290
1
  9
$INTERFERECOLOR
 62
256
  9
$CSHADOW
280
0
  9
$SHADOWPLANELOCATION
 40
0.0
  0
ENDSEC
  0
SECTION
  2
CLASSES
  0
CLASS
  1
ACDBDICTIONARYWDFLT
  2
AcDbDictionaryWithDefault
  3
ObjectDBX Classes
 90
0
 91
0
280
0
281
0
  0
CLASS
  1
SUN
  2
AcDbSun
  3
SCENEOE
 90
1153
 91
0
280
0
281
0
  0
CLASS
  1
VISUALSTYLE
  2
AcDbVisualStyle
  3
ObjectDBX Classes
 90
4095
 91
0
280
0
281
0
  0
CLASS
  1
MATERIAL
  2
AcDbMaterial
  3
ObjectDBX Classes
 90
1153
 91
0
280
0
281
0
  0
CLASS
  1
SCALE
  2
AcDbScale
  3
ObjectDBX Classes
 90
1153
 91
0
280
0
281
0
  0
CLASS
  1
TABLESTYLE
  2
AcDbTableStyle
  3
ObjectDBX Classes
 90
4095
 91
0
280
0
281
0
  0
CLASS
  1
MLEADERSTYLE
  2
AcDbMLeaderStyle
  3
ACDB_MLEADERSTYLE_CLASS
 90
4095
 91
0
280
0
281
0
  0
CLASS
  1
DICTIONARYVAR
  2
AcDbDictionaryVar
  3
ObjectDBX Classes
 90
0
 91
0
280
0
281
0
  0
CLASS
  1
CELLSTYLEMAP
  2
AcDbCellStyleMap
  3
ObjectDBX Classes
 90
1152
 91
0
280
0
281
0
  0
CLASS
  1
MENTALRAYRENDERSETTINGS
  2
AcDbMentalRayRenderSettings
  3
SCENEOE
 90
1024
 91
0
280
0
281
0
  0
CLASS
  1
ACDBDETAILVIEWSTYLE
  2
AcDbDetailViewStyle
  3
ObjectDBX Classes
 90
1025
 91
0
280
0
281
0
  0
CLASS
  1
ACDBSECTIONVIEWSTYLE
  2
AcDbSectionViewStyle
  3
ObjectDBX Classes
 90
1025
 91
0
280
0
281
0
  0
CLASS
  1
RASTERVARIABLES
  2
AcDbRasterVariables
  3
ISM
 90
0
 91
0
280
0
281
0
  0
CLASS
  1
LAYOUT
  2
AcDbLayout
  3
ObjectDBX Classes
 90
0
 91
0
280
0
281
0
  0
CLASS
  1
ACDBPLACEHOLDER
  2
AcDbPlaceHolder
  3
ObjectDBX Classes
 90
0
 91
0
280
0
281
0
  0
ENDSEC
  0
SECTION
  2
TABLES
  0
TABLE
  2
VPORT
  5
8
330
0
100
AcDbSymbolTable
 70
1
  0
VPORT
  5
23
330
8
100
AcDbSymbolTableRecord
100
AcDbViewportTableRecord
  2
*Active
 70
0
 10
0.0
 20
0.0
 11
1.0
 21
1.0
 12
0.0
 22
0.0
 13
0.0
 23
0.0
 14
0.5
 24
0.5
 15
0.5
 25
0.5
 16
0.0
 26
0.0
 36
1.0
 17
0.0
 27
0.0
 37
0.0
 40
1000.0
 41
1.34
 42
50.0
 43
0.0
 44
0.0
 50
0.0
 51
0.0
 71
0
 72
1000
 73
1
 74
3
 75
0
 76
0
 77
0
 78
0
281
0
 65
0
146
0.0
  0
ENDTAB
  0
TABLE
  2
LTYPE
  5
2
330
0
100
AcDbSymbolTable
 70
5
  0
LTYPE
  5
24
330
2
100
AcDbSymbolTableRecord
100
AcDbLinetypeTableRecord
  2
ByBlock
 70
0
  3

 72
65
 73
0
 40
0.0
  0
LTYPE
  5
25
330
2
100
AcDbSymbolTableRecord
100
AcDbLinetypeTableRecord
  2
ByLayer
 70
0
  3

 72
65
 73
0
 40
0.0
  0
LTYPE
  5
26
330
2
100
AcDbSymbolTableRecord
100
AcDbLinetypeTableRecord
  2
Continuous
 70
0
  3

 72
65
 73
0
 40
0.0
  0
LTYPE
  5
2F
330
2
100
AcDbSymbolTableRecord
100
AcDbLinetypeTableRecord
  2
IRAM-E-TRAZOS
 70
0
  3
IRAM 4502 E - trazos __ __ __
 72
65
 73
2
 40
5.0
 49
4.0
 74
0
 49
-1.0
 74
0
  0
LTYPE
  5
30
330
2
100
AcDbSymbolTableRecord
100
AcDbLinetypeTableRecord
  2
IRAM-F-TRAZO-PUNTO
 70
0
  3
IRAM 4502 F - trazo largo y trazo corto ____ _ ____
 72
65
 73
4
 40
20.0
 49
15.0
 74
0
 49
-2.0
 74
0
 49
1.0
 74
0
 49
-2.0
 74
0
  0
ENDTAB
  0
TABLE
  2
LAYER
  5
1
330
0
100
AcDbSymbolTable
 70
14
  0
LAYER
  5
27
330
1
100
AcDbSymbolTableRecord
100
AcDbLayerTableRecord
  2
0
 70
0
 62
7
  6
Continuous
370
-3
390
13
347
21
  0
LAYER
  5
28
330
1
100
AcDbSymbolTableRecord
100
AcDbLayerTableRecord
  2
Defpoints
 70
0
 62
7
  6
Continuous
290
0
370
-3
390
13
347
21
  0
LAYER
  5
31
330
1
100
AcDbSymbolTableRecord
100
AcDbLayerTableRecord
  2
01-VISIBLE
 70
0
 62
7
  6
CONTINUOUS
370
70
390
13
347
21
1001
AcAecLayerStandard
1000

1000
A continua gruesa: contornos y aristas visibles
  0
LAYER
  5
33
330
1
100
AcDbSymbolTableRecord
100
AcDbLayerTableRecord
  2
02-OCULTA
 70
0
 62
4
  6
IRAM-E-TRAZOS
370
35
390
13
347
21
1001
AcAecLayerStandard
1000

1000
E de trazos media: contornos y aristas ocultos
  0
LAYER
  5
34
330
1
100
AcDbSymbolTableRecord
100
AcDbLayerTableRecord
  2
03-EJE
 70
0
 62
1
  6
IRAM-F-TRAZO-PUNTO
370
18
390
13
347
21
1001
AcAecLayerStandard
1000

1000
F trazo largo y corto fina: ejes, simetrías, trayectorias
  0
LAYER
  5
35
330
1
100
AcDbSymbolTableRecord
100
AcDbLayerTableRecord
  2
04-COTA
 70
0
 62
3
  6
CONTINUOUS
370
18
390
13
347
21
1001
AcAecLayerStandard
1000

1000
B continua fina: líneas de cota y auxiliares
  0
LAYER
  5
36
330
1
100
AcDbSymbolTableRecord
100
AcDbLayerTableRecord
  2
05-RAYADO
 70
0
 62
8
  6
CONTINUOUS
370
18
390
13
347
21
1001
AcAecLayerStandard
1000

1000
B continua fina: rayados IRAM 4509
  0
LAYER
  5
37
330
1
100
AcDbSymbolTableRecord
100
AcDbLayerTableRecord
  2
06-TEXTO
 70
0
 62
7
  6
CONTINUOUS
370
25
390
13
347
21
1001
AcAecLayerStandard
1000

1000
Escritura IRAM 4503 tipo B (trazo h/10)
  0
LAYER
  5
38
330
1
100
AcDbSymbolTableRecord
100
AcDbLayerTableRecord
  2
07-RECUADRO
 70
0
 62
7
  6
CONTINUOUS
370
70
390
13
347
21
1001
AcAecLayerStandard
1000

1000
Recuadro IRAM 4504
  0
LAYER
  5
39
330
1
100
AcDbSymbolTableRecord
100
AcDbLayerTableRecord
  2
08-FINA
 70
0
 62
5
  6
CONTINUOUS
370
18
390
13
347
21
1001
AcAecLayerStandard
1000

1000
B continua fina: referencias, fondos de rosca, contornos de detalle
  0
LAYER
  5
3A
330
1
100
AcDbSymbolTableRecord
100
AcDbLayerTableRecord
  2
09-PLANO-CORTE
 70
0
 62
1
  6
IRAM-F-TRAZO-PUNTO
370
18
390
13
347
21
1001
AcAecLayerStandard
1000

1000
G trazo largo y corto fina con extremos gruesos: planos de corte
  0
LAYER
  5
3B
330
1
100
AcDbSymbolTableRecord
100
AcDbLayerTableRecord
  2
10-ROTULO
 70
0
 62
7
  6
CONTINUOUS
370
35
390
13
347
21
1001
AcAecLayerStandard
1000

1000
Rótulo y lista de materiales IRAM 4508
  0
LAYER
  5
3C
330
1
100
AcDbSymbolTableRecord
100
AcDbLayerTableRecord
  2
11-TEXTO-ROTULO
 70
0
 62
7
  6
CONTINUOUS
370
25
390
13
347
21
1001
AcAecLayerStandard
1000

1000
Escritura del rótulo
  0
LAYER
  5
3D
330
1
100
AcDbSymbolTableRecord
100
AcDbLayerTableRecord
  2
12-SOLDADURA
 70
0
 62
6
  6
CONTINUOUS
370
18
390
13
347
21
1001
AcAecLayerStandard
1000

1000
Símbolos de soldadura
  0
ENDTAB
  0
TABLE
  2
STYLE
  5
5
330
0
100
AcDbSymbolTable
 70
2
  0
STYLE
  5
29
330
5
100
AcDbSymbolTableRecord
100
AcDbTextStyleTableRecord
  2
Standard
 70
0
 40
0.0
 41
1.0
 50
0.0
 71
0
 42
2.5
  3
txt
  4

  0
STYLE
  5
3E
330
5
100
AcDbSymbolTableRecord
100
AcDbTextStyleTableRecord
  2
ISO3098
 70
0
 40
0.0
 41
1.0
 50
0.0
 71
0
 42
2.5
  3
isocpeur.ttf
  4

  0
ENDTAB
  0
TABLE
  2
VIEW
  5
7
330
0
100
AcDbSymbolTable
 70
0
  0
ENDTAB
  0
TABLE
  2
UCS
  5
6
330
0
100
AcDbSymbolTable
 70
0
  0
ENDTAB
  0
TABLE
  2
APPID
  5
3
330
0
100
AcDbSymbolTable
 70
4
  0
APPID
  5
2A
330
3
100
AcDbSymbolTableRecord
100
AcDbRegAppTableRecord
  2
ACAD
 70
0
  0
APPID
  5
32
330
3
100
AcDbSymbolTableRecord
100
AcDbRegAppTableRecord
  2
AcAecLayerStandard
 70
0
  0
APPID
  5
23E
330
3
100
AcDbSymbolTableRecord
100
AcDbRegAppTableRecord
  2
HATCHBACKGROUNDCOLOR
 70
0
  0
APPID
  5
23F
330
3
100
AcDbSymbolTableRecord
100
AcDbRegAppTableRecord
  2
EZDXF
 70
0
  0
ENDTAB
  0
TABLE
  2
DIMSTYLE
  5
4
330
0
100
AcDbSymbolTable
 70
2
100
AcDbDimStyleTable
  0
DIMSTYLE
105
2B
330
4
100
AcDbSymbolTableRecord
100
AcDbDimStyleTableRecord
  2
Standard
 70
0
 40
1.0
 41
2.5
 42
0.625
 43
3.75
 44
1.25
 45
0.0
 46
0.0
 47
0.0
 48
0.0
 49
2.5
140
2.5
141
2.5
142
0.0
143
0.03937007874
144
1.0
145
0.0
146
1.0
147
0.625
148
0.0
 69
0
 70
0
 71
0
 72
0
 73
0
 74
0
 75
0
 76
0
 77
1
 78
8
 79
3
170
0
171
3
172
1
173
0
174
0
175
0
176
0
177
0
178
0
179
2
271
2
272
2
273
2
274
3
275
0
276
0
277
2
278
44
279
0
280
0
281
0
282
0
283
0
284
8
285
0
286
0
288
0
289
3
290
0
371
-2
372
-2
  0
DIMSTYLE
105
43
330
4
100
AcDbSymbolTableRecord
100
AcDbDimStyleTableRecord
  2
FLAMA-IRAM
 70
0
 40
1.0
 41
3.5
 42
1.5
 43
3.75
 44
2.0
 45
0.0
 46
0.0
 47
0.0
 48
0.0
 49
2.5
140
3.5
141
2.5
142
0.0
143
0.03937007874
144
1.0
145
0.0
146
1.0
147
1.0
148
0.0
 69
0
 70
0
 71
0
 72
0
 73
0
 74
0
 75
0
 76
0
 77
1
 78
8
 79
3
170
0
171
3
172
1
173
0
174
0
175
0
176
7
177
7
178
7
179
2
271
1
272
2
273
2
274
3
275
0
276
0
277
2
278
44
279
0
280
0
281
0
282
0
283
0
284
8
285
0
286
0
288
0
289
3
290
0
340
3E
342
3F
343
3F
344
3F
371
18
372
18
  0
ENDTAB
  0
TABLE
  2
BLOCK_RECORD
  5
9
330
0
100
AcDbSymbolTable
 70
12
  0
BLOCK_RECORD
  5
17
330
9
100
AcDbSymbolTableRecord
100
AcDbBlockTableRecord
  2
*Model_Space
340
1A
 70
0
280
1
281
0
  0
BLOCK_RECORD
  5
3F
330
9
100
AcDbSymbolTableRecord
100
AcDbBlockTableRecord
  2
IRAM_FLECHA
340
0
 70
0
280
1
281
0
  0
BLOCK_RECORD
  5
C7
330
9
100
AcDbSymbolTableRecord
100
AcDbBlockTableRecord
  2
*D1
340
0
 70
0
280
1
281
0
  0
BLOCK_RECORD
  5
E2
330
9
100
AcDbSymbolTableRecord
100
AcDbBlockTableRecord
  2
*D2
340
0
 70
0
280
1
281
0
  0
BLOCK_RECORD
  5
F1
330
9
100
AcDbSymbolTableRecord
100
AcDbBlockTableRecord
  2
*D3
340
0
 70
0
280
1
281
0
  0
BLOCK_RECORD
  5
100
330
9
100
AcDbSymbolTableRecord
100
AcDbBlockTableRecord
  2
*D4
340
0
 70
0
280
1
281
0
  0
BLOCK_RECORD
  5
114
330
9
100
AcDbSymbolTableRecord
100
AcDbBlockTableRecord
  2
*D5
340
0
 70
0
280
1
281
0
  0
BLOCK_RECORD
  5
123
330
9
100
AcDbSymbolTableRecord
100
AcDbBlockTableRecord
  2
*D6
340
0
 70
0
280
1
281
0
  0
BLOCK_RECORD
  5
132
330
9
100
AcDbSymbolTableRecord
100
AcDbBlockTableRecord
  2
*D7
340
0
 70
0
280
1
281
0
  0
BLOCK_RECORD
  5
210
330
9
100
AcDbSymbolTableRecord
100
AcDbBlockTableRecord
  2
*D8
340
0
 70
0
280
1
281
0
  0
BLOCK_RECORD
  5
21F
330
9
100
AcDbSymbolTableRecord
100
AcDbBlockTableRecord
  2
*D9
340
0
 70
0
280
1
281
0
  0
BLOCK_RECORD
  5
238
330
9
100
AcDbSymbolTableRecord
100
AcDbBlockTableRecord
  2
*Paper_Space
340
23B
 70
0
280
1
281
0
  0
ENDTAB
  0
ENDSEC
  0
SECTION
  2
BLOCKS
  0
BLOCK
  5
18
330
17
100
AcDbEntity
  8
0
100
AcDbBlockBegin
  2
*Model_Space
 70
0
 10
0.0
 20
0.0
 30
0.0
  3
*Model_Space
  1

  0
ENDBLK
  5
19
330
17
100
AcDbEntity
  8
0
100
AcDbBlockEnd
  0
BLOCK
  5
40
330
3F
100
AcDbEntity
  8
0
100
AcDbBlockBegin
  2
IRAM_FLECHA
 70
0
 10
0.0
 20
0.0
 30
0.0
  3
IRAM_FLECHA
  1

  0
SOLID
  5
42
330
3F
100
AcDbEntity
  8
0
100
AcDbTrace
 10
0.0
 20
0.0
 30
0.0
 11
-1.0
 21
0.125
 31
0.0
 12
-1.0
 22
-0.125
 32
0.0
 13
-1.0
 23
-0.125
 33
0.0
  0
ENDBLK
  5
41
330
3F
100
AcDbEntity
  8
0
100
AcDbBlockEnd
  0
BLOCK
  5
C8
330
C7
100
AcDbEntity
  8
0
100
AcDbBlockBegin
  2
*D1
 70
1
 10
0.0
 20
0.0
 30
0.0
  3
*D1
  1

  0
LINE
  5
CA
330
C7
100
AcDbEntity
  8
0
 62
7
370
18
100
AcDbLine
 10
50.0
 20
246.5
 30
0.0
 11
50.0
 21
247.0
 31
0.0
  0
LINE
  5
CB
330
C7
100
AcDbEntity
  8
0
 62
7
370
18
100
AcDbLine
 10
90.0
 20
246.5
 30
0.0
 11
90.0
 21
247.0
 31
0.0
  0
INSERT
  5
CC
330
C7
100
AcDbEntity
  8
04-COTA
 62
7
100
AcDbBlockReference
  2
IRAM_FLECHA
 10
50.0
 20
245.0
 30
0.0
 41
3.5
 42
3.5
 50
180.0
  0
INSERT
  5
CE
330
C7
100
AcDbEntity
  8
04-COTA
 62
7
100
AcDbBlockReference
  2
IRAM_FLECHA
 10
90.0
 20
245.0
 30
0.0
 41
3.5
 42
3.5
  0
LINE
  5
D0
330
C7
100
AcDbEntity
  8
0
 62
7
370
18
100
AcDbLine
 10
53.5
 20
245.0
 30
0.0
 11
86.5
 21
245.0
 31
0.0
  0
MTEXT
  5
D1
330
C7
100
AcDbEntity
  8
04-COTA
 62
7
100
AcDbMText
 10
70.0
 20
247.75
 30
0.0
 40
3.5
 71
5
  1
%%c40
  7
ISO3098
  0
POINT
  5
D2
330
C7
100
AcDbEntity
  8
Defpoints
100
AcDbPoint
 10
50.0
 20
245.0
 30
0.0
  0
POINT
  5
D3
330
C7
100
AcDbEntity
  8
Defpoints
100
AcDbPoint
 10
50.0
 20
245.0
 30
0.0
  0
POINT
  5
D4
330
C7
100
AcDbEntity
  8
Defpoints
100
AcDbPoint
 10
90.0
 20
245.0
 30
0.0
  0
ENDBLK
  5
C9
330
C7
100
AcDbEntity
  8
0
100
AcDbBlockEnd
  0
BLOCK
  5
E3
330
E2
100
AcDbEntity
  8
0
100
AcDbBlockBegin
  2
*D2
 70
1
 10
0.0
 20
0.0
 30
0.0
  3
*D2
  1

  0
LINE
  5
E5
330
E2
100
AcDbEntity
  8
0
 62
7
370
18
100
AcDbLine
 10
117.0
 20
251.5
 30
0.0
 11
117.0
 21
244.0
 31
0.0
  0
LINE
  5
E6
330
E2
100
AcDbEntity
  8
0
 62
7
370
18
100
AcDbLine
 10
137.0
 20
251.5
 30
0.0
 11
137.0
 21
244.0
 31
0.0
  0
INSERT
  5
E7
330
E2
100
AcDbEntity
  8
04-COTA
 62
7
100
AcDbBlockReference
  2
IRAM_FLECHA
 10
117.0
 20
246.0
 30
0.0
 41
3.5
 42
3.5
 50
180.0
  0
INSERT
  5
E9
330
E2
100
AcDbEntity
  8
04-COTA
 62
7
100
AcDbBlockReference
  2
IRAM_FLECHA
 10
137.0
 20
246.0
 30
0.0
 41
3.5
 42
3.5
  0
LINE
  5
EB
330
E2
100
AcDbEntity
  8
0
 62
7
370
18
100
AcDbLine
 10
120.5
 20
246.0
 30
0.0
 11
133.5
 21
246.0
 31
0.0
  0
MTEXT
  5
EC
330
E2
100
AcDbEntity
  8
04-COTA
 62
7
100
AcDbMText
 10
127.0
 20
248.75
 30
0.0
 40
3.5
 71
5
  1
a
  7
ISO3098
  0
POINT
  5
ED
330
E2
100
AcDbEntity
  8
Defpoints
100
AcDbPoint
 10
117.0
 20
246.0
 30
0.0
  0
POINT
  5
EE
330
E2
100
AcDbEntity
  8
Defpoints
100
AcDbPoint
 10
117.0
 20
253.0
 30
0.0
  0
POINT
  5
EF
330
E2
100
AcDbEntity
  8
Defpoints
100
AcDbPoint
 10
137.0
 20
253.0
 30
0.0
  0
ENDBLK
  5
E4
330
E2
100
AcDbEntity
  8
0
100
AcDbBlockEnd
  0
BLOCK
  5
F2
330
F1
100
AcDbEntity
  8
0
100
AcDbBlockBegin
  2
*D3
 70
1
 10
0.0
 20
0.0
 30
0.0
  3
*D3
  1

  0
LINE
  5
F4
330
F1
100
AcDbEntity
  8
0
 62
7
370
18
100
AcDbLine
 10
137.0
 20
251.5
 30
0.0
 11
137.0
 21
244.0
 31
0.0
  0
LINE
  5
F5
330
F1
100
AcDbEntity
  8
0
 62
7
370
18
100
AcDbLine
 10
217.0
 20
251.5
 30
0.0
 11
217.0
 21
244.0
 31
0.0
  0
INSERT
  5
F6
330
F1
100
AcDbEntity
  8
04-COTA
 62
7
100
AcDbBlockReference
  2
IRAM_FLECHA
 10
137.0
 20
246.0
 30
0.0
 41
3.5
 42
3.5
 50
180.0
  0
INSERT
  5
F8
330
F1
100
AcDbEntity
  8
04-COTA
 62
7
100
AcDbBlockReference
  2
IRAM_FLECHA
 10
217.0
 20
246.0
 30
0.0
 41
3.5
 42
3.5
  0
LINE
  5
FA
330
F1
100
AcDbEntity
  8
0
 62
7
370
18
100
AcDbLine
 10
140.5
 20
246.0
 30
0.0
 11
213.5
 21
246.0
 31
0.0
  0
MTEXT
  5
FB
330
F1
100
AcDbEntity
  8
04-COTA
 62
7
100
AcDbMText
 10
177.0
 20
248.75
 30
0.0
 40
3.5
 71
5
  1
%%cD
  7
ISO3098
  0
POINT
  5
FC
330
F1
100
AcDbEntity
  8
Defpoints
100
AcDbPoint
 10
137.0
 20
246.0
 30
0.0
  0
POINT
  5
FD
330
F1
100
AcDbEntity
  8
Defpoints
100
AcDbPoint
 10
137.0
 20
253.0
 30
0.0
  0
POINT
  5
FE
330
F1
100
AcDbEntity
  8
Defpoints
100
AcDbPoint
 10
217.0
 20
253.0
 30
0.0
  0
ENDBLK
  5
F3
330
F1
100
AcDbEntity
  8
0
100
AcDbBlockEnd
  0
BLOCK
  5
101
330
100
100
AcDbEntity
  8
0
100
AcDbBlockBegin
  2
*D4
 70
1
 10
0.0
 20
0.0
 30
0.0
  3
*D4
  1

  0
LINE
  5
103
330
100
100
AcDbEntity
  8
0
 62
7
370
18
100
AcDbLine
 10
238.5
 20
255.0
 30
0.0
 11
246.0
 21
255.0
 31
0.0
  0
LINE
  5
104
330
100
100
AcDbEntity
  8
0
 62
7
370
18
100
AcDbLine
 10
238.5
 20
259.0
 30
0.0
 11
246.0
 21
259.0
 31
0.0
  0
INSERT
  5
105
330
100
100
AcDbEntity
  8
04-COTA
 62
7
100
AcDbBlockReference
  2
IRAM_FLECHA
 10
244.0
 20
255.0
 30
0.0
 41
3.5
 42
3.5
 50
90.0
  0
INSERT
  5
107
330
100
100
AcDbEntity
  8
04-COTA
 62
7
100
AcDbBlockReference
  2
IRAM_FLECHA
 10
244.0
 20
259.0
 30
0.0
 41
3.5
 42
3.5
 50
270.0
  0
LINE
  5
109
330
100
100
AcDbEntity
  8
0
 62
7
370
18
100
AcDbLine
 10
244.0
 20
255.0
 30
0.0
 11
244.0
 21
259.0
 31
0.0
  0
MTEXT
  5
10A
330
100
100
AcDbEntity
  8
04-COTA
 62
7
100
AcDbMText
 10
241.25
 20
257.0
 30
0.0
 40
3.5
 71
5
  1
e
  7
ISO3098
 50
90.0
  0
POINT
  5
10B
330
100
100
AcDbEntity
  8
Defpoints
100
AcDbPoint
 10
244.0
 20
255.0
 30
0.0
  0
POINT
  5
10C
330
100
100
AcDbEntity
  8
Defpoints
100
AcDbPoint
 10
237.0
 20
255.0
 30
0.0
  0
POINT
  5
10D
330
100
100
AcDbEntity
  8
Defpoints
100
AcDbPoint
 10
237.0
 20
259.0
 30
0.0
  0
ENDBLK
  5
102
330
100
100
AcDbEntity
  8
0
100
AcDbBlockEnd
  0
BLOCK
  5
115
330
114
100
AcDbEntity
  8
0
100
AcDbBlockBegin
  2
*D5
 70
1
 10
0.0
 20
0.0
 30
0.0
  3
*D5
  1

  0
LINE
  5
117
330
114
100
AcDbEntity
  8
0
 62
7
370
18
100
AcDbLine
 10
129.0
 20
231.5
 30
0.0
 11
129.0
 21
239.0
 31
0.0
  0
LINE
  5
118
330
114
100
AcDbEntity
  8
0
 62
7
370
18
100
AcDbLine
 10
201.0
 20
231.5
 30
0.0
 11
201.0
 21
239.0
 31
0.0
  0
INSERT
  5
119
330
114
100
AcDbEntity
  8
04-COTA
 62
7
100
AcDbBlockReference
  2
IRAM_FLECHA
 10
129.0
 20
237.0
 30
0.0
 41
3.5
 42
3.5
 50
180.0
  0
INSERT
  5
11B
330
114
100
AcDbEntity
  8
04-COTA
 62
7
100
AcDbBlockReference
  2
IRAM_FLECHA
 10
201.0
 20
237.0
 30
0.0
 41
3.5
 42
3.5
  0
LINE
  5
11D
330
114
100
AcDbEntity
  8
0
 62
7
370
18
100
AcDbLine
 10
132.5
 20
237.0
 30
0.0
 11
197.5
 21
237.0
 31
0.0
  0
MTEXT
  5
11E
330
114
100
AcDbEntity
  8
04-COTA
 62
7
100
AcDbMText
 10
165.0
 20
239.75
 30
0.0
 40
3.5
 71
5
  1
%%cD
  7
ISO3098
  0
POINT
  5
11F
330
114
100
AcDbEntity
  8
Defpoints
100
AcDbPoint
 10
129.0
 20
237.0
 30
0.0
  0
POINT
  5
120
330
114
100
AcDbEntity
  8
Defpoints
100
AcDbPoint
 10
129.0
 20
230.0
 30
0.0
  0
POINT
  5
121
330
114
100
AcDbEntity
  8
Defpoints
100
AcDbPoint
 10
201.0
 20
230.0
 30
0.0
  0
ENDBLK
  5
116
330
114
100
AcDbEntity
  8
0
100
AcDbBlockEnd
  0
BLOCK
  5
124
330
123
100
AcDbEntity
  8
0
100
AcDbBlockBegin
  2
*D6
 70
1
 10
0.0
 20
0.0
 30
0.0
  3
*D6
  1

  0
LINE
  5
126
330
123
100
AcDbEntity
  8
0
 62
7
370
18
100
AcDbLine
 10
210.5
 20
210.0
 30
0.0
 11
218.0
 21
210.0
 31
0.0
  0
LINE
  5
127
330
123
100
AcDbEntity
  8
0
 62
7
370
18
100
AcDbLine
 10
210.5
 20
230.0
 30
0.0
 11
218.0
 21
230.0
 31
0.0
  0
INSERT
  5
128
330
123
100
AcDbEntity
  8
04-COTA
 62
7
100
AcDbBlockReference
  2
IRAM_FLECHA
 10
216.0
 20
210.0
 30
0.0
 41
3.5
 42
3.5
 50
270.0
  0
INSERT
  5
12A
330
123
100
AcDbEntity
  8
04-COTA
 62
7
100
AcDbBlockReference
  2
IRAM_FLECHA
 10
216.0
 20
230.0
 30
0.0
 41
3.5
 42
3.5
 50
90.0
  0
LINE
  5
12C
330
123
100
AcDbEntity
  8
0
 62
7
370
18
100
AcDbLine
 10
216.0
 20
213.5
 30
0.0
 11
216.0
 21
226.5
 31
0.0
  0
MTEXT
  5
12D
330
123
100
AcDbEntity
  8
04-COTA
 62
7
100
AcDbMText
 10
213.25
 20
220.0
 30
0.0
 40
3.5
 71
5
  1
10
  7
ISO3098
 50
90.0
  0
POINT
  5
12E
330
123
100
AcDbEntity
  8
Defpoints
100
AcDbPoint
 10
216.0
 20
210.0
 30
0.0
  0
POINT
  5
12F
330
123
100
AcDbEntity
  8
Defpoints
100
AcDbPoint
 10
209.0
 20
210.0
 30
0.0
  0
POINT
  5
130
330
123
100
AcDbEntity
  8
Defpoints
100
AcDbPoint
 10
209.0
 20
230.0
 30
0.0
  0
ENDBLK
  5
125
330
123
100
AcDbEntity
  8
0
100
AcDbBlockEnd
  0
BLOCK
  5
133
330
132
100
AcDbEntity
  8
0
100
AcDbBlockBegin
  2
*D7
 70
1
 10
0.0
 20
0.0
 30
0.0
  3
*D7
  1

  0
LINE
  5
135
330
132
100
AcDbEntity
  8
0
 62
7
370
18
100
AcDbLine
 10
121.0
 20
206.5
 30
0.0
 11
121.0
 21
200.0
 31
0.0
  0
LINE
  5
136
330
132
100
AcDbEntity
  8
0
 62
7
370
18
100
AcDbLine
 10
125.0
 20
206.5
 30
0.0
 11
125.0
 21
200.0
 31
0.0
  0
INSERT
  5
137
330
132
100
AcDbEntity
  8
04-COTA
 62
7
100
AcDbBlockReference
  2
IRAM_FLECHA
 10
121.0
 20
202.0
 30
0.0
 41
3.5
 42
3.5
  0
INSERT
  5
139
330
132
100
AcDbEntity
  8
04-COTA
 62
7
100
AcDbBlockReference
  2
IRAM_FLECHA
 10
125.0
 20
202.0
 30
0.0
 41
3.5
 42
3.5
 50
180.0
  0
LINE
  5
13B
330
132
100
AcDbEntity
  8
0
 62
7
370
18
100
AcDbLine
 10
121.0
 20
202.0
 30
0.0
 11
125.0
 21
202.0
 31
0.0
  0
MTEXT
  5
13C
330
132
100
AcDbEntity
  8
04-COTA
 62
7
100
AcDbMText
 10
123.0
 20
204.75
 30
0.0
 40
3.5
 71
5
  1
2
  7
ISO3098
  0
POINT
  5
13D
330
132
100
AcDbEntity
  8
Defpoints
100
AcDbPoint
 10
121.0
 20
202.0
 30
0.0
  0
POINT
  5
13E
330
132
100
AcDbEntity
  8
Defpoints
100
AcDbPoint
 10
121.0
 20
208.0
 30
0.0
  0
POINT
  5
13F
330
132
100
AcDbEntity
  8
Defpoints
100
AcDbPoint
 10
125.0
 20
208.0
 30
0.0
  0
ENDBLK
  5
134
330
132
100
AcDbEntity
  8
0
100
AcDbBlockEnd
  0
BLOCK
  5
211
330
210
100
AcDbEntity
  8
0
100
AcDbBlockBegin
  2
*D8
 70
1
 10
0.0
 20
0.0
 30
0.0
  3
*D8
  1

  0
LINE
  5
213
330
210
100
AcDbEntity
  8
0
 62
7
370
18
100
AcDbLine
 10
299.0
 20
258.5
 30
0.0
 11
299.0
 21
266.0
 31
0.0
  0
LINE
  5
214
330
210
100
AcDbEntity
  8
0
 62
7
370
18
100
AcDbLine
 10
331.0
 20
258.5
 30
0.0
 11
331.0
 21
266.0
 31
0.0
  0
INSERT
  5
215
330
210
100
AcDbEntity
  8
04-COTA
 62
7
100
AcDbBlockReference
  2
IRAM_FLECHA
 10
299.0
 20
264.0
 30
0.0
 41
3.5
 42
3.5
 50
180.0
  0
INSERT
  5
217
330
210
100
AcDbEntity
  8
04-COTA
 62
7
100
AcDbBlockReference
  2
IRAM_FLECHA
 10
331.0
 20
264.0
 30
0.0
 41
3.5
 42
3.5
  0
LINE
  5
219
330
210
100
AcDbEntity
  8
0
 62
7
370
18
100
AcDbLine
 10
302.5
 20
264.0
 30
0.0
 11
327.5
 21
264.0
 31
0.0
  0
MTEXT
  5
21A
330
210
100
AcDbEntity
  8
04-COTA
 62
7
100
AcDbMText
 10
315.0
 20
268.75
 30
0.0
 40
3.5
 71
5
  1
%%c ≥ 30 (paso)
  7
ISO3098
  0
POINT
  5
21B
330
210
100
AcDbEntity
  8
Defpoints
100
AcDbPoint
 10
299.0
 20
264.0
 30
0.0
  0
POINT
  5
21C
330
210
100
AcDbEntity
  8
Defpoints
100
AcDbPoint
 10
299.0
 20
257.0
 30
0.0
  0
POINT
  5
21D
330
210
100
AcDbEntity
  8
Defpoints
100
AcDbPoint
 10
331.0
 20
257.0
 30
0.0
  0
ENDBLK
  5
212
330
210
100
AcDbEntity
  8
0
100
AcDbBlockEnd
  0
BLOCK
  5
220
330
21F
100
AcDbEntity
  8
0
100
AcDbBlockBegin
  2
*D9
 70
1
 10
0.0
 20
0.0
 30
0.0
  3
*D9
  1

  0
LINE
  5
222
330
21F
100
AcDbEntity
  8
0
 62
7
370
18
100
AcDbLine
 10
376.5
 20
234.0
 30
0.0
 11
385.0
 21
234.0
 31
0.0
  0
LINE
  5
223
330
21F
100
AcDbEntity
  8
0
 62
7
370
18
100
AcDbLine
 10
376.5
 20
237.0
 30
0.0
 11
385.0
 21
237.0
 31
0.0
  0
INSERT
  5
224
330
21F
100
AcDbEntity
  8
04-COTA
 62
7
100
AcDbBlockReference
  2
IRAM_FLECHA
 10
383.0
 20
234.0
 30
0.0
 41
3.5
 42
3.5
 50
90.0
  0
INSERT
  5
226
330
21F
100
AcDbEntity
  8
04-COTA
 62
7
100
AcDbBlockReference
  2
IRAM_FLECHA
 10
383.0
 20
237.0
 30
0.0
 41
3.5
 42
3.5
 50
270.0
  0
LINE
  5
228
330
21F
100
AcDbEntity
  8
0
 62
7
370
18
100
AcDbLine
 10
383.0
 20
234.0
 30
0.0
 11
383.0
 21
237.0
 31
0.0
  0
MTEXT
  5
229
330
21F
100
AcDbEntity
  8
04-COTA
 62
7
100
AcDbMText
 10
378.25
 20
235.5
 30
0.0
 40
3.5
 71
5
  1
%%c 2,5 a 3,5
  7
ISO3098
 50
90.0
  0
POINT
  5
22A
330
21F
100
AcDbEntity
  8
Defpoints
100
AcDbPoint
 10
383.0
 20
234.0
 30
0.0
  0
POINT
  5
22B
330
21F
100
AcDbEntity
  8
Defpoints
100
AcDbPoint
 10
375.0
 20
234.0
 30
0.0
  0
POINT
  5
22C
330
21F
100
AcDbEntity
  8
Defpoints
100
AcDbPoint
 10
375.0
 20
237.0
 30
0.0
  0
ENDBLK
  5
221
330
21F
100
AcDbEntity
  8
0
100
AcDbBlockEnd
  0
BLOCK
  5
239
330
238
100
AcDbEntity
  8
0
100
AcDbBlockBegin
  2
*Paper_Space
 70
0
 10
0.0
 20
0.0
 30
0.0
  3
*Paper_Space
  1

  0
ENDBLK
  5
23A
330
238
100
AcDbEntity
  8
0
100
AcDbBlockEnd
  0
ENDSEC
  0
SECTION
  2
ENTITIES
  0
LWPOLYLINE
  5
44
330
17
100
AcDbEntity
  8
08-FINA
100
AcDbPolyline
 90
4
 70
1
 10
0.0
 20
0.0
 10
420.0
 20
0.0
 10
420.0
 20
297.0
 10
0.0
 20
297.0
  0
LWPOLYLINE
  5
45
330
17
100
AcDbEntity
  8
07-RECUADRO
100
AcDbPolyline
 90
4
 70
1
 10
25.0
 20
10.0
 10
410.0
 20
10.0
 10
410.0
 20
287.0
 10
25.0
 20
287.0
  0
LINE
  5
46
330
17
100
AcDbEntity
  8
07-RECUADRO
100
AcDbLine
 10
210.0
 20
0.0
 30
0.0
 11
210.0
 21
15.0
 31
0.0
  0
LINE
  5
47
330
17
100
AcDbEntity
  8
07-RECUADRO
100
AcDbLine
 10
210.0
 20
297.0
 30
0.0
 11
210.0
 21
282.0
 31
0.0
  0
LINE
  5
48
330
17
100
AcDbEntity
  8
07-RECUADRO
100
AcDbLine
 10
0.0
 20
148.5
 30
0.0
 11
30.0
 21
148.5
 31
0.0
  0
LINE
  5
49
330
17
100
AcDbEntity
  8
07-RECUADRO
100
AcDbLine
 10
420.0
 20
148.5
 30
0.0
 11
405.0
 21
148.5
 31
0.0
  0
LINE
  5
4A
330
17
100
AcDbEntity
  8
08-FINA
100
AcDbLine
 10
60.0
 20
10.0
 30
0.0
 11
60.0
 21
5.0
 31
0.0
  0
LINE
  5
4B
330
17
100
AcDbEntity
  8
08-FINA
100
AcDbLine
 10
60.0
 20
287.0
 30
0.0
 11
60.0
 21
292.0
 31
0.0
  0
LINE
  5
4C
330
17
100
AcDbEntity
  8
08-FINA
100
AcDbLine
 10
110.0
 20
10.0
 30
0.0
 11
110.0
 21
5.0
 31
0.0
  0
LINE
  5
4D
330
17
100
AcDbEntity
  8
08-FINA
100
AcDbLine
 10
110.0
 20
287.0
 30
0.0
 11
110.0
 21
292.0
 31
0.0
  0
LINE
  5
4E
330
17
100
AcDbEntity
  8
08-FINA
100
AcDbLine
 10
160.0
 20
10.0
 30
0.0
 11
160.0
 21
5.0
 31
0.0
  0
LINE
  5
4F
330
17
100
AcDbEntity
  8
08-FINA
100
AcDbLine
 10
160.0
 20
287.0
 30
0.0
 11
160.0
 21
292.0
 31
0.0
  0
LINE
  5
50
330
17
100
AcDbEntity
  8
08-FINA
100
AcDbLine
 10
260.0
 20
10.0
 30
0.0
 11
260.0
 21
5.0
 31
0.0
  0
LINE
  5
51
330
17
100
AcDbEntity
  8
08-FINA
100
AcDbLine
 10
260.0
 20
287.0
 30
0.0
 11
260.0
 21
292.0
 31
0.0
  0
LINE
  5
52
330
17
100
AcDbEntity
  8
08-FINA
100
AcDbLine
 10
310.0
 20
10.0
 30
0.0
 11
310.0
 21
5.0
 31
0.0
  0
LINE
  5
53
330
17
100
AcDbEntity
  8
08-FINA
100
AcDbLine
 10
310.0
 20
287.0
 30
0.0
 11
310.0
 21
292.0
 31
0.0
  0
LINE
  5
54
330
17
100
AcDbEntity
  8
08-FINA
100
AcDbLine
 10
360.0
 20
10.0
 30
0.0
 11
360.0
 21
5.0
 31
0.0
  0
LINE
  5
55
330
17
100
AcDbEntity
  8
08-FINA
100
AcDbLine
 10
360.0
 20
287.0
 30
0.0
 11
360.0
 21
292.0
 31
0.0
  0
LINE
  5
56
330
17
100
AcDbEntity
  8
08-FINA
100
AcDbLine
 10
25.0
 20
48.5
 30
0.0
 11
20.0
 21
48.5
 31
0.0
  0
LINE
  5
57
330
17
100
AcDbEntity
  8
08-FINA
100
AcDbLine
 10
410.0
 20
48.5
 30
0.0
 11
415.0
 21
48.5
 31
0.0
  0
LINE
  5
58
330
17
100
AcDbEntity
  8
08-FINA
100
AcDbLine
 10
25.0
 20
98.5
 30
0.0
 11
20.0
 21
98.5
 31
0.0
  0
LINE
  5
59
330
17
100
AcDbEntity
  8
08-FINA
100
AcDbLine
 10
410.0
 20
98.5
 30
0.0
 11
415.0
 21
98.5
 31
0.0
  0
LINE
  5
5A
330
17
100
AcDbEntity
  8
08-FINA
100
AcDbLine
 10
25.0
 20
198.5
 30
0.0
 11
20.0
 21
198.5
 31
0.0
  0
LINE
  5
5B
330
17
100
AcDbEntity
  8
08-FINA
100
AcDbLine
 10
410.0
 20
198.5
 30
0.0
 11
415.0
 21
198.5
 31
0.0
  0
LINE
  5
5C
330
17
100
AcDbEntity
  8
08-FINA
100
AcDbLine
 10
25.0
 20
248.5
 30
0.0
 11
20.0
 21
248.5
 31
0.0
  0
LINE
  5
5D
330
17
100
AcDbEntity
  8
08-FINA
100
AcDbLine
 10
410.0
 20
248.5
 30
0.0
 11
415.0
 21
248.5
 31
0.0
  0
TEXT
  5
5E
330
17
100
AcDbEntity
  8
06-TEXTO
100
AcDbText
 10
42.5
 20
5.0
 30
0.0
 40
3.5
  1
1
  7
ISO3098
 72
1
 11
42.5
 21
5.0
 31
0.0
100
AcDbText
 73
2
  0
TEXT
  5
5F
330
17
100
AcDbEntity
  8
06-TEXTO
100
AcDbText
 10
42.5
 20
292.0
 30
0.0
 40
3.5
  1
1
  7
ISO3098
 72
1
 11
42.5
 21
292.0
 31
0.0
100
AcDbText
 73
2
  0
TEXT
  5
60
330
17
100
AcDbEntity
  8
06-TEXTO
100
AcDbText
 10
85.0
 20
5.0
 30
0.0
 40
3.5
  1
2
  7
ISO3098
 72
1
 11
85.0
 21
5.0
 31
0.0
100
AcDbText
 73
2
  0
TEXT
  5
61
330
17
100
AcDbEntity
  8
06-TEXTO
100
AcDbText
 10
85.0
 20
292.0
 30
0.0
 40
3.5
  1
2
  7
ISO3098
 72
1
 11
85.0
 21
292.0
 31
0.0
100
AcDbText
 73
2
  0
TEXT
  5
62
330
17
100
AcDbEntity
  8
06-TEXTO
100
AcDbText
 10
135.0
 20
5.0
 30
0.0
 40
3.5
  1
3
  7
ISO3098
 72
1
 11
135.0
 21
5.0
 31
0.0
100
AcDbText
 73
2
  0
TEXT
  5
63
330
17
100
AcDbEntity
  8
06-TEXTO
100
AcDbText
 10
135.0
 20
292.0
 30
0.0
 40
3.5
  1
3
  7
ISO3098
 72
1
 11
135.0
 21
292.0
 31
0.0
100
AcDbText
 73
2
  0
TEXT
  5
64
330
17
100
AcDbEntity
  8
06-TEXTO
100
AcDbText
 10
185.0
 20
5.0
 30
0.0
 40
3.5
  1
4
  7
ISO3098
 72
1
 11
185.0
 21
5.0
 31
0.0
100
AcDbText
 73
2
  0
TEXT
  5
65
330
17
100
AcDbEntity
  8
06-TEXTO
100
AcDbText
 10
185.0
 20
292.0
 30
0.0
 40
3.5
  1
4
  7
ISO3098
 72
1
 11
185.0
 21
292.0
 31
0.0
100
AcDbText
 73
2
  0
TEXT
  5
66
330
17
100
AcDbEntity
  8
06-TEXTO
100
AcDbText
 10
235.0
 20
5.0
 30
0.0
 40
3.5
  1
5
  7
ISO3098
 72
1
 11
235.0
 21
5.0
 31
0.0
100
AcDbText
 73
2
  0
TEXT
  5
67
330
17
100
AcDbEntity
  8
06-TEXTO
100
AcDbText
 10
235.0
 20
292.0
 30
0.0
 40
3.5
  1
5
  7
ISO3098
 72
1
 11
235.0
 21
292.0
 31
0.0
100
AcDbText
 73
2
  0
TEXT
  5
68
330
17
100
AcDbEntity
  8
06-TEXTO
100
AcDbText
 10
285.0
 20
5.0
 30
0.0
 40
3.5
  1
6
  7
ISO3098
 72
1
 11
285.0
 21
5.0
 31
0.0
100
AcDbText
 73
2
  0
TEXT
  5
69
330
17
100
AcDbEntity
  8
06-TEXTO
100
AcDbText
 10
285.0
 20
292.0
 30
0.0
 40
3.5
  1
6
  7
ISO3098
 72
1
 11
285.0
 21
292.0
 31
0.0
100
AcDbText
 73
2
  0
TEXT
  5
6A
330
17
100
AcDbEntity
  8
06-TEXTO
100
AcDbText
 10
335.0
 20
5.0
 30
0.0
 40
3.5
  1
7
  7
ISO3098
 72
1
 11
335.0
 21
5.0
 31
0.0
100
AcDbText
 73
2
  0
TEXT
  5
6B
330
17
100
AcDbEntity
  8
06-TEXTO
100
AcDbText
 10
335.0
 20
292.0
 30
0.0
 40
3.5
  1
7
  7
ISO3098
 72
1
 11
335.0
 21
292.0
 31
0.0
100
AcDbText
 73
2
  0
TEXT
  5
6C
330
17
100
AcDbEntity
  8
06-TEXTO
100
AcDbText
 10
385.0
 20
5.0
 30
0.0
 40
3.5
  1
8
  7
ISO3098
 72
1
 11
385.0
 21
5.0
 31
0.0
100
AcDbText
 73
2
  0
TEXT
  5
6D
330
17
100
AcDbEntity
  8
06-TEXTO
100
AcDbText
 10
385.0
 20
292.0
 30
0.0
 40
3.5
  1
8
  7
ISO3098
 72
1
 11
385.0
 21
292.0
 31
0.0
100
AcDbText
 73
2
  0
TEXT
  5
6E
330
17
100
AcDbEntity
  8
06-TEXTO
100
AcDbText
 10
15.0
 20
29.25
 30
0.0
 40
3.5
  1
F
  7
ISO3098
 72
1
 11
15.0
 21
29.25
 31
0.0
100
AcDbText
 73
2
  0
TEXT
  5
6F
330
17
100
AcDbEntity
  8
06-TEXTO
100
AcDbText
 10
415.0
 20
29.25
 30
0.0
 40
3.5
  1
F
  7
ISO3098
 72
1
 11
415.0
 21
29.25
 31
0.0
100
AcDbText
 73
2
  0
TEXT
  5
70
330
17
100
AcDbEntity
  8
06-TEXTO
100
AcDbText
 10
15.0
 20
73.5
 30
0.0
 40
3.5
  1
E
  7
ISO3098
 72
1
 11
15.0
 21
73.5
 31
0.0
100
AcDbText
 73
2
  0
TEXT
  5
71
330
17
100
AcDbEntity
  8
06-TEXTO
100
AcDbText
 10
415.0
 20
73.5
 30
0.0
 40
3.5
  1
E
  7
ISO3098
 72
1
 11
415.0
 21
73.5
 31
0.0
100
AcDbText
 73
2
  0
TEXT
  5
72
330
17
100
AcDbEntity
  8
06-TEXTO
100
AcDbText
 10
15.0
 20
123.5
 30
0.0
 40
3.5
  1
D
  7
ISO3098
 72
1
 11
15.0
 21
123.5
 31
0.0
100
AcDbText
 73
2
  0
TEXT
  5
73
330
17
100
AcDbEntity
  8
06-TEXTO
100
AcDbText
 10
415.0
 20
123.5
 30
0.0
 40
3.5
  1
D
  7
ISO3098
 72
1
 11
415.0
 21
123.5
 31
0.0
100
AcDbText
 73
2
  0
TEXT
  5
74
330
17
100
AcDbEntity
  8
06-TEXTO
100
AcDbText
 10
15.0
 20
173.5
 30
0.0
 40
3.5
  1
C
  7
ISO3098
 72
1
 11
15.0
 21
173.5
 31
0.0
100
AcDbText
 73
2
  0
TEXT
  5
75
330
17
100
AcDbEntity
  8
06-TEXTO
100
AcDbText
 10
415.0
 20
173.5
 30
0.0
 40
3.5
  1
C
  7
ISO3098
 72
1
 11
415.0
 21
173.5
 31
0.0
100
AcDbText
 73
2
  0
TEXT
  5
76
330
17
100
AcDbEntity
  8
06-TEXTO
100
AcDbText
 10
15.0
 20
223.5
 30
0.0
 40
3.5
  1
B
  7
ISO3098
 72
1
 11
15.0
 21
223.5
 31
0.0
100
AcDbText
 73
2
  0
TEXT
  5
77
330
17
100
AcDbEntity
  8
06-TEXTO
100
AcDbText
 10
415.0
 20
223.5
 30
0.0
 40
3.5
  1
B
  7
ISO3098
 72
1
 11
415.0
 21
223.5
 31
0.0
100
AcDbText
 73
2
  0
TEXT
  5
78
330
17
100
AcDbEntity
  8
06-TEXTO
100
AcDbText
 10
15.0
 20
267.75
 30
0.0
 40
3.5
  1
A
  7
ISO3098
 72
1
 11
15.0
 21
267.75
 31
0.0
100
AcDbText
 73
2
  0
TEXT
  5
79
330
17
100
AcDbEntity
  8
06-TEXTO
100
AcDbText
 10
415.0
 20
267.75
 30
0.0
 40
3.5
  1
A
  7
ISO3098
 72
1
 11
415.0
 21
267.75
 31
0.0
100
AcDbText
 73
2
  0
LWPOLYLINE
  5
7A
330
17
100
AcDbEntity
  8
10-ROTULO
100
AcDbPolyline
 90
4
 70
1
 10
235.0
 20
56.0
 10
249.0
 20
56.0
 10
249.0
 20
61.0
 10
235.0
 20
61.0
  0
LWPOLYLINE
  5
7B
330
17
100
AcDbEntity
  8
10-ROTULO
100
AcDbPolyline
 90
4
 70
1
 10
249.0
 20
56.0
 10
265.0
 20
56.0
 10
265.0
 20
61.0
 10
249.0
 20
61.0
  0
TEXT
  5
7C
330
17
100
AcDbEntity
  8
11-TEXTO-ROTULO
100
AcDbText
 10
257.0
 20
58.5
 30
0.0
 40
2.5
  1
Fecha
  7
ISO3098
 72
1
 11
257.0
 21
58.5
 31
0.0
100
AcDbText
 73
2
  0
LWPOLYLINE
  5
7D
330
17
100
AcDbEntity
  8
10-ROTULO
100
AcDbPolyline
 90
4
 70
1
 10
265.0
 20
56.0
 10
290.0
 20
56.0
 10
290.0
 20
61.0
 10
265.0
 20
61.0
  0
TEXT
  5
7E
330
17
100
AcDbEntity
  8
11-TEXTO-ROTULO
100
AcDbText
 10
277.5
 20
58.5
 30
0.0
 40
2.5
  1
Nombre
  7
ISO3098
 72
1
 11
277.5
 21
58.5
 31
0.0
100
AcDbText
 73
2
  0
LWPOLYLINE
  5
7F
330
17
100
AcDbEntity
  8
10-ROTULO
100
AcDbPolyline
 90
4
 70
1
 10
235.0
 20
50.0
 10
249.0
 20
50.0
 10
249.0
 20
56.0
 10
235.0
 20
56.0
  0
TEXT
  5
80
330
17
100
AcDbEntity
  8
11-TEXTO-ROTULO
100
AcDbText
 10
236.5
 20
53.0
 30
0.0
 40
2.5
  1
Dibujó
  7
ISO3098
 11
236.5
 21
53.0
 31
0.0
100
AcDbText
 73
2
  0
LWPOLYLINE
  5
81
330
17
100
AcDbEntity
  8
10-ROTULO
100
AcDbPolyline
 90
4
 70
1
 10
249.0
 20
50.0
 10
265.0
 20
50.0
 10
265.0
 20
56.0
 10
249.0
 20
56.0
  0
TEXT
  5
82
330
17
100
AcDbEntity
  8
11-TEXTO-ROTULO
100
AcDbText
 10
257.0
 20
53.0
 30
0.0
 40
2.5
  1
28/09/26
  7
ISO3098
 72
1
 11
257.0
 21
53.0
 31
0.0
100
AcDbText
 73
2
  0
LWPOLYLINE
  5
83
330
17
100
AcDbEntity
  8
10-ROTULO
100
AcDbPolyline
 90
4
 70
1
 10
265.0
 20
50.0
 10
290.0
 20
50.0
 10
290.0
 20
56.0
 10
265.0
 20
56.0
  0
TEXT
  5
84
330
17
100
AcDbEntity
  8
11-TEXTO-ROTULO
100
AcDbText
 10
277.5
 20
53.0
 30
0.0
 40
2.5
  1
T. Sinay
  7
ISO3098
 72
1
 11
277.5
 21
53.0
 31
0.0
100
AcDbText
 73
2
  0
LWPOLYLINE
  5
85
330
17
100
AcDbEntity
  8
10-ROTULO
100
AcDbPolyline
 90
4
 70
1
 10
235.0
 20
44.0
 10
249.0
 20
44.0
 10
249.0
 20
50.0
 10
235.0
 20
50.0
  0
TEXT
  5
86
330
17
100
AcDbEntity
  8
11-TEXTO-ROTULO
100
AcDbText
 10
236.5
 20
47.0
 30
0.0
 40
2.5
  1
Revisó
  7
ISO3098
 11
236.5
 21
47.0
 31
0.0
100
AcDbText
 73
2
  0
LWPOLYLINE
  5
87
330
17
100
AcDbEntity
  8
10-ROTULO
100
AcDbPolyline
 90
4
 70
1
 10
249.0
 20
44.0
 10
265.0
 20
44.0
 10
265.0
 20
50.0
 10
249.0
 20
50.0
  0
LWPOLYLINE
  5
88
330
17
100
AcDbEntity
  8
10-ROTULO
100
AcDbPolyline
 90
4
 70
1
 10
265.0
 20
44.0
 10
290.0
 20
44.0
 10
290.0
 20
50.0
 10
265.0
 20
50.0
  0
LWPOLYLINE
  5
89
330
17
100
AcDbEntity
  8
10-ROTULO
100
AcDbPolyline
 90
4
 70
1
 10
235.0
 20
38.0
 10
249.0
 20
38.0
 10
249.0
 20
44.0
 10
235.0
 20
44.0
  0
TEXT
  5
8A
330
17
100
AcDbEntity
  8
11-TEXTO-ROTULO
100
AcDbText
 10
236.5
 20
41.0
 30
0.0
 40
2.5
  1
Aprobó
  7
ISO3098
 11
236.5
 21
41.0
 31
0.0
100
AcDbText
 73
2
  0
LWPOLYLINE
  5
8B
330
17
100
AcDbEntity
  8
10-ROTULO
100
AcDbPolyline
 90
4
 70
1
 10
249.0
 20
38.0
 10
265.0
 20
38.0
 10
265.0
 20
44.0
 10
249.0
 20
44.0
  0
LWPOLYLINE
  5
8C
330
17
100
AcDbEntity
  8
10-ROTULO
100
AcDbPolyline
 90
4
 70
1
 10
265.0
 20
38.0
 10
290.0
 20
38.0
 10
290.0
 20
44.0
 10
265.0
 20
44.0
  0
LWPOLYLINE
  5
8D
330
17
100
AcDbEntity
  8
10-ROTULO
100
AcDbPolyline
 90
4
 70
1
 10
235.0
 20
24.0
 10
255.0
 20
24.0
 10
255.0
 20
38.0
 10
235.0
 20
38.0
  0
TEXT
  5
8E
330
17
100
AcDbEntity
  8
11-TEXTO-ROTULO
100
AcDbText
 10
236.0
 20
37.0
 30
0.0
 40
1.8
  1
Escala
  7
ISO3098
 11
236.0
 21
37.0
 31
0.0
100
AcDbText
 73
3
  0
TEXT
  5
8F
330
17
100
AcDbEntity
  8
11-TEXTO-ROTULO
100
AcDbText
 10
245.0
 20
29.6
 30
0.0
 40
5.0
  1
2:1
  7
ISO3098
 72
1
 11
245.0
 21
29.6
 31
0.0
100
AcDbText
 73
2
  0
LWPOLYLINE
  5
90
330
17
100
AcDbEntity
  8
10-ROTULO
100
AcDbPolyline
 90
4
 70
1
 10
255.0
 20
24.0
 10
290.0
 20
24.0
 10
290.0
 20
38.0
 10
255.0
 20
38.0
  0
TEXT
  5
91
330
17
100
AcDbEntity
  8
11-TEXTO-ROTULO
100
AcDbText
 10
256.0
 20
37.0
 30
0.0
 40
1.8
  1
Método de proyección
  7
ISO3098
 11
256.0
 21
37.0
 31
0.0
100
AcDbText
 73
3
  0
CIRCLE
  5
92
330
17
100
AcDbEntity
  8
01-VISIBLE
100
AcDbCircle
 10
265.0
 20
29.5
 30
0.0
 40
2.5
  0
CIRCLE
  5
93
330
17
100
AcDbEntity
  8
01-VISIBLE
100
AcDbCircle
 10
265.0
 20
29.5
 30
0.0
 40
1.25
  0
LWPOLYLINE
  5
94
330
17
100
AcDbEntity
  8
01-VISIBLE
100
AcDbPolyline
 90
4
 70
1
 10
270.0
 20
27.0
 10
275.0
 20
28.25
 10
275.0
 20
30.75
 10
270.0
 20
32.0
  0
LINE
  5
95
330
17
100
AcDbEntity
  8
03-EJE
100
AcDbLine
 10
261.0
 20
29.5
 30
0.0
 11
276.5
 21
29.5
 31
0.0
  0
LINE
  5
96
330
17
100
AcDbEntity
  8
03-EJE
100
AcDbLine
 10
265.0
 20
25.5
 30
0.0
 11
265.0
 21
33.5
 31
0.0
  0
TEXT
  5
97
330
17
100
AcDbEntity
  8
11-TEXTO-ROTULO
100
AcDbText
 10
286.5
 20
29.5
 30
0.0
 40
2.5
  1
ISO E
  7
ISO3098
 72
2
 11
286.5
 21
29.5
 31
0.0
100
AcDbText
 73
2
  0
LWPOLYLINE
  5
98
330
17
100
AcDbEntity
  8
10-ROTULO
100
AcDbPolyline
 90
4
 70
1
 10
235.0
 20
10.0
 10
268.0
 20
10.0
 10
268.0
 20
24.0
 10
235.0
 20
24.0
  0
TEXT
  5
99
330
17
100
AcDbEntity
  8
11-TEXTO-ROTULO
100
AcDbText
 10
236.0
 20
23.0
 30
0.0
 40
1.8
  1
Tolerancias generales
  7
ISO3098
 11
236.0
 21
23.0
 31
0.0
100
AcDbText
 73
3
  0
TEXT
  5
9A
330
17
100
AcDbEntity
  8
11-TEXTO-ROTULO
100
AcDbText
 10
251.5
 20
15.6
 30
0.0
 40
3.5
  1
ISO 2768-m
  7
ISO3098
 72
1
 11
251.5
 21
15.6
 31
0.0
100
AcDbText
 73
2
  0
LWPOLYLINE
  5
9B
330
17
100
AcDbEntity
  8
10-ROTULO
100
AcDbPolyline
 90
4
 70
1
 10
268.0
 20
10.0
 10
290.0
 20
10.0
 10
290.0
 20
24.0
 10
268.0
 20
24.0
  0
TEXT
  5
9C
330
17
100
AcDbEntity
  8
11-TEXTO-ROTULO
100
AcDbText
 10
269.0
 20
23.0
 30
0.0
 40
1.8
  1
Formato
  7
ISO3098
 11
269.0
 21
23.0
 31
0.0
100
AcDbText
 73
3
  0
TEXT
  5
9D
330
17
100
AcDbEntity
  8
11-TEXTO-ROTULO
100
AcDbText
 10
279.0
 20
15.6
 30
0.0
 40
3.5
  1
A3
  7
ISO3098
 72
1
 11
279.0
 21
15.6
 31
0.0
100
AcDbText
 73
2
  0
LWPOLYLINE
  5
9E
330
17
100
AcDbEntity
  8
10-ROTULO
100
AcDbPolyline
 90
4
 70
1
 10
290.0
 20
49.0
 10
360.0
 20
49.0
 10
360.0
 20
61.0
 10
290.0
 20
61.0
  0
TEXT
  5
9F
330
17
100
AcDbEntity
  8
11-TEXTO-ROTULO
100
AcDbText
 10
291.0
 20
60.0
 30
0.0
 40
1.8
  1
Propietario
  7
ISO3098
 11
291.0
 21
60.0
 31
0.0
100
AcDbText
 73
3
  0
TEXT
  5
A0
330
17
100
AcDbEntity
  8
11-TEXTO-ROTULO
100
AcDbText
 10
325.0
 20
53.6
 30
0.0
 40
5.0
  1
FLAMA S.A.
  7
ISO3098
 72
1
 11
325.0
 21
53.6
 31
0.0
100
AcDbText
 73
2
  0
LWPOLYLINE
  5
A1
330
17
100
AcDbEntity
  8
10-ROTULO
100
AcDbPolyline
 90
4
 70
1
 10
290.0
 20
22.0
 10
360.0
 20
22.0
 10
360.0
 20
49.0
 10
290.0
 20
49.0
  0
TEXT
  5
A2
330
17
100
AcDbEntity
  8
11-TEXTO-ROTULO
100
AcDbText
 10
291.0
 20
48.0
 30
0.0
 40
1.8
  1
Denominación
  7
ISO3098
 11
291.0
 21
48.0
 31
0.0
100
AcDbText
 73
3
  0
TEXT
  5
A3
330
17
100
AcDbEntity
  8
11-TEXTO-ROTULO
100
AcDbText
 10
325.0
 20
35.0
 30
0.0
 40
5.0
  1
Marbete y precinto
  7
ISO3098
 72
1
 11
325.0
 21
35.0
 31
0.0
100
AcDbText
 73
2
  0
TEXT
  5
A4
330
17
100
AcDbEntity
  8
11-TEXTO-ROTULO
100
AcDbText
 10
325.0
 20
25.5
 30
0.0
 40
1.8
  1
IRAM 3517-2:2020 - 9.4.13, 9.6, figura 9, tabla 4
  7
ISO3098
 72
1
 11
325.0
 21
25.5
 31
0.0
100
AcDbText
 73
2
  0
LWPOLYLINE
  5
A5
330
17
100
AcDbEntity
  8
10-ROTULO
100
AcDbPolyline
 90
4
 70
1
 10
290.0
 20
10.0
 10
360.0
 20
10.0
 10
360.0
 20
22.0
 10
290.0
 20
22.0
  0
TEXT
  5
A6
330
17
100
AcDbEntity
  8
11-TEXTO-ROTULO
100
AcDbText
 10
291.0
 20
21.0
 30
0.0
 40
1.8
  1
Tipo de documento
  7
ISO3098
 11
291.0
 21
21.0
 31
0.0
100
AcDbText
 73
3
  0
TEXT
  5
A7
330
17
100
AcDbEntity
  8
11-TEXTO-ROTULO
100
AcDbText
 10
325.0
 20
14.6
 30
0.0
 40
3.5
  1
Plano de señalética
  7
ISO3098
 72
1
 11
325.0
 21
14.6
 31
0.0
100
AcDbText
 73
2
  0
LWPOLYLINE
  5
A8
330
17
100
AcDbEntity
  8
10-ROTULO
100
AcDbPolyline
 90
4
 70
1
 10
360.0
 20
53.0
 10
410.0
 20
53.0
 10
410.0
 20
61.0
 10
360.0
 20
61.0
  0
TEXT
  5
A9
330
17
100
AcDbEntity
  8
11-TEXTO-ROTULO
100
AcDbText
 10
361.0
 20
60.0
 30
0.0
 40
1.8
  1
Reemplaza a / Reemplazado por
  7
ISO3098
 11
361.0
 21
60.0
 31
0.0
100
AcDbText
 73
3
  0
TEXT
  5
AA
330
17
100
AcDbEntity
  8
11-TEXTO-ROTULO
100
AcDbText
 10
385.0
 20
55.6
 30
0.0
 40
1.8
  1
-
  7
ISO3098
 72
1
 11
385.0
 21
55.6
 31
0.0
100
AcDbText
 73
2
  0
LWPOLYLINE
  5
AB
330
17
100
AcDbEntity
  8
10-ROTULO
100
AcDbPolyline
 90
4
 70
1
 10
360.0
 20
43.0
 10
410.0
 20
43.0
 10
410.0
 20
53.0
 10
360.0
 20
53.0
  0
TEXT
  5
AC
330
17
100
AcDbEntity
  8
11-TEXTO-ROTULO
100
AcDbText
 10
361.0
 20
52.0
 30
0.0
 40
1.8
  1
Material
  7
ISO3098
 11
361.0
 21
52.0
 31
0.0
100
AcDbText
 73
3
  0
TEXT
  5
AD
330
17
100
AcDbEntity
  8
11-TEXTO-ROTULO
100
AcDbText
 10
385.0
 20
46.6
 30
0.0
 40
2.5
  1
Ver notas
  7
ISO3098
 72
1
 11
385.0
 21
46.6
 31
0.0
100
AcDbText
 73
2
  0
LWPOLYLINE
  5
AE
330
17
100
AcDbEntity
  8
10-ROTULO
100
AcDbPolyline
 90
4
 70
1
 10
360.0
 20
33.0
 10
382.0
 20
33.0
 10
382.0
 20
43.0
 10
360.0
 20
43.0
  0
TEXT
  5
AF
330
17
100
AcDbEntity
  8
11-TEXTO-ROTULO
100
AcDbText
 10
361.0
 20
42.0
 30
0.0
 40
1.8
  1
Edición
  7
ISO3098
 11
361.0
 21
42.0
 31
0.0
100
AcDbText
 73
3
  0
TEXT
  5
B0
330
17
100
AcDbEntity
  8
11-TEXTO-ROTULO
100
AcDbText
 10
371.0
 20
36.6
 30
0.0
 40
3.5
  1
1
  7
ISO3098
 72
1
 11
371.0
 21
36.6
 31
0.0
100
AcDbText
 73
2
  0
LWPOLYLINE
  5
B1
330
17
100
AcDbEntity
  8
10-ROTULO
100
AcDbPolyline
 90
4
 70
1
 10
382.0
 20
33.0
 10
410.0
 20
33.0
 10
410.0
 20
43.0
 10
382.0
 20
43.0
  0
TEXT
  5
B2
330
17
100
AcDbEntity
  8
11-TEXTO-ROTULO
100
AcDbText
 10
383.0
 20
42.0
 30
0.0
 40
1.8
  1
Fecha de emisión
  7
ISO3098
 11
383.0
 21
42.0
 31
0.0
100
AcDbText
 73
3
  0
TEXT
  5
B3
330
17
100
AcDbEntity
  8
11-TEXTO-ROTULO
100
AcDbText
 10
396.0
 20
36.6
 30
0.0
 40
2.5
  1
28/09/2026
  7
ISO3098
 72
1
 11
396.0
 21
36.6
 31
0.0
100
AcDbText
 73
2
  0
LWPOLYLINE
  5
B4
330
17
100
AcDbEntity
  8
10-ROTULO
100
AcDbPolyline
 90
4
 70
1
 10
360.0
 20
23.0
 10
382.0
 20
23.0
 10
382.0
 20
33.0
 10
360.0
 20
33.0
  0
TEXT
  5
B5
330
17
100
AcDbEntity
  8
11-TEXTO-ROTULO
100
AcDbText
 10
361.0
 20
32.0
 30
0.0
 40
1.8
  1
Hoja
  7
ISO3098
 11
361.0
 21
32.0
 31
0.0
100
AcDbText
 73
3
  0
TEXT
  5
B6
330
17
100
AcDbEntity
  8
11-TEXTO-ROTULO
100
AcDbText
 10
371.0
 20
26.6
 30
0.0
 40
3.5
  1
1 / 1
  7
ISO3098
 72
1
 11
371.0
 21
26.6
 31
0.0
100
AcDbText
 73
2
  0
LWPOLYLINE
  5
B7
330
17
100
AcDbEntity
  8
10-ROTULO
100
AcDbPolyline
 90
4
 70
1
 10
382.0
 20
23.0
 10
410.0
 20
23.0
 10
410.0
 20
33.0
 10
382.0
 20
33.0
  0
TEXT
  5
B8
330
17
100
AcDbEntity
  8
11-TEXTO-ROTULO
100
AcDbText
 10
383.0
 20
32.0
 30
0.0
 40
1.8
  1
Idioma
  7
ISO3098
 11
383.0
 21
32.0
 31
0.0
100
AcDbText
 73
3
  0
TEXT
  5
B9
330
17
100
AcDbEntity
  8
11-TEXTO-ROTULO
100
AcDbText
 10
396.0
 20
26.6
 30
0.0
 40
3.5
  1
es
  7
ISO3098
 72
1
 11
396.0
 21
26.6
 31
0.0
100
AcDbText
 73
2
  0
LWPOLYLINE
  5
BA
330
17
100
AcDbEntity
  8
10-ROTULO
100
AcDbPolyline
 90
4
 70
1
 10
360.0
 20
10.0
 10
410.0
 20
10.0
 10
410.0
 20
23.0
 10
360.0
 20
23.0
  0
TEXT
  5
BB
330
17
100
AcDbEntity
  8
11-TEXTO-ROTULO
100
AcDbText
 10
361.0
 20
22.0
 30
0.0
 40
1.8
  1
N° de plano
  7
ISO3098
 11
361.0
 21
22.0
 31
0.0
100
AcDbText
 73
3
  0
TEXT
  5
BC
330
17
100
AcDbEntity
  8
11-TEXTO-ROTULO
100
AcDbText
 10
385.0
 20
15.1
 30
0.0
 40
5.0
  1
FL_SEN_08
  7
ISO3098
 72
1
 11
385.0
 21
15.1
 31
0.0
100
AcDbText
 73
2
  0
LWPOLYLINE
  5
BD
330
17
100
AcDbEntity
  8
07-RECUADRO
100
AcDbPolyline
 90
4
 70
1
 10
235.0
 20
10.0
 10
410.0
 20
10.0
 10
410.0
 20
61.0
 10
235.0
 20
61.0
  0
HATCH
  5
BE
330
17
100
AcDbEntity
  8
05-RAYADO
 62
7
420
12160215
100
AcDbHatch
 10
0.0
 20
0.0
 30
0.0
210
0.0
220
0.0
230
1.0
  2
SOLID
 70
1
 71
0
 91
1
 92
3
 72
0
 73
1
 93
67
 10
43.77728975119724
 20
222.4270981885098
 10
43.542362069549355
 20
222.85809789522006
 10
43.31451773734432
 20
223.2928837310874
 10
43.093817754019355
 20
223.73133929342995
 10
42.880321206296706
 20
224.17334719709152
 10
42.67408525236473
 20
224.61878910586816
 10
42.47516510657526
 20
225.06754576418967
 10
42.2836140246614
 20
225.5194970290473
 10
42.099483289479636
 20
225.97452190215887
 10
41.92282219728023
 20
226.43249856236298
 10
41.75367804450938
 20
226.8933043982334
 10
41.59209611514683
 20
227.35681604090516
 10
41.438119668582274
 20
227.8229093971034
 10
41.29178992803374
 20
228.2914596823661
 10
41.15314606951114
 20
228.762341454452
 10
41.02222521132795
 20
229.23542864692436
 10
40.89906240416368
 20
229.7105946029021
 10
40.783690621679995
 20
230.18771210896878
 10
40.67614075169284
 20
230.66665342923102
 10
40.57644158790309
 20
231.14729033951613
 10
40.48461982218768
 20
231.62949416170102
 10
40.40070003745363
 20
232.11313579816235
 10
40.324704701056575
 20
232.59808576633912
 10
40.25665415878569
 20
233.08421423339843
 10
40.196566629416665
 20
233.5713910509946
 10
40.14445819983409
 20
234.05948579011317
 10
40.10034282072459
 20
234.54836777598996
 10
40.064232302841894
 20
235.0379061230957
 10
40.03613631384483
 20
235.52796977017744
 10
40.016062375709026
 20
236.0184275153467
 10
40.004015862713146
 20
236.5091480512054
 10
40.0
 20
237.0
 10
40.004015862713146
 20
237.49085194879459
 10
40.016062375709026
 20
237.98157248465327
 10
40.03613631384483
 20
238.47203022982254
 10
40.064232302841894
 20
238.96209387690428
 10
40.10034282072459
 20
239.45163222401004
 10
40.14445819983409
 20
239.9405142098868
 10
40.196566629416665
 20
240.4286089490054
 10
40.256654158785686
 20
240.91578576660154
 10
40.32470470105657
 20
241.40191423366085
 10
40.40070003745363
 20
241.88686420183765
 10
40.484619822187675
 20
242.37050583829898
 10
40.57644158790308
 20
242.85270966048384
 10
40.67614075169284
 20
243.33334657076895
 10
40.783690621679995
 20
243.8122878910312
 10
40.89906240416368
 20
244.2894053970979
 10
41.02222521132795
 20
244.7645713530756
 10
41.15314606951114
 20
245.23765854554796
 10
41.29178992803374
 20
245.70854031763386
 10
41.43811966858227
 20
246.17709060289658
 10
41.59209611514683
 20
246.64318395909484
 10
41.75367804450937
 20
247.1066956017666
 10
41.922822197280226
 20
247.567501437637
 10
42.099483289479636
 20
248.0254780978411
 10
42.28361402466139
 20
248.48050297095267
 10
42.475165106575254
 20
248.93245423581033
 10
42.67408525236472
 20
249.38121089413184
 10
42.8803212062967
 20
249.82665280290846
 10
43.09381775401935
 20
250.26866070657002
 10
43.31451773734431
 20
250.7071162689126
 10
43.54236206954934
 20
251.14190210477992
 10
43.77728975119723
 20
251.5729018114902
 10
44.0
 20
251.9660403811272
 10
44.0
 20
238.0
 10
44.0
 20
236.0
 10
44.0
 20
222.03395961887284
 97
0
 75
1
 76
1
 98
0
  0
HATCH
  5
BF
330
17
100
AcDbEntity
  8
05-RAYADO
 62
7
420
12160215
100
AcDbHatch
 10
0.0
 20
0.0
 30
0.0
210
0.0
220
0.0
230
1.0
  2
SOLID
 70
1
 71
0
 91
1
 92
3
 72
0
 73
1
 93
317
 10
95.98076211353316
 20
222.0
 10
95.73185830000816
 20
221.57691767420334
 10
95.47606544579736
 20
221.15796448048897
 10
95.21345203283315
 20
220.74325258275746
 10
94.94408836907635
 20
220.33289300941192
 10
94.66804656969325
 20
219.92699562363305
 10
94.38540053774845
 20
219.52566909396594
 10
94.09622594441934
 20
219.129020865227
 10
93.80060020873705
 20
218.7371571297384
 10
93.49860247685952
 20
218.3501827988977
 10
93.1903136008821
 20
217.96820147509064
 10
92.87581611719165
 20
217.59131542395428
 10
92.55519422436933
 20
217.21962554699795
 10
92.22853376064877
 20
216.85323135458944
 10
91.89592218093507
 20
216.49223093931386
 10
91.55744853339094
 20
216.13672094971164
 10
91.21320343559643
 20
215.78679656440357
 10
90.86327905028836
 20
215.44255146660907
 10
90.50776906068614
 20
215.10407781906494
 10
90.14676864541056
 20
214.77146623935124
 10
89.78037445300207
 20
214.44480577563067
 10
89.40868457604573
 20
214.12418388280835
 10
89.03179852490936
 20
213.80968639911788
 10
88.64981720110232
 20
213.5013975231405
 10
88.26284287026162
 20
213.19939979126295
 10
87.87097913477301
 20
212.90377405558064
 10
87.47433090603407
 20
212.61459946225153
 10
87.07300437636695
 20
212.33195343030675
 10
86.66710699058807
 20
212.05591163092365
 10
86.25674741724255
 20
211.78654796716685
 10
85.84203551951104
 20
211.52393455420264
 10
85.42308232579666
 20
211.26814169999184
 10
85.0
 20
211.01923788646684
 10
84.5729018114902
 20
210.77728975119723
 10
84.14190210477993
 20
210.54236206954934
 10
83.70711626891261
 20
210.31451773734432
 10
83.26866070657005
 20
210.09381775401934
 10
82.82665280290847
 20
209.88032120629668
 10
82.38121089413185
 20
209.67408525236473
 10
81.93245423581034
 20
209.47516510657528
 10
81.4805029709527
 20
209.2836140246614
 10
81.02547809784112
 20
209.09948328947962
 10
80.567501437637
 20
208.92282219728023
 10
80.1066956017666
 20
208.75367804450937
 10
79.64318395909486
 20
208.59209611514683
 10
79.17709060289661
 20
208.43811966858226
 10
78.70854031763388
 20
208.29178992803372
 10
78.23765854554797
 20
208.15314606951114
 10
77.76457135307562
 20
208.02222521132796
 10
77.28940539709792
 20
207.8990624041637
 10
76.8122878910312
 20
207.78369062168
 10
76.33334657076895
 20
207.67614075169286
 10
75.85270966048385
 20
207.57644158790308
 10
75.37050583829898
 20
207.48461982218768
 10
74.88686420183767
 20
207.40070003745365
 10
74.40191423366086
 20
207.32470470105656
 10
73.91578576660154
 20
207.2566541587857
 10
73.4286089490054
 20
207.19656662941668
 10
72.94051420988683
 20
207.1444581998341
 10
72.45163222401005
 20
207.1003428207246
 10
71.9620938769043
 20
207.0642323028419
 10
71.47203022982255
 20
207.03613631384482
 10
70.9815724846533
 20
207.01606237570903
 10
70.49085194879461
 20
207.00401586271315
 10
70.0
 20
207.0
 10
69.5091480512054
 20
207.00401586271315
 10
69.01842751534672
 20
207.01606237570903
 10
68.52796977017746
 20
207.03613631384482
 10
68.03790612309571
 20
207.0642323028419
 10
67.54836777598996
 20
207.1003428207246
 10
67.05948579011319
 20
207.1444581998341
 10
66.5713910509946
 20
207.19656662941668
 10
66.08421423339846
 20
207.2566541587857
 10
65.59808576633915
 20
207.32470470105656
 10
65.11313579816235
 20
207.40070003745362
 10
64.62949416170102
 20
207.48461982218768
 10
64.14729033951616
 20
207.57644158790308
 10
63.66665342923105
 20
207.67614075169286
 10
63.18771210896881
 20
207.78369062168
 10
62.71059460290209
 20
207.8990624041637
 10
62.23542864692438
 20
208.02222521132796
 10
61.76234145445204
 20
208.15314606951114
 10
61.29145968236614
 20
208.29178992803372
 10
60.8229093971034
 20
208.43811966858226
 10
60.35681604090516
 20
208.59209611514683
 10
59.893304398233404
 20
208.75367804450937
 10
59.432498562363
 20
208.92282219728023
 10
58.9745219021589
 20
209.09948328947962
 10
58.519497029047315
 20
209.2836140246614
 10
58.067545764189674
 20
209.47516510657525
 10
57.61878910586816
 20
209.67408525236473
 10
57.173347197091545
 20
209.88032120629668
 10
56.73133929342997
 20
210.09381775401934
 10
56.29288373108738
 20
210.31451773734432
 10
55.858097895220084
 20
210.54236206954934
 10
55.42709818850981
 20
210.77728975119723
 10
55.00000000000001
 20
211.01923788646684
 10
54.57691767420335
 20
211.26814169999184
 10
54.15796448048896
 20
211.52393455420264
 10
53.74325258275746
 20
211.78654796716685
 10
53.33289300941194
 20
212.05591163092365
 10
52.92699562363306
 20
212.33195343030675
 10
52.52566909396594
 20
212.61459946225153
 10
52.129020865227
 20
212.90377405558064
 10
51.73715712973839
 20
213.19939979126295
 10
51.350182798897684
 20
213.5013975231405
 10
50.96820147509064
 20
213.80968639911788
 10
50.591315423954285
 20
214.12418388280835
 10
50.219625546997946
 20
214.44480577563067
 10
49.853231354589454
 20
214.7714662393512
 10
49.49223093931387
 20
215.1040778190649
 10
49.13672094971165
 20
215.44255146660905
 10
48.78679656440357
 20
215.78679656440357
 10
48.44255146660907
 20
216.13672094971164
 10
48.10407781906494
 20
216.49223093931386
 10
47.771466239351234
 20
216.85323135458944
 10
47.444805775630684
 20
217.21962554699792
 10
47.12418388280835
 20
217.59131542395428
 10
46.8096863991179
 20
217.96820147509064
 10
46.5013975231405
 20
218.35018279889766
 10
46.19939979126295
 20
218.73715712973836
 10
45.903774055580655
 20
219.129020865227
 10
45.61459946225155
 20
219.52566909396594
 10
45.331953430306754
 20
219.92699562363305
 10
45.055911630923646
 20
220.33289300941192
 10
44.78654796716687
 20
220.74325258275744
 10
44.52393455420264
 20
221.15796448048894
 10
44.268141699991844
 20
221.57691767420334
 10
44.01923788646685
 20
222.0
 10
44.0
 20
222.03395961887284
 10
44.0
 20
236.0
 10
50.025159904868374
 20
236.0
 10
50.04282153522793
 20
235.69193741539712
 10
50.066895213816395
 20
235.36557851732664
 10
50.09630546655606
 20
235.03965719340877
 10
50.131044419611115
 20
234.71426070066306
 10
50.171102772523795
 20
234.38947615559897
 10
50.21646980070438
 20
234.06539051089277
 10
50.26713335830242
 20
233.74209053210822
 10
50.323079881458455
 20
233.41966277446735
 10
50.38429439193539
 20
233.09819355967744
 10
50.45076050112856
 20
232.77776895282068
 10
50.522460414453334
 20
232.45847473931252
 10
50.59937493610912
 20
232.1403964019347
 10
50.68148347421864
 20
231.82361909794957
 10
50.76876404634076
 20
231.50822763630134
 10
50.861193285355824
 20
231.19430645491076
 10
50.958746445721516
 20
230.88193959806893
 10
51.06139741009789
 20
230.57121069393676
 10
51.16911869633959
 20
230.2622029321556
 10
51.28188146485349
 20
229.95499904157532
 10
51.39965552631976
 20
229.64968126810592
 10
51.522409349774264
 20
229.3463313526982
 10
51.65011007105018
 20
229.04503050945976
 10
51.782723501576484
 20
228.7458594039121
 10
51.92021413753113
 20
228.44889813139434
 10
52.06254516934624
 20
228.15422619561997
 10
52.20967849156288
 20
227.86192248739158
 10
52.3615747130329
 20
227.57206526348006
 10
52.51819316746483
 20
227.2847321256732
 10
52.67949192431123
 20
227.0
 10
52.84542779999457
 20
226.71794511613555
 10
53.01595636946843
 20
226.43864298699265
 10
53.19103197811124
 20
226.16216838850497
 10
53.3706077539491
 20
225.88859533960795
 10
53.55463562020451
 20
225.61799708242202
 10
53.7430663081677
 20
225.35044606264395
 10
53.9358493703871
 20
225.08601391015134
 10
54.1329331941753
 20
224.8247714198256
 10
54.33426501542699
 20
224.56678853259845
 10
54.53979093274526
 20
224.31213431672708
 10
54.74945592187224
 20
224.06087694930284
 10
54.963203850420456
 20
223.81308369799862
 10
55.18097749290082
 20
223.56882090305962
 10
55.40271854604329
 20
223.32815395954256
 10
55.62836764440604
 20
223.09114729980777
 10
55.85786437626905
 20
222.85786437626905
 10
56.09114729980777
 20
222.62836764440604
 10
56.328153959542576
 20
222.40271854604327
 10
56.56882090305964
 20
222.1809774929008
 10
56.81308369799863
 20
221.96320385042046
 10
57.06087694930285
 20
221.74945592187223
 10
57.3121343167271
 20
221.53979093274526
 10
57.56678853259846
 20
221.33426501542698
 10
57.824771419825595
 20
221.13293319417528
 10
58.08601391015134
 20
220.9358493703871
 10
58.35044606264396
 20
220.7430663081677
 10
58.617997082422036
 20
220.5546356202045
 10
58.88859533960796
 20
220.3706077539491
 10
59.16216838850497
 20
220.19103197811123
 10
59.43864298699264
 20
220.01595636946843
 10
59.71794511613557
 20
219.84542779999455
 10
60.0
 20
219.67949192431124
 10
60.2847321256732
 20
219.51819316746483
 10
60.572065263480056
 20
219.3615747130329
 10
60.86192248739159
 20
219.20967849156287
 10
61.15422619561998
 20
219.06254516934624
 10
61.44889813139436
 20
218.92021413753113
 10
61.74585940391211
 20
218.78272350157647
 10
62.045030509459785
 20
218.65011007105016
 10
62.34633135269821
 20
218.52240934977425
 10
62.64968126810593
 20
218.39965552631975
 10
62.954999041575334
 20
218.28188146485348
 10
63.2622029321556
 20
218.16911869633958
 10
63.57121069393677
 20
218.0613974100979
 10
63.88193959806894
 20
217.95874644572152
 10
64.19430645491076
 20
217.86119328535582
 10
64.50822763630136
 20
217.76876404634075
 10
64.82361909794959
 20
217.68148347421862
 10
65.14039640193472
 20
217.59937493610911
 10
65.45847473931254
 20
217.52246041445332
 10
65.77776895282071
 20
217.45076050112857
 10
66.09819355967744
 20
217.38429439193538
 10
66.41966277446735
 20
217.32307988145845
 10
66.74209053210824
 20
217.26713335830243
 10
67.06539051089277
 20
217.21646980070437
 10
67.38947615559897
 20
217.1711027725238
 10
67.71426070066308
 20
217.1310444196111
 10
68.03965719340879
 20
217.09630546655606
 10
68.36557851732664
 20
217.0668952138164
 10
68.69193741539713
 20
217.04282153522792
 10
69.0
 20
217.0251599048684
 10
69.0
 20
211.0
 10
71.0
 20
211.0
 10
71.0
 20
217.0251599048684
 10
71.30806258460287
 20
217.04282153522792
 10
71.63442148267336
 20
217.0668952138164
 10
71.96034280659121
 20
217.09630546655606
 10
72.28573929933694
 20
217.1310444196111
 10
72.61052384440103
 20
217.1711027725238
 10
72.93460948910725
 20
217.21646980070437
 10
73.25790946789178
 20
217.26713335830243
 10
73.58033722553266
 20
217.32307988145845
 10
73.90180644032256
 20
217.38429439193538
 10
74.2222310471793
 20
217.45076050112857
 10
74.54152526068746
 20
217.52246041445332
 10
74.85960359806528
 20
217.59937493610911
 10
75.17638090205043
 20
217.68148347421862
 10
75.49177236369864
 20
217.76876404634078
 10
75.80569354508926
 20
217.86119328535582
 10
76.11806040193107
 20
217.95874644572152
 10
76.42878930606324
 20
218.0613974100979
 10
76.73779706784441
 20
218.16911869633958
 10
77.04500095842467
 20
218.28188146485348
 10
77.35031873189408
 20
218.39965552631975
 10
77.6536686473018
 20
218.52240934977425
 10
77.95496949054022
 20
218.65011007105016
 10
78.2541405960879
 20
218.7827235015765
 10
78.55110186860564
 20
218.92021413753113
 10
78.84577380438003
 20
219.06254516934624
 10
79.13807751260842
 20
219.20967849156287
 10
79.42793473651996
 20
219.3615747130329
 10
79.7152678743268
 20
219.51819316746483
 10
80.0
 20
219.67949192431124
 10
80.28205488386443
 20
219.84542779999455
 10
80.56135701300737
 20
220.01595636946843
 10
80.83783161149503
 20
220.19103197811125
 10
81.11140466039205
 20
220.3706077539491
 10
81.38200291757796
 20
220.5546356202045
 10
81.64955393735605
 20
220.7430663081677
 10
81.91398608984866
 20
220.9358493703871
 10
82.1752285801744
 20
221.1329331941753
 10
82.43321146740155
 20
221.33426501542698
 10
82.68786568327292
 20
221.53979093274526
 10
82.93912305069715
 20
221.74945592187223
 10
83.18691630200138
 20
221.96320385042046
 10
83.43117909694037
 20
222.1809774929008
 10
83.67184604045742
 20
222.40271854604327
 10
83.90885270019223
 20
222.62836764440604
 10
84.14213562373095
 20
222.85786437626905
 10
84.37163235559396
 20
223.09114729980777
 10
84.59728145395671
 20
223.3281539595426
 10
84.81902250709918
 20
223.56882090305965
 10
85.03679614957954
 20
223.81308369799862
 10
85.25054407812776
 20
224.06087694930287
 10
85.46020906725474
 20
224.31213431672708
 10
85.665734984573
 20
224.56678853259845
 10
85.8670668058247
 20
224.8247714198256
 10
86.0641506296129
 20
225.08601391015134
 10
86.2569336918323
 20
225.35044606264395
 10
86.4453643797955
 20
225.61799708242205
 10
86.62939224605091
 20
225.88859533960795
 10
86.80896802188876
 20
226.16216838850497
 10
86.98404363053157
 20
226.43864298699265
 10
87.15457220000545
 20
226.71794511613558
 10
87.32050807568878
 20
227.0
 10
87.48180683253517
 20
227.2847321256732
 10
87.6384252869671
 20
227.57206526348006
 10
87.79032150843712
 20
227.86192248739158
 10
87.93745483065376
 20
228.15422619561997
 10
88.07978586246887
 20
228.44889813139437
 10
88.21727649842352
 20
228.7458594039121
 10
88.34988992894984
 20
229.0450305094598
 10
88.47759065022574
 20
229.3463313526982
 10
88.60034447368025
 20
229.64968126810592
 10
88.71811853514652
 20
229.95499904157532
 10
88.83088130366042
 20
230.2622029321556
 10
88.93860258990212
 20
230.57121069393676
 10
89.04125355427848
 20
230.88193959806893
 10
89.13880671464418
 20
231.19430645491076
 10
89.23123595365924
 20
231.50822763630134
 10
89.31851652578136
 20
231.82361909794957
 10
89.40062506389089
 20
232.1403964019347
 10
89.47753958554668
 20
232.45847473931255
 10
89.54923949887143
 20
232.7777689528207
 10
89.61570560806462
 20
233.09819355967744
 10
89.67692011854155
 20
233.41966277446735
 10
89.73286664169758
 20
233.74209053210822
 10
89.78353019929563
 20
234.06539051089277
 10
89.8288972274762
 20
234.38947615559897
 10
89.86895558038889
 20
234.71426070066306
 10
89.90369453344394
 20
235.0396571934088
 10
89.9331047861836
 20
235.36557851732664
 10
89.95717846477207
 20
235.69193741539715
 10
89.97484009513163
 20
236.0
 10
96.0
 20
236.0
 10
96.0
 20
222.0339596188728
 97
0
 75
1
 76
1
 98
0
  0
HATCH
  5
C0
330
17
100
AcDbEntity
  8
05-RAYADO
 62
7
420
12160215
100
AcDbHatch
 10
0.0
 20
0.0
 30
0.0
210
0.0
220
0.0
230
1.0
  2
SOLID
 70
1
 71
0
 91
1
 92
3
 72
0
 73
1
 93
317
 10
44.01923788646684
 20
252.0
 10
44.26814169999184
 20
252.42308232579666
 10
44.523934554202626
 20
252.84203551951103
 10
44.786547967166854
 20
253.25674741724254
 10
45.05591163092363
 20
253.66710699058805
 10
45.33195343030674
 20
254.07300437636695
 10
45.61459946225153
 20
254.47433090603406
 10
45.90377405558064
 20
254.870979134773
 10
46.199399791262934
 20
255.2628428702616
 10
46.50139752314048
 20
255.6498172011023
 10
46.809686399117886
 20
256.03179852490933
 10
47.124183882808346
 20
256.4086845760457
 10
47.44480577563067
 20
256.7803744530021
 10
47.77146623935122
 20
257.14676864541053
 10
48.104077819064926
 20
257.50776906068614
 10
48.44255146660905
 20
257.8632790502883
 10
48.78679656440356
 20
258.2132034355964
 10
49.136720949711645
 20
258.5574485333909
 10
49.492230939313856
 20
258.89592218093503
 10
49.85323135458944
 20
259.22853376064876
 10
50.21962554699793
 20
259.5551942243693
 10
50.59131542395427
 20
259.8758161171916
 10
50.96820147509062
 20
260.1903136008821
 10
51.35018279889766
 20
260.4986024768595
 10
51.73715712973838
 20
260.800600208737
 10
52.129020865226984
 20
261.09622594441936
 10
52.52566909396593
 20
261.38540053774847
 10
52.92699562363305
 20
261.6680465696933
 10
53.33289300941191
 20
261.9440883690763
 10
53.74325258275744
 20
262.2134520328331
 10
54.15796448048894
 20
262.47606544579736
 10
54.576917674203344
 20
262.7318583000082
 10
54.999999999999986
 20
262.98076211353316
 10
55.427098188509774
 20
263.22271024880274
 10
55.85809789522006
 20
263.45763793045063
 10
56.292883731087365
 20
263.6854822626557
 10
56.73133929342996
 20
263.90618224598063
 10
57.17334719709152
 20
264.1196787937033
 10
57.61878910586814
 20
264.32591474763524
 10
58.06754576418966
 20
264.5248348934247
 10
58.51949702904729
 20
264.7163859753386
 10
58.97452190215889
 20
264.9005167105204
 10
59.43249856236298
 20
265.07717780271975
 10
59.893304398233376
 20
265.2463219554906
 10
60.356816040905144
 20
265.40790388485317
 10
60.82290939710338
 20
265.56188033141774
 10
61.291459682366124
 20
265.7082100719663
 10
61.76234145445202
 20
265.84685393048886
 10
62.235428646924355
 20
265.97777478867204
 10
62.71059460290208
 20
266.10093759583634
 10
63.18771210896879
 20
266.21630937832003
 10
63.66665342923102
 20
266.32385924830714
 10
64.14729033951615
 20
266.4235584120969
 10
64.629494161701
 20
266.5153801778123
 10
65.11313579816233
 20
266.59929996254635
 10
65.59808576633912
 20
266.6752952989434
 10
66.08421423339843
 20
266.7433458412143
 10
66.57139105099459
 20
266.8034333705833
 10
67.05948579011316
 20
266.8555418001659
 10
67.54836777598995
 20
266.89965717927544
 10
68.0379061230957
 20
266.9357676971581
 10
68.52796977017744
 20
266.96386368615515
 10
69.0184275153467
 20
266.98393762429095
 10
69.50914805120537
 20
266.9959841372869
 10
70.0
 20
267.0
 10
70.49085194879459
 20
266.9959841372869
 10
70.98157248465326
 20
266.98393762429095
 10
71.47203022982254
 20
266.96386368615515
 10
71.96209387690428
 20
266.9357676971581
 10
72.45163222401004
 20
266.89965717927544
 10
72.9405142098868
 20
266.8555418001659
 10
73.42860894900537
 20
266.8034333705833
 10
73.91578576660154
 20
266.7433458412143
 10
74.40191423366083
 20
266.6752952989434
 10
74.88686420183765
 20
266.59929996254635
 10
75.37050583829897
 20
266.51538017781235
 10
75.85270966048382
 20
266.4235584120969
 10
76.33334657076895
 20
266.32385924830714
 10
76.81228789103118
 20
266.21630937832003
 10
77.28940539709791
 20
266.10093759583634
 10
77.76457135307561
 20
265.97777478867204
 10
78.23765854554794
 20
265.84685393048886
 10
78.70854031763386
 20
265.7082100719663
 10
79.17709060289658
 20
265.56188033141774
 10
79.64318395909484
 20
265.40790388485317
 10
80.10669560176659
 20
265.24632195549066
 10
80.56750143763698
 20
265.0771778027198
 10
81.0254780978411
 20
264.9005167105204
 10
81.48050297095267
 20
264.7163859753386
 10
81.9324542358103
 20
264.5248348934247
 10
82.38121089413183
 20
264.3259147476353
 10
82.82665280290844
 20
264.1196787937033
 10
83.26866070657003
 20
263.90618224598063
 10
83.7071162689126
 20
263.6854822626557
 10
84.1419021047799
 20
263.4576379304507
 10
84.57290181149018
 20
263.22271024880274
 10
84.99999999999999
 20
262.98076211353316
 10
85.42308232579664
 20
262.7318583000082
 10
85.84203551951103
 20
262.47606544579736
 10
86.25674741724254
 20
262.2134520328332
 10
86.66710699058805
 20
261.9440883690764
 10
87.07300437636692
 20
261.6680465696933
 10
87.47433090603406
 20
261.38540053774847
 10
87.870979134773
 20
261.09622594441936
 10
88.2628428702616
 20
260.8006002087371
 10
88.64981720110231
 20
260.4986024768595
 10
89.03179852490935
 20
260.1903136008821
 10
89.40868457604572
 20
259.8758161171917
 10
89.78037445300205
 20
259.55519422436936
 10
90.14676864541053
 20
259.2285337606488
 10
90.50776906068613
 20
258.8959221809351
 10
90.86327905028833
 20
258.557448533391
 10
91.21320343559643
 20
258.2132034355964
 10
91.55744853339093
 20
257.8632790502884
 10
91.89592218093506
 20
257.50776906068614
 10
92.22853376064876
 20
257.1467686454106
 10
92.5551942243693
 20
256.7803744530021
 10
92.87581611719165
 20
256.40868457604574
 10
93.19031360088209
 20
256.0317985249094
 10
93.4986024768595
 20
255.64981720110234
 10
93.80060020873705
 20
255.26284287026164
 10
94.09622594441933
 20
254.87097913477302
 10
94.38540053774845
 20
254.47433090603408
 10
94.66804656969325
 20
254.07300437636695
 10
94.94408836907634
 20
253.66710699058808
 10
95.21345203283313
 20
253.25674741724256
 10
95.47606544579736
 20
252.84203551951106
 10
95.73185830000814
 20
252.42308232579668
 10
95.98076211353316
 20
252.0
 10
96.0
 20
251.9660403811272
 10
96.0
 20
238.0
 10
89.97484009513163
 20
238.0
 10
89.95717846477207
 20
238.30806258460288
 10
89.9331047861836
 20
238.63442148267336
 10
89.90369453344394
 20
238.96034280659123
 10
89.86895558038889
 20
239.28573929933694
 10
89.8288972274762
 20
239.61052384440106
 10
89.78353019929563
 20
239.93460948910726
 10
89.73286664169758
 20
240.25790946789178
 10
89.67692011854155
 20
240.58033722553267
 10
89.6157056080646
 20
240.9018064403226
 10
89.54923949887143
 20
241.22223104717932
 10
89.47753958554667
 20
241.54152526068748
 10
89.40062506389089
 20
241.8596035980653
 10
89.31851652578136
 20
242.17638090205043
 10
89.23123595365924
 20
242.49177236369866
 10
89.13880671464418
 20
242.80569354508927
 10
89.04125355427848
 20
243.11806040193107
 10
88.9386025899021
 20
243.42878930606324
 10
88.8308813036604
 20
243.7377970678444
 10
88.71811853514652
 20
244.04500095842468
 10
88.60034447368024
 20
244.35031873189408
 10
88.47759065022572
 20
244.6536686473018
 10
88.34988992894982
 20
244.95496949054024
 10
88.2172764984235
 20
245.25414059608792
 10
88.07978586246887
 20
245.55110186860566
 10
87.93745483065376
 20
245.84577380438003
 10
87.79032150843712
 20
246.13807751260842
 10
87.63842528696709
 20
246.42793473651994
 10
87.48180683253517
 20
246.71526787432683
 10
87.32050807568876
 20
247.0
 10
87.15457220000543
 20
247.28205488386445
 10
86.98404363053157
 20
247.56135701300738
 10
86.80896802188876
 20
247.83783161149503
 10
86.6293922460509
 20
248.11140466039205
 10
86.44536437979549
 20
248.38200291757798
 10
86.2569336918323
 20
248.64955393735605
 10
86.0641506296129
 20
248.91398608984866
 10
85.86706680582469
 20
249.1752285801744
 10
85.66573498457299
 20
249.43321146740155
 10
85.46020906725474
 20
249.68786568327292
 10
85.25054407812776
 20
249.93912305069716
 10
85.03679614957954
 20
250.18691630200138
 10
84.81902250709918
 20
250.43117909694038
 10
84.5972814539567
 20
250.67184604045744
 10
84.37163235559396
 20
250.90885270019223
 10
84.14213562373095
 20
251.14213562373095
 10
83.90885270019223
 20
251.37163235559396
 10
83.67184604045742
 20
251.59728145395673
 10
83.43117909694035
 20
251.8190225070992
 10
83.18691630200136
 20
252.03679614957954
 10
82.93912305069715
 20
252.25054407812777
 10
82.6878656832729
 20
252.46020906725474
 10
82.43321146740155
 20
252.66573498457302
 10
82.1752285801744
 20
252.86706680582472
 10
81.91398608984866
 20
253.0641506296129
 10
81.64955393735605
 20
253.2569336918323
 10
81.38200291757795
 20
253.4453643797955
 10
81.11140466039204
 20
253.6293922460509
 10
80.83783161149502
 20
253.80896802188877
 10
80.56135701300735
 20
253.98404363053157
 10
80.28205488386443
 20
254.15457220000545
 10
79.99999999999999
 20
254.3205080756888
 10
79.7152678743268
 20
254.48180683253517
 10
79.42793473651994
 20
254.6384252869671
 10
79.1380775126084
 20
254.79032150843713
 10
78.84577380438002
 20
254.93745483065376
 10
78.55110186860563
 20
255.07978586246887
 10
78.2541405960879
 20
255.21727649842353
 10
77.95496949054021
 20
255.34988992894984
 10
77.65366864730179
 20
255.47759065022575
 10
77.35031873189406
 20
255.60034447368025
 10
77.04500095842465
 20
255.71811853514652
 10
76.7377970678444
 20
255.83088130366042
 10
76.42878930606324
 20
255.9386025899021
 10
76.11806040193106
 20
256.0412535542785
 10
75.80569354508924
 20
256.1388067146442
 10
75.49177236369863
 20
256.2312359536592
 10
75.17638090205041
 20
256.3185165257814
 10
74.85960359806528
 20
256.40062506389086
 10
74.54152526068745
 20
256.47753958554665
 10
74.22223104717929
 20
256.54923949887143
 10
73.90180644032255
 20
256.6157056080646
 10
73.58033722553265
 20
256.67692011854155
 10
73.25790946789178
 20
256.73286664169757
 10
72.93460948910722
 20
256.7835301992956
 10
72.61052384440103
 20
256.8288972274762
 10
72.28573929933691
 20
256.8689555803889
 10
71.9603428065912
 20
256.90369453344397
 10
71.63442148267336
 20
256.9331047861836
 10
71.30806258460285
 20
256.9571784647721
 10
71.0
 20
256.97484009513164
 10
71.0
 20
263.0
 10
69.0
 20
263.0
 10
69.0
 20
256.97484009513164
 10
68.69193741539712
 20
256.9571784647721
 10
68.36557851732663
 20
256.9331047861836
 10
68.03965719340877
 20
256.9036945334439
 10
67.71426070066306
 20
256.8689555803889
 10
67.38947615559896
 20
256.8288972274762
 10
67.06539051089275
 20
256.7835301992956
 10
66.74209053210822
 20
256.73286664169757
 10
66.41966277446733
 20
256.67692011854155
 10
66.09819355967743
 20
256.6157056080646
 10
65.77776895282068
 20
256.54923949887143
 10
65.45847473931252
 20
256.47753958554665
 10
65.14039640193472
 20
256.40062506389086
 10
64.82361909794957
 20
256.3185165257814
 10
64.50822763630134
 20
256.2312359536592
 10
64.19430645491074
 20
256.13880671464415
 10
63.88193959806892
 20
256.04125355427846
 10
63.57121069393676
 20
255.9386025899021
 10
63.26220293215559
 20
255.83088130366042
 10
62.95499904157532
 20
255.71811853514652
 10
62.64968126810593
 20
255.60034447368025
 10
62.34633135269819
 20
255.47759065022572
 10
62.04503050945978
 20
255.34988992894984
 10
61.74585940391209
 20
255.2172764984235
 10
61.44889813139435
 20
255.07978586246887
 10
61.15422619561997
 20
254.93745483065376
 10
60.861922487391574
 20
254.7903215084371
 10
60.57206526348004
 20
254.6384252869671
 10
60.28473212567319
 20
254.48180683253517
 10
59.99999999999999
 20
254.32050807568876
 10
59.71794511613557
 20
254.15457220000545
 10
59.43864298699263
 20
253.98404363053157
 10
59.16216838850496
 20
253.80896802188875
 10
58.88859533960794
 20
253.62939224605088
 10
58.61799708242203
 20
253.4453643797955
 10
58.350446062643954
 20
253.2569336918323
 10
58.08601391015132
 20
253.0641506296129
 10
57.82477141982558
 20
252.8670668058247
 10
57.56678853259844
 20
252.665734984573
 10
57.31213431672708
 20
252.46020906725474
 10
57.06087694930285
 20
252.25054407812777
 10
56.81308369799862
 20
252.03679614957954
 10
56.56882090305963
 20
251.8190225070992
 10
56.32815395954257
 20
251.5972814539567
 10
56.09114729980776
 20
251.37163235559396
 10
55.85786437626904
 20
251.14213562373095
 10
55.62836764440604
 20
250.90885270019223
 10
55.40271854604328
 20
250.6718460404574
 10
55.180977492900816
 20
250.43117909694035
 10
54.96320385042044
 20
250.18691630200138
 10
54.749455921872226
 20
249.93912305069713
 10
54.53979093274526
 20
249.68786568327292
 10
54.334265015426986
 20
249.43321146740155
 10
54.132933194175294
 20
249.1752285801744
 10
53.935849370387096
 20
248.91398608984866
 10
53.743066308167684
 20
248.64955393735602
 10
53.55463562020449
 20
248.38200291757795
 10
53.37060775394909
 20
248.11140466039205
 10
53.19103197811123
 20
247.83783161149503
 10
53.01595636946841
 20
247.56135701300735
 10
52.84542779999455
 20
247.28205488386442
 10
52.67949192431122
 20
247.0
 10
52.518193167464815
 20
246.7152678743268
 10
52.361574713032894
 20
246.42793473651994
 10
52.209678491562876
 20
246.1380775126084
 10
52.06254516934624
 20
245.84577380438003
 10
51.92021413753113
 20
245.55110186860563
 10
51.782723501576484
 20
245.2541405960879
 10
51.65011007105017
 20
244.9549694905402
 10
51.522409349774264
 20
244.65366864730177
 10
51.399655526319755
 20
244.35031873189408
 10
51.281881464853484
 20
244.04500095842465
 10
51.16911869633958
 20
243.73779706784438
 10
51.06139741009788
 20
243.4287893060632
 10
50.958746445721516
 20
243.11806040193105
 10
50.861193285355824
 20
242.80569354508924
 10
50.76876404634076
 20
242.49177236369863
 10
50.68148347421863
 20
242.1763809020504
 10
50.599374936109115
 20
241.85960359806526
 10
50.52246041445333
 20
241.54152526068745
 10
50.45076050112856
 20
241.2222310471793
 10
50.384294391935384
 20
240.90180644032256
 10
50.323079881458455
 20
240.58033722553265
 10
50.26713335830242
 20
240.25790946789175
 10
50.21646980070438
 20
239.93460948910723
 10
50.17110277252379
 20
239.61052384440103
 10
50.131044419611115
 20
239.2857392993369
 10
50.09630546655606
 20
238.9603428065912
 10
50.066895213816395
 20
238.63442148267336
 10
50.04282153522793
 20
238.30806258460285
 10
50.025159904868374
 20
238.0
 10
44.0
 20
238.0
 10
44.0
 20
251.9660403811272
 97
0
 75
1
 76
1
 98
0
  0
HATCH
  5
C1
330
17
100
AcDbEntity
  8
05-RAYADO
 62
7
420
12160215
100
AcDbHatch
 10
0.0
 20
0.0
 30
0.0
210
0.0
220
0.0
230
1.0
  2
SOLID
 70
1
 71
0
 91
1
 92
3
 72
0
 73
1
 93
67
 10
99.85554180016591
 20
234.05948579011317
 10
99.80343337058333
 20
233.5713910509946
 10
99.7433458412143
 20
233.08421423339846
 10
99.67529529894344
 20
232.59808576633915
 10
99.59929996254637
 20
232.11313579816235
 10
99.51538017781232
 20
231.62949416170102
 10
99.42355841209691
 20
231.14729033951616
 10
99.32385924830716
 20
230.66665342923105
 10
99.21630937832
 20
230.1877121089688
 10
99.10093759583631
 20
229.7105946029021
 10
98.97777478867205
 20
229.2354286469244
 10
98.84685393048886
 20
228.76234145445204
 10
98.70821007196626
 20
228.29145968236614
 10
98.56188033141773
 20
227.8229093971034
 10
98.40790388485317
 20
227.35681604090516
 10
98.24632195549063
 20
226.8933043982334
 10
98.07717780271977
 20
226.432498562363
 10
97.90051671052036
 20
225.9745219021589
 10
97.7163859753386
 20
225.5194970290473
 10
97.52483489342474
 20
225.06754576418967
 10
97.32591474763527
 20
224.61878910586816
 10
97.1196787937033
 20
224.17334719709154
 10
96.90618224598066
 20
223.73133929342995
 10
96.68548226265568
 20
223.2928837310874
 10
96.45763793045066
 20
222.85809789522008
 10
96.22271024880277
 20
222.4270981885098
 10
96.0
 20
222.0339596188728
 10
96.0
 20
236.0
 10
96.0
 20
238.0
 10
96.0
 20
251.9660403811272
 10
96.22271024880276
 20
251.57290181149023
 10
96.45763793045064
 20
251.14190210477994
 10
96.68548226265567
 20
250.70711626891264
 10
96.90618224598063
 20
250.26866070657007
 10
97.11967879370329
 20
249.82665280290848
 10
97.32591474763527
 20
249.38121089413187
 10
97.52483489342474
 20
248.93245423581033
 10
97.7163859753386
 20
248.4805029709527
 10
97.90051671052035
 20
248.02547809784113
 10
98.07717780271977
 20
247.56750143763702
 10
98.24632195549061
 20
247.10669560176663
 10
98.40790388485317
 20
246.64318395909487
 10
98.56188033141773
 20
246.1770906028966
 10
98.70821007196625
 20
245.7085403176339
 10
98.84685393048886
 20
245.237658545548
 10
98.97777478867204
 20
244.76457135307564
 10
99.10093759583631
 20
244.28940539709794
 10
99.21630937832
 20
243.81228789103122
 10
99.32385924830714
 20
243.33334657076898
 10
99.42355841209691
 20
242.85270966048387
 10
99.51538017781232
 20
242.370505838299
 10
99.59929996254637
 20
241.88686420183768
 10
99.67529529894342
 20
241.40191423366088
 10
99.7433458412143
 20
240.91578576660157
 10
99.80343337058333
 20
240.4286089490054
 10
99.85554180016591
 20
239.94051420988683
 10
99.89965717927541
 20
239.45163222401004
 10
99.9357676971581
 20
238.9620938769043
 10
99.96386368615516
 20
238.47203022982256
 10
99.98393762429097
 20
237.9815724846533
 10
99.99598413728685
 20
237.4908519487946
 10
100.0
 20
237.0
 10
99.99598413728685
 20
236.5091480512054
 10
99.98393762429097
 20
236.01842751534673
 10
99.96386368615518
 20
235.52796977017746
 10
99.9357676971581
 20
235.0379061230957
 10
99.89965717927541
 20
234.54836777598996
 97
0
 75
1
 76
1
 98
0
  0
LWPOLYLINE
  5
C2
330
17
100
AcDbEntity
  8
01-VISIBLE
100
AcDbPolyline
 90
385
 70
1
 10
99.89965717927541
 20
234.54836777598996
 10
99.85554180016591
 20
234.05948579011317
 10
99.80343337058333
 20
233.5713910509946
 10
99.7433458412143
 20
233.08421423339846
 10
99.67529529894344
 20
232.59808576633915
 10
99.59929996254637
 20
232.11313579816235
 10
99.51538017781232
 20
231.62949416170102
 10
99.42355841209691
 20
231.14729033951616
 10
99.32385924830716
 20
230.66665342923105
 10
99.21630937832
 20
230.1877121089688
 10
99.10093759583631
 20
229.7105946029021
 10
98.97777478867205
 20
229.2354286469244
 10
98.84685393048886
 20
228.76234145445204
 10
98.70821007196626
 20
228.29145968236614
 10
98.56188033141773
 20
227.8229093971034
 10
98.40790388485317
 20
227.35681604090516
 10
98.24632195549063
 20
226.8933043982334
 10
98.07717780271977
 20
226.432498562363
 10
97.90051671052036
 20
225.9745219021589
 10
97.7163859753386
 20
225.5194970290473
 10
97.52483489342474
 20
225.06754576418967
 10
97.32591474763527
 20
224.61878910586816
 10
97.1196787937033
 20
224.17334719709154
 10
96.90618224598066
 20
223.73133929342995
 10
96.68548226265568
 20
223.2928837310874
 10
96.45763793045066
 20
222.85809789522008
 10
96.22271024880277
 20
222.4270981885098
 10
95.98076211353316
 20
222.0
 10
95.73185830000816
 20
221.57691767420334
 10
95.47606544579736
 20
221.15796448048897
 10
95.21345203283315
 20
220.74325258275746
 10
94.94408836907635
 20
220.33289300941192
 10
94.66804656969325
 20
219.92699562363305
 10
94.38540053774845
 20
219.52566909396594
 10
94.09622594441934
 20
219.129020865227
 10
93.80060020873705
 20
218.7371571297384
 10
93.49860247685952
 20
218.3501827988977
 10
93.1903136008821
 20
217.96820147509064
 10
92.87581611719165
 20
217.59131542395428
 10
92.55519422436933
 20
217.21962554699795
 10
92.22853376064877
 20
216.85323135458944
 10
91.89592218093507
 20
216.49223093931386
 10
91.55744853339094
 20
216.13672094971164
 10
91.21320343559643
 20
215.78679656440357
 10
90.86327905028836
 20
215.44255146660907
 10
90.50776906068614
 20
215.10407781906494
 10
90.14676864541056
 20
214.77146623935124
 10
89.78037445300207
 20
214.44480577563067
 10
89.40868457604573
 20
214.12418388280835
 10
89.03179852490936
 20
213.80968639911788
 10
88.64981720110232
 20
213.5013975231405
 10
88.26284287026162
 20
213.19939979126295
 10
87.87097913477301
 20
212.90377405558064
 10
87.47433090603407
 20
212.61459946225153
 10
87.07300437636695
 20
212.33195343030675
 10
86.66710699058807
 20
212.05591163092365
 10
86.25674741724255
 20
211.78654796716685
 10
85.84203551951104
 20
211.52393455420264
 10
85.42308232579666
 20
211.26814169999184
 10
85.0
 20
211.01923788646684
 10
84.5729018114902
 20
210.77728975119723
 10
84.14190210477993
 20
210.54236206954934
 10
83.70711626891261
 20
210.31451773734432
 10
83.26866070657005
 20
210.09381775401934
 10
82.82665280290847
 20
209.88032120629668
 10
82.38121089413185
 20
209.67408525236473
 10
81.93245423581034
 20
209.47516510657528
 10
81.4805029709527
 20
209.2836140246614
 10
81.02547809784112
 20
209.09948328947962
 10
80.567501437637
 20
208.92282219728023
 10
80.1066956017666
 20
208.75367804450937
 10
79.64318395909486
 20
208.59209611514683
 10
79.17709060289661
 20
208.43811966858226
 10
78.70854031763388
 20
208.29178992803372
 10
78.23765854554797
 20
208.15314606951114
 10
77.76457135307562
 20
208.02222521132796
 10
77.28940539709792
 20
207.8990624041637
 10
76.8122878910312
 20
207.78369062168
 10
76.33334657076895
 20
207.67614075169286
 10
75.85270966048385
 20
207.57644158790308
 10
75.37050583829898
 20
207.48461982218768
 10
74.88686420183767
 20
207.40070003745365
 10
74.40191423366086
 20
207.32470470105656
 10
73.91578576660154
 20
207.2566541587857
 10
73.4286089490054
 20
207.19656662941668
 10
72.94051420988683
 20
207.1444581998341
 10
72.45163222401005
 20
207.1003428207246
 10
71.9620938769043
 20
207.0642323028419
 10
71.47203022982255
 20
207.03613631384482
 10
70.9815724846533
 20
207.01606237570903
 10
70.49085194879461
 20
207.00401586271315
 10
70.0
 20
207.0
 10
69.5091480512054
 20
207.00401586271315
 10
69.01842751534672
 20
207.01606237570903
 10
68.52796977017746
 20
207.03613631384482
 10
68.03790612309571
 20
207.0642323028419
 10
67.54836777598996
 20
207.1003428207246
 10
67.05948579011319
 20
207.1444581998341
 10
66.5713910509946
 20
207.19656662941668
 10
66.08421423339846
 20
207.2566541587857
 10
65.59808576633915
 20
207.32470470105656
 10
65.11313579816235
 20
207.40070003745362
 10
64.62949416170102
 20
207.48461982218768
 10
64.14729033951616
 20
207.57644158790308
 10
63.66665342923105
 20
207.67614075169286
 10
63.18771210896881
 20
207.78369062168
 10
62.71059460290209
 20
207.8990624041637
 10
62.23542864692438
 20
208.02222521132796
 10
61.76234145445204
 20
208.15314606951114
 10
61.29145968236614
 20
208.29178992803372
 10
60.8229093971034
 20
208.43811966858226
 10
60.35681604090516
 20
208.59209611514683
 10
59.893304398233404
 20
208.75367804450937
 10
59.432498562363
 20
208.92282219728023
 10
58.9745219021589
 20
209.09948328947962
 10
58.519497029047315
 20
209.2836140246614
 10
58.067545764189674
 20
209.47516510657525
 10
57.61878910586816
 20
209.67408525236473
 10
57.173347197091545
 20
209.88032120629668
 10
56.73133929342997
 20
210.09381775401934
 10
56.29288373108738
 20
210.31451773734432
 10
55.858097895220084
 20
210.54236206954934
 10
55.42709818850981
 20
210.77728975119723
 10
55.00000000000001
 20
211.01923788646684
 10
54.57691767420335
 20
211.26814169999184
 10
54.15796448048896
 20
211.52393455420264
 10
53.74325258275746
 20
211.78654796716685
 10
53.33289300941194
 20
212.05591163092365
 10
52.92699562363306
 20
212.33195343030675
 10
52.52566909396594
 20
212.61459946225153
 10
52.129020865227
 20
212.90377405558064
 10
51.73715712973839
 20
213.19939979126295
 10
51.350182798897684
 20
213.5013975231405
 10
50.96820147509064
 20
213.80968639911788
 10
50.591315423954285
 20
214.12418388280835
 10
50.219625546997946
 20
214.44480577563067
 10
49.853231354589454
 20
214.7714662393512
 10
49.49223093931387
 20
215.1040778190649
 10
49.13672094971165
 20
215.44255146660905
 10
48.78679656440357
 20
215.78679656440357
 10
48.44255146660907
 20
216.13672094971164
 10
48.10407781906494
 20
216.49223093931386
 10
47.771466239351234
 20
216.85323135458944
 10
47.444805775630684
 20
217.21962554699792
 10
47.12418388280835
 20
217.59131542395428
 10
46.8096863991179
 20
217.96820147509064
 10
46.5013975231405
 20
218.35018279889766
 10
46.19939979126295
 20
218.73715712973836
 10
45.903774055580655
 20
219.129020865227
 10
45.61459946225155
 20
219.52566909396594
 10
45.331953430306754
 20
219.92699562363305
 10
45.055911630923646
 20
220.33289300941192
 10
44.78654796716687
 20
220.74325258275744
 10
44.52393455420264
 20
221.15796448048894
 10
44.268141699991844
 20
221.57691767420334
 10
44.01923788646685
 20
222.0
 10
43.77728975119724
 20
222.4270981885098
 10
43.542362069549355
 20
222.85809789522006
 10
43.31451773734432
 20
223.2928837310874
 10
43.093817754019355
 20
223.73133929342995
 10
42.880321206296706
 20
224.17334719709152
 10
42.67408525236473
 20
224.61878910586816
 10
42.47516510657526
 20
225.06754576418967
 10
42.2836140246614
 20
225.5194970290473
 10
42.099483289479636
 20
225.97452190215887
 10
41.92282219728023
 20
226.43249856236298
 10
41.75367804450938
 20
226.8933043982334
 10
41.59209611514683
 20
227.35681604090516
 10
41.438119668582274
 20
227.8229093971034
 10
41.29178992803374
 20
228.2914596823661
 10
41.15314606951114
 20
228.762341454452
 10
41.02222521132795
 20
229.23542864692436
 10
40.89906240416368
 20
229.7105946029021
 10
40.783690621679995
 20
230.18771210896878
 10
40.67614075169284
 20
230.66665342923102
 10
40.57644158790309
 20
231.14729033951613
 10
40.48461982218768
 20
231.62949416170102
 10
40.40070003745363
 20
232.11313579816235
 10
40.324704701056575
 20
232.59808576633912
 10
40.25665415878569
 20
233.08421423339843
 10
40.196566629416665
 20
233.5713910509946
 10
40.14445819983409
 20
234.05948579011317
 10
40.10034282072459
 20
234.54836777598996
 10
40.064232302841894
 20
235.0379061230957
 10
40.03613631384483
 20
235.52796977017744
 10
40.016062375709026
 20
236.0184275153467
 10
40.004015862713146
 20
236.5091480512054
 10
40.0
 20
237.0
 10
40.004015862713146
 20
237.49085194879459
 10
40.016062375709026
 20
237.98157248465327
 10
40.03613631384483
 20
238.47203022982254
 10
40.064232302841894
 20
238.96209387690428
 10
40.10034282072459
 20
239.45163222401004
 10
40.14445819983409
 20
239.9405142098868
 10
40.196566629416665
 20
240.4286089490054
 10
40.256654158785686
 20
240.91578576660154
 10
40.32470470105657
 20
241.40191423366085
 10
40.40070003745363
 20
241.88686420183765
 10
40.484619822187675
 20
242.37050583829898
 10
40.57644158790308
 20
242.85270966048384
 10
40.67614075169284
 20
243.33334657076895
 10
40.783690621679995
 20
243.8122878910312
 10
40.89906240416368
 20
244.2894053970979
 10
41.02222521132795
 20
244.7645713530756
 10
41.15314606951114
 20
245.23765854554796
 10
41.29178992803374
 20
245.70854031763386
 10
41.43811966858227
 20
246.17709060289658
 10
41.59209611514683
 20
246.64318395909484
 10
41.75367804450937
 20
247.1066956017666
 10
41.922822197280226
 20
247.567501437637
 10
42.099483289479636
 20
248.0254780978411
 10
42.28361402466139
 20
248.48050297095267
 10
42.475165106575254
 20
248.93245423581033
 10
42.67408525236472
 20
249.38121089413184
 10
42.8803212062967
 20
249.82665280290846
 10
43.09381775401935
 20
250.26866070657002
 10
43.31451773734431
 20
250.7071162689126
 10
43.54236206954934
 20
251.14190210477992
 10
43.77728975119723
 20
251.5729018114902
 10
44.01923788646684
 20
252.0
 10
44.26814169999184
 20
252.42308232579666
 10
44.523934554202626
 20
252.84203551951103
 10
44.786547967166854
 20
253.25674741724254
 10
45.05591163092363
 20
253.66710699058805
 10
45.33195343030674
 20
254.07300437636695
 10
45.61459946225153
 20
254.47433090603406
 10
45.90377405558064
 20
254.870979134773
 10
46.199399791262934
 20
255.2628428702616
 10
46.50139752314048
 20
255.6498172011023
 10
46.809686399117886
 20
256.03179852490933
 10
47.124183882808346
 20
256.4086845760457
 10
47.44480577563067
 20
256.7803744530021
 10
47.77146623935122
 20
257.14676864541053
 10
48.104077819064926
 20
257.50776906068614
 10
48.44255146660905
 20
257.8632790502883
 10
48.78679656440356
 20
258.2132034355964
 10
49.136720949711645
 20
258.5574485333909
 10
49.492230939313856
 20
258.89592218093503
 10
49.85323135458944
 20
259.22853376064876
 10
50.21962554699793
 20
259.5551942243693
 10
50.59131542395427
 20
259.8758161171916
 10
50.96820147509062
 20
260.1903136008821
 10
51.35018279889766
 20
260.4986024768595
 10
51.73715712973838
 20
260.800600208737
 10
52.129020865226984
 20
261.09622594441936
 10
52.52566909396593
 20
261.38540053774847
 10
52.92699562363305
 20
261.6680465696933
 10
53.33289300941191
 20
261.9440883690763
 10
53.74325258275744
 20
262.2134520328331
 10
54.15796448048894
 20
262.47606544579736
 10
54.576917674203344
 20
262.7318583000082
 10
54.999999999999986
 20
262.98076211353316
 10
55.427098188509774
 20
263.22271024880274
 10
55.85809789522006
 20
263.45763793045063
 10
56.292883731087365
 20
263.6854822626557
 10
56.73133929342996
 20
263.90618224598063
 10
57.17334719709152
 20
264.1196787937033
 10
57.61878910586814
 20
264.32591474763524
 10
58.06754576418966
 20
264.5248348934247
 10
58.51949702904729
 20
264.7163859753386
 10
58.97452190215889
 20
264.9005167105204
 10
59.43249856236298
 20
265.07717780271975
 10
59.893304398233376
 20
265.2463219554906
 10
60.356816040905144
 20
265.40790388485317
 10
60.82290939710338
 20
265.56188033141774
 10
61.291459682366124
 20
265.7082100719663
 10
61.76234145445202
 20
265.84685393048886
 10
62.235428646924355
 20
265.97777478867204
 10
62.71059460290208
 20
266.10093759583634
 10
63.18771210896879
 20
266.21630937832003
 10
63.66665342923102
 20
266.32385924830714
 10
64.14729033951615
 20
266.4235584120969
 10
64.629494161701
 20
266.5153801778123
 10
65.11313579816233
 20
266.59929996254635
 10
65.59808576633912
 20
266.6752952989434
 10
66.08421423339843
 20
266.7433458412143
 10
66.57139105099459
 20
266.8034333705833
 10
67.05948579011316
 20
266.8555418001659
 10
67.54836777598995
 20
266.89965717927544
 10
68.0379061230957
 20
266.9357676971581
 10
68.52796977017744
 20
266.96386368615515
 10
69.0184275153467
 20
266.98393762429095
 10
69.50914805120537
 20
266.9959841372869
 10
70.0
 20
267.0
 10
70.49085194879459
 20
266.9959841372869
 10
70.98157248465326
 20
266.98393762429095
 10
71.47203022982254
 20
266.96386368615515
 10
71.96209387690428
 20
266.9357676971581
 10
72.45163222401004
 20
266.89965717927544
 10
72.9405142098868
 20
266.8555418001659
 10
73.42860894900537
 20
266.8034333705833
 10
73.91578576660154
 20
266.7433458412143
 10
74.40191423366083
 20
266.6752952989434
 10
74.88686420183765
 20
266.59929996254635
 10
75.37050583829897
 20
266.51538017781235
 10
75.85270966048382
 20
266.4235584120969
 10
76.33334657076895
 20
266.32385924830714
 10
76.81228789103118
 20
266.21630937832003
 10
77.28940539709791
 20
266.10093759583634
 10
77.76457135307561
 20
265.97777478867204
 10
78.23765854554794
 20
265.84685393048886
 10
78.70854031763386
 20
265.7082100719663
 10
79.17709060289658
 20
265.56188033141774
 10
79.64318395909484
 20
265.40790388485317
 10
80.10669560176659
 20
265.24632195549066
 10
80.56750143763698
 20
265.0771778027198
 10
81.0254780978411
 20
264.9005167105204
 10
81.48050297095267
 20
264.7163859753386
 10
81.9324542358103
 20
264.5248348934247
 10
82.38121089413183
 20
264.3259147476353
 10
82.82665280290844
 20
264.1196787937033
 10
83.26866070657003
 20
263.90618224598063
 10
83.7071162689126
 20
263.6854822626557
 10
84.1419021047799
 20
263.4576379304507
 10
84.57290181149018
 20
263.22271024880274
 10
84.99999999999999
 20
262.98076211353316
 10
85.42308232579664
 20
262.7318583000082
 10
85.84203551951103
 20
262.47606544579736
 10
86.25674741724254
 20
262.2134520328332
 10
86.66710699058805
 20
261.9440883690764
 10
87.07300437636692
 20
261.6680465696933
 10
87.47433090603406
 20
261.38540053774847
 10
87.870979134773
 20
261.09622594441936
 10
88.2628428702616
 20
260.8006002087371
 10
88.64981720110231
 20
260.4986024768595
 10
89.03179852490935
 20
260.1903136008821
 10
89.40868457604572
 20
259.8758161171917
 10
89.78037445300205
 20
259.55519422436936
 10
90.14676864541053
 20
259.2285337606488
 10
90.50776906068613
 20
258.8959221809351
 10
90.86327905028833
 20
258.557448533391
 10
91.21320343559643
 20
258.2132034355964
 10
91.55744853339093
 20
257.8632790502884
 10
91.89592218093506
 20
257.50776906068614
 10
92.22853376064876
 20
257.1467686454106
 10
92.5551942243693
 20
256.7803744530021
 10
92.87581611719165
 20
256.40868457604574
 10
93.19031360088209
 20
256.0317985249094
 10
93.4986024768595
 20
255.64981720110234
 10
93.80060020873705
 20
255.26284287026164
 10
94.09622594441933
 20
254.87097913477302
 10
94.38540053774845
 20
254.47433090603408
 10
94.66804656969325
 20
254.07300437636695
 10
94.94408836907634
 20
253.66710699058808
 10
95.21345203283313
 20
253.25674741724256
 10
95.47606544579736
 20
252.84203551951106
 10
95.73185830000814
 20
252.42308232579668
 10
95.98076211353316
 20
252.0
 10
96.22271024880276
 20
251.57290181149023
 10
96.45763793045064
 20
251.14190210477994
 10
96.68548226265567
 20
250.70711626891264
 10
96.90618224598063
 20
250.26866070657007
 10
97.11967879370329
 20
249.82665280290848
 10
97.32591474763527
 20
249.38121089413187
 10
97.52483489342474
 20
248.93245423581033
 10
97.7163859753386
 20
248.4805029709527
 10
97.90051671052035
 20
248.02547809784113
 10
98.07717780271977
 20
247.56750143763702
 10
98.24632195549061
 20
247.10669560176663
 10
98.40790388485317
 20
246.64318395909487
 10
98.56188033141773
 20
246.1770906028966
 10
98.70821007196625
 20
245.7085403176339
 10
98.84685393048886
 20
245.237658545548
 10
98.97777478867204
 20
244.76457135307564
 10
99.10093759583631
 20
244.28940539709794
 10
99.21630937832
 20
243.81228789103122
 10
99.32385924830714
 20
243.33334657076898
 10
99.42355841209691
 20
242.85270966048387
 10
99.51538017781232
 20
242.370505838299
 10
99.59929996254637
 20
241.88686420183768
 10
99.67529529894342
 20
241.40191423366088
 10
99.7433458412143
 20
240.91578576660157
 10
99.80343337058333
 20
240.4286089490054
 10
99.85554180016591
 20
239.94051420988683
 10
99.89965717927541
 20
239.45163222401004
 10
99.9357676971581
 20
238.9620938769043
 10
99.96386368615516
 20
238.47203022982256
 10
99.98393762429097
 20
237.9815724846533
 10
99.99598413728685
 20
237.4908519487946
 10
100.0
 20
237.0
 10
99.99598413728685
 20
236.5091480512054
 10
99.98393762429097
 20
236.01842751534673
 10
99.96386368615518
 20
235.52796977017746
 10
99.9357676971581
 20
235.0379061230957
 10
99.89965717927541
 20
234.54836777598996
  0
LWPOLYLINE
  5
C3
330
17
100
AcDbEntity
  8
01-VISIBLE
100
AcDbPolyline
 90
373
 70
1
 10
89.86895558038889
 20
239.28573929933694
 10
89.8288972274762
 20
239.61052384440106
 10
89.78353019929563
 20
239.93460948910726
 10
89.73286664169758
 20
240.25790946789178
 10
89.67692011854155
 20
240.58033722553267
 10
89.6157056080646
 20
240.9018064403226
 10
89.54923949887143
 20
241.22223104717932
 10
89.47753958554667
 20
241.54152526068748
 10
89.40062506389089
 20
241.8596035980653
 10
89.31851652578136
 20
242.17638090205043
 10
89.23123595365924
 20
242.49177236369866
 10
89.13880671464418
 20
242.80569354508927
 10
89.04125355427848
 20
243.11806040193107
 10
88.9386025899021
 20
243.42878930606324
 10
88.8308813036604
 20
243.7377970678444
 10
88.71811853514652
 20
244.04500095842468
 10
88.60034447368024
 20
244.35031873189408
 10
88.47759065022572
 20
244.6536686473018
 10
88.34988992894982
 20
244.95496949054024
 10
88.2172764984235
 20
245.25414059608792
 10
88.07978586246887
 20
245.55110186860566
 10
87.93745483065376
 20
245.84577380438003
 10
87.79032150843712
 20
246.13807751260842
 10
87.63842528696709
 20
246.42793473651994
 10
87.48180683253517
 20
246.71526787432683
 10
87.32050807568876
 20
247.0
 10
87.15457220000543
 20
247.28205488386445
 10
86.98404363053157
 20
247.56135701300738
 10
86.80896802188876
 20
247.83783161149503
 10
86.6293922460509
 20
248.11140466039205
 10
86.44536437979549
 20
248.38200291757798
 10
86.2569336918323
 20
248.64955393735605
 10
86.0641506296129
 20
248.91398608984866
 10
85.86706680582469
 20
249.1752285801744
 10
85.66573498457299
 20
249.43321146740155
 10
85.46020906725474
 20
249.68786568327292
 10
85.25054407812776
 20
249.93912305069716
 10
85.03679614957954
 20
250.18691630200138
 10
84.81902250709918
 20
250.43117909694038
 10
84.5972814539567
 20
250.67184604045744
 10
84.37163235559396
 20
250.90885270019223
 10
84.14213562373095
 20
251.14213562373095
 10
83.90885270019223
 20
251.37163235559396
 10
83.67184604045742
 20
251.59728145395673
 10
83.43117909694035
 20
251.8190225070992
 10
83.18691630200136
 20
252.03679614957954
 10
82.93912305069715
 20
252.25054407812777
 10
82.6878656832729
 20
252.46020906725474
 10
82.43321146740155
 20
252.66573498457302
 10
82.1752285801744
 20
252.86706680582472
 10
81.91398608984866
 20
253.0641506296129
 10
81.64955393735605
 20
253.2569336918323
 10
81.38200291757795
 20
253.4453643797955
 10
81.11140466039204
 20
253.6293922460509
 10
80.83783161149502
 20
253.80896802188877
 10
80.56135701300735
 20
253.98404363053157
 10
80.28205488386443
 20
254.15457220000545
 10
79.99999999999999
 20
254.3205080756888
 10
79.7152678743268
 20
254.48180683253517
 10
79.42793473651994
 20
254.6384252869671
 10
79.1380775126084
 20
254.79032150843713
 10
78.84577380438002
 20
254.93745483065376
 10
78.55110186860563
 20
255.07978586246887
 10
78.2541405960879
 20
255.21727649842353
 10
77.95496949054021
 20
255.34988992894984
 10
77.65366864730179
 20
255.47759065022575
 10
77.35031873189406
 20
255.60034447368025
 10
77.04500095842465
 20
255.71811853514652
 10
76.7377970678444
 20
255.83088130366042
 10
76.42878930606324
 20
255.9386025899021
 10
76.11806040193106
 20
256.0412535542785
 10
75.80569354508924
 20
256.1388067146442
 10
75.49177236369863
 20
256.2312359536592
 10
75.17638090205041
 20
256.3185165257814
 10
74.85960359806528
 20
256.40062506389086
 10
74.54152526068745
 20
256.47753958554665
 10
74.22223104717929
 20
256.54923949887143
 10
73.90180644032255
 20
256.6157056080646
 10
73.58033722553265
 20
256.67692011854155
 10
73.25790946789178
 20
256.73286664169757
 10
72.93460948910722
 20
256.7835301992956
 10
72.61052384440103
 20
256.8288972274762
 10
72.28573929933691
 20
256.8689555803889
 10
71.9603428065912
 20
256.90369453344397
 10
71.63442148267336
 20
256.9331047861836
 10
71.30806258460285
 20
256.9571784647721
 10
71.0
 20
256.97484009513164
 10
71.0
 20
263.0
 10
69.0
 20
263.0
 10
69.0
 20
256.97484009513164
 10
68.69193741539712
 20
256.9571784647721
 10
68.36557851732663
 20
256.9331047861836
 10
68.03965719340877
 20
256.9036945334439
 10
67.71426070066306
 20
256.8689555803889
 10
67.38947615559896
 20
256.8288972274762
 10
67.06539051089275
 20
256.7835301992956
 10
66.74209053210822
 20
256.73286664169757
 10
66.41966277446733
 20
256.67692011854155
 10
66.09819355967743
 20
256.6157056080646
 10
65.77776895282068
 20
256.54923949887143
 10
65.45847473931252
 20
256.47753958554665
 10
65.14039640193472
 20
256.40062506389086
 10
64.82361909794957
 20
256.3185165257814
 10
64.50822763630134
 20
256.2312359536592
 10
64.19430645491074
 20
256.13880671464415
 10
63.88193959806892
 20
256.04125355427846
 10
63.57121069393676
 20
255.9386025899021
 10
63.26220293215559
 20
255.83088130366042
 10
62.95499904157532
 20
255.71811853514652
 10
62.64968126810593
 20
255.60034447368025
 10
62.34633135269819
 20
255.47759065022572
 10
62.04503050945978
 20
255.34988992894984
 10
61.74585940391209
 20
255.2172764984235
 10
61.44889813139435
 20
255.07978586246887
 10
61.15422619561997
 20
254.93745483065376
 10
60.861922487391574
 20
254.7903215084371
 10
60.57206526348004
 20
254.6384252869671
 10
60.28473212567319
 20
254.48180683253517
 10
59.99999999999999
 20
254.32050807568876
 10
59.71794511613557
 20
254.15457220000545
 10
59.43864298699263
 20
253.98404363053157
 10
59.16216838850496
 20
253.80896802188875
 10
58.88859533960794
 20
253.62939224605088
 10
58.61799708242203
 20
253.4453643797955
 10
58.350446062643954
 20
253.2569336918323
 10
58.08601391015132
 20
253.0641506296129
 10
57.82477141982558
 20
252.8670668058247
 10
57.56678853259844
 20
252.665734984573
 10
57.31213431672708
 20
252.46020906725474
 10
57.06087694930285
 20
252.25054407812777
 10
56.81308369799862
 20
252.03679614957954
 10
56.56882090305963
 20
251.8190225070992
 10
56.32815395954257
 20
251.5972814539567
 10
56.09114729980776
 20
251.37163235559396
 10
55.85786437626904
 20
251.14213562373095
 10
55.62836764440604
 20
250.90885270019223
 10
55.40271854604328
 20
250.6718460404574
 10
55.180977492900816
 20
250.43117909694035
 10
54.96320385042044
 20
250.18691630200138
 10
54.749455921872226
 20
249.93912305069713
 10
54.53979093274526
 20
249.68786568327292
 10
54.334265015426986
 20
249.43321146740155
 10
54.132933194175294
 20
249.1752285801744
 10
53.935849370387096
 20
248.91398608984866
 10
53.743066308167684
 20
248.64955393735602
 10
53.55463562020449
 20
248.38200291757795
 10
53.37060775394909
 20
248.11140466039205
 10
53.19103197811123
 20
247.83783161149503
 10
53.01595636946841
 20
247.56135701300735
 10
52.84542779999455
 20
247.28205488386442
 10
52.67949192431122
 20
247.0
 10
52.518193167464815
 20
246.7152678743268
 10
52.361574713032894
 20
246.42793473651994
 10
52.209678491562876
 20
246.1380775126084
 10
52.06254516934624
 20
245.84577380438003
 10
51.92021413753113
 20
245.55110186860563
 10
51.782723501576484
 20
245.2541405960879
 10
51.65011007105017
 20
244.9549694905402
 10
51.522409349774264
 20
244.65366864730177
 10
51.399655526319755
 20
244.35031873189408
 10
51.281881464853484
 20
244.04500095842465
 10
51.16911869633958
 20
243.73779706784438
 10
51.06139741009788
 20
243.4287893060632
 10
50.958746445721516
 20
243.11806040193105
 10
50.861193285355824
 20
242.80569354508924
 10
50.76876404634076
 20
242.49177236369863
 10
50.68148347421863
 20
242.1763809020504
 10
50.599374936109115
 20
241.85960359806526
 10
50.52246041445333
 20
241.54152526068745
 10
50.45076050112856
 20
241.2222310471793
 10
50.384294391935384
 20
240.90180644032256
 10
50.323079881458455
 20
240.58033722553265
 10
50.26713335830242
 20
240.25790946789175
 10
50.21646980070438
 20
239.93460948910723
 10
50.17110277252379
 20
239.61052384440103
 10
50.131044419611115
 20
239.2857392993369
 10
50.09630546655606
 20
238.9603428065912
 10
50.066895213816395
 20
238.63442148267336
 10
50.04282153522793
 20
238.30806258460285
 10
50.025159904868374
 20
238.0
 10
44.0
 20
238.0
 10
44.0
 20
236.0
 10
50.025159904868374
 20
236.0
 10
50.04282153522793
 20
235.69193741539712
 10
50.066895213816395
 20
235.36557851732664
 10
50.09630546655606
 20
235.03965719340877
 10
50.131044419611115
 20
234.71426070066306
 10
50.171102772523795
 20
234.38947615559897
 10
50.21646980070438
 20
234.06539051089277
 10
50.26713335830242
 20
233.74209053210822
 10
50.323079881458455
 20
233.41966277446735
 10
50.38429439193539
 20
233.09819355967744
 10
50.45076050112856
 20
232.77776895282068
 10
50.522460414453334
 20
232.45847473931252
 10
50.59937493610912
 20
232.1403964019347
 10
50.68148347421864
 20
231.82361909794957
 10
50.76876404634076
 20
231.50822763630134
 10
50.861193285355824
 20
231.19430645491076
 10
50.958746445721516
 20
230.88193959806893
 10
51.06139741009789
 20
230.57121069393676
 10
51.16911869633959
 20
230.2622029321556
 10
51.28188146485349
 20
229.95499904157532
 10
51.39965552631976
 20
229.64968126810592
 10
51.522409349774264
 20
229.3463313526982
 10
51.65011007105018
 20
229.04503050945976
 10
51.782723501576484
 20
228.7458594039121
 10
51.92021413753113
 20
228.44889813139434
 10
52.06254516934624
 20
228.15422619561997
 10
52.20967849156288
 20
227.86192248739158
 10
52.3615747130329
 20
227.57206526348006
 10
52.51819316746483
 20
227.2847321256732
 10
52.67949192431123
 20
227.0
 10
52.84542779999457
 20
226.71794511613555
 10
53.01595636946843
 20
226.43864298699265
 10
53.19103197811124
 20
226.16216838850497
 10
53.3706077539491
 20
225.88859533960795
 10
53.55463562020451
 20
225.61799708242202
 10
53.7430663081677
 20
225.35044606264395
 10
53.9358493703871
 20
225.08601391015134
 10
54.1329331941753
 20
224.8247714198256
 10
54.33426501542699
 20
224.56678853259845
 10
54.53979093274526
 20
224.31213431672708
 10
54.74945592187224
 20
224.06087694930284
 10
54.963203850420456
 20
223.81308369799862
 10
55.18097749290082
 20
223.56882090305962
 10
55.40271854604329
 20
223.32815395954256
 10
55.62836764440604
 20
223.09114729980777
 10
55.85786437626905
 20
222.85786437626905
 10
56.09114729980777
 20
222.62836764440604
 10
56.328153959542576
 20
222.40271854604327
 10
56.56882090305964
 20
222.1809774929008
 10
56.81308369799863
 20
221.96320385042046
 10
57.06087694930285
 20
221.74945592187223
 10
57.3121343167271
 20
221.53979093274526
 10
57.56678853259846
 20
221.33426501542698
 10
57.824771419825595
 20
221.13293319417528
 10
58.08601391015134
 20
220.9358493703871
 10
58.35044606264396
 20
220.7430663081677
 10
58.617997082422036
 20
220.5546356202045
 10
58.88859533960796
 20
220.3706077539491
 10
59.16216838850497
 20
220.19103197811123
 10
59.43864298699264
 20
220.01595636946843
 10
59.71794511613557
 20
219.84542779999455
 10
60.0
 20
219.67949192431124
 10
60.2847321256732
 20
219.51819316746483
 10
60.572065263480056
 20
219.3615747130329
 10
60.86192248739159
 20
219.20967849156287
 10
61.15422619561998
 20
219.06254516934624
 10
61.44889813139436
 20
218.92021413753113
 10
61.74585940391211
 20
218.78272350157647
 10
62.045030509459785
 20
218.65011007105016
 10
62.34633135269821
 20
218.52240934977425
 10
62.64968126810593
 20
218.39965552631975
 10
62.954999041575334
 20
218.28188146485348
 10
63.2622029321556
 20
218.16911869633958
 10
63.57121069393677
 20
218.0613974100979
 10
63.88193959806894
 20
217.95874644572152
 10
64.19430645491076
 20
217.86119328535582
 10
64.50822763630136
 20
217.76876404634075
 10
64.82361909794959
 20
217.68148347421862
 10
65.14039640193472
 20
217.59937493610911
 10
65.45847473931254
 20
217.52246041445332
 10
65.77776895282071
 20
217.45076050112857
 10
66.09819355967744
 20
217.38429439193538
 10
66.41966277446735
 20
217.32307988145845
 10
66.74209053210824
 20
217.26713335830243
 10
67.06539051089277
 20
217.21646980070437
 10
67.38947615559897
 20
217.1711027725238
 10
67.71426070066308
 20
217.1310444196111
 10
68.03965719340879
 20
217.09630546655606
 10
68.36557851732664
 20
217.0668952138164
 10
68.69193741539713
 20
217.04282153522792
 10
69.0
 20
217.0251599048684
 10
69.0
 20
211.0
 10
71.0
 20
211.0
 10
71.0
 20
217.0251599048684
 10
71.30806258460287
 20
217.04282153522792
 10
71.63442148267336
 20
217.0668952138164
 10
71.96034280659121
 20
217.09630546655606
 10
72.28573929933694
 20
217.1310444196111
 10
72.61052384440103
 20
217.1711027725238
 10
72.93460948910725
 20
217.21646980070437
 10
73.25790946789178
 20
217.26713335830243
 10
73.58033722553266
 20
217.32307988145845
 10
73.90180644032256
 20
217.38429439193538
 10
74.2222310471793
 20
217.45076050112857
 10
74.54152526068746
 20
217.52246041445332
 10
74.85960359806528
 20
217.59937493610911
 10
75.17638090205043
 20
217.68148347421862
 10
75.49177236369864
 20
217.76876404634078
 10
75.80569354508926
 20
217.86119328535582
 10
76.11806040193107
 20
217.95874644572152
 10
76.42878930606324
 20
218.0613974100979
 10
76.73779706784441
 20
218.16911869633958
 10
77.04500095842467
 20
218.28188146485348
 10
77.35031873189408
 20
218.39965552631975
 10
77.6536686473018
 20
218.52240934977425
 10
77.95496949054022
 20
218.65011007105016
 10
78.2541405960879
 20
218.7827235015765
 10
78.55110186860564
 20
218.92021413753113
 10
78.84577380438003
 20
219.06254516934624
 10
79.13807751260842
 20
219.20967849156287
 10
79.42793473651996
 20
219.3615747130329
 10
79.7152678743268
 20
219.51819316746483
 10
80.0
 20
219.67949192431124
 10
80.28205488386443
 20
219.84542779999455
 10
80.56135701300737
 20
220.01595636946843
 10
80.83783161149503
 20
220.19103197811125
 10
81.11140466039205
 20
220.3706077539491
 10
81.38200291757796
 20
220.5546356202045
 10
81.64955393735605
 20
220.7430663081677
 10
81.91398608984866
 20
220.9358493703871
 10
82.1752285801744
 20
221.1329331941753
 10
82.43321146740155
 20
221.33426501542698
 10
82.68786568327292
 20
221.53979093274526
 10
82.93912305069715
 20
221.74945592187223
 10
83.18691630200138
 20
221.96320385042046
 10
83.43117909694037
 20
222.1809774929008
 10
83.67184604045742
 20
222.40271854604327
 10
83.90885270019223
 20
222.62836764440604
 10
84.14213562373095
 20
222.85786437626905
 10
84.37163235559396
 20
223.09114729980777
 10
84.59728145395671
 20
223.3281539595426
 10
84.81902250709918
 20
223.56882090305965
 10
85.03679614957954
 20
223.81308369799862
 10
85.25054407812776
 20
224.06087694930287
 10
85.46020906725474
 20
224.31213431672708
 10
85.665734984573
 20
224.56678853259845
 10
85.8670668058247
 20
224.8247714198256
 10
86.0641506296129
 20
225.08601391015134
 10
86.2569336918323
 20
225.35044606264395
 10
86.4453643797955
 20
225.61799708242205
 10
86.62939224605091
 20
225.88859533960795
 10
86.80896802188876
 20
226.16216838850497
 10
86.98404363053157
 20
226.43864298699265
 10
87.15457220000545
 20
226.71794511613558
 10
87.32050807568878
 20
227.0
 10
87.48180683253517
 20
227.2847321256732
 10
87.6384252869671
 20
227.57206526348006
 10
87.79032150843712
 20
227.86192248739158
 10
87.93745483065376
 20
228.15422619561997
 10
88.07978586246887
 20
228.44889813139437
 10
88.21727649842352
 20
228.7458594039121
 10
88.34988992894984
 20
229.0450305094598
 10
88.47759065022574
 20
229.3463313526982
 10
88.60034447368025
 20
229.64968126810592
 10
88.71811853514652
 20
229.95499904157532
 10
88.83088130366042
 20
230.2622029321556
 10
88.93860258990212
 20
230.57121069393676
 10
89.04125355427848
 20
230.88193959806893
 10
89.13880671464418
 20
231.19430645491076
 10
89.23123595365924
 20
231.50822763630134
 10
89.31851652578136
 20
231.82361909794957
 10
89.40062506389089
 20
232.1403964019347
 10
89.47753958554668
 20
232.45847473931255
 10
89.54923949887143
 20
232.7777689528207
 10
89.61570560806462
 20
233.09819355967744
 10
89.67692011854155
 20
233.41966277446735
 10
89.73286664169758
 20
233.74209053210822
 10
89.78353019929563
 20
234.06539051089277
 10
89.8288972274762
 20
234.38947615559897
 10
89.86895558038889
 20
234.71426070066306
 10
89.90369453344394
 20
235.0396571934088
 10
89.9331047861836
 20
235.36557851732664
 10
89.95717846477207
 20
235.69193741539715
 10
89.97484009513163
 20
236.0
 10
96.0
 20
236.0
 10
96.0
 20
238.0
 10
89.97484009513163
 20
238.0
 10
89.95717846477207
 20
238.30806258460288
 10
89.9331047861836
 20
238.63442148267336
 10
89.90369453344394
 20
238.96034280659123
 10
89.86895558038889
 20
239.28573929933694
  0
LINE
  5
C4
330
17
100
AcDbEntity
  8
03-EJE
100
AcDbLine
 10
36.0
 20
237.0
 30
0.0
 11
104.0
 21
237.0
 31
0.0
  0
LINE
  5
C5
330
17
100
AcDbEntity
  8
03-EJE
100
AcDbLine
 10
70.0
 20
203.0
 30
0.0
 11
70.0
 21
271.0
 31
0.0
  0
DIMENSION
  5
C6
330
17
100
AcDbEntity
  8
04-COTA
100
AcDbDimension
280
0
  2
*D1
  3
FLAMA-IRAM
 10
50.0
 20
245.0
 30
0.0
 11
70.0
 21
247.75
 31
0.0
 70
32
 71
5
  1
<>
100
AcDbAlignedDimension
 13
50.0
 23
245.0
 33
0.0
 14
90.0
 24
245.0
 34
0.0
 50
0.0
100
AcDbRotatedDimension
1001
ACAD
1000
DSTYLE
1002
{
1070
144
1040
1.0
1070
3
1000
%%c<>
1002
}
  0
TEXT
  5
D5
330
17
100
AcDbEntity
  8
06-TEXTO
100
AcDbText
 10
40.0
 20
198.0
 30
0.0
 40
3.5
  1
PLANTA - anillo plano (1:1)
  7
ISO3098
 11
40.0
 21
198.0
 31
0.0
100
AcDbText
 73
1
  0
TEXT
  5
D6
330
17
100
AcDbEntity
  8
06-TEXTO
100
AcDbText
 10
40.0
 20
193.0
 30
0.0
 40
2.5
  1
color 2026 (dígito 6): LILA
  7
ISO3098
 11
40.0
 21
193.0
 31
0.0
100
AcDbText
 73
1
  0
LINE
  5
D7
330
17
100
AcDbEntity
  8
08-FINA
100
AcDbLine
 10
93.0
 20
238.0
 30
0.0
 11
82.0
 21
273.0
 31
0.0
  0
HATCH
  5
D8
330
17
100
AcDbEntity
  8
08-FINA
 62
7
100
AcDbHatch
 10
0.0
 20
0.0
 30
0.0
210
0.0
220
0.0
230
1.0
  2
SOLID
 70
1
 71
0
 91
1
 92
3
 72
0
 73
1
 93
3
 10
93.0
 20
238.0
 10
92.63203099490951
 20
240.5049149309493
 10
91.86883602138852
 20
240.26505365355698
 97
0
 75
1
 76
1
 98
0
  0
LINE
  5
D9
330
17
100
AcDbEntity
  8
08-FINA
100
AcDbLine
 10
82.0
 20
273.0
 30
0.0
 11
37.0
 21
273.0
 31
0.0
  0
TEXT
  5
DA
330
17
100
AcDbEntity
  8
06-TEXTO
100
AcDbText
 10
59.5
 20
273.8
 30
0.0
 40
2.5
  1
4 entallas radiales a 90°
  7
ISO3098
 72
1
 11
59.5
 21
273.8
 31
0.0
100
AcDbText
 73
1
  0
HATCH
  5
DB
330
17
100
AcDbEntity
  8
05-RAYADO
 62
7
100
AcDbHatch
 10
0.0
 20
0.0
 30
0.0
210
0.0
220
0.0
230
1.0
  2
ANSI31
 70
0
 71
0
 91
1
 92
3
 72
0
 73
1
 93
4
 10
137.0
 20
255.0
 10
137.0
 20
259.0
 10
117.0
 20
259.0
 10
117.0
 20
255.0
 97
0
 75
1
 76
1
 52
45.0
 41
0.31496062992125984
 77
0
 78
1
 53
90.0
 43
0.0
 44
0.0
 45
-1.0
 46
0.0
 79
0
 98
0
  0
LWPOLYLINE
  5
DC
330
17
100
AcDbEntity
  8
01-VISIBLE
100
AcDbPolyline
 90
5
 70
1
 10
137.0
 20
255.0
 10
137.0
 20
259.0
 10
117.0
 20
259.0
 10
117.0
 20
255.0
 10
137.0
 20
255.0
  0
HATCH
  5
DD
330
17
100
AcDbEntity
  8
05-RAYADO
 62
7
100
AcDbHatch
 10
0.0
 20
0.0
 30
0.0
210
0.0
220
0.0
230
1.0
  2
ANSI31
 70
0
 71
0
 91
1
 92
3
 72
0
 73
1
 93
4
 10
237.0
 20
255.0
 10
237.0
 20
259.0
 10
217.0
 20
259.0
 10
217.0
 20
255.0
 97
0
 75
1
 76
1
 52
45.0
 41
0.31496062992125984
 77
0
 78
1
 53
90.0
 43
0.0
 44
0.0
 45
-1.0
 46
0.0
 79
0
 98
0
  0
LWPOLYLINE
  5
DE
330
17
100
AcDbEntity
  8
01-VISIBLE
100
AcDbPolyline
 90
5
 70
1
 10
237.0
 20
255.0
 10
237.0
 20
259.0
 10
217.0
 20
259.0
 10
217.0
 20
255.0
 10
237.0
 20
255.0
  0
LINE
  5
DF
330
17
100
AcDbEntity
  8
08-FINA
100
AcDbLine
 10
137.0
 20
255.0
 30
0.0
 11
217.0
 21
255.0
 31
0.0
  0
LINE
  5
E0
330
17
100
AcDbEntity
  8
08-FINA
100
AcDbLine
 10
137.0
 20
259.0
 30
0.0
 11
217.0
 21
259.0
 31
0.0
  0
DIMENSION
  5
E1
330
17
100
AcDbEntity
  8
04-COTA
100
AcDbDimension
280
0
  2
*D2
  3
FLAMA-IRAM
 10
117.0
 20
246.0
 30
0.0
 11
127.0
 21
248.75
 31
0.0
 70
32
 71
5
  1
a
100
AcDbAlignedDimension
 13
117.0
 23
253.0
 33
0.0
 14
137.0
 24
253.0
 34
0.0
 50
0.0
100
AcDbRotatedDimension
1001
ACAD
1000
DSTYLE
1002
{
1070
144
1040
0.5
1002
}
  0
DIMENSION
  5
F0
330
17
100
AcDbEntity
  8
04-COTA
100
AcDbDimension
280
0
  2
*D3
  3
FLAMA-IRAM
 10
137.0
 20
246.0
 30
0.0
 11
177.0
 21
248.75
 31
0.0
 70
32
 71
5
  1
%%cD
100
AcDbAlignedDimension
 13
137.0
 23
253.0
 33
0.0
 14
217.0
 24
253.0
 34
0.0
 50
0.0
100
AcDbRotatedDimension
1001
ACAD
1000
DSTYLE
1002
{
1070
144
1040
0.5
1002
}
  0
DIMENSION
  5
FF
330
17
100
AcDbEntity
  8
04-COTA
100
AcDbDimension
280
0
  2
*D4
  3
FLAMA-IRAM
 10
244.0
 20
255.0
 30
0.0
 11
241.25
 21
257.0
 31
0.0
 70
32
 71
5
  1
e
100
AcDbAlignedDimension
 13
237.0
 23
255.0
 33
0.0
 14
237.0
 24
259.0
 34
0.0
 50
90.0
100
AcDbRotatedDimension
1001
ACAD
1000
DSTYLE
1002
{
1070
144
1040
0.5
1002
}
  0
TEXT
  5
10E
330
17
100
AcDbEntity
  8
06-TEXTO
100
AcDbText
 10
117.0
 20
267.0
 30
0.0
 40
3.5
  1
CORTE - anillo plano
  7
ISO3098
 11
117.0
 21
267.0
 31
0.0
100
AcDbText
 73
1
  0
HATCH
  5
10F
330
17
100
AcDbEntity
  8
05-RAYADO
 62
7
100
AcDbHatch
 10
0.0
 20
0.0
 30
0.0
210
0.0
220
0.0
230
1.0
  2
ANSI31
 70
0
 71
0
 91
1
 92
3
 72
0
 73
1
 93
4
 10
121.0
 20
210.0
 10
125.0
 20
210.0
 10
133.0
 20
230.0
 10
129.0
 20
230.0
 97
0
 75
1
 76
1
 52
45.0
 41
0.31496062992125984
 77
0
 78
1
 53
90.0
 43
0.0
 44
0.0
 45
-1.0
 46
0.0
 79
0
 98
0
  0
LWPOLYLINE
  5
110
330
17
100
AcDbEntity
  8
01-VISIBLE
100
AcDbPolyline
 90
5
 70
1
 10
121.0
 20
210.0
 10
125.0
 20
210.0
 10
133.0
 20
230.0
 10
129.0
 20
230.0
 10
121.0
 20
210.0
  0
HATCH
  5
111
330
17
100
AcDbEntity
  8
05-RAYADO
 62
7
100
AcDbHatch
 10
0.0
 20
0.0
 30
0.0
210
0.0
220
0.0
230
1.0
  2
ANSI31
 70
0
 71
0
 91
1
 92
3
 72
0
 73
1
 93
4
 10
205.0
 20
210.0
 10
209.0
 20
210.0
 10
201.0
 20
230.0
 10
197.0
 20
230.0
 97
0
 75
1
 76
1
 52
45.0
 41
0.31496062992125984
 77
0
 78
1
 53
90.0
 43
0.0
 44
0.0
 45
-1.0
 46
0.0
 79
0
 98
0
  0
LWPOLYLINE
  5
112
330
17
100
AcDbEntity
  8
01-VISIBLE
100
AcDbPolyline
 90
5
 70
1
 10
205.0
 20
210.0
 10
209.0
 20
210.0
 10
201.0
 20
230.0
 10
197.0
 20
230.0
 10
205.0
 20
210.0
  0
DIMENSION
  5
113
330
17
100
AcDbEntity
  8
04-COTA
100
AcDbDimension
280
0
  2
*D5
  3
FLAMA-IRAM
 10
129.0
 20
237.0
 30
0.0
 11
165.0
 21
239.75
 31
0.0
 70
32
 71
5
  1
%%cD
100
AcDbAlignedDimension
 13
129.0
 23
230.0
 33
0.0
 14
201.0
 24
230.0
 34
0.0
 50
0.0
100
AcDbRotatedDimension
1001
ACAD
1000
DSTYLE
1002
{
1070
144
1040
0.5
1002
}
  0
DIMENSION
  5
122
330
17
100
AcDbEntity
  8
04-COTA
100
AcDbDimension
280
0
  2
*D6
  3
FLAMA-IRAM
 10
216.0
 20
210.0
 30
0.0
 11
213.25
 21
220.0
 31
0.0
 70
32
 71
5
  1
<>
100
AcDbAlignedDimension
 13
209.0
 23
210.0
 33
0.0
 14
209.0
 24
230.0
 34
0.0
 50
90.0
100
AcDbRotatedDimension
1001
ACAD
1000
DSTYLE
1002
{
1070
144
1040
0.5
1002
}
  0
DIMENSION
  5
131
330
17
100
AcDbEntity
  8
04-COTA
100
AcDbDimension
280
0
  2
*D7
  3
FLAMA-IRAM
 10
121.0
 20
202.0
 30
0.0
 11
123.0
 21
204.75
 31
0.0
 70
32
 71
5
  1
<>
100
AcDbAlignedDimension
 13
121.0
 23
208.0
 33
0.0
 14
125.0
 24
208.0
 34
0.0
 50
0.0
100
AcDbRotatedDimension
1001
ACAD
1000
DSTYLE
1002
{
1070
144
1040
0.5
1002
}
  0
TEXT
  5
140
330
17
100
AcDbEntity
  8
06-TEXTO
100
AcDbText
 10
117.0
 20
196.0
 30
0.0
 40
3.5
  1
CORTE - anillo cónico
  7
ISO3098
 11
117.0
 21
196.0
 31
0.0
100
AcDbText
 73
1
  0
LWPOLYLINE
  5
141
330
17
100
AcDbEntity
  8
10-ROTULO
100
AcDbPolyline
 90
4
 70
1
 10
30.0
 20
175.4
 10
106.0
 20
175.4
 10
106.0
 20
180.0
 10
30.0
 20
180.0
  0
TEXT
  5
142
330
17
100
AcDbEntity
  8
06-TEXTO
100
AcDbText
 10
68.0
 20
177.7
 30
0.0
 40
3.5
  1
MEDIDAS DEL MARBETE
  7
ISO3098
 72
1
 11
68.0
 21
177.7
 31
0.0
100
AcDbText
 73
2
  0
LWPOLYLINE
  5
143
330
17
100
AcDbEntity
  8
10-ROTULO
100
AcDbPolyline
 90
4
 70
1
 10
30.0
 20
170.8
 10
58.0
 20
170.8
 10
58.0
 20
175.4
 10
30.0
 20
175.4
  0
TEXT
  5
144
330
17
100
AcDbEntity
  8
06-TEXTO
100
AcDbText
 10
31.5
 20
173.1
 30
0.0
 40
2.5
  1
Medida
  7
ISO3098
 11
31.5
 21
173.1
 31
0.0
100
AcDbText
 73
2
  0
LWPOLYLINE
  5
145
330
17
100
AcDbEntity
  8
10-ROTULO
100
AcDbPolyline
 90
4
 70
1
 10
58.0
 20
170.8
 10
106.0
 20
170.8
 10
106.0
 20
175.4
 10
58.0
 20
175.4
  0
TEXT
  5
146
330
17
100
AcDbEntity
  8
06-TEXTO
100
AcDbText
 10
82.0
 20
173.1
 30
0.0
 40
2.5
  1
Valor (figura 9)
  7
ISO3098
 72
1
 11
82.0
 21
173.1
 31
0.0
100
AcDbText
 73
2
  0
LWPOLYLINE
  5
147
330
17
100
AcDbEntity
  8
10-ROTULO
100
AcDbPolyline
 90
4
 70
1
 10
30.0
 20
166.20000000000002
 10
58.0
 20
166.20000000000002
 10
58.0
 20
170.8
 10
30.0
 20
170.8
  0
TEXT
  5
148
330
17
100
AcDbEntity
  8
06-TEXTO
100
AcDbText
 10
31.5
 20
168.5
 30
0.0
 40
2.5
  1
D interior
  7
ISO3098
 11
31.5
 21
168.5
 31
0.0
100
AcDbText
 73
2
  0
LWPOLYLINE
  5
149
330
17
100
AcDbEntity
  8
10-ROTULO
100
AcDbPolyline
 90
4
 70
1
 10
58.0
 20
166.20000000000002
 10
106.0
 20
166.20000000000002
 10
106.0
 20
170.8
 10
58.0
 20
170.8
  0
TEXT
  5
14A
330
17
100
AcDbEntity
  8
06-TEXTO
100
AcDbText
 10
82.0
 20
168.5
 30
0.0
 40
1.8
  1
33 - 36 - 40 - 50 ± 1 mm
  7
ISO3098
 72
1
 11
82.0
 21
168.5
 31
0.0
100
AcDbText
 73
2
  0
LWPOLYLINE
  5
14B
330
17
100
AcDbEntity
  8
10-ROTULO
100
AcDbPolyline
 90
4
 70
1
 10
30.0
 20
161.60000000000002
 10
58.0
 20
161.60000000000002
 10
58.0
 20
166.20000000000002
 10
30.0
 20
166.20000000000002
  0
TEXT
  5
14C
330
17
100
AcDbEntity
  8
06-TEXTO
100
AcDbText
 10
31.5
 20
163.9
 30
0.0
 40
2.5
  1
a (ancho)
  7
ISO3098
 11
31.5
 21
163.9
 31
0.0
100
AcDbText
 73
2
  0
LWPOLYLINE
  5
14D
330
17
100
AcDbEntity
  8
10-ROTULO
100
AcDbPolyline
 90
4
 70
1
 10
58.0
 20
161.60000000000002
 10
106.0
 20
161.60000000000002
 10
106.0
 20
166.20000000000002
 10
58.0
 20
166.20000000000002
  0
TEXT
  5
14E
330
17
100
AcDbEntity
  8
06-TEXTO
100
AcDbText
 10
82.0
 20
163.9
 30
0.0
 40
2.5
  1
10 mm (1 kg: 5 mm)
  7
ISO3098
 72
1
 11
82.0
 21
163.9
 31
0.0
100
AcDbText
 73
2
  0
LWPOLYLINE
  5
14F
330
17
100
AcDbEntity
  8
10-ROTULO
100
AcDbPolyline
 90
4
 70
1
 10
30.0
 20
157.00000000000003
 10
58.0
 20
157.00000000000003
 10
58.0
 20
161.60000000000002
 10
30.0
 20
161.60000000000002
  0
TEXT
  5
150
330
17
100
AcDbEntity
  8
06-TEXTO
100
AcDbText
 10
31.5
 20
159.3
 30
0.0
 40
2.5
  1
e (espesor)
  7
ISO3098
 11
31.5
 21
159.3
 31
0.0
100
AcDbText
 73
2
  0
LWPOLYLINE
  5
151
330
17
100
AcDbEntity
  8
10-ROTULO
100
AcDbPolyline
 90
4
 70
1
 10
58.0
 20
157.00000000000003
 10
106.0
 20
157.00000000000003
 10
106.0
 20
161.60000000000002
 10
58.0
 20
161.60000000000002
  0
TEXT
  5
152
330
17
100
AcDbEntity
  8
06-TEXTO
100
AcDbText
 10
82.0
 20
159.3
 30
0.0
 40
2.5
  1
2 mm (CO2: 5 a 10 mm)
  7
ISO3098
 72
1
 11
82.0
 21
159.3
 31
0.0
100
AcDbText
 73
2
  0
LWPOLYLINE
  5
153
330
17
100
AcDbEntity
  8
10-ROTULO
100
AcDbPolyline
 90
4
 70
1
 10
30.0
 20
152.40000000000003
 10
58.0
 20
152.40000000000003
 10
58.0
 20
157.00000000000003
 10
30.0
 20
157.00000000000003
  0
TEXT
  5
154
330
17
100
AcDbEntity
  8
06-TEXTO
100
AcDbText
 10
31.5
 20
154.70000000000002
 30
0.0
 40
2.5
  1
Cónico
  7
ISO3098
 11
31.5
 21
154.70000000000002
 31
0.0
100
AcDbText
 73
2
  0
LWPOLYLINE
  5
155
330
17
100
AcDbEntity
  8
10-ROTULO
100
AcDbPolyline
 90
4
 70
1
 10
58.0
 20
152.40000000000003
 10
106.0
 20
152.40000000000003
 10
106.0
 20
157.00000000000003
 10
58.0
 20
157.00000000000003
  0
TEXT
  5
156
330
17
100
AcDbEntity
  8
06-TEXTO
100
AcDbText
 10
82.0
 20
154.70000000000002
 30
0.0
 40
2.5
  1
altura 10, pared 2
  7
ISO3098
 72
1
 11
82.0
 21
154.70000000000002
 31
0.0
100
AcDbText
 73
2
  0
LWPOLYLINE
  5
157
330
17
100
AcDbEntity
  8
10-ROTULO
100
AcDbPolyline
 90
4
 70
1
 10
30.0
 20
147.80000000000004
 10
58.0
 20
147.80000000000004
 10
58.0
 20
152.40000000000003
 10
30.0
 20
152.40000000000003
  0
TEXT
  5
158
330
17
100
AcDbEntity
  8
06-TEXTO
100
AcDbText
 10
31.5
 20
150.10000000000002
 30
0.0
 40
2.5
  1
Entallas
  7
ISO3098
 11
31.5
 21
150.10000000000002
 31
0.0
100
AcDbText
 73
2
  0
LWPOLYLINE
  5
159
330
17
100
AcDbEntity
  8
10-ROTULO
100
AcDbPolyline
 90
4
 70
1
 10
58.0
 20
147.80000000000004
 10
106.0
 20
147.80000000000004
 10
106.0
 20
152.40000000000003
 10
58.0
 20
152.40000000000003
  0
TEXT
  5
15A
330
17
100
AcDbEntity
  8
06-TEXTO
100
AcDbText
 10
82.0
 20
150.10000000000002
 30
0.0
 40
2.5
  1
4 a 90°
  7
ISO3098
 72
1
 11
82.0
 21
150.10000000000002
 31
0.0
100
AcDbText
 73
2
  0
LWPOLYLINE
  5
15B
330
17
100
AcDbEntity
  8
10-ROTULO
100
AcDbPolyline
 90
4
 70
1
 10
30.0
 20
140.6
 10
106.0
 20
140.6
 10
106.0
 20
145.0
 10
30.0
 20
145.0
  0
TEXT
  5
15C
330
17
100
AcDbEntity
  8
06-TEXTO
100
AcDbText
 10
68.0
 20
142.8
 30
0.0
 40
3.5
  1
COLOR ANUAL (tabla 4)
  7
ISO3098
 72
1
 11
68.0
 21
142.8
 31
0.0
100
AcDbText
 73
2
  0
LWPOLYLINE
  5
15D
330
17
100
AcDbEntity
  8
10-ROTULO
100
AcDbPolyline
 90
4
 70
1
 10
30.0
 20
136.2
 10
68.0
 20
136.2
 10
68.0
 20
140.6
 10
30.0
 20
140.6
  0
TEXT
  5
15E
330
17
100
AcDbEntity
  8
06-TEXTO
100
AcDbText
 10
31.5
 20
138.4
 30
0.0
 40
2.5
  1
Año terminado en
  7
ISO3098
 11
31.5
 21
138.4
 31
0.0
100
AcDbText
 73
2
  0
LWPOLYLINE
  5
15F
330
17
100
AcDbEntity
  8
10-ROTULO
100
AcDbPolyline
 90
4
 70
1
 10
68.0
 20
136.2
 10
106.0
 20
136.2
 10
106.0
 20
140.6
 10
68.0
 20
140.6
  0
TEXT
  5
160
330
17
100
AcDbEntity
  8
06-TEXTO
100
AcDbText
 10
87.0
 20
138.4
 30
0.0
 40
2.5
  1
Color
  7
ISO3098
 72
1
 11
87.0
 21
138.4
 31
0.0
100
AcDbText
 73
2
  0
LWPOLYLINE
  5
161
330
17
100
AcDbEntity
  8
10-ROTULO
100
AcDbPolyline
 90
4
 70
1
 10
30.0
 20
131.79999999999998
 10
68.0
 20
131.79999999999998
 10
68.0
 20
136.2
 10
30.0
 20
136.2
  0
TEXT
  5
162
330
17
100
AcDbEntity
  8
06-TEXTO
100
AcDbText
 10
31.5
 20
134.0
 30
0.0
 40
2.5
  1
1
  7
ISO3098
 11
31.5
 21
134.0
 31
0.0
100
AcDbText
 73
2
  0
LWPOLYLINE
  5
163
330
17
100
AcDbEntity
  8
10-ROTULO
100
AcDbPolyline
 90
4
 70
1
 10
68.0
 20
131.79999999999998
 10
106.0
 20
131.79999999999998
 10
106.0
 20
136.2
 10
68.0
 20
136.2
  0
TEXT
  5
164
330
17
100
AcDbEntity
  8
06-TEXTO
100
AcDbText
 10
87.0
 20
134.0
 30
0.0
 40
2.5
  1
NEGRO
  7
ISO3098
 72
1
 11
87.0
 21
134.0
 31
0.0
100
AcDbText
 73
2
  0
LWPOLYLINE
  5
165
330
17
100
AcDbEntity
  8
10-ROTULO
100
AcDbPolyline
 90
4
 70
1
 10
30.0
 20
127.39999999999998
 10
68.0
 20
127.39999999999998
 10
68.0
 20
131.79999999999998
 10
30.0
 20
131.79999999999998
  0
TEXT
  5
166
330
17
100
AcDbEntity
  8
06-TEXTO
100
AcDbText
 10
31.5
 20
129.6
 30
0.0
 40
2.5
  1
2
  7
ISO3098
 11
31.5
 21
129.6
 31
0.0
100
AcDbText
 73
2
  0
LWPOLYLINE
  5
167
330
17
100
AcDbEntity
  8
10-ROTULO
100
AcDbPolyline
 90
4
 70
1
 10
68.0
 20
127.39999999999998
 10
106.0
 20
127.39999999999998
 10
106.0
 20
131.79999999999998
 10
68.0
 20
131.79999999999998
  0
TEXT
  5
168
330
17
100
AcDbEntity
  8
06-TEXTO
100
AcDbText
 10
87.0
 20
129.6
 30
0.0
 40
2.5
  1
AMARILLO
  7
ISO3098
 72
1
 11
87.0
 21
129.6
 31
0.0
100
AcDbText
 73
2
  0
LWPOLYLINE
  5
169
330
17
100
AcDbEntity
  8
10-ROTULO
100
AcDbPolyline
 90
4
 70
1
 10
30.0
 20
122.99999999999997
 10
68.0
 20
122.99999999999997
 10
68.0
 20
127.39999999999998
 10
30.0
 20
127.39999999999998
  0
TEXT
  5
16A
330
17
100
AcDbEntity
  8
06-TEXTO
100
AcDbText
 10
31.5
 20
125.19999999999997
 30
0.0
 40
2.5
  1
3
  7
ISO3098
 11
31.5
 21
125.19999999999997
 31
0.0
100
AcDbText
 73
2
  0
LWPOLYLINE
  5
16B
330
17
100
AcDbEntity
  8
10-ROTULO
100
AcDbPolyline
 90
4
 70
1
 10
68.0
 20
122.99999999999997
 10
106.0
 20
122.99999999999997
 10
106.0
 20
127.39999999999998
 10
68.0
 20
127.39999999999998
  0
TEXT
  5
16C
330
17
100
AcDbEntity
  8
06-TEXTO
100
AcDbText
 10
87.0
 20
125.19999999999997
 30
0.0
 40
2.5
  1
CELESTE
  7
ISO3098
 72
1
 11
87.0
 21
125.19999999999997
 31
0.0
100
AcDbText
 73
2
  0
LWPOLYLINE
  5
16D
330
17
100
AcDbEntity
  8
10-ROTULO
100
AcDbPolyline
 90
4
 70
1
 10
30.0
 20
118.59999999999997
 10
68.0
 20
118.59999999999997
 10
68.0
 20
122.99999999999997
 10
30.0
 20
122.99999999999997
  0
TEXT
  5
16E
330
17
100
AcDbEntity
  8
06-TEXTO
100
AcDbText
 10
31.5
 20
120.79999999999997
 30
0.0
 40
2.5
  1
4
  7
ISO3098
 11
31.5
 21
120.79999999999997
 31
0.0
100
AcDbText
 73
2
  0
LWPOLYLINE
  5
16F
330
17
100
AcDbEntity
  8
10-ROTULO
100
AcDbPolyline
 90
4
 70
1
 10
68.0
 20
118.59999999999997
 10
106.0
 20
118.59999999999997
 10
106.0
 20
122.99999999999997
 10
68.0
 20
122.99999999999997
  0
TEXT
  5
170
330
17
100
AcDbEntity
  8
06-TEXTO
100
AcDbText
 10
87.0
 20
120.79999999999997
 30
0.0
 40
2.5
  1
VERDE OSCURO
  7
ISO3098
 72
1
 11
87.0
 21
120.79999999999997
 31
0.0
100
AcDbText
 73
2
  0
LWPOLYLINE
  5
171
330
17
100
AcDbEntity
  8
10-ROTULO
100
AcDbPolyline
 90
4
 70
1
 10
30.0
 20
114.19999999999996
 10
68.0
 20
114.19999999999996
 10
68.0
 20
118.59999999999997
 10
30.0
 20
118.59999999999997
  0
TEXT
  5
172
330
17
100
AcDbEntity
  8
06-TEXTO
100
AcDbText
 10
31.5
 20
116.39999999999996
 30
0.0
 40
2.5
  1
5
  7
ISO3098
 11
31.5
 21
116.39999999999996
 31
0.0
100
AcDbText
 73
2
  0
LWPOLYLINE
  5
173
330
17
100
AcDbEntity
  8
10-ROTULO
100
AcDbPolyline
 90
4
 70
1
 10
68.0
 20
114.19999999999996
 10
106.0
 20
114.19999999999996
 10
106.0
 20
118.59999999999997
 10
68.0
 20
118.59999999999997
  0
TEXT
  5
174
330
17
100
AcDbEntity
  8
06-TEXTO
100
AcDbText
 10
87.0
 20
116.39999999999996
 30
0.0
 40
2.5
  1
AZUL
  7
ISO3098
 72
1
 11
87.0
 21
116.39999999999996
 31
0.0
100
AcDbText
 73
2
  0
LWPOLYLINE
  5
175
330
17
100
AcDbEntity
  8
10-ROTULO
100
AcDbPolyline
 90
4
 70
1
 10
30.0
 20
109.79999999999995
 10
68.0
 20
109.79999999999995
 10
68.0
 20
114.19999999999996
 10
30.0
 20
114.19999999999996
  0
TEXT
  5
176
330
17
100
AcDbEntity
  8
06-TEXTO
100
AcDbText
 10
31.5
 20
111.99999999999996
 30
0.0
 40
2.5
  1
6
  7
ISO3098
 11
31.5
 21
111.99999999999996
 31
0.0
100
AcDbText
 73
2
  0
LWPOLYLINE
  5
177
330
17
100
AcDbEntity
  8
10-ROTULO
100
AcDbPolyline
 90
4
 70
1
 10
68.0
 20
109.79999999999995
 10
106.0
 20
109.79999999999995
 10
106.0
 20
114.19999999999996
 10
68.0
 20
114.19999999999996
  0
TEXT
  5
178
330
17
100
AcDbEntity
  8
06-TEXTO
100
AcDbText
 10
87.0
 20
111.99999999999996
 30
0.0
 40
2.5
  1
LILA
  7
ISO3098
 72
1
 11
87.0
 21
111.99999999999996
 31
0.0
100
AcDbText
 73
2
  0
LWPOLYLINE
  5
179
330
17
100
AcDbEntity
  8
10-ROTULO
100
AcDbPolyline
 90
4
 70
1
 10
30.0
 20
105.39999999999995
 10
68.0
 20
105.39999999999995
 10
68.0
 20
109.79999999999995
 10
30.0
 20
109.79999999999995
  0
TEXT
  5
17A
330
17
100
AcDbEntity
  8
06-TEXTO
100
AcDbText
 10
31.5
 20
107.59999999999995
 30
0.0
 40
2.5
  1
7
  7
ISO3098
 11
31.5
 21
107.59999999999995
 31
0.0
100
AcDbText
 73
2
  0
LWPOLYLINE
  5
17B
330
17
100
AcDbEntity
  8
10-ROTULO
100
AcDbPolyline
 90
4
 70
1
 10
68.0
 20
105.39999999999995
 10
106.0
 20
105.39999999999995
 10
106.0
 20
109.79999999999995
 10
68.0
 20
109.79999999999995
  0
TEXT
  5
17C
330
17
100
AcDbEntity
  8
06-TEXTO
100
AcDbText
 10
87.0
 20
107.59999999999995
 30
0.0
 40
2.5
  1
BLANCO
  7
ISO3098
 72
1
 11
87.0
 21
107.59999999999995
 31
0.0
100
AcDbText
 73
2
  0
LWPOLYLINE
  5
17D
330
17
100
AcDbEntity
  8
10-ROTULO
100
AcDbPolyline
 90
4
 70
1
 10
30.0
 20
100.99999999999994
 10
68.0
 20
100.99999999999994
 10
68.0
 20
105.39999999999995
 10
30.0
 20
105.39999999999995
  0
TEXT
  5
17E
330
17
100
AcDbEntity
  8
06-TEXTO
100
AcDbText
 10
31.5
 20
103.19999999999995
 30
0.0
 40
2.5
  1
8
  7
ISO3098
 11
31.5
 21
103.19999999999995
 31
0.0
100
AcDbText
 73
2
  0
LWPOLYLINE
  5
17F
330
17
100
AcDbEntity
  8
10-ROTULO
100
AcDbPolyline
 90
4
 70
1
 10
68.0
 20
100.99999999999994
 10
106.0
 20
100.99999999999994
 10
106.0
 20
105.39999999999995
 10
68.0
 20
105.39999999999995
  0
TEXT
  5
180
330
17
100
AcDbEntity
  8
06-TEXTO
100
AcDbText
 10
87.0
 20
103.19999999999995
 30
0.0
 40
2.5
  1
VERDE CLARO
  7
ISO3098
 72
1
 11
87.0
 21
103.19999999999995
 31
0.0
100
AcDbText
 73
2
  0
LWPOLYLINE
  5
181
330
17
100
AcDbEntity
  8
10-ROTULO
100
AcDbPolyline
 90
4
 70
1
 10
30.0
 20
96.59999999999994
 10
68.0
 20
96.59999999999994
 10
68.0
 20
100.99999999999994
 10
30.0
 20
100.99999999999994
  0
TEXT
  5
182
330
17
100
AcDbEntity
  8
06-TEXTO
100
AcDbText
 10
31.5
 20
98.79999999999994
 30
0.0
 40
2.5
  1
9
  7
ISO3098
 11
31.5
 21
98.79999999999994
 31
0.0
100
AcDbText
 73
2
  0
LWPOLYLINE
  5
183
330
17
100
AcDbEntity
  8
10-ROTULO
100
AcDbPolyline
 90
4
 70
1
 10
68.0
 20
96.59999999999994
 10
106.0
 20
96.59999999999994
 10
106.0
 20
100.99999999999994
 10
68.0
 20
100.99999999999994
  0
TEXT
  5
184
330
17
100
AcDbEntity
  8
06-TEXTO
100
AcDbText
 10
87.0
 20
98.79999999999994
 30
0.0
 40
2.5
  1
NARANJA
  7
ISO3098
 72
1
 11
87.0
 21
98.79999999999994
 31
0.0
100
AcDbText
 73
2
  0
LWPOLYLINE
  5
185
330
17
100
AcDbEntity
  8
10-ROTULO
100
AcDbPolyline
 90
4
 70
1
 10
30.0
 20
92.19999999999993
 10
68.0
 20
92.19999999999993
 10
68.0
 20
96.59999999999994
 10
30.0
 20
96.59999999999994
  0
TEXT
  5
186
330
17
100
AcDbEntity
  8
06-TEXTO
100
AcDbText
 10
31.5
 20
94.39999999999993
 30
0.0
 40
2.5
  1
0
  7
ISO3098
 11
31.5
 21
94.39999999999993
 31
0.0
100
AcDbText
 73
2
  0
LWPOLYLINE
  5
187
330
17
100
AcDbEntity
  8
10-ROTULO
100
AcDbPolyline
 90
4
 70
1
 10
68.0
 20
92.19999999999993
 10
106.0
 20
92.19999999999993
 10
106.0
 20
96.59999999999994
 10
68.0
 20
96.59999999999994
  0
TEXT
  5
188
330
17
100
AcDbEntity
  8
06-TEXTO
100
AcDbText
 10
87.0
 20
94.39999999999993
 30
0.0
 40
2.5
  1
MARRÓN CLARO
  7
ISO3098
 72
1
 11
87.0
 21
94.39999999999993
 31
0.0
100
AcDbText
 73
2
  0
HATCH
  5
189
330
17
100
AcDbEntity
  8
05-RAYADO
 62
7
420
1644825
100
AcDbHatch
 10
0.0
 20
0.0
 30
0.0
210
0.0
220
0.0
230
1.0
  2
SOLID
 70
1
 71
0
 91
1
 92
3
 72
0
 73
1
 93
96
 10
112.8
 20
134.0
 10
112.79614606182949
 20
133.88227436738575
 10
112.78460075047286
 20
133.7650528540039
 10
112.76541350472581
 20
133.64883742037097
 10
112.73866648732033
 20
133.53412571881546
 10
112.70447423309119
 20
133.4214089624543
 10
112.66298315852032
 20
133.31116982174285
 10
112.61437093475884
 20
133.2038803576058
 10
112.558845726812
 20
133.1
 10
112.49664530214459
 20
132.99997358056473
 10
112.42803601252422
 20
132.90422942778432
 10
112.35331165346216
 20
132.81317753281988
 10
112.27279220613579
 20
132.7272077938642
 10
112.18682246718012
 20
132.64668834653784
 10
112.0957705722157
 20
132.57196398747578
 10
112.00002641943529
 20
132.50335469785543
 10
111.9
 20
132.441154273188
 10
111.7961196423942
 20
132.38562906524115
 10
111.68883017825716
 20
132.33701684147968
 10
111.57859103754569
 20
132.2955257669088
 10
111.46587428118454
 20
132.26133351267967
 10
111.35116257962903
 20
132.2345864952742
 10
111.23494714599609
 20
132.21539924952714
 10
111.11772563261425
 20
132.2038539381705
 10
111.0
 20
132.2
 10
110.88227436738575
 20
132.2038539381705
 10
110.76505285400391
 20
132.21539924952714
 10
110.64883742037097
 20
132.2345864952742
 10
110.53412571881546
 20
132.26133351267967
 10
110.42140896245431
 20
132.2955257669088
 10
110.31116982174284
 20
132.33701684147968
 10
110.2038803576058
 20
132.38562906524115
 10
110.1
 20
132.441154273188
 10
109.99997358056471
 20
132.50335469785543
 10
109.9042294277843
 20
132.57196398747578
 10
109.81317753281988
 20
132.64668834653784
 10
109.72720779386421
 20
132.7272077938642
 10
109.64668834653784
 20
132.81317753281988
 10
109.57196398747578
 20
132.90422942778432
 10
109.50335469785541
 20
132.99997358056473
 10
109.441154273188
 20
133.1
 10
109.38562906524116
 20
133.20388035760578
 10
109.33701684147968
 20
133.31116982174285
 10
109.29552576690881
 20
133.4214089624543
 10
109.26133351267968
 20
133.53412571881546
 10
109.23458649527419
 20
133.64883742037097
 10
109.21539924952714
 20
133.7650528540039
 10
109.20385393817051
 20
133.88227436738575
 10
109.2
 20
134.0
 10
109.20385393817051
 20
134.11772563261425
 10
109.21539924952714
 20
134.2349471459961
 10
109.23458649527419
 20
134.35116257962903
 10
109.26133351267967
 20
134.46587428118454
 10
109.29552576690881
 20
134.5785910375457
 10
109.33701684147968
 20
134.68883017825715
 10
109.38562906524116
 20
134.7961196423942
 10
109.441154273188
 20
134.9
 10
109.50335469785541
 20
135.00002641943527
 10
109.57196398747578
 20
135.09577057221568
 10
109.64668834653784
 20
135.18682246718012
 10
109.72720779386421
 20
135.2727922061358
 10
109.81317753281988
 20
135.35331165346216
 10
109.9042294277843
 20
135.42803601252422
 10
109.99997358056471
 20
135.49664530214457
 10
110.1
 20
135.558845726812
 10
110.2038803576058
 20
135.61437093475885
 10
110.31116982174284
 20
135.66298315852032
 10
110.42140896245431
 20
135.7044742330912
 10
110.53412571881546
 20
135.73866648732033
 10
110.64883742037097
 20
135.7654135047258
 10
110.76505285400391
 20
135.78460075047286
 10
110.88227436738575
 20
135.7961460618295
 10
111.0
 20
135.8
 10
111.11772563261425
 20
135.7961460618295
 10
111.23494714599609
 20
135.78460075047286
 10
111.35116257962903
 20
135.7654135047258
 10
111.46587428118454
 20
135.73866648732033
 10
111.57859103754569
 20
135.7044742330912
 10
111.68883017825716
 20
135.66298315852032
 10
111.7961196423942
 20
135.61437093475885
 10
111.9
 20
135.558845726812
 10
112.00002641943529
 20
135.49664530214457
 10
112.0957705722157
 20
135.42803601252422
 10
112.18682246718012
 20
135.35331165346216
 10
112.27279220613579
 20
135.2727922061358
 10
112.35331165346216
 20
135.18682246718012
 10
112.42803601252422
 20
135.09577057221568
 10
112.49664530214459
 20
135.00002641943527
 10
112.558845726812
 20
134.9
 10
112.61437093475884
 20
134.79611964239422
 10
112.66298315852032
 20
134.68883017825715
 10
112.70447423309119
 20
134.5785910375457
 10
112.73866648732032
 20
134.46587428118454
 10
112.76541350472581
 20
134.35116257962903
 10
112.78460075047286
 20
134.2349471459961
 10
112.79614606182949
 20
134.11772563261425
 97
0
 75
1
 76
1
 98
0
  0
LWPOLYLINE
  5
18A
330
17
100
AcDbEntity
  8
08-FINA
100
AcDbPolyline
 90
97
 70
1
 10
112.8
 20
134.0
 10
112.79614606182949
 20
133.88227436738575
 10
112.78460075047286
 20
133.7650528540039
 10
112.76541350472581
 20
133.64883742037097
 10
112.73866648732033
 20
133.53412571881546
 10
112.70447423309119
 20
133.4214089624543
 10
112.66298315852032
 20
133.31116982174285
 10
112.61437093475884
 20
133.2038803576058
 10
112.558845726812
 20
133.1
 10
112.49664530214459
 20
132.99997358056473
 10
112.42803601252422
 20
132.90422942778432
 10
112.35331165346216
 20
132.81317753281988
 10
112.27279220613579
 20
132.7272077938642
 10
112.18682246718012
 20
132.64668834653784
 10
112.0957705722157
 20
132.57196398747578
 10
112.00002641943529
 20
132.50335469785543
 10
111.9
 20
132.441154273188
 10
111.7961196423942
 20
132.38562906524115
 10
111.68883017825716
 20
132.33701684147968
 10
111.57859103754569
 20
132.2955257669088
 10
111.46587428118454
 20
132.26133351267967
 10
111.35116257962903
 20
132.2345864952742
 10
111.23494714599609
 20
132.21539924952714
 10
111.11772563261425
 20
132.2038539381705
 10
111.0
 20
132.2
 10
110.88227436738575
 20
132.2038539381705
 10
110.76505285400391
 20
132.21539924952714
 10
110.64883742037097
 20
132.2345864952742
 10
110.53412571881546
 20
132.26133351267967
 10
110.42140896245431
 20
132.2955257669088
 10
110.31116982174284
 20
132.33701684147968
 10
110.2038803576058
 20
132.38562906524115
 10
110.1
 20
132.441154273188
 10
109.99997358056471
 20
132.50335469785543
 10
109.9042294277843
 20
132.57196398747578
 10
109.81317753281988
 20
132.64668834653784
 10
109.72720779386421
 20
132.7272077938642
 10
109.64668834653784
 20
132.81317753281988
 10
109.57196398747578
 20
132.90422942778432
 10
109.50335469785541
 20
132.99997358056473
 10
109.441154273188
 20
133.1
 10
109.38562906524116
 20
133.20388035760578
 10
109.33701684147968
 20
133.31116982174285
 10
109.29552576690881
 20
133.4214089624543
 10
109.26133351267968
 20
133.53412571881546
 10
109.23458649527419
 20
133.64883742037097
 10
109.21539924952714
 20
133.7650528540039
 10
109.20385393817051
 20
133.88227436738575
 10
109.2
 20
134.0
 10
109.20385393817051
 20
134.11772563261425
 10
109.21539924952714
 20
134.2349471459961
 10
109.23458649527419
 20
134.35116257962903
 10
109.26133351267967
 20
134.46587428118454
 10
109.29552576690881
 20
134.5785910375457
 10
109.33701684147968
 20
134.68883017825715
 10
109.38562906524116
 20
134.7961196423942
 10
109.441154273188
 20
134.9
 10
109.50335469785541
 20
135.00002641943527
 10
109.57196398747578
 20
135.09577057221568
 10
109.64668834653784
 20
135.18682246718012
 10
109.72720779386421
 20
135.2727922061358
 10
109.81317753281988
 20
135.35331165346216
 10
109.9042294277843
 20
135.42803601252422
 10
109.99997358056471
 20
135.49664530214457
 10
110.1
 20
135.558845726812
 10
110.2038803576058
 20
135.61437093475885
 10
110.31116982174284
 20
135.66298315852032
 10
110.42140896245431
 20
135.7044742330912
 10
110.53412571881546
 20
135.73866648732033
 10
110.64883742037097
 20
135.7654135047258
 10
110.76505285400391
 20
135.78460075047286
 10
110.88227436738575
 20
135.7961460618295
 10
111.0
 20
135.8
 10
111.11772563261425
 20
135.7961460618295
 10
111.23494714599609
 20
135.78460075047286
 10
111.35116257962903
 20
135.7654135047258
 10
111.46587428118454
 20
135.73866648732033
 10
111.57859103754569
 20
135.7044742330912
 10
111.68883017825716
 20
135.66298315852032
 10
111.7961196423942
 20
135.61437093475885
 10
111.9
 20
135.558845726812
 10
112.00002641943529
 20
135.49664530214457
 10
112.0957705722157
 20
135.42803601252422
 10
112.18682246718012
 20
135.35331165346216
 10
112.27279220613579
 20
135.2727922061358
 10
112.35331165346216
 20
135.18682246718012
 10
112.42803601252422
 20
135.09577057221568
 10
112.49664530214459
 20
135.00002641943527
 10
112.558845726812
 20
134.9
 10
112.61437093475884
 20
134.79611964239422
 10
112.66298315852032
 20
134.68883017825715
 10
112.70447423309119
 20
134.5785910375457
 10
112.73866648732032
 20
134.46587428118454
 10
112.76541350472581
 20
134.35116257962903
 10
112.78460075047286
 20
134.2349471459961
 10
112.79614606182949
 20
134.11772563261425
 10
112.8
 20
134.0
  0
HATCH
  5
18B
330
17
100
AcDbEntity
  8
05-RAYADO
 62
7
420
16768512
100
AcDbHatch
 10
0.0
 20
0.0
 30
0.0
210
0.0
220
0.0
230
1.0
  2
SOLID
 70
1
 71
0
 91
1
 92
3
 72
0
 73
1
 93
96
 10
112.8
 20
129.60000000000002
 10
112.79614606182949
 20
129.48227436738577
 10
112.78460075047286
 20
129.36505285400392
 10
112.76541350472581
 20
129.248837420371
 10
112.73866648732033
 20
129.13412571881548
 10
112.70447423309119
 20
129.02140896245433
 10
112.66298315852032
 20
128.91116982174287
 10
112.61437093475884
 20
128.80388035760583
 10
112.558845726812
 20
128.70000000000002
 10
112.49664530214459
 20
128.59997358056475
 10
112.42803601252422
 20
128.50422942778434
 10
112.35331165346216
 20
128.4131775328199
 10
112.27279220613579
 20
128.32720779386423
 10
112.18682246718012
 20
128.24668834653787
 10
112.0957705722157
 20
128.1719639874758
 10
112.00002641943529
 20
128.10335469785545
 10
111.9
 20
128.04115427318803
 10
111.7961196423942
 20
127.98562906524118
 10
111.68883017825716
 20
127.9370168414797
 10
111.57859103754569
 20
127.89552576690883
 10
111.46587428118454
 20
127.8613335126797
 10
111.35116257962903
 20
127.83458649527421
 10
111.23494714599609
 20
127.81539924952716
 10
111.11772563261425
 20
127.80385393817053
 10
111.0
 20
127.80000000000003
 10
110.88227436738575
 20
127.80385393817053
 10
110.76505285400391
 20
127.81539924952716
 10
110.64883742037097
 20
127.83458649527421
 10
110.53412571881546
 20
127.86133351267969
 10
110.42140896245431
 20
127.89552576690883
 10
110.31116982174284
 20
127.9370168414797
 10
110.2038803576058
 20
127.98562906524118
 10
110.1
 20
128.04115427318803
 10
109.99997358056471
 20
128.10335469785545
 10
109.9042294277843
 20
128.1719639874758
 10
109.81317753281988
 20
128.24668834653787
 10
109.72720779386421
 20
128.32720779386423
 10
109.64668834653784
 20
128.4131775328199
 10
109.57196398747578
 20
128.50422942778434
 10
109.50335469785541
 20
128.59997358056475
 10
109.441154273188
 20
128.70000000000002
 10
109.38562906524116
 20
128.8038803576058
 10
109.33701684147968
 20
128.91116982174287
 10
109.29552576690881
 20
129.02140896245433
 10
109.26133351267968
 20
129.13412571881548
 10
109.23458649527419
 20
129.248837420371
 10
109.21539924952714
 20
129.36505285400392
 10
109.20385393817051
 20
129.48227436738577
 10
109.2
 20
129.60000000000002
 10
109.20385393817051
 20
129.71772563261428
 10
109.21539924952714
 20
129.83494714599613
 10
109.23458649527419
 20
129.95116257962906
 10
109.26133351267967
 20
130.06587428118456
 10
109.29552576690881
 20
130.17859103754571
 10
109.33701684147968
 20
130.28883017825717
 10
109.38562906524116
 20
130.3961196423942
 10
109.441154273188
 20
130.50000000000003
 10
109.50335469785541
 20
130.6000264194353
 10
109.57196398747578
 20
130.6957705722157
 10
109.64668834653784
 20
130.78682246718014
 10
109.72720779386421
 20
130.8727922061358
 10
109.81317753281988
 20
130.95331165346218
 10
109.9042294277843
 20
131.02803601252424
 10
109.99997358056471
 20
131.0966453021446
 10
110.1
 20
131.15884572681202
 10
110.2038803576058
 20
131.21437093475888
 10
110.31116982174284
 20
131.26298315852034
 10
110.42140896245431
 20
131.3044742330912
 10
110.53412571881546
 20
131.33866648732035
 10
110.64883742037097
 20
131.36541350472584
 10
110.76505285400391
 20
131.38460075047288
 10
110.88227436738575
 20
131.3961460618295
 10
111.0
 20
131.40000000000003
 10
111.11772563261425
 20
131.3961460618295
 10
111.23494714599609
 20
131.38460075047288
 10
111.35116257962903
 20
131.36541350472584
 10
111.46587428118454
 20
131.33866648732035
 10
111.57859103754569
 20
131.3044742330912
 10
111.68883017825716
 20
131.26298315852034
 10
111.7961196423942
 20
131.21437093475888
 10
111.9
 20
131.15884572681202
 10
112.00002641943529
 20
131.0966453021446
 10
112.0957705722157
 20
131.02803601252424
 10
112.18682246718012
 20
130.95331165346218
 10
112.27279220613579
 20
130.8727922061358
 10
112.35331165346216
 20
130.78682246718014
 10
112.42803601252422
 20
130.6957705722157
 10
112.49664530214459
 20
130.6000264194353
 10
112.558845726812
 20
130.50000000000003
 10
112.61437093475884
 20
130.39611964239424
 10
112.66298315852032
 20
130.28883017825717
 10
112.70447423309119
 20
130.17859103754571
 10
112.73866648732032
 20
130.06587428118456
 10
112.76541350472581
 20
129.95116257962906
 10
112.78460075047286
 20
129.83494714599613
 10
112.79614606182949
 20
129.71772563261428
 97
0
 75
1
 76
1
 98
0
  0
LWPOLYLINE
  5
18C
330
17
100
AcDbEntity
  8
08-FINA
100
AcDbPolyline
 90
97
 70
1
 10
112.8
 20
129.60000000000002
 10
112.79614606182949
 20
129.48227436738577
 10
112.78460075047286
 20
129.36505285400392
 10
112.76541350472581
 20
129.248837420371
 10
112.73866648732033
 20
129.13412571881548
 10
112.70447423309119
 20
129.02140896245433
 10
112.66298315852032
 20
128.91116982174287
 10
112.61437093475884
 20
128.80388035760583
 10
112.558845726812
 20
128.70000000000002
 10
112.49664530214459
 20
128.59997358056475
 10
112.42803601252422
 20
128.50422942778434
 10
112.35331165346216
 20
128.4131775328199
 10
112.27279220613579
 20
128.32720779386423
 10
112.18682246718012
 20
128.24668834653787
 10
112.0957705722157
 20
128.1719639874758
 10
112.00002641943529
 20
128.10335469785545
 10
111.9
 20
128.04115427318803
 10
111.7961196423942
 20
127.98562906524118
 10
111.68883017825716
 20
127.9370168414797
 10
111.57859103754569
 20
127.89552576690883
 10
111.46587428118454
 20
127.8613335126797
 10
111.35116257962903
 20
127.83458649527421
 10
111.23494714599609
 20
127.81539924952716
 10
111.11772563261425
 20
127.80385393817053
 10
111.0
 20
127.80000000000003
 10
110.88227436738575
 20
127.80385393817053
 10
110.76505285400391
 20
127.81539924952716
 10
110.64883742037097
 20
127.83458649527421
 10
110.53412571881546
 20
127.86133351267969
 10
110.42140896245431
 20
127.89552576690883
 10
110.31116982174284
 20
127.9370168414797
 10
110.2038803576058
 20
127.98562906524118
 10
110.1
 20
128.04115427318803
 10
109.99997358056471
 20
128.10335469785545
 10
109.9042294277843
 20
128.1719639874758
 10
109.81317753281988
 20
128.24668834653787
 10
109.72720779386421
 20
128.32720779386423
 10
109.64668834653784
 20
128.4131775328199
 10
109.57196398747578
 20
128.50422942778434
 10
109.50335469785541
 20
128.59997358056475
 10
109.441154273188
 20
128.70000000000002
 10
109.38562906524116
 20
128.8038803576058
 10
109.33701684147968
 20
128.91116982174287
 10
109.29552576690881
 20
129.02140896245433
 10
109.26133351267968
 20
129.13412571881548
 10
109.23458649527419
 20
129.248837420371
 10
109.21539924952714
 20
129.36505285400392
 10
109.20385393817051
 20
129.48227436738577
 10
109.2
 20
129.60000000000002
 10
109.20385393817051
 20
129.71772563261428
 10
109.21539924952714
 20
129.83494714599613
 10
109.23458649527419
 20
129.95116257962906
 10
109.26133351267967
 20
130.06587428118456
 10
109.29552576690881
 20
130.17859103754571
 10
109.33701684147968
 20
130.28883017825717
 10
109.38562906524116
 20
130.3961196423942
 10
109.441154273188
 20
130.50000000000003
 10
109.50335469785541
 20
130.6000264194353
 10
109.57196398747578
 20
130.6957705722157
 10
109.64668834653784
 20
130.78682246718014
 10
109.72720779386421
 20
130.8727922061358
 10
109.81317753281988
 20
130.95331165346218
 10
109.9042294277843
 20
131.02803601252424
 10
109.99997358056471
 20
131.0966453021446
 10
110.1
 20
131.15884572681202
 10
110.2038803576058
 20
131.21437093475888
 10
110.31116982174284
 20
131.26298315852034
 10
110.42140896245431
 20
131.3044742330912
 10
110.53412571881546
 20
131.33866648732035
 10
110.64883742037097
 20
131.36541350472584
 10
110.76505285400391
 20
131.38460075047288
 10
110.88227436738575
 20
131.3961460618295
 10
111.0
 20
131.40000000000003
 10
111.11772563261425
 20
131.3961460618295
 10
111.23494714599609
 20
131.38460075047288
 10
111.35116257962903
 20
131.36541350472584
 10
111.46587428118454
 20
131.33866648732035
 10
111.57859103754569
 20
131.3044742330912
 10
111.68883017825716
 20
131.26298315852034
 10
111.7961196423942
 20
131.21437093475888
 10
111.9
 20
131.15884572681202
 10
112.00002641943529
 20
131.0966453021446
 10
112.0957705722157
 20
131.02803601252424
 10
112.18682246718012
 20
130.95331165346218
 10
112.27279220613579
 20
130.8727922061358
 10
112.35331165346216
 20
130.78682246718014
 10
112.42803601252422
 20
130.6957705722157
 10
112.49664530214459
 20
130.6000264194353
 10
112.558845726812
 20
130.50000000000003
 10
112.61437093475884
 20
130.39611964239424
 10
112.66298315852032
 20
130.28883017825717
 10
112.70447423309119
 20
130.17859103754571
 10
112.73866648732032
 20
130.06587428118456
 10
112.76541350472581
 20
129.95116257962906
 10
112.78460075047286
 20
129.83494714599613
 10
112.79614606182949
 20
129.71772563261428
 10
112.8
 20
129.60000000000002
  0
HATCH
  5
18D
330
17
100
AcDbEntity
  8
05-RAYADO
 62
7
420
7914475
100
AcDbHatch
 10
0.0
 20
0.0
 30
0.0
210
0.0
220
0.0
230
1.0
  2
SOLID
 70
1
 71
0
 91
1
 92
3
 72
0
 73
1
 93
96
 10
112.8
 20
125.2
 10
112.79614606182949
 20
125.08227436738575
 10
112.78460075047286
 20
124.96505285400391
 10
112.76541350472581
 20
124.84883742037097
 10
112.73866648732033
 20
124.73412571881546
 10
112.70447423309119
 20
124.62140896245431
 10
112.66298315852032
 20
124.51116982174284
 10
112.61437093475884
 20
124.4038803576058
 10
112.558845726812
 20
124.3
 10
112.49664530214459
 20
124.19997358056472
 10
112.42803601252422
 20
124.1042294277843
 10
112.35331165346216
 20
124.01317753281988
 10
112.27279220613579
 20
123.92720779386421
 10
112.18682246718012
 20
123.84668834653785
 10
112.0957705722157
 20
123.77196398747579
 10
112.00002641943529
 20
123.70335469785542
 10
111.9
 20
123.64115427318801
 10
111.7961196423942
 20
123.58562906524116
 10
111.68883017825716
 20
123.53701684147968
 10
111.57859103754569
 20
123.49552576690881
 10
111.46587428118454
 20
123.46133351267969
 10
111.35116257962903
 20
123.43458649527419
 10
111.23494714599609
 20
123.41539924952714
 10
111.11772563261425
 20
123.40385393817051
 10
111.0
 20
123.4
 10
110.88227436738575
 20
123.40385393817051
 10
110.76505285400391
 20
123.41539924952714
 10
110.64883742037097
 20
123.43458649527419
 10
110.53412571881546
 20
123.46133351267969
 10
110.42140896245431
 20
123.49552576690881
 10
110.31116982174284
 20
123.53701684147968
 10
110.2038803576058
 20
123.58562906524116
 10
110.1
 20
123.64115427318801
 10
109.99997358056471
 20
123.70335469785542
 10
109.9042294277843
 20
123.77196398747579
 10
109.81317753281988
 20
123.84668834653785
 10
109.72720779386421
 20
123.92720779386421
 10
109.64668834653784
 20
124.01317753281988
 10
109.57196398747578
 20
124.1042294277843
 10
109.50335469785541
 20
124.19997358056472
 10
109.441154273188
 20
124.3
 10
109.38562906524116
 20
124.4038803576058
 10
109.33701684147968
 20
124.51116982174284
 10
109.29552576690881
 20
124.62140896245431
 10
109.26133351267968
 20
124.73412571881546
 10
109.23458649527419
 20
124.84883742037097
 10
109.21539924952714
 20
124.96505285400391
 10
109.20385393817051
 20
125.08227436738575
 10
109.2
 20
125.2
 10
109.20385393817051
 20
125.31772563261426
 10
109.21539924952714
 20
125.43494714599609
 10
109.23458649527419
 20
125.55116257962904
 10
109.26133351267967
 20
125.66587428118454
 10
109.29552576690881
 20
125.7785910375457
 10
109.33701684147968
 20
125.88883017825717
 10
109.38562906524116
 20
125.9961196423942
 10
109.441154273188
 20
126.10000000000001
 10
109.50335469785541
 20
126.20002641943529
 10
109.57196398747578
 20
126.2957705722157
 10
109.64668834653784
 20
126.38682246718012
 10
109.72720779386421
 20
126.4727922061358
 10
109.81317753281988
 20
126.55331165346216
 10
109.9042294277843
 20
126.62803601252422
 10
109.99997358056471
 20
126.69664530214459
 10
110.1
 20
126.758845726812
 10
110.2038803576058
 20
126.81437093475884
 10
110.31116982174284
 20
126.86298315852032
 10
110.42140896245431
 20
126.9044742330912
 10
110.53412571881546
 20
126.93866648732032
 10
110.64883742037097
 20
126.96541350472582
 10
110.76505285400391
 20
126.98460075047286
 10
110.88227436738575
 20
126.99614606182949
 10
111.0
 20
127.0
 10
111.11772563261425
 20
126.99614606182949
 10
111.23494714599609
 20
126.98460075047286
 10
111.35116257962903
 20
126.96541350472582
 10
111.46587428118454
 20
126.93866648732033
 10
111.57859103754569
 20
126.9044742330912
 10
111.68883017825716
 20
126.86298315852032
 10
111.7961196423942
 20
126.81437093475884
 10
111.9
 20
126.758845726812
 10
112.00002641943529
 20
126.69664530214459
 10
112.0957705722157
 20
126.62803601252423
 10
112.18682246718012
 20
126.55331165346216
 10
112.27279220613579
 20
126.4727922061358
 10
112.35331165346216
 20
126.38682246718012
 10
112.42803601252422
 20
126.2957705722157
 10
112.49664530214459
 20
126.20002641943529
 10
112.558845726812
 20
126.10000000000001
 10
112.61437093475884
 20
125.9961196423942
 10
112.66298315852032
 20
125.88883017825717
 10
112.70447423309119
 20
125.7785910375457
 10
112.73866648732032
 20
125.66587428118454
 10
112.76541350472581
 20
125.55116257962904
 10
112.78460075047286
 20
125.43494714599609
 10
112.79614606182949
 20
125.31772563261426
 97
0
 75
1
 76
1
 98
0
  0
LWPOLYLINE
  5
18E
330
17
100
AcDbEntity
  8
08-FINA
100
AcDbPolyline
 90
97
 70
1
 10
112.8
 20
125.2
 10
112.79614606182949
 20
125.08227436738575
 10
112.78460075047286
 20
124.96505285400391
 10
112.76541350472581
 20
124.84883742037097
 10
112.73866648732033
 20
124.73412571881546
 10
112.70447423309119
 20
124.62140896245431
 10
112.66298315852032
 20
124.51116982174284
 10
112.61437093475884
 20
124.4038803576058
 10
112.558845726812
 20
124.3
 10
112.49664530214459
 20
124.19997358056472
 10
112.42803601252422
 20
124.1042294277843
 10
112.35331165346216
 20
124.01317753281988
 10
112.27279220613579
 20
123.92720779386421
 10
112.18682246718012
 20
123.84668834653785
 10
112.0957705722157
 20
123.77196398747579
 10
112.00002641943529
 20
123.70335469785542
 10
111.9
 20
123.64115427318801
 10
111.7961196423942
 20
123.58562906524116
 10
111.68883017825716
 20
123.53701684147968
 10
111.57859103754569
 20
123.49552576690881
 10
111.46587428118454
 20
123.46133351267969
 10
111.35116257962903
 20
123.43458649527419
 10
111.23494714599609
 20
123.41539924952714
 10
111.11772563261425
 20
123.40385393817051
 10
111.0
 20
123.4
 10
110.88227436738575
 20
123.40385393817051
 10
110.76505285400391
 20
123.41539924952714
 10
110.64883742037097
 20
123.43458649527419
 10
110.53412571881546
 20
123.46133351267969
 10
110.42140896245431
 20
123.49552576690881
 10
110.31116982174284
 20
123.53701684147968
 10
110.2038803576058
 20
123.58562906524116
 10
110.1
 20
123.64115427318801
 10
109.99997358056471
 20
123.70335469785542
 10
109.9042294277843
 20
123.77196398747579
 10
109.81317753281988
 20
123.84668834653785
 10
109.72720779386421
 20
123.92720779386421
 10
109.64668834653784
 20
124.01317753281988
 10
109.57196398747578
 20
124.1042294277843
 10
109.50335469785541
 20
124.19997358056472
 10
109.441154273188
 20
124.3
 10
109.38562906524116
 20
124.4038803576058
 10
109.33701684147968
 20
124.51116982174284
 10
109.29552576690881
 20
124.62140896245431
 10
109.26133351267968
 20
124.73412571881546
 10
109.23458649527419
 20
124.84883742037097
 10
109.21539924952714
 20
124.96505285400391
 10
109.20385393817051
 20
125.08227436738575
 10
109.2
 20
125.2
 10
109.20385393817051
 20
125.31772563261426
 10
109.21539924952714
 20
125.43494714599609
 10
109.23458649527419
 20
125.55116257962904
 10
109.26133351267967
 20
125.66587428118454
 10
109.29552576690881
 20
125.7785910375457
 10
109.33701684147968
 20
125.88883017825717
 10
109.38562906524116
 20
125.9961196423942
 10
109.441154273188
 20
126.10000000000001
 10
109.50335469785541
 20
126.20002641943529
 10
109.57196398747578
 20
126.2957705722157
 10
109.64668834653784
 20
126.38682246718012
 10
109.72720779386421
 20
126.4727922061358
 10
109.81317753281988
 20
126.55331165346216
 10
109.9042294277843
 20
126.62803601252422
 10
109.99997358056471
 20
126.69664530214459
 10
110.1
 20
126.758845726812
 10
110.2038803576058
 20
126.81437093475884
 10
110.31116982174284
 20
126.86298315852032
 10
110.42140896245431
 20
126.9044742330912
 10
110.53412571881546
 20
126.93866648732032
 10
110.64883742037097
 20
126.96541350472582
 10
110.76505285400391
 20
126.98460075047286
 10
110.88227436738575
 20
126.99614606182949
 10
111.0
 20
127.0
 10
111.11772563261425
 20
126.99614606182949
 10
111.23494714599609
 20
126.98460075047286
 10
111.35116257962903
 20
126.96541350472582
 10
111.46587428118454
 20
126.93866648732033
 10
111.57859103754569
 20
126.9044742330912
 10
111.68883017825716
 20
126.86298315852032
 10
111.7961196423942
 20
126.81437093475884
 10
111.9
 20
126.758845726812
 10
112.00002641943529
 20
126.69664530214459
 10
112.0957705722157
 20
126.62803601252423
 10
112.18682246718012
 20
126.55331165346216
 10
112.27279220613579
 20
126.4727922061358
 10
112.35331165346216
 20
126.38682246718012
 10
112.42803601252422
 20
126.2957705722157
 10
112.49664530214459
 20
126.20002641943529
 10
112.558845726812
 20
126.10000000000001
 10
112.61437093475884
 20
125.9961196423942
 10
112.66298315852032
 20
125.88883017825717
 10
112.70447423309119
 20
125.7785910375457
 10
112.73866648732032
 20
125.66587428118454
 10
112.76541350472581
 20
125.55116257962904
 10
112.78460075047286
 20
125.43494714599609
 10
112.79614606182949
 20
125.31772563261426
 10
112.8
 20
125.2
  0
HATCH
  5
18F
330
17
100
AcDbEntity
  8
05-RAYADO
 62
7
420
25650
100
AcDbHatch
 10
0.0
 20
0.0
 30
0.0
210
0.0
220
0.0
230
1.0
  2
SOLID
 70
1
 71
0
 91
1
 92
3
 72
0
 73
1
 93
96
 10
112.8
 20
120.8
 10
112.79614606182949
 20
120.68227436738574
 10
112.78460075047286
 20
120.56505285400391
 10
112.76541350472581
 20
120.44883742037096
 10
112.73866648732033
 20
120.33412571881546
 10
112.70447423309119
 20
120.2214089624543
 10
112.66298315852032
 20
120.11116982174283
 10
112.61437093475884
 20
120.0038803576058
 10
112.558845726812
 20
119.89999999999999
 10
112.49664530214459
 20
119.79997358056471
 10
112.42803601252422
 20
119.7042294277843
 10
112.35331165346216
 20
119.61317753281988
 10
112.27279220613579
 20
119.5272077938642
 10
112.18682246718012
 20
119.44668834653784
 10
112.0957705722157
 20
119.37196398747578
 10
112.00002641943529
 20
119.30335469785541
 10
111.9
 20
119.241154273188
 10
111.7961196423942
 20
119.18562906524116
 10
111.68883017825716
 20
119.13701684147968
 10
111.57859103754569
 20
119.0955257669088
 10
111.46587428118454
 20
119.06133351267968
 10
111.35116257962903
 20
119.03458649527418
 10
111.23494714599609
 20
119.01539924952714
 10
111.11772563261425
 20
119.00385393817051
 10
111.0
 20
119.0
 10
110.88227436738575
 20
119.00385393817051
 10
110.76505285400391
 20
119.01539924952714
 10
110.64883742037097
 20
119.03458649527418
 10
110.53412571881546
 20
119.06133351267968
 10
110.42140896245431
 20
119.0955257669088
 10
110.31116982174284
 20
119.13701684147968
 10
110.2038803576058
 20
119.18562906524116
 10
110.1
 20
119.241154273188
 10
109.99997358056471
 20
119.30335469785541
 10
109.9042294277843
 20
119.37196398747578
 10
109.81317753281988
 20
119.44668834653784
 10
109.72720779386421
 20
119.5272077938642
 10
109.64668834653784
 20
119.61317753281988
 10
109.57196398747578
 20
119.7042294277843
 10
109.50335469785541
 20
119.79997358056471
 10
109.441154273188
 20
119.89999999999999
 10
109.38562906524116
 20
120.0038803576058
 10
109.33701684147968
 20
120.11116982174283
 10
109.29552576690881
 20
120.2214089624543
 10
109.26133351267968
 20
120.33412571881546
 10
109.23458649527419
 20
120.44883742037096
 10
109.21539924952714
 20
120.56505285400391
 10
109.20385393817051
 20
120.68227436738574
 10
109.2
 20
120.8
 10
109.20385393817051
 20
120.91772563261425
 10
109.21539924952714
 20
121.03494714599609
 10
109.23458649527419
 20
121.15116257962903
 10
109.26133351267967
 20
121.26587428118454
 10
109.29552576690881
 20
121.37859103754569
 10
109.33701684147968
 20
121.48883017825716
 10
109.38562906524116
 20
121.5961196423942
 10
109.441154273188
 20
121.7
 10
109.50335469785541
 20
121.80002641943528
 10
109.57196398747578
 20
121.8957705722157
 10
109.64668834653784
 20
121.98682246718012
 10
109.72720779386421
 20
122.07279220613579
 10
109.81317753281988
 20
122.15331165346215
 10
109.9042294277843
 20
122.22803601252421
 10
109.99997358056471
 20
122.29664530214458
 10
110.1
 20
122.35884572681199
 10
110.2038803576058
 20
122.41437093475884
 10
110.31116982174284
 20
122.46298315852032
 10
110.42140896245431
 20
122.50447423309119
 10
110.53412571881546
 20
122.53866648732031
 10
110.64883742037097
 20
122.56541350472581
 10
110.76505285400391
 20
122.58460075047286
 10
110.88227436738575
 20
122.59614606182949
 10
111.0
 20
122.6
 10
111.11772563261425
 20
122.59614606182949
 10
111.23494714599609
 20
122.58460075047286
 10
111.35116257962903
 20
122.56541350472581
 10
111.46587428118454
 20
122.53866648732033
 10
111.57859103754569
 20
122.50447423309119
 10
111.68883017825716
 20
122.46298315852032
 10
111.7961196423942
 20
122.41437093475884
 10
111.9
 20
122.35884572681199
 10
112.00002641943529
 20
122.29664530214458
 10
112.0957705722157
 20
122.22803601252423
 10
112.18682246718012
 20
122.15331165346215
 10
112.27279220613579
 20
122.07279220613579
 10
112.35331165346216
 20
121.98682246718012
 10
112.42803601252422
 20
121.8957705722157
 10
112.49664530214459
 20
121.80002641943528
 10
112.558845726812
 20
121.7
 10
112.61437093475884
 20
121.5961196423942
 10
112.66298315852032
 20
121.48883017825716
 10
112.70447423309119
 20
121.37859103754569
 10
112.73866648732032
 20
121.26587428118454
 10
112.76541350472581
 20
121.15116257962903
 10
112.78460075047286
 20
121.03494714599609
 10
112.79614606182949
 20
120.91772563261425
 97
0
 75
1
 76
1
 98
0
  0
LWPOLYLINE
  5
190
330
17
100
AcDbEntity
  8
08-FINA
100
AcDbPolyline
 90
97
 70
1
 10
112.8
 20
120.8
 10
112.79614606182949
 20
120.68227436738574
 10
112.78460075047286
 20
120.56505285400391
 10
112.76541350472581
 20
120.44883742037096
 10
112.73866648732033
 20
120.33412571881546
 10
112.70447423309119
 20
120.2214089624543
 10
112.66298315852032
 20
120.11116982174283
 10
112.61437093475884
 20
120.0038803576058
 10
112.558845726812
 20
119.89999999999999
 10
112.49664530214459
 20
119.79997358056471
 10
112.42803601252422
 20
119.7042294277843
 10
112.35331165346216
 20
119.61317753281988
 10
112.27279220613579
 20
119.5272077938642
 10
112.18682246718012
 20
119.44668834653784
 10
112.0957705722157
 20
119.37196398747578
 10
112.00002641943529
 20
119.30335469785541
 10
111.9
 20
119.241154273188
 10
111.7961196423942
 20
119.18562906524116
 10
111.68883017825716
 20
119.13701684147968
 10
111.57859103754569
 20
119.0955257669088
 10
111.46587428118454
 20
119.06133351267968
 10
111.35116257962903
 20
119.03458649527418
 10
111.23494714599609
 20
119.01539924952714
 10
111.11772563261425
 20
119.00385393817051
 10
111.0
 20
119.0
 10
110.88227436738575
 20
119.00385393817051
 10
110.76505285400391
 20
119.01539924952714
 10
110.64883742037097
 20
119.03458649527418
 10
110.53412571881546
 20
119.06133351267968
 10
110.42140896245431
 20
119.0955257669088
 10
110.31116982174284
 20
119.13701684147968
 10
110.2038803576058
 20
119.18562906524116
 10
110.1
 20
119.241154273188
 10
109.99997358056471
 20
119.30335469785541
 10
109.9042294277843
 20
119.37196398747578
 10
109.81317753281988
 20
119.44668834653784
 10
109.72720779386421
 20
119.5272077938642
 10
109.64668834653784
 20
119.61317753281988
 10
109.57196398747578
 20
119.7042294277843
 10
109.50335469785541
 20
119.79997358056471
 10
109.441154273188
 20
119.89999999999999
 10
109.38562906524116
 20
120.0038803576058
 10
109.33701684147968
 20
120.11116982174283
 10
109.29552576690881
 20
120.2214089624543
 10
109.26133351267968
 20
120.33412571881546
 10
109.23458649527419
 20
120.44883742037096
 10
109.21539924952714
 20
120.56505285400391
 10
109.20385393817051
 20
120.68227436738574
 10
109.2
 20
120.8
 10
109.20385393817051
 20
120.91772563261425
 10
109.21539924952714
 20
121.03494714599609
 10
109.23458649527419
 20
121.15116257962903
 10
109.26133351267967
 20
121.26587428118454
 10
109.29552576690881
 20
121.37859103754569
 10
109.33701684147968
 20
121.48883017825716
 10
109.38562906524116
 20
121.5961196423942
 10
109.441154273188
 20
121.7
 10
109.50335469785541
 20
121.80002641943528
 10
109.57196398747578
 20
121.8957705722157
 10
109.64668834653784
 20
121.98682246718012
 10
109.72720779386421
 20
122.07279220613579
 10
109.81317753281988
 20
122.15331165346215
 10
109.9042294277843
 20
122.22803601252421
 10
109.99997358056471
 20
122.29664530214458
 10
110.1
 20
122.35884572681199
 10
110.2038803576058
 20
122.41437093475884
 10
110.31116982174284
 20
122.46298315852032
 10
110.42140896245431
 20
122.50447423309119
 10
110.53412571881546
 20
122.53866648732031
 10
110.64883742037097
 20
122.56541350472581
 10
110.76505285400391
 20
122.58460075047286
 10
110.88227436738575
 20
122.59614606182949
 10
111.0
 20
122.6
 10
111.11772563261425
 20
122.59614606182949
 10
111.23494714599609
 20
122.58460075047286
 10
111.35116257962903
 20
122.56541350472581
 10
111.46587428118454
 20
122.53866648732033
 10
111.57859103754569
 20
122.50447423309119
 10
111.68883017825716
 20
122.46298315852032
 10
111.7961196423942
 20
122.41437093475884
 10
111.9
 20
122.35884572681199
 10
112.00002641943529
 20
122.29664530214458
 10
112.0957705722157
 20
122.22803601252423
 10
112.18682246718012
 20
122.15331165346215
 10
112.27279220613579
 20
122.07279220613579
 10
112.35331165346216
 20
121.98682246718012
 10
112.42803601252422
 20
121.8957705722157
 10
112.49664530214459
 20
121.80002641943528
 10
112.558845726812
 20
121.7
 10
112.61437093475884
 20
121.5961196423942
 10
112.66298315852032
 20
121.48883017825716
 10
112.70447423309119
 20
121.37859103754569
 10
112.73866648732032
 20
121.26587428118454
 10
112.76541350472581
 20
121.15116257962903
 10
112.78460075047286
 20
121.03494714599609
 10
112.79614606182949
 20
120.91772563261425
 10
112.8
 20
120.8
  0
HATCH
  5
191
330
17
100
AcDbEntity
  8
05-RAYADO
 62
7
420
15520
100
AcDbHatch
 10
0.0
 20
0.0
 30
0.0
210
0.0
220
0.0
230
1.0
  2
SOLID
 70
1
 71
0
 91
1
 92
3
 72
0
 73
1
 93
96
 10
112.8
 20
116.39999999999999
 10
112.79614606182949
 20
116.28227436738574
 10
112.78460075047286
 20
116.1650528540039
 10
112.76541350472581
 20
116.04883742037096
 10
112.73866648732033
 20
115.93412571881545
 10
112.70447423309119
 20
115.8214089624543
 10
112.66298315852032
 20
115.71116982174283
 10
112.61437093475884
 20
115.60388035760579
 10
112.558845726812
 20
115.49999999999999
 10
112.49664530214459
 20
115.3999735805647
 10
112.42803601252422
 20
115.30422942778429
 10
112.35331165346216
 20
115.21317753281987
 10
112.27279220613579
 20
115.1272077938642
 10
112.18682246718012
 20
115.04668834653783
 10
112.0957705722157
 20
114.97196398747577
 10
112.00002641943529
 20
114.9033546978554
 10
111.9
 20
114.841154273188
 10
111.7961196423942
 20
114.78562906524115
 10
111.68883017825716
 20
114.73701684147967
 10
111.57859103754569
 20
114.6955257669088
 10
111.46587428118454
 20
114.66133351267968
 10
111.35116257962903
 20
114.63458649527418
 10
111.23494714599609
 20
114.61539924952713
 10
111.11772563261425
 20
114.6038539381705
 10
111.0
 20
114.6
 10
110.88227436738575
 20
114.6038539381705
 10
110.76505285400391
 20
114.61539924952713
 10
110.64883742037097
 20
114.63458649527418
 10
110.53412571881546
 20
114.66133351267968
 10
110.42140896245431
 20
114.6955257669088
 10
110.31116982174284
 20
114.73701684147967
 10
110.2038803576058
 20
114.78562906524115
 10
110.1
 20
114.841154273188
 10
109.99997358056471
 20
114.9033546978554
 10
109.9042294277843
 20
114.97196398747577
 10
109.81317753281988
 20
115.04668834653783
 10
109.72720779386421
 20
115.1272077938642
 10
109.64668834653784
 20
115.21317753281987
 10
109.57196398747578
 20
115.30422942778429
 10
109.50335469785541
 20
115.3999735805647
 10
109.441154273188
 20
115.49999999999999
 10
109.38562906524116
 20
115.60388035760579
 10
109.33701684147968
 20
115.71116982174283
 10
109.29552576690881
 20
115.8214089624543
 10
109.26133351267968
 20
115.93412571881545
 10
109.23458649527419
 20
116.04883742037096
 10
109.21539924952714
 20
116.1650528540039
 10
109.20385393817051
 20
116.28227436738574
 10
109.2
 20
116.39999999999999
 10
109.20385393817051
 20
116.51772563261424
 10
109.21539924952714
 20
116.63494714599608
 10
109.23458649527419
 20
116.75116257962902
 10
109.26133351267967
 20
116.86587428118453
 10
109.29552576690881
 20
116.97859103754568
 10
109.33701684147968
 20
117.08883017825715
 10
109.38562906524116
 20
117.1961196423942
 10
109.441154273188
 20
117.3
 10
109.50335469785541
 20
117.40002641943528
 10
109.57196398747578
 20
117.49577057221569
 10
109.64668834653784
 20
117.58682246718011
 10
109.72720779386421
 20
117.67279220613578
 10
109.81317753281988
 20
117.75331165346215
 10
109.9042294277843
 20
117.82803601252421
 10
109.99997358056471
 20
117.89664530214458
 10
110.1
 20
117.95884572681199
 10
110.2038803576058
 20
118.01437093475883
 10
110.31116982174284
 20
118.06298315852031
 10
110.42140896245431
 20
118.10447423309118
 10
110.53412571881546
 20
118.13866648732031
 10
110.64883742037097
 20
118.1654135047258
 10
110.76505285400391
 20
118.18460075047285
 10
110.88227436738575
 20
118.19614606182948
 10
111.0
 20
118.19999999999999
 10
111.11772563261425
 20
118.19614606182948
 10
111.23494714599609
 20
118.18460075047285
 10
111.35116257962903
 20
118.1654135047258
 10
111.46587428118454
 20
118.13866648732032
 10
111.57859103754569
 20
118.10447423309118
 10
111.68883017825716
 20
118.06298315852031
 10
111.7961196423942
 20
118.01437093475883
 10
111.9
 20
117.95884572681199
 10
112.00002641943529
 20
117.89664530214458
 10
112.0957705722157
 20
117.82803601252422
 10
112.18682246718012
 20
117.75331165346215
 10
112.27279220613579
 20
117.67279220613578
 10
112.35331165346216
 20
117.58682246718011
 10
112.42803601252422
 20
117.49577057221569
 10
112.49664530214459
 20
117.40002641943528
 10
112.558845726812
 20
117.3
 10
112.61437093475884
 20
117.1961196423942
 10
112.66298315852032
 20
117.08883017825715
 10
112.70447423309119
 20
116.97859103754568
 10
112.73866648732032
 20
116.86587428118453
 10
112.76541350472581
 20
116.75116257962902
 10
112.78460075047286
 20
116.63494714599608
 10
112.79614606182949
 20
116.51772563261424
 97
0
 75
1
 76
1
 98
0
  0
LWPOLYLINE
  5
192
330
17
100
AcDbEntity
  8
08-FINA
100
AcDbPolyline
 90
97
 70
1
 10
112.8
 20
116.39999999999999
 10
112.79614606182949
 20
116.28227436738574
 10
112.78460075047286
 20
116.1650528540039
 10
112.76541350472581
 20
116.04883742037096
 10
112.73866648732033
 20
115.93412571881545
 10
112.70447423309119
 20
115.8214089624543
 10
112.66298315852032
 20
115.71116982174283
 10
112.61437093475884
 20
115.60388035760579
 10
112.558845726812
 20
115.49999999999999
 10
112.49664530214459
 20
115.3999735805647
 10
112.42803601252422
 20
115.30422942778429
 10
112.35331165346216
 20
115.21317753281987
 10
112.27279220613579
 20
115.1272077938642
 10
112.18682246718012
 20
115.04668834653783
 10
112.0957705722157
 20
114.97196398747577
 10
112.00002641943529
 20
114.9033546978554
 10
111.9
 20
114.841154273188
 10
111.7961196423942
 20
114.78562906524115
 10
111.68883017825716
 20
114.73701684147967
 10
111.57859103754569
 20
114.6955257669088
 10
111.46587428118454
 20
114.66133351267968
 10
111.35116257962903
 20
114.63458649527418
 10
111.23494714599609
 20
114.61539924952713
 10
111.11772563261425
 20
114.6038539381705
 10
111.0
 20
114.6
 10
110.88227436738575
 20
114.6038539381705
 10
110.76505285400391
 20
114.61539924952713
 10
110.64883742037097
 20
114.63458649527418
 10
110.53412571881546
 20
114.66133351267968
 10
110.42140896245431
 20
114.6955257669088
 10
110.31116982174284
 20
114.73701684147967
 10
110.2038803576058
 20
114.78562906524115
 10
110.1
 20
114.841154273188
 10
109.99997358056471
 20
114.9033546978554
 10
109.9042294277843
 20
114.97196398747577
 10
109.81317753281988
 20
115.04668834653783
 10
109.72720779386421
 20
115.1272077938642
 10
109.64668834653784
 20
115.21317753281987
 10
109.57196398747578
 20
115.30422942778429
 10
109.50335469785541
 20
115.3999735805647
 10
109.441154273188
 20
115.49999999999999
 10
109.38562906524116
 20
115.60388035760579
 10
109.33701684147968
 20
115.71116982174283
 10
109.29552576690881
 20
115.8214089624543
 10
109.26133351267968
 20
115.93412571881545
 10
109.23458649527419
 20
116.04883742037096
 10
109.21539924952714
 20
116.1650528540039
 10
109.20385393817051
 20
116.28227436738574
 10
109.2
 20
116.39999999999999
 10
109.20385393817051
 20
116.51772563261424
 10
109.21539924952714
 20
116.63494714599608
 10
109.23458649527419
 20
116.75116257962902
 10
109.26133351267967
 20
116.86587428118453
 10
109.29552576690881
 20
116.97859103754568
 10
109.33701684147968
 20
117.08883017825715
 10
109.38562906524116
 20
117.1961196423942
 10
109.441154273188
 20
117.3
 10
109.50335469785541
 20
117.40002641943528
 10
109.57196398747578
 20
117.49577057221569
 10
109.64668834653784
 20
117.58682246718011
 10
109.72720779386421
 20
117.67279220613578
 10
109.81317753281988
 20
117.75331165346215
 10
109.9042294277843
 20
117.82803601252421
 10
109.99997358056471
 20
117.89664530214458
 10
110.1
 20
117.95884572681199
 10
110.2038803576058
 20
118.01437093475883
 10
110.31116982174284
 20
118.06298315852031
 10
110.42140896245431
 20
118.10447423309118
 10
110.53412571881546
 20
118.13866648732031
 10
110.64883742037097
 20
118.1654135047258
 10
110.76505285400391
 20
118.18460075047285
 10
110.88227436738575
 20
118.19614606182948
 10
111.0
 20
118.19999999999999
 10
111.11772563261425
 20
118.19614606182948
 10
111.23494714599609
 20
118.18460075047285
 10
111.35116257962903
 20
118.1654135047258
 10
111.46587428118454
 20
118.13866648732032
 10
111.57859103754569
 20
118.10447423309118
 10
111.68883017825716
 20
118.06298315852031
 10
111.7961196423942
 20
118.01437093475883
 10
111.9
 20
117.95884572681199
 10
112.00002641943529
 20
117.89664530214458
 10
112.0957705722157
 20
117.82803601252422
 10
112.18682246718012
 20
117.75331165346215
 10
112.27279220613579
 20
117.67279220613578
 10
112.35331165346216
 20
117.58682246718011
 10
112.42803601252422
 20
117.49577057221569
 10
112.49664530214459
 20
117.40002641943528
 10
112.558845726812
 20
117.3
 10
112.61437093475884
 20
117.1961196423942
 10
112.66298315852032
 20
117.08883017825715
 10
112.70447423309119
 20
116.97859103754568
 10
112.73866648732032
 20
116.86587428118453
 10
112.76541350472581
 20
116.75116257962902
 10
112.78460075047286
 20
116.63494714599608
 10
112.79614606182949
 20
116.51772563261424
 10
112.8
 20
116.39999999999999
  0
HATCH
  5
193
330
17
100
AcDbEntity
  8
05-RAYADO
 62
7
420
12160215
100
AcDbHatch
 10
0.0
 20
0.0
 30
0.0
210
0.0
220
0.0
230
1.0
  2
SOLID
 70
1
 71
0
 91
1
 92
3
 72
0
 73
1
 93
96
 10
112.8
 20
111.99999999999999
 10
112.79614606182949
 20
111.88227436738573
 10
112.78460075047286
 20
111.7650528540039
 10
112.76541350472581
 20
111.64883742037095
 10
112.73866648732033
 20
111.53412571881545
 10
112.70447423309119
 20
111.4214089624543
 10
112.66298315852032
 20
111.31116982174282
 10
112.61437093475884
 20
111.20388035760578
 10
112.558845726812
 20
111.09999999999998
 10
112.49664530214459
 20
110.9999735805647
 10
112.42803601252422
 20
110.90422942778429
 10
112.35331165346216
 20
110.81317753281986
 10
112.27279220613579
 20
110.7272077938642
 10
112.18682246718012
 20
110.64668834653783
 10
112.0957705722157
 20
110.57196398747577
 10
112.00002641943529
 20
110.5033546978554
 10
111.9
 20
110.44115427318799
 10
111.7961196423942
 20
110.38562906524115
 10
111.68883017825716
 20
110.33701684147967
 10
111.57859103754569
 20
110.2955257669088
 10
111.46587428118454
 20
110.26133351267967
 10
111.35116257962903
 20
110.23458649527417
 10
111.23494714599609
 20
110.21539924952712
 10
111.11772563261425
 20
110.2038539381705
 10
111.0
 20
110.19999999999999
 10
110.88227436738575
 20
110.2038539381705
 10
110.76505285400391
 20
110.21539924952712
 10
110.64883742037097
 20
110.23458649527417
 10
110.53412571881546
 20
110.26133351267967
 10
110.42140896245431
 20
110.2955257669088
 10
110.31116982174284
 20
110.33701684147967
 10
110.2038803576058
 20
110.38562906524115
 10
110.1
 20
110.44115427318799
 10
109.99997358056471
 20
110.5033546978554
 10
109.9042294277843
 20
110.57196398747577
 10
109.81317753281988
 20
110.64668834653783
 10
109.72720779386421
 20
110.7272077938642
 10
109.64668834653784
 20
110.81317753281986
 10
109.57196398747578
 20
110.90422942778429
 10
109.50335469785541
 20
110.9999735805647
 10
109.441154273188
 20
111.09999999999998
 10
109.38562906524116
 20
111.20388035760578
 10
109.33701684147968
 20
111.31116982174282
 10
109.29552576690881
 20
111.4214089624543
 10
109.26133351267968
 20
111.53412571881545
 10
109.23458649527419
 20
111.64883742037095
 10
109.21539924952714
 20
111.7650528540039
 10
109.20385393817051
 20
111.88227436738573
 10
109.2
 20
111.99999999999999
 10
109.20385393817051
 20
112.11772563261424
 10
109.21539924952714
 20
112.23494714599607
 10
109.23458649527419
 20
112.35116257962902
 10
109.26133351267967
 20
112.46587428118453
 10
109.29552576690881
 20
112.57859103754568
 10
109.33701684147968
 20
112.68883017825715
 10
109.38562906524116
 20
112.79611964239419
 10
109.441154273188
 20
112.89999999999999
 10
109.50335469785541
 20
113.00002641943527
 10
109.57196398747578
 20
113.09577057221568
 10
109.64668834653784
 20
113.18682246718011
 10
109.72720779386421
 20
113.27279220613578
 10
109.81317753281988
 20
113.35331165346214
 10
109.9042294277843
 20
113.4280360125242
 10
109.99997358056471
 20
113.49664530214457
 10
110.1
 20
113.55884572681198
 10
110.2038803576058
 20
113.61437093475882
 10
110.31116982174284
 20
113.6629831585203
 10
110.42140896245431
 20
113.70447423309118
 10
110.53412571881546
 20
113.7386664873203
 10
110.64883742037097
 20
113.7654135047258
 10
110.76505285400391
 20
113.78460075047285
 10
110.88227436738575
 20
113.79614606182948
 10
111.0
 20
113.79999999999998
 10
111.11772563261425
 20
113.79614606182948
 10
111.23494714599609
 20
113.78460075047285
 10
111.35116257962903
 20
113.7654135047258
 10
111.46587428118454
 20
113.73866648732032
 10
111.57859103754569
 20
113.70447423309118
 10
111.68883017825716
 20
113.6629831585203
 10
111.7961196423942
 20
113.61437093475882
 10
111.9
 20
113.55884572681198
 10
112.00002641943529
 20
113.49664530214457
 10
112.0957705722157
 20
113.42803601252422
 10
112.18682246718012
 20
113.35331165346214
 10
112.27279220613579
 20
113.27279220613578
 10
112.35331165346216
 20
113.18682246718011
 10
112.42803601252422
 20
113.09577057221568
 10
112.49664530214459
 20
113.00002641943527
 10
112.558845726812
 20
112.89999999999999
 10
112.61437093475884
 20
112.79611964239419
 10
112.66298315852032
 20
112.68883017825715
 10
112.70447423309119
 20
112.57859103754568
 10
112.73866648732032
 20
112.46587428118453
 10
112.76541350472581
 20
112.35116257962902
 10
112.78460075047286
 20
112.23494714599607
 10
112.79614606182949
 20
112.11772563261424
 97
0
 75
1
 76
1
 98
0
  0
LWPOLYLINE
  5
194
330
17
100
AcDbEntity
  8
08-FINA
100
AcDbPolyline
 90
97
 70
1
 10
112.8
 20
111.99999999999999
 10
112.79614606182949
 20
111.88227436738573
 10
112.78460075047286
 20
111.7650528540039
 10
112.76541350472581
 20
111.64883742037095
 10
112.73866648732033
 20
111.53412571881545
 10
112.70447423309119
 20
111.4214089624543
 10
112.66298315852032
 20
111.31116982174282
 10
112.61437093475884
 20
111.20388035760578
 10
112.558845726812
 20
111.09999999999998
 10
112.49664530214459
 20
110.9999735805647
 10
112.42803601252422
 20
110.90422942778429
 10
112.35331165346216
 20
110.81317753281986
 10
112.27279220613579
 20
110.7272077938642
 10
112.18682246718012
 20
110.64668834653783
 10
112.0957705722157
 20
110.57196398747577
 10
112.00002641943529
 20
110.5033546978554
 10
111.9
 20
110.44115427318799
 10
111.7961196423942
 20
110.38562906524115
 10
111.68883017825716
 20
110.33701684147967
 10
111.57859103754569
 20
110.2955257669088
 10
111.46587428118454
 20
110.26133351267967
 10
111.35116257962903
 20
110.23458649527417
 10
111.23494714599609
 20
110.21539924952712
 10
111.11772563261425
 20
110.2038539381705
 10
111.0
 20
110.19999999999999
 10
110.88227436738575
 20
110.2038539381705
 10
110.76505285400391
 20
110.21539924952712
 10
110.64883742037097
 20
110.23458649527417
 10
110.53412571881546
 20
110.26133351267967
 10
110.42140896245431
 20
110.2955257669088
 10
110.31116982174284
 20
110.33701684147967
 10
110.2038803576058
 20
110.38562906524115
 10
110.1
 20
110.44115427318799
 10
109.99997358056471
 20
110.5033546978554
 10
109.9042294277843
 20
110.57196398747577
 10
109.81317753281988
 20
110.64668834653783
 10
109.72720779386421
 20
110.7272077938642
 10
109.64668834653784
 20
110.81317753281986
 10
109.57196398747578
 20
110.90422942778429
 10
109.50335469785541
 20
110.9999735805647
 10
109.441154273188
 20
111.09999999999998
 10
109.38562906524116
 20
111.20388035760578
 10
109.33701684147968
 20
111.31116982174282
 10
109.29552576690881
 20
111.4214089624543
 10
109.26133351267968
 20
111.53412571881545
 10
109.23458649527419
 20
111.64883742037095
 10
109.21539924952714
 20
111.7650528540039
 10
109.20385393817051
 20
111.88227436738573
 10
109.2
 20
111.99999999999999
 10
109.20385393817051
 20
112.11772563261424
 10
109.21539924952714
 20
112.23494714599607
 10
109.23458649527419
 20
112.35116257962902
 10
109.26133351267967
 20
112.46587428118453
 10
109.29552576690881
 20
112.57859103754568
 10
109.33701684147968
 20
112.68883017825715
 10
109.38562906524116
 20
112.79611964239419
 10
109.441154273188
 20
112.89999999999999
 10
109.50335469785541
 20
113.00002641943527
 10
109.57196398747578
 20
113.09577057221568
 10
109.64668834653784
 20
113.18682246718011
 10
109.72720779386421
 20
113.27279220613578
 10
109.81317753281988
 20
113.35331165346214
 10
109.9042294277843
 20
113.4280360125242
 10
109.99997358056471
 20
113.49664530214457
 10
110.1
 20
113.55884572681198
 10
110.2038803576058
 20
113.61437093475882
 10
110.31116982174284
 20
113.6629831585203
 10
110.42140896245431
 20
113.70447423309118
 10
110.53412571881546
 20
113.7386664873203
 10
110.64883742037097
 20
113.7654135047258
 10
110.76505285400391
 20
113.78460075047285
 10
110.88227436738575
 20
113.79614606182948
 10
111.0
 20
113.79999999999998
 10
111.11772563261425
 20
113.79614606182948
 10
111.23494714599609
 20
113.78460075047285
 10
111.35116257962903
 20
113.7654135047258
 10
111.46587428118454
 20
113.73866648732032
 10
111.57859103754569
 20
113.70447423309118
 10
111.68883017825716
 20
113.6629831585203
 10
111.7961196423942
 20
113.61437093475882
 10
111.9
 20
113.55884572681198
 10
112.00002641943529
 20
113.49664530214457
 10
112.0957705722157
 20
113.42803601252422
 10
112.18682246718012
 20
113.35331165346214
 10
112.27279220613579
 20
113.27279220613578
 10
112.35331165346216
 20
113.18682246718011
 10
112.42803601252422
 20
113.09577057221568
 10
112.49664530214459
 20
113.00002641943527
 10
112.558845726812
 20
112.89999999999999
 10
112.61437093475884
 20
112.79611964239419
 10
112.66298315852032
 20
112.68883017825715
 10
112.70447423309119
 20
112.57859103754568
 10
112.73866648732032
 20
112.46587428118453
 10
112.76541350472581
 20
112.35116257962902
 10
112.78460075047286
 20
112.23494714599607
 10
112.79614606182949
 20
112.11772563261424
 10
112.8
 20
111.99999999999999
  0
HATCH
  5
195
330
17
100
AcDbEntity
  8
05-RAYADO
 62
7
420
16777215
100
AcDbHatch
 10
0.0
 20
0.0
 30
0.0
210
0.0
220
0.0
230
1.0
  2
SOLID
 70
1
 71
0
 91
1
 92
3
 72
0
 73
1
 93
96
 10
112.8
 20
107.6
 10
112.79614606182949
 20
107.48227436738574
 10
112.78460075047286
 20
107.3650528540039
 10
112.76541350472581
 20
107.24883742037096
 10
112.73866648732033
 20
107.13412571881545
 10
112.70447423309119
 20
107.0214089624543
 10
112.66298315852032
 20
106.91116982174283
 10
112.61437093475884
 20
106.80388035760579
 10
112.558845726812
 20
106.69999999999999
 10
112.49664530214459
 20
106.59997358056471
 10
112.42803601252422
 20
106.5042294277843
 10
112.35331165346216
 20
106.41317753281987
 10
112.27279220613579
 20
106.3272077938642
 10
112.18682246718012
 20
106.24668834653784
 10
112.0957705722157
 20
106.17196398747578
 10
112.00002641943529
 20
106.10335469785541
 10
111.9
 20
106.041154273188
 10
111.7961196423942
 20
105.98562906524116
 10
111.68883017825716
 20
105.93701684147968
 10
111.57859103754569
 20
105.8955257669088
 10
111.46587428118454
 20
105.86133351267968
 10
111.35116257962903
 20
105.83458649527418
 10
111.23494714599609
 20
105.81539924952713
 10
111.11772563261425
 20
105.8038539381705
 10
111.0
 20
105.8
 10
110.88227436738575
 20
105.8038539381705
 10
110.76505285400391
 20
105.81539924952713
 10
110.64883742037097
 20
105.83458649527418
 10
110.53412571881546
 20
105.86133351267966
 10
110.42140896245431
 20
105.8955257669088
 10
110.31116982174284
 20
105.93701684147968
 10
110.2038803576058
 20
105.98562906524116
 10
110.1
 20
106.041154273188
 10
109.99997358056471
 20
106.10335469785541
 10
109.9042294277843
 20
106.17196398747578
 10
109.81317753281988
 20
106.24668834653784
 10
109.72720779386421
 20
106.3272077938642
 10
109.64668834653784
 20
106.41317753281987
 10
109.57196398747578
 20
106.5042294277843
 10
109.50335469785541
 20
106.59997358056471
 10
109.441154273188
 20
106.69999999999999
 10
109.38562906524116
 20
106.80388035760579
 10
109.33701684147968
 20
106.91116982174283
 10
109.29552576690881
 20
107.0214089624543
 10
109.26133351267968
 20
107.13412571881545
 10
109.23458649527419
 20
107.24883742037096
 10
109.21539924952714
 20
107.3650528540039
 10
109.20385393817051
 20
107.48227436738574
 10
109.2
 20
107.6
 10
109.20385393817051
 20
107.71772563261425
 10
109.21539924952714
 20
107.83494714599608
 10
109.23458649527419
 20
107.95116257962903
 10
109.26133351267967
 20
108.06587428118453
 10
109.29552576690881
 20
108.17859103754569
 10
109.33701684147968
 20
108.28883017825716
 10
109.38562906524116
 20
108.3961196423942
 10
109.441154273188
 20
108.5
 10
109.50335469785541
 20
108.60002641943528
 10
109.57196398747578
 20
108.6957705722157
 10
109.64668834653784
 20
108.78682246718012
 10
109.72720779386421
 20
108.87279220613578
 10
109.81317753281988
 20
108.95331165346215
 10
109.9042294277843
 20
109.02803601252421
 10
109.99997358056471
 20
109.09664530214458
 10
110.1
 20
109.15884572681199
 10
110.2038803576058
 20
109.21437093475883
 10
110.31116982174284
 20
109.26298315852031
 10
110.42140896245431
 20
109.30447423309118
 10
110.53412571881546
 20
109.33866648732031
 10
110.64883742037097
 20
109.36541350472581
 10
110.76505285400391
 20
109.38460075047286
 10
110.88227436738575
 20
109.39614606182948
 10
111.0
 20
109.39999999999999
 10
111.11772563261425
 20
109.39614606182948
 10
111.23494714599609
 20
109.38460075047286
 10
111.35116257962903
 20
109.36541350472581
 10
111.46587428118454
 20
109.33866648732032
 10
111.57859103754569
 20
109.30447423309118
 10
111.68883017825716
 20
109.26298315852031
 10
111.7961196423942
 20
109.21437093475883
 10
111.9
 20
109.15884572681199
 10
112.00002641943529
 20
109.09664530214458
 10
112.0957705722157
 20
109.02803601252423
 10
112.18682246718012
 20
108.95331165346215
 10
112.27279220613579
 20
108.87279220613578
 10
112.35331165346216
 20
108.78682246718012
 10
112.42803601252422
 20
108.6957705722157
 10
112.49664530214459
 20
108.60002641943528
 10
112.558845726812
 20
108.5
 10
112.61437093475884
 20
108.3961196423942
 10
112.66298315852032
 20
108.28883017825716
 10
112.70447423309119
 20
108.17859103754569
 10
112.73866648732032
 20
108.06587428118453
 10
112.76541350472581
 20
107.95116257962903
 10
112.78460075047286
 20
107.83494714599608
 10
112.79614606182949
 20
107.71772563261425
 97
0
 75
1
 76
1
 98
0
  0
LWPOLYLINE
  5
196
330
17
100
AcDbEntity
  8
08-FINA
100
AcDbPolyline
 90
97
 70
1
 10
112.8
 20
107.6
 10
112.79614606182949
 20
107.48227436738574
 10
112.78460075047286
 20
107.3650528540039
 10
112.76541350472581
 20
107.24883742037096
 10
112.73866648732033
 20
107.13412571881545
 10
112.70447423309119
 20
107.0214089624543
 10
112.66298315852032
 20
106.91116982174283
 10
112.61437093475884
 20
106.80388035760579
 10
112.558845726812
 20
106.69999999999999
 10
112.49664530214459
 20
106.59997358056471
 10
112.42803601252422
 20
106.5042294277843
 10
112.35331165346216
 20
106.41317753281987
 10
112.27279220613579
 20
106.3272077938642
 10
112.18682246718012
 20
106.24668834653784
 10
112.0957705722157
 20
106.17196398747578
 10
112.00002641943529
 20
106.10335469785541
 10
111.9
 20
106.041154273188
 10
111.7961196423942
 20
105.98562906524116
 10
111.68883017825716
 20
105.93701684147968
 10
111.57859103754569
 20
105.8955257669088
 10
111.46587428118454
 20
105.86133351267968
 10
111.35116257962903
 20
105.83458649527418
 10
111.23494714599609
 20
105.81539924952713
 10
111.11772563261425
 20
105.8038539381705
 10
111.0
 20
105.8
 10
110.88227436738575
 20
105.8038539381705
 10
110.76505285400391
 20
105.81539924952713
 10
110.64883742037097
 20
105.83458649527418
 10
110.53412571881546
 20
105.86133351267966
 10
110.42140896245431
 20
105.8955257669088
 10
110.31116982174284
 20
105.93701684147968
 10
110.2038803576058
 20
105.98562906524116
 10
110.1
 20
106.041154273188
 10
109.99997358056471
 20
106.10335469785541
 10
109.9042294277843
 20
106.17196398747578
 10
109.81317753281988
 20
106.24668834653784
 10
109.72720779386421
 20
106.3272077938642
 10
109.64668834653784
 20
106.41317753281987
 10
109.57196398747578
 20
106.5042294277843
 10
109.50335469785541
 20
106.59997358056471
 10
109.441154273188
 20
106.69999999999999
 10
109.38562906524116
 20
106.80388035760579
 10
109.33701684147968
 20
106.91116982174283
 10
109.29552576690881
 20
107.0214089624543
 10
109.26133351267968
 20
107.13412571881545
 10
109.23458649527419
 20
107.24883742037096
 10
109.21539924952714
 20
107.3650528540039
 10
109.20385393817051
 20
107.48227436738574
 10
109.2
 20
107.6
 10
109.20385393817051
 20
107.71772563261425
 10
109.21539924952714
 20
107.83494714599608
 10
109.23458649527419
 20
107.95116257962903
 10
109.26133351267967
 20
108.06587428118453
 10
109.29552576690881
 20
108.17859103754569
 10
109.33701684147968
 20
108.28883017825716
 10
109.38562906524116
 20
108.3961196423942
 10
109.441154273188
 20
108.5
 10
109.50335469785541
 20
108.60002641943528
 10
109.57196398747578
 20
108.6957705722157
 10
109.64668834653784
 20
108.78682246718012
 10
109.72720779386421
 20
108.87279220613578
 10
109.81317753281988
 20
108.95331165346215
 10
109.9042294277843
 20
109.02803601252421
 10
109.99997358056471
 20
109.09664530214458
 10
110.1
 20
109.15884572681199
 10
110.2038803576058
 20
109.21437093475883
 10
110.31116982174284
 20
109.26298315852031
 10
110.42140896245431
 20
109.30447423309118
 10
110.53412571881546
 20
109.33866648732031
 10
110.64883742037097
 20
109.36541350472581
 10
110.76505285400391
 20
109.38460075047286
 10
110.88227436738575
 20
109.39614606182948
 10
111.0
 20
109.39999999999999
 10
111.11772563261425
 20
109.39614606182948
 10
111.23494714599609
 20
109.38460075047286
 10
111.35116257962903
 20
109.36541350472581
 10
111.46587428118454
 20
109.33866648732032
 10
111.57859103754569
 20
109.30447423309118
 10
111.68883017825716
 20
109.26298315852031
 10
111.7961196423942
 20
109.21437093475883
 10
111.9
 20
109.15884572681199
 10
112.00002641943529
 20
109.09664530214458
 10
112.0957705722157
 20
109.02803601252423
 10
112.18682246718012
 20
108.95331165346215
 10
112.27279220613579
 20
108.87279220613578
 10
112.35331165346216
 20
108.78682246718012
 10
112.42803601252422
 20
108.6957705722157
 10
112.49664530214459
 20
108.60002641943528
 10
112.558845726812
 20
108.5
 10
112.61437093475884
 20
108.3961196423942
 10
112.66298315852032
 20
108.28883017825716
 10
112.70447423309119
 20
108.17859103754569
 10
112.73866648732032
 20
108.06587428118453
 10
112.76541350472581
 20
107.95116257962903
 10
112.78460075047286
 20
107.83494714599608
 10
112.79614606182949
 20
107.71772563261425
 10
112.8
 20
107.6
  0
HATCH
  5
197
330
17
100
AcDbEntity
  8
05-RAYADO
 62
7
420
9886840
100
AcDbHatch
 10
0.0
 20
0.0
 30
0.0
210
0.0
220
0.0
230
1.0
  2
SOLID
 70
1
 71
0
 91
1
 92
3
 72
0
 73
1
 93
96
 10
112.8
 20
103.2
 10
112.79614606182949
 20
103.08227436738575
 10
112.78460075047286
 20
102.96505285400391
 10
112.76541350472581
 20
102.84883742037097
 10
112.73866648732033
 20
102.73412571881546
 10
112.70447423309119
 20
102.62140896245431
 10
112.66298315852032
 20
102.51116982174284
 10
112.61437093475884
 20
102.4038803576058
 10
112.558845726812
 20
102.3
 10
112.49664530214459
 20
102.19997358056472
 10
112.42803601252422
 20
102.1042294277843
 10
112.35331165346216
 20
102.01317753281988
 10
112.27279220613579
 20
101.92720779386421
 10
112.18682246718012
 20
101.84668834653785
 10
112.0957705722157
 20
101.77196398747579
 10
112.00002641943529
 20
101.70335469785542
 10
111.9
 20
101.64115427318801
 10
111.7961196423942
 20
101.58562906524116
 10
111.68883017825716
 20
101.53701684147968
 10
111.57859103754569
 20
101.49552576690881
 10
111.46587428118454
 20
101.46133351267969
 10
111.35116257962903
 20
101.43458649527419
 10
111.23494714599609
 20
101.41539924952714
 10
111.11772563261425
 20
101.40385393817051
 10
111.0
 20
101.4
 10
110.88227436738575
 20
101.40385393817051
 10
110.76505285400391
 20
101.41539924952714
 10
110.64883742037097
 20
101.43458649527419
 10
110.53412571881546
 20
101.46133351267969
 10
110.42140896245431
 20
101.49552576690881
 10
110.31116982174284
 20
101.53701684147968
 10
110.2038803576058
 20
101.58562906524116
 10
110.1
 20
101.64115427318801
 10
109.99997358056471
 20
101.70335469785542
 10
109.9042294277843
 20
101.77196398747579
 10
109.81317753281988
 20
101.84668834653785
 10
109.72720779386421
 20
101.92720779386421
 10
109.64668834653784
 20
102.01317753281988
 10
109.57196398747578
 20
102.1042294277843
 10
109.50335469785541
 20
102.19997358056472
 10
109.441154273188
 20
102.3
 10
109.38562906524116
 20
102.4038803576058
 10
109.33701684147968
 20
102.51116982174284
 10
109.29552576690881
 20
102.62140896245431
 10
109.26133351267968
 20
102.73412571881546
 10
109.23458649527419
 20
102.84883742037097
 10
109.21539924952714
 20
102.96505285400391
 10
109.20385393817051
 20
103.08227436738575
 10
109.2
 20
103.2
 10
109.20385393817051
 20
103.31772563261426
 10
109.21539924952714
 20
103.43494714599609
 10
109.23458649527419
 20
103.55116257962904
 10
109.26133351267967
 20
103.66587428118454
 10
109.29552576690881
 20
103.7785910375457
 10
109.33701684147968
 20
103.88883017825717
 10
109.38562906524116
 20
103.9961196423942
 10
109.441154273188
 20
104.10000000000001
 10
109.50335469785541
 20
104.20002641943529
 10
109.57196398747578
 20
104.2957705722157
 10
109.64668834653784
 20
104.38682246718012
 10
109.72720779386421
 20
104.4727922061358
 10
109.81317753281988
 20
104.55331165346216
 10
109.9042294277843
 20
104.62803601252422
 10
109.99997358056471
 20
104.69664530214459
 10
110.1
 20
104.758845726812
 10
110.2038803576058
 20
104.81437093475884
 10
110.31116982174284
 20
104.86298315852032
 10
110.42140896245431
 20
104.9044742330912
 10
110.53412571881546
 20
104.93866648732032
 10
110.64883742037097
 20
104.96541350472582
 10
110.76505285400391
 20
104.98460075047286
 10
110.88227436738575
 20
104.99614606182949
 10
111.0
 20
105.0
 10
111.11772563261425
 20
104.99614606182949
 10
111.23494714599609
 20
104.98460075047286
 10
111.35116257962903
 20
104.96541350472582
 10
111.46587428118454
 20
104.93866648732033
 10
111.57859103754569
 20
104.9044742330912
 10
111.68883017825716
 20
104.86298315852032
 10
111.7961196423942
 20
104.81437093475884
 10
111.9
 20
104.758845726812
 10
112.00002641943529
 20
104.69664530214459
 10
112.0957705722157
 20
104.62803601252423
 10
112.18682246718012
 20
104.55331165346216
 10
112.27279220613579
 20
104.4727922061358
 10
112.35331165346216
 20
104.38682246718012
 10
112.42803601252422
 20
104.2957705722157
 10
112.49664530214459
 20
104.20002641943529
 10
112.558845726812
 20
104.10000000000001
 10
112.61437093475884
 20
103.9961196423942
 10
112.66298315852032
 20
103.88883017825717
 10
112.70447423309119
 20
103.7785910375457
 10
112.73866648732032
 20
103.66587428118454
 10
112.76541350472581
 20
103.55116257962904
 10
112.78460075047286
 20
103.43494714599609
 10
112.79614606182949
 20
103.31772563261426
 97
0
 75
1
 76
1
 98
0
  0
LWPOLYLINE
  5
198
330
17
100
AcDbEntity
  8
08-FINA
100
AcDbPolyline
 90
97
 70
1
 10
112.8
 20
103.2
 10
112.79614606182949
 20
103.08227436738575
 10
112.78460075047286
 20
102.96505285400391
 10
112.76541350472581
 20
102.84883742037097
 10
112.73866648732033
 20
102.73412571881546
 10
112.70447423309119
 20
102.62140896245431
 10
112.66298315852032
 20
102.51116982174284
 10
112.61437093475884
 20
102.4038803576058
 10
112.558845726812
 20
102.3
 10
112.49664530214459
 20
102.19997358056472
 10
112.42803601252422
 20
102.1042294277843
 10
112.35331165346216
 20
102.01317753281988
 10
112.27279220613579
 20
101.92720779386421
 10
112.18682246718012
 20
101.84668834653785
 10
112.0957705722157
 20
101.77196398747579
 10
112.00002641943529
 20
101.70335469785542
 10
111.9
 20
101.64115427318801
 10
111.7961196423942
 20
101.58562906524116
 10
111.68883017825716
 20
101.53701684147968
 10
111.57859103754569
 20
101.49552576690881
 10
111.46587428118454
 20
101.46133351267969
 10
111.35116257962903
 20
101.43458649527419
 10
111.23494714599609
 20
101.41539924952714
 10
111.11772563261425
 20
101.40385393817051
 10
111.0
 20
101.4
 10
110.88227436738575
 20
101.40385393817051
 10
110.76505285400391
 20
101.41539924952714
 10
110.64883742037097
 20
101.43458649527419
 10
110.53412571881546
 20
101.46133351267969
 10
110.42140896245431
 20
101.49552576690881
 10
110.31116982174284
 20
101.53701684147968
 10
110.2038803576058
 20
101.58562906524116
 10
110.1
 20
101.64115427318801
 10
109.99997358056471
 20
101.70335469785542
 10
109.9042294277843
 20
101.77196398747579
 10
109.81317753281988
 20
101.84668834653785
 10
109.72720779386421
 20
101.92720779386421
 10
109.64668834653784
 20
102.01317753281988
 10
109.57196398747578
 20
102.1042294277843
 10
109.50335469785541
 20
102.19997358056472
 10
109.441154273188
 20
102.3
 10
109.38562906524116
 20
102.4038803576058
 10
109.33701684147968
 20
102.51116982174284
 10
109.29552576690881
 20
102.62140896245431
 10
109.26133351267968
 20
102.73412571881546
 10
109.23458649527419
 20
102.84883742037097
 10
109.21539924952714
 20
102.96505285400391
 10
109.20385393817051
 20
103.08227436738575
 10
109.2
 20
103.2
 10
109.20385393817051
 20
103.31772563261426
 10
109.21539924952714
 20
103.43494714599609
 10
109.23458649527419
 20
103.55116257962904
 10
109.26133351267967
 20
103.66587428118454
 10
109.29552576690881
 20
103.7785910375457
 10
109.33701684147968
 20
103.88883017825717
 10
109.38562906524116
 20
103.9961196423942
 10
109.441154273188
 20
104.10000000000001
 10
109.50335469785541
 20
104.20002641943529
 10
109.57196398747578
 20
104.2957705722157
 10
109.64668834653784
 20
104.38682246718012
 10
109.72720779386421
 20
104.4727922061358
 10
109.81317753281988
 20
104.55331165346216
 10
109.9042294277843
 20
104.62803601252422
 10
109.99997358056471
 20
104.69664530214459
 10
110.1
 20
104.758845726812
 10
110.2038803576058
 20
104.81437093475884
 10
110.31116982174284
 20
104.86298315852032
 10
110.42140896245431
 20
104.9044742330912
 10
110.53412571881546
 20
104.93866648732032
 10
110.64883742037097
 20
104.96541350472582
 10
110.76505285400391
 20
104.98460075047286
 10
110.88227436738575
 20
104.99614606182949
 10
111.0
 20
105.0
 10
111.11772563261425
 20
104.99614606182949
 10
111.23494714599609
 20
104.98460075047286
 10
111.35116257962903
 20
104.96541350472582
 10
111.46587428118454
 20
104.93866648732033
 10
111.57859103754569
 20
104.9044742330912
 10
111.68883017825716
 20
104.86298315852032
 10
111.7961196423942
 20
104.81437093475884
 10
111.9
 20
104.758845726812
 10
112.00002641943529
 20
104.69664530214459
 10
112.0957705722157
 20
104.62803601252423
 10
112.18682246718012
 20
104.55331165346216
 10
112.27279220613579
 20
104.4727922061358
 10
112.35331165346216
 20
104.38682246718012
 10
112.42803601252422
 20
104.2957705722157
 10
112.49664530214459
 20
104.20002641943529
 10
112.558845726812
 20
104.10000000000001
 10
112.61437093475884
 20
103.9961196423942
 10
112.66298315852032
 20
103.88883017825717
 10
112.70447423309119
 20
103.7785910375457
 10
112.73866648732032
 20
103.66587428118454
 10
112.76541350472581
 20
103.55116257962904
 10
112.78460075047286
 20
103.43494714599609
 10
112.79614606182949
 20
103.31772563261426
 10
112.8
 20
103.2
  0
HATCH
  5
199
330
17
100
AcDbEntity
  8
05-RAYADO
 62
7
420
16092190
100
AcDbHatch
 10
0.0
 20
0.0
 30
0.0
210
0.0
220
0.0
230
1.0
  2
SOLID
 70
1
 71
0
 91
1
 92
3
 72
0
 73
1
 93
96
 10
112.8
 20
98.8
 10
112.79614606182949
 20
98.68227436738574
 10
112.78460075047286
 20
98.56505285400391
 10
112.76541350472581
 20
98.44883742037096
 10
112.73866648732033
 20
98.33412571881546
 10
112.70447423309119
 20
98.2214089624543
 10
112.66298315852032
 20
98.11116982174283
 10
112.61437093475884
 20
98.0038803576058
 10
112.558845726812
 20
97.89999999999999
 10
112.49664530214459
 20
97.79997358056471
 10
112.42803601252422
 20
97.7042294277843
 10
112.35331165346216
 20
97.61317753281988
 10
112.27279220613579
 20
97.5272077938642
 10
112.18682246718012
 20
97.44668834653784
 10
112.0957705722157
 20
97.37196398747578
 10
112.00002641943529
 20
97.30335469785541
 10
111.9
 20
97.241154273188
 10
111.7961196423942
 20
97.18562906524116
 10
111.68883017825716
 20
97.13701684147968
 10
111.57859103754569
 20
97.0955257669088
 10
111.46587428118454
 20
97.06133351267968
 10
111.35116257962903
 20
97.03458649527418
 10
111.23494714599609
 20
97.01539924952714
 10
111.11772563261425
 20
97.00385393817051
 10
111.0
 20
97.0
 10
110.88227436738575
 20
97.00385393817051
 10
110.76505285400391
 20
97.01539924952714
 10
110.64883742037097
 20
97.03458649527418
 10
110.53412571881546
 20
97.06133351267968
 10
110.42140896245431
 20
97.0955257669088
 10
110.31116982174284
 20
97.13701684147968
 10
110.2038803576058
 20
97.18562906524116
 10
110.1
 20
97.241154273188
 10
109.99997358056471
 20
97.30335469785541
 10
109.9042294277843
 20
97.37196398747578
 10
109.81317753281988
 20
97.44668834653784
 10
109.72720779386421
 20
97.5272077938642
 10
109.64668834653784
 20
97.61317753281988
 10
109.57196398747578
 20
97.7042294277843
 10
109.50335469785541
 20
97.79997358056471
 10
109.441154273188
 20
97.89999999999999
 10
109.38562906524116
 20
98.0038803576058
 10
109.33701684147968
 20
98.11116982174283
 10
109.29552576690881
 20
98.2214089624543
 10
109.26133351267968
 20
98.33412571881546
 10
109.23458649527419
 20
98.44883742037096
 10
109.21539924952714
 20
98.56505285400391
 10
109.20385393817051
 20
98.68227436738574
 10
109.2
 20
98.8
 10
109.20385393817051
 20
98.91772563261425
 10
109.21539924952714
 20
99.03494714599609
 10
109.23458649527419
 20
99.15116257962903
 10
109.26133351267967
 20
99.26587428118454
 10
109.29552576690881
 20
99.37859103754569
 10
109.33701684147968
 20
99.48883017825716
 10
109.38562906524116
 20
99.5961196423942
 10
109.441154273188
 20
99.7
 10
109.50335469785541
 20
99.80002641943528
 10
109.57196398747578
 20
99.8957705722157
 10
109.64668834653784
 20
99.98682246718012
 10
109.72720779386421
 20
100.07279220613579
 10
109.81317753281988
 20
100.15331165346215
 10
109.9042294277843
 20
100.22803601252421
 10
109.99997358056471
 20
100.29664530214458
 10
110.1
 20
100.35884572681199
 10
110.2038803576058
 20
100.41437093475884
 10
110.31116982174284
 20
100.46298315852032
 10
110.42140896245431
 20
100.50447423309119
 10
110.53412571881546
 20
100.53866648732031
 10
110.64883742037097
 20
100.56541350472581
 10
110.76505285400391
 20
100.58460075047286
 10
110.88227436738575
 20
100.59614606182949
 10
111.0
 20
100.6
 10
111.11772563261425
 20
100.59614606182949
 10
111.23494714599609
 20
100.58460075047286
 10
111.35116257962903
 20
100.56541350472581
 10
111.46587428118454
 20
100.53866648732033
 10
111.57859103754569
 20
100.50447423309119
 10
111.68883017825716
 20
100.46298315852032
 10
111.7961196423942
 20
100.41437093475884
 10
111.9
 20
100.35884572681199
 10
112.00002641943529
 20
100.29664530214458
 10
112.0957705722157
 20
100.22803601252423
 10
112.18682246718012
 20
100.15331165346215
 10
112.27279220613579
 20
100.07279220613579
 10
112.35331165346216
 20
99.98682246718012
 10
112.42803601252422
 20
99.8957705722157
 10
112.49664530214459
 20
99.80002641943528
 10
112.558845726812
 20
99.7
 10
112.61437093475884
 20
99.5961196423942
 10
112.66298315852032
 20
99.48883017825716
 10
112.70447423309119
 20
99.37859103754569
 10
112.73866648732032
 20
99.26587428118454
 10
112.76541350472581
 20
99.15116257962903
 10
112.78460075047286
 20
99.03494714599609
 10
112.79614606182949
 20
98.91772563261425
 97
0
 75
1
 76
1
 98
0
  0
LWPOLYLINE
  5
19A
330
17
100
AcDbEntity
  8
08-FINA
100
AcDbPolyline
 90
97
 70
1
 10
112.8
 20
98.8
 10
112.79614606182949
 20
98.68227436738574
 10
112.78460075047286
 20
98.56505285400391
 10
112.76541350472581
 20
98.44883742037096
 10
112.73866648732033
 20
98.33412571881546
 10
112.70447423309119
 20
98.2214089624543
 10
112.66298315852032
 20
98.11116982174283
 10
112.61437093475884
 20
98.0038803576058
 10
112.558845726812
 20
97.89999999999999
 10
112.49664530214459
 20
97.79997358056471
 10
112.42803601252422
 20
97.7042294277843
 10
112.35331165346216
 20
97.61317753281988
 10
112.27279220613579
 20
97.5272077938642
 10
112.18682246718012
 20
97.44668834653784
 10
112.0957705722157
 20
97.37196398747578
 10
112.00002641943529
 20
97.30335469785541
 10
111.9
 20
97.241154273188
 10
111.7961196423942
 20
97.18562906524116
 10
111.68883017825716
 20
97.13701684147968
 10
111.57859103754569
 20
97.0955257669088
 10
111.46587428118454
 20
97.06133351267968
 10
111.35116257962903
 20
97.03458649527418
 10
111.23494714599609
 20
97.01539924952714
 10
111.11772563261425
 20
97.00385393817051
 10
111.0
 20
97.0
 10
110.88227436738575
 20
97.00385393817051
 10
110.76505285400391
 20
97.01539924952714
 10
110.64883742037097
 20
97.03458649527418
 10
110.53412571881546
 20
97.06133351267968
 10
110.42140896245431
 20
97.0955257669088
 10
110.31116982174284
 20
97.13701684147968
 10
110.2038803576058
 20
97.18562906524116
 10
110.1
 20
97.241154273188
 10
109.99997358056471
 20
97.30335469785541
 10
109.9042294277843
 20
97.37196398747578
 10
109.81317753281988
 20
97.44668834653784
 10
109.72720779386421
 20
97.5272077938642
 10
109.64668834653784
 20
97.61317753281988
 10
109.57196398747578
 20
97.7042294277843
 10
109.50335469785541
 20
97.79997358056471
 10
109.441154273188
 20
97.89999999999999
 10
109.38562906524116
 20
98.0038803576058
 10
109.33701684147968
 20
98.11116982174283
 10
109.29552576690881
 20
98.2214089624543
 10
109.26133351267968
 20
98.33412571881546
 10
109.23458649527419
 20
98.44883742037096
 10
109.21539924952714
 20
98.56505285400391
 10
109.20385393817051
 20
98.68227436738574
 10
109.2
 20
98.8
 10
109.20385393817051
 20
98.91772563261425
 10
109.21539924952714
 20
99.03494714599609
 10
109.23458649527419
 20
99.15116257962903
 10
109.26133351267967
 20
99.26587428118454
 10
109.29552576690881
 20
99.37859103754569
 10
109.33701684147968
 20
99.48883017825716
 10
109.38562906524116
 20
99.5961196423942
 10
109.441154273188
 20
99.7
 10
109.50335469785541
 20
99.80002641943528
 10
109.57196398747578
 20
99.8957705722157
 10
109.64668834653784
 20
99.98682246718012
 10
109.72720779386421
 20
100.07279220613579
 10
109.81317753281988
 20
100.15331165346215
 10
109.9042294277843
 20
100.22803601252421
 10
109.99997358056471
 20
100.29664530214458
 10
110.1
 20
100.35884572681199
 10
110.2038803576058
 20
100.41437093475884
 10
110.31116982174284
 20
100.46298315852032
 10
110.42140896245431
 20
100.50447423309119
 10
110.53412571881546
 20
100.53866648732031
 10
110.64883742037097
 20
100.56541350472581
 10
110.76505285400391
 20
100.58460075047286
 10
110.88227436738575
 20
100.59614606182949
 10
111.0
 20
100.6
 10
111.11772563261425
 20
100.59614606182949
 10
111.23494714599609
 20
100.58460075047286
 10
111.35116257962903
 20
100.56541350472581
 10
111.46587428118454
 20
100.53866648732033
 10
111.57859103754569
 20
100.50447423309119
 10
111.68883017825716
 20
100.46298315852032
 10
111.7961196423942
 20
100.41437093475884
 10
111.9
 20
100.35884572681199
 10
112.00002641943529
 20
100.29664530214458
 10
112.0957705722157
 20
100.22803601252423
 10
112.18682246718012
 20
100.15331165346215
 10
112.27279220613579
 20
100.07279220613579
 10
112.35331165346216
 20
99.98682246718012
 10
112.42803601252422
 20
99.8957705722157
 10
112.49664530214459
 20
99.80002641943528
 10
112.558845726812
 20
99.7
 10
112.61437093475884
 20
99.5961196423942
 10
112.66298315852032
 20
99.48883017825716
 10
112.70447423309119
 20
99.37859103754569
 10
112.73866648732032
 20
99.26587428118454
 10
112.76541350472581
 20
99.15116257962903
 10
112.78460075047286
 20
99.03494714599609
 10
112.79614606182949
 20
98.91772563261425
 10
112.8
 20
98.8
  0
HATCH
  5
19B
330
17
100
AcDbEntity
  8
05-RAYADO
 62
7
420
12487770
100
AcDbHatch
 10
0.0
 20
0.0
 30
0.0
210
0.0
220
0.0
230
1.0
  2
SOLID
 70
1
 71
0
 91
1
 92
3
 72
0
 73
1
 93
96
 10
112.8
 20
94.39999999999999
 10
112.79614606182949
 20
94.28227436738574
 10
112.78460075047286
 20
94.1650528540039
 10
112.76541350472581
 20
94.04883742037096
 10
112.73866648732033
 20
93.93412571881545
 10
112.70447423309119
 20
93.8214089624543
 10
112.66298315852032
 20
93.71116982174283
 10
112.61437093475884
 20
93.60388035760579
 10
112.558845726812
 20
93.49999999999999
 10
112.49664530214459
 20
93.3999735805647
 10
112.42803601252422
 20
93.30422942778429
 10
112.35331165346216
 20
93.21317753281987
 10
112.27279220613579
 20
93.1272077938642
 10
112.18682246718012
 20
93.04668834653783
 10
112.0957705722157
 20
92.97196398747577
 10
112.00002641943529
 20
92.9033546978554
 10
111.9
 20
92.841154273188
 10
111.7961196423942
 20
92.78562906524115
 10
111.68883017825716
 20
92.73701684147967
 10
111.57859103754569
 20
92.6955257669088
 10
111.46587428118454
 20
92.66133351267968
 10
111.35116257962903
 20
92.63458649527418
 10
111.23494714599609
 20
92.61539924952713
 10
111.11772563261425
 20
92.6038539381705
 10
111.0
 20
92.6
 10
110.88227436738575
 20
92.6038539381705
 10
110.76505285400391
 20
92.61539924952713
 10
110.64883742037097
 20
92.63458649527418
 10
110.53412571881546
 20
92.66133351267968
 10
110.42140896245431
 20
92.6955257669088
 10
110.31116982174284
 20
92.73701684147967
 10
110.2038803576058
 20
92.78562906524115
 10
110.1
 20
92.841154273188
 10
109.99997358056471
 20
92.9033546978554
 10
109.9042294277843
 20
92.97196398747577
 10
109.81317753281988
 20
93.04668834653783
 10
109.72720779386421
 20
93.1272077938642
 10
109.64668834653784
 20
93.21317753281987
 10
109.57196398747578
 20
93.30422942778429
 10
109.50335469785541
 20
93.3999735805647
 10
109.441154273188
 20
93.49999999999999
 10
109.38562906524116
 20
93.60388035760579
 10
109.33701684147968
 20
93.71116982174283
 10
109.29552576690881
 20
93.8214089624543
 10
109.26133351267968
 20
93.93412571881545
 10
109.23458649527419
 20
94.04883742037096
 10
109.21539924952714
 20
94.1650528540039
 10
109.20385393817051
 20
94.28227436738574
 10
109.2
 20
94.39999999999999
 10
109.20385393817051
 20
94.51772563261424
 10
109.21539924952714
 20
94.63494714599608
 10
109.23458649527419
 20
94.75116257962902
 10
109.26133351267967
 20
94.86587428118453
 10
109.29552576690881
 20
94.97859103754568
 10
109.33701684147968
 20
95.08883017825715
 10
109.38562906524116
 20
95.1961196423942
 10
109.441154273188
 20
95.3
 10
109.50335469785541
 20
95.40002641943528
 10
109.57196398747578
 20
95.49577057221569
 10
109.64668834653784
 20
95.58682246718011
 10
109.72720779386421
 20
95.67279220613578
 10
109.81317753281988
 20
95.75331165346215
 10
109.9042294277843
 20
95.82803601252421
 10
109.99997358056471
 20
95.89664530214458
 10
110.1
 20
95.95884572681199
 10
110.2038803576058
 20
96.01437093475883
 10
110.31116982174284
 20
96.06298315852031
 10
110.42140896245431
 20
96.10447423309118
 10
110.53412571881546
 20
96.13866648732031
 10
110.64883742037097
 20
96.1654135047258
 10
110.76505285400391
 20
96.18460075047285
 10
110.88227436738575
 20
96.19614606182948
 10
111.0
 20
96.19999999999999
 10
111.11772563261425
 20
96.19614606182948
 10
111.23494714599609
 20
96.18460075047285
 10
111.35116257962903
 20
96.1654135047258
 10
111.46587428118454
 20
96.13866648732032
 10
111.57859103754569
 20
96.10447423309118
 10
111.68883017825716
 20
96.06298315852031
 10
111.7961196423942
 20
96.01437093475883
 10
111.9
 20
95.95884572681199
 10
112.00002641943529
 20
95.89664530214458
 10
112.0957705722157
 20
95.82803601252422
 10
112.18682246718012
 20
95.75331165346215
 10
112.27279220613579
 20
95.67279220613578
 10
112.35331165346216
 20
95.58682246718011
 10
112.42803601252422
 20
95.49577057221569
 10
112.49664530214459
 20
95.40002641943528
 10
112.558845726812
 20
95.3
 10
112.61437093475884
 20
95.1961196423942
 10
112.66298315852032
 20
95.08883017825715
 10
112.70447423309119
 20
94.97859103754568
 10
112.73866648732032
 20
94.86587428118453
 10
112.76541350472581
 20
94.75116257962902
 10
112.78460075047286
 20
94.63494714599608
 10
112.79614606182949
 20
94.51772563261424
 97
0
 75
1
 76
1
 98
0
  0
LWPOLYLINE
  5
19C
330
17
100
AcDbEntity
  8
08-FINA
100
AcDbPolyline
 90
97
 70
1
 10
112.8
 20
94.39999999999999
 10
112.79614606182949
 20
94.28227436738574
 10
112.78460075047286
 20
94.1650528540039
 10
112.76541350472581
 20
94.04883742037096
 10
112.73866648732033
 20
93.93412571881545
 10
112.70447423309119
 20
93.8214089624543
 10
112.66298315852032
 20
93.71116982174283
 10
112.61437093475884
 20
93.60388035760579
 10
112.558845726812
 20
93.49999999999999
 10
112.49664530214459
 20
93.3999735805647
 10
112.42803601252422
 20
93.30422942778429
 10
112.35331165346216
 20
93.21317753281987
 10
112.27279220613579
 20
93.1272077938642
 10
112.18682246718012
 20
93.04668834653783
 10
112.0957705722157
 20
92.97196398747577
 10
112.00002641943529
 20
92.9033546978554
 10
111.9
 20
92.841154273188
 10
111.7961196423942
 20
92.78562906524115
 10
111.68883017825716
 20
92.73701684147967
 10
111.57859103754569
 20
92.6955257669088
 10
111.46587428118454
 20
92.66133351267968
 10
111.35116257962903
 20
92.63458649527418
 10
111.23494714599609
 20
92.61539924952713
 10
111.11772563261425
 20
92.6038539381705
 10
111.0
 20
92.6
 10
110.88227436738575
 20
92.6038539381705
 10
110.76505285400391
 20
92.61539924952713
 10
110.64883742037097
 20
92.63458649527418
 10
110.53412571881546
 20
92.66133351267968
 10
110.42140896245431
 20
92.6955257669088
 10
110.31116982174284
 20
92.73701684147967
 10
110.2038803576058
 20
92.78562906524115
 10
110.1
 20
92.841154273188
 10
109.99997358056471
 20
92.9033546978554
 10
109.9042294277843
 20
92.97196398747577
 10
109.81317753281988
 20
93.04668834653783
 10
109.72720779386421
 20
93.1272077938642
 10
109.64668834653784
 20
93.21317753281987
 10
109.57196398747578
 20
93.30422942778429
 10
109.50335469785541
 20
93.3999735805647
 10
109.441154273188
 20
93.49999999999999
 10
109.38562906524116
 20
93.60388035760579
 10
109.33701684147968
 20
93.71116982174283
 10
109.29552576690881
 20
93.8214089624543
 10
109.26133351267968
 20
93.93412571881545
 10
109.23458649527419
 20
94.04883742037096
 10
109.21539924952714
 20
94.1650528540039
 10
109.20385393817051
 20
94.28227436738574
 10
109.2
 20
94.39999999999999
 10
109.20385393817051
 20
94.51772563261424
 10
109.21539924952714
 20
94.63494714599608
 10
109.23458649527419
 20
94.75116257962902
 10
109.26133351267967
 20
94.86587428118453
 10
109.29552576690881
 20
94.97859103754568
 10
109.33701684147968
 20
95.08883017825715
 10
109.38562906524116
 20
95.1961196423942
 10
109.441154273188
 20
95.3
 10
109.50335469785541
 20
95.40002641943528
 10
109.57196398747578
 20
95.49577057221569
 10
109.64668834653784
 20
95.58682246718011
 10
109.72720779386421
 20
95.67279220613578
 10
109.81317753281988
 20
95.75331165346215
 10
109.9042294277843
 20
95.82803601252421
 10
109.99997358056471
 20
95.89664530214458
 10
110.1
 20
95.95884572681199
 10
110.2038803576058
 20
96.01437093475883
 10
110.31116982174284
 20
96.06298315852031
 10
110.42140896245431
 20
96.10447423309118
 10
110.53412571881546
 20
96.13866648732031
 10
110.64883742037097
 20
96.1654135047258
 10
110.76505285400391
 20
96.18460075047285
 10
110.88227436738575
 20
96.19614606182948
 10
111.0
 20
96.19999999999999
 10
111.11772563261425
 20
96.19614606182948
 10
111.23494714599609
 20
96.18460075047285
 10
111.35116257962903
 20
96.1654135047258
 10
111.46587428118454
 20
96.13866648732032
 10
111.57859103754569
 20
96.10447423309118
 10
111.68883017825716
 20
96.06298315852031
 10
111.7961196423942
 20
96.01437093475883
 10
111.9
 20
95.95884572681199
 10
112.00002641943529
 20
95.89664530214458
 10
112.0957705722157
 20
95.82803601252422
 10
112.18682246718012
 20
95.75331165346215
 10
112.27279220613579
 20
95.67279220613578
 10
112.35331165346216
 20
95.58682246718011
 10
112.42803601252422
 20
95.49577057221569
 10
112.49664530214459
 20
95.40002641943528
 10
112.558845726812
 20
95.3
 10
112.61437093475884
 20
95.1961196423942
 10
112.66298315852032
 20
95.08883017825715
 10
112.70447423309119
 20
94.97859103754568
 10
112.73866648732032
 20
94.86587428118453
 10
112.76541350472581
 20
94.75116257962902
 10
112.78460075047286
 20
94.63494714599608
 10
112.79614606182949
 20
94.51772563261424
 10
112.8
 20
94.39999999999999
  0
LWPOLYLINE
  5
19D
330
17
100
AcDbEntity
  8
10-ROTULO
100
AcDbPolyline
 90
4
 70
1
 10
125.0
 20
175.8
 10
203.0
 20
175.8
 10
203.0
 20
180.0
 10
125.0
 20
180.0
  0
TEXT
  5
19E
330
17
100
AcDbEntity
  8
06-TEXTO
100
AcDbText
 10
164.0
 20
177.9
 30
0.0
 40
3.5
  1
MARBETE POR MODELO
  7
ISO3098
 72
1
 11
164.0
 21
177.9
 31
0.0
100
AcDbText
 73
2
  0
LWPOLYLINE
  5
19F
330
17
100
AcDbEntity
  8
10-ROTULO
100
AcDbPolyline
 90
4
 70
1
 10
125.0
 20
171.60000000000002
 10
159.0
 20
171.60000000000002
 10
159.0
 20
175.8
 10
125.0
 20
175.8
  0
TEXT
  5
1A0
330
17
100
AcDbEntity
  8
06-TEXTO
100
AcDbText
 10
126.5
 20
173.70000000000002
 30
0.0
 40
2.5
  1
Modelo
  7
ISO3098
 11
126.5
 21
173.70000000000002
 31
0.0
100
AcDbText
 73
2
  0
LWPOLYLINE
  5
1A1
330
17
100
AcDbEntity
  8
10-ROTULO
100
AcDbPolyline
 90
4
 70
1
 10
159.0
 20
171.60000000000002
 10
177.0
 20
171.60000000000002
 10
177.0
 20
175.8
 10
159.0
 20
175.8
  0
TEXT
  5
1A2
330
17
100
AcDbEntity
  8
06-TEXTO
100
AcDbText
 10
168.0
 20
173.70000000000002
 30
0.0
 40
1.8
  1
Ø cuello
  7
ISO3098
 72
1
 11
168.0
 21
173.70000000000002
 31
0.0
100
AcDbText
 73
2
  0
LWPOLYLINE
  5
1A3
330
17
100
AcDbEntity
  8
10-ROTULO
100
AcDbPolyline
 90
4
 70
1
 10
177.0
 20
171.60000000000002
 10
203.0
 20
171.60000000000002
 10
203.0
 20
175.8
 10
177.0
 20
175.8
  0
TEXT
  5
1A4
330
17
100
AcDbEntity
  8
06-TEXTO
100
AcDbText
 10
190.0
 20
173.70000000000002
 30
0.0
 40
2.5
  1
Marbete D
  7
ISO3098
 72
1
 11
190.0
 21
173.70000000000002
 31
0.0
100
AcDbText
 73
2
  0
LWPOLYLINE
  5
1A5
330
17
100
AcDbEntity
  8
10-ROTULO
100
AcDbPolyline
 90
4
 70
1
 10
125.0
 20
167.40000000000003
 10
159.0
 20
167.40000000000003
 10
159.0
 20
171.60000000000002
 10
125.0
 20
171.60000000000002
  0
TEXT
  5
1A6
330
17
100
AcDbEntity
  8
06-TEXTO
100
AcDbText
 10
126.5
 20
169.50000000000003
 30
0.0
 40
2.5
  1
ABC_1kg
  7
ISO3098
 11
126.5
 21
169.50000000000003
 31
0.0
100
AcDbText
 73
2
  0
LWPOLYLINE
  5
1A7
330
17
100
AcDbEntity
  8
10-ROTULO
100
AcDbPolyline
 90
4
 70
1
 10
159.0
 20
167.40000000000003
 10
177.0
 20
167.40000000000003
 10
177.0
 20
171.60000000000002
 10
159.0
 20
171.60000000000002
  0
TEXT
  5
1A8
330
17
100
AcDbEntity
  8
06-TEXTO
100
AcDbText
 10
168.0
 20
169.50000000000003
 30
0.0
 40
2.5
  1
29
  7
ISO3098
 72
1
 11
168.0
 21
169.50000000000003
 31
0.0
100
AcDbText
 73
2
  0
LWPOLYLINE
  5
1A9
330
17
100
AcDbEntity
  8
10-ROTULO
100
AcDbPolyline
 90
4
 70
1
 10
177.0
 20
167.40000000000003
 10
203.0
 20
167.40000000000003
 10
203.0
 20
171.60000000000002
 10
177.0
 20
171.60000000000002
  0
TEXT
  5
1AA
330
17
100
AcDbEntity
  8
06-TEXTO
100
AcDbText
 10
190.0
 20
169.50000000000003
 30
0.0
 40
2.5
  1
33
  7
ISO3098
 72
1
 11
190.0
 21
169.50000000000003
 31
0.0
100
AcDbText
 73
2
  0
LWPOLYLINE
  5
1AB
330
17
100
AcDbEntity
  8
10-ROTULO
100
AcDbPolyline
 90
4
 70
1
 10
125.0
 20
163.20000000000005
 10
159.0
 20
163.20000000000005
 10
159.0
 20
167.40000000000003
 10
125.0
 20
167.40000000000003
  0
TEXT
  5
1AC
330
17
100
AcDbEntity
  8
06-TEXTO
100
AcDbText
 10
126.5
 20
165.30000000000004
 30
0.0
 40
2.5
  1
ABC_2.5kg
  7
ISO3098
 11
126.5
 21
165.30000000000004
 31
0.0
100
AcDbText
 73
2
  0
LWPOLYLINE
  5
1AD
330
17
100
AcDbEntity
  8
10-ROTULO
100
AcDbPolyline
 90
4
 70
1
 10
159.0
 20
163.20000000000005
 10
177.0
 20
163.20000000000005
 10
177.0
 20
167.40000000000003
 10
159.0
 20
167.40000000000003
  0
TEXT
  5
1AE
330
17
100
AcDbEntity
  8
06-TEXTO
100
AcDbText
 10
168.0
 20
165.30000000000004
 30
0.0
 40
2.5
  1
37
  7
ISO3098
 72
1
 11
168.0
 21
165.30000000000004
 31
0.0
100
AcDbText
 73
2
  0
LWPOLYLINE
  5
1AF
330
17
100
AcDbEntity
  8
10-ROTULO
100
AcDbPolyline
 90
4
 70
1
 10
177.0
 20
163.20000000000005
 10
203.0
 20
163.20000000000005
 10
203.0
 20
167.40000000000003
 10
177.0
 20
167.40000000000003
  0
TEXT
  5
1B0
330
17
100
AcDbEntity
  8
06-TEXTO
100
AcDbText
 10
190.0
 20
165.30000000000004
 30
0.0
 40
2.5
  1
40
  7
ISO3098
 72
1
 11
190.0
 21
165.30000000000004
 31
0.0
100
AcDbText
 73
2
  0
LWPOLYLINE
  5
1B1
330
17
100
AcDbEntity
  8
10-ROTULO
100
AcDbPolyline
 90
4
 70
1
 10
125.0
 20
159.00000000000006
 10
159.0
 20
159.00000000000006
 10
159.0
 20
163.20000000000005
 10
125.0
 20
163.20000000000005
  0
TEXT
  5
1B2
330
17
100
AcDbEntity
  8
06-TEXTO
100
AcDbText
 10
126.5
 20
161.10000000000005
 30
0.0
 40
2.5
  1
ABC_5kg
  7
ISO3098
 11
126.5
 21
161.10000000000005
 31
0.0
100
AcDbText
 73
2
  0
LWPOLYLINE
  5
1B3
330
17
100
AcDbEntity
  8
10-ROTULO
100
AcDbPolyline
 90
4
 70
1
 10
159.0
 20
159.00000000000006
 10
177.0
 20
159.00000000000006
 10
177.0
 20
163.20000000000005
 10
159.0
 20
163.20000000000005
  0
TEXT
  5
1B4
330
17
100
AcDbEntity
  8
06-TEXTO
100
AcDbText
 10
168.0
 20
161.10000000000005
 30
0.0
 40
2.5
  1
37
  7
ISO3098
 72
1
 11
168.0
 21
161.10000000000005
 31
0.0
100
AcDbText
 73
2
  0
LWPOLYLINE
  5
1B5
330
17
100
AcDbEntity
  8
10-ROTULO
100
AcDbPolyline
 90
4
 70
1
 10
177.0
 20
159.00000000000006
 10
203.0
 20
159.00000000000006
 10
203.0
 20
163.20000000000005
 10
177.0
 20
163.20000000000005
  0
TEXT
  5
1B6
330
17
100
AcDbEntity
  8
06-TEXTO
100
AcDbText
 10
190.0
 20
161.10000000000005
 30
0.0
 40
2.5
  1
40
  7
ISO3098
 72
1
 11
190.0
 21
161.10000000000005
 31
0.0
100
AcDbText
 73
2
  0
LWPOLYLINE
  5
1B7
330
17
100
AcDbEntity
  8
10-ROTULO
100
AcDbPolyline
 90
4
 70
1
 10
125.0
 20
154.80000000000007
 10
159.0
 20
154.80000000000007
 10
159.0
 20
159.00000000000006
 10
125.0
 20
159.00000000000006
  0
TEXT
  5
1B8
330
17
100
AcDbEntity
  8
06-TEXTO
100
AcDbText
 10
126.5
 20
156.90000000000006
 30
0.0
 40
2.5
  1
ABC_10kg
  7
ISO3098
 11
126.5
 21
156.90000000000006
 31
0.0
100
AcDbText
 73
2
  0
LWPOLYLINE
  5
1B9
330
17
100
AcDbEntity
  8
10-ROTULO
100
AcDbPolyline
 90
4
 70
1
 10
159.0
 20
154.80000000000007
 10
177.0
 20
154.80000000000007
 10
177.0
 20
159.00000000000006
 10
159.0
 20
159.00000000000006
  0
TEXT
  5
1BA
330
17
100
AcDbEntity
  8
06-TEXTO
100
AcDbText
 10
168.0
 20
156.90000000000006
 30
0.0
 40
2.5
  1
37
  7
ISO3098
 72
1
 11
168.0
 21
156.90000000000006
 31
0.0
100
AcDbText
 73
2
  0
LWPOLYLINE
  5
1BB
330
17
100
AcDbEntity
  8
10-ROTULO
100
AcDbPolyline
 90
4
 70
1
 10
177.0
 20
154.80000000000007
 10
203.0
 20
154.80000000000007
 10
203.0
 20
159.00000000000006
 10
177.0
 20
159.00000000000006
  0
TEXT
  5
1BC
330
17
100
AcDbEntity
  8
06-TEXTO
100
AcDbText
 10
190.0
 20
156.90000000000006
 30
0.0
 40
2.5
  1
40
  7
ISO3098
 72
1
 11
190.0
 21
156.90000000000006
 31
0.0
100
AcDbText
 73
2
  0
LWPOLYLINE
  5
1BD
330
17
100
AcDbEntity
  8
10-ROTULO
100
AcDbPolyline
 90
4
 70
1
 10
125.0
 20
150.60000000000008
 10
159.0
 20
150.60000000000008
 10
159.0
 20
154.80000000000007
 10
125.0
 20
154.80000000000007
  0
TEXT
  5
1BE
330
17
100
AcDbEntity
  8
06-TEXTO
100
AcDbText
 10
126.5
 20
152.70000000000007
 30
0.0
 40
2.5
  1
AGUA_10l
  7
ISO3098
 11
126.5
 21
152.70000000000007
 31
0.0
100
AcDbText
 73
2
  0
LWPOLYLINE
  5
1BF
330
17
100
AcDbEntity
  8
10-ROTULO
100
AcDbPolyline
 90
4
 70
1
 10
159.0
 20
150.60000000000008
 10
177.0
 20
150.60000000000008
 10
177.0
 20
154.80000000000007
 10
159.0
 20
154.80000000000007
  0
TEXT
  5
1C0
330
17
100
AcDbEntity
  8
06-TEXTO
100
AcDbText
 10
168.0
 20
152.70000000000007
 30
0.0
 40
2.5
  1
37
  7
ISO3098
 72
1
 11
168.0
 21
152.70000000000007
 31
0.0
100
AcDbText
 73
2
  0
LWPOLYLINE
  5
1C1
330
17
100
AcDbEntity
  8
10-ROTULO
100
AcDbPolyline
 90
4
 70
1
 10
177.0
 20
150.60000000000008
 10
203.0
 20
150.60000000000008
 10
203.0
 20
154.80000000000007
 10
177.0
 20
154.80000000000007
  0
TEXT
  5
1C2
330
17
100
AcDbEntity
  8
06-TEXTO
100
AcDbText
 10
190.0
 20
152.70000000000007
 30
0.0
 40
2.5
  1
40
  7
ISO3098
 72
1
 11
190.0
 21
152.70000000000007
 31
0.0
100
AcDbText
 73
2
  0
LWPOLYLINE
  5
1C3
330
17
100
AcDbEntity
  8
10-ROTULO
100
AcDbPolyline
 90
4
 70
1
 10
125.0
 20
146.4000000000001
 10
159.0
 20
146.4000000000001
 10
159.0
 20
150.60000000000008
 10
125.0
 20
150.60000000000008
  0
TEXT
  5
1C4
330
17
100
AcDbEntity
  8
06-TEXTO
100
AcDbText
 10
126.5
 20
148.50000000000009
 30
0.0
 40
2.5
  1
AFFF_10l
  7
ISO3098
 11
126.5
 21
148.50000000000009
 31
0.0
100
AcDbText
 73
2
  0
LWPOLYLINE
  5
1C5
330
17
100
AcDbEntity
  8
10-ROTULO
100
AcDbPolyline
 90
4
 70
1
 10
159.0
 20
146.4000000000001
 10
177.0
 20
146.4000000000001
 10
177.0
 20
150.60000000000008
 10
159.0
 20
150.60000000000008
  0
TEXT
  5
1C6
330
17
100
AcDbEntity
  8
06-TEXTO
100
AcDbText
 10
168.0
 20
148.50000000000009
 30
0.0
 40
2.5
  1
37
  7
ISO3098
 72
1
 11
168.0
 21
148.50000000000009
 31
0.0
100
AcDbText
 73
2
  0
LWPOLYLINE
  5
1C7
330
17
100
AcDbEntity
  8
10-ROTULO
100
AcDbPolyline
 90
4
 70
1
 10
177.0
 20
146.4000000000001
 10
203.0
 20
146.4000000000001
 10
203.0
 20
150.60000000000008
 10
177.0
 20
150.60000000000008
  0
TEXT
  5
1C8
330
17
100
AcDbEntity
  8
06-TEXTO
100
AcDbText
 10
190.0
 20
148.50000000000009
 30
0.0
 40
2.5
  1
40
  7
ISO3098
 72
1
 11
190.0
 21
148.50000000000009
 31
0.0
100
AcDbText
 73
2
  0
LWPOLYLINE
  5
1C9
330
17
100
AcDbEntity
  8
10-ROTULO
100
AcDbPolyline
 90
4
 70
1
 10
125.0
 20
142.2000000000001
 10
159.0
 20
142.2000000000001
 10
159.0
 20
146.4000000000001
 10
125.0
 20
146.4000000000001
  0
TEXT
  5
1CA
330
17
100
AcDbEntity
  8
06-TEXTO
100
AcDbText
 10
126.5
 20
144.3000000000001
 30
0.0
 40
2.5
  1
AFFF_50l
  7
ISO3098
 11
126.5
 21
144.3000000000001
 31
0.0
100
AcDbText
 73
2
  0
LWPOLYLINE
  5
1CB
330
17
100
AcDbEntity
  8
10-ROTULO
100
AcDbPolyline
 90
4
 70
1
 10
159.0
 20
142.2000000000001
 10
177.0
 20
142.2000000000001
 10
177.0
 20
146.4000000000001
 10
159.0
 20
146.4000000000001
  0
TEXT
  5
1CC
330
17
100
AcDbEntity
  8
06-TEXTO
100
AcDbText
 10
168.0
 20
144.3000000000001
 30
0.0
 40
2.5
  1
88
  7
ISO3098
 72
1
 11
168.0
 21
144.3000000000001
 31
0.0
100
AcDbText
 73
2
  0
LWPOLYLINE
  5
1CD
330
17
100
AcDbEntity
  8
10-ROTULO
100
AcDbPolyline
 90
4
 70
1
 10
177.0
 20
142.2000000000001
 10
203.0
 20
142.2000000000001
 10
203.0
 20
146.4000000000001
 10
177.0
 20
146.4000000000001
  0
TEXT
  5
1CE
330
17
100
AcDbEntity
  8
06-TEXTO
100
AcDbText
 10
190.0
 20
144.3000000000001
 30
0.0
 40
2.5
  1
grabar caño
  7
ISO3098
 72
1
 11
190.0
 21
144.3000000000001
 31
0.0
100
AcDbText
 73
2
  0
LWPOLYLINE
  5
1CF
330
17
100
AcDbEntity
  8
10-ROTULO
100
AcDbPolyline
 90
4
 70
1
 10
125.0
 20
138.0000000000001
 10
159.0
 20
138.0000000000001
 10
159.0
 20
142.2000000000001
 10
125.0
 20
142.2000000000001
  0
TEXT
  5
1D0
330
17
100
AcDbEntity
  8
06-TEXTO
100
AcDbText
 10
126.5
 20
140.1000000000001
 30
0.0
 40
2.5
  1
BC_5kg
  7
ISO3098
 11
126.5
 21
140.1000000000001
 31
0.0
100
AcDbText
 73
2
  0
LWPOLYLINE
  5
1D1
330
17
100
AcDbEntity
  8
10-ROTULO
100
AcDbPolyline
 90
4
 70
1
 10
159.0
 20
138.0000000000001
 10
177.0
 20
138.0000000000001
 10
177.0
 20
142.2000000000001
 10
159.0
 20
142.2000000000001
  0
TEXT
  5
1D2
330
17
100
AcDbEntity
  8
06-TEXTO
100
AcDbText
 10
168.0
 20
140.1000000000001
 30
0.0
 40
2.5
  1
37
  7
ISO3098
 72
1
 11
168.0
 21
140.1000000000001
 31
0.0
100
AcDbText
 73
2
  0
LWPOLYLINE
  5
1D3
330
17
100
AcDbEntity
  8
10-ROTULO
100
AcDbPolyline
 90
4
 70
1
 10
177.0
 20
138.0000000000001
 10
203.0
 20
138.0000000000001
 10
203.0
 20
142.2000000000001
 10
177.0
 20
142.2000000000001
  0
TEXT
  5
1D4
330
17
100
AcDbEntity
  8
06-TEXTO
100
AcDbText
 10
190.0
 20
140.1000000000001
 30
0.0
 40
2.5
  1
40
  7
ISO3098
 72
1
 11
190.0
 21
140.1000000000001
 31
0.0
100
AcDbText
 73
2
  0
LWPOLYLINE
  5
1D5
330
17
100
AcDbEntity
  8
10-ROTULO
100
AcDbPolyline
 90
4
 70
1
 10
125.0
 20
133.80000000000013
 10
159.0
 20
133.80000000000013
 10
159.0
 20
138.0000000000001
 10
125.0
 20
138.0000000000001
  0
TEXT
  5
1D6
330
17
100
AcDbEntity
  8
06-TEXTO
100
AcDbText
 10
126.5
 20
135.90000000000012
 30
0.0
 40
2.5
  1
SALESK_6l
  7
ISO3098
 11
126.5
 21
135.90000000000012
 31
0.0
100
AcDbText
 73
2
  0
LWPOLYLINE
  5
1D7
330
17
100
AcDbEntity
  8
10-ROTULO
100
AcDbPolyline
 90
4
 70
1
 10
159.0
 20
133.80000000000013
 10
177.0
 20
133.80000000000013
 10
177.0
 20
138.0000000000001
 10
159.0
 20
138.0000000000001
  0
TEXT
  5
1D8
330
17
100
AcDbEntity
  8
06-TEXTO
100
AcDbText
 10
168.0
 20
135.90000000000012
 30
0.0
 40
2.5
  1
37
  7
ISO3098
 72
1
 11
168.0
 21
135.90000000000012
 31
0.0
100
AcDbText
 73
2
  0
LWPOLYLINE
  5
1D9
330
17
100
AcDbEntity
  8
10-ROTULO
100
AcDbPolyline
 90
4
 70
1
 10
177.0
 20
133.80000000000013
 10
203.0
 20
133.80000000000013
 10
203.0
 20
138.0000000000001
 10
177.0
 20
138.0000000000001
  0
TEXT
  5
1DA
330
17
100
AcDbEntity
  8
06-TEXTO
100
AcDbText
 10
190.0
 20
135.90000000000012
 30
0.0
 40
2.5
  1
40
  7
ISO3098
 72
1
 11
190.0
 21
135.90000000000012
 31
0.0
100
AcDbText
 73
2
  0
LWPOLYLINE
  5
1DB
330
17
100
AcDbEntity
  8
10-ROTULO
100
AcDbPolyline
 90
4
 70
1
 10
125.0
 20
129.60000000000014
 10
159.0
 20
129.60000000000014
 10
159.0
 20
133.80000000000013
 10
125.0
 20
133.80000000000013
  0
TEXT
  5
1DC
330
17
100
AcDbEntity
  8
06-TEXTO
100
AcDbText
 10
126.5
 20
131.70000000000013
 30
0.0
 40
2.5
  1
CO2_2kg
  7
ISO3098
 11
126.5
 21
131.70000000000013
 31
0.0
100
AcDbText
 73
2
  0
LWPOLYLINE
  5
1DD
330
17
100
AcDbEntity
  8
10-ROTULO
100
AcDbPolyline
 90
4
 70
1
 10
159.0
 20
129.60000000000014
 10
177.0
 20
129.60000000000014
 10
177.0
 20
133.80000000000013
 10
159.0
 20
133.80000000000013
  0
TEXT
  5
1DE
330
17
100
AcDbEntity
  8
06-TEXTO
100
AcDbText
 10
168.0
 20
131.70000000000013
 30
0.0
 40
2.5
  1
32
  7
ISO3098
 72
1
 11
168.0
 21
131.70000000000013
 31
0.0
100
AcDbText
 73
2
  0
LWPOLYLINE
  5
1DF
330
17
100
AcDbEntity
  8
10-ROTULO
100
AcDbPolyline
 90
4
 70
1
 10
177.0
 20
129.60000000000014
 10
203.0
 20
129.60000000000014
 10
203.0
 20
133.80000000000013
 10
177.0
 20
133.80000000000013
  0
TEXT
  5
1E0
330
17
100
AcDbEntity
  8
06-TEXTO
100
AcDbText
 10
190.0
 20
131.70000000000013
 30
0.0
 40
2.5
  1
33
  7
ISO3098
 72
1
 11
190.0
 21
131.70000000000013
 31
0.0
100
AcDbText
 73
2
  0
LWPOLYLINE
  5
1E1
330
17
100
AcDbEntity
  8
10-ROTULO
100
AcDbPolyline
 90
4
 70
1
 10
125.0
 20
125.40000000000013
 10
159.0
 20
125.40000000000013
 10
159.0
 20
129.60000000000014
 10
125.0
 20
129.60000000000014
  0
TEXT
  5
1E2
330
17
100
AcDbEntity
  8
06-TEXTO
100
AcDbText
 10
126.5
 20
127.50000000000014
 30
0.0
 40
2.5
  1
CO2_5kg
  7
ISO3098
 11
126.5
 21
127.50000000000014
 31
0.0
100
AcDbText
 73
2
  0
LWPOLYLINE
  5
1E3
330
17
100
AcDbEntity
  8
10-ROTULO
100
AcDbPolyline
 90
4
 70
1
 10
159.0
 20
125.40000000000013
 10
177.0
 20
125.40000000000013
 10
177.0
 20
129.60000000000014
 10
159.0
 20
129.60000000000014
  0
TEXT
  5
1E4
330
17
100
AcDbEntity
  8
06-TEXTO
100
AcDbText
 10
168.0
 20
127.50000000000014
 30
0.0
 40
2.5
  1
32
  7
ISO3098
 72
1
 11
168.0
 21
127.50000000000014
 31
0.0
100
AcDbText
 73
2
  0
LWPOLYLINE
  5
1E5
330
17
100
AcDbEntity
  8
10-ROTULO
100
AcDbPolyline
 90
4
 70
1
 10
177.0
 20
125.40000000000013
 10
203.0
 20
125.40000000000013
 10
203.0
 20
129.60000000000014
 10
177.0
 20
129.60000000000014
  0
TEXT
  5
1E6
330
17
100
AcDbEntity
  8
06-TEXTO
100
AcDbText
 10
190.0
 20
127.50000000000014
 30
0.0
 40
2.5
  1
33
  7
ISO3098
 72
1
 11
190.0
 21
127.50000000000014
 31
0.0
100
AcDbText
 73
2
  0
LWPOLYLINE
  5
1E7
330
17
100
AcDbEntity
  8
10-ROTULO
100
AcDbPolyline
 90
4
 70
1
 10
125.0
 20
121.20000000000013
 10
159.0
 20
121.20000000000013
 10
159.0
 20
125.40000000000013
 10
125.0
 20
125.40000000000013
  0
TEXT
  5
1E8
330
17
100
AcDbEntity
  8
06-TEXTO
100
AcDbText
 10
126.5
 20
123.30000000000014
 30
0.0
 40
2.5
  1
HCFC-HFC_5kg
  7
ISO3098
 11
126.5
 21
123.30000000000014
 31
0.0
100
AcDbText
 73
2
  0
LWPOLYLINE
  5
1E9
330
17
100
AcDbEntity
  8
10-ROTULO
100
AcDbPolyline
 90
4
 70
1
 10
159.0
 20
121.20000000000013
 10
177.0
 20
121.20000000000013
 10
177.0
 20
125.40000000000013
 10
159.0
 20
125.40000000000013
  0
TEXT
  5
1EA
330
17
100
AcDbEntity
  8
06-TEXTO
100
AcDbText
 10
168.0
 20
123.30000000000014
 30
0.0
 40
2.5
  1
37
  7
ISO3098
 72
1
 11
168.0
 21
123.30000000000014
 31
0.0
100
AcDbText
 73
2
  0
LWPOLYLINE
  5
1EB
330
17
100
AcDbEntity
  8
10-ROTULO
100
AcDbPolyline
 90
4
 70
1
 10
177.0
 20
121.20000000000013
 10
203.0
 20
121.20000000000013
 10
203.0
 20
125.40000000000013
 10
177.0
 20
125.40000000000013
  0
TEXT
  5
1EC
330
17
100
AcDbEntity
  8
06-TEXTO
100
AcDbText
 10
190.0
 20
123.30000000000014
 30
0.0
 40
2.5
  1
40
  7
ISO3098
 72
1
 11
190.0
 21
123.30000000000014
 31
0.0
100
AcDbText
 73
2
  0
LWPOLYLINE
  5
1ED
330
17
100
AcDbEntity
  8
10-ROTULO
100
AcDbPolyline
 90
4
 70
1
 10
125.0
 20
117.00000000000013
 10
159.0
 20
117.00000000000013
 10
159.0
 20
121.20000000000013
 10
125.0
 20
121.20000000000013
  0
TEXT
  5
1EE
330
17
100
AcDbEntity
  8
06-TEXTO
100
AcDbText
 10
126.5
 20
119.10000000000014
 30
0.0
 40
2.5
  1
CLASED_9l
  7
ISO3098
 11
126.5
 21
119.10000000000014
 31
0.0
100
AcDbText
 73
2
  0
LWPOLYLINE
  5
1EF
330
17
100
AcDbEntity
  8
10-ROTULO
100
AcDbPolyline
 90
4
 70
1
 10
159.0
 20
117.00000000000013
 10
177.0
 20
117.00000000000013
 10
177.0
 20
121.20000000000013
 10
159.0
 20
121.20000000000013
  0
TEXT
  5
1F0
330
17
100
AcDbEntity
  8
06-TEXTO
100
AcDbText
 10
168.0
 20
119.10000000000014
 30
0.0
 40
2.5
  1
37
  7
ISO3098
 72
1
 11
168.0
 21
119.10000000000014
 31
0.0
100
AcDbText
 73
2
  0
LWPOLYLINE
  5
1F1
330
17
100
AcDbEntity
  8
10-ROTULO
100
AcDbPolyline
 90
4
 70
1
 10
177.0
 20
117.00000000000013
 10
203.0
 20
117.00000000000013
 10
203.0
 20
121.20000000000013
 10
177.0
 20
121.20000000000013
  0
TEXT
  5
1F2
330
17
100
AcDbEntity
  8
06-TEXTO
100
AcDbText
 10
190.0
 20
119.10000000000014
 30
0.0
 40
2.5
  1
40
  7
ISO3098
 72
1
 11
190.0
 21
119.10000000000014
 31
0.0
100
AcDbText
 73
2
  0
LWPOLYLINE
  5
1F3
330
17
100
AcDbEntity
  8
10-ROTULO
100
AcDbPolyline
 90
4
 70
1
 10
125.0
 20
112.80000000000013
 10
159.0
 20
112.80000000000013
 10
159.0
 20
117.00000000000013
 10
125.0
 20
117.00000000000013
  0
TEXT
  5
1F4
330
17
100
AcDbEntity
  8
06-TEXTO
100
AcDbText
 10
126.5
 20
114.90000000000013
 30
0.0
 40
2.5
  1
ABC_25kg
  7
ISO3098
 11
126.5
 21
114.90000000000013
 31
0.0
100
AcDbText
 73
2
  0
LWPOLYLINE
  5
1F5
330
17
100
AcDbEntity
  8
10-ROTULO
100
AcDbPolyline
 90
4
 70
1
 10
159.0
 20
112.80000000000013
 10
177.0
 20
112.80000000000013
 10
177.0
 20
117.00000000000013
 10
159.0
 20
117.00000000000013
  0
TEXT
  5
1F6
330
17
100
AcDbEntity
  8
06-TEXTO
100
AcDbText
 10
168.0
 20
114.90000000000013
 30
0.0
 40
2.5
  1
37
  7
ISO3098
 72
1
 11
168.0
 21
114.90000000000013
 31
0.0
100
AcDbText
 73
2
  0
LWPOLYLINE
  5
1F7
330
17
100
AcDbEntity
  8
10-ROTULO
100
AcDbPolyline
 90
4
 70
1
 10
177.0
 20
112.80000000000013
 10
203.0
 20
112.80000000000013
 10
203.0
 20
117.00000000000013
 10
177.0
 20
117.00000000000013
  0
TEXT
  5
1F8
330
17
100
AcDbEntity
  8
06-TEXTO
100
AcDbText
 10
190.0
 20
114.90000000000013
 30
0.0
 40
2.5
  1
40
  7
ISO3098
 72
1
 11
190.0
 21
114.90000000000013
 31
0.0
100
AcDbText
 73
2
  0
LWPOLYLINE
  5
1F9
330
17
100
AcDbEntity
  8
10-ROTULO
100
AcDbPolyline
 90
4
 70
1
 10
125.0
 20
108.60000000000012
 10
159.0
 20
108.60000000000012
 10
159.0
 20
112.80000000000013
 10
125.0
 20
112.80000000000013
  0
TEXT
  5
1FA
330
17
100
AcDbEntity
  8
06-TEXTO
100
AcDbText
 10
126.5
 20
110.70000000000013
 30
0.0
 40
2.5
  1
ABC_50kg
  7
ISO3098
 11
126.5
 21
110.70000000000013
 31
0.0
100
AcDbText
 73
2
  0
LWPOLYLINE
  5
1FB
330
17
100
AcDbEntity
  8
10-ROTULO
100
AcDbPolyline
 90
4
 70
1
 10
159.0
 20
108.60000000000012
 10
177.0
 20
108.60000000000012
 10
177.0
 20
112.80000000000013
 10
159.0
 20
112.80000000000013
  0
TEXT
  5
1FC
330
17
100
AcDbEntity
  8
06-TEXTO
100
AcDbText
 10
168.0
 20
110.70000000000013
 30
0.0
 40
2.5
  1
88
  7
ISO3098
 72
1
 11
168.0
 21
110.70000000000013
 31
0.0
100
AcDbText
 73
2
  0
LWPOLYLINE
  5
1FD
330
17
100
AcDbEntity
  8
10-ROTULO
100
AcDbPolyline
 90
4
 70
1
 10
177.0
 20
108.60000000000012
 10
203.0
 20
108.60000000000012
 10
203.0
 20
112.80000000000013
 10
177.0
 20
112.80000000000013
  0
TEXT
  5
1FE
330
17
100
AcDbEntity
  8
06-TEXTO
100
AcDbText
 10
190.0
 20
110.70000000000013
 30
0.0
 40
2.5
  1
grabar caño
  7
ISO3098
 72
1
 11
190.0
 21
110.70000000000013
 31
0.0
100
AcDbText
 73
2
  0
LWPOLYLINE
  5
1FF
330
17
100
AcDbEntity
  8
10-ROTULO
100
AcDbPolyline
 90
4
 70
1
 10
125.0
 20
104.40000000000012
 10
159.0
 20
104.40000000000012
 10
159.0
 20
108.60000000000012
 10
125.0
 20
108.60000000000012
  0
TEXT
  5
200
330
17
100
AcDbEntity
  8
06-TEXTO
100
AcDbText
 10
126.5
 20
106.50000000000013
 30
0.0
 40
2.5
  1
ABC_70kg
  7
ISO3098
 11
126.5
 21
106.50000000000013
 31
0.0
100
AcDbText
 73
2
  0
LWPOLYLINE
  5
201
330
17
100
AcDbEntity
  8
10-ROTULO
100
AcDbPolyline
 90
4
 70
1
 10
159.0
 20
104.40000000000012
 10
177.0
 20
104.40000000000012
 10
177.0
 20
108.60000000000012
 10
159.0
 20
108.60000000000012
  0
TEXT
  5
202
330
17
100
AcDbEntity
  8
06-TEXTO
100
AcDbText
 10
168.0
 20
106.50000000000013
 30
0.0
 40
2.5
  1
88
  7
ISO3098
 72
1
 11
168.0
 21
106.50000000000013
 31
0.0
100
AcDbText
 73
2
  0
LWPOLYLINE
  5
203
330
17
100
AcDbEntity
  8
10-ROTULO
100
AcDbPolyline
 90
4
 70
1
 10
177.0
 20
104.40000000000012
 10
203.0
 20
104.40000000000012
 10
203.0
 20
108.60000000000012
 10
177.0
 20
108.60000000000012
  0
TEXT
  5
204
330
17
100
AcDbEntity
  8
06-TEXTO
100
AcDbText
 10
190.0
 20
106.50000000000013
 30
0.0
 40
2.5
  1
grabar caño
  7
ISO3098
 72
1
 11
190.0
 21
106.50000000000013
 31
0.0
100
AcDbText
 73
2
  0
LWPOLYLINE
  5
205
330
17
100
AcDbEntity
  8
10-ROTULO
100
AcDbPolyline
 90
4
 70
1
 10
125.0
 20
100.20000000000012
 10
159.0
 20
100.20000000000012
 10
159.0
 20
104.40000000000012
 10
125.0
 20
104.40000000000012
  0
TEXT
  5
206
330
17
100
AcDbEntity
  8
06-TEXTO
100
AcDbText
 10
126.5
 20
102.30000000000013
 30
0.0
 40
2.5
  1
ABC_100kg
  7
ISO3098
 11
126.5
 21
102.30000000000013
 31
0.0
100
AcDbText
 73
2
  0
LWPOLYLINE
  5
207
330
17
100
AcDbEntity
  8
10-ROTULO
100
AcDbPolyline
 90
4
 70
1
 10
159.0
 20
100.20000000000012
 10
177.0
 20
100.20000000000012
 10
177.0
 20
104.40000000000012
 10
159.0
 20
104.40000000000012
  0
TEXT
  5
208
330
17
100
AcDbEntity
  8
06-TEXTO
100
AcDbText
 10
168.0
 20
102.30000000000013
 30
0.0
 40
2.5
  1
88
  7
ISO3098
 72
1
 11
168.0
 21
102.30000000000013
 31
0.0
100
AcDbText
 73
2
  0
LWPOLYLINE
  5
209
330
17
100
AcDbEntity
  8
10-ROTULO
100
AcDbPolyline
 90
4
 70
1
 10
177.0
 20
100.20000000000012
 10
203.0
 20
100.20000000000012
 10
203.0
 20
104.40000000000012
 10
177.0
 20
104.40000000000012
  0
TEXT
  5
20A
330
17
100
AcDbEntity
  8
06-TEXTO
100
AcDbText
 10
190.0
 20
102.30000000000013
 30
0.0
 40
2.5
  1
grabar caño
  7
ISO3098
 72
1
 11
190.0
 21
102.30000000000013
 31
0.0
100
AcDbText
 73
2
  0
CIRCLE
  5
20B
330
17
100
AcDbEntity
  8
01-VISIBLE
100
AcDbCircle
 10
315.0
 20
237.0
 30
0.0
 40
16.0
  0
CIRCLE
  5
20C
330
17
100
AcDbEntity
  8
01-VISIBLE
100
AcDbCircle
 10
315.0
 20
237.0
 30
0.0
 40
13.0
  0
LINE
  5
20D
330
17
100
AcDbEntity
  8
01-VISIBLE
100
AcDbLine
 10
331.0
 20
237.0
 30
0.0
 11
385.0
 21
237.0
 31
0.0
  0
LINE
  5
20E
330
17
100
AcDbEntity
  8
01-VISIBLE
100
AcDbLine
 10
331.0
 20
234.0
 30
0.0
 11
385.0
 21
234.0
 31
0.0
  0
DIMENSION
  5
20F
330
17
100
AcDbEntity
  8
04-COTA
100
AcDbDimension
280
0
  2
*D8
  3
FLAMA-IRAM
 10
299.0
 20
264.0
 30
0.0
 11
315.0
 21
268.75
 31
0.0
 70
32
 71
5
  1
%%c ≥ 30 (paso)
100
AcDbAlignedDimension
 13
299.0
 23
257.0
 33
0.0
 14
331.0
 24
257.0
 34
0.0
 50
0.0
100
AcDbRotatedDimension
1001
ACAD
1000
DSTYLE
1002
{
1070
144
1040
0.5
1002
}
  0
DIMENSION
  5
21E
330
17
100
AcDbEntity
  8
04-COTA
100
AcDbDimension
280
0
  2
*D9
  3
FLAMA-IRAM
 10
383.0
 20
234.0
 30
0.0
 11
378.25
 21
235.5
 31
0.0
 70
32
 71
5
  1
%%c 2,5 a 3,5
100
AcDbAlignedDimension
 13
375.0
 23
234.0
 33
0.0
 14
375.0
 24
237.0
 34
0.0
 50
90.0
100
AcDbRotatedDimension
1001
ACAD
1000
DSTYLE
1002
{
1070
144
1040
0.5
1002
}
  0
TEXT
  5
22D
330
17
100
AcDbEntity
  8
06-TEXTO
100
AcDbText
 10
285.0
 20
207.0
 30
0.0
 40
3.5
  1
TRABA (pasador de alambre) - 9.4.13
  7
ISO3098
 11
285.0
 21
207.0
 31
0.0
100
AcDbText
 73
1
  0
TEXT
  5
22E
330
17
100
AcDbEntity
  8
06-TEXTO
100
AcDbText
 10
232.0
 20
120.0
 30
0.0
 40
3.5
  1
NOTAS (IRAM 3517-2:2020)
  7
ISO3098
 11
232.0
 21
120.0
 31
0.0
100
AcDbText
 73
1
  0
TEXT
  5
22F
330
17
100
AcDbEntity
  8
06-TEXTO
100
AcDbText
 10
232.0
 20
115.6
 30
0.0
 40
2.5
  1
1) Marbete entre válvula y cuello en cada intervención (retiro de válvula), manuales y rodantes;
  7
ISO3098
 11
232.0
 21
115.6
 31
0.0
100
AcDbText
 73
1
  0
TEXT
  5
230
330
17
100
AcDbEntity
  8
06-TEXTO
100
AcDbText
 10
232.0
 20
111.2
 30
0.0
 40
2.5
  1
    no se puede colocar ni quitar sin retirar la válvula o romperlo (9.6.1, 9.6.2).
  7
ISO3098
 11
232.0
 21
111.2
 31
0.0
100
AcDbText
 73
1
  0
TEXT
  5
231
330
17
100
AcDbEntity
  8
06-TEXTO
100
AcDbText
 10
232.0
 20
106.8
 30
0.0
 40
2.5
  1
2) Material coloreado en su masa: baquelita, urea o melamina formaldehído o termoplástico (9.6.3).
  7
ISO3098
 11
232.0
 21
106.8
 31
0.0
100
AcDbText
 73
1
  0
TEXT
  5
232
330
17
100
AcDbEntity
  8
06-TEXTO
100
AcDbText
 10
232.0
 20
102.4
 30
0.0
 40
2.5
  1
3) Grabado visible e indeleble: fabricante del marbete y n° de serie o lote (9.6.4).
  7
ISO3098
 11
232.0
 21
102.4
 31
0.0
100
AcDbText
 73
1
  0
TEXT
  5
233
330
17
100
AcDbEntity
  8
06-TEXTO
100
AcDbText
 10
232.0
 20
98.0
 30
0.0
 40
2.5
  1
4) Rotura total antes de 20 mm de separación de extremos a 20 °C ± 5 °C (9.6.5).
  7
ISO3098
 11
232.0
 21
98.0
 31
0.0
100
AcDbText
 73
1
  0
TEXT
  5
234
330
17
100
AcDbEntity
  8
06-TEXTO
100
AcDbText
 10
232.0
 20
93.6
 30
0.0
 40
2.5
  1
5) Se usa el menor D que admita el cuello; si no hay medida posible (rodantes), grabar en el caño
  7
ISO3098
 11
232.0
 21
93.6
 31
0.0
100
AcDbText
 73
1
  0
TEXT
  5
235
330
17
100
AcDbEntity
  8
06-TEXTO
100
AcDbText
 10
232.0
 20
89.19999999999999
 30
0.0
 40
2.5
  1
    de pesca la fecha del servicio y de la PH (figura 9).
  7
ISO3098
 11
232.0
 21
89.19999999999999
 31
0.0
100
AcDbText
 73
1
  0
TEXT
  5
236
330
17
100
AcDbEntity
  8
06-TEXTO
100
AcDbText
 10
232.0
 20
84.8
 30
0.0
 40
2.5
  1
6) Precinto con identificación del fabricante, del PRS y n° de lote; rompe entre 30 N y 90 N en
  7
ISO3098
 11
232.0
 21
84.8
 31
0.0
100
AcDbText
 73
1
  0
TEXT
  5
237
330
17
100
AcDbEntity
  8
06-TEXTO
100
AcDbText
 10
232.0
 20
80.4
 30
0.0
 40
2.5
  1
    la dirección de extracción; no más de un enlazado (9.4.13).
  7
ISO3098
 11
232.0
 21
80.4
 31
0.0
100
AcDbText
 73
1
  0
VIEWPORT
  5
23C
330
238
100
AcDbEntity
 67
1
  8
VIEWPORTS
100
AcDbViewport
 10
322560.0
 20
228096.0
 30
0.0
 40
709632.0
 41
501811.2
 68
1
 69
1
 12
322560.0
 22
228096.0
 13
0.0
 23
0.0
 14
10.0
 24
10.0
 15
10.0
 25
10.0
 16
0.0
 26
0.0
 36
1.0
 17
0.0
 27
0.0
 37
0.0
 42
50.0
 43
0.0
 44
0.0
 45
501811.2
 50
0.0
 51
0.0
 72
100
 90
557088
  1

281
0
 71
0
 74
0
110
0.0
120
0.0
130
0.0
111
1.0
121
0.0
131
0.0
112
0.0
122
1.0
132
0.0
 79
0
146
0.0
282
0
  0
VIEWPORT
  5
23D
330
238
100
AcDbEntity
 67
1
  8
VIEWPORTS
100
AcDbViewport
 10
210.0
 20
148.5
 30
0.0
 40
420.0
 41
297.0
 68
2
 69
3
 12
210.0
 22
148.5
 13
0.0
 23
0.0
 14
10.0
 24
10.0
 15
10.0
 25
10.0
 16
0.0
 26
0.0
 36
1.0
 17
0.0
 27
0.0
 37
0.0
 42
50.0
 43
0.0
 44
0.0
 45
297.0
 50
0.0
 51
0.0
 72
100
 90
0
  1

281
0
 71
0
 74
0
110
0.0
120
0.0
130
0.0
111
1.0
121
0.0
131
0.0
112
0.0
122
1.0
132
0.0
 79
0
146
0.0
282
0
  0
ENDSEC
  0
SECTION
  2
OBJECTS
  0
DICTIONARY
  5
A
330
0
100
AcDbDictionary
281
1
  3
ACAD_COLOR
350
B
  3
ACAD_GROUP
350
C
  3
ACAD_LAYOUT
350
D
  3
ACAD_MATERIAL
350
E
  3
ACAD_MLEADERSTYLE
350
F
  3
ACAD_MLINESTYLE
350
10
  3
ACAD_PLOTSETTINGS
350
11
  3
ACAD_PLOTSTYLENAME
350
12
  3
ACAD_SCALELIST
350
14
  3
ACAD_TABLESTYLE
350
15
  3
ACAD_VISUALSTYLE
350
16
  3
EZDXF_META
350
2D
  0
DICTIONARY
  5
B
330
A
100
AcDbDictionary
281
1
  0
DICTIONARY
  5
C
330
A
100
AcDbDictionary
281
1
  0
DICTIONARY
  5
D
330
A
100
AcDbDictionary
281
1
  3
Model
350
1A
  3
Lamina
350
23B
  0
DICTIONARY
  5
E
330
A
100
AcDbDictionary
281
1
  3
ByBlock
350
1F
  3
ByLayer
350
20
  3
Global
350
21
  0
DICTIONARY
  5
F
330
A
100
AcDbDictionary
281
1
  3
Standard
350
2C
  0
DICTIONARY
  5
10
330
A
100
AcDbDictionary
281
1
  3
Standard
350
22
  0
DICTIONARY
  5
11
330
A
100
AcDbDictionary
281
1
  0
ACDBDICTIONARYWDFLT
  5
12
330
A
100
AcDbDictionary
281
1
  3
Normal
350
13
100
AcDbDictionaryWithDefault
340
13
  0
ACDBPLACEHOLDER
  5
13
330
12
  0
DICTIONARY
  5
14
330
A
100
AcDbDictionary
281
1
  0
DICTIONARY
  5
15
330
A
100
AcDbDictionary
281
1
  0
DICTIONARY
  5
16
330
A
100
AcDbDictionary
281
1
  0
LAYOUT
  5
1A
330
D
100
AcDbPlotSettings
  1

  4
A3
  6

 40
7.5
 41
20.0
 42
7.5
 43
20.0
 44
420.0
 45
297.0
 46
0.0
 47
0.0
 48
0.0
 49
0.0
140
0.0
141
0.0
142
1.0
143
1.0
 70
1024
 72
1
 73
0
 74
5
  7

 75
16
 76
0
 77
2
 78
300
147
1.0
148
0.0
149
0.0
100
AcDbLayout
  1
Model
 70
1
 71
0
 10
0.0
 20
0.0
 11
420.0
 21
297.0
 12
0.0
 22
0.0
 32
0.0
 14
1e+20
 24
1e+20
 34
1e+20
 15
-1e+20
 25
-1e+20
 35
-1e+20
146
0.0
 13
0.0
 23
0.0
 33
0.0
 16
1.0
 26
0.0
 36
0.0
 17
0.0
 27
1.0
 37
0.0
 76
1
330
17
  0
MATERIAL
  5
1F
102
{ACAD_REACTORS
330
E
102
}
330
E
100
AcDbMaterial
  1
ByBlock
  2

 70
0
 40
1.0
 71
1
 41
1.0
 91
-1023410177
 42
1.0
 72
1
  3

 73
1
 74
1
 75
1
 44
0.5
 73
0
 45
1.0
 46
1.0
 77
1
  4

 78
1
 79
1
170
1
 48
1.0
171
1
  6

172
1
173
1
174
1
140
1.0
141
1.0
175
1
  7

176
1
177
1
178
1
143
1.0
179
1
  8

270
1
271
1
272
1
145
1.0
146
1.0
273
1
  9

274
1
275
1
276
1
 42
1.0
 72
1
  3

 73
1
 74
1
 75
1
 94
63
  0
MATERIAL
  5
20
102
{ACAD_REACTORS
330
E
102
}
330
E
100
AcDbMaterial
  1
ByLayer
  2

 70
0
 40
1.0
 71
1
 41
1.0
 91
-1023410177
 42
1.0
 72
1
  3

 73
1
 74
1
 75
1
 44
0.5
 73
0
 45
1.0
 46
1.0
 77
1
  4

 78
1
 79
1
170
1
 48
1.0
171
1
  6

172
1
173
1
174
1
140
1.0
141
1.0
175
1
  7

176
1
177
1
178
1
143
1.0
179
1
  8

270
1
271
1
272
1
145
1.0
146
1.0
273
1
  9

274
1
275
1
276
1
 42
1.0
 72
1
  3

 73
1
 74
1
 75
1
 94
63
  0
MATERIAL
  5
21
102
{ACAD_REACTORS
330
E
102
}
330
E
100
AcDbMaterial
  1
Global
  2

 70
0
 40
1.0
 71
1
 41
1.0
 91
-1023410177
 42
1.0
 72
1
  3

 73
1
 74
1
 75
1
 44
0.5
 73
0
 45
1.0
 46
1.0
 77
1
  4

 78
1
 79
1
170
1
 48
1.0
171
1
  6

172
1
173
1
174
1
140
1.0
141
1.0
175
1
  7

176
1
177
1
178
1
143
1.0
179
1
  8

270
1
271
1
272
1
145
1.0
146
1.0
273
1
  9

274
1
275
1
276
1
 42
1.0
 72
1
  3

 73
1
 74
1
 75
1
 94
63
  0
MLINESTYLE
  5
22
102
{ACAD_REACTORS
330
10
102
}
330
10
100
AcDbMlineStyle
  2
Standard
 70
0
  3

 62
256
 51
90.0
 52
90.0
 71
2
 49
0.5
 62
256
  6
BYLAYER
 49
-0.5
 62
256
  6
BYLAYER
  0
MLEADERSTYLE
  5
2C
102
{ACAD_REACTORS
330
F
102
}
330
F
100
AcDbMLeaderStyle
179
2
170
2
171
1
172
0
 90
2
 40
0.0
 41
0.0
173
1
 91
-1056964608
 92
-2
290
1
 42
2.0
291
1
 43
8.0
  3
Standard
 44
4.0
300

342
29
174
1
175
1
176
0
178
1
 93
-1056964608
 45
4.0
292
0
297
0
 46
4.0
 94
-1056964608
 47
1.0
 49
1.0
140
1.0
294
1
141
0.0
177
0
142
1.0
295
0
296
0
143
3.75
271
0
272
9
273
9
  0
DICTIONARY
  5
2D
330
A
100
AcDbDictionary
280
1
281
1
  3
CREATED_BY_EZDXF
350
2E
  3
WRITTEN_BY_EZDXF
350
240
  0
DICTIONARYVAR
  5
2E
330
2D
100
DictionaryVariables
280
0
  1
1.4.4 @ 2026-10-05T23:58:57.013301+00:00
  0
LAYOUT
  5
23B
330
D
100
AcDbPlotSettings
  1

  2
DWG To PDF.pc3
  4
ISO_full_bleed_A3_(420.00_x_297.00_MM)_(420.00_x_297.00_MM)
  6

 40
0.0
 41
0.0
 42
0.0
 43
0.0
 44
420.0
 45
297.0
 46
0.0
 47
0.0
 48
0.0
 49
0.0
140
0.0
141
0.0
142
0.0078125
143
12.0
 70
672
 72
1
 73
0
 74
5
  7

 75
1
 76
0
 77
2
 78
300
147
1.0
148
0.0
149
0.0
100
AcDbLayout
  1
Lamina
 70
1
 71
3
 10
-0.0
 20
-0.0
 11
420.0
 21
297.0
 12
0.0
 22
0.0
 32
0.0
 14
1e+20
 24
1e+20
 34
1e+20
 15
-1e+20
 25
-1e+20
 35
-1e+20
146
0.0
 13
0.0
 23
0.0
 33
0.0
 16
1.0
 26
0.0
 36
0.0
 17
0.0
 27
1.0
 37
0.0
 76
1
330
238
331
23C
  0
DICTIONARYVAR
  5
240
330
2D
100
DictionaryVariables
280
0
  1
1.4.4 @ 2026-10-05T23:58:57.055446+00:00
  0
ENDSEC
  0
EOF
